timestamp,predicted_mean,weather_precip,weather_wind,month,dataset
2013-05-01 00:00:00,62.84602539449955,0.0,18.4,May,2013_Rolling_RealWeather
2013-05-01 00:05:00,63.454127428599485,0.0,18.4,May,2013_Rolling_RealWeather
2013-05-01 00:10:00,63.613009153430156,0.0,18.4,May,2013_Rolling_RealWeather
2013-05-01 00:15:00,63.63199489012898,0.0,18.4,May,2013_Rolling_RealWeather
2013-05-01 00:20:00,63.76795314360448,0.0,18.4,May,2013_Rolling_RealWeather
2013-05-01 00:25:00,63.81493510318269,0.0,18.4,May,2013_Rolling_RealWeather
2013-05-01 00:30:00,63.83046032822642,0.0,18.4,May,2013_Rolling_RealWeather
2013-05-01 00:35:00,63.846830366961576,0.0,18.4,May,2013_Rolling_RealWeather
2013-05-01 00:40:00,63.858135392923884,0.0,18.4,May,2013_Rolling_RealWeather
2013-05-01 00:45:00,63.86276316624422,0.0,18.4,May,2013_Rolling_RealWeather
2013-05-01 00:50:00,63.8642232106697,0.0,18.4,May,2013_Rolling_RealWeather
2013-05-01 00:55:00,63.86577354052785,0.0,18.4,May,2013_Rolling_RealWeather
2013-05-01 01:00:00,64.03419456621617,0.0,16.6,May,2013_Rolling_RealWeather
2013-05-01 01:05:00,64.06131244081486,0.0,16.6,May,2013_Rolling_RealWeather
2013-05-01 01:10:00,64.06801677908663,0.0,16.6,May,2013_Rolling_RealWeather
2013-05-01 01:15:00,64.07021200489243,0.0,16.6,May,2013_Rolling_RealWeather
2013-05-01 01:20:00,64.07494941052387,0.0,16.6,May,2013_Rolling_RealWeather
2013-05-01 01:25:00,64.07619921887041,0.0,16.6,May,2013_Rolling_RealWeather
2013-05-01 01:30:00,64.07655004226594,0.0,16.6,May,2013_Rolling_RealWeather
2013-05-01 01:35:00,64.07712528945125,0.0,16.6,May,2013_Rolling_RealWeather
2013-05-01 01:40:00,64.07737034991135,0.0,16.6,May,2013_Rolling_RealWeather
2013-05-01 01:45:00,64.0774387088818,0.0,16.6,May,2013_Rolling_RealWeather
2013-05-01 01:50:00,64.07745934555213,0.0,16.6,May,2013_Rolling_RealWeather
2013-05-01 01:55:00,64.07748385159813,0.0,16.6,May,2013_Rolling_RealWeather
2013-05-01 02:00:00,64.25880666561514,0.0,11.2,May,2013_Rolling_RealWeather
2013-05-01 02:05:00,64.28179204698128,0.0,11.2,May,2013_Rolling_RealWeather
2013-05-01 02:10:00,64.2887079111239,0.0,11.2,May,2013_Rolling_RealWeather
2013-05-01 02:15:00,64.29164992643707,0.0,11.2,May,2013_Rolling_RealWeather
2013-05-01 02:20:00,64.29355494906643,0.0,11.2,May,2013_Rolling_RealWeather
2013-05-01 02:25:00,64.2937019853425,0.0,11.2,May,2013_Rolling_RealWeather
2013-05-01 02:30:00,64.29368392825596,0.0,11.2,May,2013_Rolling_RealWeather
2013-05-01 02:35:00,64.29373809951556,0.0,11.2,May,2013_Rolling_RealWeather
2013-05-01 02:40:00,64.29370327513439,0.0,11.2,May,2013_Rolling_RealWeather
2013-05-01 02:45:00,64.2936723201289,0.0,11.2,May,2013_Rolling_RealWeather
2013-05-01 02:50:00,64.29365168345858,0.0,11.2,May,2013_Rolling_RealWeather
2013-05-01 02:55:00,64.2936439447072,0.0,11.2,May,2013_Rolling_RealWeather
2013-05-01 03:00:00,64.19459566589951,0.0,5.4,May,2013_Rolling_RealWeather
2013-05-01 03:05:00,64.18377818127362,0.0,5.4,May,2013_Rolling_RealWeather
2013-05-01 03:10:00,64.17921876692374,0.0,5.4,May,2013_Rolling_RealWeather
2013-05-01 03:15:00,64.17834170843493,0.0,5.4,May,2013_Rolling_RealWeather
2013-05-01 03:20:00,64.17809148880724,0.0,5.4,May,2013_Rolling_RealWeather
2013-05-01 03:25:00,64.17825142300227,0.0,5.4,May,2013_Rolling_RealWeather
2013-05-01 03:30:00,64.17835976552146,0.0,5.4,May,2013_Rolling_RealWeather
2013-05-01 03:35:00,64.17845392032983,0.0,5.4,May,2013_Rolling_RealWeather
2013-05-01 03:40:00,64.17850293242185,0.0,5.4,May,2013_Rolling_RealWeather
2013-05-01 03:45:00,64.1785267935719,0.0,5.4,May,2013_Rolling_RealWeather
2013-05-01 03:50:00,64.17853517721923,0.0,5.4,May,2013_Rolling_RealWeather
2013-05-01 03:55:00,64.17853904659492,0.0,5.4,May,2013_Rolling_RealWeather
2013-05-01 04:00:00,64.9797809882096,0.0,13.0,May,2013_Rolling_RealWeather
2013-05-01 04:05:00,65.0995484840234,0.0,13.0,May,2013_Rolling_RealWeather
2013-05-01 04:10:00,65.12667280758156,0.0,13.0,May,2013_Rolling_RealWeather
2013-05-01 04:15:00,65.13039643678329,0.0,13.0,May,2013_Rolling_RealWeather
2013-05-01 04:20:00,65.11696970315322,0.0,13.0,May,2013_Rolling_RealWeather
2013-05-01 04:25:00,65.10996484336984,0.0,13.0,May,2013_Rolling_RealWeather
2013-05-01 04:30:00,65.10663847007186,0.0,13.0,May,2013_Rolling_RealWeather
2013-05-01 04:35:00,65.10513844209763,0.0,13.0,May,2013_Rolling_RealWeather
2013-05-01 04:40:00,65.1046496109693,0.0,13.0,May,2013_Rolling_RealWeather
2013-05-01 04:45:00,65.10453223990683,0.0,13.0,May,2013_Rolling_RealWeather
2013-05-01 04:50:00,65.10452321136357,0.0,13.0,May,2013_Rolling_RealWeather
2013-05-01 04:55:00,65.10453610928252,0.0,13.0,May,2013_Rolling_RealWeather
2013-05-01 05:00:00,65.25811034046404,0.0,9.4,May,2013_Rolling_RealWeather
2013-05-01 05:05:00,65.28074119028297,0.0,9.4,May,2013_Rolling_RealWeather
2013-05-01 05:10:00,65.28659168632005,0.0,9.4,May,2013_Rolling_RealWeather
2013-05-01 05:15:00,65.28643820108451,0.0,9.4,May,2013_Rolling_RealWeather
2013-05-01 05:20:00,65.28280227773165,0.0,9.4,May,2013_Rolling_RealWeather
2013-05-01 05:25:00,65.281196486822,0.0,9.4,May,2013_Rolling_RealWeather
2013-05-01 05:30:00,65.28047291356874,0.0,9.4,May,2013_Rolling_RealWeather
2013-05-01 05:35:00,65.2802097960221,0.0,9.4,May,2013_Rolling_RealWeather
2013-05-01 05:40:00,65.28017626143283,0.0,9.4,May,2013_Rolling_RealWeather
2013-05-01 05:45:00,65.28019560831125,0.0,9.4,May,2013_Rolling_RealWeather
2013-05-01 05:50:00,65.28021495518968,0.0,9.4,May,2013_Rolling_RealWeather
2013-05-01 05:55:00,65.28022656331675,0.0,9.4,May,2013_Rolling_RealWeather
2013-05-01 06:00:00,65.8558839024434,0.0,13.0,May,2013_Rolling_RealWeather
2013-05-01 06:05:00,65.95529590256557,0.0,13.0,May,2013_Rolling_RealWeather
2013-05-01 06:10:00,65.9749329841715,0.0,13.0,May,2013_Rolling_RealWeather
2013-05-01 06:15:00,65.97279708879289,0.0,13.0,May,2013_Rolling_RealWeather
2013-05-01 06:20:00,65.95499796063774,0.0,13.0,May,2013_Rolling_RealWeather
2013-05-01 06:25:00,65.94663494998862,0.0,13.0,May,2013_Rolling_RealWeather
2013-05-01 06:30:00,65.94352397193715,0.0,13.0,May,2013_Rolling_RealWeather
2013-05-01 06:35:00,65.94306222643864,0.0,13.0,May,2013_Rolling_RealWeather
2013-05-01 06:40:00,65.94332534398528,0.0,13.0,May,2013_Rolling_RealWeather
2013-05-01 06:45:00,65.94358846153192,0.0,13.0,May,2013_Rolling_RealWeather
2013-05-01 06:50:00,65.9437303386404,0.0,13.0,May,2013_Rolling_RealWeather
2013-05-01 06:55:00,65.94376645281348,0.0,13.0,May,2013_Rolling_RealWeather
2013-05-01 07:00:00,66.41150045510086,0.0,18.4,May,2013_Rolling_RealWeather
2013-05-01 07:05:00,66.50523350150803,0.0,18.4,May,2013_Rolling_RealWeather
2013-05-01 07:10:00,66.52149390793208,0.0,18.4,May,2013_Rolling_RealWeather
2013-05-01 07:15:00,66.51936446151294,0.0,18.4,May,2013_Rolling_RealWeather
2013-05-01 07:20:00,66.50577005493648,0.0,18.4,May,2013_Rolling_RealWeather
2013-05-01 07:25:00,66.4986258976284,0.0,18.4,May,2013_Rolling_RealWeather
2013-05-01 07:30:00,66.49642293307123,0.0,18.4,May,2013_Rolling_RealWeather
2013-05-01 07:35:00,66.49714134715691,0.0,18.4,May,2013_Rolling_RealWeather
2013-05-01 07:40:00,66.49772562288548,0.0,18.4,May,2013_Rolling_RealWeather
2013-05-01 07:45:00,66.49801324647814,0.0,18.4,May,2013_Rolling_RealWeather
2013-05-01 07:50:00,66.49809450336754,0.0,18.4,May,2013_Rolling_RealWeather
2013-05-01 07:55:00,66.49804420148362,0.0,18.4,May,2013_Rolling_RealWeather
2013-05-01 08:00:00,66.40820374701649,0.0,13.0,May,2013_Rolling_RealWeather
2013-05-01 08:05:00,66.39140549737209,0.0,13.0,May,2013_Rolling_RealWeather
2013-05-01 08:10:00,66.38799270801712,0.0,13.0,May,2013_Rolling_RealWeather
2013-05-01 08:15:00,66.38841704955068,0.0,13.0,May,2013_Rolling_RealWeather
2013-05-01 08:20:00,66.39092440499515,0.0,13.0,May,2013_Rolling_RealWeather
2013-05-01 08:25:00,66.39209811561987,0.0,13.0,May,2013_Rolling_RealWeather
2013-05-01 08:30:00,66.39244120026402,0.0,13.0,May,2013_Rolling_RealWeather
2013-05-01 08:35:00,66.3922516008554,0.0,13.0,May,2013_Rolling_RealWeather
2013-05-01 08:40:00,66.39213036041726,0.0,13.0,May,2013_Rolling_RealWeather
2013-05-01 08:45:00,66.39207489936575,0.0,13.0,May,2013_Rolling_RealWeather
2013-05-01 08:50:00,66.3920645810306,0.0,13.0,May,2013_Rolling_RealWeather
2013-05-01 08:55:00,66.39207618915765,0.0,13.0,May,2013_Rolling_RealWeather
2013-05-01 09:00:00,66.25233884542891,0.0,9.4,May,2013_Rolling_RealWeather
2013-05-01 09:05:00,66.22722659722741,0.0,9.4,May,2013_Rolling_RealWeather
2013-05-01 09:10:00,66.22152700684208,0.0,9.4,May,2013_Rolling_RealWeather
2013-05-01 09:15:00,66.2217166062507,0.0,9.4,May,2013_Rolling_RealWeather
2013-05-01 09:20:00,66.22491657994293,0.0,9.4,May,2013_Rolling_RealWeather
2013-05-01 09:25:00,66.22628246956006,0.0,9.4,May,2013_Rolling_RealWeather
2013-05-01 09:30:00,66.22667843567191,0.0,9.4,May,2013_Rolling_RealWeather
2013-05-01 09:35:00,66.22634695915482,0.0,9.4,May,2013_Rolling_RealWeather
2013-05-01 09:40:00,66.22618057600033,0.0,9.4,May,2013_Rolling_RealWeather
2013-05-01 09:45:00,66.22611479661367,0.0,9.4,May,2013_Rolling_RealWeather
2013-05-01 09:50:00,66.2261044782785,0.0,9.4,May,2013_Rolling_RealWeather
2013-05-01 09:55:00,66.22611737619746,0.0,9.4,May,2013_Rolling_RealWeather
2013-05-01 10:00:00,66.16763305249695,0.0,9.4,May,2013_Rolling_RealWeather
2013-05-01 10:05:00,66.15695099602009,0.0,9.4,May,2013_Rolling_RealWeather
2013-05-01 10:10:00,66.15446298745405,0.0,9.4,May,2013_Rolling_RealWeather
2013-05-01 10:15:00,66.15435980410243,0.0,9.4,May,2013_Rolling_RealWeather
2013-05-01 10:20:00,66.15533101739959,0.0,9.4,May,2013_Rolling_RealWeather
2013-05-01 10:25:00,66.15570505704922,0.0,9.4,May,2013_Rolling_RealWeather
2013-05-01 10:30:00,66.15580179144136,0.0,9.4,May,2013_Rolling_RealWeather
2013-05-01 10:35:00,66.1556315389112,0.0,9.4,May,2013_Rolling_RealWeather
2013-05-01 10:40:00,66.15555931056505,0.0,9.4,May,2013_Rolling_RealWeather
2013-05-01 10:45:00,66.15553609431093,0.0,9.4,May,2013_Rolling_RealWeather
2013-05-01 10:50:00,66.15553480451904,0.0,9.4,May,2013_Rolling_RealWeather
2013-05-01 10:55:00,66.15554383306231,0.0,9.4,May,2013_Rolling_RealWeather
2013-05-01 11:00:00,66.05830900165941,0.0,9.4,May,2013_Rolling_RealWeather
2013-05-01 11:05:00,66.04035380868493,0.0,9.4,May,2013_Rolling_RealWeather
2013-05-01 11:10:00,66.03601752833293,0.0,9.4,May,2013_Rolling_RealWeather
2013-05-01 11:15:00,66.03543196281247,0.0,9.4,May,2013_Rolling_RealWeather
2013-05-01 11:20:00,66.03636577214466,0.0,9.4,May,2013_Rolling_RealWeather
2013-05-01 11:25:00,66.03655924092895,0.0,9.4,May,2013_Rolling_RealWeather
2013-05-01 11:30:00,66.03659019593445,0.0,9.4,May,2013_Rolling_RealWeather
2013-05-01 11:35:00,66.03622776441186,0.0,9.4,May,2013_Rolling_RealWeather
2013-05-01 11:40:00,66.03610265459803,0.0,9.4,May,2013_Rolling_RealWeather
2013-05-01 11:45:00,66.03607427917632,0.0,9.4,May,2013_Rolling_RealWeather
2013-05-01 11:50:00,66.03607040980064,0.0,9.4,May,2013_Rolling_RealWeather
2013-05-01 11:55:00,66.0360794383439,0.0,9.4,May,2013_Rolling_RealWeather
2013-05-01 12:00:00,66.07272113629749,0.0,7.6,May,2013_Rolling_RealWeather
2013-05-01 12:05:00,66.07931713205006,0.0,7.6,May,2013_Rolling_RealWeather
2013-05-01 12:10:00,66.08097322484363,0.0,7.6,May,2013_Rolling_RealWeather
2013-05-01 12:15:00,66.08153428431808,0.0,7.6,May,2013_Rolling_RealWeather
2013-05-01 12:20:00,66.08153041494239,0.0,7.6,May,2013_Rolling_RealWeather
2013-05-01 12:25:00,66.08168905934552,0.0,7.6,May,2013_Rolling_RealWeather
2013-05-01 12:30:00,66.08176128769165,0.0,7.6,May,2013_Rolling_RealWeather
2013-05-01 12:35:00,66.081941858557,0.0,7.6,May,2013_Rolling_RealWeather
2013-05-01 12:40:00,66.08199989919228,0.0,7.6,May,2013_Rolling_RealWeather
2013-05-01 12:45:00,66.08201795627882,0.0,7.6,May,2013_Rolling_RealWeather
2013-05-01 12:50:00,66.08202053586261,0.0,7.6,May,2013_Rolling_RealWeather
2013-05-01 12:55:00,66.0820231154464,0.0,7.6,May,2013_Rolling_RealWeather
2013-05-01 13:00:00,66.77105316216995,0.0,0.0,May,2013_Rolling_RealWeather
2013-05-01 13:05:00,66.8724191970135,0.0,0.0,May,2013_Rolling_RealWeather
2013-05-01 13:10:00,66.900894577582,0.0,0.0,May,2013_Rolling_RealWeather
2013-05-01 13:15:00,66.92449132030652,0.0,0.0,May,2013_Rolling_RealWeather
2013-05-01 13:20:00,66.93668178840494,0.0,0.0,May,2013_Rolling_RealWeather
2013-05-01 13:25:00,66.94603535922967,0.0,0.0,May,2013_Rolling_RealWeather
2013-05-01 13:30:00,66.94949458109286,0.0,0.0,May,2013_Rolling_RealWeather
2013-05-01 13:35:00,66.95363868245246,0.0,0.0,May,2013_Rolling_RealWeather
2013-05-01 13:40:00,66.95522383669179,0.0,0.0,May,2013_Rolling_RealWeather
2013-05-01 13:45:00,66.95589839785302,0.0,0.0,May,2013_Rolling_RealWeather
2013-05-01 13:50:00,66.95632660876227,0.0,0.0,May,2013_Rolling_RealWeather
2013-05-01 13:55:00,66.9565490978642,0.0,0.0,May,2013_Rolling_RealWeather
2013-05-01 14:00:00,67.68703886016624,0.0,0.0,May,2013_Rolling_RealWeather
2013-05-01 14:05:00,67.79590632467286,0.0,0.0,May,2013_Rolling_RealWeather
2013-05-01 14:10:00,67.81804302297189,0.0,0.0,May,2013_Rolling_RealWeather
2013-05-01 14:15:00,67.84293084738361,0.0,0.0,May,2013_Rolling_RealWeather
2013-05-01 14:20:00,67.85800722484777,0.0,0.0,May,2013_Rolling_RealWeather
2013-05-01 14:25:00,67.87320871212579,0.0,0.0,May,2013_Rolling_RealWeather
2013-05-01 14:30:00,67.87921978725383,0.0,0.0,May,2013_Rolling_RealWeather
2013-05-01 14:35:00,67.88537467417821,0.0,0.0,May,2013_Rolling_RealWeather
2013-05-01 14:40:00,67.88794974369718,0.0,0.0,May,2013_Rolling_RealWeather
2013-05-01 14:45:00,67.88909056462856,0.0,0.0,May,2013_Rolling_RealWeather
2013-05-01 14:50:00,67.88990700289828,0.0,0.0,May,2013_Rolling_RealWeather
2013-05-01 14:55:00,67.89036616881302,0.0,0.0,May,2013_Rolling_RealWeather
2013-05-01 15:00:00,68.39640279856718,0.0,0.0,May,2013_Rolling_RealWeather
2013-05-01 15:05:00,68.50553660510018,0.0,0.0,May,2013_Rolling_RealWeather
2013-05-01 15:10:00,68.51235702464251,0.0,0.0,May,2013_Rolling_RealWeather
2013-05-01 15:15:00,68.51141676635085,0.0,0.0,May,2013_Rolling_RealWeather
2013-05-01 15:20:00,68.505390858616,0.0,0.0,May,2013_Rolling_RealWeather
2013-05-01 15:25:00,68.5109060087603,0.0,0.0,May,2013_Rolling_RealWeather
2013-05-01 15:30:00,68.51503463261716,0.0,0.0,May,2013_Rolling_RealWeather
2013-05-01 15:35:00,68.51756778389954,0.0,0.0,May,2013_Rolling_RealWeather
2013-05-01 15:40:00,68.51838422216926,0.0,0.0,May,2013_Rolling_RealWeather
2013-05-01 15:45:00,68.5183429488286,0.0,0.0,May,2013_Rolling_RealWeather
2013-05-01 15:50:00,68.51832811622181,0.0,0.0,May,2013_Rolling_RealWeather
2013-05-01 15:55:00,68.5183590712273,0.0,0.0,May,2013_Rolling_RealWeather
2013-05-01 16:00:00,66.63646724727104,0.0,5.4,May,2013_Rolling_RealWeather
2013-05-01 16:05:00,65.63469297604671,0.0,5.4,May,2013_Rolling_RealWeather
2013-05-01 16:10:00,65.30295850057546,0.0,5.4,May,2013_Rolling_RealWeather
2013-05-01 16:15:00,65.49614095106975,0.0,5.4,May,2013_Rolling_RealWeather
2013-05-01 16:20:00,66.02487114677375,0.0,5.4,May,2013_Rolling_RealWeather
2013-05-01 16:25:00,66.44750112648249,0.0,5.4,May,2013_Rolling_RealWeather
2013-05-01 16:30:00,66.60893534947397,0.0,5.4,May,2013_Rolling_RealWeather
2013-05-01 16:35:00,66.57237361861789,0.0,5.4,May,2013_Rolling_RealWeather
2013-05-01 16:40:00,66.44052270743298,0.0,5.4,May,2013_Rolling_RealWeather
2013-05-01 16:45:00,66.31453390041219,0.0,5.4,May,2013_Rolling_RealWeather
2013-05-01 16:50:00,66.24769688439773,0.0,5.4,May,2013_Rolling_RealWeather
2013-05-01 16:55:00,66.24231393792269,0.0,5.4,May,2013_Rolling_RealWeather
2013-05-01 17:00:00,67.7164016175587,0.0,0.0,May,2013_Rolling_RealWeather
2013-05-01 17:05:00,68.23748302487559,0.0,0.0,May,2013_Rolling_RealWeather
2013-05-01 17:10:00,68.30275036415347,0.0,0.0,May,2013_Rolling_RealWeather
2013-05-01 17:15:00,68.23529553782116,0.0,0.0,May,2013_Rolling_RealWeather
2013-05-01 17:20:00,68.13790335180703,0.0,0.0,May,2013_Rolling_RealWeather
2013-05-01 17:25:00,68.09238272644619,0.0,0.0,May,2013_Rolling_RealWeather
2013-05-01 17:30:00,68.083860426498,0.0,0.0,May,2013_Rolling_RealWeather
2013-05-01 17:35:00,68.08407517684857,0.0,0.0,May,2013_Rolling_RealWeather
2013-05-01 17:40:00,68.08774141031095,0.0,0.0,May,2013_Rolling_RealWeather
2013-05-01 17:45:00,68.0905138179899,0.0,0.0,May,2013_Rolling_RealWeather
2013-05-01 17:50:00,68.09175653248103,0.0,0.0,May,2013_Rolling_RealWeather
2013-05-01 17:55:00,68.09226277579994,0.0,0.0,May,2013_Rolling_RealWeather
2013-05-01 18:00:00,67.3232736927671,0.0,5.4,May,2013_Rolling_RealWeather
2013-05-01 18:05:00,67.0192168615771,0.0,5.4,May,2013_Rolling_RealWeather
2013-05-01 18:10:00,66.95223345418253,0.0,5.4,May,2013_Rolling_RealWeather
2013-05-01 18:15:00,66.99404657274032,0.0,5.4,May,2013_Rolling_RealWeather
2013-05-01 18:20:00,67.08098950971467,0.0,5.4,May,2013_Rolling_RealWeather
2013-05-01 18:25:00,67.13394385066407,0.0,5.4,May,2013_Rolling_RealWeather
2013-05-01 18:30:00,67.15012042061493,0.0,5.4,May,2013_Rolling_RealWeather
2013-05-01 18:35:00,67.14624072659387,0.0,5.4,May,2013_Rolling_RealWeather
2013-05-01 18:40:00,67.13601332176009,0.0,5.4,May,2013_Rolling_RealWeather
2013-05-01 18:45:00,67.12841580260081,0.0,5.4,May,2013_Rolling_RealWeather
2013-05-01 18:50:00,67.12535770601706,0.0,5.4,May,2013_Rolling_RealWeather
2013-05-01 18:55:00,67.12535899580895,0.0,5.4,May,2013_Rolling_RealWeather
2013-05-01 19:00:00,64.79477259385177,0.0,18.4,May,2013_Rolling_RealWeather
2013-05-01 19:05:00,63.41196026216643,0.0,18.4,May,2013_Rolling_RealWeather
2013-05-01 19:10:00,62.5076226949296,0.0,18.4,May,2013_Rolling_RealWeather
2013-05-01 19:15:00,62.26966189431022,0.0,18.4,May,2013_Rolling_RealWeather
2013-05-01 19:20:00,62.714336352197485,0.0,18.4,May,2013_Rolling_RealWeather
2013-05-01 19:25:00,63.44185376892381,0.0,18.4,May,2013_Rolling_RealWeather
2013-05-01 19:30:00,64.0835291062114,0.0,18.4,May,2013_Rolling_RealWeather
2013-05-01 19:35:00,64.39679892090953,0.0,18.4,May,2013_Rolling_RealWeather
2013-05-01 19:40:00,64.39299919398597,0.0,18.4,May,2013_Rolling_RealWeather
2013-05-01 19:45:00,64.18588312164675,0.0,18.4,May,2013_Rolling_RealWeather
2013-05-01 19:50:00,63.91873884470836,0.0,18.4,May,2013_Rolling_RealWeather
2013-05-01 19:55:00,63.708655606114,0.0,18.4,May,2013_Rolling_RealWeather
2013-05-01 20:00:00,65.3707480279046,0.0,18.4,May,2013_Rolling_RealWeather
2013-05-01 20:05:00,65.9733723359782,0.0,18.4,May,2013_Rolling_RealWeather
2013-05-01 20:10:00,66.15821757166127,0.0,18.4,May,2013_Rolling_RealWeather
2013-05-01 20:15:00,66.13488910565097,0.0,18.4,May,2013_Rolling_RealWeather
2013-05-01 20:20:00,66.09140119231712,0.0,18.4,May,2013_Rolling_RealWeather
2013-05-01 20:25:00,66.05396885193173,0.0,18.4,May,2013_Rolling_RealWeather
2013-05-01 20:30:00,66.03863838546418,0.0,18.4,May,2013_Rolling_RealWeather
2013-05-01 20:35:00,66.06110269090463,0.0,18.4,May,2013_Rolling_RealWeather
2013-05-01 20:40:00,66.08006263176554,0.0,18.4,May,2013_Rolling_RealWeather
2013-05-01 20:45:00,66.08986118079414,0.0,18.4,May,2013_Rolling_RealWeather
2013-05-01 20:50:00,66.09158692235005,0.0,18.4,May,2013_Rolling_RealWeather
2013-05-01 20:55:00,66.0902842325358,0.0,18.4,May,2013_Rolling_RealWeather
2013-05-01 21:00:00,65.57557214004588,0.0,20.5,May,2013_Rolling_RealWeather
2013-05-01 21:05:00,65.45589879904044,0.0,20.5,May,2013_Rolling_RealWeather
2013-05-01 21:10:00,65.4228349838044,0.0,20.5,May,2013_Rolling_RealWeather
2013-05-01 21:15:00,65.43365762759788,0.0,20.5,May,2013_Rolling_RealWeather
2013-05-01 21:20:00,65.42072875363938,0.0,20.5,May,2013_Rolling_RealWeather
2013-05-01 21:25:00,65.41640795079013,0.0,20.5,May,2013_Rolling_RealWeather
2013-05-01 21:30:00,65.41420498623296,0.0,20.5,May,2013_Rolling_RealWeather
2013-05-01 21:35:00,65.40811845827903,0.0,20.5,May,2013_Rolling_RealWeather
2013-05-01 21:40:00,65.40465665683205,0.0,20.5,May,2013_Rolling_RealWeather
2013-05-01 21:45:00,65.40328044887976,0.0,20.5,May,2013_Rolling_RealWeather
2013-05-01 21:50:00,65.40321724907689,0.0,20.5,May,2013_Rolling_RealWeather
2013-05-01 21:55:00,65.40292833569235,0.0,20.5,May,2013_Rolling_RealWeather
2013-05-01 22:00:00,64.65474311225876,0.0,22.3,May,2013_Rolling_RealWeather
2013-05-01 22:05:00,64.48153695863887,0.0,22.3,May,2013_Rolling_RealWeather
2013-05-01 22:10:00,64.42224522521191,0.0,22.3,May,2013_Rolling_RealWeather
2013-05-01 22:15:00,64.43680955529365,0.0,22.3,May,2013_Rolling_RealWeather
2013-05-01 22:20:00,64.39997180897197,0.0,22.3,May,2013_Rolling_RealWeather
2013-05-01 22:25:00,64.38659408743392,0.0,22.3,May,2013_Rolling_RealWeather
2013-05-01 22:30:00,64.37959567661002,0.0,22.3,May,2013_Rolling_RealWeather
2013-05-01 22:35:00,64.3725198782724,0.0,22.3,May,2013_Rolling_RealWeather
2013-05-01 22:40:00,64.36696474457933,0.0,22.3,May,2013_Rolling_RealWeather
2013-05-01 22:45:00,64.36440321787528,0.0,22.3,May,2013_Rolling_RealWeather
2013-05-01 22:50:00,64.3637634810952,0.0,22.3,May,2013_Rolling_RealWeather
2013-05-01 22:55:00,64.3629973447094,0.0,22.3,May,2013_Rolling_RealWeather
2013-05-01 23:00:00,63.78355575616193,0.0,24.1,May,2013_Rolling_RealWeather
2013-05-01 23:05:00,63.640321786605035,0.0,24.1,May,2013_Rolling_RealWeather
2013-05-01 23:10:00,63.58437835293828,0.0,24.1,May,2013_Rolling_RealWeather
2013-05-01 23:15:00,63.59363131999517,0.0,24.1,May,2013_Rolling_RealWeather
2013-05-01 23:20:00,63.557959545546844,0.0,24.1,May,2013_Rolling_RealWeather
2013-05-01 23:25:00,63.544112339758904,0.0,24.1,May,2013_Rolling_RealWeather
2013-05-01 23:30:00,63.5356874190988,0.0,24.1,May,2013_Rolling_RealWeather
2013-05-01 23:35:00,63.52999427767294,0.0,24.1,May,2013_Rolling_RealWeather
2013-05-01 23:40:00,63.52475385320234,0.0,24.1,May,2013_Rolling_RealWeather
2013-05-01 23:45:00,63.522183297955,0.0,24.1,May,2013_Rolling_RealWeather
2013-05-01 23:50:00,63.521164362357716,0.0,24.1,May,2013_Rolling_RealWeather
2013-05-01 23:55:00,63.52033244658525,0.0,24.1,May,2013_Rolling_RealWeather
2013-05-02 00:00:00,63.77031088318909,0.0,25.9,May,2013_Rolling_RealWeather
2013-05-02 00:05:00,63.829646469540485,0.0,25.9,May,2013_Rolling_RealWeather
2013-05-02 00:10:00,63.8497865699856,0.0,25.9,May,2013_Rolling_RealWeather
2013-05-02 00:15:00,63.848241399295034,0.0,25.9,May,2013_Rolling_RealWeather
2013-05-02 00:20:00,63.85933489938651,0.0,25.9,May,2013_Rolling_RealWeather
2013-05-02 00:25:00,63.863153973188496,0.0,25.9,May,2013_Rolling_RealWeather
2013-05-02 00:30:00,63.86555685548944,0.0,25.9,May,2013_Rolling_RealWeather
2013-05-02 00:35:00,63.86804873343116,0.0,25.9,May,2013_Rolling_RealWeather
2013-05-02 00:40:00,63.86970869560041,0.0,25.9,May,2013_Rolling_RealWeather
2013-05-02 00:45:00,63.87040389343198,0.0,25.9,May,2013_Rolling_RealWeather
2013-05-02 00:50:00,63.87064250493261,0.0,25.9,May,2013_Rolling_RealWeather
2013-05-02 00:55:00,63.870887565392714,0.0,25.9,May,2013_Rolling_RealWeather
2013-05-02 01:00:00,64.06865006690722,0.0,25.9,May,2013_Rolling_RealWeather
2013-05-02 01:05:00,64.11079401708616,0.0,25.9,May,2013_Rolling_RealWeather
2013-05-02 01:10:00,64.12254273146046,0.0,25.9,May,2013_Rolling_RealWeather
2013-05-02 01:15:00,64.12274264920423,0.0,25.9,May,2013_Rolling_RealWeather
2013-05-02 01:20:00,64.12824748101336,0.0,25.9,May,2013_Rolling_RealWeather
2013-05-02 01:25:00,64.12984682296354,0.0,25.9,May,2013_Rolling_RealWeather
2013-05-02 01:30:00,64.130765154793,0.0,25.9,May,2013_Rolling_RealWeather
2013-05-02 01:35:00,64.13209750982084,0.0,25.9,May,2013_Rolling_RealWeather
2013-05-02 01:40:00,64.13277723014966,0.0,25.9,May,2013_Rolling_RealWeather
2013-05-02 01:45:00,64.13301584165029,0.0,25.9,May,2013_Rolling_RealWeather
2013-05-02 01:50:00,64.13308806999643,0.0,25.9,May,2013_Rolling_RealWeather
2013-05-02 01:55:00,64.13316416771825,0.0,25.9,May,2013_Rolling_RealWeather
2013-05-02 02:00:00,64.48129060838687,0.0,20.5,May,2013_Rolling_RealWeather
2013-05-02 02:05:00,64.53924869699408,0.0,20.5,May,2013_Rolling_RealWeather
2013-05-02 02:10:00,64.55078717528944,0.0,20.5,May,2013_Rolling_RealWeather
2013-05-02 02:15:00,64.55494933373558,0.0,20.5,May,2013_Rolling_RealWeather
2013-05-02 02:20:00,64.55633714981492,0.0,20.5,May,2013_Rolling_RealWeather
2013-05-02 02:25:00,64.55612949331977,0.0,20.5,May,2013_Rolling_RealWeather
2013-05-02 02:30:00,64.5561488401982,0.0,20.5,May,2013_Rolling_RealWeather
2013-05-02 02:35:00,64.55679889531343,0.0,20.5,May,2013_Rolling_RealWeather
2013-05-02 02:40:00,64.5569459315895,0.0,20.5,May,2013_Rolling_RealWeather
2013-05-02 02:45:00,64.55696140909224,0.0,20.5,May,2013_Rolling_RealWeather
2013-05-02 02:50:00,64.55696140909224,0.0,20.5,May,2013_Rolling_RealWeather
2013-05-02 02:55:00,64.55695367034087,0.0,20.5,May,2013_Rolling_RealWeather
2013-05-02 03:00:00,64.78071708667274,0.0,16.6,May,2013_Rolling_RealWeather
2013-05-02 03:05:00,64.81343136830513,0.0,16.6,May,2013_Rolling_RealWeather
2013-05-02 03:10:00,64.81993062966555,0.0,16.6,May,2013_Rolling_RealWeather
2013-05-02 03:15:00,64.82261210701589,0.0,16.6,May,2013_Rolling_RealWeather
2013-05-02 03:20:00,64.82001188655495,0.0,16.6,May,2013_Rolling_RealWeather
2013-05-02 03:25:00,64.8187930332139,0.0,16.6,May,2013_Rolling_RealWeather
2013-05-02 03:30:00,64.81835450396949,0.0,16.6,May,2013_Rolling_RealWeather
2013-05-02 03:35:00,64.81818296164742,0.0,16.6,May,2013_Rolling_RealWeather
2013-05-02 03:40:00,64.81812105163644,0.0,16.6,May,2013_Rolling_RealWeather
2013-05-02 03:45:00,64.81810041496612,0.0,16.6,May,2013_Rolling_RealWeather
2013-05-02 03:50:00,64.81808880683906,0.0,16.6,May,2013_Rolling_RealWeather
2013-05-02 03:55:00,64.81808880683906,0.0,16.6,May,2013_Rolling_RealWeather
2013-05-02 04:00:00,65.00564389529416,0.0,13.0,May,2013_Rolling_RealWeather
2013-05-02 04:05:00,65.03134041922422,0.0,13.0,May,2013_Rolling_RealWeather
2013-05-02 04:10:00,65.0371664092153,0.0,13.0,May,2013_Rolling_RealWeather
2013-05-02 04:15:00,65.03842395631321,0.0,13.0,May,2013_Rolling_RealWeather
2013-05-02 04:20:00,65.03453007458131,0.0,13.0,May,2013_Rolling_RealWeather
2013-05-02 04:25:00,65.03307260973962,0.0,13.0,May,2013_Rolling_RealWeather
2013-05-02 04:30:00,65.0324728565083,0.0,13.0,May,2013_Rolling_RealWeather
2013-05-02 04:35:00,65.0321426697831,0.0,13.0,May,2013_Rolling_RealWeather
2013-05-02 04:40:00,65.03210139644246,0.0,13.0,May,2013_Rolling_RealWeather
2013-05-02 04:45:00,65.03210010665056,0.0,13.0,May,2013_Rolling_RealWeather
2013-05-02 04:50:00,65.03210784540192,0.0,13.0,May,2013_Rolling_RealWeather
2013-05-02 04:55:00,65.0321181637371,0.0,13.0,May,2013_Rolling_RealWeather
2013-05-02 05:00:00,65.46657053718215,0.0,14.8,May,2013_Rolling_RealWeather
2013-05-02 05:05:00,65.5328645508087,0.0,14.8,May,2013_Rolling_RealWeather
2013-05-02 05:10:00,65.5446351916452,0.0,14.8,May,2013_Rolling_RealWeather
2013-05-02 05:15:00,65.54541164636618,0.0,14.8,May,2013_Rolling_RealWeather
2013-05-02 05:20:00,65.53094663026037,0.0,14.8,May,2013_Rolling_RealWeather
2013-05-02 05:25:00,65.52530379071844,0.0,14.8,May,2013_Rolling_RealWeather
2013-05-02 05:30:00,65.52317305450741,0.0,14.8,May,2013_Rolling_RealWeather
2013-05-02 05:35:00,65.52215024953443,0.0,14.8,May,2013_Rolling_RealWeather
2013-05-02 05:40:00,65.5222702001807,0.0,14.8,May,2013_Rolling_RealWeather
2013-05-02 05:45:00,65.52244303229466,0.0,14.8,May,2013_Rolling_RealWeather
2013-05-02 05:50:00,65.52255008502198,0.0,14.8,May,2013_Rolling_RealWeather
2013-05-02 05:55:00,65.52262360316,0.0,14.8,May,2013_Rolling_RealWeather
2013-05-02 06:00:00,65.80273415802185,0.0,13.0,May,2013_Rolling_RealWeather
2013-05-02 06:05:00,65.84642843805895,0.0,13.0,May,2013_Rolling_RealWeather
2013-05-02 06:10:00,65.85444707427203,0.0,13.0,May,2013_Rolling_RealWeather
2013-05-02 06:15:00,65.8538228149947,0.0,13.0,May,2013_Rolling_RealWeather
2013-05-02 06:20:00,65.84332261917507,0.0,13.0,May,2013_Rolling_RealWeather
2013-05-02 06:25:00,65.83934619076186,0.0,13.0,May,2013_Rolling_RealWeather
2013-05-02 06:30:00,65.83788227696068,0.0,13.0,May,2013_Rolling_RealWeather
2013-05-02 06:35:00,65.83738054791341,0.0,13.0,May,2013_Rolling_RealWeather
2013-05-02 06:40:00,65.83759078399235,0.0,13.0,May,2013_Rolling_RealWeather
2013-05-02 06:45:00,65.83776361610632,0.0,13.0,May,2013_Rolling_RealWeather
2013-05-02 06:50:00,65.83786164029036,0.0,13.0,May,2013_Rolling_RealWeather
2013-05-02 06:55:00,65.83791194217427,0.0,13.0,May,2013_Rolling_RealWeather
2013-05-02 07:00:00,65.97552886802714,0.0,9.4,May,2013_Rolling_RealWeather
2013-05-02 07:05:00,65.99652410049883,0.0,9.4,May,2013_Rolling_RealWeather
2013-05-02 07:10:00,66.00087972772927,0.0,9.4,May,2013_Rolling_RealWeather
2013-05-02 07:15:00,66.0003767088901,0.0,9.4,May,2013_Rolling_RealWeather
2013-05-02 07:20:00,65.99537876529581,0.0,9.4,May,2013_Rolling_RealWeather
2013-05-02 07:25:00,65.99364270540474,0.0,9.4,May,2013_Rolling_RealWeather
2013-05-02 07:30:00,65.99300554820846,0.0,9.4,May,2013_Rolling_RealWeather
2013-05-02 07:35:00,65.99290236485683,0.0,9.4,May,2013_Rolling_RealWeather
2013-05-02 07:40:00,65.9930455317572,0.0,9.4,May,2013_Rolling_RealWeather
2013-05-02 07:45:00,65.9931306580223,0.0,9.4,May,2013_Rolling_RealWeather
2013-05-02 07:50:00,65.99317580073864,0.0,9.4,May,2013_Rolling_RealWeather
2013-05-02 07:55:00,65.9931874088657,0.0,9.4,May,2013_Rolling_RealWeather
2013-05-02 08:00:00,66.21108872103342,0.0,9.4,May,2013_Rolling_RealWeather
2013-05-02 08:05:00,66.24632325602923,0.0,9.4,May,2013_Rolling_RealWeather
2013-05-02 08:10:00,66.2532210630853,0.0,9.4,May,2013_Rolling_RealWeather
2013-05-02 08:15:00,66.2525632692187,0.0,9.4,May,2013_Rolling_RealWeather
2013-05-02 08:20:00,66.2448503136848,0.0,9.4,May,2013_Rolling_RealWeather
2013-05-02 08:25:00,66.24218044446152,0.0,9.4,May,2013_Rolling_RealWeather
2013-05-02 08:30:00,66.24128919826188,0.0,9.4,May,2013_Rolling_RealWeather
2013-05-02 08:35:00,66.24137045515128,0.0,9.4,May,2013_Rolling_RealWeather
2013-05-02 08:40:00,66.2416645277034,0.0,9.4,May,2013_Rolling_RealWeather
2013-05-02 08:45:00,66.24180898439567,0.0,9.4,May,2013_Rolling_RealWeather
2013-05-02 08:50:00,66.24187218419856,0.0,9.4,May,2013_Rolling_RealWeather
2013-05-02 08:55:00,66.24187476378233,0.0,9.4,May,2013_Rolling_RealWeather
2013-05-02 09:00:00,66.35215455041431,0.0,9.4,May,2013_Rolling_RealWeather
2013-05-02 09:05:00,66.3708758797746,0.0,9.4,May,2013_Rolling_RealWeather
2013-05-02 09:10:00,66.37448213791386,0.0,9.4,May,2013_Rolling_RealWeather
2013-05-02 09:15:00,66.37434799955675,0.0,9.4,May,2013_Rolling_RealWeather
2013-05-02 09:20:00,66.37081010038793,0.0,9.4,May,2013_Rolling_RealWeather
2013-05-02 09:25:00,66.36964412851458,0.0,9.4,May,2013_Rolling_RealWeather
2013-05-02 09:30:00,66.36928814595149,0.0,9.4,May,2013_Rolling_RealWeather
2013-05-02 09:35:00,66.3694480801465,0.0,9.4,May,2013_Rolling_RealWeather
2013-05-02 09:40:00,66.36961833267668,0.0,9.4,May,2013_Rolling_RealWeather
2013-05-02 09:45:00,66.36968153247955,0.0,9.4,May,2013_Rolling_RealWeather
2013-05-02 09:50:00,66.36970861810934,0.0,9.4,May,2013_Rolling_RealWeather
2013-05-02 09:55:00,66.36969572019039,0.0,9.4,May,2013_Rolling_RealWeather
2013-05-02 10:00:00,66.2965309851376,0.0,5.4,May,2013_Rolling_RealWeather
2013-05-02 10:05:00,66.28481322576879,0.0,5.4,May,2013_Rolling_RealWeather
2013-05-02 10:10:00,66.28244000868143,0.0,5.4,May,2013_Rolling_RealWeather
2013-05-02 10:15:00,66.282063389448,0.0,5.4,May,2013_Rolling_RealWeather
2013-05-02 10:20:00,66.28387038789332,0.0,5.4,May,2013_Rolling_RealWeather
2013-05-02 10:25:00,66.28429472942688,0.0,5.4,May,2013_Rolling_RealWeather
2013-05-02 10:30:00,66.28441983924071,0.0,5.4,May,2013_Rolling_RealWeather
2013-05-02 10:35:00,66.28429730901067,0.0,5.4,May,2013_Rolling_RealWeather
2013-05-02 10:40:00,66.28421347253747,0.0,5.4,May,2013_Rolling_RealWeather
2013-05-02 10:45:00,66.28419025628335,0.0,5.4,May,2013_Rolling_RealWeather
2013-05-02 10:50:00,66.2841773583644,0.0,5.4,May,2013_Rolling_RealWeather
2013-05-02 10:55:00,66.28418638690766,0.0,5.4,May,2013_Rolling_RealWeather
2013-05-02 11:00:00,66.31081800996184,0.0,5.4,May,2013_Rolling_RealWeather
2013-05-02 11:05:00,66.31523296761944,0.0,5.4,May,2013_Rolling_RealWeather
2013-05-02 11:10:00,66.31607649151897,0.0,5.4,May,2013_Rolling_RealWeather
2013-05-02 11:15:00,66.31632284177097,0.0,5.4,May,2013_Rolling_RealWeather
2013-05-02 11:20:00,66.315792737302,0.0,5.4,May,2013_Rolling_RealWeather
2013-05-02 11:25:00,66.31572437833155,0.0,5.4,May,2013_Rolling_RealWeather
2013-05-02 11:30:00,66.3157127702045,0.0,5.4,May,2013_Rolling_RealWeather
2013-05-02 11:35:00,66.31577725979926,0.0,5.4,May,2013_Rolling_RealWeather
2013-05-02 11:40:00,66.31581208418044,0.0,5.4,May,2013_Rolling_RealWeather
2013-05-02 11:45:00,66.31581595355613,0.0,5.4,May,2013_Rolling_RealWeather
2013-05-02 11:50:00,66.3158211127237,0.0,5.4,May,2013_Rolling_RealWeather
2013-05-02 11:55:00,66.3158185331399,0.0,5.4,May,2013_Rolling_RealWeather
2013-05-02 12:00:00,66.38813200554182,0.0,5.4,May,2013_Rolling_RealWeather
2013-05-02 12:05:00,66.40050110981775,0.0,5.4,May,2013_Rolling_RealWeather
2013-05-02 12:10:00,66.40265119290721,0.0,5.4,May,2013_Rolling_RealWeather
2013-05-02 12:15:00,66.40363143474764,0.0,5.4,May,2013_Rolling_RealWeather
2013-05-02 12:20:00,66.40255832789076,0.0,5.4,May,2013_Rolling_RealWeather
2013-05-02 12:25:00,66.40265893165859,0.0,5.4,May,2013_Rolling_RealWeather
2013-05-02 12:30:00,66.40277114355348,0.0,5.4,May,2013_Rolling_RealWeather
2013-05-02 12:35:00,66.40302007338927,0.0,5.4,May,2013_Rolling_RealWeather
2013-05-02 12:40:00,66.40313228528416,0.0,5.4,May,2013_Rolling_RealWeather
2013-05-02 12:45:00,66.40315163216259,0.0,5.4,May,2013_Rolling_RealWeather
2013-05-02 12:50:00,66.40315937091397,0.0,5.4,May,2013_Rolling_RealWeather
2013-05-02 12:55:00,66.40315421174638,0.0,5.4,May,2013_Rolling_RealWeather
2013-05-02 13:00:00,66.81184283085882,0.0,0.0,May,2013_Rolling_RealWeather
2013-05-02 13:05:00,66.87071280233602,0.0,0.0,May,2013_Rolling_RealWeather
2013-05-02 13:10:00,66.87918931467193,0.0,0.0,May,2013_Rolling_RealWeather
2013-05-02 13:15:00,66.89005581138984,0.0,0.0,May,2013_Rolling_RealWeather
2013-05-02 13:20:00,66.88938640939618,0.0,0.0,May,2013_Rolling_RealWeather
2013-05-02 13:25:00,66.89271536227795,0.0,0.0,May,2013_Rolling_RealWeather
2013-05-02 13:30:00,66.89417282711963,0.0,0.0,May,2013_Rolling_RealWeather
2013-05-02 13:35:00,66.89545617005547,0.0,0.0,May,2013_Rolling_RealWeather
2013-05-02 13:40:00,66.89601980911371,0.0,0.0,May,2013_Rolling_RealWeather
2013-05-02 13:45:00,66.89613975975998,0.0,0.0,May,2013_Rolling_RealWeather
2013-05-02 13:50:00,66.89623649415212,0.0,0.0,May,2013_Rolling_RealWeather
2013-05-02 13:55:00,66.8962674491576,0.0,0.0,May,2013_Rolling_RealWeather
2013-05-02 14:00:00,66.48156711002116,0.0,11.2,May,2013_Rolling_RealWeather
2013-05-02 14:05:00,66.36412639878648,0.0,11.2,May,2013_Rolling_RealWeather
2013-05-02 14:10:00,66.34140929413456,0.0,11.2,May,2013_Rolling_RealWeather
2013-05-02 14:15:00,66.3438689272789,0.0,11.2,May,2013_Rolling_RealWeather
2013-05-02 14:20:00,66.36012933370296,0.0,11.2,May,2013_Rolling_RealWeather
2013-05-02 14:25:00,66.36291915357249,0.0,11.2,May,2013_Rolling_RealWeather
2013-05-02 14:30:00,66.36105540428377,0.0,11.2,May,2013_Rolling_RealWeather
2013-05-02 14:35:00,66.35653597348265,0.0,11.2,May,2013_Rolling_RealWeather
2013-05-02 14:40:00,66.35381451258357,0.0,11.2,May,2013_Rolling_RealWeather
2013-05-02 14:45:00,66.35312318412768,0.0,11.2,May,2013_Rolling_RealWeather
2013-05-02 14:50:00,66.35321862872793,0.0,11.2,May,2013_Rolling_RealWeather
2013-05-02 14:55:00,66.35353591753417,0.0,11.2,May,2013_Rolling_RealWeather
2013-05-02 15:00:00,66.90475299003678,0.0,5.4,May,2013_Rolling_RealWeather
2013-05-02 15:05:00,67.06414934183368,0.0,5.4,May,2013_Rolling_RealWeather
2013-05-02 15:10:00,67.0795417183122,0.0,5.4,May,2013_Rolling_RealWeather
2013-05-02 15:15:00,67.06992245035705,0.0,5.4,May,2013_Rolling_RealWeather
2013-05-02 15:20:00,67.04573498294448,0.0,5.4,May,2013_Rolling_RealWeather
2013-05-02 15:25:00,67.04135098029236,0.0,5.4,May,2013_Rolling_RealWeather
2013-05-02 15:30:00,67.04422979580266,0.0,5.4,May,2013_Rolling_RealWeather
2013-05-02 15:35:00,67.04822170171862,0.0,5.4,May,2013_Rolling_RealWeather
2013-05-02 15:40:00,67.05057041275997,0.0,5.4,May,2013_Rolling_RealWeather
2013-05-02 15:45:00,67.05085416697693,0.0,5.4,May,2013_Rolling_RealWeather
2013-05-02 15:50:00,67.050533008795,0.0,5.4,May,2013_Rolling_RealWeather
2013-05-02 15:55:00,67.0502054016536,0.0,5.4,May,2013_Rolling_RealWeather
2013-05-02 16:00:00,66.16752599976965,0.0,7.6,May,2013_Rolling_RealWeather
2013-05-02 16:05:00,65.77685706322644,0.0,7.6,May,2013_Rolling_RealWeather
2013-05-02 16:10:00,65.66554415328635,0.0,7.6,May,2013_Rolling_RealWeather
2013-05-02 16:15:00,65.70224131229142,0.0,7.6,May,2013_Rolling_RealWeather
2013-05-02 16:20:00,65.81705729701916,0.0,7.6,May,2013_Rolling_RealWeather
2013-05-02 16:25:00,65.89659102445097,0.0,7.6,May,2013_Rolling_RealWeather
2013-05-02 16:30:00,65.92612338947765,0.0,7.6,May,2013_Rolling_RealWeather
2013-05-02 16:35:00,65.92252229050598,0.0,7.6,May,2013_Rolling_RealWeather
2013-05-02 16:40:00,65.90601166445424,0.0,7.6,May,2013_Rolling_RealWeather
2013-05-02 16:45:00,65.89226764201791,0.0,7.6,May,2013_Rolling_RealWeather
2013-05-02 16:50:00,65.88605600425015,0.0,7.6,May,2013_Rolling_RealWeather
2013-05-02 16:55:00,65.88580836420626,0.0,7.6,May,2013_Rolling_RealWeather
2013-05-02 17:00:00,64.0694387746512,0.0,13.0,May,2013_Rolling_RealWeather
2013-05-02 17:05:00,62.901122724682985,0.0,13.0,May,2013_Rolling_RealWeather
2013-05-02 17:10:00,62.179982643676986,0.0,13.0,May,2013_Rolling_RealWeather
2013-05-02 17:15:00,61.9654451087722,0.0,13.0,May,2013_Rolling_RealWeather
2013-05-02 17:20:00,62.249114864522134,0.0,13.0,May,2013_Rolling_RealWeather
2013-05-02 17:25:00,62.73614286377133,0.0,13.0,May,2013_Rolling_RealWeather
2013-05-02 17:30:00,63.185512788900446,0.0,13.0,May,2013_Rolling_RealWeather
2013-05-02 17:35:00,63.446931034719654,0.0,13.0,May,2013_Rolling_RealWeather
2013-05-02 17:40:00,63.49651128007095,0.0,13.0,May,2013_Rolling_RealWeather
2013-05-02 17:45:00,63.398198827539524,0.0,13.0,May,2013_Rolling_RealWeather
2013-05-02 17:50:00,63.24140721047518,0.0,13.0,May,2013_Rolling_RealWeather
2013-05-02 17:55:00,63.10165696882749,0.0,13.0,May,2013_Rolling_RealWeather
2013-05-02 18:00:00,63.04510346359426,0.0,16.6,May,2013_Rolling_RealWeather
2013-05-02 18:05:00,63.043764659606936,0.0,16.6,May,2013_Rolling_RealWeather
2013-05-02 18:10:00,63.082209486630155,0.0,16.6,May,2013_Rolling_RealWeather
2013-05-02 18:15:00,63.132560382638886,0.0,16.6,May,2013_Rolling_RealWeather
2013-05-02 18:20:00,63.172374968654914,0.0,16.6,May,2013_Rolling_RealWeather
2013-05-02 18:25:00,63.19240156741324,0.0,16.6,May,2013_Rolling_RealWeather
2013-05-02 18:30:00,63.1932928136129,0.0,16.6,May,2013_Rolling_RealWeather
2013-05-02 18:35:00,63.18219802372952,0.0,16.6,May,2013_Rolling_RealWeather
2013-05-02 18:40:00,63.16746344111761,0.0,16.6,May,2013_Rolling_RealWeather
2013-05-02 18:45:00,63.155510939623866,0.0,16.6,May,2013_Rolling_RealWeather
2013-05-02 18:50:00,63.149345734364324,0.0,16.6,May,2013_Rolling_RealWeather
2013-05-02 18:55:00,63.148854323652216,0.0,16.6,May,2013_Rolling_RealWeather
2013-05-02 19:00:00,65.77284323084827,0.0,13.0,May,2013_Rolling_RealWeather
2013-05-02 19:05:00,66.5595505075948,0.0,13.0,May,2013_Rolling_RealWeather
2013-05-02 19:10:00,66.662744177554,0.0,13.0,May,2013_Rolling_RealWeather
2013-05-02 19:15:00,66.63586878383163,0.0,13.0,May,2013_Rolling_RealWeather
2013-05-02 19:20:00,66.58428226718719,0.0,13.0,May,2013_Rolling_RealWeather
2013-05-02 19:25:00,66.5698765815086,0.0,13.0,May,2013_Rolling_RealWeather
2013-05-02 19:30:00,66.56841653708311,0.0,13.0,May,2013_Rolling_RealWeather
2013-05-02 19:35:00,66.59123166591908,0.0,13.0,May,2013_Rolling_RealWeather
2013-05-02 19:40:00,66.60492151709579,0.0,13.0,May,2013_Rolling_RealWeather
2013-05-02 19:45:00,66.60872511339504,0.0,13.0,May,2013_Rolling_RealWeather
2013-05-02 19:50:00,66.6087896029898,0.0,13.0,May,2013_Rolling_RealWeather
2013-05-02 19:55:00,66.60770617779775,0.0,13.0,May,2013_Rolling_RealWeather
2013-05-02 20:00:00,65.96714909008337,0.0,20.5,May,2013_Rolling_RealWeather
2013-05-02 20:05:00,65.78904043746945,0.0,20.5,May,2013_Rolling_RealWeather
2013-05-02 20:10:00,65.73560693883095,0.0,20.5,May,2013_Rolling_RealWeather
2013-05-02 20:15:00,65.7461600161183,0.0,20.5,May,2013_Rolling_RealWeather
2013-05-02 20:20:00,65.75176416190338,0.0,20.5,May,2013_Rolling_RealWeather
2013-05-02 20:25:00,65.7575488785538,0.0,20.5,May,2013_Rolling_RealWeather
2013-05-02 20:30:00,65.7585110633077,0.0,20.5,May,2013_Rolling_RealWeather
2013-05-02 20:35:00,65.74907623559358,0.0,20.5,May,2013_Rolling_RealWeather
2013-05-02 20:40:00,65.74318317642394,0.0,20.5,May,2013_Rolling_RealWeather
2013-05-02 20:45:00,65.7405571601251,0.0,20.5,May,2013_Rolling_RealWeather
2013-05-02 20:50:00,65.74027727528383,0.0,20.5,May,2013_Rolling_RealWeather
2013-05-02 20:55:00,65.74043849927075,0.0,20.5,May,2013_Rolling_RealWeather
2013-05-02 21:00:00,65.19950993549296,0.0,24.1,May,2013_Rolling_RealWeather
2013-05-02 21:05:00,65.05172558012944,0.0,24.1,May,2013_Rolling_RealWeather
2013-05-02 21:10:00,64.99615231673664,0.0,24.1,May,2013_Rolling_RealWeather
2013-05-02 21:15:00,65.00666799005903,0.0,24.1,May,2013_Rolling_RealWeather
2013-05-02 21:20:00,64.99341408854292,0.0,24.1,May,2013_Rolling_RealWeather
2013-05-02 21:25:00,64.99149229861892,0.0,24.1,May,2013_Rolling_RealWeather
2013-05-02 21:30:00,64.9883116718051,0.0,24.1,May,2013_Rolling_RealWeather
2013-05-02 21:35:00,64.98073414442023,0.0,24.1,May,2013_Rolling_RealWeather
2013-05-02 21:40:00,64.97554789120922,0.0,24.1,May,2013_Rolling_RealWeather
2013-05-02 21:45:00,64.97321594746252,0.0,24.1,May,2013_Rolling_RealWeather
2013-05-02 21:50:00,64.97284706698046,0.0,24.1,May,2013_Rolling_RealWeather
2013-05-02 21:55:00,64.97247302733082,0.0,24.1,May,2013_Rolling_RealWeather
2013-05-02 22:00:00,64.53577270783624,0.0,24.1,May,2013_Rolling_RealWeather
2013-05-02 22:05:00,64.42676723559684,0.0,24.1,May,2013_Rolling_RealWeather
2013-05-02 22:10:00,64.3875614313554,0.0,24.1,May,2013_Rolling_RealWeather
2013-05-02 22:15:00,64.39501126934265,0.0,24.1,May,2013_Rolling_RealWeather
2013-05-02 22:20:00,64.37655305752901,0.0,24.1,May,2013_Rolling_RealWeather
2013-05-02 22:25:00,64.37045750103181,0.0,24.1,May,2013_Rolling_RealWeather
2013-05-02 22:30:00,64.3662334325747,0.0,24.1,May,2013_Rolling_RealWeather
2013-05-02 22:35:00,64.36134254170773,0.0,24.1,May,2013_Rolling_RealWeather
2013-05-02 22:40:00,64.35782527920924,0.0,24.1,May,2013_Rolling_RealWeather
2013-05-02 22:45:00,64.35629171664573,0.0,24.1,May,2013_Rolling_RealWeather
2013-05-02 22:50:00,64.35590606886903,0.0,24.1,May,2013_Rolling_RealWeather
2013-05-02 22:55:00,64.35546109066516,0.0,24.1,May,2013_Rolling_RealWeather
2013-05-02 23:00:00,64.2884280262826,0.0,18.4,May,2013_Rolling_RealWeather
2013-05-02 23:05:00,64.27612728097712,0.0,18.4,May,2013_Rolling_RealWeather
2013-05-02 23:10:00,64.27310013939886,0.0,18.4,May,2013_Rolling_RealWeather
2013-05-02 23:15:00,64.27274286704386,0.0,18.4,May,2013_Rolling_RealWeather
2013-05-02 23:20:00,64.27007299782059,0.0,18.4,May,2013_Rolling_RealWeather
2013-05-02 23:25:00,64.2691611149506,0.0,18.4,May,2013_Rolling_RealWeather
2013-05-02 23:30:00,64.26883866697679,0.0,18.4,May,2013_Rolling_RealWeather
2013-05-02 23:35:00,64.26835370522416,0.0,18.4,May,2013_Rolling_RealWeather
2013-05-02 23:40:00,64.26808800809373,0.0,18.4,May,2013_Rolling_RealWeather
2013-05-02 23:45:00,64.26798095536641,0.0,18.4,May,2013_Rolling_RealWeather
2013-05-02 23:50:00,64.26794613098524,0.0,18.4,May,2013_Rolling_RealWeather
2013-05-02 23:55:00,64.2679048576446,0.0,18.4,May,2013_Rolling_RealWeather
2013-05-03 00:00:00,64.8268890569407,0.0,22.3,May,2013_Rolling_RealWeather
2013-05-03 00:05:00,64.92422191252764,0.0,22.3,May,2013_Rolling_RealWeather
2013-05-03 00:10:00,64.9494528215835,0.0,22.3,May,2013_Rolling_RealWeather
2013-05-03 00:15:00,64.95518336697432,0.0,22.3,May,2013_Rolling_RealWeather
2013-05-03 00:20:00,64.97127868003578,0.0,22.3,May,2013_Rolling_RealWeather
2013-05-03 00:25:00,64.97578650270985,0.0,22.3,May,2013_Rolling_RealWeather
2013-05-03 00:30:00,64.9774193792493,0.0,22.3,May,2013_Rolling_RealWeather
2013-05-03 00:35:00,64.98135324452997,0.0,22.3,May,2013_Rolling_RealWeather
2013-05-03 00:40:00,64.98306479837503,0.0,22.3,May,2013_Rolling_RealWeather
2013-05-03 00:45:00,64.98366584139823,0.0,22.3,May,2013_Rolling_RealWeather
2013-05-03 00:50:00,64.9838696285177,0.0,22.3,May,2013_Rolling_RealWeather
2013-05-03 00:55:00,64.98410695022643,0.0,22.3,May,2013_Rolling_RealWeather
2013-05-03 01:00:00,64.97899808452915,0.0,18.4,May,2013_Rolling_RealWeather
2013-05-03 01:05:00,64.97827709085968,0.0,18.4,May,2013_Rolling_RealWeather
2013-05-03 01:10:00,64.97812876479172,0.0,18.4,May,2013_Rolling_RealWeather
2013-05-03 01:15:00,64.97804105894284,0.0,18.4,May,2013_Rolling_RealWeather
2013-05-03 01:20:00,64.9779675408048,0.0,18.4,May,2013_Rolling_RealWeather
2013-05-03 01:25:00,64.97795077351016,0.0,18.4,May,2013_Rolling_RealWeather
2013-05-03 01:30:00,64.9779430347588,0.0,18.4,May,2013_Rolling_RealWeather
2013-05-03 01:35:00,64.97792626746416,0.0,18.4,May,2013_Rolling_RealWeather
2013-05-03 01:40:00,64.97792239808847,0.0,18.4,May,2013_Rolling_RealWeather
2013-05-03 01:45:00,64.97791981850467,0.0,18.4,May,2013_Rolling_RealWeather
2013-05-03 01:50:00,64.97791981850467,0.0,18.4,May,2013_Rolling_RealWeather
2013-05-03 01:55:00,64.97791723892088,0.0,18.4,May,2013_Rolling_RealWeather
2013-05-03 02:00:00,64.99702679564166,0.0,16.6,May,2013_Rolling_RealWeather
2013-05-03 02:05:00,64.99958058359435,0.0,16.6,May,2013_Rolling_RealWeather
2013-05-03 02:10:00,65.00015454098777,0.0,16.6,May,2013_Rolling_RealWeather
2013-05-03 02:15:00,65.00053760918067,0.0,16.6,May,2013_Rolling_RealWeather
2013-05-03 02:20:00,65.000558245851,0.0,16.6,May,2013_Rolling_RealWeather
2013-05-03 02:25:00,65.00054921730772,0.0,16.6,May,2013_Rolling_RealWeather
2013-05-03 02:30:00,65.00054663772393,0.0,16.6,May,2013_Rolling_RealWeather
2013-05-03 02:35:00,65.00057372335374,0.0,16.6,May,2013_Rolling_RealWeather
2013-05-03 02:40:00,65.0005801723132,0.0,16.6,May,2013_Rolling_RealWeather
2013-05-03 02:45:00,65.00058533148079,0.0,16.6,May,2013_Rolling_RealWeather
2013-05-03 02:50:00,65.0005840416889,0.0,16.6,May,2013_Rolling_RealWeather
2013-05-03 02:55:00,65.00058662127269,0.0,16.6,May,2013_Rolling_RealWeather
2013-05-03 03:00:00,64.85795756411468,0.0,9.4,May,2013_Rolling_RealWeather
2013-05-03 03:05:00,64.84252262450363,0.0,9.4,May,2013_Rolling_RealWeather
2013-05-03 03:10:00,64.83749759527954,0.0,9.4,May,2013_Rolling_RealWeather
2013-05-03 03:15:00,64.83520950445728,0.0,9.4,May,2013_Rolling_RealWeather
2013-05-03 03:20:00,64.83574089871814,0.0,9.4,May,2013_Rolling_RealWeather
2013-05-03 03:25:00,64.83585311061303,0.0,9.4,May,2013_Rolling_RealWeather
2013-05-03 03:30:00,64.83591244104022,0.0,9.4,May,2013_Rolling_RealWeather
2013-05-03 03:35:00,64.83594210625381,0.0,9.4,May,2013_Rolling_RealWeather
2013-05-03 03:40:00,64.83594984500517,0.0,9.4,May,2013_Rolling_RealWeather
2013-05-03 03:45:00,64.83595500417276,0.0,9.4,May,2013_Rolling_RealWeather
2013-05-03 03:50:00,64.83595629396466,0.0,9.4,May,2013_Rolling_RealWeather
2013-05-03 03:55:00,64.83595758375655,0.0,9.4,May,2013_Rolling_RealWeather
2013-05-03 04:00:00,65.00560004236972,0.0,9.4,May,2013_Rolling_RealWeather
2013-05-03 04:05:00,65.02432782068948,0.0,9.4,May,2013_Rolling_RealWeather
2013-05-03 04:10:00,65.02992680730698,0.0,9.4,May,2013_Rolling_RealWeather
2013-05-03 04:15:00,65.0317596015902,0.0,9.4,May,2013_Rolling_RealWeather
2013-05-03 04:20:00,65.02902008360458,0.0,9.4,May,2013_Rolling_RealWeather
2013-05-03 04:25:00,65.02831843681354,0.0,9.4,May,2013_Rolling_RealWeather
2013-05-03 04:30:00,65.02801533571814,0.0,9.4,May,2013_Rolling_RealWeather
2013-05-03 04:35:00,65.02782315672574,0.0,9.4,May,2013_Rolling_RealWeather
2013-05-03 04:40:00,65.02781670776626,0.0,9.4,May,2013_Rolling_RealWeather
2013-05-03 04:45:00,65.02782186693385,0.0,9.4,May,2013_Rolling_RealWeather
2013-05-03 04:50:00,65.02782186693385,0.0,9.4,May,2013_Rolling_RealWeather
2013-05-03 04:55:00,65.02782702610143,0.0,9.4,May,2013_Rolling_RealWeather
2013-05-03 05:00:00,65.28635178502752,0.0,9.4,May,2013_Rolling_RealWeather
2013-05-03 05:05:00,65.31620788781993,0.0,9.4,May,2013_Rolling_RealWeather
2013-05-03 05:10:00,65.32400467982703,0.0,9.4,May,2013_Rolling_RealWeather
2013-05-03 05:15:00,65.32564400532596,0.0,9.4,May,2013_Rolling_RealWeather
2013-05-03 05:20:00,65.31854112135854,0.0,9.4,May,2013_Rolling_RealWeather
2013-05-03 05:25:00,65.31665673539949,0.0,9.4,May,2013_Rolling_RealWeather
2013-05-03 05:30:00,65.31587512151094,0.0,9.4,May,2013_Rolling_RealWeather
2013-05-03 05:35:00,65.31539789850969,0.0,9.4,May,2013_Rolling_RealWeather
2013-05-03 05:40:00,65.3154765758153,0.0,9.4,May,2013_Rolling_RealWeather
2013-05-03 05:45:00,65.31552171853163,0.0,9.4,May,2013_Rolling_RealWeather
2013-05-03 05:50:00,65.31555009395333,0.0,9.4,May,2013_Rolling_RealWeather
2013-05-03 05:55:00,65.31557975916692,0.0,9.4,May,2013_Rolling_RealWeather
2013-05-03 06:00:00,65.56534409031615,0.0,7.6,May,2013_Rolling_RealWeather
2013-05-03 06:05:00,65.59441728942811,0.0,7.6,May,2013_Rolling_RealWeather
2013-05-03 06:10:00,65.60165173216885,0.0,7.6,May,2013_Rolling_RealWeather
2013-05-03 06:15:00,65.60259070066863,0.0,7.6,May,2013_Rolling_RealWeather
2013-05-03 06:20:00,65.59420705334918,0.0,7.6,May,2013_Rolling_RealWeather
2013-05-03 06:25:00,65.59207115797055,0.0,7.6,May,2013_Rolling_RealWeather
2013-05-03 06:30:00,65.59116443426817,0.0,7.6,May,2013_Rolling_RealWeather
2013-05-03 06:35:00,65.59065367667762,0.0,7.6,May,2013_Rolling_RealWeather
2013-05-03 06:40:00,65.59081748024832,0.0,7.6,May,2013_Rolling_RealWeather
2013-05-03 06:45:00,65.59089744734584,0.0,7.6,May,2013_Rolling_RealWeather
2013-05-03 06:50:00,65.59094903902165,0.0,7.6,May,2013_Rolling_RealWeather
2013-05-03 06:55:00,65.59099418173798,0.0,7.6,May,2013_Rolling_RealWeather
2013-05-03 07:00:00,65.73582104428557,0.0,0.0,May,2013_Rolling_RealWeather
2013-05-03 07:05:00,65.74986042906592,0.0,0.0,May,2013_Rolling_RealWeather
2013-05-03 07:10:00,65.75418897066655,0.0,0.0,May,2013_Rolling_RealWeather
2013-05-03 07:15:00,65.75530979982356,0.0,0.0,May,2013_Rolling_RealWeather
2013-05-03 07:20:00,65.75105864573665,0.0,0.0,May,2013_Rolling_RealWeather
2013-05-03 07:25:00,65.75033507248338,0.0,0.0,May,2013_Rolling_RealWeather
2013-05-03 07:30:00,65.74992362886879,0.0,0.0,May,2013_Rolling_RealWeather
2013-05-03 07:35:00,65.74965406236267,0.0,0.0,May,2013_Rolling_RealWeather
2013-05-03 07:40:00,65.74973402946017,0.0,0.0,May,2013_Rolling_RealWeather
2013-05-03 07:45:00,65.7497533763386,0.0,0.0,May,2013_Rolling_RealWeather
2013-05-03 07:50:00,65.74977788238462,0.0,0.0,May,2013_Rolling_RealWeather
2013-05-03 07:55:00,65.74979980884683,0.0,0.0,May,2013_Rolling_RealWeather
2013-05-03 08:00:00,66.14885884166897,0.0,7.6,May,2013_Rolling_RealWeather
2013-05-03 08:05:00,66.2022562261344,0.0,7.6,May,2013_Rolling_RealWeather
2013-05-03 08:10:00,66.21165493967546,0.0,7.6,May,2013_Rolling_RealWeather
2013-05-03 08:15:00,66.21325815100131,0.0,7.6,May,2013_Rolling_RealWeather
2013-05-03 08:20:00,66.1970957687613,0.0,7.6,May,2013_Rolling_RealWeather
2013-05-03 08:25:00,66.19267694172801,0.0,7.6,May,2013_Rolling_RealWeather
2013-05-03 08:30:00,66.19110468540764,0.0,7.6,May,2013_Rolling_RealWeather
2013-05-03 08:35:00,66.19044302216534,0.0,7.6,May,2013_Rolling_RealWeather
2013-05-03 08:40:00,66.19097441642622,0.0,7.6,May,2013_Rolling_RealWeather
2013-05-03 08:45:00,66.1912246360539,0.0,7.6,May,2013_Rolling_RealWeather
2013-05-03 08:50:00,66.19136006420291,0.0,7.6,May,2013_Rolling_RealWeather
2013-05-03 08:55:00,66.19143229254904,0.0,7.6,May,2013_Rolling_RealWeather
2013-05-03 09:00:00,66.35382483091873,0.0,7.6,May,2013_Rolling_RealWeather
2013-05-03 09:05:00,66.37697143627179,0.0,7.6,May,2013_Rolling_RealWeather
2013-05-03 09:10:00,66.38054931898935,0.0,7.6,May,2013_Rolling_RealWeather
2013-05-03 09:15:00,66.3814960262405,0.0,7.6,May,2013_Rolling_RealWeather
2013-05-03 09:20:00,66.37511413594255,0.0,7.6,May,2013_Rolling_RealWeather
2013-05-03 09:25:00,66.373371627092,0.0,7.6,May,2013_Rolling_RealWeather
2013-05-03 09:30:00,66.37279122073912,0.0,7.6,May,2013_Rolling_RealWeather
2013-05-03 09:35:00,66.37261580904135,0.0,7.6,May,2013_Rolling_RealWeather
2013-05-03 09:40:00,66.37284152262303,0.0,7.6,May,2013_Rolling_RealWeather
2013-05-03 09:45:00,66.37294599576656,0.0,7.6,May,2013_Rolling_RealWeather
2013-05-03 09:50:00,66.37299113848289,0.0,7.6,May,2013_Rolling_RealWeather
2013-05-03 09:55:00,66.37301306494511,0.0,7.6,May,2013_Rolling_RealWeather
2013-05-03 10:00:00,66.32941036013258,0.0,0.0,May,2013_Rolling_RealWeather
2013-05-03 10:05:00,66.32394164249651,0.0,0.0,May,2013_Rolling_RealWeather
2013-05-03 10:10:00,66.3231497102728,0.0,0.0,May,2013_Rolling_RealWeather
2013-05-03 10:15:00,66.32250094494947,0.0,0.0,May,2013_Rolling_RealWeather
2013-05-03 10:20:00,66.32387457331795,0.0,0.0,May,2013_Rolling_RealWeather
2013-05-03 10:25:00,66.32413898065649,0.0,0.0,May,2013_Rolling_RealWeather
2013-05-03 10:30:00,66.32423055588106,0.0,0.0,May,2013_Rolling_RealWeather
2013-05-03 10:35:00,66.32429633526772,0.0,0.0,May,2013_Rolling_RealWeather
2013-05-03 10:40:00,66.32425635171896,0.0,0.0,May,2013_Rolling_RealWeather
2013-05-03 10:45:00,66.3242447435919,0.0,0.0,May,2013_Rolling_RealWeather
2013-05-03 10:50:00,66.32424345380001,0.0,0.0,May,2013_Rolling_RealWeather
2013-05-03 10:55:00,66.32423700484054,0.0,0.0,May,2013_Rolling_RealWeather
2013-05-03 11:00:00,66.47023112905337,0.0,5.4,May,2013_Rolling_RealWeather
2013-05-03 11:05:00,66.49262578573148,0.0,5.4,May,2013_Rolling_RealWeather
2013-05-03 11:10:00,66.49536014454951,0.0,5.4,May,2013_Rolling_RealWeather
2013-05-03 11:15:00,66.49721357550305,0.0,5.4,May,2013_Rolling_RealWeather
2013-05-03 11:20:00,66.49255226759344,0.0,5.4,May,2013_Rolling_RealWeather
2013-05-03 11:25:00,66.49150624636636,0.0,5.4,May,2013_Rolling_RealWeather
2013-05-03 11:30:00,66.49123796965213,0.0,5.4,May,2013_Rolling_RealWeather
2013-05-03 11:35:00,66.49117605964115,0.0,5.4,May,2013_Rolling_RealWeather
2013-05-03 11:40:00,66.49134244279564,0.0,5.4,May,2013_Rolling_RealWeather
2013-05-03 11:45:00,66.49139016509577,0.0,5.4,May,2013_Rolling_RealWeather
2013-05-03 11:50:00,66.49141338134989,0.0,5.4,May,2013_Rolling_RealWeather
2013-05-03 11:55:00,66.49141983030937,0.0,5.4,May,2013_Rolling_RealWeather
2013-05-03 12:00:00,66.56129301644536,0.0,5.4,May,2013_Rolling_RealWeather
2013-05-03 12:05:00,66.57266640137813,0.0,5.4,May,2013_Rolling_RealWeather
2013-05-03 12:10:00,66.57383495283527,0.0,5.4,May,2013_Rolling_RealWeather
2013-05-03 12:15:00,66.57493643511386,0.0,5.4,May,2013_Rolling_RealWeather
2013-05-03 12:20:00,66.57296305351404,0.0,5.4,May,2013_Rolling_RealWeather
2013-05-03 12:25:00,66.57257353636166,0.0,5.4,May,2013_Rolling_RealWeather
2013-05-03 12:30:00,66.57252065489395,0.0,5.4,May,2013_Rolling_RealWeather
2013-05-03 12:35:00,66.57251033655879,0.0,5.4,May,2013_Rolling_RealWeather
2013-05-03 12:40:00,66.5725877240725,0.0,5.4,May,2013_Rolling_RealWeather
2013-05-03 12:45:00,66.57260449136714,0.0,5.4,May,2013_Rolling_RealWeather
2013-05-03 12:50:00,66.57260836074283,0.0,5.4,May,2013_Rolling_RealWeather
2013-05-03 12:55:00,66.57261223011852,0.0,5.4,May,2013_Rolling_RealWeather
2013-05-03 13:00:00,66.66275836526485,0.0,7.6,May,2013_Rolling_RealWeather
2013-05-03 13:05:00,66.68009316833769,0.0,7.6,May,2013_Rolling_RealWeather
2013-05-03 13:10:00,66.68188468928025,0.0,7.6,May,2013_Rolling_RealWeather
2013-05-03 13:15:00,66.68331893786784,0.0,7.6,May,2013_Rolling_RealWeather
2013-05-03 13:20:00,66.68107083059432,0.0,7.6,May,2013_Rolling_RealWeather
2013-05-03 13:25:00,66.68064261968509,0.0,7.6,May,2013_Rolling_RealWeather
2013-05-03 13:30:00,66.68065293802024,0.0,7.6,May,2013_Rolling_RealWeather
2013-05-03 13:35:00,66.68073548470154,0.0,7.6,May,2013_Rolling_RealWeather
2013-05-03 13:40:00,66.68084382722076,0.0,7.6,May,2013_Rolling_RealWeather
2013-05-03 13:45:00,66.68086962305865,0.0,7.6,May,2013_Rolling_RealWeather
2013-05-03 13:50:00,66.68087478222624,0.0,7.6,May,2013_Rolling_RealWeather
2013-05-03 13:55:00,66.68086833326676,0.0,7.6,May,2013_Rolling_RealWeather
2013-05-03 14:00:00,66.94967257237441,0.0,0.0,May,2013_Rolling_RealWeather
2013-05-03 14:05:00,66.98911053915701,0.0,0.0,May,2013_Rolling_RealWeather
2013-05-03 14:10:00,66.9890834535272,0.0,0.0,May,2013_Rolling_RealWeather
2013-05-03 14:15:00,66.99630628814089,0.0,0.0,May,2013_Rolling_RealWeather
2013-05-03 14:20:00,66.99216863574077,0.0,0.0,May,2013_Rolling_RealWeather
2013-05-03 14:25:00,66.9920228892566,0.0,0.0,May,2013_Rolling_RealWeather
2013-05-03 14:30:00,66.9924356226631,0.0,0.0,May,2013_Rolling_RealWeather
2013-05-03 14:35:00,66.99207319114052,0.0,0.0,May,2013_Rolling_RealWeather
2013-05-03 14:40:00,66.99211059510547,0.0,0.0,May,2013_Rolling_RealWeather
2013-05-03 14:45:00,66.99211575427306,0.0,0.0,May,2013_Rolling_RealWeather
2013-05-03 14:50:00,66.99208866864326,0.0,0.0,May,2013_Rolling_RealWeather
2013-05-03 14:55:00,66.99209511760273,0.0,0.0,May,2013_Rolling_RealWeather
2013-05-03 15:00:00,66.87744551602948,0.0,7.6,May,2013_Rolling_RealWeather
2013-05-03 15:05:00,66.84831814565791,0.0,7.6,May,2013_Rolling_RealWeather
2013-05-03 15:10:00,66.84517750239286,0.0,7.6,May,2013_Rolling_RealWeather
2013-05-03 15:15:00,66.84405022427637,0.0,7.6,May,2013_Rolling_RealWeather
2013-05-03 15:20:00,66.84645310657731,0.0,7.6,May,2013_Rolling_RealWeather
2013-05-03 15:25:00,66.84688518686224,0.0,7.6,May,2013_Rolling_RealWeather
2013-05-03 15:30:00,66.84680650955663,0.0,7.6,May,2013_Rolling_RealWeather
2013-05-03 15:35:00,66.84665431411298,0.0,7.6,May,2013_Rolling_RealWeather
2013-05-03 15:40:00,66.84651114721261,0.0,7.6,May,2013_Rolling_RealWeather
2013-05-03 15:45:00,66.8464840615828,0.0,7.6,May,2013_Rolling_RealWeather
2013-05-03 15:50:00,66.84647890241521,0.0,7.6,May,2013_Rolling_RealWeather
2013-05-03 15:55:00,66.8464840615828,0.0,7.6,May,2013_Rolling_RealWeather
2013-05-03 16:00:00,67.4168893681118,0.0,0.0,May,2013_Rolling_RealWeather
2013-05-03 16:05:00,67.4993277068918,0.0,0.0,May,2013_Rolling_RealWeather
2013-05-03 16:10:00,67.4929638736804,0.0,0.0,May,2013_Rolling_RealWeather
2013-05-03 16:15:00,67.50913915383936,0.0,0.0,May,2013_Rolling_RealWeather
2013-05-03 16:20:00,67.5044597888432,0.0,0.0,May,2013_Rolling_RealWeather
2013-05-03 16:25:00,67.50516788459373,0.0,0.0,May,2013_Rolling_RealWeather
2013-05-03 16:30:00,67.50595723723366,0.0,0.0,May,2013_Rolling_RealWeather
2013-05-03 16:35:00,67.50478094702514,0.0,0.0,May,2013_Rolling_RealWeather
2013-05-03 16:40:00,67.5046803432573,0.0,0.0,May,2013_Rolling_RealWeather
2013-05-03 16:45:00,67.50466486575456,0.0,0.0,May,2013_Rolling_RealWeather
2013-05-03 16:50:00,67.5045990863679,0.0,0.0,May,2013_Rolling_RealWeather
2013-05-03 16:55:00,67.50461843324634,0.0,0.0,May,2013_Rolling_RealWeather
2013-05-03 17:00:00,67.52719237099788,0.0,0.0,May,2013_Rolling_RealWeather
2013-05-03 17:05:00,67.52974228957488,0.0,0.0,May,2013_Rolling_RealWeather
2013-05-03 17:10:00,67.529408233474,0.0,0.0,May,2013_Rolling_RealWeather
2013-05-03 17:15:00,67.5301537331895,0.0,0.0,May,2013_Rolling_RealWeather
2013-05-03 17:20:00,67.53000927649721,0.0,0.0,May,2013_Rolling_RealWeather
2013-05-03 17:25:00,67.53003765191892,0.0,0.0,May,2013_Rolling_RealWeather
2013-05-03 17:30:00,67.53005699879733,0.0,0.0,May,2013_Rolling_RealWeather
2013-05-03 17:35:00,67.53000282753774,0.0,0.0,May,2013_Rolling_RealWeather
2013-05-03 17:40:00,67.53000153774585,0.0,0.0,May,2013_Rolling_RealWeather
2013-05-03 17:45:00,67.53000024795395,0.0,0.0,May,2013_Rolling_RealWeather
2013-05-03 17:50:00,67.52999895816205,0.0,0.0,May,2013_Rolling_RealWeather
2013-05-03 17:55:00,67.52999766837016,0.0,0.0,May,2013_Rolling_RealWeather
2013-05-03 18:00:00,67.28385378307104,0.0,0.0,May,2013_Rolling_RealWeather
2013-05-03 18:05:00,67.26288821581294,0.0,0.0,May,2013_Rolling_RealWeather
2013-05-03 18:10:00,67.26572833756639,0.0,0.0,May,2013_Rolling_RealWeather
2013-05-03 18:15:00,67.25659274157198,0.0,0.0,May,2013_Rolling_RealWeather
2013-05-03 18:20:00,67.2570493279029,0.0,0.0,May,2013_Rolling_RealWeather
2013-05-03 18:25:00,67.25668302700464,0.0,0.0,May,2013_Rolling_RealWeather
2013-05-03 18:30:00,67.25670237388307,0.0,0.0,May,2013_Rolling_RealWeather
2013-05-03 18:35:00,67.25714864187884,0.0,0.0,May,2013_Rolling_RealWeather
2013-05-03 18:40:00,67.25716411938159,0.0,0.0,May,2013_Rolling_RealWeather
2013-05-03 18:45:00,67.25717701730055,0.0,0.0,May,2013_Rolling_RealWeather
2013-05-03 18:50:00,67.25720539272224,0.0,0.0,May,2013_Rolling_RealWeather
2013-05-03 18:55:00,67.25721055188983,0.0,0.0,May,2013_Rolling_RealWeather
2013-05-03 19:00:00,66.94988280845334,0.0,14.8,May,2013_Rolling_RealWeather
2013-05-03 19:05:00,66.8919066627596,0.0,14.8,May,2013_Rolling_RealWeather
2013-05-03 19:10:00,66.88843454297745,0.0,14.8,May,2013_Rolling_RealWeather
2013-05-03 19:15:00,66.88639538199098,0.0,14.8,May,2013_Rolling_RealWeather
2013-05-03 19:20:00,66.88819206210113,0.0,14.8,May,2013_Rolling_RealWeather
2013-05-03 19:25:00,66.88861382405089,0.0,14.8,May,2013_Rolling_RealWeather
2013-05-03 19:30:00,66.88911426330627,0.0,14.8,May,2013_Rolling_RealWeather
2013-05-03 19:35:00,66.8872105304688,0.0,14.8,May,2013_Rolling_RealWeather
2013-05-03 19:40:00,66.88639280240719,0.0,14.8,May,2013_Rolling_RealWeather
2013-05-03 19:45:00,66.8862522150906,0.0,14.8,May,2013_Rolling_RealWeather
2013-05-03 19:50:00,66.88620320299857,0.0,14.8,May,2013_Rolling_RealWeather
2013-05-03 19:55:00,66.88621868050132,0.0,14.8,May,2013_Rolling_RealWeather
2013-05-03 20:00:00,66.49494354176733,0.0,20.5,May,2013_Rolling_RealWeather
2013-05-03 20:05:00,66.41120509275684,0.0,20.5,May,2013_Rolling_RealWeather
2013-05-03 20:10:00,66.3944519858288,0.0,20.5,May,2013_Rolling_RealWeather
2013-05-03 20:15:00,66.39719666298198,0.0,20.5,May,2013_Rolling_RealWeather
2013-05-03 20:20:00,66.39439910436109,0.0,20.5,May,2013_Rolling_RealWeather
2013-05-03 20:25:00,66.39445585520447,0.0,20.5,May,2013_Rolling_RealWeather
2013-05-03 20:30:00,66.39498466988155,0.0,20.5,May,2013_Rolling_RealWeather
2013-05-03 20:35:00,66.39120686942022,0.0,20.5,May,2013_Rolling_RealWeather
2013-05-03 20:40:00,66.38940503014248,0.0,20.5,May,2013_Rolling_RealWeather
2013-05-03 20:45:00,66.38883494212476,0.0,20.5,May,2013_Rolling_RealWeather
2013-05-03 20:50:00,66.38881043607874,0.0,20.5,May,2013_Rolling_RealWeather
2013-05-03 20:55:00,66.38875884440293,0.0,20.5,May,2013_Rolling_RealWeather
2013-05-03 21:00:00,65.96282828723412,0.0,24.1,May,2013_Rolling_RealWeather
2013-05-03 21:05:00,65.86725599758425,0.0,24.1,May,2013_Rolling_RealWeather
2013-05-03 21:10:00,65.83892442881209,0.0,24.1,May,2013_Rolling_RealWeather
2013-05-03 21:15:00,65.84488197757648,0.0,24.1,May,2013_Rolling_RealWeather
2013-05-03 21:20:00,65.83457654033303,0.0,24.1,May,2013_Rolling_RealWeather
2013-05-03 21:25:00,65.83265732999283,0.0,24.1,May,2013_Rolling_RealWeather
2013-05-03 21:30:00,65.8317867204635,0.0,24.1,May,2013_Rolling_RealWeather
2013-05-03 21:35:00,65.82739110968431,0.0,24.1,May,2013_Rolling_RealWeather
2013-05-03 21:40:00,65.82488762361554,0.0,24.1,May,2013_Rolling_RealWeather
2013-05-03 21:45:00,65.82392156948596,0.0,24.1,May,2013_Rolling_RealWeather
2013-05-03 21:50:00,65.82386352885067,0.0,24.1,May,2013_Rolling_RealWeather
2013-05-03 21:55:00,65.82365329277174,0.0,24.1,May,2013_Rolling_RealWeather
2013-05-03 22:00:00,65.47803549733948,0.0,22.3,May,2013_Rolling_RealWeather
2013-05-03 22:05:00,65.41176469996705,0.0,22.3,May,2013_Rolling_RealWeather
2013-05-03 22:10:00,65.3939114005523,0.0,22.3,May,2013_Rolling_RealWeather
2013-05-03 22:15:00,65.39504383783637,0.0,22.3,May,2013_Rolling_RealWeather
2013-05-03 22:20:00,65.383456347449,0.0,22.3,May,2013_Rolling_RealWeather
2013-05-03 22:25:00,65.38003968871834,0.0,22.3,May,2013_Rolling_RealWeather
2013-05-03 22:30:00,65.37900011645073,0.0,22.3,May,2013_Rolling_RealWeather
2013-05-03 22:35:00,65.37607099905651,0.0,22.3,May,2013_Rolling_RealWeather
2013-05-03 22:40:00,65.37452066919836,0.0,22.3,May,2013_Rolling_RealWeather
2013-05-03 22:45:00,65.3739351036779,0.0,22.3,May,2013_Rolling_RealWeather
2013-05-03 22:50:00,65.37383965907763,0.0,22.3,May,2013_Rolling_RealWeather
2013-05-03 22:55:00,65.37363587195819,0.0,22.3,May,2013_Rolling_RealWeather
2013-05-03 23:00:00,65.13972808114579,0.0,24.1,May,2013_Rolling_RealWeather
2013-05-03 23:05:00,65.0945776260589,0.0,24.1,May,2013_Rolling_RealWeather
2013-05-03 23:10:00,65.08113928430177,0.0,24.1,May,2013_Rolling_RealWeather
2013-05-03 23:15:00,65.08132630412659,0.0,24.1,May,2013_Rolling_RealWeather
2013-05-03 23:20:00,65.07285108158257,0.0,24.1,May,2013_Rolling_RealWeather
2013-05-03 23:25:00,65.07041337490045,0.0,24.1,May,2013_Rolling_RealWeather
2013-05-03 23:30:00,65.06939056992748,0.0,24.1,May,2013_Rolling_RealWeather
2013-05-03 23:35:00,65.06728820913814,0.0,24.1,May,2013_Rolling_RealWeather
2013-05-03 23:40:00,65.06616093102166,0.0,24.1,May,2013_Rolling_RealWeather
2013-05-03 23:45:00,65.06572756094484,0.0,24.1,May,2013_Rolling_RealWeather
2013-05-03 23:50:00,65.06562308780131,0.0,24.1,May,2013_Rolling_RealWeather
2013-05-03 23:55:00,65.06545799443872,0.0,24.1,May,2013_Rolling_RealWeather
2013-05-04 00:00:00,65.54062006947512,0.0,27.7,May,2013_Rolling_RealWeather
2013-05-04 00:05:00,65.62434433077476,0.0,27.7,May,2013_Rolling_RealWeather
2013-05-04 00:10:00,65.64832285190029,0.0,27.7,May,2013_Rolling_RealWeather
2013-05-04 00:15:00,65.65030139266769,0.0,27.7,May,2013_Rolling_RealWeather
2013-05-04 00:20:00,65.66306904263926,0.0,27.7,May,2013_Rolling_RealWeather
2013-05-04 00:25:00,65.66598139273884,0.0,27.7,May,2013_Rolling_RealWeather
2013-05-04 00:30:00,65.66644055865358,0.0,27.7,May,2013_Rolling_RealWeather
2013-05-04 00:35:00,65.66969083422973,0.0,27.7,May,2013_Rolling_RealWeather
2013-05-04 00:40:00,65.67113540115247,0.0,27.7,May,2013_Rolling_RealWeather
2013-05-04 00:45:00,65.67166034645385,0.0,27.7,May,2013_Rolling_RealWeather
2013-05-04 00:50:00,65.67176610938927,0.0,27.7,May,2013_Rolling_RealWeather
2013-05-04 00:55:00,65.6719492598384,0.0,27.7,May,2013_Rolling_RealWeather
2013-05-04 01:00:00,65.56243045042466,0.0,16.6,May,2013_Rolling_RealWeather
2013-05-04 01:05:00,65.54819501727623,0.0,16.6,May,2013_Rolling_RealWeather
2013-05-04 01:10:00,65.54474095458062,0.0,16.6,May,2013_Rolling_RealWeather
2013-05-04 01:15:00,65.5421652401657,0.0,16.6,May,2013_Rolling_RealWeather
2013-05-04 01:20:00,65.54089479514883,0.0,16.6,May,2013_Rolling_RealWeather
2013-05-04 01:25:00,65.54061620009945,0.0,16.6,May,2013_Rolling_RealWeather
2013-05-04 01:30:00,65.54069100802937,0.0,16.6,May,2013_Rolling_RealWeather
2013-05-04 01:35:00,65.54043562923411,0.0,16.6,May,2013_Rolling_RealWeather
2013-05-04 01:40:00,65.54036856005555,0.0,16.6,May,2013_Rolling_RealWeather
2013-05-04 01:45:00,65.5403543723447,0.0,16.6,May,2013_Rolling_RealWeather
2013-05-04 01:50:00,65.54034405400954,0.0,16.6,May,2013_Rolling_RealWeather
2013-05-04 01:55:00,65.54033760505006,0.0,16.6,May,2013_Rolling_RealWeather
2013-05-04 02:00:00,65.40323917553911,0.0,13.0,May,2013_Rolling_RealWeather
2013-05-04 02:05:00,65.38681496554436,0.0,13.0,May,2013_Rolling_RealWeather
2013-05-04 02:10:00,65.38239613851106,0.0,13.0,May,2013_Rolling_RealWeather
2013-05-04 02:15:00,65.37930063796233,0.0,13.0,May,2013_Rolling_RealWeather
2013-05-04 02:20:00,65.37896529206957,0.0,13.0,May,2013_Rolling_RealWeather
2013-05-04 02:25:00,65.37894723498303,0.0,13.0,May,2013_Rolling_RealWeather
2013-05-04 02:30:00,65.37909943042668,0.0,13.0,May,2013_Rolling_RealWeather
2013-05-04 02:35:00,65.37902591228864,0.0,13.0,May,2013_Rolling_RealWeather
2013-05-04 02:40:00,65.37901817353726,0.0,13.0,May,2013_Rolling_RealWeather
2013-05-04 02:45:00,65.37902333270485,0.0,13.0,May,2013_Rolling_RealWeather
2013-05-04 02:50:00,65.37901817353726,0.0,13.0,May,2013_Rolling_RealWeather
2013-05-04 02:55:00,65.37901946332916,0.0,13.0,May,2013_Rolling_RealWeather
2013-05-04 03:00:00,65.36023106479033,0.0,13.0,May,2013_Rolling_RealWeather
2013-05-04 03:05:00,65.35799843501955,0.0,13.0,May,2013_Rolling_RealWeather
2013-05-04 03:10:00,65.3574373755451,0.0,13.0,May,2013_Rolling_RealWeather
2013-05-04 03:15:00,65.357081392982,0.0,13.0,May,2013_Rolling_RealWeather
2013-05-04 03:20:00,65.3572748617663,0.0,13.0,May,2013_Rolling_RealWeather
2013-05-04 03:25:00,65.35733806156917,0.0,13.0,May,2013_Rolling_RealWeather
2013-05-04 03:30:00,65.3573806247017,0.0,13.0,May,2013_Rolling_RealWeather
2013-05-04 03:35:00,65.35739094303688,0.0,13.0,May,2013_Rolling_RealWeather
2013-05-04 03:40:00,65.35739352262067,0.0,13.0,May,2013_Rolling_RealWeather
2013-05-04 03:45:00,65.35739352262067,0.0,13.0,May,2013_Rolling_RealWeather
2013-05-04 03:50:00,65.35739223282877,0.0,13.0,May,2013_Rolling_RealWeather
2013-05-04 03:55:00,65.35739223282877,0.0,13.0,May,2013_Rolling_RealWeather
2013-05-04 04:00:00,65.33959181488173,0.0,11.2,May,2013_Rolling_RealWeather
2013-05-04 04:05:00,65.33755523347905,0.0,11.2,May,2013_Rolling_RealWeather
2013-05-04 04:10:00,65.33703028817766,0.0,11.2,May,2013_Rolling_RealWeather
2013-05-04 04:15:00,65.33677619917428,0.0,11.2,May,2013_Rolling_RealWeather
2013-05-04 04:20:00,65.33714894903203,0.0,11.2,May,2013_Rolling_RealWeather
2013-05-04 04:25:00,65.33725471196745,0.0,11.2,May,2013_Rolling_RealWeather
2013-05-04 04:30:00,65.33730501385136,0.0,11.2,May,2013_Rolling_RealWeather
2013-05-04 04:35:00,65.33732694031357,0.0,11.2,May,2013_Rolling_RealWeather
2013-05-04 04:40:00,65.33732694031357,0.0,11.2,May,2013_Rolling_RealWeather
2013-05-04 04:45:00,65.3373243607298,0.0,11.2,May,2013_Rolling_RealWeather
2013-05-04 04:50:00,65.3373243607298,0.0,11.2,May,2013_Rolling_RealWeather
2013-05-04 04:55:00,65.3373243607298,0.0,11.2,May,2013_Rolling_RealWeather
2013-05-04 05:00:00,65.33579595733386,0.0,7.6,May,2013_Rolling_RealWeather
2013-05-04 05:05:00,65.33563344355505,0.0,7.6,May,2013_Rolling_RealWeather
2013-05-04 05:10:00,65.33558572125493,0.0,7.6,May,2013_Rolling_RealWeather
2013-05-04 05:15:00,65.33557153354407,0.0,7.6,May,2013_Rolling_RealWeather
2013-05-04 05:20:00,65.33561151709283,0.0,7.6,May,2013_Rolling_RealWeather
2013-05-04 05:25:00,65.33562441501178,0.0,7.6,May,2013_Rolling_RealWeather
2013-05-04 05:30:00,65.33562570480368,0.0,7.6,May,2013_Rolling_RealWeather
2013-05-04 05:35:00,65.33562699459557,0.0,7.6,May,2013_Rolling_RealWeather
2013-05-04 05:40:00,65.33562828438747,0.0,7.6,May,2013_Rolling_RealWeather
2013-05-04 05:45:00,65.33562570480368,0.0,7.6,May,2013_Rolling_RealWeather
2013-05-04 05:50:00,65.33562441501178,0.0,7.6,May,2013_Rolling_RealWeather
2013-05-04 05:55:00,65.33562957417936,0.0,7.6,May,2013_Rolling_RealWeather
2013-05-04 06:00:00,65.48362287582991,0.0,5.4,May,2013_Rolling_RealWeather
2013-05-04 06:05:00,65.49949505489349,0.0,5.4,May,2013_Rolling_RealWeather
2013-05-04 06:10:00,65.50392549005383,0.0,5.4,May,2013_Rolling_RealWeather
2013-05-04 06:15:00,65.50520883298967,0.0,5.4,May,2013_Rolling_RealWeather
2013-05-04 06:20:00,65.50011286521134,0.0,5.4,May,2013_Rolling_RealWeather
2013-05-04 06:25:00,65.49896237084072,0.0,5.4,May,2013_Rolling_RealWeather
2013-05-04 06:30:00,65.4984219480366,0.0,5.4,May,2013_Rolling_RealWeather
2013-05-04 06:35:00,65.49809434089518,0.0,5.4,May,2013_Rolling_RealWeather
2013-05-04 06:40:00,65.49821300174955,0.0,5.4,May,2013_Rolling_RealWeather
2013-05-04 06:45:00,65.49826459342536,0.0,5.4,May,2013_Rolling_RealWeather
2013-05-04 06:50:00,65.49829812801464,0.0,5.4,May,2013_Rolling_RealWeather
2013-05-04 06:55:00,65.49833037281202,0.0,5.4,May,2013_Rolling_RealWeather
2013-05-04 07:00:00,65.57490273805222,0.0,0.0,May,2013_Rolling_RealWeather
2013-05-04 07:05:00,65.58263117108885,0.0,0.0,May,2013_Rolling_RealWeather
2013-05-04 07:10:00,65.5848405846055,0.0,0.0,May,2013_Rolling_RealWeather
2013-05-04 07:15:00,65.58574150424437,0.0,0.0,May,2013_Rolling_RealWeather
2013-05-04 07:20:00,65.582974255733,0.0,0.0,May,2013_Rolling_RealWeather
2013-05-04 07:25:00,65.58244028188835,0.0,0.0,May,2013_Rolling_RealWeather
2013-05-04 07:30:00,65.58218941736472,0.0,0.0,May,2013_Rolling_RealWeather
2013-05-04 07:35:00,65.582001107748,0.0,0.0,May,2013_Rolling_RealWeather
2013-05-04 07:40:00,65.58207591567793,0.0,0.0,May,2013_Rolling_RealWeather
2013-05-04 07:45:00,65.58210235641178,0.0,0.0,May,2013_Rolling_RealWeather
2013-05-04 07:50:00,65.58212041349832,0.0,0.0,May,2013_Rolling_RealWeather
2013-05-04 07:55:00,65.58213847058485,0.0,0.0,May,2013_Rolling_RealWeather
2013-05-04 08:00:00,65.8227543078207,0.0,0.0,May,2013_Rolling_RealWeather
2013-05-04 08:05:00,65.849322731072,0.0,0.0,May,2013_Rolling_RealWeather
2013-05-04 08:10:00,65.85502232145733,0.0,0.0,May,2013_Rolling_RealWeather
2013-05-04 08:15:00,65.85829452349572,0.0,0.0,May,2013_Rolling_RealWeather
2013-05-04 08:20:00,65.8485811007322,0.0,0.0,May,2013_Rolling_RealWeather
2013-05-04 08:25:00,65.84650066640508,0.0,0.0,May,2013_Rolling_RealWeather
2013-05-04 08:30:00,65.84570228522189,0.0,0.0,May,2013_Rolling_RealWeather
2013-05-04 08:35:00,65.8450947932392,0.0,0.0,May,2013_Rolling_RealWeather
2013-05-04 08:40:00,65.84541724121303,0.0,0.0,May,2013_Rolling_RealWeather
2013-05-04 08:45:00,65.84554106123498,0.0,0.0,May,2013_Rolling_RealWeather
2013-05-04 08:50:00,65.84560813041354,0.0,0.0,May,2013_Rolling_RealWeather
2013-05-04 08:55:00,65.84566617104882,0.0,0.0,May,2013_Rolling_RealWeather
2013-05-04 09:00:00,66.2107391874298,0.0,5.4,May,2013_Rolling_RealWeather
2013-05-04 09:05:00,66.25833766753395,0.0,5.4,May,2013_Rolling_RealWeather
2013-05-04 09:10:00,66.26528319689015,0.0,5.4,May,2013_Rolling_RealWeather
2013-05-04 09:15:00,66.26983100311298,0.0,5.4,May,2013_Rolling_RealWeather
2013-05-04 09:20:00,66.2538788569519,0.0,5.4,May,2013_Rolling_RealWeather
2013-05-04 09:25:00,66.24977344934916,0.0,5.4,May,2013_Rolling_RealWeather
2013-05-04 09:30:00,66.24842432702668,0.0,5.4,May,2013_Rolling_RealWeather
2013-05-04 09:35:00,66.24769688439773,0.0,5.4,May,2013_Rolling_RealWeather
2013-05-04 09:40:00,66.24831856409126,0.0,5.4,May,2013_Rolling_RealWeather
2013-05-04 09:45:00,66.24859715914064,0.0,5.4,May,2013_Rolling_RealWeather
2013-05-04 09:50:00,66.24872742812207,0.0,5.4,May,2013_Rolling_RealWeather
2013-05-04 09:55:00,66.24880868501148,0.0,5.4,May,2013_Rolling_RealWeather
2013-05-04 10:00:00,66.37390173156096,0.0,5.4,May,2013_Rolling_RealWeather
2013-05-04 10:05:00,66.39104048626572,0.0,5.4,May,2013_Rolling_RealWeather
2013-05-04 10:10:00,66.3930783574603,0.0,5.4,May,2013_Rolling_RealWeather
2013-05-04 10:15:00,66.39487890694613,0.0,5.4,May,2013_Rolling_RealWeather
2013-05-04 10:20:00,66.389644931435,0.0,5.4,May,2013_Rolling_RealWeather
2013-05-04 10:25:00,66.38827775202599,0.0,5.4,May,2013_Rolling_RealWeather
2013-05-04 10:30:00,66.38785727986811,0.0,5.4,May,2013_Rolling_RealWeather
2013-05-04 10:35:00,66.3876418846216,0.0,5.4,May,2013_Rolling_RealWeather
2013-05-04 10:40:00,66.38784825132485,0.0,5.4,May,2013_Rolling_RealWeather
2013-05-04 10:45:00,66.38793337758995,0.0,5.4,May,2013_Rolling_RealWeather
2013-05-04 10:50:00,66.38797981009817,0.0,5.4,May,2013_Rolling_RealWeather
2013-05-04 10:55:00,66.38799657739281,0.0,5.4,May,2013_Rolling_RealWeather
2013-05-04 11:00:00,66.58132735395506,0.0,7.6,May,2013_Rolling_RealWeather
2013-05-04 11:05:00,66.60994783611179,0.0,7.6,May,2013_Rolling_RealWeather
2013-05-04 11:10:00,66.61285760662757,0.0,7.6,May,2013_Rolling_RealWeather
2013-05-04 11:15:00,66.61595826634388,0.0,7.6,May,2013_Rolling_RealWeather
2013-05-04 11:20:00,66.60858194649465,0.0,7.6,May,2013_Rolling_RealWeather
2013-05-04 11:25:00,66.60659953635158,0.0,7.6,May,2013_Rolling_RealWeather
2013-05-04 11:30:00,66.60602557895817,0.0,7.6,May,2013_Rolling_RealWeather
2013-05-04 11:35:00,66.60579599600081,0.0,7.6,May,2013_Rolling_RealWeather
2013-05-04 11:40:00,66.60608490938536,0.0,7.6,May,2013_Rolling_RealWeather
2013-05-04 11:45:00,66.60619583148835,0.0,7.6,May,2013_Rolling_RealWeather
2013-05-04 11:50:00,66.60625000274796,0.0,7.6,May,2013_Rolling_RealWeather
2013-05-04 11:55:00,66.60627321900206,0.0,7.6,May,2013_Rolling_RealWeather
2013-05-04 12:00:00,66.82305886118036,0.0,11.2,May,2013_Rolling_RealWeather
2013-05-04 12:05:00,66.85917174445687,0.0,11.2,May,2013_Rolling_RealWeather
2013-05-04 12:10:00,66.86296115304526,0.0,11.2,May,2013_Rolling_RealWeather
2013-05-04 12:15:00,66.86683955727443,0.0,11.2,May,2013_Rolling_RealWeather
2013-05-04 12:20:00,66.85988757895876,0.0,11.2,May,2013_Rolling_RealWeather
2013-05-04 12:25:00,66.85791290756706,0.0,11.2,May,2013_Rolling_RealWeather
2013-05-04 12:30:00,66.85734797871692,0.0,11.2,May,2013_Rolling_RealWeather
2013-05-04 12:35:00,66.85731573391953,0.0,11.2,May,2013_Rolling_RealWeather
2013-05-04 12:40:00,66.85761367584735,0.0,11.2,May,2013_Rolling_RealWeather
2013-05-04 12:45:00,66.85771427961518,0.0,11.2,May,2013_Rolling_RealWeather
2013-05-04 12:50:00,66.8577645814991,0.0,11.2,May,2013_Rolling_RealWeather
2013-05-04 12:55:00,66.85776716108289,0.0,11.2,May,2013_Rolling_RealWeather
2013-05-04 13:00:00,66.93141169872075,0.0,9.4,May,2013_Rolling_RealWeather
2013-05-04 13:05:00,66.94382723550491,0.0,9.4,May,2013_Rolling_RealWeather
2013-05-04 13:10:00,66.94482811401566,0.0,9.4,May,2013_Rolling_RealWeather
2013-05-04 13:15:00,66.94645325180375,0.0,9.4,May,2013_Rolling_RealWeather
2013-05-04 13:20:00,66.94435605018198,0.0,9.4,May,2013_Rolling_RealWeather
2013-05-04 13:25:00,66.94376532549393,0.0,9.4,May,2013_Rolling_RealWeather
2013-05-04 13:30:00,66.94365440339094,0.0,9.4,May,2013_Rolling_RealWeather
2013-05-04 13:35:00,66.9436131300503,0.0,9.4,May,2013_Rolling_RealWeather
2013-05-04 13:40:00,66.9436918073559,0.0,9.4,May,2013_Rolling_RealWeather
2013-05-04 13:45:00,66.9437188929857,0.0,9.4,May,2013_Rolling_RealWeather
2013-05-04 13:50:00,66.94372534194518,0.0,9.4,May,2013_Rolling_RealWeather
2013-05-04 13:55:00,66.94373050111277,0.0,9.4,May,2013_Rolling_RealWeather
2013-05-04 14:00:00,66.91062799211988,0.0,18.4,May,2013_Rolling_RealWeather
2013-05-04 14:05:00,66.90201992101065,0.0,18.4,May,2013_Rolling_RealWeather
2013-05-04 14:10:00,66.90013940442729,0.0,18.4,May,2013_Rolling_RealWeather
2013-05-04 14:15:00,66.89949450847965,0.0,18.4,May,2013_Rolling_RealWeather
2013-05-04 14:20:00,66.89992271938888,0.0,18.4,May,2013_Rolling_RealWeather
2013-05-04 14:25:00,66.90011747796508,0.0,18.4,May,2013_Rolling_RealWeather
2013-05-04 14:30:00,66.90019615527069,0.0,18.4,May,2013_Rolling_RealWeather
2013-05-04 14:35:00,66.90003880065946,0.0,18.4,May,2013_Rolling_RealWeather
2013-05-04 14:40:00,66.89993948668352,0.0,18.4,May,2013_Rolling_RealWeather
2013-05-04 14:45:00,66.89990466230235,0.0,18.4,May,2013_Rolling_RealWeather
2013-05-04 14:50:00,66.89988531542392,0.0,18.4,May,2013_Rolling_RealWeather
2013-05-04 14:55:00,66.89988660521581,0.0,18.4,May,2013_Rolling_RealWeather
2013-05-04 15:00:00,66.78348030708118,0.0,18.4,May,2013_Rolling_RealWeather
2013-05-04 15:05:00,66.74602475044165,0.0,18.4,May,2013_Rolling_RealWeather
2013-05-04 15:10:00,66.73554390150044,0.0,18.4,May,2013_Rolling_RealWeather
2013-05-04 15:15:00,66.73293594228814,0.0,18.4,May,2013_Rolling_RealWeather
2013-05-04 15:20:00,66.73406193061274,0.0,18.4,May,2013_Rolling_RealWeather
2013-05-04 15:25:00,66.73478550386601,0.0,18.4,May,2013_Rolling_RealWeather
2013-05-04 15:30:00,66.73521371477524,0.0,18.4,May,2013_Rolling_RealWeather
2013-05-04 15:35:00,66.73456494945191,0.0,18.4,May,2013_Rolling_RealWeather
2013-05-04 15:40:00,66.73405548165326,0.0,18.4,May,2013_Rolling_RealWeather
2013-05-04 15:45:00,66.73381558036074,0.0,18.4,May,2013_Rolling_RealWeather
2013-05-04 15:50:00,66.73372013576048,0.0,18.4,May,2013_Rolling_RealWeather
2013-05-04 15:55:00,66.73371110721722,0.0,18.4,May,2013_Rolling_RealWeather
2013-05-04 16:00:00,65.50431242762242,0.0,24.1,May,2013_Rolling_RealWeather
2013-05-04 16:05:00,64.87823051312502,0.0,24.1,May,2013_Rolling_RealWeather
2013-05-04 16:10:00,64.4922602884564,0.0,24.1,May,2013_Rolling_RealWeather
2013-05-04 16:15:00,64.34279404446141,0.0,24.1,May,2013_Rolling_RealWeather
2013-05-04 16:20:00,64.30526110030817,0.0,24.1,May,2013_Rolling_RealWeather
2013-05-04 16:25:00,64.31716845908558,0.0,24.1,May,2013_Rolling_RealWeather
2013-05-04 16:30:00,64.3430468436729,0.0,24.1,May,2013_Rolling_RealWeather
2013-05-04 16:35:00,64.34926364060824,0.0,24.1,May,2013_Rolling_RealWeather
2013-05-04 16:40:00,64.34608946275391,0.0,24.1,May,2013_Rolling_RealWeather
2013-05-04 16:45:00,64.33749299977173,0.0,24.1,May,2013_Rolling_RealWeather
2013-05-04 16:50:00,64.32959302441301,0.0,24.1,May,2013_Rolling_RealWeather
2013-05-04 16:55:00,64.3242726328449,0.0,24.1,May,2013_Rolling_RealWeather
2013-05-04 17:00:00,64.94700866594191,0.0,22.3,May,2013_Rolling_RealWeather
2013-05-04 17:05:00,65.29411117306965,0.0,22.3,May,2013_Rolling_RealWeather
2013-05-04 17:10:00,65.49086118794634,0.0,22.3,May,2013_Rolling_RealWeather
2013-05-04 17:15:00,65.56345841456522,0.0,22.3,May,2013_Rolling_RealWeather
2013-05-04 17:20:00,65.57462672258661,0.0,22.3,May,2013_Rolling_RealWeather
2013-05-04 17:25:00,65.56289606529886,0.0,22.3,May,2013_Rolling_RealWeather
2013-05-04 17:30:00,65.54718897959789,0.0,22.3,May,2013_Rolling_RealWeather
2013-05-04 17:35:00,65.54403543841389,0.0,22.3,May,2013_Rolling_RealWeather
2013-05-04 17:40:00,65.54668983013441,0.0,22.3,May,2013_Rolling_RealWeather
2013-05-04 17:45:00,65.55156266391486,0.0,22.3,May,2013_Rolling_RealWeather
2013-05-04 17:50:00,65.55557262691735,0.0,22.3,May,2013_Rolling_RealWeather
2013-05-04 17:55:00,65.55786329732341,0.0,22.3,May,2013_Rolling_RealWeather
2013-05-04 18:00:00,67.25336181287425,0.0,16.6,May,2013_Rolling_RealWeather
2013-05-04 18:05:00,67.68188614154451,0.0,16.6,May,2013_Rolling_RealWeather
2013-05-04 18:10:00,67.73397180765242,0.0,16.6,May,2013_Rolling_RealWeather
2013-05-04 18:15:00,67.7602422889759,0.0,16.6,May,2013_Rolling_RealWeather
2013-05-04 18:20:00,67.7436117122779,0.0,16.6,May,2013_Rolling_RealWeather
2013-05-04 18:25:00,67.73262268532994,0.0,16.6,May,2013_Rolling_RealWeather
2013-05-04 18:30:00,67.72703917621519,0.0,16.6,May,2013_Rolling_RealWeather
2013-05-04 18:35:00,67.73688415775202,0.0,16.6,May,2013_Rolling_RealWeather
2013-05-04 18:40:00,67.74244574040455,0.0,16.6,May,2013_Rolling_RealWeather
2013-05-04 18:45:00,67.7438877277435,0.0,16.6,May,2013_Rolling_RealWeather
2013-05-04 18:50:00,67.74453004410735,0.0,16.6,May,2013_Rolling_RealWeather
2013-05-04 18:55:00,67.74444104846658,0.0,16.6,May,2013_Rolling_RealWeather
2013-05-04 19:00:00,67.47879679950242,0.0,13.0,May,2013_Rolling_RealWeather
2013-05-04 19:05:00,67.44480175451798,0.0,13.0,May,2013_Rolling_RealWeather
2013-05-04 19:10:00,67.44526865918408,0.0,13.0,May,2013_Rolling_RealWeather
2013-05-04 19:15:00,67.43861462279624,0.0,13.0,May,2013_Rolling_RealWeather
2013-05-04 19:20:00,67.4399147330267,0.0,13.0,May,2013_Rolling_RealWeather
2013-05-04 19:25:00,67.44030167059529,0.0,13.0,May,2013_Rolling_RealWeather
2013-05-04 19:30:00,67.44069247753956,0.0,13.0,May,2013_Rolling_RealWeather
2013-05-04 19:35:00,67.43998696137282,0.0,13.0,May,2013_Rolling_RealWeather
2013-05-04 19:40:00,67.43974319070462,0.0,13.0,May,2013_Rolling_RealWeather
2013-05-04 19:45:00,67.43974577028841,0.0,13.0,May,2013_Rolling_RealWeather
2013-05-04 19:50:00,67.43969933778018,0.0,13.0,May,2013_Rolling_RealWeather
2013-05-04 19:55:00,67.43970062757208,0.0,13.0,May,2013_Rolling_RealWeather
2013-05-04 20:00:00,67.02233170900426,0.0,13.0,May,2013_Rolling_RealWeather
2013-05-04 20:05:00,66.97253155413482,0.0,13.0,May,2013_Rolling_RealWeather
2013-05-04 20:10:00,66.96998808451728,0.0,13.0,May,2013_Rolling_RealWeather
2013-05-04 20:15:00,66.95973939811722,0.0,13.0,May,2013_Rolling_RealWeather
2013-05-04 20:20:00,66.95762542920083,0.0,13.0,May,2013_Rolling_RealWeather
2013-05-04 20:25:00,66.95710048389944,0.0,13.0,May,2013_Rolling_RealWeather
2013-05-04 20:30:00,66.95783953465545,0.0,13.0,May,2013_Rolling_RealWeather
2013-05-04 20:35:00,66.9567535298796,0.0,13.0,May,2013_Rolling_RealWeather
2013-05-04 20:40:00,66.95644011044905,0.0,13.0,May,2013_Rolling_RealWeather
2013-05-04 20:45:00,66.95644526961664,0.0,13.0,May,2013_Rolling_RealWeather
2013-05-04 20:50:00,66.95639625752462,0.0,13.0,May,2013_Rolling_RealWeather
2013-05-04 20:55:00,66.95637820043808,0.0,13.0,May,2013_Rolling_RealWeather
2013-05-04 21:00:00,66.6569813873658,0.0,18.4,May,2013_Rolling_RealWeather
2013-05-04 21:05:00,66.61360181655117,0.0,18.4,May,2013_Rolling_RealWeather
2013-05-04 21:10:00,66.60636866360232,0.0,18.4,May,2013_Rolling_RealWeather
2013-05-04 21:15:00,66.60303068217728,0.0,18.4,May,2013_Rolling_RealWeather
2013-05-04 21:20:00,66.59801597128836,0.0,18.4,May,2013_Rolling_RealWeather
2013-05-04 21:25:00,66.59670941209842,0.0,18.4,May,2013_Rolling_RealWeather
2013-05-04 21:30:00,66.59719824322673,0.0,18.4,May,2013_Rolling_RealWeather
2013-05-04 21:35:00,66.59573303963367,0.0,18.4,May,2013_Rolling_RealWeather
2013-05-04 21:40:00,66.59521454329176,0.0,18.4,May,2013_Rolling_RealWeather
2013-05-04 21:45:00,66.59509201306172,0.0,18.4,May,2013_Rolling_RealWeather
2013-05-04 21:50:00,66.5950649274319,0.0,18.4,May,2013_Rolling_RealWeather
2013-05-04 21:55:00,66.5950133357561,0.0,18.4,May,2013_Rolling_RealWeather
2013-05-04 22:00:00,66.24231587261053,0.0,18.4,May,2013_Rolling_RealWeather
2013-05-04 22:05:00,66.19250668919783,0.0,18.4,May,2013_Rolling_RealWeather
2013-05-04 22:10:00,66.18185171835076,0.0,18.4,May,2013_Rolling_RealWeather
2013-05-04 22:15:00,66.17691439497554,0.0,18.4,May,2013_Rolling_RealWeather
2013-05-04 22:20:00,66.16881708145685,0.0,18.4,May,2013_Rolling_RealWeather
2013-05-04 22:25:00,66.1666915044134,0.0,18.4,May,2013_Rolling_RealWeather
2013-05-04 22:30:00,66.16703845843323,0.0,18.4,May,2013_Rolling_RealWeather
2013-05-04 22:35:00,66.16532948417195,0.0,18.4,May,2013_Rolling_RealWeather
2013-05-04 22:40:00,66.1646845882243,0.0,18.4,May,2013_Rolling_RealWeather
2013-05-04 22:45:00,66.16449627860759,0.0,18.4,May,2013_Rolling_RealWeather
2013-05-04 22:50:00,66.16445887464262,0.0,18.4,May,2013_Rolling_RealWeather
2013-05-04 22:55:00,66.16437632796132,0.0,18.4,May,2013_Rolling_RealWeather
2013-05-04 23:00:00,65.86677232562351,0.0,14.8,May,2013_Rolling_RealWeather
2013-05-04 23:05:00,65.82965082508488,0.0,14.8,May,2013_Rolling_RealWeather
2013-05-04 23:10:00,65.82082090976965,0.0,14.8,May,2013_Rolling_RealWeather
2013-05-04 23:15:00,65.81374253184825,0.0,14.8,May,2013_Rolling_RealWeather
2013-05-04 23:20:00,65.80693243064106,0.0,14.8,May,2013_Rolling_RealWeather
2013-05-04 23:25:00,65.80524925221769,0.0,14.8,May,2013_Rolling_RealWeather
2013-05-04 23:30:00,65.80542853329113,0.0,14.8,May,2013_Rolling_RealWeather
2013-05-04 23:35:00,65.80435800601803,0.0,14.8,May,2013_Rolling_RealWeather
2013-05-04 23:40:00,65.80399041532787,0.0,14.8,May,2013_Rolling_RealWeather
2013-05-04 23:45:00,65.80389239114383,0.0,14.8,May,2013_Rolling_RealWeather
2013-05-04 23:50:00,65.80385627697076,0.0,14.8,May,2013_Rolling_RealWeather
2013-05-04 23:55:00,65.80380855467064,0.0,14.8,May,2013_Rolling_RealWeather
2013-05-05 00:00:00,65.61220996862377,0.0,11.2,May,2013_Rolling_RealWeather
2013-05-05 00:05:00,65.59037508162824,0.0,11.2,May,2013_Rolling_RealWeather
2013-05-05 00:10:00,65.58400350966545,0.0,11.2,May,2013_Rolling_RealWeather
2013-05-05 00:15:00,65.57854897974023,0.0,11.2,May,2013_Rolling_RealWeather
2013-05-05 00:20:00,65.57455578403238,0.0,11.2,May,2013_Rolling_RealWeather
2013-05-05 00:25:00,65.57362197470019,0.0,11.2,May,2013_Rolling_RealWeather
2013-05-05 00:30:00,65.57369678263011,0.0,11.2,May,2013_Rolling_RealWeather
2013-05-05 00:35:00,65.57340142028609,0.0,11.2,May,2013_Rolling_RealWeather
2013-05-05 00:40:00,65.57330210631015,0.0,11.2,May,2013_Rolling_RealWeather
2013-05-05 00:45:00,65.57328920839119,0.0,11.2,May,2013_Rolling_RealWeather
2013-05-05 00:50:00,65.57329049818308,0.0,11.2,May,2013_Rolling_RealWeather
2013-05-05 00:55:00,65.57328662880741,0.0,11.2,May,2013_Rolling_RealWeather
2013-05-05 01:00:00,65.48745742713464,0.0,13.0,May,2013_Rolling_RealWeather
2013-05-05 01:05:00,65.47716488781015,0.0,13.0,May,2013_Rolling_RealWeather
2013-05-05 01:10:00,65.4741828889482,0.0,13.0,May,2013_Rolling_RealWeather
2013-05-05 01:15:00,65.47199540189378,0.0,13.0,May,2013_Rolling_RealWeather
2013-05-05 01:20:00,65.47069142228763,0.0,13.0,May,2013_Rolling_RealWeather
2013-05-05 01:25:00,65.47039605994361,0.0,13.0,May,2013_Rolling_RealWeather
2013-05-05 01:30:00,65.47045152099511,0.0,13.0,May,2013_Rolling_RealWeather
2013-05-05 01:35:00,65.47035220701918,0.0,13.0,May,2013_Rolling_RealWeather
2013-05-05 01:40:00,65.47033157034885,0.0,13.0,May,2013_Rolling_RealWeather
2013-05-05 01:45:00,65.47032770097316,0.0,13.0,May,2013_Rolling_RealWeather
2013-05-05 01:50:00,65.47032899076505,0.0,13.0,May,2013_Rolling_RealWeather
2013-05-05 01:55:00,65.47033028055695,0.0,13.0,May,2013_Rolling_RealWeather
2013-05-05 02:00:00,65.28211610844335,0.0,9.4,May,2013_Rolling_RealWeather
2013-05-05 02:05:00,65.26134771812124,0.0,9.4,May,2013_Rolling_RealWeather
2013-05-05 02:10:00,65.25427191978362,0.0,9.4,May,2013_Rolling_RealWeather
2013-05-05 02:15:00,65.24995627610195,0.0,9.4,May,2013_Rolling_RealWeather
2013-05-05 02:20:00,65.24877611651775,0.0,9.4,May,2013_Rolling_RealWeather
2013-05-05 02:25:00,65.24861102315515,0.0,9.4,May,2013_Rolling_RealWeather
2013-05-05 02:30:00,65.2488161000665,0.0,9.4,May,2013_Rolling_RealWeather
2013-05-05 02:35:00,65.24886511215853,0.0,9.4,May,2013_Rolling_RealWeather
2013-05-05 02:40:00,65.24890638549917,0.0,9.4,May,2013_Rolling_RealWeather
2013-05-05 02:45:00,65.24893347112898,0.0,9.4,May,2013_Rolling_RealWeather
2013-05-05 02:50:00,65.24894636904793,0.0,9.4,May,2013_Rolling_RealWeather
2013-05-05 02:55:00,65.24895281800741,0.0,9.4,May,2013_Rolling_RealWeather
2013-05-05 03:00:00,65.40180621674344,0.0,13.0,May,2013_Rolling_RealWeather
2013-05-05 03:05:00,65.42013286978376,0.0,13.0,May,2013_Rolling_RealWeather
2013-05-05 03:10:00,65.42511017670772,0.0,13.0,May,2013_Rolling_RealWeather
2013-05-05 03:15:00,65.42803026555868,0.0,13.0,May,2013_Rolling_RealWeather
2013-05-05 03:20:00,65.42693136286388,0.0,13.0,May,2013_Rolling_RealWeather
2013-05-05 03:25:00,65.4264889642438,0.0,13.0,May,2013_Rolling_RealWeather
2013-05-05 03:30:00,65.42612395313742,0.0,13.0,May,2013_Rolling_RealWeather
2013-05-05 03:35:00,65.42598852498843,0.0,13.0,May,2013_Rolling_RealWeather
2013-05-05 03:40:00,65.42594725164777,0.0,13.0,May,2013_Rolling_RealWeather
2013-05-05 03:45:00,65.42592532518555,0.0,13.0,May,2013_Rolling_RealWeather
2013-05-05 03:50:00,65.42592532518555,0.0,13.0,May,2013_Rolling_RealWeather
2013-05-05 03:55:00,65.42592274560175,0.0,13.0,May,2013_Rolling_RealWeather
2013-05-05 04:00:00,65.59748312476324,0.0,14.8,May,2013_Rolling_RealWeather
2013-05-05 04:05:00,65.61918516319356,0.0,14.8,May,2013_Rolling_RealWeather
2013-05-05 04:10:00,65.6239780298765,0.0,14.8,May,2013_Rolling_RealWeather
2013-05-05 04:15:00,65.626583409505,0.0,14.8,May,2013_Rolling_RealWeather
2013-05-05 04:20:00,65.62311386930665,0.0,14.8,May,2013_Rolling_RealWeather
2013-05-05 04:25:00,65.62195434639277,0.0,14.8,May,2013_Rolling_RealWeather
2013-05-05 04:30:00,65.62135330336956,0.0,14.8,May,2013_Rolling_RealWeather
2013-05-05 04:35:00,65.62108889603103,0.0,14.8,May,2013_Rolling_RealWeather
2013-05-05 04:40:00,65.62108244707154,0.0,14.8,May,2013_Rolling_RealWeather
2013-05-05 04:45:00,65.62109405519861,0.0,14.8,May,2013_Rolling_RealWeather
2013-05-05 04:50:00,65.62110953270135,0.0,14.8,May,2013_Rolling_RealWeather
2013-05-05 04:55:00,65.62111727145272,0.0,14.8,May,2013_Rolling_RealWeather
2013-05-05 05:00:00,65.54637512091196,0.0,9.4,May,2013_Rolling_RealWeather
2013-05-05 05:05:00,65.53755810351569,0.0,9.4,May,2013_Rolling_RealWeather
2013-05-05 05:10:00,65.53511910704168,0.0,9.4,May,2013_Rolling_RealWeather
2013-05-05 05:15:00,65.5343194360666,0.0,9.4,May,2013_Rolling_RealWeather
2013-05-05 05:20:00,65.53635343788548,0.0,9.4,May,2013_Rolling_RealWeather
2013-05-05 05:25:00,65.53693513403026,0.0,9.4,May,2013_Rolling_RealWeather
2013-05-05 05:30:00,65.53723049637428,0.0,9.4,May,2013_Rolling_RealWeather
2013-05-05 05:35:00,65.53737366327466,0.0,9.4,May,2013_Rolling_RealWeather
2013-05-05 05:40:00,65.53735431639623,0.0,9.4,May,2013_Rolling_RealWeather
2013-05-05 05:45:00,65.5373349695178,0.0,9.4,May,2013_Rolling_RealWeather
2013-05-05 05:50:00,65.53732336139075,0.0,9.4,May,2013_Rolling_RealWeather
2013-05-05 05:55:00,65.5373091736799,0.0,9.4,May,2013_Rolling_RealWeather
2013-05-05 06:00:00,65.69725755640799,0.0,7.6,May,2013_Rolling_RealWeather
2013-05-05 06:05:00,65.71661991234024,0.0,7.6,May,2013_Rolling_RealWeather
2013-05-05 06:10:00,65.72178165950523,0.0,7.6,May,2013_Rolling_RealWeather
2013-05-05 06:15:00,65.72327846299972,0.0,7.6,May,2013_Rolling_RealWeather
2013-05-05 06:20:00,65.71791228381933,0.0,7.6,May,2013_Rolling_RealWeather
2013-05-05 06:25:00,65.71642773334783,0.0,7.6,May,2013_Rolling_RealWeather
2013-05-05 06:30:00,65.71574543343522,0.0,7.6,May,2013_Rolling_RealWeather
2013-05-05 06:35:00,65.71544039765199,0.0,7.6,May,2013_Rolling_RealWeather
2013-05-05 06:40:00,65.71556228298608,0.0,7.6,May,2013_Rolling_RealWeather
2013-05-05 06:45:00,65.7156274174768,0.0,7.6,May,2013_Rolling_RealWeather
2013-05-05 06:50:00,65.71567578467287,0.0,7.6,May,2013_Rolling_RealWeather
2013-05-05 06:55:00,65.71570287030268,0.0,7.6,May,2013_Rolling_RealWeather
2013-05-05 07:00:00,66.58045287505006,0.0,20.5,May,2013_Rolling_RealWeather
2013-05-05 07:05:00,66.71471376239134,0.0,20.5,May,2013_Rolling_RealWeather
2013-05-05 07:10:00,66.73300817063428,0.0,20.5,May,2013_Rolling_RealWeather
2013-05-05 07:15:00,66.74077400763588,0.0,20.5,May,2013_Rolling_RealWeather
2013-05-05 07:20:00,66.71360325156948,0.0,20.5,May,2013_Rolling_RealWeather
2013-05-05 07:25:00,66.70365121730535,0.0,20.5,May,2013_Rolling_RealWeather
2013-05-05 07:30:00,66.69947358135647,0.0,20.5,May,2013_Rolling_RealWeather
2013-05-05 07:35:00,66.6995999809622,0.0,20.5,May,2013_Rolling_RealWeather
2013-05-05 07:40:00,66.7006447123974,0.0,20.5,May,2013_Rolling_RealWeather
2013-05-05 07:45:00,66.70115804957173,0.0,20.5,May,2013_Rolling_RealWeather
2013-05-05 07:50:00,66.70147275879418,0.0,20.5,May,2013_Rolling_RealWeather
2013-05-05 07:55:00,66.70150758317536,0.0,20.5,May,2013_Rolling_RealWeather
2013-05-05 08:00:00,66.72980174798256,0.0,14.8,May,2013_Rolling_RealWeather
2013-05-05 08:05:00,66.73400517976934,0.0,14.8,May,2013_Rolling_RealWeather
2013-05-05 08:10:00,66.73470166739281,0.0,14.8,May,2013_Rolling_RealWeather
2013-05-05 08:15:00,66.73498155223409,0.0,14.8,May,2013_Rolling_RealWeather
2013-05-05 08:20:00,66.73401420831262,0.0,14.8,May,2013_Rolling_RealWeather
2013-05-05 08:25:00,66.73370723784153,0.0,14.8,May,2013_Rolling_RealWeather
2013-05-05 08:30:00,66.7335769688601,0.0,14.8,May,2013_Rolling_RealWeather
2013-05-05 08:35:00,66.7335769688601,0.0,14.8,May,2013_Rolling_RealWeather
2013-05-05 08:40:00,66.73361437282507,0.0,14.8,May,2013_Rolling_RealWeather
2013-05-05 08:45:00,66.73363758907918,0.0,14.8,May,2013_Rolling_RealWeather
2013-05-05 08:50:00,66.73364532783056,0.0,14.8,May,2013_Rolling_RealWeather
2013-05-05 08:55:00,66.73364790741435,0.0,14.8,May,2013_Rolling_RealWeather
2013-05-05 09:00:00,67.06218498877715,0.0,22.3,May,2013_Rolling_RealWeather
2013-05-05 09:05:00,67.11763830152368,0.0,22.3,May,2013_Rolling_RealWeather
2013-05-05 09:10:00,67.12654947372832,0.0,22.3,May,2013_Rolling_RealWeather
2013-05-05 09:15:00,67.12958048468228,0.0,22.3,May,2013_Rolling_RealWeather
2013-05-05 09:20:00,67.12317021896263,0.0,22.3,May,2013_Rolling_RealWeather
2013-05-05 09:25:00,67.12102271545696,0.0,22.3,May,2013_Rolling_RealWeather
2013-05-05 09:30:00,67.11968907063721,0.0,22.3,May,2013_Rolling_RealWeather
2013-05-05 09:35:00,67.12079184270769,0.0,22.3,May,2013_Rolling_RealWeather
2013-05-05 09:40:00,67.12133742467941,0.0,22.3,May,2013_Rolling_RealWeather
2013-05-05 09:45:00,67.12149477929063,0.0,22.3,May,2013_Rolling_RealWeather
2013-05-05 09:50:00,67.1215850647233,0.0,22.3,May,2013_Rolling_RealWeather
2013-05-05 09:55:00,67.12155539950972,0.0,22.3,May,2013_Rolling_RealWeather
2013-05-05 10:00:00,67.1122276245229,0.0,18.4,May,2013_Rolling_RealWeather
2013-05-05 10:05:00,67.1106643967458,0.0,18.4,May,2013_Rolling_RealWeather
2013-05-05 10:10:00,67.11039869961536,0.0,18.4,May,2013_Rolling_RealWeather
2013-05-05 10:15:00,67.11029293667995,0.0,18.4,May,2013_Rolling_RealWeather
2013-05-05 10:20:00,67.11047608712909,0.0,18.4,May,2013_Rolling_RealWeather
2013-05-05 10:25:00,67.11052122984542,0.0,18.4,May,2013_Rolling_RealWeather
2013-05-05 10:30:00,67.1105547644347,0.0,18.4,May,2013_Rolling_RealWeather
2013-05-05 10:35:00,67.110526389013,0.0,18.4,May,2013_Rolling_RealWeather
2013-05-05 10:40:00,67.11051220130216,0.0,18.4,May,2013_Rolling_RealWeather
2013-05-05 10:45:00,67.11050962171836,0.0,18.4,May,2013_Rolling_RealWeather
2013-05-05 10:50:00,67.11050575234268,0.0,18.4,May,2013_Rolling_RealWeather
2013-05-05 10:55:00,67.11050704213457,0.0,18.4,May,2013_Rolling_RealWeather
2013-05-05 11:00:00,67.0090907054071,0.0,11.2,May,2013_Rolling_RealWeather
2013-05-05 11:05:00,66.9930637513161,0.0,11.2,May,2013_Rolling_RealWeather
2013-05-05 11:10:00,66.99036034750355,0.0,11.2,May,2013_Rolling_RealWeather
2013-05-05 11:15:00,66.98844887591471,0.0,11.2,May,2013_Rolling_RealWeather
2013-05-05 11:20:00,66.99072922798561,0.0,11.2,May,2013_Rolling_RealWeather
2013-05-05 11:25:00,66.99127609974921,0.0,11.2,May,2013_Rolling_RealWeather
2013-05-05 11:30:00,66.99154308667154,0.0,11.2,May,2013_Rolling_RealWeather
2013-05-05 11:35:00,66.9914192666496,0.0,11.2,May,2013_Rolling_RealWeather
2013-05-05 11:40:00,66.99129931600334,0.0,11.2,May,2013_Rolling_RealWeather
2013-05-05 11:45:00,66.99126578141406,0.0,11.2,May,2013_Rolling_RealWeather
2013-05-05 11:50:00,66.99123740599236,0.0,11.2,May,2013_Rolling_RealWeather
2013-05-05 11:55:00,66.99123611620047,0.0,11.2,May,2013_Rolling_RealWeather
2013-05-05 12:00:00,67.11690183035147,0.0,14.8,May,2013_Rolling_RealWeather
2013-05-05 12:05:00,67.13872123984427,0.0,14.8,May,2013_Rolling_RealWeather
2013-05-05 12:10:00,67.1426344684546,0.0,14.8,May,2013_Rolling_RealWeather
2013-05-05 12:15:00,67.14513021577201,0.0,14.8,May,2013_Rolling_RealWeather
2013-05-05 12:20:00,67.14356569820302,0.0,14.8,May,2013_Rolling_RealWeather
2013-05-05 12:25:00,67.14341608234317,0.0,14.8,May,2013_Rolling_RealWeather
2013-05-05 12:30:00,67.14322777272645,0.0,14.8,May,2013_Rolling_RealWeather
2013-05-05 12:35:00,67.14360568175177,0.0,14.8,May,2013_Rolling_RealWeather
2013-05-05 12:40:00,67.14379399136848,0.0,14.8,May,2013_Rolling_RealWeather
2013-05-05 12:45:00,67.14383010554155,0.0,14.8,May,2013_Rolling_RealWeather
2013-05-05 12:50:00,67.14385590137945,0.0,14.8,May,2013_Rolling_RealWeather
2013-05-05 12:55:00,67.14385203200376,0.0,14.8,May,2013_Rolling_RealWeather
2013-05-05 13:00:00,67.22580927840684,0.0,16.6,May,2013_Rolling_RealWeather
2013-05-05 13:05:00,67.24156795578362,0.0,16.6,May,2013_Rolling_RealWeather
2013-05-05 13:10:00,67.24455511381313,0.0,16.6,May,2013_Rolling_RealWeather
2013-05-05 13:15:00,67.24632470829349,0.0,16.6,May,2013_Rolling_RealWeather
2013-05-05 13:20:00,67.24589391780046,0.0,16.6,May,2013_Rolling_RealWeather
2013-05-05 13:25:00,67.24607706824959,0.0,16.6,May,2013_Rolling_RealWeather
2013-05-05 13:30:00,67.246047403036,0.0,16.6,May,2013_Rolling_RealWeather
2013-05-05 13:35:00,67.24641757330994,0.0,16.6,May,2013_Rolling_RealWeather
2013-05-05 13:40:00,67.24659298500771,0.0,16.6,May,2013_Rolling_RealWeather
2013-05-05 13:45:00,67.24662909918078,0.0,16.6,May,2013_Rolling_RealWeather
2013-05-05 13:50:00,67.24665360522678,0.0,16.6,May,2013_Rolling_RealWeather
2013-05-05 13:55:00,67.24665360522678,0.0,16.6,May,2013_Rolling_RealWeather
2013-05-05 14:00:00,67.41350366438662,0.0,16.6,May,2013_Rolling_RealWeather
2013-05-05 14:05:00,67.45018921526466,0.0,16.6,May,2013_Rolling_RealWeather
2013-05-05 14:10:00,67.45675941517932,0.0,16.6,May,2013_Rolling_RealWeather
2013-05-05 14:15:00,67.46058622773268,0.0,16.6,May,2013_Rolling_RealWeather
2013-05-05 14:20:00,67.46014511890448,0.0,16.6,May,2013_Rolling_RealWeather
2013-05-05 14:25:00,67.46066490503829,0.0,16.6,May,2013_Rolling_RealWeather
2013-05-05 14:30:00,67.46064813774365,0.0,16.6,May,2013_Rolling_RealWeather
2013-05-05 14:35:00,67.46150197997834,0.0,16.6,May,2013_Rolling_RealWeather
2013-05-05 14:40:00,67.46192503172,0.0,16.6,May,2013_Rolling_RealWeather
2013-05-05 14:45:00,67.46203982319868,0.0,16.6,May,2013_Rolling_RealWeather
2013-05-05 14:50:00,67.46209528425018,0.0,16.6,May,2013_Rolling_RealWeather
2013-05-05 14:55:00,67.46210431279344,0.0,16.6,May,2013_Rolling_RealWeather
2013-05-05 15:00:00,67.65673648937805,0.0,14.8,May,2013_Rolling_RealWeather
2013-05-05 15:05:00,67.70697775307569,0.0,14.8,May,2013_Rolling_RealWeather
2013-05-05 15:10:00,67.7149048140642,0.0,14.8,May,2013_Rolling_RealWeather
2013-05-05 15:15:00,67.7187483939122,0.0,14.8,May,2013_Rolling_RealWeather
2013-05-05 15:20:00,67.7174882672305,0.0,14.8,May,2013_Rolling_RealWeather
2013-05-05 15:25:00,67.71735154928959,0.0,14.8,May,2013_Rolling_RealWeather
2013-05-05 15:30:00,67.71682918357199,0.0,14.8,May,2013_Rolling_RealWeather
2013-05-05 15:35:00,67.71739153283835,0.0,14.8,May,2013_Rolling_RealWeather
2013-05-05 15:40:00,67.71780426624484,0.0,14.8,May,2013_Rolling_RealWeather
2013-05-05 15:45:00,67.71791131897214,0.0,14.8,May,2013_Rolling_RealWeather
2013-05-05 15:50:00,67.71796935960744,0.0,14.8,May,2013_Rolling_RealWeather
2013-05-05 15:55:00,67.71797451877502,0.0,14.8,May,2013_Rolling_RealWeather
2013-05-05 16:00:00,67.35951039606557,0.0,16.6,May,2013_Rolling_RealWeather
2013-05-05 16:05:00,67.22991597580148,0.0,16.6,May,2013_Rolling_RealWeather
2013-05-05 16:10:00,67.19361478290824,0.0,16.6,May,2013_Rolling_RealWeather
2013-05-05 16:15:00,67.19026132398047,0.0,16.6,May,2013_Rolling_RealWeather
2013-05-05 16:20:00,67.20083632773003,0.0,16.6,May,2013_Rolling_RealWeather
2013-05-05 16:25:00,67.20836355323101,0.0,16.6,May,2013_Rolling_RealWeather
2013-05-05 16:30:00,67.21396253984851,0.0,16.6,May,2013_Rolling_RealWeather
2013-05-05 16:35:00,67.21450296265263,0.0,16.6,May,2013_Rolling_RealWeather
2013-05-05 16:40:00,67.21364654083416,0.0,16.6,May,2013_Rolling_RealWeather
2013-05-05 16:45:00,67.2128636371537,0.0,16.6,May,2013_Rolling_RealWeather
2013-05-05 16:50:00,67.21237609581729,0.0,16.6,May,2013_Rolling_RealWeather
2013-05-05 16:55:00,67.21224195746018,0.0,16.6,May,2013_Rolling_RealWeather
2013-05-05 17:00:00,67.40521675145932,0.0,16.6,May,2013_Rolling_RealWeather
2013-05-05 17:05:00,67.47684276478104,0.0,16.6,May,2013_Rolling_RealWeather
2013-05-05 17:10:00,67.49686549416369,0.0,16.6,May,2013_Rolling_RealWeather
2013-05-05 17:15:00,67.49958050610329,0.0,16.6,May,2013_Rolling_RealWeather
2013-05-05 17:20:00,67.4947734517095,0.0,16.6,May,2013_Rolling_RealWeather
2013-05-05 17:25:00,67.49094276978046,0.0,16.6,May,2013_Rolling_RealWeather
2013-05-05 17:30:00,67.48794916279147,0.0,16.6,May,2013_Rolling_RealWeather
2013-05-05 17:35:00,67.48783824068848,0.0,16.6,May,2013_Rolling_RealWeather
2013-05-05 17:40:00,67.48842380620894,0.0,16.6,May,2013_Rolling_RealWeather
2013-05-05 17:45:00,67.48889200066694,0.0,16.6,May,2013_Rolling_RealWeather
2013-05-05 17:50:00,67.48916672634063,0.0,16.6,May,2013_Rolling_RealWeather
2013-05-05 17:55:00,67.48923895468677,0.0,16.6,May,2013_Rolling_RealWeather
2013-05-05 18:00:00,68.11418923802003,0.0,16.6,May,2013_Rolling_RealWeather
2013-05-05 18:05:00,68.27167282843621,0.0,16.6,May,2013_Rolling_RealWeather
2013-05-05 18:10:00,68.29126476732583,0.0,16.6,May,2013_Rolling_RealWeather
2013-05-05 18:15:00,68.3003848858175,0.0,16.6,May,2013_Rolling_RealWeather
2013-05-05 18:20:00,68.29656968139119,0.0,16.6,May,2013_Rolling_RealWeather
2013-05-05 18:25:00,68.29390368154361,0.0,16.6,May,2013_Rolling_RealWeather
2013-05-05 18:30:00,68.2906121326268,0.0,16.6,May,2013_Rolling_RealWeather
2013-05-05 18:35:00,68.29398364864112,0.0,16.6,May,2013_Rolling_RealWeather
2013-05-05 18:40:00,68.29610793589268,0.0,16.6,May,2013_Rolling_RealWeather
2013-05-05 18:45:00,68.29662772202649,0.0,16.6,May,2013_Rolling_RealWeather
2013-05-05 18:50:00,68.29687923144607,0.0,16.6,May,2013_Rolling_RealWeather
2013-05-05 18:55:00,68.29688568040554,0.0,16.6,May,2013_Rolling_RealWeather
2013-05-05 19:00:00,68.23718637273967,0.0,20.5,May,2013_Rolling_RealWeather
2013-05-05 19:05:00,68.22531383834342,0.0,20.5,May,2013_Rolling_RealWeather
2013-05-05 19:10:00,68.22383444703952,0.0,20.5,May,2013_Rolling_RealWeather
2013-05-05 19:15:00,68.22354682344687,0.0,20.5,May,2013_Rolling_RealWeather
2013-05-05 19:20:00,68.22345653801419,0.0,20.5,May,2013_Rolling_RealWeather
2013-05-05 19:25:00,68.2235674601172,0.0,20.5,May,2013_Rolling_RealWeather
2013-05-05 19:30:00,68.22384605516658,0.0,20.5,May,2013_Rolling_RealWeather
2013-05-05 19:35:00,68.2233185302814,0.0,20.5,May,2013_Rolling_RealWeather
2013-05-05 19:40:00,68.22308894732403,0.0,20.5,May,2013_Rolling_RealWeather
2013-05-05 19:45:00,68.22303348627254,0.0,20.5,May,2013_Rolling_RealWeather
2013-05-05 19:50:00,68.22302187814549,0.0,20.5,May,2013_Rolling_RealWeather
2013-05-05 19:55:00,68.22302058835359,0.0,20.5,May,2013_Rolling_RealWeather
2013-05-05 20:00:00,67.82334664724537,0.0,24.1,May,2013_Rolling_RealWeather
2013-05-05 20:05:00,67.75019223052773,0.0,24.1,May,2013_Rolling_RealWeather
2013-05-05 20:10:00,67.73450965087277,0.0,24.1,May,2013_Rolling_RealWeather
2013-05-05 20:15:00,67.73874016828935,0.0,24.1,May,2013_Rolling_RealWeather
2013-05-05 20:20:00,67.73189266311721,0.0,24.1,May,2013_Rolling_RealWeather
2013-05-05 20:25:00,67.73078344208724,0.0,24.1,May,2013_Rolling_RealWeather
2013-05-05 20:30:00,67.7319184589551,0.0,24.1,May,2013_Rolling_RealWeather
2013-05-05 20:35:00,67.72835218436461,0.0,24.1,May,2013_Rolling_RealWeather
2013-05-05 20:40:00,67.72675026283063,0.0,24.1,May,2013_Rolling_RealWeather
2013-05-05 20:45:00,67.72620984002651,0.0,24.1,May,2013_Rolling_RealWeather
2013-05-05 20:50:00,67.726265301078,0.0,24.1,May,2013_Rolling_RealWeather
2013-05-05 20:55:00,67.72614793001554,0.0,24.1,May,2013_Rolling_RealWeather
2013-05-05 21:00:00,67.13906174490462,0.0,22.3,May,2013_Rolling_RealWeather
2013-05-05 21:05:00,67.04519842951603,0.0,22.3,May,2013_Rolling_RealWeather
2013-05-05 21:10:00,67.02461077128325,0.0,22.3,May,2013_Rolling_RealWeather
2013-05-05 21:15:00,67.02670281373743,0.0,22.3,May,2013_Rolling_RealWeather
2013-05-05 21:20:00,67.01178508067639,0.0,22.3,May,2013_Rolling_RealWeather
2013-05-05 21:25:00,67.00757004076254,0.0,22.3,May,2013_Rolling_RealWeather
2013-05-05 21:30:00,67.00837616069711,0.0,22.3,May,2013_Rolling_RealWeather
2013-05-05 21:35:00,67.0050575261505,0.0,22.3,May,2013_Rolling_RealWeather
2013-05-05 21:40:00,67.0035471798411,0.0,22.3,May,2013_Rolling_RealWeather
2013-05-05 21:45:00,67.00300288766128,0.0,22.3,May,2013_Rolling_RealWeather
2013-05-05 21:50:00,67.00303900183435,0.0,22.3,May,2013_Rolling_RealWeather
2013-05-05 21:55:00,67.00287519826365,0.0,22.3,May,2013_Rolling_RealWeather
2013-05-05 22:00:00,66.49307721289483,0.0,18.4,May,2013_Rolling_RealWeather
2013-05-05 22:05:00,66.42212318115057,0.0,18.4,May,2013_Rolling_RealWeather
2013-05-05 22:10:00,66.40700166097007,0.0,18.4,May,2013_Rolling_RealWeather
2013-05-05 22:15:00,66.40048563231501,0.0,18.4,May,2013_Rolling_RealWeather
2013-05-05 22:20:00,66.38747550146711,0.0,18.4,May,2013_Rolling_RealWeather
2013-05-05 22:25:00,66.38387311270354,0.0,18.4,May,2013_Rolling_RealWeather
2013-05-05 22:30:00,66.38453477594582,0.0,18.4,May,2013_Rolling_RealWeather
2013-05-05 22:35:00,66.38252785975673,0.0,18.4,May,2013_Rolling_RealWeather
2013-05-05 22:40:00,66.38169723377617,0.0,18.4,May,2013_Rolling_RealWeather
2013-05-05 22:45:00,66.38145475289984,0.0,18.4,May,2013_Rolling_RealWeather
2013-05-05 22:50:00,66.38143540602142,0.0,18.4,May,2013_Rolling_RealWeather
2013-05-05 22:55:00,66.38134641038064,0.0,18.4,May,2013_Rolling_RealWeather
2013-05-05 23:00:00,66.0138511648203,0.0,16.6,May,2013_Rolling_RealWeather
2013-05-05 23:05:00,65.96558457251437,0.0,16.6,May,2013_Rolling_RealWeather
2013-05-05 23:10:00,65.95386294376988,0.0,16.6,May,2013_Rolling_RealWeather
2013-05-05 23:15:00,65.94645953829085,0.0,16.6,May,2013_Rolling_RealWeather
2013-05-05 23:20:00,65.93694345368733,0.0,16.6,May,2013_Rolling_RealWeather
2013-05-05 23:25:00,65.93445286553751,0.0,16.6,May,2013_Rolling_RealWeather
2013-05-05 23:30:00,65.93475080746532,0.0,16.6,May,2013_Rolling_RealWeather
2013-05-05 23:35:00,65.93351905620531,0.0,16.6,May,2013_Rolling_RealWeather
2013-05-05 23:40:00,65.93303280466078,0.0,16.6,May,2013_Rolling_RealWeather
2013-05-05 23:45:00,65.93289995609557,0.0,16.6,May,2013_Rolling_RealWeather
2013-05-05 23:50:00,65.93287931942524,0.0,16.6,May,2013_Rolling_RealWeather
2013-05-05 23:55:00,65.93282772774943,0.0,16.6,May,2013_Rolling_RealWeather
2013-05-06 00:00:00,65.47012649343749,0.0,16.6,May,2013_Rolling_RealWeather
2013-05-06 00:05:00,65.4082925801849,0.0,16.6,May,2013_Rolling_RealWeather
2013-05-06 00:10:00,65.39800133065229,0.0,16.6,May,2013_Rolling_RealWeather
2013-05-06 00:15:00,65.3847474291362,0.0,16.6,May,2013_Rolling_RealWeather
2013-05-06 00:20:00,65.364189436117,0.0,16.6,May,2013_Rolling_RealWeather
2013-05-06 00:25:00,65.3583711848773,0.0,16.6,May,2013_Rolling_RealWeather
2013-05-06 00:30:00,65.35840213988278,0.0,16.6,May,2013_Rolling_RealWeather
2013-05-06 00:35:00,65.35563166689168,0.0,16.6,May,2013_Rolling_RealWeather
2013-05-06 00:40:00,65.35412776954176,0.0,16.6,May,2013_Rolling_RealWeather
2013-05-06 00:45:00,65.35370084842441,0.0,16.6,May,2013_Rolling_RealWeather
2013-05-06 00:50:00,65.35358992632142,0.0,16.6,May,2013_Rolling_RealWeather
2013-05-06 00:55:00,65.3533745310749,0.0,16.6,May,2013_Rolling_RealWeather
2013-05-06 01:00:00,65.26628246191265,0.0,18.4,May,2013_Rolling_RealWeather
2013-05-06 01:05:00,65.25372246843622,0.0,18.4,May,2013_Rolling_RealWeather
2013-05-06 01:10:00,65.25124735778914,0.0,18.4,May,2013_Rolling_RealWeather
2013-05-06 01:15:00,65.24917853158908,0.0,18.4,May,2013_Rolling_RealWeather
2013-05-06 01:20:00,65.24556195511465,0.0,18.4,May,2013_Rolling_RealWeather
2013-05-06 01:25:00,65.24448497888208,0.0,18.4,May,2013_Rolling_RealWeather
2013-05-06 01:30:00,65.24443080762248,0.0,18.4,May,2013_Rolling_RealWeather
2013-05-06 01:35:00,65.24397164170776,0.0,18.4,May,2013_Rolling_RealWeather
2013-05-06 01:40:00,65.24372400166385,0.0,18.4,May,2013_Rolling_RealWeather
2013-05-06 01:45:00,65.24364661415014,0.0,18.4,May,2013_Rolling_RealWeather
2013-05-06 01:50:00,65.2436311366474,0.0,18.4,May,2013_Rolling_RealWeather
2013-05-06 01:55:00,65.24359373268243,0.0,18.4,May,2013_Rolling_RealWeather
2013-05-06 02:00:00,65.5393934773827,0.0,16.6,May,2013_Rolling_RealWeather
2013-05-06 02:05:00,65.57839807408848,0.0,16.6,May,2013_Rolling_RealWeather
2013-05-06 02:10:00,65.5865147344856,0.0,16.6,May,2013_Rolling_RealWeather
2013-05-06 02:15:00,65.59322810130064,0.0,16.6,May,2013_Rolling_RealWeather
2013-05-06 02:20:00,65.60107648498355,0.0,16.6,May,2013_Rolling_RealWeather
2013-05-06 02:25:00,65.60320722119458,0.0,16.6,May,2013_Rolling_RealWeather
2013-05-06 02:30:00,65.60311564597001,0.0,16.6,May,2013_Rolling_RealWeather
2013-05-06 02:35:00,65.60387662318824,0.0,16.6,May,2013_Rolling_RealWeather
2013-05-06 02:40:00,65.60416682636469,0.0,16.6,May,2013_Rolling_RealWeather
2013-05-06 02:45:00,65.60422228741618,0.0,16.6,May,2013_Rolling_RealWeather
2013-05-06 02:50:00,65.60421970783239,0.0,16.6,May,2013_Rolling_RealWeather
2013-05-06 02:55:00,65.60423647512702,0.0,16.6,May,2013_Rolling_RealWeather
2013-05-06 03:00:00,65.84434155477236,0.0,18.4,May,2013_Rolling_RealWeather
2013-05-06 03:05:00,65.87818311452124,0.0,18.4,May,2013_Rolling_RealWeather
2013-05-06 03:10:00,65.88468366567355,0.0,18.4,May,2013_Rolling_RealWeather
2013-05-06 03:15:00,65.88863171866507,0.0,18.4,May,2013_Rolling_RealWeather
2013-05-06 03:20:00,65.89302088048477,0.0,18.4,May,2013_Rolling_RealWeather
2013-05-06 03:25:00,65.89412365255525,0.0,18.4,May,2013_Rolling_RealWeather
2013-05-06 03:30:00,65.89381668208418,0.0,18.4,May,2013_Rolling_RealWeather
2013-05-06 03:35:00,65.89418943194191,0.0,18.4,May,2013_Rolling_RealWeather
2013-05-06 03:40:00,65.8942771377908,0.0,18.4,May,2013_Rolling_RealWeather
2013-05-06 03:45:00,65.89426552966374,0.0,18.4,May,2013_Rolling_RealWeather
2013-05-06 03:50:00,65.89423199507446,0.0,18.4,May,2013_Rolling_RealWeather
2013-05-06 03:55:00,65.89422683590688,0.0,18.4,May,2013_Rolling_RealWeather
2013-05-06 04:00:00,66.25938755813672,0.0,18.4,May,2013_Rolling_RealWeather
2013-05-06 04:05:00,66.31166024406946,0.0,18.4,May,2013_Rolling_RealWeather
2013-05-06 04:10:00,66.320843562364,0.0,18.4,May,2013_Rolling_RealWeather
2013-05-06 04:15:00,66.3252069283458,0.0,18.4,May,2013_Rolling_RealWeather
2013-05-06 04:20:00,66.32840690203804,0.0,18.4,May,2013_Rolling_RealWeather
2013-05-06 04:25:00,66.32889315358257,0.0,18.4,May,2013_Rolling_RealWeather
2013-05-06 04:30:00,66.32803802155598,0.0,18.4,May,2013_Rolling_RealWeather
2013-05-06 04:35:00,66.32827147388903,0.0,18.4,May,2013_Rolling_RealWeather
2013-05-06 04:40:00,66.32823149034029,0.0,18.4,May,2013_Rolling_RealWeather
2013-05-06 04:45:00,66.32814765386709,0.0,18.4,May,2013_Rolling_RealWeather
2013-05-06 04:50:00,66.328087033648,0.0,18.4,May,2013_Rolling_RealWeather
2013-05-06 04:55:00,66.3280612378101,0.0,18.4,May,2013_Rolling_RealWeather
2013-05-06 05:00:00,66.67937475425201,0.0,18.4,May,2013_Rolling_RealWeather
2013-05-06 05:05:00,66.7311095969644,0.0,18.4,May,2013_Rolling_RealWeather
2013-05-06 05:10:00,66.73940295885117,0.0,18.4,May,2013_Rolling_RealWeather
2013-05-06 05:15:00,66.74222760310188,0.0,18.4,May,2013_Rolling_RealWeather
2013-05-06 05:20:00,66.74318978785578,0.0,18.4,May,2013_Rolling_RealWeather
2013-05-06 05:25:00,66.74299631907148,0.0,18.4,May,2013_Rolling_RealWeather
2013-05-06 05:30:00,66.74197351409852,0.0,18.4,May,2013_Rolling_RealWeather
2013-05-06 05:35:00,66.74223534185326,0.0,18.4,May,2013_Rolling_RealWeather
2013-05-06 05:40:00,66.74220567663967,0.0,18.4,May,2013_Rolling_RealWeather
2013-05-06 05:45:00,66.74212699933405,0.0,18.4,May,2013_Rolling_RealWeather
2013-05-06 05:50:00,66.74208314640961,0.0,18.4,May,2013_Rolling_RealWeather
2013-05-06 05:55:00,66.74205993015549,0.0,18.4,May,2013_Rolling_RealWeather
2013-05-06 06:00:00,67.05077291008753,0.0,14.8,May,2013_Rolling_RealWeather
2013-05-06 06:05:00,67.09351532370589,0.0,14.8,May,2013_Rolling_RealWeather
2013-05-06 06:10:00,67.10052276307304,0.0,14.8,May,2013_Rolling_RealWeather
2013-05-06 06:15:00,67.10276958055466,0.0,14.8,May,2013_Rolling_RealWeather
2013-05-06 06:20:00,67.1012231200722,0.0,14.8,May,2013_Rolling_RealWeather
2013-05-06 06:25:00,67.10043247764038,0.0,14.8,May,2013_Rolling_RealWeather
2013-05-06 06:30:00,67.09943546850532,0.0,14.8,May,2013_Rolling_RealWeather
2013-05-06 06:35:00,67.09963667604097,0.0,14.8,May,2013_Rolling_RealWeather
2013-05-06 06:40:00,67.09962377812202,0.0,14.8,May,2013_Rolling_RealWeather
2013-05-06 06:45:00,67.09958250478138,0.0,14.8,May,2013_Rolling_RealWeather
2013-05-06 06:50:00,67.09957218644621,0.0,14.8,May,2013_Rolling_RealWeather
2013-05-06 06:55:00,67.09956057831916,0.0,14.8,May,2013_Rolling_RealWeather
2013-05-06 07:00:00,67.23690664787401,0.0,11.2,May,2013_Rolling_RealWeather
2013-05-06 07:05:00,67.25507981567878,0.0,11.2,May,2013_Rolling_RealWeather
2013-05-06 07:10:00,67.25829526687377,0.0,11.2,May,2013_Rolling_RealWeather
2013-05-06 07:15:00,67.25943286332543,0.0,11.2,May,2013_Rolling_RealWeather
2013-05-06 07:20:00,67.25824496498986,0.0,11.2,May,2013_Rolling_RealWeather
2013-05-06 07:25:00,67.25785931721316,0.0,11.2,May,2013_Rolling_RealWeather
2013-05-06 07:30:00,67.25744658380665,0.0,11.2,May,2013_Rolling_RealWeather
2013-05-06 07:35:00,67.25757814257999,0.0,11.2,May,2013_Rolling_RealWeather
2013-05-06 07:40:00,67.2576000690422,0.0,11.2,May,2013_Rolling_RealWeather
2013-05-06 07:45:00,67.2575987792503,0.0,11.2,May,2013_Rolling_RealWeather
2013-05-06 07:50:00,67.25760393841789,0.0,11.2,May,2013_Rolling_RealWeather
2013-05-06 07:55:00,67.2576013588341,0.0,11.2,May,2013_Rolling_RealWeather
2013-05-06 08:00:00,66.43476830089209,0.8,20.5,May,2013_Rolling_RealWeather
2013-05-06 08:05:00,66.28093095216393,0.8,20.5,May,2013_Rolling_RealWeather
2013-05-06 08:10:00,66.25080915224109,0.8,20.5,May,2013_Rolling_RealWeather
2013-05-06 08:15:00,66.25020552963409,0.8,20.5,May,2013_Rolling_RealWeather
2013-05-06 08:20:00,66.23593269252069,0.8,20.5,May,2013_Rolling_RealWeather
2013-05-06 08:25:00,66.22833710804927,0.8,20.5,May,2013_Rolling_RealWeather
2013-05-06 08:30:00,66.2281371903055,0.8,20.5,May,2013_Rolling_RealWeather
2013-05-06 08:35:00,66.22449481799318,0.8,20.5,May,2013_Rolling_RealWeather
2013-05-06 08:40:00,66.22310313253814,0.8,20.5,May,2013_Rolling_RealWeather
2013-05-06 08:45:00,66.22264267683151,0.8,20.5,May,2013_Rolling_RealWeather
2013-05-06 08:50:00,66.22266460329374,0.8,20.5,May,2013_Rolling_RealWeather
2013-05-06 08:55:00,66.22258721578002,0.8,20.5,May,2013_Rolling_RealWeather
2013-05-06 09:00:00,66.90113254418668,0.5,9.4,May,2013_Rolling_RealWeather
2013-05-06 09:05:00,67.00121652588629,0.5,9.4,May,2013_Rolling_RealWeather
2013-05-06 09:10:00,67.01750659752395,0.5,9.4,May,2013_Rolling_RealWeather
2013-05-06 09:15:00,67.02630426804178,0.5,9.4,May,2013_Rolling_RealWeather
2013-05-06 09:20:00,67.02623719886323,0.5,9.4,May,2013_Rolling_RealWeather
2013-05-06 09:25:00,67.02776431246727,0.5,9.4,May,2013_Rolling_RealWeather
2013-05-06 09:30:00,67.02666283018868,0.5,9.4,May,2013_Rolling_RealWeather
2013-05-06 09:35:00,67.0282776496416,0.5,9.4,May,2013_Rolling_RealWeather
2013-05-06 09:40:00,67.02871230951031,0.5,9.4,May,2013_Rolling_RealWeather
2013-05-06 09:45:00,67.02873939514011,0.5,9.4,May,2013_Rolling_RealWeather
2013-05-06 09:50:00,67.02877550931318,0.5,9.4,May,2013_Rolling_RealWeather
2013-05-06 09:55:00,67.02876648076992,0.5,9.4,May,2013_Rolling_RealWeather
2013-05-06 10:00:00,66.88457935500239,0.5,9.4,May,2013_Rolling_RealWeather
2013-05-06 10:05:00,66.86288247573965,0.5,9.4,May,2013_Rolling_RealWeather
2013-05-06 10:10:00,66.8593290990681,0.5,9.4,May,2013_Rolling_RealWeather
2013-05-06 10:15:00,66.85711452638387,0.5,9.4,May,2013_Rolling_RealWeather
2013-05-06 10:20:00,66.85680239674521,0.5,9.4,May,2013_Rolling_RealWeather
2013-05-06 10:25:00,66.85618587621926,0.5,9.4,May,2013_Rolling_RealWeather
2013-05-06 10:30:00,66.85631614520068,0.5,9.4,May,2013_Rolling_RealWeather
2013-05-06 10:35:00,66.85588019554007,0.5,9.4,May,2013_Rolling_RealWeather
2013-05-06 10:40:00,66.85574734697485,0.5,9.4,May,2013_Rolling_RealWeather
2013-05-06 10:45:00,66.8557344490559,0.5,9.4,May,2013_Rolling_RealWeather
2013-05-06 10:50:00,66.85571897155316,0.5,9.4,May,2013_Rolling_RealWeather
2013-05-06 10:55:00,66.85571768176126,0.5,9.4,May,2013_Rolling_RealWeather
2013-05-06 11:00:00,66.84276043238107,0.0,9.4,May,2013_Rolling_RealWeather
2013-05-06 11:05:00,66.84086830767066,0.0,9.4,May,2013_Rolling_RealWeather
2013-05-06 11:10:00,66.8405007169805,0.0,9.4,May,2013_Rolling_RealWeather
2013-05-06 11:15:00,66.84022470151491,0.0,9.4,May,2013_Rolling_RealWeather
2013-05-06 11:20:00,66.84016537108772,0.0,9.4,May,2013_Rolling_RealWeather
2013-05-06 11:25:00,66.8400892733659,0.0,9.4,May,2013_Rolling_RealWeather
2013-05-06 11:30:00,66.84009443253349,0.0,9.4,May,2013_Rolling_RealWeather
2013-05-06 11:35:00,66.84004542044147,0.0,9.4,May,2013_Rolling_RealWeather
2013-05-06 11:40:00,66.8400325225225,0.0,9.4,May,2013_Rolling_RealWeather
2013-05-06 11:45:00,66.84002865314682,0.0,9.4,May,2013_Rolling_RealWeather
2013-05-06 11:50:00,66.84002220418735,0.0,9.4,May,2013_Rolling_RealWeather
2013-05-06 11:55:00,66.84002478377114,0.0,9.4,May,2013_Rolling_RealWeather
2013-05-06 12:00:00,66.66622016671184,0.0,11.2,May,2013_Rolling_RealWeather
2013-05-06 12:05:00,66.63971236367962,0.0,11.2,May,2013_Rolling_RealWeather
2013-05-06 12:10:00,66.63451450234156,0.0,11.2,May,2013_Rolling_RealWeather
2013-05-06 12:15:00,66.62989962694019,0.0,11.2,May,2013_Rolling_RealWeather
2013-05-06 12:20:00,66.62788626179162,0.0,11.2,May,2013_Rolling_RealWeather
2013-05-06 12:25:00,66.62614117335727,0.0,11.2,May,2013_Rolling_RealWeather
2013-05-06 12:30:00,66.62595286374057,0.0,11.2,May,2013_Rolling_RealWeather
2013-05-06 12:35:00,66.62507451545986,0.0,11.2,May,2013_Rolling_RealWeather
2013-05-06 12:40:00,66.62475851644551,0.0,11.2,May,2013_Rolling_RealWeather
2013-05-06 12:45:00,66.62466952080473,0.0,11.2,May,2013_Rolling_RealWeather
2013-05-06 12:50:00,66.62461148016945,0.0,11.2,May,2013_Rolling_RealWeather
2013-05-06 12:55:00,66.62458310474776,0.0,11.2,May,2013_Rolling_RealWeather
2013-05-06 13:00:00,66.07141715669134,1.0,13.0,May,2013_Rolling_RealWeather
2013-05-06 13:05:00,65.96800551190185,1.0,13.0,May,2013_Rolling_RealWeather
2013-05-06 13:10:00,65.95254477645288,1.0,13.0,May,2013_Rolling_RealWeather
2013-05-06 13:15:00,65.93841252665608,1.0,13.0,May,2013_Rolling_RealWeather
2013-05-06 13:20:00,65.92494451968535,1.0,13.0,May,2013_Rolling_RealWeather
2013-05-06 13:25:00,65.91512017481885,1.0,13.0,May,2013_Rolling_RealWeather
2013-05-06 13:30:00,65.91349761661456,1.0,13.0,May,2013_Rolling_RealWeather
2013-05-06 13:35:00,65.91022799415998,1.0,13.0,May,2013_Rolling_RealWeather
2013-05-06 13:40:00,65.90856287282314,1.0,13.0,May,2013_Rolling_RealWeather
2013-05-06 13:45:00,65.9079166870836,1.0,13.0,May,2013_Rolling_RealWeather
2013-05-06 13:50:00,65.90759165952598,1.0,13.0,May,2013_Rolling_RealWeather
2013-05-06 13:55:00,65.90739690094979,1.0,13.0,May,2013_Rolling_RealWeather
2013-05-06 14:00:00,67.27410166655068,0.0,5.4,May,2013_Rolling_RealWeather
2013-05-06 14:05:00,67.47007780629019,0.0,5.4,May,2013_Rolling_RealWeather
2013-05-06 14:10:00,67.49657271140345,0.0,5.4,May,2013_Rolling_RealWeather
2013-05-06 14:15:00,67.5640997660819,0.0,5.4,May,2013_Rolling_RealWeather
2013-05-06 14:20:00,67.59967480613807,0.0,5.4,May,2013_Rolling_RealWeather
2013-05-06 14:25:00,67.6257660063881,0.0,5.4,May,2013_Rolling_RealWeather
2013-05-06 14:30:00,67.63069559101194,0.0,5.4,May,2013_Rolling_RealWeather
2013-05-06 14:35:00,67.63834405695107,0.0,5.4,May,2013_Rolling_RealWeather
2013-05-06 14:40:00,67.64263519458673,0.0,5.4,May,2013_Rolling_RealWeather
2013-05-06 14:45:00,67.6441003981798,0.0,5.4,May,2013_Rolling_RealWeather
2013-05-06 14:50:00,67.64518382337185,0.0,5.4,May,2013_Rolling_RealWeather
2013-05-06 14:55:00,67.64573198492735,0.0,5.4,May,2013_Rolling_RealWeather
2013-05-06 15:00:00,67.36536347168644,0.0,11.2,May,2013_Rolling_RealWeather
2013-05-06 15:05:00,67.29898562158671,0.0,11.2,May,2013_Rolling_RealWeather
2013-05-06 15:10:00,67.29882439759979,0.0,11.2,May,2013_Rolling_RealWeather
2013-05-06 15:15:00,67.29900367867324,0.0,11.2,May,2013_Rolling_RealWeather
2013-05-06 15:20:00,67.30469037113961,0.0,11.2,May,2013_Rolling_RealWeather
2013-05-06 15:25:00,67.30344443216876,0.0,11.2,May,2013_Rolling_RealWeather
2013-05-06 15:30:00,67.30396421830257,0.0,11.2,May,2013_Rolling_RealWeather
2013-05-06 15:35:00,67.30394616121603,0.0,11.2,May,2013_Rolling_RealWeather
2013-05-06 15:40:00,67.30357341135829,0.0,11.2,May,2013_Rolling_RealWeather
2013-05-06 15:45:00,67.30358888886103,0.0,11.2,May,2013_Rolling_RealWeather
2013-05-06 15:50:00,67.30353600739332,0.0,11.2,May,2013_Rolling_RealWeather
2013-05-06 15:55:00,67.30355019510417,0.0,11.2,May,2013_Rolling_RealWeather
2013-05-06 16:00:00,67.64779565195983,0.5,5.4,May,2013_Rolling_RealWeather
2013-05-06 16:05:00,67.72894806822023,0.5,5.4,May,2013_Rolling_RealWeather
2013-05-06 16:10:00,67.72767504361957,0.5,5.4,May,2013_Rolling_RealWeather
2013-05-06 16:15:00,67.7324421144646,0.5,5.4,May,2013_Rolling_RealWeather
2013-05-06 16:20:00,67.73417688456378,0.5,5.4,May,2013_Rolling_RealWeather
2013-05-06 16:25:00,67.73651398747806,0.5,5.4,May,2013_Rolling_RealWeather
2013-05-06 16:30:00,67.73413561122312,0.5,5.4,May,2013_Rolling_RealWeather
2013-05-06 16:35:00,67.73133676281033,0.5,5.4,May,2013_Rolling_RealWeather
2013-05-06 16:40:00,67.73061705893275,0.5,5.4,May,2013_Rolling_RealWeather
2013-05-06 16:45:00,67.73050742662166,0.5,5.4,May,2013_Rolling_RealWeather
2013-05-06 16:50:00,67.73044809619446,0.5,5.4,May,2013_Rolling_RealWeather
2013-05-06 16:55:00,67.73039005555918,0.5,5.4,May,2013_Rolling_RealWeather
2013-05-06 17:00:00,65.25033354023132,0.0,9.4,May,2013_Rolling_RealWeather
2013-05-06 17:05:00,63.89574121031921,0.0,9.4,May,2013_Rolling_RealWeather
2013-05-06 17:10:00,63.41912118676914,0.0,9.4,May,2013_Rolling_RealWeather
2013-05-06 17:15:00,63.64683330098846,0.0,9.4,May,2013_Rolling_RealWeather
2013-05-06 17:20:00,64.35009426658881,0.0,9.4,May,2013_Rolling_RealWeather
2013-05-06 17:25:00,64.95590951981137,0.0,9.4,May,2013_Rolling_RealWeather
2013-05-06 17:30:00,65.25441444178806,0.0,9.4,May,2013_Rolling_RealWeather
2013-05-06 17:35:00,65.29396865106521,0.0,9.4,May,2013_Rolling_RealWeather
2013-05-06 17:40:00,65.16780814049838,0.0,9.4,May,2013_Rolling_RealWeather
2013-05-06 17:45:00,64.99450138311066,0.0,9.4,May,2013_Rolling_RealWeather
2013-05-06 17:50:00,64.8572120643992,0.0,9.4,May,2013_Rolling_RealWeather
2013-05-06 17:55:00,64.79023123658841,0.0,9.4,May,2013_Rolling_RealWeather
2013-05-06 18:00:00,63.8286275339432,0.0,13.0,May,2013_Rolling_RealWeather
2013-05-06 18:05:00,63.30138962746207,0.0,13.0,May,2013_Rolling_RealWeather
2013-05-06 18:10:00,63.12137272773906,0.0,13.0,May,2013_Rolling_RealWeather
2013-05-06 18:15:00,63.21364701951263,0.0,13.0,May,2013_Rolling_RealWeather
2013-05-06 18:20:00,63.506430424641756,0.0,13.0,May,2013_Rolling_RealWeather
2013-05-06 18:25:00,63.79182912627434,0.0,13.0,May,2013_Rolling_RealWeather
2013-05-06 18:30:00,63.962101648228355,0.0,13.0,May,2013_Rolling_RealWeather
2013-05-06 18:35:00,63.99957268237062,0.0,13.0,May,2013_Rolling_RealWeather
2013-05-06 18:40:00,63.93422731068307,0.0,13.0,May,2013_Rolling_RealWeather
2013-05-06 18:45:00,63.82672122152195,0.0,13.0,May,2013_Rolling_RealWeather
2013-05-06 18:50:00,63.731454612551275,0.0,13.0,May,2013_Rolling_RealWeather
2013-05-06 18:55:00,63.679420538119174,0.0,13.0,May,2013_Rolling_RealWeather
2013-05-06 19:00:00,65.56604960648288,0.0,13.0,May,2013_Rolling_RealWeather
2013-05-06 19:05:00,66.34883075670012,0.0,13.0,May,2013_Rolling_RealWeather
2013-05-06 19:10:00,66.50282352535166,0.0,13.0,May,2013_Rolling_RealWeather
2013-05-06 19:15:00,66.45959292550093,0.0,13.0,May,2013_Rolling_RealWeather
2013-05-06 19:20:00,66.31451326374187,0.0,13.0,May,2013_Rolling_RealWeather
2013-05-06 19:25:00,66.19467869874951,0.0,13.0,May,2013_Rolling_RealWeather
2013-05-06 19:30:00,66.11927875434215,0.0,13.0,May,2013_Rolling_RealWeather
2013-05-06 19:35:00,66.09405687382956,0.0,13.0,May,2013_Rolling_RealWeather
2013-05-06 19:40:00,66.10100627256143,0.0,13.0,May,2013_Rolling_RealWeather
2013-05-06 19:45:00,66.11747175589683,0.0,13.0,May,2013_Rolling_RealWeather
2013-05-06 19:50:00,66.13180005406173,0.0,13.0,May,2013_Rolling_RealWeather
2013-05-06 19:55:00,66.13967036420685,0.0,13.0,May,2013_Rolling_RealWeather
2013-05-06 20:00:00,65.88053569493827,0.0,20.5,May,2013_Rolling_RealWeather
2013-05-06 20:05:00,65.78281590178273,0.0,20.5,May,2013_Rolling_RealWeather
2013-05-06 20:10:00,65.75398389375519,0.0,20.5,May,2013_Rolling_RealWeather
2013-05-06 20:15:00,65.7552723958586,0.0,20.5,May,2013_Rolling_RealWeather
2013-05-06 20:20:00,65.77164888355323,0.0,20.5,May,2013_Rolling_RealWeather
2013-05-06 20:25:00,65.78654597994394,0.0,20.5,May,2013_Rolling_RealWeather
2013-05-06 20:30:00,65.79643094502953,0.0,20.5,May,2013_Rolling_RealWeather
2013-05-06 20:35:00,65.79691977615784,0.0,20.5,May,2013_Rolling_RealWeather
2013-05-06 20:40:00,65.79450657552174,0.0,20.5,May,2013_Rolling_RealWeather
2013-05-06 20:45:00,65.79201082820433,0.0,20.5,May,2013_Rolling_RealWeather
2013-05-06 20:50:00,65.79038440062436,0.0,20.5,May,2013_Rolling_RealWeather
2013-05-06 20:55:00,65.78987106345002,0.0,20.5,May,2013_Rolling_RealWeather
2013-05-06 21:00:00,66.54536924570598,0.0,18.4,May,2013_Rolling_RealWeather
2013-05-06 21:05:00,66.68767327530637,0.0,18.4,May,2013_Rolling_RealWeather
2013-05-06 21:10:00,66.69251128470565,0.0,18.4,May,2013_Rolling_RealWeather
2013-05-06 21:15:00,66.70727940190683,0.0,18.4,May,2013_Rolling_RealWeather
2013-05-06 21:20:00,66.73316423545361,0.0,18.4,May,2013_Rolling_RealWeather
2013-05-06 21:25:00,66.74037675173213,0.0,18.4,May,2013_Rolling_RealWeather
2013-05-06 21:30:00,66.7355258444139,0.0,18.4,May,2013_Rolling_RealWeather
2013-05-06 21:35:00,66.74179681260885,0.0,18.4,May,2013_Rolling_RealWeather
2013-05-06 21:40:00,66.74533987094524,0.0,18.4,May,2013_Rolling_RealWeather
2013-05-06 21:45:00,66.74580548581945,0.0,18.4,May,2013_Rolling_RealWeather
2013-05-06 21:50:00,66.74576163289501,0.0,18.4,May,2013_Rolling_RealWeather
2013-05-06 21:55:00,66.74619242338804,0.0,18.4,May,2013_Rolling_RealWeather
2013-05-06 22:00:00,65.95543777967404,0.0,22.3,May,2013_Rolling_RealWeather
2013-05-06 22:05:00,65.80879489013788,0.0,22.3,May,2013_Rolling_RealWeather
2013-05-06 22:10:00,65.78793895519087,0.0,22.3,May,2013_Rolling_RealWeather
2013-05-06 22:15:00,65.77774315025852,0.0,22.3,May,2013_Rolling_RealWeather
2013-05-06 22:20:00,65.7360893209998,0.0,22.3,May,2013_Rolling_RealWeather
2013-05-06 22:25:00,65.72311659411686,0.0,22.3,May,2013_Rolling_RealWeather
2013-05-06 22:30:00,65.72539178702017,0.0,22.3,May,2013_Rolling_RealWeather
2013-05-06 22:35:00,65.71672954465133,0.0,22.3,May,2013_Rolling_RealWeather
2013-05-06 22:40:00,65.71117054158259,0.0,22.3,May,2013_Rolling_RealWeather
2013-05-06 22:45:00,65.70946027752942,0.0,22.3,May,2013_Rolling_RealWeather
2013-05-06 22:50:00,65.7093828900157,0.0,22.3,May,2013_Rolling_RealWeather
2013-05-06 22:55:00,65.70848132548089,0.0,22.3,May,2013_Rolling_RealWeather
2013-05-06 23:00:00,65.75323323487213,0.0,14.8,May,2013_Rolling_RealWeather
2013-05-06 23:05:00,65.75876644210297,0.0,14.8,May,2013_Rolling_RealWeather
2013-05-06 23:10:00,65.75932234240983,0.0,14.8,May,2013_Rolling_RealWeather
2013-05-06 23:15:00,65.76077593787583,0.0,14.8,May,2013_Rolling_RealWeather
2013-05-06 23:20:00,65.76271578488637,0.0,14.8,May,2013_Rolling_RealWeather
2013-05-06 23:25:00,65.76322009351743,0.0,14.8,May,2013_Rolling_RealWeather
2013-05-06 23:30:00,65.76315302433888,0.0,14.8,May,2013_Rolling_RealWeather
2013-05-06 23:35:00,65.76341872146931,0.0,14.8,May,2013_Rolling_RealWeather
2013-05-06 23:40:00,65.76355672920211,0.0,14.8,May,2013_Rolling_RealWeather
2013-05-06 23:45:00,65.7635863944157,0.0,14.8,May,2013_Rolling_RealWeather
2013-05-06 23:50:00,65.76359542295897,0.0,14.8,May,2013_Rolling_RealWeather
2013-05-06 23:55:00,65.7636160596293,0.0,14.8,May,2013_Rolling_RealWeather
2013-05-07 00:00:00,64.73400985276822,0.0,16.6,May,2013_Rolling_RealWeather
2013-05-07 00:05:00,64.57880016546346,0.0,16.6,May,2013_Rolling_RealWeather
2013-05-07 00:10:00,64.55341835075585,0.0,16.6,May,2013_Rolling_RealWeather
2013-05-07 00:15:00,64.52885942327744,0.0,16.6,May,2013_Rolling_RealWeather
2013-05-07 00:20:00,64.47660995359882,0.0,16.6,May,2013_Rolling_RealWeather
2013-05-07 00:25:00,64.46044499177502,0.0,16.6,May,2013_Rolling_RealWeather
2013-05-07 00:30:00,64.45994197293585,0.0,16.6,May,2013_Rolling_RealWeather
2013-05-07 00:35:00,64.45299386399587,0.0,16.6,May,2013_Rolling_RealWeather
2013-05-07 00:40:00,64.44866274281145,0.0,16.6,May,2013_Rolling_RealWeather
2013-05-07 00:45:00,64.447251710478,0.0,16.6,May,2013_Rolling_RealWeather
2013-05-07 00:50:00,64.44696150730155,0.0,16.6,May,2013_Rolling_RealWeather
2013-05-07 00:55:00,64.44632950927286,0.0,16.6,May,2013_Rolling_RealWeather
2013-05-07 01:00:00,64.77653429155627,0.0,13.0,May,2013_Rolling_RealWeather
2013-05-07 01:05:00,64.81812621080402,0.0,13.0,May,2013_Rolling_RealWeather
2013-05-07 01:10:00,64.82652404583432,0.0,13.0,May,2013_Rolling_RealWeather
2013-05-07 01:15:00,64.83557967473124,0.0,13.0,May,2013_Rolling_RealWeather
2013-05-07 01:20:00,64.84738256036512,0.0,13.0,May,2013_Rolling_RealWeather
2013-05-07 01:25:00,64.85035037151621,0.0,13.0,May,2013_Rolling_RealWeather
2013-05-07 01:30:00,64.85041099173529,0.0,13.0,May,2013_Rolling_RealWeather
2013-05-07 01:35:00,64.85159889007086,0.0,13.0,May,2013_Rolling_RealWeather
2013-05-07 01:40:00,64.85215092100205,0.0,13.0,May,2013_Rolling_RealWeather
2013-05-07 01:45:00,64.85226958185642,0.0,13.0,May,2013_Rolling_RealWeather
2013-05-07 01:50:00,64.85228763894295,0.0,13.0,May,2013_Rolling_RealWeather
2013-05-07 01:55:00,64.85234309999444,0.0,13.0,May,2013_Rolling_RealWeather
2013-05-07 02:00:00,65.1052545233682,0.0,13.0,May,2013_Rolling_RealWeather
2013-05-07 02:05:00,65.1367615597866,0.0,13.0,May,2013_Rolling_RealWeather
2013-05-07 02:10:00,65.14348911431249,0.0,13.0,May,2013_Rolling_RealWeather
2013-05-07 02:15:00,65.14920676178436,0.0,13.0,May,2013_Rolling_RealWeather
2013-05-07 02:20:00,65.15535004058167,0.0,13.0,May,2013_Rolling_RealWeather
2013-05-07 02:25:00,65.1566578895635,0.0,13.0,May,2013_Rolling_RealWeather
2013-05-07 02:30:00,65.15649924516038,0.0,13.0,May,2013_Rolling_RealWeather
2013-05-07 02:35:00,65.15694035398857,0.0,13.0,May,2013_Rolling_RealWeather
2013-05-07 02:40:00,65.15706030463484,0.0,13.0,May,2013_Rolling_RealWeather
2013-05-07 02:45:00,65.15704740671589,0.0,13.0,May,2013_Rolling_RealWeather
2013-05-07 02:50:00,65.15702290066987,0.0,13.0,May,2013_Rolling_RealWeather
2013-05-07 02:55:00,65.15701903129418,0.0,13.0,May,2013_Rolling_RealWeather
2013-05-07 03:00:00,65.49374516262424,0.0,14.8,May,2013_Rolling_RealWeather
2013-05-07 03:05:00,65.5398629616326,0.0,14.8,May,2013_Rolling_RealWeather
2013-05-07 03:10:00,65.54833560459282,0.0,14.8,May,2013_Rolling_RealWeather
2013-05-07 03:15:00,65.55367534303936,0.0,14.8,May,2013_Rolling_RealWeather
2013-05-07 03:20:00,65.55869263351208,0.0,14.8,May,2013_Rolling_RealWeather
2013-05-07 03:25:00,65.55941104759776,0.0,14.8,May,2013_Rolling_RealWeather
2013-05-07 03:30:00,65.55881129436645,0.0,14.8,May,2013_Rolling_RealWeather
2013-05-07 03:35:00,65.55902153044538,0.0,14.8,May,2013_Rolling_RealWeather
2013-05-07 03:40:00,65.55896735918579,0.0,14.8,May,2013_Rolling_RealWeather
2013-05-07 03:45:00,65.55886417583416,0.0,14.8,May,2013_Rolling_RealWeather
2013-05-07 03:50:00,65.55879452707181,0.0,14.8,May,2013_Rolling_RealWeather
2013-05-07 03:55:00,65.55876357206633,0.0,14.8,May,2013_Rolling_RealWeather
2013-05-07 04:00:00,66.00568033316357,0.0,9.4,May,2013_Rolling_RealWeather
2013-05-07 04:05:00,66.0563601261056,0.0,9.4,May,2013_Rolling_RealWeather
2013-05-07 04:10:00,66.06820428508016,0.0,9.4,May,2013_Rolling_RealWeather
2013-05-07 04:15:00,66.07342600756827,0.0,9.4,May,2013_Rolling_RealWeather
2013-05-07 04:20:00,66.07374265147857,0.0,9.4,May,2013_Rolling_RealWeather
2013-05-07 04:25:00,66.07265019774326,0.0,9.4,May,2013_Rolling_RealWeather
2013-05-07 04:30:00,66.07136943439122,0.0,9.4,May,2013_Rolling_RealWeather
2013-05-07 04:35:00,66.0709102684765,0.0,9.4,May,2013_Rolling_RealWeather
2013-05-07 04:40:00,66.07057750216751,0.0,9.4,May,2013_Rolling_RealWeather
2013-05-07 04:45:00,66.07040724963733,0.0,9.4,May,2013_Rolling_RealWeather
2013-05-07 04:50:00,66.0703298621236,0.0,9.4,May,2013_Rolling_RealWeather
2013-05-07 04:55:00,66.07029890711812,0.0,9.4,May,2013_Rolling_RealWeather
2013-05-07 05:00:00,66.46064668547939,0.0,9.4,May,2013_Rolling_RealWeather
2013-05-07 05:05:00,66.50836382643793,0.0,9.4,May,2013_Rolling_RealWeather
2013-05-07 05:10:00,66.51792763334157,0.0,9.4,May,2013_Rolling_RealWeather
2013-05-07 05:15:00,66.52071616341922,0.0,9.4,May,2013_Rolling_RealWeather
2013-05-07 05:20:00,66.51857252928923,0.0,9.4,May,2013_Rolling_RealWeather
2013-05-07 05:25:00,66.51690353857671,0.0,9.4,May,2013_Rolling_RealWeather
2013-05-07 05:30:00,66.51559311001108,0.0,9.4,May,2013_Rolling_RealWeather
2013-05-07 05:35:00,66.51524873557504,0.0,9.4,May,2013_Rolling_RealWeather
2013-05-07 05:40:00,66.51499980573925,0.0,9.4,May,2013_Rolling_RealWeather
2013-05-07 05:45:00,66.51487985509299,0.0,9.4,May,2013_Rolling_RealWeather
2013-05-07 05:50:00,66.51483987154423,0.0,9.4,May,2013_Rolling_RealWeather
2013-05-07 05:55:00,66.51482181445769,0.0,9.4,May,2013_Rolling_RealWeather
2013-05-07 06:00:00,66.81450109195504,0.0,9.4,May,2013_Rolling_RealWeather
2013-05-07 06:05:00,66.85401773604325,0.0,9.4,May,2013_Rolling_RealWeather
2013-05-07 06:10:00,66.86102388561852,0.0,9.4,May,2013_Rolling_RealWeather
2013-05-07 06:15:00,66.86235108147879,0.0,9.4,May,2013_Rolling_RealWeather
2013-05-07 06:20:00,66.85978181602334,0.0,9.4,May,2013_Rolling_RealWeather
2013-05-07 06:25:00,66.85826115137878,0.0,9.4,May,2013_Rolling_RealWeather
2013-05-07 06:30:00,66.85728993808164,0.0,9.4,May,2013_Rolling_RealWeather
2013-05-07 06:35:00,66.8572718809951,0.0,9.4,May,2013_Rolling_RealWeather
2013-05-07 06:40:00,66.85717385681104,0.0,9.4,May,2013_Rolling_RealWeather
2013-05-07 06:45:00,66.85711968555145,0.0,9.4,May,2013_Rolling_RealWeather
2013-05-07 06:50:00,66.85710291825681,0.0,9.4,May,2013_Rolling_RealWeather
2013-05-07 06:55:00,66.85709131012975,0.0,9.4,May,2013_Rolling_RealWeather
2013-05-07 07:00:00,66.69007938208705,0.0,0.0,May,2013_Rolling_RealWeather
2013-05-07 07:05:00,66.67228734778733,0.0,0.0,May,2013_Rolling_RealWeather
2013-05-07 07:10:00,66.66706240081947,0.0,0.0,May,2013_Rolling_RealWeather
2013-05-07 07:15:00,66.66573842943895,0.0,0.0,May,2013_Rolling_RealWeather
2013-05-07 07:20:00,66.6669153645434,0.0,0.0,May,2013_Rolling_RealWeather
2013-05-07 07:25:00,66.6674351506772,0.0,0.0,May,2013_Rolling_RealWeather
2013-05-07 07:30:00,66.66785046366749,0.0,0.0,May,2013_Rolling_RealWeather
2013-05-07 07:35:00,66.66789173700815,0.0,0.0,May,2013_Rolling_RealWeather
2013-05-07 07:40:00,66.66793687972448,0.0,0.0,May,2013_Rolling_RealWeather
2013-05-07 07:45:00,66.66795235722722,0.0,0.0,May,2013_Rolling_RealWeather
2013-05-07 07:50:00,66.66795106743533,0.0,0.0,May,2013_Rolling_RealWeather
2013-05-07 07:55:00,66.66794848785153,0.0,0.0,May,2013_Rolling_RealWeather
2013-05-07 08:00:00,65.76961359194244,1.5,7.6,May,2013_Rolling_RealWeather
2013-05-07 08:05:00,65.62301584512261,1.5,7.6,May,2013_Rolling_RealWeather
2013-05-07 08:10:00,65.6009500853778,1.5,7.6,May,2013_Rolling_RealWeather
2013-05-07 08:15:00,65.58951221085029,1.5,7.6,May,2013_Rolling_RealWeather
2013-05-07 08:20:00,65.57334724902648,1.5,7.6,May,2013_Rolling_RealWeather
2013-05-07 08:25:00,65.56699760352592,1.5,7.6,May,2013_Rolling_RealWeather
2013-05-07 08:30:00,65.56779082554152,1.5,7.6,May,2013_Rolling_RealWeather
2013-05-07 08:35:00,65.56623146714011,1.5,7.6,May,2013_Rolling_RealWeather
2013-05-07 08:40:00,65.56569878308736,1.5,7.6,May,2013_Rolling_RealWeather
2013-05-07 08:45:00,65.56566653828997,1.5,7.6,May,2013_Rolling_RealWeather
2013-05-07 08:50:00,65.56576714205781,1.5,7.6,May,2013_Rolling_RealWeather
2013-05-07 08:55:00,65.56579035831192,1.5,7.6,May,2013_Rolling_RealWeather
2013-05-07 09:00:00,66.6104637528699,0.0,11.2,May,2013_Rolling_RealWeather
2013-05-07 09:05:00,66.77503217016695,0.0,11.2,May,2013_Rolling_RealWeather
2013-05-07 09:10:00,66.80138390837983,0.0,11.2,May,2013_Rolling_RealWeather
2013-05-07 09:15:00,66.80598588586227,0.0,11.2,May,2013_Rolling_RealWeather
2013-05-07 09:20:00,66.80170764614556,0.0,11.2,May,2013_Rolling_RealWeather
2013-05-07 09:25:00,66.79959238743726,0.0,11.2,May,2013_Rolling_RealWeather
2013-05-07 09:30:00,66.79805366570616,0.0,11.2,May,2013_Rolling_RealWeather
2013-05-07 09:35:00,66.80110402353856,0.0,11.2,May,2013_Rolling_RealWeather
2013-05-07 09:40:00,66.8018056703296,0.0,11.2,May,2013_Rolling_RealWeather
2013-05-07 09:45:00,66.80183791512698,0.0,11.2,May,2013_Rolling_RealWeather
2013-05-07 09:50:00,66.8018043805377,0.0,11.2,May,2013_Rolling_RealWeather
2013-05-07 09:55:00,66.80175278886189,0.0,11.2,May,2013_Rolling_RealWeather
2013-05-07 10:00:00,66.59131808197606,0.0,5.4,May,2013_Rolling_RealWeather
2013-05-07 10:05:00,66.56135621624823,0.0,5.4,May,2013_Rolling_RealWeather
2013-05-07 10:10:00,66.55521551703471,0.0,5.4,May,2013_Rolling_RealWeather
2013-05-07 10:15:00,66.55223222838087,0.0,5.4,May,2013_Rolling_RealWeather
2013-05-07 10:20:00,66.55229413839186,0.0,5.4,May,2013_Rolling_RealWeather
2013-05-07 10:25:00,66.55219482441592,0.0,5.4,May,2013_Rolling_RealWeather
2013-05-07 10:30:00,66.55238700340831,0.0,5.4,May,2013_Rolling_RealWeather
2013-05-07 10:35:00,66.55197298020992,0.0,5.4,May,2013_Rolling_RealWeather
2013-05-07 10:40:00,66.55190333144758,0.0,5.4,May,2013_Rolling_RealWeather
2013-05-07 10:45:00,66.55190978040706,0.0,5.4,May,2013_Rolling_RealWeather
2013-05-07 10:50:00,66.55190849061516,0.0,5.4,May,2013_Rolling_RealWeather
2013-05-07 10:55:00,66.55191493957463,0.0,5.4,May,2013_Rolling_RealWeather
2013-05-07 11:00:00,66.15259794837344,0.0,11.2,May,2013_Rolling_RealWeather
2013-05-07 11:05:00,66.08923950110061,0.0,11.2,May,2013_Rolling_RealWeather
2013-05-07 11:10:00,66.07695552308977,0.0,11.2,May,2013_Rolling_RealWeather
2013-05-07 11:15:00,66.07183117988974,0.0,11.2,May,2013_Rolling_RealWeather
2013-05-07 11:20:00,66.06993776538744,0.0,11.2,May,2013_Rolling_RealWeather
2013-05-07 11:25:00,66.06853447180535,0.0,11.2,May,2013_Rolling_RealWeather
2013-05-07 11:30:00,66.06864410411644,0.0,11.2,May,2013_Rolling_RealWeather
2013-05-07 11:35:00,66.06720985552887,0.0,11.2,May,2013_Rolling_RealWeather
2013-05-07 11:40:00,66.06682162816838,0.0,11.2,May,2013_Rolling_RealWeather
2013-05-07 11:45:00,66.06675842836552,0.0,11.2,May,2013_Rolling_RealWeather
2013-05-07 11:50:00,66.06674037127898,0.0,11.2,May,2013_Rolling_RealWeather
2013-05-07 11:55:00,66.06673779169519,0.0,11.2,May,2013_Rolling_RealWeather
2013-05-07 12:00:00,63.919279267512486,2.5,5.4,May,2013_Rolling_RealWeather
2013-05-07 12:05:00,63.5701016464492,2.5,5.4,May,2013_Rolling_RealWeather
2013-05-07 12:10:00,63.53402100797007,2.5,5.4,May,2013_Rolling_RealWeather
2013-05-07 12:15:00,63.483173542081644,2.5,5.4,May,2013_Rolling_RealWeather
2013-05-07 12:20:00,63.40083580706946,2.5,5.4,May,2013_Rolling_RealWeather
2013-05-07 12:25:00,63.36599594839361,2.5,5.4,May,2013_Rolling_RealWeather
2013-05-07 12:30:00,63.36301394953168,2.5,5.4,May,2013_Rolling_RealWeather
2013-05-07 12:35:00,63.35772451296905,2.5,5.4,May,2013_Rolling_RealWeather
2013-05-07 12:40:00,63.352989686921404,2.5,5.4,May,2013_Rolling_RealWeather
2013-05-07 12:45:00,63.350880877172585,2.5,5.4,May,2013_Rolling_RealWeather
2013-05-07 12:50:00,63.350411392922695,2.5,5.4,May,2013_Rolling_RealWeather
2013-05-07 12:55:00,63.35008636536508,2.5,5.4,May,2013_Rolling_RealWeather
2013-05-07 13:00:00,66.05078629043007,0.0,0.0,May,2013_Rolling_RealWeather
2013-05-07 13:05:00,66.40587502774952,0.0,0.0,May,2013_Rolling_RealWeather
2013-05-07 13:10:00,66.50542697029232,0.0,0.0,May,2013_Rolling_RealWeather
2013-05-07 13:15:00,66.62494037710275,0.0,0.0,May,2013_Rolling_RealWeather
2013-05-07 13:20:00,66.70859885901572,0.0,0.0,May,2013_Rolling_RealWeather
2013-05-07 13:25:00,66.75202292765074,0.0,0.0,May,2013_Rolling_RealWeather
2013-05-07 13:30:00,66.76312739097334,0.0,0.0,May,2013_Rolling_RealWeather
2013-05-07 13:35:00,66.7784204534759,0.0,0.0,May,2013_Rolling_RealWeather
2013-05-07 13:40:00,66.78551495379601,0.0,0.0,May,2013_Rolling_RealWeather
2013-05-07 13:45:00,66.7886059400731,0.0,0.0,May,2013_Rolling_RealWeather
2013-05-07 13:50:00,66.79041293851841,0.0,0.0,May,2013_Rolling_RealWeather
2013-05-07 13:55:00,66.79148540047936,0.0,0.0,May,2013_Rolling_RealWeather
2013-05-07 14:00:00,64.38607043192442,2.5,5.4,May,2013_Rolling_RealWeather
2013-05-07 14:05:00,64.0335006581765,2.5,5.4,May,2013_Rolling_RealWeather
2013-05-07 14:10:00,64.00919581970146,2.5,5.4,May,2013_Rolling_RealWeather
2013-05-07 14:15:00,63.92647372670447,2.5,5.4,May,2013_Rolling_RealWeather
2013-05-07 14:20:00,63.80185016440487,2.5,5.4,May,2013_Rolling_RealWeather
2013-05-07 14:25:00,63.749612302853315,2.5,5.4,May,2013_Rolling_RealWeather
2013-05-07 14:30:00,63.74592091844896,2.5,5.4,May,2013_Rolling_RealWeather
2013-05-07 14:35:00,63.73573672164367,2.5,5.4,May,2013_Rolling_RealWeather
2013-05-07 14:40:00,63.725851756558086,2.5,5.4,May,2013_Rolling_RealWeather
2013-05-07 14:45:00,63.721421321397735,2.5,5.4,May,2013_Rolling_RealWeather
2013-05-07 14:50:00,63.72029533307314,2.5,5.4,May,2013_Rolling_RealWeather
2013-05-07 14:55:00,63.71937700124368,2.5,5.4,May,2013_Rolling_RealWeather
2013-05-07 15:00:00,67.28007920708944,0.0,0.0,May,2013_Rolling_RealWeather
2013-05-07 15:05:00,67.8667571730655,0.0,0.0,May,2013_Rolling_RealWeather
2013-05-07 15:10:00,67.91947935147374,0.0,0.0,May,2013_Rolling_RealWeather
2013-05-07 15:15:00,68.04595086311133,0.0,0.0,May,2013_Rolling_RealWeather
2013-05-07 15:20:00,68.13288219195863,0.0,0.0,May,2013_Rolling_RealWeather
2013-05-07 15:25:00,68.21266226964242,0.0,0.0,May,2013_Rolling_RealWeather
2013-05-07 15:30:00,68.22445741652496,0.0,0.0,May,2013_Rolling_RealWeather
2013-05-07 15:35:00,68.22933734416083,0.0,0.0,May,2013_Rolling_RealWeather
2013-05-07 15:40:00,68.2346235562437,0.0,0.0,May,2013_Rolling_RealWeather
2013-05-07 15:45:00,68.23712252804086,0.0,0.0,May,2013_Rolling_RealWeather
2013-05-07 15:50:00,68.23879151875337,0.0,0.0,May,2013_Rolling_RealWeather
2013-05-07 15:55:00,68.23911461162314,0.0,0.0,May,2013_Rolling_RealWeather
2013-05-07 16:00:00,66.30801980644497,0.0,5.4,May,2013_Rolling_RealWeather
2013-05-07 16:05:00,65.40675321355786,0.0,5.4,May,2013_Rolling_RealWeather
2013-05-07 16:10:00,65.27955135725955,0.0,5.4,May,2013_Rolling_RealWeather
2013-05-07 16:15:00,65.60017685513657,0.0,5.4,May,2013_Rolling_RealWeather
2013-05-07 16:20:00,66.12074331303927,0.0,5.4,May,2013_Rolling_RealWeather
2013-05-07 16:25:00,66.41609598362382,0.0,5.4,May,2013_Rolling_RealWeather
2013-05-07 16:30:00,66.46522996097934,0.0,5.4,May,2013_Rolling_RealWeather
2013-05-07 16:35:00,66.39670202779014,0.0,5.4,May,2013_Rolling_RealWeather
2013-05-07 16:40:00,66.29071402368979,0.0,5.4,May,2013_Rolling_RealWeather
2013-05-07 16:45:00,66.21378890036623,0.0,5.4,May,2013_Rolling_RealWeather
2013-05-07 16:50:00,66.18609319899845,0.0,5.4,May,2013_Rolling_RealWeather
2013-05-07 16:55:00,66.1933818129988,0.0,5.4,May,2013_Rolling_RealWeather
2013-05-07 17:00:00,63.56989334505811,0.0,7.6,May,2013_Rolling_RealWeather
2013-05-07 17:05:00,61.86700109746746,0.0,7.6,May,2013_Rolling_RealWeather
2013-05-07 17:10:00,61.21820417422995,0.0,7.6,May,2013_Rolling_RealWeather
2013-05-07 17:15:00,61.654186724534796,0.0,7.6,May,2013_Rolling_RealWeather
2013-05-07 17:20:00,63.03749820568362,0.0,7.6,May,2013_Rolling_RealWeather
2013-05-07 17:25:00,64.32676257609877,0.0,7.6,May,2013_Rolling_RealWeather
2013-05-07 17:30:00,64.88804969882395,0.0,7.6,May,2013_Rolling_RealWeather
2013-05-07 17:35:00,64.77100946797276,0.0,7.6,May,2013_Rolling_RealWeather
2013-05-07 17:40:00,64.21351562321166,0.0,7.6,May,2013_Rolling_RealWeather
2013-05-07 17:45:00,63.54018298874987,0.0,7.6,May,2013_Rolling_RealWeather
2013-05-07 17:50:00,63.058395413971276,0.0,7.6,May,2013_Rolling_RealWeather
2013-05-07 17:55:00,62.93453734316154,0.0,7.6,May,2013_Rolling_RealWeather
2013-05-07 18:00:00,66.28728059766449,0.0,0.0,May,2013_Rolling_RealWeather
2013-05-07 18:05:00,67.59745313959841,0.0,0.0,May,2013_Rolling_RealWeather
2013-05-07 18:10:00,67.74588497049336,0.0,0.0,May,2013_Rolling_RealWeather
2013-05-07 18:15:00,67.61138031248387,0.0,0.0,May,2013_Rolling_RealWeather
2013-05-07 18:20:00,67.39815772041635,0.0,0.0,May,2013_Rolling_RealWeather
2013-05-07 18:25:00,67.25087831857985,0.0,0.0,May,2013_Rolling_RealWeather
2013-05-07 18:30:00,67.17535519904648,0.0,0.0,May,2013_Rolling_RealWeather
2013-05-07 18:35:00,67.12479213227097,0.0,0.0,May,2013_Rolling_RealWeather
2013-05-07 18:40:00,67.11408492485214,0.0,0.0,May,2013_Rolling_RealWeather
2013-05-07 18:45:00,67.12661396332308,0.0,0.0,May,2013_Rolling_RealWeather
2013-05-07 18:50:00,67.14316199333979,0.0,0.0,May,2013_Rolling_RealWeather
2013-05-07 18:55:00,67.15558397908342,0.0,0.0,May,2013_Rolling_RealWeather
2013-05-07 19:00:00,62.323925374033344,0.0,16.6,May,2013_Rolling_RealWeather
2013-05-07 19:05:00,58.98126472507092,0.0,16.6,May,2013_Rolling_RealWeather
2013-05-07 19:10:00,56.84947701119213,0.0,16.6,May,2013_Rolling_RealWeather
2013-05-07 19:15:00,56.50006851737958,0.0,16.6,May,2013_Rolling_RealWeather
2013-05-07 19:20:00,58.56440559674972,0.0,16.6,May,2013_Rolling_RealWeather
2013-05-07 19:25:00,61.70018134841715,0.0,16.6,May,2013_Rolling_RealWeather
2013-05-07 19:30:00,63.983467050974006,0.0,16.6,May,2013_Rolling_RealWeather
2013-05-07 19:35:00,64.6408984860546,0.0,16.6,May,2013_Rolling_RealWeather
2013-05-07 19:40:00,64.09273048159248,0.0,16.6,May,2013_Rolling_RealWeather
2013-05-07 19:45:00,62.80915346869265,0.0,16.6,May,2013_Rolling_RealWeather
2013-05-07 19:50:00,61.329227525889564,0.0,16.6,May,2013_Rolling_RealWeather
2013-05-07 19:55:00,60.23529246457843,0.0,16.6,May,2013_Rolling_RealWeather
2013-05-07 20:00:00,63.015360862488635,0.0,16.6,May,2013_Rolling_RealWeather
2013-05-07 20:05:00,64.75635420756241,0.0,16.6,May,2013_Rolling_RealWeather
2013-05-07 20:10:00,65.45761422226118,0.0,16.6,May,2013_Rolling_RealWeather
2013-05-07 20:15:00,65.56183327677714,0.0,16.6,May,2013_Rolling_RealWeather
2013-05-07 20:20:00,65.30678595802476,0.0,16.6,May,2013_Rolling_RealWeather
2013-05-07 20:25:00,64.97598642045362,0.0,16.6,May,2013_Rolling_RealWeather
2013-05-07 20:30:00,64.73245823311818,0.0,16.6,May,2013_Rolling_RealWeather
2013-05-07 20:35:00,64.6481555001535,0.0,16.6,May,2013_Rolling_RealWeather
2013-05-07 20:40:00,64.6803241998142,0.0,16.6,May,2013_Rolling_RealWeather
2013-05-07 20:45:00,64.75720031104572,0.0,16.6,May,2013_Rolling_RealWeather
2013-05-07 20:50:00,64.82412180842933,0.0,16.6,May,2013_Rolling_RealWeather
2013-05-07 20:55:00,64.85682383703872,0.0,16.6,May,2013_Rolling_RealWeather
2013-05-07 21:00:00,65.06097080843496,0.0,20.5,May,2013_Rolling_RealWeather
2013-05-07 21:05:00,65.11638284784085,0.0,20.5,May,2013_Rolling_RealWeather
2013-05-07 21:10:00,65.12485936017677,0.0,20.5,May,2013_Rolling_RealWeather
2013-05-07 21:15:00,65.12047664731654,0.0,20.5,May,2013_Rolling_RealWeather
2013-05-07 21:20:00,65.11561671145505,0.0,20.5,May,2013_Rolling_RealWeather
2013-05-07 21:25:00,65.11220779147577,0.0,20.5,May,2013_Rolling_RealWeather
2013-05-07 21:30:00,65.11048591929554,0.0,20.5,May,2013_Rolling_RealWeather
2013-05-07 21:35:00,65.11303583787254,0.0,20.5,May,2013_Rolling_RealWeather
2013-05-07 21:40:00,65.11488926882609,0.0,20.5,May,2013_Rolling_RealWeather
2013-05-07 21:45:00,65.1156863602174,0.0,20.5,May,2013_Rolling_RealWeather
2013-05-07 21:50:00,65.11583339649346,0.0,20.5,May,2013_Rolling_RealWeather
2013-05-07 21:55:00,65.115740531477,0.0,20.5,May,2013_Rolling_RealWeather
2013-05-07 22:00:00,64.22946261020516,0.0,25.9,May,2013_Rolling_RealWeather
2013-05-07 22:05:00,63.973246739995645,0.0,25.9,May,2013_Rolling_RealWeather
2013-05-07 22:10:00,63.87877593262437,0.0,25.9,May,2013_Rolling_RealWeather
2013-05-07 22:15:00,63.87797110248171,0.0,25.9,May,2013_Rolling_RealWeather
2013-05-07 22:20:00,63.84740303456309,0.0,25.9,May,2013_Rolling_RealWeather
2013-05-07 22:25:00,63.84014666536013,0.0,25.9,May,2013_Rolling_RealWeather
2013-05-07 22:30:00,63.837982394559816,0.0,25.9,May,2013_Rolling_RealWeather
2013-05-07 22:35:00,63.82195544046881,0.0,25.9,May,2013_Rolling_RealWeather
2013-05-07 22:40:00,63.81078584265551,0.0,25.9,May,2013_Rolling_RealWeather
2013-05-07 22:45:00,63.80517524791095,0.0,25.9,May,2013_Rolling_RealWeather
2013-05-07 22:50:00,63.80382354600468,0.0,25.9,May,2013_Rolling_RealWeather
2013-05-07 22:55:00,63.802369950538676,0.0,25.9,May,2013_Rolling_RealWeather
2013-05-07 23:00:00,63.848981739842934,0.0,22.3,May,2013_Rolling_RealWeather
2013-05-07 23:05:00,63.8592278466592,0.0,22.3,May,2013_Rolling_RealWeather
2013-05-07 23:10:00,63.86157784749244,0.0,22.3,May,2013_Rolling_RealWeather
2013-05-07 23:15:00,63.86181516920117,0.0,22.3,May,2013_Rolling_RealWeather
2013-05-07 23:20:00,63.86475589472246,0.0,22.3,May,2013_Rolling_RealWeather
2013-05-07 23:25:00,63.86591799722012,0.0,22.3,May,2013_Rolling_RealWeather
2013-05-07 23:30:00,63.86609727829357,0.0,22.3,May,2013_Rolling_RealWeather
2013-05-07 23:35:00,63.866619644011166,0.0,22.3,May,2013_Rolling_RealWeather
2013-05-07 23:40:00,63.86702979783387,0.0,22.3,May,2013_Rolling_RealWeather
2013-05-07 23:45:00,63.8672142380749,0.0,22.3,May,2013_Rolling_RealWeather
2013-05-07 23:50:00,63.867254221623654,0.0,22.3,May,2013_Rolling_RealWeather
2013-05-07 23:55:00,63.867322580594106,0.0,22.3,May,2013_Rolling_RealWeather
2013-05-08 00:00:00,62.7912311654115,0.0,27.7,May,2013_Rolling_RealWeather
2013-05-08 00:05:00,62.501728345968075,0.0,27.7,May,2013_Rolling_RealWeather
2013-05-08 00:10:00,62.39467045949057,0.0,27.7,May,2013_Rolling_RealWeather
2013-05-08 00:15:00,62.39181357044248,0.0,27.7,May,2013_Rolling_RealWeather
2013-05-08 00:20:00,62.31598283554209,0.0,27.7,May,2013_Rolling_RealWeather
2013-05-08 00:25:00,62.28297319156566,0.0,27.7,May,2013_Rolling_RealWeather
2013-05-08 00:30:00,62.26503476588583,0.0,27.7,May,2013_Rolling_RealWeather
2013-05-08 00:35:00,62.247234347938786,0.0,27.7,May,2013_Rolling_RealWeather
2013-05-08 00:40:00,62.232902180398206,0.0,27.7,May,2013_Rolling_RealWeather
2013-05-08 00:45:00,62.225438134547105,0.0,27.7,May,2013_Rolling_RealWeather
2013-05-08 00:50:00,62.222279434195514,0.0,27.7,May,2013_Rolling_RealWeather
2013-05-08 00:55:00,62.21935547596887,0.0,27.7,May,2013_Rolling_RealWeather
2013-05-08 01:00:00,63.27360815493325,0.0,22.3,May,2013_Rolling_RealWeather
2013-05-08 01:05:00,63.50019234614013,0.0,22.3,May,2013_Rolling_RealWeather
2013-05-08 01:10:00,63.5465539158167,0.0,22.3,May,2013_Rolling_RealWeather
2013-05-08 01:15:00,63.557287563969396,0.0,22.3,May,2013_Rolling_RealWeather
2013-05-08 01:20:00,63.60903530460074,0.0,22.3,May,2013_Rolling_RealWeather
2013-05-08 01:25:00,63.62826223238398,0.0,22.3,May,2013_Rolling_RealWeather
2013-05-08 01:30:00,63.63351168539785,0.0,22.3,May,2013_Rolling_RealWeather
2013-05-08 01:35:00,63.64181020645221,0.0,22.3,May,2013_Rolling_RealWeather
2013-05-08 01:40:00,63.64715639385823,0.0,22.3,May,2013_Rolling_RealWeather
2013-05-08 01:45:00,63.649226509850195,0.0,22.3,May,2013_Rolling_RealWeather
2013-05-08 01:50:00,63.649855928295096,0.0,22.3,May,2013_Rolling_RealWeather
2013-05-08 01:55:00,63.65066204822966,0.0,22.3,May,2013_Rolling_RealWeather
2013-05-08 02:00:00,64.01308841164148,0.0,24.1,May,2013_Rolling_RealWeather
2013-05-08 02:05:00,64.08879403672802,0.0,24.1,May,2013_Rolling_RealWeather
2013-05-08 02:10:00,64.1028785642247,0.0,24.1,May,2013_Rolling_RealWeather
2013-05-08 02:15:00,64.10529821382029,0.0,24.1,May,2013_Rolling_RealWeather
2013-05-08 02:20:00,64.11876493099912,0.0,24.1,May,2013_Rolling_RealWeather
2013-05-08 02:25:00,64.12338754515187,0.0,24.1,May,2013_Rolling_RealWeather
2013-05-08 02:30:00,64.12448902743046,0.0,24.1,May,2013_Rolling_RealWeather
2013-05-08 02:35:00,64.12654753529536,0.0,24.1,May,2013_Rolling_RealWeather
2013-05-08 02:40:00,64.12770834800112,0.0,24.1,May,2013_Rolling_RealWeather
2013-05-08 02:45:00,64.12807851827507,0.0,24.1,May,2013_Rolling_RealWeather
2013-05-08 02:50:00,64.12814816703742,0.0,24.1,May,2013_Rolling_RealWeather
2013-05-08 02:55:00,64.12828359518643,0.0,24.1,May,2013_Rolling_RealWeather
2013-05-08 03:00:00,65.03963249131911,0.0,20.5,May,2013_Rolling_RealWeather
2013-05-08 03:05:00,65.20093515553727,0.0,20.5,May,2013_Rolling_RealWeather
2013-05-08 03:10:00,65.2215382912728,0.0,20.5,May,2013_Rolling_RealWeather
2013-05-08 03:15:00,65.22949888685059,0.0,20.5,May,2013_Rolling_RealWeather
2013-05-08 03:20:00,65.24220204722741,0.0,20.5,May,2013_Rolling_RealWeather
2013-05-08 03:25:00,65.24406708630801,0.0,20.5,May,2013_Rolling_RealWeather
2013-05-08 03:30:00,65.24323775011933,0.0,20.5,May,2013_Rolling_RealWeather
2013-05-08 03:35:00,65.24474422705303,0.0,20.5,May,2013_Rolling_RealWeather
2013-05-08 03:40:00,65.24502540168622,0.0,20.5,May,2013_Rolling_RealWeather
2013-05-08 03:45:00,65.24484612061276,0.0,20.5,May,2013_Rolling_RealWeather
2013-05-08 03:50:00,65.24468747620965,0.0,20.5,May,2013_Rolling_RealWeather
2013-05-08 03:55:00,65.24464104370142,0.0,20.5,May,2013_Rolling_RealWeather
2013-05-08 04:00:00,65.79415446233432,0.0,22.3,May,2013_Rolling_RealWeather
2013-05-08 04:05:00,65.89613314832813,0.0,22.3,May,2013_Rolling_RealWeather
2013-05-08 04:10:00,65.9075865003584,0.0,22.3,May,2013_Rolling_RealWeather
2013-05-08 04:15:00,65.90922840544111,0.0,22.3,May,2013_Rolling_RealWeather
2013-05-08 04:20:00,65.9105491523419,0.0,22.3,May,2013_Rolling_RealWeather
2013-05-08 04:25:00,65.90917681376531,0.0,22.3,May,2013_Rolling_RealWeather
2013-05-08 04:30:00,65.90806630294345,0.0,22.3,May,2013_Rolling_RealWeather
2013-05-08 04:35:00,65.90858995845295,0.0,22.3,May,2013_Rolling_RealWeather
2013-05-08 04:40:00,65.90856674219883,0.0,22.3,May,2013_Rolling_RealWeather
2013-05-08 04:45:00,65.90839519987675,0.0,22.3,May,2013_Rolling_RealWeather
2013-05-08 04:50:00,65.90828427777376,0.0,22.3,May,2013_Rolling_RealWeather
2013-05-08 04:55:00,65.90822752693036,0.0,22.3,May,2013_Rolling_RealWeather
2013-05-08 05:00:00,66.5333728912878,0.0,16.6,May,2013_Rolling_RealWeather
2013-05-08 05:05:00,66.63416367894604,0.0,16.6,May,2013_Rolling_RealWeather
2013-05-08 05:10:00,66.64478898457952,0.0,16.6,May,2013_Rolling_RealWeather
2013-05-08 05:15:00,66.64572150411983,0.0,16.6,May,2013_Rolling_RealWeather
2013-05-08 05:20:00,66.63896944354794,0.0,16.6,May,2013_Rolling_RealWeather
2013-05-08 05:25:00,66.63467185695279,0.0,16.6,May,2013_Rolling_RealWeather
2013-05-08 05:30:00,66.63276812411533,0.0,16.6,May,2013_Rolling_RealWeather
2013-05-08 05:35:00,66.6326907366016,0.0,16.6,May,2013_Rolling_RealWeather
2013-05-08 05:40:00,66.63249597802542,0.0,16.6,May,2013_Rolling_RealWeather
2013-05-08 05:45:00,66.63236054987641,0.0,16.6,May,2013_Rolling_RealWeather
2013-05-08 05:50:00,66.63229606028165,0.0,16.6,May,2013_Rolling_RealWeather
2013-05-08 05:55:00,66.63225091756532,0.0,16.6,May,2013_Rolling_RealWeather
2013-05-08 06:00:00,66.97909788467379,0.0,14.8,May,2013_Rolling_RealWeather
2013-05-08 06:05:00,67.0345589361717,0.0,14.8,May,2013_Rolling_RealWeather
2013-05-08 06:10:00,67.04058097453087,0.0,14.8,May,2013_Rolling_RealWeather
2013-05-08 06:15:00,67.03996832338059,0.0,14.8,May,2013_Rolling_RealWeather
2013-05-08 06:20:00,67.03451637303917,0.0,14.8,May,2013_Rolling_RealWeather
2013-05-08 06:25:00,67.0317059164993,0.0,14.8,May,2013_Rolling_RealWeather
2013-05-08 06:30:00,67.0307205154913,0.0,14.8,May,2013_Rolling_RealWeather
2013-05-08 06:35:00,67.03094880865676,0.0,14.8,May,2013_Rolling_RealWeather
2013-05-08 06:40:00,67.03098105345414,0.0,14.8,May,2013_Rolling_RealWeather
2013-05-08 06:45:00,67.0309629963676,0.0,14.8,May,2013_Rolling_RealWeather
2013-05-08 06:50:00,67.03094751886486,0.0,14.8,May,2013_Rolling_RealWeather
2013-05-08 06:55:00,67.03092172302696,0.0,14.8,May,2013_Rolling_RealWeather
2013-05-08 07:00:00,67.18021384511607,0.0,13.0,May,2013_Rolling_RealWeather
2013-05-08 07:05:00,67.20396407307614,0.0,13.0,May,2013_Rolling_RealWeather
2013-05-08 07:10:00,67.20676421128084,0.0,13.0,May,2013_Rolling_RealWeather
2013-05-08 07:15:00,67.20627924952821,0.0,13.0,May,2013_Rolling_RealWeather
2013-05-08 07:20:00,67.2036983759457,0.0,13.0,May,2013_Rolling_RealWeather
2013-05-08 07:25:00,67.20251305719393,0.0,13.0,May,2013_Rolling_RealWeather
2013-05-08 07:30:00,67.20216868275789,0.0,13.0,May,2013_Rolling_RealWeather
2013-05-08 07:35:00,67.20241632280178,0.0,13.0,May,2013_Rolling_RealWeather
2013-05-08 07:40:00,67.2024937103155,0.0,13.0,May,2013_Rolling_RealWeather
2013-05-08 07:45:00,67.20250273885877,0.0,13.0,May,2013_Rolling_RealWeather
2013-05-08 07:50:00,67.2024937103155,0.0,13.0,May,2013_Rolling_RealWeather
2013-05-08 07:55:00,67.20247952260465,0.0,13.0,May,2013_Rolling_RealWeather
2013-05-08 08:00:00,67.21334859890635,0.0,13.0,May,2013_Rolling_RealWeather
2013-05-08 08:05:00,67.21514140964081,0.0,13.0,May,2013_Rolling_RealWeather
2013-05-08 08:10:00,67.2153658334306,0.0,13.0,May,2013_Rolling_RealWeather
2013-05-08 08:15:00,67.21532584988184,0.0,13.0,May,2013_Rolling_RealWeather
2013-05-08 08:20:00,67.21513754026512,0.0,13.0,May,2013_Rolling_RealWeather
2013-05-08 08:25:00,67.2150601527514,0.0,13.0,May,2013_Rolling_RealWeather
2013-05-08 08:30:00,67.21504467524866,0.0,13.0,May,2013_Rolling_RealWeather
2013-05-08 08:35:00,67.21507047108656,0.0,13.0,May,2013_Rolling_RealWeather
2013-05-08 08:40:00,67.21508078942173,0.0,13.0,May,2013_Rolling_RealWeather
2013-05-08 08:45:00,67.21508465879742,0.0,13.0,May,2013_Rolling_RealWeather
2013-05-08 08:50:00,67.21508594858932,0.0,13.0,May,2013_Rolling_RealWeather
2013-05-08 08:55:00,67.21508336900553,0.0,13.0,May,2013_Rolling_RealWeather
2013-05-08 09:00:00,67.05532974485362,0.0,13.0,May,2013_Rolling_RealWeather
2013-05-08 09:05:00,67.02849046530432,0.0,13.0,May,2013_Rolling_RealWeather
2013-05-08 09:10:00,67.02486743987042,0.0,13.0,May,2013_Rolling_RealWeather
2013-05-08 09:15:00,67.02547235226932,0.0,13.0,May,2013_Rolling_RealWeather
2013-05-08 09:20:00,67.02797841792189,0.0,13.0,May,2013_Rolling_RealWeather
2013-05-08 09:25:00,67.02894705163526,0.0,13.0,May,2013_Rolling_RealWeather
2013-05-08 09:30:00,67.02914825917092,0.0,13.0,May,2013_Rolling_RealWeather
2013-05-08 09:35:00,67.02859622823973,0.0,13.0,May,2013_Rolling_RealWeather
2013-05-08 09:40:00,67.02841694716629,0.0,13.0,May,2013_Rolling_RealWeather
2013-05-08 09:45:00,67.02838857174459,0.0,13.0,May,2013_Rolling_RealWeather
2013-05-08 09:50:00,67.02839889007976,0.0,13.0,May,2013_Rolling_RealWeather
2013-05-08 09:55:00,67.02842468591766,0.0,13.0,May,2013_Rolling_RealWeather
2013-05-08 10:00:00,66.78298244740958,0.0,16.6,May,2013_Rolling_RealWeather
2013-05-08 10:05:00,66.73783973107408,0.0,16.6,May,2013_Rolling_RealWeather
2013-05-08 10:10:00,66.73091870776389,0.0,16.6,May,2013_Rolling_RealWeather
2013-05-08 10:15:00,66.73229491571618,0.0,16.6,May,2013_Rolling_RealWeather
2013-05-08 10:20:00,66.73612559764521,0.0,16.6,May,2013_Rolling_RealWeather
2013-05-08 10:25:00,66.73754178914626,0.0,16.6,May,2013_Rolling_RealWeather
2013-05-08 10:30:00,66.73782812294702,0.0,16.6,May,2013_Rolling_RealWeather
2013-05-08 10:35:00,66.73669052649537,0.0,16.6,May,2013_Rolling_RealWeather
2013-05-08 10:40:00,66.7362661849618,0.0,16.6,May,2013_Rolling_RealWeather
2013-05-08 10:45:00,66.73617976890482,0.0,16.6,May,2013_Rolling_RealWeather
2013-05-08 10:50:00,66.73619524640756,0.0,16.6,May,2013_Rolling_RealWeather
2013-05-08 10:55:00,66.7362416789158,0.0,16.6,May,2013_Rolling_RealWeather
2013-05-08 11:00:00,66.31258889423408,0.0,14.8,May,2013_Rolling_RealWeather
2013-05-08 11:05:00,66.23824270980518,0.0,14.8,May,2013_Rolling_RealWeather
2013-05-08 11:10:00,66.22726013181669,0.0,14.8,May,2013_Rolling_RealWeather
2013-05-08 11:15:00,66.22820296969216,0.0,14.8,May,2013_Rolling_RealWeather
2013-05-08 11:20:00,66.23295585282634,0.0,14.8,May,2013_Rolling_RealWeather
2013-05-08 11:25:00,66.23393867425055,0.0,14.8,May,2013_Rolling_RealWeather
2013-05-08 11:30:00,66.23409473906989,0.0,14.8,May,2013_Rolling_RealWeather
2013-05-08 11:35:00,66.23216521039453,0.0,14.8,May,2013_Rolling_RealWeather
2013-05-08 11:40:00,66.23151515527928,0.0,14.8,May,2013_Rolling_RealWeather
2013-05-08 11:45:00,66.23140939234388,0.0,14.8,May,2013_Rolling_RealWeather
2013-05-08 11:50:00,66.23143260859798,0.0,14.8,May,2013_Rolling_RealWeather
2013-05-08 11:55:00,66.23148935944138,0.0,14.8,May,2013_Rolling_RealWeather
2013-05-08 12:00:00,65.9593458491168,0.0,9.4,May,2013_Rolling_RealWeather
2013-05-08 12:05:00,65.91658279882812,0.0,9.4,May,2013_Rolling_RealWeather
2013-05-08 12:10:00,65.90999841120261,0.0,9.4,May,2013_Rolling_RealWeather
2013-05-08 12:15:00,65.90642955702832,0.0,9.4,May,2013_Rolling_RealWeather
2013-05-08 12:20:00,65.90645277328244,0.0,9.4,May,2013_Rolling_RealWeather
2013-05-08 12:25:00,65.90519135680883,0.0,9.4,May,2013_Rolling_RealWeather
2013-05-08 12:30:00,65.90480570903213,0.0,9.4,May,2013_Rolling_RealWeather
2013-05-08 12:35:00,65.90366295341289,0.0,9.4,May,2013_Rolling_RealWeather
2013-05-08 12:40:00,65.90330310147411,0.0,9.4,May,2013_Rolling_RealWeather
2013-05-08 12:45:00,65.90324248125503,0.0,9.4,May,2013_Rolling_RealWeather
2013-05-08 12:50:00,65.90321410583333,0.0,9.4,May,2013_Rolling_RealWeather
2013-05-08 12:55:00,65.90321281604143,0.0,9.4,May,2013_Rolling_RealWeather
2013-05-08 13:00:00,65.72738709508221,0.0,11.2,May,2013_Rolling_RealWeather
2013-05-08 13:05:00,65.69808173342908,0.0,11.2,May,2013_Rolling_RealWeather
2013-05-08 13:10:00,65.69361647388756,0.0,11.2,May,2013_Rolling_RealWeather
2013-05-08 13:15:00,65.69060094043634,0.0,11.2,May,2013_Rolling_RealWeather
2013-05-08 13:20:00,65.68949687857396,0.0,11.2,May,2013_Rolling_RealWeather
2013-05-08 13:25:00,65.68747706446592,0.0,11.2,May,2013_Rolling_RealWeather
2013-05-08 13:30:00,65.68678057684247,0.0,11.2,May,2013_Rolling_RealWeather
2013-05-08 13:35:00,65.6855088420337,0.0,11.2,May,2013_Rolling_RealWeather
2013-05-08 13:40:00,65.68504838632707,0.0,11.2,May,2013_Rolling_RealWeather
2013-05-08 13:45:00,65.68492456630513,0.0,11.2,May,2013_Rolling_RealWeather
2013-05-08 13:50:00,65.6848484685833,0.0,11.2,May,2013_Rolling_RealWeather
2013-05-08 13:55:00,65.68481880336971,0.0,11.2,May,2013_Rolling_RealWeather
2013-05-08 14:00:00,65.91550453280365,0.0,11.2,May,2013_Rolling_RealWeather
2013-05-08 14:05:00,65.95665405343131,0.0,11.2,May,2013_Rolling_RealWeather
2013-05-08 14:10:00,65.96138758968706,0.0,11.2,May,2013_Rolling_RealWeather
2013-05-08 14:15:00,65.96627461117836,0.0,11.2,May,2013_Rolling_RealWeather
2013-05-08 14:20:00,65.96878970537419,0.0,11.2,May,2013_Rolling_RealWeather
2013-05-08 14:25:00,65.97401723192584,0.0,11.2,May,2013_Rolling_RealWeather
2013-05-08 14:30:00,65.97615054772068,0.0,11.2,May,2013_Rolling_RealWeather
2013-05-08 14:35:00,65.97904871010941,0.0,11.2,May,2013_Rolling_RealWeather
2013-05-08 14:40:00,65.98022113094224,0.0,11.2,May,2013_Rolling_RealWeather
2013-05-08 14:45:00,65.98057969308914,0.0,11.2,May,2013_Rolling_RealWeather
2013-05-08 14:50:00,65.98085828813852,0.0,11.2,May,2013_Rolling_RealWeather
2013-05-08 14:55:00,65.98101177337406,0.0,11.2,May,2013_Rolling_RealWeather
2013-05-08 15:00:00,66.68820595935912,0.0,7.6,May,2013_Rolling_RealWeather
2013-05-08 15:05:00,66.84135971838278,0.0,7.6,May,2013_Rolling_RealWeather
2013-05-08 15:10:00,66.8390471215145,0.0,7.6,May,2013_Rolling_RealWeather
2013-05-08 15:15:00,66.83694089134947,0.0,7.6,May,2013_Rolling_RealWeather
2013-05-08 15:20:00,66.82416937200222,0.0,7.6,May,2013_Rolling_RealWeather
2013-05-08 15:25:00,66.8370169890713,0.0,7.6,May,2013_Rolling_RealWeather
2013-05-08 15:30:00,66.84564053768328,0.0,7.6,May,2013_Rolling_RealWeather
2013-05-08 15:35:00,66.85342572156331,0.0,7.6,May,2013_Rolling_RealWeather
2013-05-08 15:40:00,66.85650703440118,0.0,7.6,May,2013_Rolling_RealWeather
2013-05-08 15:45:00,66.8562284393518,0.0,7.6,May,2013_Rolling_RealWeather
2013-05-08 15:50:00,66.85617813746788,0.0,7.6,May,2013_Rolling_RealWeather
2013-05-08 15:55:00,66.85616137017324,0.0,7.6,May,2013_Rolling_RealWeather
2013-05-08 16:00:00,65.9279239389635,0.0,7.6,May,2013_Rolling_RealWeather
2013-05-08 16:05:00,65.54826853541427,0.0,7.6,May,2013_Rolling_RealWeather
2013-05-08 16:10:00,65.51739994598404,0.0,7.6,May,2013_Rolling_RealWeather
2013-05-08 16:15:00,65.63705716459079,0.0,7.6,May,2013_Rolling_RealWeather
2013-05-08 16:20:00,65.82617032165541,0.0,7.6,May,2013_Rolling_RealWeather
2013-05-08 16:25:00,65.92123443329852,0.0,7.6,May,2013_Rolling_RealWeather
2013-05-08 16:30:00,65.92616788729805,0.0,7.6,May,2013_Rolling_RealWeather
2013-05-08 16:35:00,65.89207610792147,0.0,7.6,May,2013_Rolling_RealWeather
2013-05-08 16:40:00,65.853412661172,0.0,7.6,May,2013_Rolling_RealWeather
2013-05-08 16:45:00,65.83339638074884,0.0,7.6,May,2013_Rolling_RealWeather
2013-05-08 16:50:00,65.83254769768172,0.0,7.6,May,2013_Rolling_RealWeather
2013-05-08 16:55:00,65.84072497829793,0.0,7.6,May,2013_Rolling_RealWeather
2013-05-08 17:00:00,61.8056792315973,0.0,16.6,May,2013_Rolling_RealWeather
2013-05-08 17:05:00,58.91854246765044,0.0,16.6,May,2013_Rolling_RealWeather
2013-05-08 17:10:00,57.16182526958106,0.0,16.6,May,2013_Rolling_RealWeather
2013-05-08 17:15:00,57.05574569025614,0.0,16.6,May,2013_Rolling_RealWeather
2013-05-08 17:20:00,59.114631141732815,0.0,16.6,May,2013_Rolling_RealWeather
2013-05-08 17:25:00,61.94175872551096,0.0,16.6,May,2013_Rolling_RealWeather
2013-05-08 17:30:00,63.833945345927525,0.0,16.6,May,2013_Rolling_RealWeather
2013-05-08 17:35:00,64.2060019405256,0.0,16.6,May,2013_Rolling_RealWeather
2013-05-08 17:40:00,63.44694909180619,0.0,16.6,May,2013_Rolling_RealWeather
2013-05-08 17:45:00,62.05205721412541,0.0,16.6,May,2013_Rolling_RealWeather
2013-05-08 17:50:00,60.616676189267366,0.0,16.6,May,2013_Rolling_RealWeather
2013-05-08 17:55:00,59.733204371487744,0.0,16.6,May,2013_Rolling_RealWeather
2013-05-08 18:00:00,58.26677289654224,0.0,18.4,May,2013_Rolling_RealWeather
2013-05-08 18:05:00,57.88179161980934,0.0,18.4,May,2013_Rolling_RealWeather
2013-05-08 18:10:00,58.375607148907555,0.0,18.4,May,2013_Rolling_RealWeather
2013-05-08 18:15:00,59.45610354601358,0.0,18.4,May,2013_Rolling_RealWeather
2013-05-08 18:20:00,60.707961855553194,0.0,18.4,May,2013_Rolling_RealWeather
2013-05-08 18:25:00,61.513575546797,0.0,18.4,May,2013_Rolling_RealWeather
2013-05-08 18:30:00,61.62724490652982,0.0,18.4,May,2013_Rolling_RealWeather
2013-05-08 18:35:00,61.12516310117462,0.0,18.4,May,2013_Rolling_RealWeather
2013-05-08 18:40:00,60.26107540456549,0.0,18.4,May,2013_Rolling_RealWeather
2013-05-08 18:45:00,59.3862671189466,0.0,18.4,May,2013_Rolling_RealWeather
2013-05-08 18:50:00,58.83424457140537,0.0,18.4,May,2013_Rolling_RealWeather
2013-05-08 18:55:00,58.806014896192934,0.0,18.4,May,2013_Rolling_RealWeather
2013-05-08 19:00:00,59.8802391965361,0.0,20.5,May,2013_Rolling_RealWeather
2013-05-08 19:05:00,60.983600057018094,0.0,20.5,May,2013_Rolling_RealWeather
2013-05-08 19:10:00,61.787108807888764,0.0,20.5,May,2013_Rolling_RealWeather
2013-05-08 19:15:00,62.07003755804185,0.0,20.5,May,2013_Rolling_RealWeather
2013-05-08 19:20:00,61.825239570585474,0.0,20.5,May,2013_Rolling_RealWeather
2013-05-08 19:25:00,61.26909033387524,0.0,20.5,May,2013_Rolling_RealWeather
2013-05-08 19:30:00,60.65810688452821,0.0,20.5,May,2013_Rolling_RealWeather
2013-05-08 19:35:00,60.2249967007742,0.0,20.5,May,2013_Rolling_RealWeather
2013-05-08 19:40:00,60.10667377188314,0.0,20.5,May,2013_Rolling_RealWeather
2013-05-08 19:45:00,60.30115633260789,0.0,20.5,May,2013_Rolling_RealWeather
2013-05-08 19:50:00,60.679712188566384,0.0,20.5,May,2013_Rolling_RealWeather
2013-05-08 19:55:00,61.05717946016524,0.0,20.5,May,2013_Rolling_RealWeather
2013-05-08 20:00:00,63.04206342409704,0.0,20.5,May,2013_Rolling_RealWeather
2013-05-08 20:05:00,63.905007720190994,0.0,20.5,May,2013_Rolling_RealWeather
2013-05-08 20:10:00,64.1517036364213,0.0,20.5,May,2013_Rolling_RealWeather
2013-05-08 20:15:00,64.07215314169486,0.0,20.5,May,2013_Rolling_RealWeather
2013-05-08 20:20:00,63.817790702438884,0.0,20.5,May,2013_Rolling_RealWeather
2013-05-08 20:25:00,63.57687434369142,0.0,20.5,May,2013_Rolling_RealWeather
2013-05-08 20:30:00,63.446006898826674,0.0,20.5,May,2013_Rolling_RealWeather
2013-05-08 20:35:00,63.44625840824626,0.0,20.5,May,2013_Rolling_RealWeather
2013-05-08 20:40:00,63.5115618616972,0.0,20.5,May,2013_Rolling_RealWeather
2013-05-08 20:45:00,63.58524638288382,0.0,20.5,May,2013_Rolling_RealWeather
2013-05-08 20:50:00,63.632621728990095,0.0,20.5,May,2013_Rolling_RealWeather
2013-05-08 20:55:00,63.64473803405455,0.0,20.5,May,2013_Rolling_RealWeather
2013-05-08 21:00:00,63.06143480857255,0.0,27.7,May,2013_Rolling_RealWeather
2013-05-08 21:05:00,62.79334126495221,0.0,27.7,May,2013_Rolling_RealWeather
2013-05-08 21:10:00,62.6430044114279,0.0,27.7,May,2013_Rolling_RealWeather
2013-05-08 21:15:00,62.61716343080556,0.0,27.7,May,2013_Rolling_RealWeather
2013-05-08 21:20:00,62.64062732496486,0.0,27.7,May,2013_Rolling_RealWeather
2013-05-08 21:25:00,62.687359064915384,0.0,27.7,May,2013_Rolling_RealWeather
2013-05-08 21:30:00,62.719694147730564,0.0,27.7,May,2013_Rolling_RealWeather
2013-05-08 21:35:00,62.72099683754482,0.0,27.7,May,2013_Rolling_RealWeather
2013-05-08 21:40:00,62.710584347574056,0.0,27.7,May,2013_Rolling_RealWeather
2013-05-08 21:45:00,62.697073777470784,0.0,27.7,May,2013_Rolling_RealWeather
2013-05-08 21:50:00,62.687836287916646,0.0,27.7,May,2013_Rolling_RealWeather
2013-05-08 21:55:00,62.683966912230744,0.0,27.7,May,2013_Rolling_RealWeather
2013-05-08 22:00:00,62.46272503905419,0.0,29.5,May,2013_Rolling_RealWeather
2013-05-08 22:05:00,62.37935676031766,0.0,29.5,May,2013_Rolling_RealWeather
2013-05-08 22:10:00,62.33464741405898,0.0,29.5,May,2013_Rolling_RealWeather
2013-05-08 22:15:00,62.32852606172388,0.0,29.5,May,2013_Rolling_RealWeather
2013-05-08 22:20:00,62.31796266610137,0.0,29.5,May,2013_Rolling_RealWeather
2013-05-08 22:25:00,62.31660838461131,0.0,29.5,May,2013_Rolling_RealWeather
2013-05-08 22:30:00,62.31447893819217,0.0,29.5,May,2013_Rolling_RealWeather
2013-05-08 22:35:00,62.30918563225385,0.0,29.5,May,2013_Rolling_RealWeather
2013-05-08 22:40:00,62.304434038911566,0.0,29.5,May,2013_Rolling_RealWeather
2013-05-08 22:45:00,62.3014326931712,0.0,29.5,May,2013_Rolling_RealWeather
2013-05-08 22:50:00,62.300102917727145,0.0,29.5,May,2013_Rolling_RealWeather
2013-05-08 22:55:00,62.29925552445194,0.0,29.5,May,2013_Rolling_RealWeather
2013-05-08 23:00:00,62.29461356342075,0.0,27.7,May,2013_Rolling_RealWeather
2013-05-08 23:05:00,62.29296391958666,0.0,27.7,May,2013_Rolling_RealWeather
2013-05-08 23:10:00,62.29215135069262,0.0,27.7,May,2013_Rolling_RealWeather
2013-05-08 23:15:00,62.2919114494001,0.0,27.7,May,2013_Rolling_RealWeather
2013-05-08 23:20:00,62.29148968745033,0.0,27.7,May,2013_Rolling_RealWeather
2013-05-08 23:25:00,62.29128590033088,0.0,27.7,May,2013_Rolling_RealWeather
2013-05-08 23:30:00,62.291159500725136,0.0,27.7,May,2013_Rolling_RealWeather
2013-05-08 23:35:00,62.29103955007887,0.0,27.7,May,2013_Rolling_RealWeather
2013-05-08 23:40:00,62.29094668506241,0.0,27.7,May,2013_Rolling_RealWeather
2013-05-08 23:45:00,62.290895093386595,0.0,27.7,May,2013_Rolling_RealWeather
2013-05-08 23:50:00,62.29086929754869,0.0,27.7,May,2013_Rolling_RealWeather
2013-05-08 23:55:00,62.29085124046216,0.0,27.7,May,2013_Rolling_RealWeather
2013-05-09 00:00:00,63.087302874824694,0.0,25.9,May,2013_Rolling_RealWeather
2013-05-09 00:05:00,63.296868261973096,0.0,25.9,May,2013_Rolling_RealWeather
2013-05-09 00:10:00,63.357653574414805,0.0,25.9,May,2013_Rolling_RealWeather
2013-05-09 00:15:00,63.362234915226914,0.0,25.9,May,2013_Rolling_RealWeather
2013-05-09 00:20:00,63.4060672029968,0.0,25.9,May,2013_Rolling_RealWeather
2013-05-09 00:25:00,63.423358153145195,0.0,25.9,May,2013_Rolling_RealWeather
2013-05-09 00:30:00,63.43125296933633,0.0,25.9,May,2013_Rolling_RealWeather
2013-05-09 00:35:00,63.441990486864704,0.0,25.9,May,2013_Rolling_RealWeather
2013-05-09 00:40:00,63.449411949430264,0.0,25.9,May,2013_Rolling_RealWeather
2013-05-09 00:45:00,63.452660935214524,0.0,25.9,May,2013_Rolling_RealWeather
2013-05-09 00:50:00,63.45381529896082,0.0,25.9,May,2013_Rolling_RealWeather
2013-05-09 00:55:00,63.45509864189664,0.0,25.9,May,2013_Rolling_RealWeather
2013-05-09 01:00:00,63.90682374717957,0.0,24.1,May,2013_Rolling_RealWeather
2013-05-09 01:05:00,64.0038341547927,0.0,24.1,May,2013_Rolling_RealWeather
2013-05-09 01:10:00,64.02425542987099,0.0,24.1,May,2013_Rolling_RealWeather
2013-05-09 01:15:00,64.02793262656448,0.0,24.1,May,2013_Rolling_RealWeather
2013-05-09 01:20:00,64.04720727664785,0.0,24.1,May,2013_Rolling_RealWeather
2013-05-09 01:25:00,64.05405091244431,0.0,24.1,May,2013_Rolling_RealWeather
2013-05-09 01:30:00,64.05654279038603,0.0,24.1,May,2013_Rolling_RealWeather
2013-05-09 01:35:00,64.06051276983978,0.0,24.1,May,2013_Rolling_RealWeather
2013-05-09 01:40:00,64.06281375858099,0.0,24.1,May,2013_Rolling_RealWeather
2013-05-09 01:45:00,64.0636598620643,0.0,24.1,May,2013_Rolling_RealWeather
2013-05-09 01:50:00,64.06395522440833,0.0,24.1,May,2013_Rolling_RealWeather
2013-05-09 01:55:00,64.06430733759575,0.0,24.1,May,2013_Rolling_RealWeather
2013-05-09 02:00:00,64.61791955364792,0.0,22.3,May,2013_Rolling_RealWeather
2013-05-09 02:05:00,64.72021810803177,0.0,22.3,May,2013_Rolling_RealWeather
2013-05-09 02:10:00,64.73621539690919,0.0,22.3,May,2013_Rolling_RealWeather
2013-05-09 02:15:00,64.74183115082133,0.0,22.3,May,2013_Rolling_RealWeather
2013-05-09 02:20:00,64.75571962994992,0.0,22.3,May,2013_Rolling_RealWeather
2013-05-09 02:25:00,64.75976441733359,0.0,22.3,May,2013_Rolling_RealWeather
2013-05-09 02:30:00,64.76090201378524,0.0,22.3,May,2013_Rolling_RealWeather
2013-05-09 02:35:00,64.76337712443231,0.0,22.3,May,2013_Rolling_RealWeather
2013-05-09 02:40:00,64.7644502312892,0.0,22.3,May,2013_Rolling_RealWeather
2013-05-09 02:45:00,64.76473269571427,0.0,22.3,May,2013_Rolling_RealWeather
2013-05-09 02:50:00,64.76481782197936,0.0,22.3,May,2013_Rolling_RealWeather
2013-05-09 02:55:00,64.76493003387426,0.0,22.3,May,2013_Rolling_RealWeather
2013-05-09 03:00:00,65.32698151952138,0.0,20.5,May,2013_Rolling_RealWeather
2013-05-09 03:05:00,65.42034955482217,0.0,20.5,May,2013_Rolling_RealWeather
2013-05-09 03:10:00,65.43219113421291,0.0,20.5,May,2013_Rolling_RealWeather
2013-05-09 03:15:00,65.43742510972405,0.0,20.5,May,2013_Rolling_RealWeather
2013-05-09 03:20:00,65.44164143942979,0.0,20.5,May,2013_Rolling_RealWeather
2013-05-09 03:25:00,65.44194969969276,0.0,20.5,May,2013_Rolling_RealWeather
2013-05-09 03:30:00,65.44174720236519,0.0,20.5,May,2013_Rolling_RealWeather
2013-05-09 03:35:00,65.44244755936435,0.0,20.5,May,2013_Rolling_RealWeather
2013-05-09 03:40:00,65.44257653855388,0.0,20.5,May,2013_Rolling_RealWeather
2013-05-09 03:45:00,65.44253397542133,0.0,20.5,May,2013_Rolling_RealWeather
2013-05-09 03:50:00,65.44250688979153,0.0,20.5,May,2013_Rolling_RealWeather
2013-05-09 03:55:00,65.44249270208068,0.0,20.5,May,2013_Rolling_RealWeather
2013-05-09 04:00:00,65.97015043582374,0.0,18.4,May,2013_Rolling_RealWeather
2013-05-09 04:05:00,66.05191808281819,0.0,18.4,May,2013_Rolling_RealWeather
2013-05-09 04:10:00,66.06119426612919,0.0,18.4,May,2013_Rolling_RealWeather
2013-05-09 04:15:00,66.06446259879189,0.0,18.4,May,2013_Rolling_RealWeather
2013-05-09 04:20:00,66.06107560527482,0.0,18.4,May,2013_Rolling_RealWeather
2013-05-09 04:25:00,66.05892681197726,0.0,18.4,May,2013_Rolling_RealWeather
2013-05-09 04:30:00,66.05790916617187,0.0,18.4,May,2013_Rolling_RealWeather
2013-05-09 04:35:00,66.05763444049816,0.0,18.4,May,2013_Rolling_RealWeather
2013-05-09 04:40:00,66.05747192671936,0.0,18.4,May,2013_Rolling_RealWeather
2013-05-09 04:45:00,66.05738938003806,0.0,18.4,May,2013_Rolling_RealWeather
2013-05-09 04:50:00,66.05736100461637,0.0,18.4,May,2013_Rolling_RealWeather
2013-05-09 04:55:00,66.05733907815414,0.0,18.4,May,2013_Rolling_RealWeather
2013-05-09 05:00:00,66.60145197689744,0.0,24.1,May,2013_Rolling_RealWeather
2013-05-09 05:05:00,66.70176683134632,0.0,24.1,May,2013_Rolling_RealWeather
2013-05-09 05:10:00,66.7114028665961,0.0,24.1,May,2013_Rolling_RealWeather
2013-05-09 05:15:00,66.71204905233564,0.0,24.1,May,2013_Rolling_RealWeather
2013-05-09 05:20:00,66.7035248176996,0.0,24.1,May,2013_Rolling_RealWeather
2013-05-09 05:25:00,66.69844303763213,0.0,24.1,May,2013_Rolling_RealWeather
2013-05-09 05:30:00,66.69695977695253,0.0,24.1,May,2013_Rolling_RealWeather
2013-05-09 05:35:00,66.69685401401712,0.0,24.1,May,2013_Rolling_RealWeather
2013-05-09 05:40:00,66.69686949151986,0.0,24.1,May,2013_Rolling_RealWeather
2013-05-09 05:45:00,66.69690302610914,0.0,24.1,May,2013_Rolling_RealWeather
2013-05-09 05:50:00,66.6969120546524,0.0,24.1,May,2013_Rolling_RealWeather
2013-05-09 05:55:00,66.69689657714966,0.0,24.1,May,2013_Rolling_RealWeather
2013-05-09 06:00:00,67.10985827681124,0.0,22.3,May,2013_Rolling_RealWeather
2013-05-09 06:05:00,67.18549941230302,0.0,22.3,May,2013_Rolling_RealWeather
2013-05-09 06:10:00,67.19283574860349,0.0,22.3,May,2013_Rolling_RealWeather
2013-05-09 06:15:00,67.19238303164823,0.0,22.3,May,2013_Rolling_RealWeather
2013-05-09 06:20:00,67.18327839065931,0.0,22.3,May,2013_Rolling_RealWeather
2013-05-09 06:25:00,67.17870736818237,0.0,22.3,May,2013_Rolling_RealWeather
2013-05-09 06:30:00,67.17748464546563,0.0,22.3,May,2013_Rolling_RealWeather
2013-05-09 06:35:00,67.17768714279319,0.0,22.3,May,2013_Rolling_RealWeather
2013-05-09 06:40:00,67.17791156658296,0.0,22.3,May,2013_Rolling_RealWeather
2013-05-09 06:45:00,67.17801990910218,0.0,22.3,May,2013_Rolling_RealWeather
2013-05-09 06:50:00,67.17805473348335,0.0,22.3,May,2013_Rolling_RealWeather
2013-05-09 06:55:00,67.17804312535628,0.0,22.3,May,2013_Rolling_RealWeather
2013-05-09 07:00:00,67.41314897161543,0.0,20.5,May,2013_Rolling_RealWeather
2013-05-09 07:05:00,67.45663817474116,0.0,20.5,May,2013_Rolling_RealWeather
2013-05-09 07:10:00,67.46147876372422,0.0,20.5,May,2013_Rolling_RealWeather
2013-05-09 07:15:00,67.4608815900767,0.0,20.5,May,2013_Rolling_RealWeather
2013-05-09 07:20:00,67.45509687342627,0.0,20.5,May,2013_Rolling_RealWeather
2013-05-09 07:25:00,67.45245924900038,0.0,20.5,May,2013_Rolling_RealWeather
2013-05-09 07:30:00,67.45180145513379,0.0,20.5,May,2013_Rolling_RealWeather
2013-05-09 07:35:00,67.45220000082944,0.0,20.5,May,2013_Rolling_RealWeather
2013-05-09 07:40:00,67.45246956733556,0.0,20.5,May,2013_Rolling_RealWeather
2013-05-09 07:45:00,67.45257017110339,0.0,20.5,May,2013_Rolling_RealWeather
2013-05-09 07:50:00,67.45259596694129,0.0,20.5,May,2013_Rolling_RealWeather
2013-05-09 07:55:00,67.45257533027096,0.0,20.5,May,2013_Rolling_RealWeather
2013-05-09 08:00:00,67.1316583394256,0.0,7.6,May,2013_Rolling_RealWeather
2013-05-09 08:05:00,67.08870311014452,0.0,7.6,May,2013_Rolling_RealWeather
2013-05-09 08:10:00,67.08303447476467,0.0,7.6,May,2013_Rolling_RealWeather
2013-05-09 08:15:00,67.08242569299009,0.0,7.6,May,2013_Rolling_RealWeather
2013-05-09 08:20:00,67.08854962490898,0.0,7.6,May,2013_Rolling_RealWeather
2013-05-09 08:25:00,67.08968206219305,0.0,7.6,May,2013_Rolling_RealWeather
2013-05-09 08:30:00,67.09014380769158,0.0,7.6,May,2013_Rolling_RealWeather
2013-05-09 08:35:00,67.08974010282834,0.0,7.6,May,2013_Rolling_RealWeather
2013-05-09 08:40:00,67.08953502591699,0.0,7.6,May,2013_Rolling_RealWeather
2013-05-09 08:45:00,67.0895027811196,0.0,7.6,May,2013_Rolling_RealWeather
2013-05-09 08:50:00,67.08949117299255,0.0,7.6,May,2013_Rolling_RealWeather
2013-05-09 08:55:00,67.0895066504953,0.0,7.6,May,2013_Rolling_RealWeather
2013-05-09 09:00:00,67.03245012642289,0.0,7.6,May,2013_Rolling_RealWeather
2013-05-09 09:05:00,67.02433862519335,0.0,7.6,May,2013_Rolling_RealWeather
2013-05-09 09:10:00,67.02332613855553,0.0,7.6,May,2013_Rolling_RealWeather
2013-05-09 09:15:00,67.02315975540104,0.0,7.6,May,2013_Rolling_RealWeather
2013-05-09 09:20:00,67.0241864297497,0.0,7.6,May,2013_Rolling_RealWeather
2013-05-09 09:25:00,67.02431927831492,0.0,7.6,May,2013_Rolling_RealWeather
2013-05-09 09:30:00,67.02436313123935,0.0,7.6,May,2013_Rolling_RealWeather
2013-05-09 09:35:00,67.02423802142552,0.0,7.6,May,2013_Rolling_RealWeather
2013-05-09 09:40:00,67.0241890093335,0.0,7.6,May,2013_Rolling_RealWeather
2013-05-09 09:45:00,67.02417740120643,0.0,7.6,May,2013_Rolling_RealWeather
2013-05-09 09:50:00,67.02417611141453,0.0,7.6,May,2013_Rolling_RealWeather
2013-05-09 09:55:00,67.02418385016591,0.0,7.6,May,2013_Rolling_RealWeather
2013-05-09 10:00:00,66.81899601671016,0.0,5.4,May,2013_Rolling_RealWeather
2013-05-09 10:05:00,66.79073667628413,0.0,5.4,May,2013_Rolling_RealWeather
2013-05-09 10:10:00,66.78713170793677,0.0,5.4,May,2013_Rolling_RealWeather
2013-05-09 10:15:00,66.78545239888909,0.0,5.4,May,2013_Rolling_RealWeather
2013-05-09 10:20:00,66.78822416167209,0.0,5.4,May,2013_Rolling_RealWeather
2013-05-09 10:25:00,66.78805390914191,0.0,5.4,May,2013_Rolling_RealWeather
2013-05-09 10:30:00,66.78801392559315,0.0,5.4,May,2013_Rolling_RealWeather
2013-05-09 10:35:00,66.78752896384051,0.0,5.4,May,2013_Rolling_RealWeather
2013-05-09 10:40:00,66.78733936443192,0.0,5.4,May,2013_Rolling_RealWeather
2013-05-09 10:45:00,66.78732775630485,0.0,5.4,May,2013_Rolling_RealWeather
2013-05-09 10:50:00,66.78731743796969,0.0,5.4,May,2013_Rolling_RealWeather
2013-05-09 10:55:00,66.78732646651295,0.0,5.4,May,2013_Rolling_RealWeather
2013-05-09 11:00:00,66.60376457376572,0.0,0.0,May,2013_Rolling_RealWeather
2013-05-09 11:05:00,66.58204834762454,0.0,0.0,May,2013_Rolling_RealWeather
2013-05-09 11:10:00,66.57866393369127,0.0,0.0,May,2013_Rolling_RealWeather
2013-05-09 11:15:00,66.57478294987831,0.0,0.0,May,2013_Rolling_RealWeather
2013-05-09 11:20:00,66.5751956832848,0.0,0.0,May,2013_Rolling_RealWeather
2013-05-09 11:25:00,66.57405292766558,0.0,0.0,May,2013_Rolling_RealWeather
2013-05-09 11:30:00,66.57379496928651,0.0,0.0,May,2013_Rolling_RealWeather
2013-05-09 11:35:00,66.57345446422615,0.0,0.0,May,2013_Rolling_RealWeather
2013-05-09 11:40:00,66.57331258711767,0.0,0.0,May,2013_Rolling_RealWeather
2013-05-09 11:45:00,66.57329710961493,0.0,0.0,May,2013_Rolling_RealWeather
2013-05-09 11:50:00,66.57327002398512,0.0,0.0,May,2013_Rolling_RealWeather
2013-05-09 11:55:00,66.57326615460944,0.0,0.0,May,2013_Rolling_RealWeather
2013-05-09 12:00:00,66.52045046628878,0.0,0.0,May,2013_Rolling_RealWeather
2013-05-09 12:05:00,66.51414209412887,0.0,0.0,May,2013_Rolling_RealWeather
2013-05-09 12:10:00,66.51331662731587,0.0,0.0,May,2013_Rolling_RealWeather
2013-05-09 12:15:00,66.51191333373379,0.0,0.0,May,2013_Rolling_RealWeather
2013-05-09 12:20:00,66.51176758724962,0.0,0.0,May,2013_Rolling_RealWeather
2013-05-09 12:25:00,66.51125811945099,0.0,0.0,May,2013_Rolling_RealWeather
2013-05-09 12:30:00,66.51111882192629,0.0,0.0,May,2013_Rolling_RealWeather
2013-05-09 12:35:00,66.5109782346097,0.0,0.0,May,2013_Rolling_RealWeather
2013-05-09 12:40:00,66.51091632459872,0.0,0.0,May,2013_Rolling_RealWeather
2013-05-09 12:45:00,66.51090084709598,0.0,0.0,May,2013_Rolling_RealWeather
2013-05-09 12:50:00,66.51088794917703,0.0,0.0,May,2013_Rolling_RealWeather
2013-05-09 12:55:00,66.51088150021755,0.0,0.0,May,2013_Rolling_RealWeather
2013-05-09 13:00:00,66.41126184360024,0.0,5.4,May,2013_Rolling_RealWeather
2013-05-09 13:05:00,66.39629896782286,0.0,5.4,May,2013_Rolling_RealWeather
2013-05-09 13:10:00,66.39550961518293,0.0,5.4,May,2013_Rolling_RealWeather
2013-05-09 13:15:00,66.3934872214911,0.0,5.4,May,2013_Rolling_RealWeather
2013-05-09 13:20:00,66.39368584944299,0.0,5.4,May,2013_Rolling_RealWeather
2013-05-09 13:25:00,66.39249795110742,0.0,5.4,May,2013_Rolling_RealWeather
2013-05-09 13:30:00,66.39202330768994,0.0,5.4,May,2013_Rolling_RealWeather
2013-05-09 13:35:00,66.39152802760215,0.0,5.4,May,2013_Rolling_RealWeather
2013-05-09 13:40:00,66.3913177915232,0.0,5.4,May,2013_Rolling_RealWeather
2013-05-09 13:45:00,66.39128554672583,0.0,5.4,May,2013_Rolling_RealWeather
2013-05-09 13:50:00,66.39124556317708,0.0,5.4,May,2013_Rolling_RealWeather
2013-05-09 13:55:00,66.39123137546622,0.0,5.4,May,2013_Rolling_RealWeather
2013-05-09 14:00:00,66.36238517972784,0.0,7.6,May,2013_Rolling_RealWeather
2013-05-09 14:05:00,66.3569332293864,0.0,7.6,May,2013_Rolling_RealWeather
2013-05-09 14:10:00,66.35689711521333,0.0,7.6,May,2013_Rolling_RealWeather
2013-05-09 14:15:00,66.35660820182878,0.0,7.6,May,2013_Rolling_RealWeather
2013-05-09 14:20:00,66.35685971124836,0.0,7.6,May,2013_Rolling_RealWeather
2013-05-09 14:25:00,66.35646374513651,0.0,7.6,May,2013_Rolling_RealWeather
2013-05-09 14:30:00,66.3562457703062,0.0,7.6,May,2013_Rolling_RealWeather
2013-05-09 14:35:00,66.35604714235433,0.0,7.6,May,2013_Rolling_RealWeather
2013-05-09 14:40:00,66.35596072629734,0.0,7.6,May,2013_Rolling_RealWeather
2013-05-09 14:45:00,66.35595298754598,0.0,7.6,May,2013_Rolling_RealWeather
2013-05-09 14:50:00,66.35595040796218,0.0,7.6,May,2013_Rolling_RealWeather
2013-05-09 14:55:00,66.3559426692108,0.0,7.6,May,2013_Rolling_RealWeather
2013-05-09 15:00:00,66.49926950378416,0.0,5.4,May,2013_Rolling_RealWeather
2013-05-09 15:05:00,66.53174904329161,0.0,5.4,May,2013_Rolling_RealWeather
2013-05-09 15:10:00,66.53030189678509,0.0,5.4,May,2013_Rolling_RealWeather
2013-05-09 15:15:00,66.52894890508692,0.0,5.4,May,2013_Rolling_RealWeather
2013-05-09 15:20:00,66.52575667014605,0.0,5.4,May,2013_Rolling_RealWeather
2013-05-09 15:25:00,66.52701163766018,0.0,5.4,May,2013_Rolling_RealWeather
2013-05-09 15:30:00,66.52807055680621,0.0,5.4,May,2013_Rolling_RealWeather
2013-05-09 15:35:00,66.5287064242106,0.0,5.4,May,2013_Rolling_RealWeather
2013-05-09 15:40:00,66.52896954175725,0.0,5.4,May,2013_Rolling_RealWeather
2013-05-09 15:45:00,66.52891537049764,0.0,5.4,May,2013_Rolling_RealWeather
2013-05-09 15:50:00,66.52888570528405,0.0,5.4,May,2013_Rolling_RealWeather
2013-05-09 15:55:00,66.52887667674078,0.0,5.4,May,2013_Rolling_RealWeather
2013-05-09 16:00:00,65.57261206764616,0.0,7.6,May,2013_Rolling_RealWeather
2013-05-09 16:05:00,65.22246178226983,0.0,7.6,May,2013_Rolling_RealWeather
2013-05-09 16:10:00,65.18552794645196,0.0,7.6,May,2013_Rolling_RealWeather
2013-05-09 16:15:00,65.25131571675959,0.0,7.6,May,2013_Rolling_RealWeather
2013-05-09 16:20:00,65.35876328161348,0.0,7.6,May,2013_Rolling_RealWeather
2013-05-09 16:25:00,65.40833127394176,0.0,7.6,May,2013_Rolling_RealWeather
2013-05-09 16:30:00,65.41458225036233,0.0,7.6,May,2013_Rolling_RealWeather
2013-05-09 16:35:00,65.4044760859667,0.0,7.6,May,2013_Rolling_RealWeather
2013-05-09 16:40:00,65.39236107069415,0.0,7.6,May,2013_Rolling_RealWeather
2013-05-09 16:45:00,65.38634612619042,0.0,7.6,May,2013_Rolling_RealWeather
2013-05-09 16:50:00,65.38549873291521,0.0,7.6,May,2013_Rolling_RealWeather
2013-05-09 16:55:00,65.38679755335377,0.0,7.6,May,2013_Rolling_RealWeather
2013-05-09 17:00:00,64.94153865851393,0.0,7.6,May,2013_Rolling_RealWeather
2013-05-09 17:05:00,64.7549844485696,0.0,7.6,May,2013_Rolling_RealWeather
2013-05-09 17:10:00,64.72182389894142,0.0,7.6,May,2013_Rolling_RealWeather
2013-05-09 17:15:00,64.75334899244636,0.0,7.6,May,2013_Rolling_RealWeather
2013-05-09 17:20:00,64.81609865794461,0.0,7.6,May,2013_Rolling_RealWeather
2013-05-09 17:25:00,64.85580167696169,0.0,7.6,May,2013_Rolling_RealWeather
2013-05-09 17:30:00,64.86826171156625,0.0,7.6,May,2013_Rolling_RealWeather
2013-05-09 17:35:00,64.86532614521253,0.0,7.6,May,2013_Rolling_RealWeather
2013-05-09 17:40:00,64.8565420175096,0.0,7.6,May,2013_Rolling_RealWeather
2013-05-09 17:45:00,64.84946686406792,0.0,7.6,May,2013_Rolling_RealWeather
2013-05-09 17:50:00,64.8463307350745,0.0,7.6,May,2013_Rolling_RealWeather
2013-05-09 17:55:00,64.84615209889701,0.0,7.6,May,2013_Rolling_RealWeather
2013-05-09 18:00:00,62.33625320496862,0.0,16.6,May,2013_Rolling_RealWeather
2013-05-09 18:05:00,60.78868606090436,0.0,16.6,May,2013_Rolling_RealWeather
2013-05-09 18:10:00,59.912095766558124,0.0,16.6,May,2013_Rolling_RealWeather
2013-05-09 18:15:00,59.7438387056645,0.0,16.6,May,2013_Rolling_RealWeather
2013-05-09 18:20:00,60.29573662706384,0.0,16.6,May,2013_Rolling_RealWeather
2013-05-09 18:25:00,61.078636438135455,0.0,16.6,May,2013_Rolling_RealWeather
2013-05-09 18:30:00,61.713531339429466,0.0,16.6,May,2013_Rolling_RealWeather
2013-05-09 18:35:00,62.004022784360636,0.0,16.6,May,2013_Rolling_RealWeather
2013-05-09 18:40:00,61.96793053775445,0.0,16.6,May,2013_Rolling_RealWeather
2013-05-09 18:45:00,61.73575832316117,0.0,16.6,May,2013_Rolling_RealWeather
2013-05-09 18:50:00,61.4585207797461,0.0,16.6,May,2013_Rolling_RealWeather
2013-05-09 18:55:00,61.25300146977327,0.0,16.6,May,2013_Rolling_RealWeather
2013-05-09 19:00:00,62.23309177980682,0.0,18.4,May,2013_Rolling_RealWeather
2013-05-09 19:05:00,62.85166049529011,0.0,18.4,May,2013_Rolling_RealWeather
2013-05-09 19:10:00,63.18665683431158,0.0,18.4,May,2013_Rolling_RealWeather
2013-05-09 19:15:00,63.2812217964912,0.0,18.4,May,2013_Rolling_RealWeather
2013-05-09 19:20:00,63.181063006861656,0.0,18.4,May,2013_Rolling_RealWeather
2013-05-09 19:25:00,63.024380377212466,0.0,18.4,May,2013_Rolling_RealWeather
2013-05-09 19:30:00,62.89525030218368,0.0,18.4,May,2013_Rolling_RealWeather
2013-05-09 19:35:00,62.83729737274405,0.0,18.4,May,2013_Rolling_RealWeather
2013-05-09 19:40:00,62.83975571609649,0.0,18.4,May,2013_Rolling_RealWeather
2013-05-09 19:45:00,62.874803231267485,0.0,18.4,May,2013_Rolling_RealWeather
2013-05-09 19:50:00,62.914156051632,0.0,18.4,May,2013_Rolling_RealWeather
2013-05-09 19:55:00,62.939781637007826,0.0,18.4,May,2013_Rolling_RealWeather
2013-05-09 20:00:00,64.3505895466766,0.0,18.4,May,2013_Rolling_RealWeather
2013-05-09 20:05:00,64.83587503707525,0.0,18.4,May,2013_Rolling_RealWeather
2013-05-09 20:10:00,64.94850482454046,0.0,18.4,May,2013_Rolling_RealWeather
2013-05-09 20:15:00,64.9460813055692,0.0,18.4,May,2013_Rolling_RealWeather
2013-05-09 20:20:00,64.90784155545732,0.0,18.4,May,2013_Rolling_RealWeather
2013-05-09 20:25:00,64.87608945857882,0.0,18.4,May,2013_Rolling_RealWeather
2013-05-09 20:30:00,64.86125943136666,0.0,18.4,May,2013_Rolling_RealWeather
2013-05-09 20:35:00,64.87562513349651,0.0,18.4,May,2013_Rolling_RealWeather
2013-05-09 20:40:00,64.88884421063145,0.0,18.4,May,2013_Rolling_RealWeather
2013-05-09 20:45:00,64.89556273661407,0.0,18.4,May,2013_Rolling_RealWeather
2013-05-09 20:50:00,64.89762124447897,0.0,18.4,May,2013_Rolling_RealWeather
2013-05-09 20:55:00,64.8971208052236,0.0,18.4,May,2013_Rolling_RealWeather
2013-05-09 21:00:00,64.58759267681373,0.0,22.3,May,2013_Rolling_RealWeather
2013-05-09 21:05:00,64.49712796306926,0.0,22.3,May,2013_Rolling_RealWeather
2013-05-09 21:10:00,64.47191769068372,0.0,22.3,May,2013_Rolling_RealWeather
2013-05-09 21:15:00,64.47095034676224,0.0,22.3,May,2013_Rolling_RealWeather
2013-05-09 21:20:00,64.46871513740768,0.0,22.3,May,2013_Rolling_RealWeather
2013-05-09 21:25:00,64.47010682286272,0.0,22.3,May,2013_Rolling_RealWeather
2013-05-09 21:30:00,64.47088843675127,0.0,22.3,May,2013_Rolling_RealWeather
2013-05-09 21:35:00,64.46627872051747,0.0,22.3,May,2013_Rolling_RealWeather
2013-05-09 21:40:00,64.46331735832585,0.0,22.3,May,2013_Rolling_RealWeather
2013-05-09 21:45:00,64.4620430439333,0.0,22.3,May,2013_Rolling_RealWeather
2013-05-09 21:50:00,64.46173865304601,0.0,22.3,May,2013_Rolling_RealWeather
2013-05-09 21:55:00,64.46161225344026,0.0,22.3,May,2013_Rolling_RealWeather
2013-05-09 22:00:00,64.08008149247527,0.0,24.1,May,2013_Rolling_RealWeather
2013-05-09 22:05:00,63.97804605563806,0.0,24.1,May,2013_Rolling_RealWeather
2013-05-09 22:10:00,63.94792554550711,0.0,24.1,May,2013_Rolling_RealWeather
2013-05-09 22:15:00,63.9463648973138,0.0,24.1,May,2013_Rolling_RealWeather
2013-05-09 22:20:00,63.932439014220236,0.0,24.1,May,2013_Rolling_RealWeather
2013-05-09 22:25:00,63.928340055576975,0.0,24.1,May,2013_Rolling_RealWeather
2013-05-09 22:30:00,63.926647848610344,0.0,24.1,May,2013_Rolling_RealWeather
2013-05-09 22:35:00,63.92076381798398,0.0,24.1,May,2013_Rolling_RealWeather
2013-05-09 22:40:00,63.9170530867012,0.0,24.1,May,2013_Rolling_RealWeather
2013-05-09 22:45:00,63.91550533642684,0.0,24.1,May,2013_Rolling_RealWeather
2013-05-09 22:50:00,63.91510937031499,0.0,24.1,May,2013_Rolling_RealWeather
2013-05-09 22:55:00,63.914624408562354,0.0,24.1,May,2013_Rolling_RealWeather
2013-05-09 23:00:00,63.991330912159654,0.0,20.5,May,2013_Rolling_RealWeather
2013-05-09 23:05:00,64.00697866743343,0.0,20.5,May,2013_Rolling_RealWeather
2013-05-09 23:10:00,64.0097865443895,0.0,20.5,May,2013_Rolling_RealWeather
2013-05-09 23:15:00,64.01048174222107,0.0,20.5,May,2013_Rolling_RealWeather
2013-05-09 23:20:00,64.0140144822223,0.0,20.5,May,2013_Rolling_RealWeather
2013-05-09 23:25:00,64.01527073952832,0.0,20.5,May,2013_Rolling_RealWeather
2013-05-09 23:30:00,64.0155815793751,0.0,20.5,May,2013_Rolling_RealWeather
2013-05-09 23:35:00,64.0163735115988,0.0,20.5,May,2013_Rolling_RealWeather
2013-05-09 23:40:00,64.01683654688921,0.0,20.5,May,2013_Rolling_RealWeather
2013-05-09 23:45:00,64.01700035045992,0.0,20.5,May,2013_Rolling_RealWeather
2013-05-09 23:50:00,64.01705194213574,0.0,20.5,May,2013_Rolling_RealWeather
2013-05-09 23:55:00,64.01712932964945,0.0,20.5,May,2013_Rolling_RealWeather
2013-05-10 00:00:00,64.80757829268425,0.0,22.3,May,2013_Rolling_RealWeather
2013-05-10 00:05:00,64.94921678966666,0.0,22.3,May,2013_Rolling_RealWeather
2013-05-10 00:10:00,64.97577102520711,0.0,22.3,May,2013_Rolling_RealWeather
2013-05-10 00:15:00,64.98687742321754,0.0,22.3,May,2013_Rolling_RealWeather
2013-05-10 00:20:00,65.02097178217791,0.0,22.3,May,2013_Rolling_RealWeather
2013-05-10 00:25:00,65.03115210960752,0.0,22.3,May,2013_Rolling_RealWeather
2013-05-10 00:30:00,65.03399739052854,0.0,22.3,May,2013_Rolling_RealWeather
2013-05-10 00:35:00,65.04140982455084,0.0,22.3,May,2013_Rolling_RealWeather
2013-05-10 00:40:00,65.04523018814471,0.0,22.3,May,2013_Rolling_RealWeather
2013-05-10 00:45:00,65.04647612711558,0.0,22.3,May,2013_Rolling_RealWeather
2013-05-10 00:50:00,65.04694432157358,0.0,22.3,May,2013_Rolling_RealWeather
2013-05-10 00:55:00,65.04760469502396,0.0,22.3,May,2013_Rolling_RealWeather
2013-05-10 01:00:00,65.22330401637745,0.0,20.5,May,2013_Rolling_RealWeather
2013-05-10 01:05:00,65.25008267570769,0.0,20.5,May,2013_Rolling_RealWeather
2013-05-10 01:10:00,65.25479299570932,0.0,20.5,May,2013_Rolling_RealWeather
2013-05-10 01:15:00,65.2579001043851,0.0,20.5,May,2013_Rolling_RealWeather
2013-05-10 01:20:00,65.26335721389412,0.0,20.5,May,2013_Rolling_RealWeather
2013-05-10 01:25:00,65.26492431104691,0.0,20.5,May,2013_Rolling_RealWeather
2013-05-10 01:30:00,65.26537573821027,0.0,20.5,May,2013_Rolling_RealWeather
2013-05-10 01:35:00,65.26646690215368,0.0,20.5,May,2013_Rolling_RealWeather
2013-05-10 01:40:00,65.26693767619547,0.0,20.5,May,2013_Rolling_RealWeather
2013-05-10 01:45:00,65.26708342267965,0.0,20.5,May,2013_Rolling_RealWeather
2013-05-10 01:50:00,65.26714533269062,0.0,20.5,May,2013_Rolling_RealWeather
2013-05-10 01:55:00,65.26721627124486,0.0,20.5,May,2013_Rolling_RealWeather
2013-05-10 02:00:00,65.48870981506498,0.0,13.0,May,2013_Rolling_RealWeather
2013-05-10 02:05:00,65.51310622876458,0.0,13.0,May,2013_Rolling_RealWeather
2013-05-10 02:10:00,65.51825249842683,0.0,13.0,May,2013_Rolling_RealWeather
2013-05-10 02:15:00,65.52340779663236,0.0,13.0,May,2013_Rolling_RealWeather
2013-05-10 02:20:00,65.5272642743993,0.0,13.0,May,2013_Rolling_RealWeather
2013-05-10 02:25:00,65.5284418543997,0.0,13.0,May,2013_Rolling_RealWeather
2013-05-10 02:30:00,65.52873076778425,0.0,13.0,May,2013_Rolling_RealWeather
2013-05-10 02:35:00,65.52921959891258,0.0,13.0,May,2013_Rolling_RealWeather
2013-05-10 02:40:00,65.52938856165086,0.0,13.0,May,2013_Rolling_RealWeather
2013-05-10 02:45:00,65.52944273291045,0.0,13.0,May,2013_Rolling_RealWeather
2013-05-10 02:50:00,65.52946723895647,0.0,13.0,May,2013_Rolling_RealWeather
2013-05-10 02:55:00,65.5294865858349,0.0,13.0,May,2013_Rolling_RealWeather
2013-05-10 03:00:00,65.6969531655207,0.0,7.6,May,2013_Rolling_RealWeather
2013-05-10 03:05:00,65.71139625516427,0.0,7.6,May,2013_Rolling_RealWeather
2013-05-10 03:10:00,65.71574672322711,0.0,7.6,May,2013_Rolling_RealWeather
2013-05-10 03:15:00,65.7194535851342,0.0,7.6,May,2013_Rolling_RealWeather
2013-05-10 03:20:00,65.72093426623002,0.0,7.6,May,2013_Rolling_RealWeather
2013-05-10 03:25:00,65.72151854195859,0.0,7.6,May,2013_Rolling_RealWeather
2013-05-10 03:30:00,65.72162559468589,0.0,7.6,May,2013_Rolling_RealWeather
2013-05-10 03:35:00,65.7216784761536,0.0,7.6,May,2013_Rolling_RealWeather
2013-05-10 03:40:00,65.72170040261582,0.0,7.6,May,2013_Rolling_RealWeather
2013-05-10 03:45:00,65.72171072095098,0.0,7.6,May,2013_Rolling_RealWeather
2013-05-10 03:50:00,65.72171201074288,0.0,7.6,May,2013_Rolling_RealWeather
2013-05-10 03:55:00,65.72171201074288,0.0,7.6,May,2013_Rolling_RealWeather
2013-05-10 04:00:00,66.15904432826615,0.0,14.8,May,2013_Rolling_RealWeather
2013-05-10 04:05:00,66.21099843560074,0.0,14.8,May,2013_Rolling_RealWeather
2013-05-10 04:10:00,66.21974580423468,0.0,14.8,May,2013_Rolling_RealWeather
2013-05-10 04:15:00,66.2248714372266,0.0,14.8,May,2013_Rolling_RealWeather
2013-05-10 04:20:00,66.2214147949472,0.0,14.8,May,2013_Rolling_RealWeather
2013-05-10 04:25:00,66.22041391643644,0.0,14.8,May,2013_Rolling_RealWeather
2013-05-10 04:30:00,66.21990444863779,0.0,14.8,May,2013_Rolling_RealWeather
2013-05-10 04:35:00,66.21956523336934,0.0,14.8,May,2013_Rolling_RealWeather
2013-05-10 04:40:00,66.21948784585561,0.0,14.8,May,2013_Rolling_RealWeather
2013-05-10 04:45:00,66.2194646296015,0.0,14.8,May,2013_Rolling_RealWeather
2013-05-10 04:50:00,66.21945302147444,0.0,14.8,May,2013_Rolling_RealWeather
2013-05-10 04:55:00,66.21945044189064,0.0,14.8,May,2013_Rolling_RealWeather
2013-05-10 05:00:00,66.34660457588883,0.0,0.0,May,2013_Rolling_RealWeather
2013-05-10 05:05:00,66.35429044579293,0.0,0.0,May,2013_Rolling_RealWeather
2013-05-10 05:10:00,66.35781415725089,0.0,0.0,May,2013_Rolling_RealWeather
2013-05-10 05:15:00,66.36026089247628,0.0,0.0,May,2013_Rolling_RealWeather
2013-05-10 05:20:00,66.35978237968311,0.0,0.0,May,2013_Rolling_RealWeather
2013-05-10 05:25:00,66.36007129306766,0.0,0.0,May,2013_Rolling_RealWeather
2013-05-10 05:30:00,66.3599784280512,0.0,0.0,May,2013_Rolling_RealWeather
2013-05-10 05:35:00,66.35981075510482,0.0,0.0,May,2013_Rolling_RealWeather
2013-05-10 05:40:00,66.35979656739397,0.0,0.0,May,2013_Rolling_RealWeather
2013-05-10 05:45:00,66.3597849592669,0.0,0.0,May,2013_Rolling_RealWeather
2013-05-10 05:50:00,66.35977980009933,0.0,0.0,May,2013_Rolling_RealWeather
2013-05-10 05:55:00,66.35977980009933,0.0,0.0,May,2013_Rolling_RealWeather
2013-05-10 06:00:00,66.75871114352383,0.0,5.4,May,2013_Rolling_RealWeather
2013-05-10 06:05:00,66.79457638675645,0.0,5.4,May,2013_Rolling_RealWeather
2013-05-10 06:10:00,66.80246475398809,0.0,5.4,May,2013_Rolling_RealWeather
2013-05-10 06:15:00,66.80709123751654,0.0,5.4,May,2013_Rolling_RealWeather
2013-05-10 06:20:00,66.80033659736085,0.0,5.4,May,2013_Rolling_RealWeather
2013-05-10 06:25:00,66.79964526890497,0.0,5.4,May,2013_Rolling_RealWeather
2013-05-10 06:30:00,66.79888945085432,0.0,5.4,May,2013_Rolling_RealWeather
2013-05-10 06:35:00,66.79820457135791,0.0,5.4,May,2013_Rolling_RealWeather
2013-05-10 06:40:00,66.79820199177414,0.0,5.4,May,2013_Rolling_RealWeather
2013-05-10 06:45:00,66.79817361635243,0.0,5.4,May,2013_Rolling_RealWeather
2013-05-10 06:50:00,66.79818909385517,0.0,5.4,May,2013_Rolling_RealWeather
2013-05-10 06:55:00,66.7982110203174,0.0,5.4,May,2013_Rolling_RealWeather
2013-05-10 07:00:00,67.20673454606724,0.0,13.0,May,2013_Rolling_RealWeather
2013-05-10 07:05:00,67.25936708393877,0.0,13.0,May,2013_Rolling_RealWeather
2013-05-10 07:10:00,67.2650937599539,0.0,13.0,May,2013_Rolling_RealWeather
2013-05-10 07:15:00,67.26651897999821,0.0,13.0,May,2013_Rolling_RealWeather
2013-05-10 07:20:00,67.25568988724527,0.0,13.0,May,2013_Rolling_RealWeather
2013-05-10 07:25:00,67.2527672188105,0.0,13.0,May,2013_Rolling_RealWeather
2013-05-10 07:30:00,67.25164252027781,0.0,13.0,May,2013_Rolling_RealWeather
2013-05-10 07:35:00,67.25127235000386,0.0,13.0,May,2013_Rolling_RealWeather
2013-05-10 07:40:00,67.25147355753953,0.0,13.0,May,2013_Rolling_RealWeather
2013-05-10 07:45:00,67.25157158172357,0.0,13.0,May,2013_Rolling_RealWeather
2013-05-10 07:50:00,67.25162704277507,0.0,13.0,May,2013_Rolling_RealWeather
2013-05-10 07:55:00,67.25165541819676,0.0,13.0,May,2013_Rolling_RealWeather
2013-05-10 08:00:00,67.22194119251283,0.0,5.4,May,2013_Rolling_RealWeather
2013-05-10 08:05:00,67.21875024736386,0.0,5.4,May,2013_Rolling_RealWeather
2013-05-10 08:10:00,67.21832590583031,0.0,5.4,May,2013_Rolling_RealWeather
2013-05-10 08:15:00,67.21803312307007,0.0,5.4,May,2013_Rolling_RealWeather
2013-05-10 08:20:00,67.21871929235837,0.0,5.4,May,2013_Rolling_RealWeather
2013-05-10 08:25:00,67.21880441862346,0.0,5.4,May,2013_Rolling_RealWeather
2013-05-10 08:30:00,67.21885730009117,0.0,5.4,May,2013_Rolling_RealWeather
2013-05-10 08:35:00,67.21888696530476,0.0,5.4,May,2013_Rolling_RealWeather
2013-05-10 08:40:00,67.21887277759392,0.0,5.4,May,2013_Rolling_RealWeather
2013-05-10 08:45:00,67.21887019801012,0.0,5.4,May,2013_Rolling_RealWeather
2013-05-10 08:50:00,67.21887019801012,0.0,5.4,May,2013_Rolling_RealWeather
2013-05-10 08:55:00,67.21886761842633,0.0,5.4,May,2013_Rolling_RealWeather
2013-05-10 09:00:00,67.29071289637025,0.0,7.6,May,2013_Rolling_RealWeather
2013-05-10 09:05:00,67.29973499067788,0.0,7.6,May,2013_Rolling_RealWeather
2013-05-10 09:10:00,67.30063010625321,0.0,7.6,May,2013_Rolling_RealWeather
2013-05-10 09:15:00,67.30122470031695,0.0,7.6,May,2013_Rolling_RealWeather
2013-05-10 09:20:00,67.29949379959345,0.0,7.6,May,2013_Rolling_RealWeather
2013-05-10 09:25:00,67.29926421663609,0.0,7.6,May,2013_Rolling_RealWeather
2013-05-10 09:30:00,67.29914297619793,0.0,7.6,May,2013_Rolling_RealWeather
2013-05-10 09:35:00,67.29915845370067,0.0,7.6,May,2013_Rolling_RealWeather
2013-05-10 09:40:00,67.29921133516838,0.0,7.6,May,2013_Rolling_RealWeather
2013-05-10 09:45:00,67.29922036371165,0.0,7.6,May,2013_Rolling_RealWeather
2013-05-10 09:50:00,67.29922294329543,0.0,7.6,May,2013_Rolling_RealWeather
2013-05-10 09:55:00,67.29922423308733,0.0,7.6,May,2013_Rolling_RealWeather
2013-05-10 10:00:00,67.10603146425788,0.0,0.0,May,2013_Rolling_RealWeather
2013-05-10 10:05:00,67.0858294538018,0.0,0.0,May,2013_Rolling_RealWeather
2013-05-10 10:10:00,67.08366131362578,0.0,0.0,May,2013_Rolling_RealWeather
2013-05-10 10:15:00,67.08002796985673,0.0,0.0,May,2013_Rolling_RealWeather
2013-05-10 10:20:00,67.08323439250844,0.0,0.0,May,2013_Rolling_RealWeather
2013-05-10 10:25:00,67.08297643412939,0.0,0.0,May,2013_Rolling_RealWeather
2013-05-10 10:30:00,67.08307187872964,0.0,0.0,May,2013_Rolling_RealWeather
2013-05-10 10:35:00,67.08322278438139,0.0,0.0,May,2013_Rolling_RealWeather
2013-05-10 10:40:00,67.08314797645146,0.0,0.0,May,2013_Rolling_RealWeather
2013-05-10 10:45:00,67.0831647437461,0.0,0.0,May,2013_Rolling_RealWeather
2013-05-10 10:50:00,67.0831621641623,0.0,0.0,May,2013_Rolling_RealWeather
2013-05-10 10:55:00,67.08315571520284,0.0,0.0,May,2013_Rolling_RealWeather
2013-05-10 11:00:00,67.00992778034716,0.0,0.0,May,2013_Rolling_RealWeather
2013-05-10 11:05:00,67.00175178952284,0.0,0.0,May,2013_Rolling_RealWeather
2013-05-10 11:10:00,67.00111979149415,0.0,0.0,May,2013_Rolling_RealWeather
2013-05-10 11:15:00,66.99957849017926,0.0,0.0,May,2013_Rolling_RealWeather
2013-05-10 11:20:00,67.00063353994962,0.0,0.0,May,2013_Rolling_RealWeather
2013-05-10 11:25:00,67.00044136095723,0.0,0.0,May,2013_Rolling_RealWeather
2013-05-10 11:30:00,67.00042975283016,0.0,0.0,May,2013_Rolling_RealWeather
2013-05-10 11:35:00,67.00046715679512,0.0,0.0,May,2013_Rolling_RealWeather
2013-05-10 11:40:00,67.00043362220585,0.0,0.0,May,2013_Rolling_RealWeather
2013-05-10 11:45:00,67.00044265074912,0.0,0.0,May,2013_Rolling_RealWeather
2013-05-10 11:50:00,67.00044265074912,0.0,0.0,May,2013_Rolling_RealWeather
2013-05-10 11:55:00,67.00044007116533,0.0,0.0,May,2013_Rolling_RealWeather
2013-05-10 12:00:00,67.00006603151569,0.0,5.4,May,2013_Rolling_RealWeather
2013-05-10 12:05:00,67.0000105704642,0.0,5.4,May,2013_Rolling_RealWeather
2013-05-10 12:10:00,67.0000092806723,0.0,5.4,May,2013_Rolling_RealWeather
2013-05-10 12:15:00,67.00000412150472,0.0,5.4,May,2013_Rolling_RealWeather
2013-05-10 12:20:00,67.0000079908804,0.0,5.4,May,2013_Rolling_RealWeather
2013-05-10 12:25:00,67.00000541129661,0.0,5.4,May,2013_Rolling_RealWeather
2013-05-10 12:30:00,67.00000670108851,0.0,5.4,May,2013_Rolling_RealWeather
2013-05-10 12:35:00,67.00000541129661,0.0,5.4,May,2013_Rolling_RealWeather
2013-05-10 12:40:00,67.00000412150472,0.0,5.4,May,2013_Rolling_RealWeather
2013-05-10 12:45:00,67.0000079908804,0.0,5.4,May,2013_Rolling_RealWeather
2013-05-10 12:50:00,67.00000670108851,0.0,5.4,May,2013_Rolling_RealWeather
2013-05-10 12:55:00,67.00000670108851,0.0,5.4,May,2013_Rolling_RealWeather
2013-05-10 13:00:00,66.92683164770054,0.0,7.6,May,2013_Rolling_RealWeather
2013-05-10 13:05:00,66.91443545779481,0.0,7.6,May,2013_Rolling_RealWeather
2013-05-10 13:10:00,66.91403562230727,0.0,7.6,May,2013_Rolling_RealWeather
2013-05-10 13:15:00,66.91281547917431,0.0,7.6,May,2013_Rolling_RealWeather
2013-05-10 13:20:00,66.91387052894467,0.0,7.6,May,2013_Rolling_RealWeather
2013-05-10 13:25:00,66.91363707661162,0.0,7.6,May,2013_Rolling_RealWeather
2013-05-10 13:30:00,66.91346811387334,0.0,7.6,May,2013_Rolling_RealWeather
2013-05-10 13:35:00,66.9133133388459,0.0,7.6,May,2013_Rolling_RealWeather
2013-05-10 13:40:00,66.91321531466185,0.0,7.6,May,2013_Rolling_RealWeather
2013-05-10 13:45:00,66.91321660445375,0.0,7.6,May,2013_Rolling_RealWeather
2013-05-10 13:50:00,66.91320757591048,0.0,7.6,May,2013_Rolling_RealWeather
2013-05-10 13:55:00,66.91321273507806,0.0,7.6,May,2013_Rolling_RealWeather
2013-05-10 14:00:00,66.7456532903758,0.0,9.4,May,2013_Rolling_RealWeather
2013-05-10 14:05:00,66.71029751494183,0.0,9.4,May,2013_Rolling_RealWeather
2013-05-10 14:10:00,66.70884649905962,0.0,9.4,May,2013_Rolling_RealWeather
2013-05-10 14:15:00,66.70688601537876,0.0,9.4,May,2013_Rolling_RealWeather
2013-05-10 14:20:00,66.7090412576358,0.0,9.4,May,2013_Rolling_RealWeather
2013-05-10 14:25:00,66.70846343086671,0.0,9.4,May,2013_Rolling_RealWeather
2013-05-10 14:30:00,66.7079707303627,0.0,9.4,May,2013_Rolling_RealWeather
2013-05-10 14:35:00,66.70743417693427,0.0,9.4,May,2013_Rolling_RealWeather
2013-05-10 14:40:00,66.70714526354972,0.0,9.4,May,2013_Rolling_RealWeather
2013-05-10 14:45:00,66.70711817791991,0.0,9.4,May,2013_Rolling_RealWeather
2013-05-10 14:50:00,66.70710656979286,0.0,9.4,May,2013_Rolling_RealWeather
2013-05-10 14:55:00,66.70711559833613,0.0,9.4,May,2013_Rolling_RealWeather
2013-05-10 15:00:00,66.68370071626885,0.0,7.6,May,2013_Rolling_RealWeather
2013-05-10 15:05:00,66.67825650467879,0.0,7.6,May,2013_Rolling_RealWeather
2013-05-10 15:10:00,66.67814171320009,0.0,7.6,May,2013_Rolling_RealWeather
2013-05-10 15:15:00,66.67797146066992,0.0,7.6,May,2013_Rolling_RealWeather
2013-05-10 15:20:00,66.67823070884087,0.0,7.6,May,2013_Rolling_RealWeather
2013-05-10 15:25:00,66.67812881528114,0.0,7.6,May,2013_Rolling_RealWeather
2013-05-10 15:30:00,66.67807077464586,0.0,7.6,May,2013_Rolling_RealWeather
2013-05-10 15:35:00,66.67803724005658,0.0,7.6,May,2013_Rolling_RealWeather
2013-05-10 15:40:00,66.67801402380246,0.0,7.6,May,2013_Rolling_RealWeather
2013-05-10 15:45:00,66.67801273401057,0.0,7.6,May,2013_Rolling_RealWeather
2013-05-10 15:50:00,66.67801144421867,0.0,7.6,May,2013_Rolling_RealWeather
2013-05-10 15:55:00,66.67801273401057,0.0,7.6,May,2013_Rolling_RealWeather
2013-05-10 16:00:00,67.38395066268961,0.0,0.0,May,2013_Rolling_RealWeather
2013-05-10 16:05:00,67.48856052414985,0.0,0.0,May,2013_Rolling_RealWeather
2013-05-10 16:10:00,67.47689177687306,0.0,0.0,May,2013_Rolling_RealWeather
2013-05-10 16:15:00,67.49704348544523,0.0,0.0,May,2013_Rolling_RealWeather
2013-05-10 16:20:00,67.5016338548006,0.0,0.0,May,2013_Rolling_RealWeather
2013-05-10 16:25:00,67.50788418632523,0.0,0.0,May,2013_Rolling_RealWeather
2013-05-10 16:30:00,67.50875866523025,0.0,0.0,May,2013_Rolling_RealWeather
2013-05-10 16:35:00,67.50721865370726,0.0,0.0,May,2013_Rolling_RealWeather
2013-05-10 16:40:00,67.50718640890987,0.0,0.0,May,2013_Rolling_RealWeather
2013-05-10 16:45:00,67.50724831892084,0.0,0.0,May,2013_Rolling_RealWeather
2013-05-10 16:50:00,67.50720317620451,0.0,0.0,May,2013_Rolling_RealWeather
2013-05-10 16:55:00,67.50717609057472,0.0,0.0,May,2013_Rolling_RealWeather
2013-05-10 17:00:00,64.44248206004917,0.0,16.6,May,2013_Rolling_RealWeather
2013-05-10 17:05:00,62.916237775751014,0.0,16.6,May,2013_Rolling_RealWeather
2013-05-10 17:10:00,62.15895323172006,0.0,16.6,May,2013_Rolling_RealWeather
2013-05-10 17:15:00,61.9978453260781,0.0,16.6,May,2013_Rolling_RealWeather
2013-05-10 17:20:00,62.25463001466644,0.0,16.6,May,2013_Rolling_RealWeather
2013-05-10 17:25:00,62.57655304319013,0.0,16.6,May,2013_Rolling_RealWeather
2013-05-10 17:30:00,62.82328120421782,0.0,16.6,May,2013_Rolling_RealWeather
2013-05-10 17:35:00,62.92580029286277,0.0,16.6,May,2013_Rolling_RealWeather
2013-05-10 17:40:00,62.92618723043136,0.0,16.6,May,2013_Rolling_RealWeather
2013-05-10 17:45:00,62.87951484106102,0.0,16.6,May,2013_Rolling_RealWeather
2013-05-10 17:50:00,62.82779934522706,0.0,16.6,May,2013_Rolling_RealWeather
2013-05-10 17:55:00,62.79400937715398,0.0,16.6,May,2013_Rolling_RealWeather
2013-05-10 18:00:00,63.62472691279896,0.0,16.6,May,2013_Rolling_RealWeather
2013-05-10 18:05:00,64.0533686125317,0.0,16.6,May,2013_Rolling_RealWeather
2013-05-10 18:10:00,64.23016683658,0.0,16.6,May,2013_Rolling_RealWeather
2013-05-10 18:15:00,64.26488029565012,0.0,16.6,May,2013_Rolling_RealWeather
2013-05-10 18:20:00,64.21668851127411,0.0,16.6,May,2013_Rolling_RealWeather
2013-05-10 18:25:00,64.16137320626036,0.0,16.6,May,2013_Rolling_RealWeather
2013-05-10 18:30:00,64.12224865890832,0.0,16.6,May,2013_Rolling_RealWeather
2013-05-10 18:35:00,64.11083400063491,0.0,16.6,May,2013_Rolling_RealWeather
2013-05-10 18:40:00,64.11458084609076,0.0,16.6,May,2013_Rolling_RealWeather
2013-05-10 18:45:00,64.12279682046382,0.0,16.6,May,2013_Rolling_RealWeather
2013-05-10 18:50:00,64.12965980313872,0.0,16.6,May,2013_Rolling_RealWeather
2013-05-10 18:55:00,64.13295264184742,0.0,16.6,May,2013_Rolling_RealWeather
2013-05-10 19:00:00,65.8157339705346,0.0,14.8,May,2013_Rolling_RealWeather
2013-05-10 19:05:00,66.28748180520016,0.0,14.8,May,2013_Rolling_RealWeather
2013-05-10 19:10:00,66.33443538935667,0.0,14.8,May,2013_Rolling_RealWeather
2013-05-10 19:15:00,66.3497426395701,0.0,14.8,May,2013_Rolling_RealWeather
2013-05-10 19:20:00,66.34337880635869,0.0,14.8,May,2013_Rolling_RealWeather
2013-05-10 19:25:00,66.33963712007042,0.0,14.8,May,2013_Rolling_RealWeather
2013-05-10 19:30:00,66.33372471402237,0.0,14.8,May,2013_Rolling_RealWeather
2013-05-10 19:35:00,66.34502587060899,0.0,14.8,May,2013_Rolling_RealWeather
2013-05-10 19:40:00,66.35231190502554,0.0,14.8,May,2013_Rolling_RealWeather
2013-05-10 19:45:00,66.35406731179503,0.0,14.8,May,2013_Rolling_RealWeather
2013-05-10 19:50:00,66.3545703306342,0.0,14.8,May,2013_Rolling_RealWeather
2013-05-10 19:55:00,66.3545703306342,0.0,14.8,May,2013_Rolling_RealWeather
2013-05-10 20:00:00,66.46957075560297,0.0,14.8,May,2013_Rolling_RealWeather
2013-05-10 20:05:00,66.48790127801898,0.0,14.8,May,2013_Rolling_RealWeather
2013-05-10 20:10:00,66.48715061913592,0.0,14.8,May,2013_Rolling_RealWeather
2013-05-10 20:15:00,66.48969408875345,0.0,14.8,May,2013_Rolling_RealWeather
2013-05-10 20:20:00,66.49166747035326,0.0,14.8,May,2013_Rolling_RealWeather
2013-05-10 20:25:00,66.49224142774668,0.0,14.8,May,2013_Rolling_RealWeather
2013-05-10 20:30:00,66.49204666917048,0.0,14.8,May,2013_Rolling_RealWeather
2013-05-10 20:35:00,66.49291211953222,0.0,14.8,May,2013_Rolling_RealWeather
2013-05-10 20:40:00,66.4932487552169,0.0,14.8,May,2013_Rolling_RealWeather
2013-05-10 20:45:00,66.49326423271964,0.0,14.8,May,2013_Rolling_RealWeather
2013-05-10 20:50:00,66.49329518772512,0.0,14.8,May,2013_Rolling_RealWeather
2013-05-10 20:55:00,66.49332485293873,0.0,14.8,May,2013_Rolling_RealWeather
2013-05-10 21:00:00,65.88347384087577,0.0,22.3,May,2013_Rolling_RealWeather
2013-05-10 21:05:00,65.75003197138798,0.0,22.3,May,2013_Rolling_RealWeather
2013-05-10 21:10:00,65.72775726535615,0.0,22.3,May,2013_Rolling_RealWeather
2013-05-10 21:15:00,65.72318495308731,0.0,22.3,May,2013_Rolling_RealWeather
2013-05-10 21:20:00,65.70779902556828,0.0,22.3,May,2013_Rolling_RealWeather
2013-05-10 21:25:00,65.70514850322343,0.0,22.3,May,2013_Rolling_RealWeather
2013-05-10 21:30:00,65.70581403584141,0.0,22.3,May,2013_Rolling_RealWeather
2013-05-10 21:35:00,65.69763546543331,0.0,22.3,May,2013_Rolling_RealWeather
2013-05-10 21:40:00,65.69348491511423,0.0,22.3,May,2013_Rolling_RealWeather
2013-05-10 21:45:00,65.69235892678964,0.0,22.3,May,2013_Rolling_RealWeather
2013-05-10 21:50:00,65.69213063362416,0.0,22.3,May,2013_Rolling_RealWeather
2013-05-10 21:55:00,65.6916830758365,0.0,22.3,May,2013_Rolling_RealWeather
2013-05-10 22:00:00,65.42365400165792,0.0,22.3,May,2013_Rolling_RealWeather
2013-05-10 22:05:00,65.37165733119079,0.0,22.3,May,2013_Rolling_RealWeather
2013-05-10 22:10:00,65.36316663114403,0.0,22.3,May,2013_Rolling_RealWeather
2013-05-10 22:15:00,65.36055609234793,0.0,22.3,May,2013_Rolling_RealWeather
2013-05-10 22:20:00,65.35003525985798,0.0,22.3,May,2013_Rolling_RealWeather
2013-05-10 22:25:00,65.34724543998844,0.0,22.3,May,2013_Rolling_RealWeather
2013-05-10 22:30:00,65.3469255715984,0.0,22.3,May,2013_Rolling_RealWeather
2013-05-10 22:35:00,65.34372688769805,0.0,22.3,May,2013_Rolling_RealWeather
2013-05-10 22:40:00,65.34208885199102,0.0,22.3,May,2013_Rolling_RealWeather
2013-05-10 22:45:00,65.3416283962844,0.0,22.3,May,2013_Rolling_RealWeather
2013-05-10 22:50:00,65.34151618438952,0.0,22.3,May,2013_Rolling_RealWeather
2013-05-10 22:55:00,65.34125693621856,0.0,22.3,May,2013_Rolling_RealWeather
2013-05-10 23:00:00,65.0724073931706,0.0,24.1,May,2013_Rolling_RealWeather
2013-05-10 23:05:00,65.01914930622985,0.0,24.1,May,2013_Rolling_RealWeather
2013-05-10 23:10:00,65.00792037798936,0.0,24.1,May,2013_Rolling_RealWeather
2013-05-10 23:15:00,65.00575610718904,0.0,24.1,May,2013_Rolling_RealWeather
2013-05-10 23:20:00,64.9933650764509,0.0,24.1,May,2013_Rolling_RealWeather
2013-05-10 23:25:00,64.98979235290092,0.0,24.1,May,2013_Rolling_RealWeather
2013-05-10 23:30:00,64.98879405397396,0.0,24.1,May,2013_Rolling_RealWeather
2013-05-10 23:35:00,64.9855179825599,0.0,24.1,May,2013_Rolling_RealWeather
2013-05-10 23:40:00,64.98369034744425,0.0,24.1,May,2013_Rolling_RealWeather
2013-05-10 23:45:00,64.98307769629399,0.0,24.1,May,2013_Rolling_RealWeather
2013-05-10 23:50:00,64.9829074437638,0.0,24.1,May,2013_Rolling_RealWeather
2013-05-10 23:55:00,64.98259402433325,0.0,24.1,May,2013_Rolling_RealWeather
2013-05-11 00:00:00,65.69607868661568,0.0,25.9,May,2013_Rolling_RealWeather
2013-05-11 00:05:00,65.8166084494396,0.0,25.9,May,2013_Rolling_RealWeather
2013-05-11 00:10:00,65.84205475374198,0.0,25.9,May,2013_Rolling_RealWeather
2013-05-11 00:15:00,65.84999600244134,0.0,25.9,May,2013_Rolling_RealWeather
2013-05-11 00:20:00,65.87796771927472,0.0,25.9,May,2013_Rolling_RealWeather
2013-05-11 00:25:00,65.88508092157731,0.0,25.9,May,2013_Rolling_RealWeather
2013-05-11 00:30:00,65.88662351268408,0.0,25.9,May,2013_Rolling_RealWeather
2013-05-11 00:35:00,65.893202741142,0.0,25.9,May,2013_Rolling_RealWeather
2013-05-11 00:40:00,65.89635886190982,0.0,25.9,May,2013_Rolling_RealWeather
2013-05-11 00:45:00,65.89733910375024,0.0,25.9,May,2013_Rolling_RealWeather
2013-05-11 00:50:00,65.89764349463753,0.0,25.9,May,2013_Rolling_RealWeather
2013-05-11 00:55:00,65.89817875827408,0.0,25.9,May,2013_Rolling_RealWeather
2013-05-11 01:00:00,65.99579923745368,0.0,24.1,May,2013_Rolling_RealWeather
2013-05-11 01:05:00,66.01007594394275,0.0,24.1,May,2013_Rolling_RealWeather
2013-05-11 01:10:00,66.01285802506092,0.0,24.1,May,2013_Rolling_RealWeather
2013-05-11 01:15:00,66.0144264120056,0.0,24.1,May,2013_Rolling_RealWeather
2013-05-11 01:20:00,66.01694150620143,0.0,24.1,May,2013_Rolling_RealWeather
2013-05-11 01:25:00,66.01756834506256,0.0,24.1,May,2013_Rolling_RealWeather
2013-05-11 01:30:00,66.01766894883039,0.0,24.1,May,2013_Rolling_RealWeather
2013-05-11 01:35:00,66.01825322455896,0.0,24.1,May,2013_Rolling_RealWeather
2013-05-11 01:40:00,66.01846990959737,0.0,24.1,May,2013_Rolling_RealWeather
2013-05-11 01:45:00,66.01853955835972,0.0,24.1,May,2013_Rolling_RealWeather
2013-05-11 01:50:00,66.01856148482193,0.0,24.1,May,2013_Rolling_RealWeather
2013-05-11 01:55:00,66.01859372961933,0.0,24.1,May,2013_Rolling_RealWeather
2013-05-11 02:00:00,66.16344509821292,0.0,16.6,May,2013_Rolling_RealWeather
2013-05-11 02:05:00,66.18000473635668,0.0,16.6,May,2013_Rolling_RealWeather
2013-05-11 02:10:00,66.1835129703119,0.0,16.6,May,2013_Rolling_RealWeather
2013-05-11 02:15:00,66.18657106689565,0.0,16.6,May,2013_Rolling_RealWeather
2013-05-11 02:20:00,66.18810978862675,0.0,16.6,May,2013_Rolling_RealWeather
2013-05-11 02:25:00,66.18855347703872,0.0,16.6,May,2013_Rolling_RealWeather
2013-05-11 02:30:00,66.18851994244946,0.0,16.6,May,2013_Rolling_RealWeather
2013-05-11 02:35:00,66.188784349788,0.0,16.6,May,2013_Rolling_RealWeather
2013-05-11 02:40:00,66.18885270875845,0.0,16.6,May,2013_Rolling_RealWeather
2013-05-11 02:45:00,66.18886818626119,0.0,16.6,May,2013_Rolling_RealWeather
2013-05-11 02:50:00,66.18887592501255,0.0,16.6,May,2013_Rolling_RealWeather
2013-05-11 02:55:00,66.18888108418014,0.0,16.6,May,2013_Rolling_RealWeather
2013-05-11 03:00:00,66.30759353022358,0.0,14.8,May,2013_Rolling_RealWeather
2013-05-11 03:05:00,66.32033538435725,0.0,14.8,May,2013_Rolling_RealWeather
2013-05-11 03:10:00,66.32315486944037,0.0,14.8,May,2013_Rolling_RealWeather
2013-05-11 03:15:00,66.32527399752436,0.0,14.8,May,2013_Rolling_RealWeather
2013-05-11 03:20:00,66.32513598979156,0.0,14.8,May,2013_Rolling_RealWeather
2013-05-11 03:25:00,66.3251527570862,0.0,14.8,May,2013_Rolling_RealWeather
2013-05-11 03:30:00,66.3250173289372,0.0,14.8,May,2013_Rolling_RealWeather
2013-05-11 03:35:00,66.32503022685614,0.0,14.8,May,2013_Rolling_RealWeather
2013-05-11 03:40:00,66.32502506768856,0.0,14.8,May,2013_Rolling_RealWeather
2013-05-11 03:45:00,66.32502248810478,0.0,14.8,May,2013_Rolling_RealWeather
2013-05-11 03:50:00,66.32501861872909,0.0,14.8,May,2013_Rolling_RealWeather
2013-05-11 03:55:00,66.3250173289372,0.0,14.8,May,2013_Rolling_RealWeather
2013-05-11 04:00:00,66.48721897810637,0.0,13.0,May,2013_Rolling_RealWeather
2013-05-11 04:05:00,66.50373734290949,0.0,13.0,May,2013_Rolling_RealWeather
2013-05-11 04:10:00,66.50739003355697,0.0,13.0,May,2013_Rolling_RealWeather
2013-05-11 04:15:00,66.50969489167387,0.0,13.0,May,2013_Rolling_RealWeather
2013-05-11 04:20:00,66.50781050571484,0.0,13.0,May,2013_Rolling_RealWeather
2013-05-11 04:25:00,66.50743001710573,0.0,13.0,May,2013_Rolling_RealWeather
2013-05-11 04:30:00,66.50711272829949,0.0,13.0,May,2013_Rolling_RealWeather
2013-05-11 04:35:00,66.50693602680983,0.0,13.0,May,2013_Rolling_RealWeather
2013-05-11 04:40:00,66.50691023097193,0.0,13.0,May,2013_Rolling_RealWeather
2013-05-11 04:45:00,66.50690765138813,0.0,13.0,May,2013_Rolling_RealWeather
2013-05-11 04:50:00,66.50690120242865,0.0,13.0,May,2013_Rolling_RealWeather
2013-05-11 04:55:00,66.50690636159624,0.0,13.0,May,2013_Rolling_RealWeather
2013-05-11 05:00:00,66.4362057739594,0.0,0.0,May,2013_Rolling_RealWeather
2013-05-11 05:05:00,66.43175147764899,0.0,0.0,May,2013_Rolling_RealWeather
2013-05-11 05:10:00,66.42972908395716,0.0,0.0,May,2013_Rolling_RealWeather
2013-05-11 05:15:00,66.4283954391374,0.0,0.0,May,2013_Rolling_RealWeather
2013-05-11 05:20:00,66.42916995917054,0.0,0.0,May,2013_Rolling_RealWeather
2013-05-11 05:25:00,66.42914996739616,0.0,0.0,May,2013_Rolling_RealWeather
2013-05-11 05:30:00,66.42926024460321,0.0,0.0,May,2013_Rolling_RealWeather
2013-05-11 05:35:00,66.42940534619143,0.0,0.0,May,2013_Rolling_RealWeather
2013-05-11 05:40:00,66.42941372983874,0.0,0.0,May,2013_Rolling_RealWeather
2013-05-11 05:45:00,66.42942082369417,0.0,0.0,May,2013_Rolling_RealWeather
2013-05-11 05:50:00,66.42942469306986,0.0,0.0,May,2013_Rolling_RealWeather
2013-05-11 05:55:00,66.42942404817391,0.0,0.0,May,2013_Rolling_RealWeather
2013-05-11 06:00:00,66.8324072728375,0.0,5.4,May,2013_Rolling_RealWeather
2013-05-11 06:05:00,66.86659191723054,0.0,5.4,May,2013_Rolling_RealWeather
2013-05-11 06:10:00,66.87498588288514,0.0,5.4,May,2013_Rolling_RealWeather
2013-05-11 06:15:00,66.88025081340176,0.0,5.4,May,2013_Rolling_RealWeather
2013-05-11 06:20:00,66.87097591988265,0.0,5.4,May,2013_Rolling_RealWeather
2013-05-11 06:25:00,66.8696745198603,0.0,5.4,May,2013_Rolling_RealWeather
2013-05-11 06:30:00,66.86861173133858,0.0,5.4,May,2013_Rolling_RealWeather
2013-05-11 06:35:00,66.86770242805238,0.0,5.4,May,2013_Rolling_RealWeather
2013-05-11 06:40:00,66.86777336660663,0.0,5.4,May,2013_Rolling_RealWeather
2013-05-11 06:45:00,66.86777594619042,0.0,5.4,May,2013_Rolling_RealWeather
2013-05-11 06:50:00,66.86781206036349,0.0,5.4,May,2013_Rolling_RealWeather
2013-05-11 06:55:00,66.86785462349603,0.0,5.4,May,2013_Rolling_RealWeather
2013-05-11 07:00:00,67.15917346992805,0.0,7.6,May,2013_Rolling_RealWeather
2013-05-11 07:05:00,67.18780427041992,0.0,7.6,May,2013_Rolling_RealWeather
2013-05-11 07:10:00,67.19243849269974,0.0,7.6,May,2013_Rolling_RealWeather
2013-05-11 07:15:00,67.19553012387277,0.0,7.6,May,2013_Rolling_RealWeather
2013-05-11 07:20:00,67.18717356218312,0.0,7.6,May,2013_Rolling_RealWeather
2013-05-11 07:25:00,67.1856941708792,0.0,7.6,May,2013_Rolling_RealWeather
2013-05-11 07:30:00,67.18482227155799,0.0,7.6,May,2013_Rolling_RealWeather
2013-05-11 07:35:00,67.18425734270784,0.0,7.6,May,2013_Rolling_RealWeather
2013-05-11 07:40:00,67.18441211773528,0.0,7.6,May,2013_Rolling_RealWeather
2013-05-11 07:45:00,67.18445597065973,0.0,7.6,May,2013_Rolling_RealWeather
2013-05-11 07:50:00,67.18450498275175,0.0,7.6,May,2013_Rolling_RealWeather
2013-05-11 07:55:00,67.1845410969248,0.0,7.6,May,2013_Rolling_RealWeather
2013-05-11 08:00:00,67.33966694775637,0.0,7.6,May,2013_Rolling_RealWeather
2013-05-11 08:05:00,67.35606278232943,0.0,7.6,May,2013_Rolling_RealWeather
2013-05-11 08:10:00,67.35806711893473,0.0,7.6,May,2013_Rolling_RealWeather
2013-05-11 08:15:00,67.35972837089588,0.0,7.6,May,2013_Rolling_RealWeather
2013-05-11 08:20:00,67.3550567446511,0.0,7.6,May,2013_Rolling_RealWeather
2013-05-11 08:25:00,67.35424030638137,0.0,7.6,May,2013_Rolling_RealWeather
2013-05-11 08:30:00,67.35378243025853,0.0,7.6,May,2013_Rolling_RealWeather
2013-05-11 08:35:00,67.35356574522012,0.0,7.6,May,2013_Rolling_RealWeather
2013-05-11 08:40:00,67.35368440607449,0.0,7.6,May,2013_Rolling_RealWeather
2013-05-11 08:45:00,67.35371536107998,0.0,7.6,May,2013_Rolling_RealWeather
2013-05-11 08:50:00,67.35374373650168,0.0,7.6,May,2013_Rolling_RealWeather
2013-05-11 08:55:00,67.35376050379632,0.0,7.6,May,2013_Rolling_RealWeather
2013-05-11 09:00:00,67.35367408773934,0.0,5.4,May,2013_Rolling_RealWeather
2013-05-11 09:05:00,67.35366892857175,0.0,5.4,May,2013_Rolling_RealWeather
2013-05-11 09:10:00,67.35366763877985,0.0,5.4,May,2013_Rolling_RealWeather
2013-05-11 09:15:00,67.35366763877985,0.0,5.4,May,2013_Rolling_RealWeather
2013-05-11 09:20:00,67.35366892857175,0.0,5.4,May,2013_Rolling_RealWeather
2013-05-11 09:25:00,67.35366634898796,0.0,5.4,May,2013_Rolling_RealWeather
2013-05-11 09:30:00,67.35366892857175,0.0,5.4,May,2013_Rolling_RealWeather
2013-05-11 09:35:00,67.35367150815554,0.0,5.4,May,2013_Rolling_RealWeather
2013-05-11 09:40:00,67.35367021836365,0.0,5.4,May,2013_Rolling_RealWeather
2013-05-11 09:45:00,67.35367150815554,0.0,5.4,May,2013_Rolling_RealWeather
2013-05-11 09:50:00,67.35367150815554,0.0,5.4,May,2013_Rolling_RealWeather
2013-05-11 09:55:00,67.35367021836365,0.0,5.4,May,2013_Rolling_RealWeather
2013-05-11 10:00:00,67.17383066502623,0.0,0.0,May,2013_Rolling_RealWeather
2013-05-11 10:05:00,67.15544339176684,0.0,0.0,May,2013_Rolling_RealWeather
2013-05-11 10:10:00,67.15399108609273,0.0,0.0,May,2013_Rolling_RealWeather
2013-05-11 10:15:00,67.1507872430248,0.0,0.0,May,2013_Rolling_RealWeather
2013-05-11 10:20:00,67.15558139949962,0.0,0.0,May,2013_Rolling_RealWeather
2013-05-11 10:25:00,67.15612827126324,0.0,0.0,May,2013_Rolling_RealWeather
2013-05-11 10:30:00,67.15644813965328,0.0,0.0,May,2013_Rolling_RealWeather
2013-05-11 10:35:00,67.15678219575416,0.0,0.0,May,2013_Rolling_RealWeather
2013-05-11 10:40:00,67.15667901240253,0.0,0.0,May,2013_Rolling_RealWeather
2013-05-11 10:45:00,67.15666869406736,0.0,0.0,May,2013_Rolling_RealWeather
2013-05-11 10:50:00,67.15665063698084,0.0,0.0,May,2013_Rolling_RealWeather
2013-05-11 10:55:00,67.15663644926998,0.0,0.0,May,2013_Rolling_RealWeather
2013-05-11 11:00:00,67.12967592928253,0.0,0.0,May,2013_Rolling_RealWeather
2013-05-11 11:05:00,67.12673520376124,0.0,0.0,May,2013_Rolling_RealWeather
2013-05-11 11:10:00,67.12659461644465,0.0,0.0,May,2013_Rolling_RealWeather
2013-05-11 11:15:00,67.12607998947843,0.0,0.0,May,2013_Rolling_RealWeather
2013-05-11 11:20:00,67.12675455063967,0.0,0.0,May,2013_Rolling_RealWeather
2013-05-11 11:25:00,67.1268267789858,0.0,0.0,May,2013_Rolling_RealWeather
2013-05-11 11:30:00,67.12686547274267,0.0,0.0,May,2013_Rolling_RealWeather
2013-05-11 11:35:00,67.12691577462658,0.0,0.0,May,2013_Rolling_RealWeather
2013-05-11 11:40:00,67.12689771754005,0.0,0.0,May,2013_Rolling_RealWeather
2013-05-11 11:45:00,67.12690029712384,0.0,0.0,May,2013_Rolling_RealWeather
2013-05-11 11:50:00,67.12689771754005,0.0,0.0,May,2013_Rolling_RealWeather
2013-05-11 11:55:00,67.12689513795625,0.0,0.0,May,2013_Rolling_RealWeather
2013-05-11 12:00:00,67.12672746500986,0.0,0.0,May,2013_Rolling_RealWeather
2013-05-11 12:05:00,67.12670553854765,0.0,0.0,May,2013_Rolling_RealWeather
2013-05-11 12:10:00,67.12670682833954,0.0,0.0,May,2013_Rolling_RealWeather
2013-05-11 12:15:00,67.12670424875576,0.0,0.0,May,2013_Rolling_RealWeather
2013-05-11 12:20:00,67.12670682833954,0.0,0.0,May,2013_Rolling_RealWeather
2013-05-11 12:25:00,67.12670811813143,0.0,0.0,May,2013_Rolling_RealWeather
2013-05-11 12:30:00,67.12670811813143,0.0,0.0,May,2013_Rolling_RealWeather
2013-05-11 12:35:00,67.12670940792333,0.0,0.0,May,2013_Rolling_RealWeather
2013-05-11 12:40:00,67.12670682833954,0.0,0.0,May,2013_Rolling_RealWeather
2013-05-11 12:45:00,67.12670811813143,0.0,0.0,May,2013_Rolling_RealWeather
2013-05-11 12:50:00,67.12670811813143,0.0,0.0,May,2013_Rolling_RealWeather
2013-05-11 12:55:00,67.12670811813143,0.0,0.0,May,2013_Rolling_RealWeather
2013-05-11 13:00:00,67.18630424244569,0.0,0.0,May,2013_Rolling_RealWeather
2013-05-11 13:05:00,67.19324719221808,0.0,0.0,May,2013_Rolling_RealWeather
2013-05-11 13:10:00,67.19318141283142,0.0,0.0,May,2013_Rolling_RealWeather
2013-05-11 13:15:00,67.19467628163808,0.0,0.0,May,2013_Rolling_RealWeather
2013-05-11 13:20:00,67.19349483226199,0.0,0.0,May,2013_Rolling_RealWeather
2013-05-11 13:25:00,67.19338906932657,0.0,0.0,May,2013_Rolling_RealWeather
2013-05-11 13:30:00,67.19338648974278,0.0,0.0,May,2013_Rolling_RealWeather
2013-05-11 13:35:00,67.19325751055325,0.0,0.0,May,2013_Rolling_RealWeather
2013-05-11 13:40:00,67.1932704084722,0.0,0.0,May,2013_Rolling_RealWeather
2013-05-11 13:45:00,67.1932716982641,0.0,0.0,May,2013_Rolling_RealWeather
2013-05-11 13:50:00,67.19326524930462,0.0,0.0,May,2013_Rolling_RealWeather
2013-05-11 13:55:00,67.193272988056,0.0,0.0,May,2013_Rolling_RealWeather
2013-05-11 14:00:00,67.33936384666097,0.0,0.0,May,2013_Rolling_RealWeather
2013-05-11 14:05:00,67.35647422594403,0.0,0.0,May,2013_Rolling_RealWeather
2013-05-11 14:10:00,67.35572743643665,0.0,0.0,May,2013_Rolling_RealWeather
2013-05-11 14:15:00,67.36012820638342,0.0,0.0,May,2013_Rolling_RealWeather
2013-05-11 14:20:00,67.35794458870467,0.0,0.0,May,2013_Rolling_RealWeather
2013-05-11 14:25:00,67.3578014218043,0.0,0.0,May,2013_Rolling_RealWeather
2013-05-11 14:30:00,67.3579097643235,0.0,0.0,May,2013_Rolling_RealWeather
2013-05-11 14:35:00,67.35757441843072,0.0,0.0,May,2013_Rolling_RealWeather
2013-05-11 14:40:00,67.35757312863882,0.0,0.0,May,2013_Rolling_RealWeather
2013-05-11 14:45:00,67.35756796947125,0.0,0.0,May,2013_Rolling_RealWeather
2013-05-11 14:50:00,67.35754862259282,0.0,0.0,May,2013_Rolling_RealWeather
2013-05-11 14:55:00,67.3575537817604,0.0,0.0,May,2013_Rolling_RealWeather
2013-05-11 15:00:00,67.57737043489264,0.0,0.0,May,2013_Rolling_RealWeather
2013-05-11 15:05:00,67.60284640440861,0.0,0.0,May,2013_Rolling_RealWeather
2013-05-11 15:10:00,67.60075694153822,0.0,0.0,May,2013_Rolling_RealWeather
2013-05-11 15:15:00,67.60849311332623,0.0,0.0,May,2013_Rolling_RealWeather
2013-05-11 15:20:00,67.6065842213212,0.0,0.0,May,2013_Rolling_RealWeather
2013-05-11 15:25:00,67.60662807424563,0.0,0.0,May,2013_Rolling_RealWeather
2013-05-11 15:30:00,67.60691698763019,0.0,0.0,May,2013_Rolling_RealWeather
2013-05-11 15:35:00,67.6064191279586,0.0,0.0,May,2013_Rolling_RealWeather
2013-05-11 15:40:00,67.60638559336932,0.0,0.0,May,2013_Rolling_RealWeather
2013-05-11 15:45:00,67.60638043420174,0.0,0.0,May,2013_Rolling_RealWeather
2013-05-11 15:50:00,67.60634818940436,0.0,0.0,May,2013_Rolling_RealWeather
2013-05-11 15:55:00,67.60635076898815,0.0,0.0,May,2013_Rolling_RealWeather
2013-05-11 16:00:00,67.81584134820662,0.0,0.0,May,2013_Rolling_RealWeather
2013-05-11 16:05:00,67.83880609290244,0.0,0.0,May,2013_Rolling_RealWeather
2013-05-11 16:10:00,67.83604077907891,0.0,0.0,May,2013_Rolling_RealWeather
2013-05-11 16:15:00,67.84424256574113,0.0,0.0,May,2013_Rolling_RealWeather
2013-05-11 16:20:00,67.84360927792054,0.0,0.0,May,2013_Rolling_RealWeather
2013-05-11 16:25:00,67.84389819130509,0.0,0.0,May,2013_Rolling_RealWeather
2013-05-11 16:30:00,67.8441974230248,0.0,0.0,May,2013_Rolling_RealWeather
2013-05-11 16:35:00,67.84376147336418,0.0,0.0,May,2013_Rolling_RealWeather
2013-05-11 16:40:00,67.8437305183587,0.0,0.0,May,2013_Rolling_RealWeather
2013-05-11 16:45:00,67.8437305183587,0.0,0.0,May,2013_Rolling_RealWeather
2013-05-11 16:50:00,67.84369827356132,0.0,0.0,May,2013_Rolling_RealWeather
2013-05-11 16:55:00,67.84369956335321,0.0,0.0,May,2013_Rolling_RealWeather
2013-05-11 17:00:00,67.68728779000203,0.0,11.2,May,2013_Rolling_RealWeather
2013-05-11 17:05:00,67.65203519791969,0.0,11.2,May,2013_Rolling_RealWeather
2013-05-11 17:10:00,67.65137611426118,0.0,11.2,May,2013_Rolling_RealWeather
2013-05-11 17:15:00,67.64810391222281,0.0,11.2,May,2013_Rolling_RealWeather
2013-05-11 17:20:00,67.64793236990073,0.0,11.2,May,2013_Rolling_RealWeather
2013-05-11 17:25:00,67.64754930170783,0.0,11.2,May,2013_Rolling_RealWeather
2013-05-11 17:30:00,67.64770665631906,0.0,11.2,May,2013_Rolling_RealWeather
2013-05-11 17:35:00,67.6471997681042,0.0,11.2,May,2013_Rolling_RealWeather
2013-05-11 17:40:00,67.64688118950606,0.0,11.2,May,2013_Rolling_RealWeather
2013-05-11 17:45:00,67.64684894470868,0.0,11.2,May,2013_Rolling_RealWeather
2013-05-11 17:50:00,67.6468179897032,0.0,11.2,May,2013_Rolling_RealWeather
2013-05-11 17:55:00,67.64681025095182,0.0,11.2,May,2013_Rolling_RealWeather
2013-05-11 18:00:00,67.85095335297238,0.0,11.2,May,2013_Rolling_RealWeather
2013-05-11 18:05:00,67.88575709747516,0.0,11.2,May,2013_Rolling_RealWeather
2013-05-11 18:10:00,67.88321233806573,0.0,11.2,May,2013_Rolling_RealWeather
2013-05-11 18:15:00,67.88933498019273,0.0,11.2,May,2013_Rolling_RealWeather
2013-05-11 18:20:00,67.89023138555996,0.0,11.2,May,2013_Rolling_RealWeather
2013-05-11 18:25:00,67.89066604542867,0.0,11.2,May,2013_Rolling_RealWeather
2013-05-11 18:30:00,67.89055641311758,0.0,11.2,May,2013_Rolling_RealWeather
2013-05-11 18:35:00,67.89136640242782,0.0,11.2,May,2013_Rolling_RealWeather
2013-05-11 18:40:00,67.8917288339504,0.0,11.2,May,2013_Rolling_RealWeather
2013-05-11 18:45:00,67.8917288339504,0.0,11.2,May,2013_Rolling_RealWeather
2013-05-11 18:50:00,67.89177268687484,0.0,11.2,May,2013_Rolling_RealWeather
2013-05-11 18:55:00,67.89179203375328,0.0,11.2,May,2013_Rolling_RealWeather
2013-05-11 19:00:00,67.75071330645342,0.0,14.8,May,2013_Rolling_RealWeather
2013-05-11 19:05:00,67.72894548863644,0.0,14.8,May,2013_Rolling_RealWeather
2013-05-11 19:10:00,67.73065188331393,0.0,14.8,May,2013_Rolling_RealWeather
2013-05-11 19:15:00,67.72654905529497,0.0,14.8,May,2013_Rolling_RealWeather
2013-05-11 19:20:00,67.72545918114345,0.0,14.8,May,2013_Rolling_RealWeather
2013-05-11 19:25:00,67.7253069856998,0.0,14.8,May,2013_Rolling_RealWeather
2013-05-11 19:30:00,67.72547723822998,0.0,14.8,May,2013_Rolling_RealWeather
2013-05-11 19:35:00,67.72446862096785,0.0,14.8,May,2013_Rolling_RealWeather
2013-05-11 19:40:00,67.72411134861285,0.0,14.8,May,2013_Rolling_RealWeather
2013-05-11 19:45:00,67.72412295673992,0.0,14.8,May,2013_Rolling_RealWeather
2013-05-11 19:50:00,67.7240713650641,0.0,14.8,May,2013_Rolling_RealWeather
2013-05-11 19:55:00,67.7240429896424,0.0,14.8,May,2013_Rolling_RealWeather
2013-05-11 20:00:00,67.30136012846594,0.0,22.3,May,2013_Rolling_RealWeather
2013-05-11 20:05:00,67.21585982372649,0.0,22.3,May,2013_Rolling_RealWeather
2013-05-11 20:10:00,67.2077625102078,0.0,22.3,May,2013_Rolling_RealWeather
2013-05-11 20:15:00,67.20168243121336,0.0,22.3,May,2013_Rolling_RealWeather
2013-05-11 20:20:00,67.19490070542787,0.0,22.3,May,2013_Rolling_RealWeather
2013-05-11 20:25:00,67.19522702277737,0.0,22.3,May,2013_Rolling_RealWeather
2013-05-11 20:30:00,67.19654905947006,0.0,22.3,May,2013_Rolling_RealWeather
2013-05-11 20:35:00,67.19061472695978,0.0,22.3,May,2013_Rolling_RealWeather
2013-05-11 20:40:00,67.18799515962043,0.0,22.3,May,2013_Rolling_RealWeather
2013-05-11 20:45:00,67.18752567537054,0.0,22.3,May,2013_Rolling_RealWeather
2013-05-11 20:50:00,67.18733607596192,0.0,22.3,May,2013_Rolling_RealWeather
2013-05-11 20:55:00,67.18709746446129,0.0,22.3,May,2013_Rolling_RealWeather
2013-05-11 21:00:00,66.88122073690703,0.0,24.1,May,2013_Rolling_RealWeather
2013-05-11 21:05:00,66.82546561285699,0.0,24.1,May,2013_Rolling_RealWeather
2013-05-11 21:10:00,66.81861423830915,0.0,24.1,May,2013_Rolling_RealWeather
2013-05-11 21:15:00,66.81533687710319,0.0,24.1,May,2013_Rolling_RealWeather
2013-05-11 21:20:00,66.80664754910455,0.0,24.1,May,2013_Rolling_RealWeather
2013-05-11 21:25:00,66.80555122599355,0.0,24.1,May,2013_Rolling_RealWeather
2013-05-11 21:30:00,66.80605682441652,0.0,24.1,May,2013_Rolling_RealWeather
2013-05-11 21:35:00,66.8019681841084,0.0,24.1,May,2013_Rolling_RealWeather
2013-05-11 21:40:00,66.80019343046047,0.0,24.1,May,2013_Rolling_RealWeather
2013-05-11 21:45:00,66.79984131727306,0.0,24.1,May,2013_Rolling_RealWeather
2013-05-11 21:50:00,66.7997484522566,0.0,24.1,May,2013_Rolling_RealWeather
2013-05-11 21:55:00,66.7994995224208,0.0,24.1,May,2013_Rolling_RealWeather
2013-05-11 22:00:00,66.45480908736127,0.0,24.1,May,2013_Rolling_RealWeather
2013-05-11 22:05:00,66.39783897934585,0.0,24.1,May,2013_Rolling_RealWeather
2013-05-11 22:10:00,66.38935343846667,0.0,24.1,May,2013_Rolling_RealWeather
2013-05-11 22:15:00,66.38544665881581,0.0,24.1,May,2013_Rolling_RealWeather
2013-05-11 22:20:00,66.37295373451792,0.0,24.1,May,2013_Rolling_RealWeather
2013-05-11 22:25:00,66.37032384884341,0.0,24.1,May,2013_Rolling_RealWeather
2013-05-11 22:30:00,66.3703560936408,0.0,24.1,May,2013_Rolling_RealWeather
2013-05-11 22:35:00,66.36644028544666,0.0,24.1,May,2013_Rolling_RealWeather
2013-05-11 22:40:00,66.36469003784474,0.0,24.1,May,2013_Rolling_RealWeather
2013-05-11 22:45:00,66.36427472485445,0.0,24.1,May,2013_Rolling_RealWeather
2013-05-11 22:50:00,66.36416767212714,0.0,24.1,May,2013_Rolling_RealWeather
2013-05-11 22:55:00,66.36386844040743,0.0,24.1,May,2013_Rolling_RealWeather
2013-05-11 23:00:00,66.07629772922316,0.0,25.9,May,2013_Rolling_RealWeather
2013-05-11 23:05:00,66.02719148239339,0.0,25.9,May,2013_Rolling_RealWeather
2013-05-11 23:10:00,66.01714658311279,0.0,25.9,May,2013_Rolling_RealWeather
2013-05-11 23:15:00,66.0146495460035,0.0,25.9,May,2013_Rolling_RealWeather
2013-05-11 23:20:00,66.00269317513406,0.0,25.9,May,2013_Rolling_RealWeather
2013-05-11 23:25:00,65.99984144525355,0.0,25.9,May,2013_Rolling_RealWeather
2013-05-11 23:30:00,65.99934487537385,0.0,25.9,May,2013_Rolling_RealWeather
2013-05-11 23:35:00,65.99613845272214,0.0,25.9,May,2013_Rolling_RealWeather
2013-05-11 23:40:00,65.99455329848281,0.0,25.9,May,2013_Rolling_RealWeather
2013-05-11 23:45:00,65.99407865506535,0.0,25.9,May,2013_Rolling_RealWeather
2013-05-11 23:50:00,65.99395870441909,0.0,25.9,May,2013_Rolling_RealWeather
2013-05-11 23:55:00,65.99367623999402,0.0,25.9,May,2013_Rolling_RealWeather
2013-05-12 00:00:00,65.66414601887183,0.0,27.7,May,2013_Rolling_RealWeather
2013-05-12 00:05:00,65.60503098693454,0.0,27.7,May,2013_Rolling_RealWeather
2013-05-12 00:10:00,65.58993655238383,0.0,27.7,May,2013_Rolling_RealWeather
2013-05-12 00:15:00,65.58806377455186,0.0,27.7,May,2013_Rolling_RealWeather
2013-05-12 00:20:00,65.57075992648451,0.0,27.7,May,2013_Rolling_RealWeather
2013-05-12 00:25:00,65.56551305305443,0.0,27.7,May,2013_Rolling_RealWeather
2013-05-12 00:30:00,65.56435868930814,0.0,27.7,May,2013_Rolling_RealWeather
2013-05-12 00:35:00,65.5609652468316,0.0,27.7,May,2013_Rolling_RealWeather
2013-05-12 00:40:00,65.55884482895573,0.0,27.7,May,2013_Rolling_RealWeather
2013-05-12 00:45:00,65.55801807235083,0.0,27.7,May,2013_Rolling_RealWeather
2013-05-12 00:50:00,65.55781428523139,0.0,27.7,May,2013_Rolling_RealWeather
2013-05-12 00:55:00,65.55743121703847,0.0,27.7,May,2013_Rolling_RealWeather
2013-05-12 01:00:00,65.7975633823136,0.0,24.1,May,2013_Rolling_RealWeather
2013-05-12 01:05:00,65.83405933378302,0.0,24.1,May,2013_Rolling_RealWeather
2013-05-12 01:10:00,65.8416949018032,0.0,24.1,May,2013_Rolling_RealWeather
2013-05-12 01:15:00,65.84535146182637,0.0,24.1,May,2013_Rolling_RealWeather
2013-05-12 01:20:00,65.85376993352699,0.0,24.1,May,2013_Rolling_RealWeather
2013-05-12 01:25:00,65.85623730542271,0.0,24.1,May,2013_Rolling_RealWeather
2013-05-12 01:30:00,65.85649139442607,0.0,24.1,May,2013_Rolling_RealWeather
2013-05-12 01:35:00,65.85796433677051,0.0,24.1,May,2013_Rolling_RealWeather
2013-05-12 01:40:00,65.85866082439398,0.0,24.1,May,2013_Rolling_RealWeather
2013-05-12 01:45:00,65.85888911755944,0.0,24.1,May,2013_Rolling_RealWeather
2013-05-12 01:50:00,65.85895876632179,0.0,24.1,May,2013_Rolling_RealWeather
2013-05-12 01:55:00,65.8590645292572,0.0,24.1,May,2013_Rolling_RealWeather
2013-05-12 02:00:00,66.11203528305815,0.0,20.5,May,2013_Rolling_RealWeather
2013-05-12 02:05:00,66.14515971851324,0.0,20.5,May,2013_Rolling_RealWeather
2013-05-12 02:10:00,66.15169896342242,0.0,20.5,May,2013_Rolling_RealWeather
2013-05-12 02:15:00,66.15653310344601,0.0,20.5,May,2013_Rolling_RealWeather
2013-05-12 02:20:00,66.16091194693055,0.0,20.5,May,2013_Rolling_RealWeather
2013-05-12 02:25:00,66.16214627777435,0.0,20.5,May,2013_Rolling_RealWeather
2013-05-12 02:30:00,66.16202890671188,0.0,20.5,May,2013_Rolling_RealWeather
2013-05-12 02:35:00,66.16269314953796,0.0,20.5,May,2013_Rolling_RealWeather
2013-05-12 02:40:00,66.16290725499258,0.0,20.5,May,2013_Rolling_RealWeather
2013-05-12 02:45:00,66.16295110791702,0.0,20.5,May,2013_Rolling_RealWeather
2013-05-12 02:50:00,66.16296400583597,0.0,20.5,May,2013_Rolling_RealWeather
2013-05-12 02:55:00,66.1629846425063,0.0,20.5,May,2013_Rolling_RealWeather
2013-05-12 03:00:00,66.29845664443727,0.0,11.2,May,2013_Rolling_RealWeather
2013-05-12 03:05:00,66.31150159966634,0.0,11.2,May,2013_Rolling_RealWeather
2013-05-12 03:10:00,66.31520330240585,0.0,11.2,May,2013_Rolling_RealWeather
2013-05-12 03:15:00,66.31792992247252,0.0,11.2,May,2013_Rolling_RealWeather
2013-05-12 03:20:00,66.31810275458649,0.0,11.2,May,2013_Rolling_RealWeather
2013-05-12 03:25:00,66.31820464814622,0.0,11.2,May,2013_Rolling_RealWeather
2013-05-12 03:30:00,66.31800730998623,0.0,11.2,May,2013_Rolling_RealWeather
2013-05-12 03:35:00,66.31792863268062,0.0,11.2,May,2013_Rolling_RealWeather
2013-05-12 03:40:00,66.31789251850755,0.0,11.2,May,2013_Rolling_RealWeather
2013-05-12 03:45:00,66.31787317162912,0.0,11.2,May,2013_Rolling_RealWeather
2013-05-12 03:50:00,66.31786543287775,0.0,11.2,May,2013_Rolling_RealWeather
2013-05-12 03:55:00,66.31786027371017,0.0,11.2,May,2013_Rolling_RealWeather
2013-05-12 04:00:00,66.46469018307116,0.0,9.4,May,2013_Rolling_RealWeather
2013-05-12 04:05:00,66.47819430421495,0.0,9.4,May,2013_Rolling_RealWeather
2013-05-12 04:10:00,66.48213848783078,0.0,9.4,May,2013_Rolling_RealWeather
2013-05-12 04:15:00,66.48449622741539,0.0,9.4,May,2013_Rolling_RealWeather
2013-05-12 04:20:00,66.48329156178518,0.0,9.4,May,2013_Rolling_RealWeather
2013-05-12 04:25:00,66.48308132570625,0.0,9.4,May,2013_Rolling_RealWeather
2013-05-12 04:30:00,66.48274855939727,0.0,9.4,May,2013_Rolling_RealWeather
2013-05-12 04:35:00,66.48253058456696,0.0,9.4,May,2013_Rolling_RealWeather
2013-05-12 04:40:00,66.48248544185061,0.0,9.4,May,2013_Rolling_RealWeather
2013-05-12 04:45:00,66.48246093580461,0.0,9.4,May,2013_Rolling_RealWeather
2013-05-12 04:50:00,66.48245190726134,0.0,9.4,May,2013_Rolling_RealWeather
2013-05-12 04:55:00,66.48245577663702,0.0,9.4,May,2013_Rolling_RealWeather
2013-05-12 05:00:00,66.74455180809721,0.0,9.4,May,2013_Rolling_RealWeather
2013-05-12 05:05:00,66.76968856234473,0.0,9.4,May,2013_Rolling_RealWeather
2013-05-12 05:10:00,66.77601370179927,0.0,9.4,May,2013_Rolling_RealWeather
2013-05-12 05:15:00,66.77935813218379,0.0,9.4,May,2013_Rolling_RealWeather
2013-05-12 05:20:00,66.7751817860268,0.0,9.4,May,2013_Rolling_RealWeather
2013-05-12 05:25:00,66.77431375608127,0.0,9.4,May,2013_Rolling_RealWeather
2013-05-12 05:30:00,66.7735373013603,0.0,9.4,May,2013_Rolling_RealWeather
2013-05-12 05:35:00,66.77308071502937,0.0,9.4,May,2013_Rolling_RealWeather
2013-05-12 05:40:00,66.77303170293735,0.0,9.4,May,2013_Rolling_RealWeather
2013-05-12 05:45:00,66.77301235605891,0.0,9.4,May,2013_Rolling_RealWeather
2013-05-12 05:50:00,66.77302138460217,0.0,9.4,May,2013_Rolling_RealWeather
2013-05-12 05:55:00,66.77303557231303,0.0,9.4,May,2013_Rolling_RealWeather
2013-05-12 06:00:00,66.98822703170873,0.0,7.6,May,2013_Rolling_RealWeather
2013-05-12 06:05:00,67.00900299955822,0.0,7.6,May,2013_Rolling_RealWeather
2013-05-12 06:10:00,67.01386422521162,0.0,7.6,May,2013_Rolling_RealWeather
2013-05-12 06:15:00,67.01641543358052,0.0,7.6,May,2013_Rolling_RealWeather
2013-05-12 06:20:00,67.0119437250795,0.0,7.6,May,2013_Rolling_RealWeather
2013-05-12 06:25:00,67.0110679563826,0.0,7.6,May,2013_Rolling_RealWeather
2013-05-12 06:30:00,67.0103843666781,0.0,7.6,May,2013_Rolling_RealWeather
2013-05-12 06:35:00,67.01001290661225,0.0,7.6,May,2013_Rolling_RealWeather
2013-05-12 06:40:00,67.01002967390689,0.0,7.6,May,2013_Rolling_RealWeather
2013-05-12 06:45:00,67.01003483307447,0.0,7.6,May,2013_Rolling_RealWeather
2013-05-12 06:50:00,67.01005933912047,0.0,7.6,May,2013_Rolling_RealWeather
2013-05-12 06:55:00,67.0100786859989,0.0,7.6,May,2013_Rolling_RealWeather
2013-05-12 07:00:00,66.95876560523628,0.0,0.0,May,2013_Rolling_RealWeather
2013-05-12 07:05:00,66.95444028811539,0.0,0.0,May,2013_Rolling_RealWeather
2013-05-12 07:10:00,66.95317951653773,0.0,0.0,May,2013_Rolling_RealWeather
2013-05-12 07:15:00,66.95233792732604,0.0,0.0,May,2013_Rolling_RealWeather
2013-05-12 07:20:00,66.95342586678973,0.0,0.0,May,2013_Rolling_RealWeather
2013-05-12 07:25:00,66.95356129493874,0.0,0.0,May,2013_Rolling_RealWeather
2013-05-12 07:30:00,66.95369930267154,0.0,0.0,May,2013_Rolling_RealWeather
2013-05-12 07:35:00,66.95379926154342,0.0,0.0,May,2013_Rolling_RealWeather
2013-05-12 07:40:00,66.9537908778961,0.0,0.0,May,2013_Rolling_RealWeather
2013-05-12 07:45:00,66.95378571872853,0.0,0.0,May,2013_Rolling_RealWeather
2013-05-12 07:50:00,66.95378249424878,0.0,0.0,May,2013_Rolling_RealWeather
2013-05-12 07:55:00,66.95377282080958,0.0,0.0,May,2013_Rolling_RealWeather
2013-05-12 08:00:00,67.11754156713154,0.0,0.0,May,2013_Rolling_RealWeather
2013-05-12 08:05:00,67.13289911922888,0.0,0.0,May,2013_Rolling_RealWeather
2013-05-12 08:10:00,67.1363506023407,0.0,0.0,May,2013_Rolling_RealWeather
2013-05-12 08:15:00,67.13922425868343,0.0,0.0,May,2013_Rolling_RealWeather
2013-05-12 08:20:00,67.13564250659019,0.0,0.0,May,2013_Rolling_RealWeather
2013-05-12 08:25:00,67.13515238566997,0.0,0.0,May,2013_Rolling_RealWeather
2013-05-12 08:30:00,67.13476286851758,0.0,0.0,May,2013_Rolling_RealWeather
2013-05-12 08:35:00,67.13451651826558,0.0,0.0,May,2013_Rolling_RealWeather
2013-05-12 08:40:00,67.13457391400493,0.0,0.0,May,2013_Rolling_RealWeather
2013-05-12 08:45:00,67.13458616702793,0.0,0.0,May,2013_Rolling_RealWeather
2013-05-12 08:50:00,67.13460680369826,0.0,0.0,May,2013_Rolling_RealWeather
2013-05-12 08:55:00,67.1346248607848,0.0,0.0,May,2013_Rolling_RealWeather
2013-05-12 09:00:00,67.20606385428168,0.0,0.0,May,2013_Rolling_RealWeather
2013-05-12 09:05:00,67.21336665599287,0.0,0.0,May,2013_Rolling_RealWeather
2013-05-12 09:10:00,67.21466934580712,0.0,0.0,May,2013_Rolling_RealWeather
2013-05-12 09:15:00,67.21601975792152,0.0,0.0,May,2013_Rolling_RealWeather
2013-05-12 09:20:00,67.21453391765813,0.0,0.0,May,2013_Rolling_RealWeather
2013-05-12 09:25:00,67.21434560804141,0.0,0.0,May,2013_Rolling_RealWeather
2013-05-12 09:30:00,67.21419728197345,0.0,0.0,May,2013_Rolling_RealWeather
2013-05-12 09:35:00,67.21412247404352,0.0,0.0,May,2013_Rolling_RealWeather
2013-05-12 09:40:00,67.2141572984247,0.0,0.0,May,2013_Rolling_RealWeather
2013-05-12 09:45:00,67.21416245759228,0.0,0.0,May,2013_Rolling_RealWeather
2013-05-12 09:50:00,67.21417277592744,0.0,0.0,May,2013_Rolling_RealWeather
2013-05-12 09:55:00,67.21417535551123,0.0,0.0,May,2013_Rolling_RealWeather
2013-05-12 10:00:00,67.46859583540248,0.0,7.6,May,2013_Rolling_RealWeather
2013-05-12 10:05:00,67.50016349203996,0.0,7.6,May,2013_Rolling_RealWeather
2013-05-12 10:10:00,67.50419280192088,0.0,7.6,May,2013_Rolling_RealWeather
2013-05-12 10:15:00,67.50843363767262,0.0,7.6,May,2013_Rolling_RealWeather
2013-05-12 10:20:00,67.5040212595988,0.0,7.6,May,2013_Rolling_RealWeather
2013-05-12 10:25:00,67.50372976663047,0.0,7.6,May,2013_Rolling_RealWeather
2013-05-12 10:30:00,67.50323835591836,0.0,7.6,May,2013_Rolling_RealWeather
2013-05-12 10:35:00,67.5035298488867,0.0,7.6,May,2013_Rolling_RealWeather
2013-05-12 10:40:00,67.50374653392511,0.0,7.6,May,2013_Rolling_RealWeather
2013-05-12 10:45:00,67.50376459101165,0.0,7.6,May,2013_Rolling_RealWeather
2013-05-12 10:50:00,67.50380844393608,0.0,7.6,May,2013_Rolling_RealWeather
2013-05-12 10:55:00,67.50379941539282,0.0,7.6,May,2013_Rolling_RealWeather
2013-05-12 11:00:00,67.42143330495894,0.0,5.4,May,2013_Rolling_RealWeather
2013-05-12 11:05:00,67.41129425086999,0.0,5.4,May,2013_Rolling_RealWeather
2013-05-12 11:10:00,67.41010506274252,0.0,5.4,May,2013_Rolling_RealWeather
2013-05-12 11:15:00,67.40836900285144,0.0,5.4,May,2013_Rolling_RealWeather
2013-05-12 11:20:00,67.4096162316142,0.0,5.4,May,2013_Rolling_RealWeather
2013-05-12 11:25:00,67.40959946431956,0.0,5.4,May,2013_Rolling_RealWeather
2013-05-12 11:30:00,67.40969232933602,0.0,5.4,May,2013_Rolling_RealWeather
2013-05-12 11:35:00,67.40961881119799,0.0,5.4,May,2013_Rolling_RealWeather
2013-05-12 11:40:00,67.40955432160322,0.0,5.4,May,2013_Rolling_RealWeather
2013-05-12 11:45:00,67.40955303181133,0.0,5.4,May,2013_Rolling_RealWeather
2013-05-12 11:50:00,67.40954271347616,0.0,5.4,May,2013_Rolling_RealWeather
2013-05-12 11:55:00,67.40954271347616,0.0,5.4,May,2013_Rolling_RealWeather
2013-05-12 12:00:00,67.46188246858745,0.0,9.4,May,2013_Rolling_RealWeather
2013-05-12 12:05:00,67.46899309130625,0.0,9.4,May,2013_Rolling_RealWeather
2013-05-12 12:10:00,67.46971408497572,0.0,9.4,May,2013_Rolling_RealWeather
2013-05-12 12:15:00,67.47096905248983,0.0,9.4,May,2013_Rolling_RealWeather
2013-05-12 12:20:00,67.47045442552361,0.0,9.4,May,2013_Rolling_RealWeather
2013-05-12 12:25:00,67.47061049034295,0.0,9.4,May,2013_Rolling_RealWeather
2013-05-12 12:30:00,67.47060533117536,0.0,9.4,May,2013_Rolling_RealWeather
2013-05-12 12:35:00,67.47073173078111,0.0,9.4,May,2013_Rolling_RealWeather
2013-05-12 12:40:00,67.47079493058398,0.0,9.4,May,2013_Rolling_RealWeather
2013-05-12 12:45:00,67.47079879995967,0.0,9.4,May,2013_Rolling_RealWeather
2013-05-12 12:50:00,67.47080524891913,0.0,9.4,May,2013_Rolling_RealWeather
2013-05-12 12:55:00,67.47080395912724,0.0,9.4,May,2013_Rolling_RealWeather
2013-05-12 13:00:00,67.42910498715219,0.0,0.0,May,2013_Rolling_RealWeather
2013-05-12 13:05:00,67.42433017755579,0.0,0.0,May,2013_Rolling_RealWeather
2013-05-12 13:10:00,67.42395097873856,0.0,0.0,May,2013_Rolling_RealWeather
2013-05-12 13:15:00,67.42255800349164,0.0,0.0,May,2013_Rolling_RealWeather
2013-05-12 13:20:00,67.42284304750049,0.0,0.0,May,2013_Rolling_RealWeather
2013-05-12 13:25:00,67.42275276206783,0.0,0.0,May,2013_Rolling_RealWeather
2013-05-12 13:30:00,67.42272438664614,0.0,0.0,May,2013_Rolling_RealWeather
2013-05-12 13:35:00,67.42273728456509,0.0,0.0,May,2013_Rolling_RealWeather
2013-05-12 13:40:00,67.42272180706235,0.0,0.0,May,2013_Rolling_RealWeather
2013-05-12 13:45:00,67.42272180706235,0.0,0.0,May,2013_Rolling_RealWeather
2013-05-12 13:50:00,67.42272180706235,0.0,0.0,May,2013_Rolling_RealWeather
2013-05-12 13:55:00,67.42271922747855,0.0,0.0,May,2013_Rolling_RealWeather
2013-05-12 14:00:00,67.68203446761247,0.0,0.0,May,2013_Rolling_RealWeather
2013-05-12 14:05:00,67.7113643353116,0.0,0.0,May,2013_Rolling_RealWeather
2013-05-12 14:10:00,67.71263993949606,0.0,0.0,May,2013_Rolling_RealWeather
2013-05-12 14:15:00,67.72310144155884,0.0,0.0,May,2013_Rolling_RealWeather
2013-05-12 14:20:00,67.72302276425322,0.0,0.0,May,2013_Rolling_RealWeather
2013-05-12 14:25:00,67.72402235297209,0.0,0.0,May,2013_Rolling_RealWeather
2013-05-12 14:30:00,67.72442992721099,0.0,0.0,May,2013_Rolling_RealWeather
2013-05-12 14:35:00,67.72436027844864,0.0,0.0,May,2013_Rolling_RealWeather
2013-05-12 14:40:00,67.7244583026327,0.0,0.0,May,2013_Rolling_RealWeather
2013-05-12 14:45:00,67.72447378013544,0.0,0.0,May,2013_Rolling_RealWeather
2013-05-12 14:50:00,67.72447635971923,0.0,0.0,May,2013_Rolling_RealWeather
2013-05-12 14:55:00,67.7244853882625,0.0,0.0,May,2013_Rolling_RealWeather
2013-05-12 15:00:00,68.06445357274536,0.0,0.0,May,2013_Rolling_RealWeather
2013-05-12 15:05:00,68.10305059521222,0.0,0.0,May,2013_Rolling_RealWeather
2013-05-12 15:10:00,68.10262496388677,0.0,0.0,May,2013_Rolling_RealWeather
2013-05-12 15:15:00,68.11814889913862,0.0,0.0,May,2013_Rolling_RealWeather
2013-05-12 15:20:00,68.12034412494441,0.0,0.0,May,2013_Rolling_RealWeather
2013-05-12 15:25:00,68.12208405421117,0.0,0.0,May,2013_Rolling_RealWeather
2013-05-12 15:30:00,68.12272508078314,0.0,0.0,May,2013_Rolling_RealWeather
2013-05-12 15:35:00,68.12260899951256,0.0,0.0,May,2013_Rolling_RealWeather
2013-05-12 15:40:00,68.12274313786968,0.0,0.0,May,2013_Rolling_RealWeather
2013-05-12 15:45:00,68.12278183162653,0.0,0.0,May,2013_Rolling_RealWeather
2013-05-12 15:50:00,68.12277667245895,0.0,0.0,May,2013_Rolling_RealWeather
2013-05-12 15:55:00,68.12278183162653,0.0,0.0,May,2013_Rolling_RealWeather
2013-05-12 16:00:00,68.40075391152597,0.0,0.0,May,2013_Rolling_RealWeather
2013-05-12 16:05:00,68.4325253552829,0.0,0.0,May,2013_Rolling_RealWeather
2013-05-12 16:10:00,68.43051714930192,0.0,0.0,May,2013_Rolling_RealWeather
2013-05-12 16:15:00,68.44368979392863,0.0,0.0,May,2013_Rolling_RealWeather
2013-05-12 16:20:00,68.44689750637224,0.0,0.0,May,2013_Rolling_RealWeather
2013-05-12 16:25:00,68.44844912602228,0.0,0.0,May,2013_Rolling_RealWeather
2013-05-12 16:30:00,68.4488283248395,0.0,0.0,May,2013_Rolling_RealWeather
2013-05-12 16:35:00,68.4486400152228,0.0,0.0,May,2013_Rolling_RealWeather
2013-05-12 16:40:00,68.44873803940683,0.0,0.0,May,2013_Rolling_RealWeather
2013-05-12 16:45:00,68.44877028420422,0.0,0.0,May,2013_Rolling_RealWeather
2013-05-12 16:50:00,68.44875222711768,0.0,0.0,May,2013_Rolling_RealWeather
2013-05-12 16:55:00,68.44875222711768,0.0,0.0,May,2013_Rolling_RealWeather
2013-05-12 17:00:00,66.62268582086976,0.0,16.6,May,2013_Rolling_RealWeather
2013-05-12 17:05:00,65.87748920648157,0.0,16.6,May,2013_Rolling_RealWeather
2013-05-12 17:10:00,65.6563066637322,0.0,16.6,May,2013_Rolling_RealWeather
2013-05-12 17:15:00,65.67525370667416,0.0,16.6,May,2013_Rolling_RealWeather
2013-05-12 17:20:00,65.81359420578029,0.0,16.6,May,2013_Rolling_RealWeather
2013-05-12 17:25:00,65.92370760925776,0.0,16.6,May,2013_Rolling_RealWeather
2013-05-12 17:30:00,65.99497119105689,0.0,16.6,May,2013_Rolling_RealWeather
2013-05-12 17:35:00,66.0134384314138,0.0,16.6,May,2013_Rolling_RealWeather
2013-05-12 17:40:00,66.00602470759962,0.0,16.6,May,2013_Rolling_RealWeather
2013-05-12 17:45:00,65.99269986752927,0.0,16.6,May,2013_Rolling_RealWeather
2013-05-12 17:50:00,65.98174566496249,0.0,16.6,May,2013_Rolling_RealWeather
2013-05-12 17:55:00,65.9763865796375,0.0,16.6,May,2013_Rolling_RealWeather
2013-05-12 18:00:00,67.00390445219611,0.0,14.8,May,2013_Rolling_RealWeather
2013-05-12 18:05:00,67.33489471774377,0.0,14.8,May,2013_Rolling_RealWeather
2013-05-12 18:10:00,67.37804599539292,0.0,14.8,May,2013_Rolling_RealWeather
2013-05-12 18:15:00,67.38547390691797,0.0,14.8,May,2013_Rolling_RealWeather
2013-05-12 18:20:00,67.37184596575221,0.0,14.8,May,2013_Rolling_RealWeather
2013-05-12 18:25:00,67.36077439212296,0.0,14.8,May,2013_Rolling_RealWeather
2013-05-12 18:30:00,67.34797062797831,0.0,14.8,May,2013_Rolling_RealWeather
2013-05-12 18:35:00,67.34762625354227,0.0,14.8,May,2013_Rolling_RealWeather
2013-05-12 18:40:00,67.35002526646753,0.0,14.8,May,2013_Rolling_RealWeather
2013-05-12 18:45:00,67.35106354894324,0.0,14.8,May,2013_Rolling_RealWeather
2013-05-12 18:50:00,67.35164782467182,0.0,14.8,May,2013_Rolling_RealWeather
2013-05-12 18:55:00,67.35182710574526,0.0,14.8,May,2013_Rolling_RealWeather
2013-05-12 19:00:00,67.49509589968334,0.0,18.4,May,2013_Rolling_RealWeather
2013-05-12 19:05:00,67.5325656440337,0.0,18.4,May,2013_Rolling_RealWeather
2013-05-12 19:10:00,67.5363795586681,0.0,18.4,May,2013_Rolling_RealWeather
2013-05-12 19:15:00,67.53844838486816,0.0,18.4,May,2013_Rolling_RealWeather
2013-05-12 19:20:00,67.53869215553638,0.0,18.4,May,2013_Rolling_RealWeather
2013-05-12 19:25:00,67.53802920250219,0.0,18.4,May,2013_Rolling_RealWeather
2013-05-12 19:30:00,67.536762626861,0.0,18.4,May,2013_Rolling_RealWeather
2013-05-12 19:35:00,67.53784605205306,0.0,18.4,May,2013_Rolling_RealWeather
2013-05-12 19:40:00,67.53858381301717,0.0,18.4,May,2013_Rolling_RealWeather
2013-05-12 19:45:00,67.53874374721218,0.0,18.4,May,2013_Rolling_RealWeather
2013-05-12 19:50:00,67.53880694701506,0.0,18.4,May,2013_Rolling_RealWeather
2013-05-12 19:55:00,67.53883919181244,0.0,18.4,May,2013_Rolling_RealWeather
2013-05-12 20:00:00,67.72011170394553,0.0,18.4,May,2013_Rolling_RealWeather
2013-05-12 20:05:00,67.7482768895632,0.0,18.4,May,2013_Rolling_RealWeather
2013-05-12 20:10:00,67.74714703186292,0.0,18.4,May,2013_Rolling_RealWeather
2013-05-12 20:15:00,67.75222494255472,0.0,18.4,May,2013_Rolling_RealWeather
2013-05-12 20:20:00,67.7562361953491,0.0,18.4,May,2013_Rolling_RealWeather
2013-05-12 20:25:00,67.75690430755087,0.0,18.4,May,2013_Rolling_RealWeather
2013-05-12 20:30:00,67.75621297909498,0.0,18.4,May,2013_Rolling_RealWeather
2013-05-12 20:35:00,67.75792711252384,0.0,18.4,May,2013_Rolling_RealWeather
2013-05-12 20:40:00,67.75858619618234,0.0,18.4,May,2013_Rolling_RealWeather
2013-05-12 20:45:00,67.75859264514182,0.0,18.4,May,2013_Rolling_RealWeather
2013-05-12 20:50:00,67.758651975569,0.0,18.4,May,2013_Rolling_RealWeather
2013-05-12 20:55:00,67.75874226100167,0.0,18.4,May,2013_Rolling_RealWeather
2013-05-12 21:00:00,67.2852364399828,0.0,20.5,May,2013_Rolling_RealWeather
2013-05-12 21:05:00,67.21839168521697,0.0,20.5,May,2013_Rolling_RealWeather
2013-05-12 21:10:00,67.21719604813002,0.0,20.5,May,2013_Rolling_RealWeather
2013-05-12 21:15:00,67.20612576429266,0.0,20.5,May,2013_Rolling_RealWeather
2013-05-12 21:20:00,67.19127639020206,0.0,20.5,May,2013_Rolling_RealWeather
2013-05-12 21:25:00,67.18825182820758,0.0,20.5,May,2013_Rolling_RealWeather
2013-05-12 21:30:00,67.18967059929241,0.0,20.5,May,2013_Rolling_RealWeather
2013-05-12 21:35:00,67.18508151972894,0.0,20.5,May,2013_Rolling_RealWeather
2013-05-12 21:40:00,67.18327323149173,0.0,20.5,May,2013_Rolling_RealWeather
2013-05-12 21:45:00,67.1830887912507,0.0,20.5,May,2013_Rolling_RealWeather
2013-05-12 21:50:00,67.18296755081255,0.0,20.5,May,2013_Rolling_RealWeather
2013-05-12 21:55:00,67.18266058034146,0.0,20.5,May,2013_Rolling_RealWeather
2013-05-12 22:00:00,66.74835153502077,0.0,18.4,May,2013_Rolling_RealWeather
2013-05-12 22:05:00,66.69465233925183,0.0,18.4,May,2013_Rolling_RealWeather
2013-05-12 22:10:00,66.69094805692853,0.0,18.4,May,2013_Rolling_RealWeather
2013-05-12 22:15:00,66.67906004502956,0.0,18.4,May,2013_Rolling_RealWeather
2013-05-12 22:20:00,66.66463501247252,0.0,18.4,May,2013_Rolling_RealWeather
2013-05-12 22:25:00,66.66117965998501,0.0,18.4,May,2013_Rolling_RealWeather
2013-05-12 22:30:00,66.6618400334354,0.0,18.4,May,2013_Rolling_RealWeather
2013-05-12 22:35:00,66.65881676123281,0.0,18.4,May,2013_Rolling_RealWeather
2013-05-12 22:40:00,66.65760435685124,0.0,18.4,May,2013_Rolling_RealWeather
2013-05-12 22:45:00,66.65740185952367,0.0,18.4,May,2013_Rolling_RealWeather
2013-05-12 22:50:00,66.65729738638015,0.0,18.4,May,2013_Rolling_RealWeather
2013-05-12 22:55:00,66.6570910196769,0.0,18.4,May,2013_Rolling_RealWeather
2013-05-12 23:00:00,66.26566755487495,0.0,20.5,May,2013_Rolling_RealWeather
2013-05-12 23:05:00,66.2122469541554,0.0,20.5,May,2013_Rolling_RealWeather
2013-05-12 23:10:00,66.20433924004531,0.0,20.5,May,2013_Rolling_RealWeather
2013-05-12 23:15:00,66.19572600976849,0.0,20.5,May,2013_Rolling_RealWeather
2013-05-12 23:20:00,66.18056708562303,0.0,20.5,May,2013_Rolling_RealWeather
2013-05-12 23:25:00,66.17652616761505,0.0,20.5,May,2013_Rolling_RealWeather
2013-05-12 23:30:00,66.17664353867752,0.0,20.5,May,2013_Rolling_RealWeather
2013-05-12 23:35:00,66.17375182524826,0.0,20.5,May,2013_Rolling_RealWeather
2013-05-12 23:40:00,66.17241818042852,0.0,20.5,May,2013_Rolling_RealWeather
2013-05-12 23:45:00,66.17206219786542,0.0,20.5,May,2013_Rolling_RealWeather
2013-05-12 23:50:00,66.17194353701106,0.0,20.5,May,2013_Rolling_RealWeather
2013-05-12 23:55:00,66.17171524384558,0.0,20.5,May,2013_Rolling_RealWeather
2013-05-13 00:00:00,64.67975088731673,0.0,22.3,May,2013_Rolling_RealWeather
2013-05-13 00:05:00,64.41752329708322,0.0,22.3,May,2013_Rolling_RealWeather
2013-05-13 00:10:00,64.38900857786192,0.0,22.3,May,2013_Rolling_RealWeather
2013-05-13 00:15:00,64.34733411193287,0.0,22.3,May,2013_Rolling_RealWeather
2013-05-13 00:20:00,64.2498181058968,0.0,22.3,May,2013_Rolling_RealWeather
2013-05-13 00:25:00,64.21834460406767,0.0,22.3,May,2013_Rolling_RealWeather
2013-05-13 00:30:00,64.21794605837202,0.0,22.3,May,2013_Rolling_RealWeather
2013-05-13 00:35:00,64.20010307729244,0.0,22.3,May,2013_Rolling_RealWeather
2013-05-13 00:40:00,64.18803191494432,0.0,22.3,May,2013_Rolling_RealWeather
2013-05-13 00:45:00,64.18423218802077,0.0,22.3,May,2013_Rolling_RealWeather
2013-05-13 00:50:00,64.18325065638845,0.0,22.3,May,2013_Rolling_RealWeather
2013-05-13 00:55:00,64.1809857818203,0.0,22.3,May,2013_Rolling_RealWeather
2013-05-13 01:00:00,65.05789078538899,0.0,16.6,May,2013_Rolling_RealWeather
2013-05-13 01:05:00,65.17875718389757,0.0,16.6,May,2013_Rolling_RealWeather
2013-05-13 01:10:00,65.19049429014481,0.0,16.6,May,2013_Rolling_RealWeather
2013-05-13 01:15:00,65.22006018976079,0.0,16.6,May,2013_Rolling_RealWeather
2013-05-13 01:20:00,65.26136964458345,0.0,16.6,May,2013_Rolling_RealWeather
2013-05-13 01:25:00,65.2732939318795,0.0,16.6,May,2013_Rolling_RealWeather
2013-05-13 01:30:00,65.2734035641906,0.0,16.6,May,2013_Rolling_RealWeather
2013-05-13 01:35:00,65.2790850974894,0.0,16.6,May,2013_Rolling_RealWeather
2013-05-13 01:40:00,65.28222187137877,0.0,16.6,May,2013_Rolling_RealWeather
2013-05-13 01:45:00,65.28303315048092,0.0,16.6,May,2013_Rolling_RealWeather
2013-05-13 01:50:00,65.28329368844376,0.0,16.6,May,2013_Rolling_RealWeather
2013-05-13 01:55:00,65.28375414415038,0.0,16.6,May,2013_Rolling_RealWeather
2013-05-13 02:00:00,65.40159727045639,0.0,18.4,May,2013_Rolling_RealWeather
2013-05-13 02:05:00,65.41842518531438,0.0,18.4,May,2013_Rolling_RealWeather
2013-05-13 02:10:00,65.42024766126244,0.0,18.4,May,2013_Rolling_RealWeather
2013-05-13 02:15:00,65.42344892474657,0.0,18.4,May,2013_Rolling_RealWeather
2013-05-13 02:20:00,65.4284120439597,0.0,18.4,May,2013_Rolling_RealWeather
2013-05-13 02:25:00,65.42991207193393,0.0,18.4,May,2013_Rolling_RealWeather
2013-05-13 02:30:00,65.42994044735562,0.0,18.4,May,2013_Rolling_RealWeather
2013-05-13 02:35:00,65.43059308205464,0.0,18.4,May,2013_Rolling_RealWeather
2013-05-13 02:40:00,65.43093745649068,0.0,18.4,May,2013_Rolling_RealWeather
2013-05-13 02:45:00,65.43102645213146,0.0,18.4,May,2013_Rolling_RealWeather
2013-05-13 02:50:00,65.43104837859369,0.0,18.4,May,2013_Rolling_RealWeather
2013-05-13 02:55:00,65.43109481110191,0.0,18.4,May,2013_Rolling_RealWeather
2013-05-13 03:00:00,66.34971942331599,0.0,7.6,May,2013_Rolling_RealWeather
2013-05-13 03:05:00,66.43192430976295,0.0,7.6,May,2013_Rolling_RealWeather
2013-05-13 03:10:00,66.4490927296813,0.0,7.6,May,2013_Rolling_RealWeather
2013-05-13 03:15:00,66.47360780423527,0.0,7.6,May,2013_Rolling_RealWeather
2013-05-13 03:20:00,66.48882541391197,0.0,7.6,May,2013_Rolling_RealWeather
2013-05-13 03:25:00,66.4926760876154,0.0,7.6,May,2013_Rolling_RealWeather
2013-05-13 03:30:00,66.49163973982752,0.0,7.6,May,2013_Rolling_RealWeather
2013-05-13 03:35:00,66.4919589633216,0.0,7.6,May,2013_Rolling_RealWeather
2013-05-13 03:40:00,66.49199765707846,0.0,7.6,May,2013_Rolling_RealWeather
2013-05-13 03:45:00,66.49185449017808,0.0,7.6,May,2013_Rolling_RealWeather
2013-05-13 03:50:00,66.4917396986994,0.0,7.6,May,2013_Rolling_RealWeather
2013-05-13 03:55:00,66.4916868172317,0.0,7.6,May,2013_Rolling_RealWeather
2013-05-13 04:00:00,66.80573373154674,0.0,5.4,May,2013_Rolling_RealWeather
2013-05-13 04:05:00,66.83199711901479,0.0,5.4,May,2013_Rolling_RealWeather
2013-05-13 04:10:00,66.83814813656348,0.0,5.4,May,2013_Rolling_RealWeather
2013-05-13 04:15:00,66.8450414293479,0.0,5.4,May,2013_Rolling_RealWeather
2013-05-13 04:20:00,66.84797635080567,0.0,5.4,May,2013_Rolling_RealWeather
2013-05-13 04:25:00,66.84876763813344,0.0,5.4,May,2013_Rolling_RealWeather
2013-05-13 04:30:00,66.84820722355492,0.0,5.4,May,2013_Rolling_RealWeather
2013-05-13 04:35:00,66.84805180363153,0.0,5.4,May,2013_Rolling_RealWeather
2013-05-13 04:40:00,66.84796345288672,0.0,5.4,May,2013_Rolling_RealWeather
2013-05-13 04:45:00,66.8478834857892,0.0,5.4,May,2013_Rolling_RealWeather
2013-05-13 04:50:00,66.8478454369283,0.0,5.4,May,2013_Rolling_RealWeather
2013-05-13 04:55:00,66.84782093088228,0.0,5.4,May,2013_Rolling_RealWeather
2013-05-13 05:00:00,67.14526564392102,0.0,7.6,May,2013_Rolling_RealWeather
2013-05-13 05:05:00,67.1743349736573,0.0,7.6,May,2013_Rolling_RealWeather
2013-05-13 05:10:00,67.17896790614522,0.0,7.6,May,2013_Rolling_RealWeather
2013-05-13 05:15:00,67.1841064370561,0.0,7.6,May,2013_Rolling_RealWeather
2013-05-13 05:20:00,67.18604692896257,0.0,7.6,May,2013_Rolling_RealWeather
2013-05-13 05:25:00,67.18659702520591,0.0,7.6,May,2013_Rolling_RealWeather
2013-05-13 05:30:00,67.18592375383658,0.0,7.6,May,2013_Rolling_RealWeather
2013-05-13 05:35:00,67.18587087236887,0.0,7.6,May,2013_Rolling_RealWeather
2013-05-13 05:40:00,67.18578703589567,0.0,7.6,May,2013_Rolling_RealWeather
2013-05-13 05:45:00,67.18571093817384,0.0,7.6,May,2013_Rolling_RealWeather
2013-05-13 05:50:00,67.18567611379268,0.0,7.6,May,2013_Rolling_RealWeather
2013-05-13 05:55:00,67.18565934649804,0.0,7.6,May,2013_Rolling_RealWeather
2013-05-13 06:00:00,67.32385022974431,0.0,0.0,May,2013_Rolling_RealWeather
2013-05-13 06:05:00,67.33471995094195,0.0,0.0,May,2013_Rolling_RealWeather
2013-05-13 06:10:00,67.33767808865382,0.0,0.0,May,2013_Rolling_RealWeather
2013-05-13 06:15:00,67.34029894578507,0.0,0.0,May,2013_Rolling_RealWeather
2013-05-13 06:20:00,67.34081292785535,0.0,0.0,May,2013_Rolling_RealWeather
2013-05-13 06:25:00,67.34108958821689,0.0,0.0,May,2013_Rolling_RealWeather
2013-05-13 06:30:00,67.34082260129456,0.0,0.0,May,2013_Rolling_RealWeather
2013-05-13 06:35:00,67.34074521378085,0.0,0.0,May,2013_Rolling_RealWeather
2013-05-13 06:40:00,67.34071038939967,0.0,0.0,May,2013_Rolling_RealWeather
2013-05-13 06:45:00,67.34068523845771,0.0,0.0,May,2013_Rolling_RealWeather
2013-05-13 06:50:00,67.34067492012255,0.0,0.0,May,2013_Rolling_RealWeather
2013-05-13 06:55:00,67.34067040585091,0.0,0.0,May,2013_Rolling_RealWeather
2013-05-13 07:00:00,67.5001531737048,0.0,5.4,May,2013_Rolling_RealWeather
2013-05-13 07:05:00,67.51665993038085,0.0,5.4,May,2013_Rolling_RealWeather
2013-05-13 07:10:00,67.51902992298847,0.0,5.4,May,2013_Rolling_RealWeather
2013-05-13 07:15:00,67.521314789331,0.0,5.4,May,2013_Rolling_RealWeather
2013-05-13 07:20:00,67.52182296733774,0.0,5.4,May,2013_Rolling_RealWeather
2013-05-13 07:25:00,67.52213445208045,0.0,5.4,May,2013_Rolling_RealWeather
2013-05-13 07:30:00,67.5218062000431,0.0,5.4,May,2013_Rolling_RealWeather
2013-05-13 07:35:00,67.52191841193799,0.0,5.4,May,2013_Rolling_RealWeather
2013-05-13 07:40:00,67.52191841193799,0.0,5.4,May,2013_Rolling_RealWeather
2013-05-13 07:45:00,67.52189648547578,0.0,5.4,May,2013_Rolling_RealWeather
2013-05-13 07:50:00,67.5218913263082,0.0,5.4,May,2013_Rolling_RealWeather
2013-05-13 07:55:00,67.52188487734871,0.0,5.4,May,2013_Rolling_RealWeather
2013-05-13 08:00:00,67.47307528265486,0.0,5.4,May,2013_Rolling_RealWeather
2013-05-13 08:05:00,67.46773425441643,0.0,5.4,May,2013_Rolling_RealWeather
2013-05-13 08:10:00,67.46701841991454,0.0,5.4,May,2013_Rolling_RealWeather
2013-05-13 08:15:00,67.46633354041813,0.0,5.4,May,2013_Rolling_RealWeather
2013-05-13 08:20:00,67.4661516797609,0.0,5.4,May,2013_Rolling_RealWeather
2013-05-13 08:25:00,67.46601625161189,0.0,5.4,May,2013_Rolling_RealWeather
2013-05-13 08:30:00,67.46609879829319,0.0,5.4,May,2013_Rolling_RealWeather
2013-05-13 08:35:00,67.4660259250511,0.0,5.4,May,2013_Rolling_RealWeather
2013-05-13 08:40:00,67.46601560671594,0.0,5.4,May,2013_Rolling_RealWeather
2013-05-13 08:45:00,67.46601883119568,0.0,5.4,May,2013_Rolling_RealWeather
2013-05-13 08:50:00,67.46601947609163,0.0,5.4,May,2013_Rolling_RealWeather
2013-05-13 08:55:00,67.46601883119568,0.0,5.4,May,2013_Rolling_RealWeather
2013-05-13 09:00:00,67.27406426258571,0.0,0.0,May,2013_Rolling_RealWeather
2013-05-13 09:05:00,67.25471609436431,0.0,0.0,May,2013_Rolling_RealWeather
2013-05-13 09:10:00,67.25110725664126,0.0,0.0,May,2013_Rolling_RealWeather
2013-05-13 09:15:00,67.2472965664866,0.0,0.0,May,2013_Rolling_RealWeather
2013-05-13 09:20:00,67.2461312395092,0.0,0.0,May,2013_Rolling_RealWeather
2013-05-13 09:25:00,67.24533930728548,0.0,0.0,May,2013_Rolling_RealWeather
2013-05-13 09:30:00,67.24551600877513,0.0,0.0,May,2013_Rolling_RealWeather
2013-05-13 09:35:00,67.24533156853411,0.0,0.0,May,2013_Rolling_RealWeather
2013-05-13 09:40:00,67.24529674415294,0.0,0.0,May,2013_Rolling_RealWeather
2013-05-13 09:45:00,67.2453044829043,0.0,0.0,May,2013_Rolling_RealWeather
2013-05-13 09:50:00,67.24530190332051,0.0,0.0,May,2013_Rolling_RealWeather
2013-05-13 09:55:00,67.24530061352861,0.0,0.0,May,2013_Rolling_RealWeather
2013-05-13 10:00:00,67.04002894359968,0.0,0.0,May,2013_Rolling_RealWeather
2013-05-13 10:05:00,67.01841332122633,0.0,0.0,May,2013_Rolling_RealWeather
2013-05-13 10:10:00,67.01444205198071,0.0,0.0,May,2013_Rolling_RealWeather
2013-05-13 10:15:00,67.00978590323868,0.0,0.0,May,2013_Rolling_RealWeather
2013-05-13 10:20:00,67.00796084770683,0.0,0.0,May,2013_Rolling_RealWeather
2013-05-13 10:25:00,67.00677423916315,0.0,0.0,May,2013_Rolling_RealWeather
2013-05-13 10:30:00,67.00683614917412,0.0,0.0,May,2013_Rolling_RealWeather
2013-05-13 10:35:00,67.00654981537336,0.0,0.0,May,2013_Rolling_RealWeather
2013-05-13 10:40:00,67.00647113806775,0.0,0.0,May,2013_Rolling_RealWeather
2013-05-13 10:45:00,67.00646081973258,0.0,0.0,May,2013_Rolling_RealWeather
2013-05-13 10:50:00,67.0064582401488,0.0,0.0,May,2013_Rolling_RealWeather
2013-05-13 10:55:00,67.00645437077311,0.0,0.0,May,2013_Rolling_RealWeather
2013-05-13 11:00:00,66.72380163608562,0.0,5.4,May,2013_Rolling_RealWeather
2013-05-13 11:05:00,66.69003617405856,0.0,5.4,May,2013_Rolling_RealWeather
2013-05-13 11:10:00,66.68513496485642,0.0,5.4,May,2013_Rolling_RealWeather
2013-05-13 11:15:00,66.67863828307979,0.0,5.4,May,2013_Rolling_RealWeather
2013-05-13 11:20:00,66.67555052128245,0.0,5.4,May,2013_Rolling_RealWeather
2013-05-13 11:25:00,66.67327016921155,0.0,5.4,May,2013_Rolling_RealWeather
2013-05-13 11:30:00,66.67320310003299,0.0,5.4,May,2013_Rolling_RealWeather
2013-05-13 11:35:00,66.67237763322,0.0,5.4,May,2013_Rolling_RealWeather
2013-05-13 11:40:00,66.67212096463284,0.0,5.4,May,2013_Rolling_RealWeather
2013-05-13 11:45:00,66.67207066274892,0.0,5.4,May,2013_Rolling_RealWeather
2013-05-13 11:50:00,66.67202938940827,0.0,5.4,May,2013_Rolling_RealWeather
2013-05-13 11:55:00,66.67201649148932,0.0,5.4,May,2013_Rolling_RealWeather
2013-05-13 12:00:00,66.60183375529844,0.0,0.0,May,2013_Rolling_RealWeather
2013-05-13 12:05:00,66.59419367300663,0.0,0.0,May,2013_Rolling_RealWeather
2013-05-13 12:10:00,66.59266140023502,0.0,0.0,May,2013_Rolling_RealWeather
2013-05-13 12:15:00,66.59026561178949,0.0,0.0,May,2013_Rolling_RealWeather
2013-05-13 12:20:00,66.5889448648887,0.0,0.0,May,2013_Rolling_RealWeather
2013-05-13 12:25:00,66.58817485912721,0.0,0.0,May,2013_Rolling_RealWeather
2013-05-13 12:30:00,66.58806587171206,0.0,0.0,May,2013_Rolling_RealWeather
2013-05-13 12:35:00,66.58788594574267,0.0,0.0,May,2013_Rolling_RealWeather
2013-05-13 12:40:00,66.58780339906137,0.0,0.0,May,2013_Rolling_RealWeather
2013-05-13 12:45:00,66.58777631343156,0.0,0.0,May,2013_Rolling_RealWeather
2013-05-13 12:50:00,66.58775954613692,0.0,0.0,May,2013_Rolling_RealWeather
2013-05-13 12:55:00,66.58775309717745,0.0,0.0,May,2013_Rolling_RealWeather
2013-05-13 13:00:00,66.60033566201206,0.0,0.0,May,2013_Rolling_RealWeather
2013-05-13 13:05:00,66.60169187818997,0.0,0.0,May,2013_Rolling_RealWeather
2013-05-13 13:10:00,66.6019672487596,0.0,0.0,May,2013_Rolling_RealWeather
2013-05-13 13:15:00,66.60251089604348,0.0,0.0,May,2013_Rolling_RealWeather
2013-05-13 13:20:00,66.60285398068763,0.0,0.0,May,2013_Rolling_RealWeather
2013-05-13 13:25:00,66.60304873926381,0.0,0.0,May,2013_Rolling_RealWeather
2013-05-13 13:30:00,66.6030796942693,0.0,0.0,May,2013_Rolling_RealWeather
2013-05-13 13:35:00,66.60312870636133,0.0,0.0,May,2013_Rolling_RealWeather
2013-05-13 13:40:00,66.60315643688708,0.0,0.0,May,2013_Rolling_RealWeather
2013-05-13 13:45:00,66.60316546543034,0.0,0.0,May,2013_Rolling_RealWeather
2013-05-13 13:50:00,66.60317126949387,0.0,0.0,May,2013_Rolling_RealWeather
2013-05-13 13:55:00,66.60317384907766,0.0,0.0,May,2013_Rolling_RealWeather
2013-05-13 14:00:00,66.40472388848296,0.0,7.6,May,2013_Rolling_RealWeather
2013-05-13 14:05:00,66.37955746902186,0.0,7.6,May,2013_Rolling_RealWeather
2013-05-13 14:10:00,66.37696369752041,0.0,7.6,May,2013_Rolling_RealWeather
2013-05-13 14:15:00,66.36741149874382,0.0,7.6,May,2013_Rolling_RealWeather
2013-05-13 14:20:00,66.36122823639775,0.0,7.6,May,2013_Rolling_RealWeather
2013-05-13 14:25:00,66.35684036436993,0.0,7.6,May,2013_Rolling_RealWeather
2013-05-13 14:30:00,66.35623803155484,0.0,7.6,May,2013_Rolling_RealWeather
2013-05-13 14:35:00,66.35489664798372,0.0,7.6,May,2013_Rolling_RealWeather
2013-05-13 14:40:00,66.35414727889255,0.0,7.6,May,2013_Rolling_RealWeather
2013-05-13 14:45:00,66.35387255321885,0.0,7.6,May,2013_Rolling_RealWeather
2013-05-13 14:50:00,66.35368166401835,0.0,7.6,May,2013_Rolling_RealWeather
2013-05-13 14:55:00,66.35357977045862,0.0,7.6,May,2013_Rolling_RealWeather
2013-05-13 15:00:00,67.20534286061222,0.0,0.0,May,2013_Rolling_RealWeather
2013-05-13 15:05:00,67.30953869887405,0.0,0.0,May,2013_Rolling_RealWeather
2013-05-13 15:10:00,67.31409295405636,0.0,0.0,May,2013_Rolling_RealWeather
2013-05-13 15:15:00,67.35930531915422,0.0,0.0,May,2013_Rolling_RealWeather
2013-05-13 15:20:00,67.3930385363839,0.0,0.0,May,2013_Rolling_RealWeather
2013-05-13 15:25:00,67.41336178727815,0.0,0.0,May,2013_Rolling_RealWeather
2013-05-13 15:30:00,67.41436331068485,0.0,0.0,May,2013_Rolling_RealWeather
2013-05-13 15:35:00,67.41684938456304,0.0,0.0,May,2013_Rolling_RealWeather
2013-05-13 15:40:00,67.41987394655752,0.0,0.0,May,2013_Rolling_RealWeather
2013-05-13 15:45:00,67.42108119177152,0.0,0.0,May,2013_Rolling_RealWeather
2013-05-13 15:50:00,67.42148038236311,0.0,0.0,May,2013_Rolling_RealWeather
2013-05-13 15:55:00,67.42164160635002,0.0,0.0,May,2013_Rolling_RealWeather
2013-05-13 16:00:00,66.54257684625266,0.0,7.6,May,2013_Rolling_RealWeather
2013-05-13 16:05:00,66.318564500085,0.0,7.6,May,2013_Rolling_RealWeather
2013-05-13 16:10:00,66.3408508142439,0.0,7.6,May,2013_Rolling_RealWeather
2013-05-13 16:15:00,66.36602045818474,0.0,7.6,May,2013_Rolling_RealWeather
2013-05-13 16:20:00,66.39803373792203,0.0,7.6,May,2013_Rolling_RealWeather
2013-05-13 16:25:00,66.40116535264383,0.0,7.6,May,2013_Rolling_RealWeather
2013-05-13 16:30:00,66.40797351916316,0.0,7.6,May,2013_Rolling_RealWeather
2013-05-13 16:35:00,66.4158586619151,0.0,7.6,May,2013_Rolling_RealWeather
2013-05-13 16:40:00,66.41730580842162,0.0,7.6,May,2013_Rolling_RealWeather
2013-05-13 16:45:00,66.4168834015759,0.0,7.6,May,2013_Rolling_RealWeather
2013-05-13 16:50:00,66.41602504506959,0.0,7.6,May,2013_Rolling_RealWeather
2013-05-13 16:55:00,66.41552654050204,0.0,7.6,May,2013_Rolling_RealWeather
2013-05-13 17:00:00,64.19572616849574,0.0,13.0,May,2013_Rolling_RealWeather
2013-05-13 17:05:00,63.200398277164105,0.0,13.0,May,2013_Rolling_RealWeather
2013-05-13 17:10:00,63.06760646279157,0.0,13.0,May,2013_Rolling_RealWeather
2013-05-13 17:15:00,63.39546253403364,0.0,13.0,May,2013_Rolling_RealWeather
2013-05-13 17:20:00,63.95782985747112,0.0,13.0,May,2013_Rolling_RealWeather
2013-05-13 17:25:00,64.28968299379673,0.0,13.0,May,2013_Rolling_RealWeather
2013-05-13 17:30:00,64.37433719505287,0.0,13.0,May,2013_Rolling_RealWeather
2013-05-13 17:35:00,64.31966872067463,0.0,13.0,May,2013_Rolling_RealWeather
2013-05-13 17:40:00,64.2053699424969,0.0,13.0,May,2013_Rolling_RealWeather
2013-05-13 17:45:00,64.1106063523654,0.0,13.0,May,2013_Rolling_RealWeather
2013-05-13 17:50:00,64.06623428668732,0.0,13.0,May,2013_Rolling_RealWeather
2013-05-13 17:55:00,64.06596729976499,0.0,13.0,May,2013_Rolling_RealWeather
2013-05-13 18:00:00,63.19813017811622,0.0,13.0,May,2013_Rolling_RealWeather
2013-05-13 18:05:00,62.79349603997965,0.0,13.0,May,2013_Rolling_RealWeather
2013-05-13 18:10:00,62.72898129427268,0.0,13.0,May,2013_Rolling_RealWeather
2013-05-13 18:15:00,62.852953511665156,0.0,13.0,May,2013_Rolling_RealWeather
2013-05-13 18:20:00,63.09495521013951,0.0,13.0,May,2013_Rolling_RealWeather
2013-05-13 18:25:00,63.27481668993914,0.0,13.0,May,2013_Rolling_RealWeather
2013-05-13 18:30:00,63.34320790518744,0.0,13.0,May,2013_Rolling_RealWeather
2013-05-13 18:35:00,63.32578733095357,0.0,13.0,May,2013_Rolling_RealWeather
2013-05-13 18:40:00,63.259927332299796,0.0,13.0,May,2013_Rolling_RealWeather
2013-05-13 18:45:00,63.19279946821295,0.0,13.0,May,2013_Rolling_RealWeather
2013-05-13 18:50:00,63.15315706941494,0.0,13.0,May,2013_Rolling_RealWeather
2013-05-13 18:55:00,63.14599936929197,0.0,13.0,May,2013_Rolling_RealWeather
2013-05-13 19:00:00,63.29824833930107,0.0,14.8,May,2013_Rolling_RealWeather
2013-05-13 19:05:00,63.38145990832231,0.0,14.8,May,2013_Rolling_RealWeather
2013-05-13 19:10:00,63.40946709443281,0.0,14.8,May,2013_Rolling_RealWeather
2013-05-13 19:15:00,63.40397064627099,0.0,14.8,May,2013_Rolling_RealWeather
2013-05-13 19:20:00,63.37448406885658,0.0,14.8,May,2013_Rolling_RealWeather
2013-05-13 19:25:00,63.34614605112494,0.0,14.8,May,2013_Rolling_RealWeather
2013-05-13 19:30:00,63.3296218822583,0.0,14.8,May,2013_Rolling_RealWeather
2013-05-13 19:35:00,63.32587955107408,0.0,14.8,May,2013_Rolling_RealWeather
2013-05-13 19:40:00,63.33127281588428,0.0,14.8,May,2013_Rolling_RealWeather
2013-05-13 19:45:00,63.33955134516427,0.0,14.8,May,2013_Rolling_RealWeather
2013-05-13 19:50:00,63.34608607580181,0.0,14.8,May,2013_Rolling_RealWeather
2013-05-13 19:55:00,63.349042278825834,0.0,14.8,May,2013_Rolling_RealWeather
2013-05-13 20:00:00,65.19253990009076,0.0,13.0,May,2013_Rolling_RealWeather
2013-05-13 20:05:00,65.71598533472775,0.0,13.0,May,2013_Rolling_RealWeather
2013-05-13 20:10:00,65.72891807806192,0.0,13.0,May,2013_Rolling_RealWeather
2013-05-13 20:15:00,65.70950799982955,0.0,13.0,May,2013_Rolling_RealWeather
2013-05-13 20:20:00,65.65927576467519,0.0,13.0,May,2013_Rolling_RealWeather
2013-05-13 20:25:00,65.61586652864695,0.0,13.0,May,2013_Rolling_RealWeather
2013-05-13 20:30:00,65.57744233829406,0.0,13.0,May,2013_Rolling_RealWeather
2013-05-13 20:35:00,65.56379891962557,0.0,13.0,May,2013_Rolling_RealWeather
2013-05-13 20:40:00,65.56437674639467,0.0,13.0,May,2013_Rolling_RealWeather
2013-05-13 20:45:00,65.567550924249,0.0,13.0,May,2013_Rolling_RealWeather
2013-05-13 20:50:00,65.5706244983355,0.0,13.0,May,2013_Rolling_RealWeather
2013-05-13 20:55:00,65.57256176576225,0.0,13.0,May,2013_Rolling_RealWeather
2013-05-13 21:00:00,64.82116496050935,0.0,20.5,May,2013_Rolling_RealWeather
2013-05-13 21:05:00,64.60240206735557,0.0,20.5,May,2013_Rolling_RealWeather
2013-05-13 21:10:00,64.57325535010557,0.0,20.5,May,2013_Rolling_RealWeather
2013-05-13 21:15:00,64.57755164690882,0.0,20.5,May,2013_Rolling_RealWeather
2013-05-13 21:20:00,64.59515214711209,0.0,20.5,May,2013_Rolling_RealWeather
2013-05-13 21:25:00,64.61279907982359,0.0,20.5,May,2013_Rolling_RealWeather
2013-05-13 21:30:00,64.62735309157016,0.0,20.5,May,2013_Rolling_RealWeather
2013-05-13 21:35:00,64.62489216863392,0.0,20.5,May,2013_Rolling_RealWeather
2013-05-13 21:40:00,64.62100731544527,0.0,20.5,May,2013_Rolling_RealWeather
2013-05-13 21:45:00,64.61911648052677,0.0,20.5,May,2013_Rolling_RealWeather
2013-05-13 21:50:00,64.61816719369182,0.0,20.5,May,2013_Rolling_RealWeather
2013-05-13 21:55:00,64.6178705415559,0.0,20.5,May,2013_Rolling_RealWeather
2013-05-13 22:00:00,63.64634769433988,0.0,27.7,May,2013_Rolling_RealWeather
2013-05-13 22:05:00,63.356287684797685,0.0,27.7,May,2013_Rolling_RealWeather
2013-05-13 22:10:00,63.274336887354096,0.0,27.7,May,2013_Rolling_RealWeather
2013-05-13 22:15:00,63.26423265764631,0.0,27.7,May,2013_Rolling_RealWeather
2013-05-13 22:20:00,63.248370796917904,0.0,27.7,May,2013_Rolling_RealWeather
2013-05-13 22:25:00,63.25371440474014,0.0,27.7,May,2013_Rolling_RealWeather
2013-05-13 22:30:00,63.26370513276113,0.0,27.7,May,2013_Rolling_RealWeather
2013-05-13 22:35:00,63.24986695551645,0.0,27.7,May,2013_Rolling_RealWeather
2013-05-13 22:40:00,63.2397008157977,0.0,27.7,May,2013_Rolling_RealWeather
2013-05-13 22:45:00,63.2352265277129,0.0,27.7,May,2013_Rolling_RealWeather
2013-05-13 22:50:00,63.23405539667197,0.0,27.7,May,2013_Rolling_RealWeather
2013-05-13 22:55:00,63.2330300121152,0.0,27.7,May,2013_Rolling_RealWeather
2013-05-13 23:00:00,63.70631527871998,0.0,24.1,May,2013_Rolling_RealWeather
2013-05-13 23:05:00,63.81269602445245,0.0,24.1,May,2013_Rolling_RealWeather
2013-05-13 23:10:00,63.82936142553163,0.0,24.1,May,2013_Rolling_RealWeather
2013-05-13 23:15:00,63.841191396795324,0.0,24.1,May,2013_Rolling_RealWeather
2013-05-13 23:20:00,63.87147313091318,0.0,24.1,May,2013_Rolling_RealWeather
2013-05-13 23:25:00,63.881630242088676,0.0,24.1,May,2013_Rolling_RealWeather
2013-05-13 23:30:00,63.88121750868218,0.0,24.1,May,2013_Rolling_RealWeather
2013-05-13 23:35:00,63.88768581503711,0.0,24.1,May,2013_Rolling_RealWeather
2013-05-13 23:40:00,63.8922439395951,0.0,24.1,May,2013_Rolling_RealWeather
2013-05-13 23:45:00,63.893702694228686,0.0,24.1,May,2013_Rolling_RealWeather
2013-05-13 23:50:00,63.89399676678081,0.0,24.1,May,2013_Rolling_RealWeather
2013-05-13 23:55:00,63.8948235233857,0.0,24.1,May,2013_Rolling_RealWeather
2013-05-14 00:00:00,63.79398243384354,0.0,18.4,May,2013_Rolling_RealWeather
2013-05-14 00:05:00,63.776487696575686,0.0,18.4,May,2013_Rolling_RealWeather
2013-05-14 00:10:00,63.77503023173399,0.0,18.4,May,2013_Rolling_RealWeather
2013-05-14 00:15:00,63.77192054347443,0.0,18.4,May,2013_Rolling_RealWeather
2013-05-14 00:20:00,63.76612937786453,0.0,18.4,May,2013_Rolling_RealWeather
2013-05-14 00:25:00,63.76417792272694,0.0,18.4,May,2013_Rolling_RealWeather
2013-05-14 00:30:00,63.764162445224194,0.0,18.4,May,2013_Rolling_RealWeather
2013-05-14 00:35:00,63.763250562354216,0.0,18.4,May,2013_Rolling_RealWeather
2013-05-14 00:40:00,63.7626520989148,0.0,18.4,May,2013_Rolling_RealWeather
2013-05-14 00:45:00,63.76247152804946,0.0,18.4,May,2013_Rolling_RealWeather
2013-05-14 00:50:00,63.76242251595743,0.0,18.4,May,2013_Rolling_RealWeather
2013-05-14 00:55:00,63.76232578156529,0.0,18.4,May,2013_Rolling_RealWeather
2013-05-14 01:00:00,62.70255668281771,0.0,25.9,May,2013_Rolling_RealWeather
2013-05-14 01:05:00,62.47037479478522,0.0,25.9,May,2013_Rolling_RealWeather
2013-05-14 01:10:00,62.4257841093809,0.0,25.9,May,2013_Rolling_RealWeather
2013-05-14 01:15:00,62.40611091360188,0.0,25.9,May,2013_Rolling_RealWeather
2013-05-14 01:20:00,62.329021341811675,0.0,25.9,May,2013_Rolling_RealWeather
2013-05-14 01:25:00,62.296980331548625,0.0,25.9,May,2013_Rolling_RealWeather
2013-05-14 01:30:00,62.290045120527594,0.0,25.9,May,2013_Rolling_RealWeather
2013-05-14 01:35:00,62.27644297519976,0.0,25.9,May,2013_Rolling_RealWeather
2013-05-14 01:40:00,62.26580477164732,0.0,25.9,May,2013_Rolling_RealWeather
2013-05-14 01:45:00,62.261044149761766,0.0,25.9,May,2013_Rolling_RealWeather
2013-05-14 01:50:00,62.259502848446886,0.0,25.9,May,2013_Rolling_RealWeather
2013-05-14 01:55:00,62.2574959322578,0.0,25.9,May,2013_Rolling_RealWeather
2013-05-14 02:00:00,63.182498545241124,0.0,24.1,May,2013_Rolling_RealWeather
2013-05-14 02:05:00,63.37014004975321,0.0,24.1,May,2013_Rolling_RealWeather
2013-05-14 02:10:00,63.39348528305815,0.0,24.1,May,2013_Rolling_RealWeather
2013-05-14 02:15:00,63.41026934499169,0.0,24.1,May,2013_Rolling_RealWeather
2013-05-14 02:20:00,63.46340619149427,0.0,24.1,May,2013_Rolling_RealWeather
2013-05-14 02:25:00,63.48320449708713,0.0,24.1,May,2013_Rolling_RealWeather
2013-05-14 02:30:00,63.48575828503983,0.0,24.1,May,2013_Rolling_RealWeather
2013-05-14 02:35:00,63.49355636683882,0.0,24.1,May,2013_Rolling_RealWeather
2013-05-14 02:40:00,63.49906377823174,0.0,24.1,May,2013_Rolling_RealWeather
2013-05-14 02:45:00,63.50103458024776,0.0,24.1,May,2013_Rolling_RealWeather
2013-05-14 02:50:00,63.50150406449765,0.0,24.1,May,2013_Rolling_RealWeather
2013-05-14 02:55:00,63.50233340068633,0.0,24.1,May,2013_Rolling_RealWeather
2013-05-14 03:00:00,64.71499058148012,0.0,20.5,May,2013_Rolling_RealWeather
2013-05-14 03:05:00,64.92136244389576,0.0,20.5,May,2013_Rolling_RealWeather
2013-05-14 03:10:00,64.9341120367808,0.0,20.5,May,2013_Rolling_RealWeather
2013-05-14 03:15:00,64.95514080384177,0.0,20.5,May,2013_Rolling_RealWeather
2013-05-14 03:20:00,64.99836302004519,0.0,20.5,May,2013_Rolling_RealWeather
2013-05-14 03:25:00,65.01109971501128,0.0,20.5,May,2013_Rolling_RealWeather
2013-05-14 03:30:00,65.01069214077236,0.0,20.5,May,2013_Rolling_RealWeather
2013-05-14 03:35:00,65.016006083381,0.0,20.5,May,2013_Rolling_RealWeather
2013-05-14 03:40:00,65.01866047510153,0.0,20.5,May,2013_Rolling_RealWeather
2013-05-14 03:45:00,65.01906160038097,0.0,20.5,May,2013_Rolling_RealWeather
2013-05-14 03:50:00,65.0189958209943,0.0,20.5,May,2013_Rolling_RealWeather
2013-05-14 03:55:00,65.01923572228684,0.0,20.5,May,2013_Rolling_RealWeather
2013-05-14 04:00:00,66.17886842969692,0.0,13.0,May,2013_Rolling_RealWeather
2013-05-14 04:05:00,66.32855909748169,0.0,13.0,May,2013_Rolling_RealWeather
2013-05-14 04:10:00,66.33671058225998,0.0,13.0,May,2013_Rolling_RealWeather
2013-05-14 04:15:00,66.35589881628637,0.0,13.0,May,2013_Rolling_RealWeather
2013-05-14 04:20:00,66.3724391075517,0.0,13.0,May,2013_Rolling_RealWeather
2013-05-14 04:25:00,66.37461498647907,0.0,13.0,May,2013_Rolling_RealWeather
2013-05-14 04:30:00,66.37226369585395,0.0,13.0,May,2013_Rolling_RealWeather
2013-05-14 04:35:00,66.37339097397043,0.0,13.0,May,2013_Rolling_RealWeather
2013-05-14 04:40:00,66.37333164354325,0.0,13.0,May,2013_Rolling_RealWeather
2013-05-14 04:45:00,66.37292277951244,0.0,13.0,May,2013_Rolling_RealWeather
2013-05-14 04:50:00,66.37269061697128,0.0,13.0,May,2013_Rolling_RealWeather
2013-05-14 04:55:00,66.37260678049809,0.0,13.0,May,2013_Rolling_RealWeather
2013-05-14 05:00:00,66.78699498999586,0.0,13.0,May,2013_Rolling_RealWeather
2013-05-14 05:05:00,66.84167958677281,0.0,13.0,May,2013_Rolling_RealWeather
2013-05-14 05:10:00,66.8440166896871,0.0,13.0,May,2013_Rolling_RealWeather
2013-05-14 05:15:00,66.8483245946174,0.0,13.0,May,2013_Rolling_RealWeather
2013-05-14 05:20:00,66.85177736752111,0.0,13.0,May,2013_Rolling_RealWeather
2013-05-14 05:25:00,66.8518354081564,0.0,13.0,May,2013_Rolling_RealWeather
2013-05-14 05:30:00,66.85089128048904,0.0,13.0,May,2013_Rolling_RealWeather
2013-05-14 05:35:00,66.85130272410365,0.0,13.0,May,2013_Rolling_RealWeather
2013-05-14 05:40:00,66.85124597326025,0.0,13.0,May,2013_Rolling_RealWeather
2013-05-14 05:45:00,66.8510937778166,0.0,13.0,May,2013_Rolling_RealWeather
2013-05-14 05:50:00,66.85101639030289,0.0,13.0,May,2013_Rolling_RealWeather
2013-05-14 05:55:00,66.8509880148812,0.0,13.0,May,2013_Rolling_RealWeather
2013-05-14 06:00:00,67.12720210842734,0.0,13.0,May,2013_Rolling_RealWeather
2013-05-14 06:05:00,67.16481888905378,0.0,13.0,May,2013_Rolling_RealWeather
2013-05-14 06:10:00,67.1661847786709,0.0,13.0,May,2013_Rolling_RealWeather
2013-05-14 06:15:00,67.1677467166561,0.0,13.0,May,2013_Rolling_RealWeather
2013-05-14 06:20:00,67.168955251662,0.0,13.0,May,2013_Rolling_RealWeather
2013-05-14 06:25:00,67.16869858307484,0.0,13.0,May,2013_Rolling_RealWeather
2013-05-14 06:30:00,67.16811688693005,0.0,13.0,May,2013_Rolling_RealWeather
2013-05-14 06:35:00,67.16855283659066,0.0,13.0,May,2013_Rolling_RealWeather
2013-05-14 06:40:00,67.16856057534204,0.0,13.0,May,2013_Rolling_RealWeather
2013-05-14 06:45:00,67.16847415928505,0.0,13.0,May,2013_Rolling_RealWeather
2013-05-14 06:50:00,67.16843030636062,0.0,13.0,May,2013_Rolling_RealWeather
2013-05-14 06:55:00,67.16841740844166,0.0,13.0,May,2013_Rolling_RealWeather
2013-05-14 07:00:00,67.23343194850807,0.0,16.6,May,2013_Rolling_RealWeather
2013-05-14 07:05:00,67.24325500358268,0.0,16.6,May,2013_Rolling_RealWeather
2013-05-14 07:10:00,67.24358261072408,0.0,16.6,May,2013_Rolling_RealWeather
2013-05-14 07:15:00,67.24351038237793,0.0,16.6,May,2013_Rolling_RealWeather
2013-05-14 07:20:00,67.24368063490812,0.0,16.6,May,2013_Rolling_RealWeather
2013-05-14 07:25:00,67.2436058269782,0.0,16.6,May,2013_Rolling_RealWeather
2013-05-14 07:30:00,67.24350393341847,0.0,16.6,May,2013_Rolling_RealWeather
2013-05-14 07:35:00,67.24371674908119,0.0,16.6,May,2013_Rolling_RealWeather
2013-05-14 07:40:00,67.24375802242184,0.0,16.6,May,2013_Rolling_RealWeather
2013-05-14 07:45:00,67.2437425449191,0.0,16.6,May,2013_Rolling_RealWeather
2013-05-14 07:50:00,67.24373093679203,0.0,16.6,May,2013_Rolling_RealWeather
2013-05-14 07:55:00,67.24373222658393,0.0,16.6,May,2013_Rolling_RealWeather
2013-05-14 08:00:00,67.15813131807664,0.0,7.6,May,2013_Rolling_RealWeather
2013-05-14 08:05:00,67.14738864138069,0.0,7.6,May,2013_Rolling_RealWeather
2013-05-14 08:10:00,67.14661863561919,0.0,7.6,May,2013_Rolling_RealWeather
2013-05-14 08:15:00,67.1460678944799,0.0,7.6,May,2013_Rolling_RealWeather
2013-05-14 08:20:00,67.14599050696617,0.0,7.6,May,2013_Rolling_RealWeather
2013-05-14 08:25:00,67.1460936903178,0.0,7.6,May,2013_Rolling_RealWeather
2013-05-14 08:30:00,67.1462291184668,0.0,7.6,May,2013_Rolling_RealWeather
2013-05-14 08:35:00,67.14608724135833,0.0,7.6,May,2013_Rolling_RealWeather
2013-05-14 08:40:00,67.14608466177454,0.0,7.6,May,2013_Rolling_RealWeather
2013-05-14 08:45:00,67.14610142906918,0.0,7.6,May,2013_Rolling_RealWeather
2013-05-14 08:50:00,67.14610658823676,0.0,7.6,May,2013_Rolling_RealWeather
2013-05-14 08:55:00,67.14611045761244,0.0,7.6,May,2013_Rolling_RealWeather
2013-05-14 09:00:00,66.880568102208,0.0,7.6,May,2013_Rolling_RealWeather
2013-05-14 09:05:00,66.84658466535063,0.0,7.6,May,2013_Rolling_RealWeather
2013-05-14 09:10:00,66.84392898383821,0.0,7.6,May,2013_Rolling_RealWeather
2013-05-14 09:15:00,66.84194528390324,0.0,7.6,May,2013_Rolling_RealWeather
2013-05-14 09:20:00,66.84153255049674,0.0,7.6,May,2013_Rolling_RealWeather
2013-05-14 09:25:00,66.84166152968628,0.0,7.6,May,2013_Rolling_RealWeather
2013-05-14 09:30:00,66.8419839776601,0.0,7.6,May,2013_Rolling_RealWeather
2013-05-14 09:35:00,66.84149643632368,0.0,7.6,May,2013_Rolling_RealWeather
2013-05-14 09:40:00,66.84145000381544,0.0,7.6,May,2013_Rolling_RealWeather
2013-05-14 09:45:00,66.84148611798851,0.0,7.6,May,2013_Rolling_RealWeather
2013-05-14 09:50:00,66.84150417507504,0.0,7.6,May,2013_Rolling_RealWeather
2013-05-14 09:55:00,66.84151449341022,0.0,7.6,May,2013_Rolling_RealWeather
2013-05-14 10:00:00,66.45842695362758,0.0,11.2,May,2013_Rolling_RealWeather
2013-05-14 10:05:00,66.40580860346691,0.0,11.2,May,2013_Rolling_RealWeather
2013-05-14 10:10:00,66.40223587991693,0.0,11.2,May,2013_Rolling_RealWeather
2013-05-14 10:15:00,66.40000067056238,0.0,11.2,May,2013_Rolling_RealWeather
2013-05-14 10:20:00,66.39930289314701,0.0,11.2,May,2013_Rolling_RealWeather
2013-05-14 10:25:00,66.39919584041971,0.0,11.2,May,2013_Rolling_RealWeather
2013-05-14 10:30:00,66.39957245965313,0.0,11.2,May,2013_Rolling_RealWeather
2013-05-14 10:35:00,66.39854578530448,0.0,11.2,May,2013_Rolling_RealWeather
2013-05-14 10:40:00,66.39834844714449,0.0,11.2,May,2013_Rolling_RealWeather
2013-05-14 10:45:00,66.39838327152566,0.0,11.2,May,2013_Rolling_RealWeather
2013-05-14 10:50:00,66.39840648777978,0.0,11.2,May,2013_Rolling_RealWeather
2013-05-14 10:55:00,66.39841422653116,0.0,11.2,May,2013_Rolling_RealWeather
2013-05-14 11:00:00,65.88924308002343,0.0,13.0,May,2013_Rolling_RealWeather
2013-05-14 11:05:00,65.81742617750122,0.0,13.0,May,2013_Rolling_RealWeather
2013-05-14 11:10:00,65.81206838196815,0.0,13.0,May,2013_Rolling_RealWeather
2013-05-14 11:15:00,65.80794749686265,0.0,13.0,May,2013_Rolling_RealWeather
2013-05-14 11:20:00,65.80584642586521,0.0,13.0,May,2013_Rolling_RealWeather
2013-05-14 11:25:00,65.80488682069512,0.0,13.0,May,2013_Rolling_RealWeather
2013-05-14 11:30:00,65.80525957055285,0.0,13.0,May,2013_Rolling_RealWeather
2013-05-14 11:35:00,65.80373503653261,0.0,13.0,May,2013_Rolling_RealWeather
2013-05-14 11:40:00,65.80337389480192,0.0,13.0,May,2013_Rolling_RealWeather
2013-05-14 11:45:00,65.8033842131371,0.0,13.0,May,2013_Rolling_RealWeather
2013-05-14 11:50:00,65.80338937230466,0.0,13.0,May,2013_Rolling_RealWeather
2013-05-14 11:55:00,65.80339066209656,0.0,13.0,May,2013_Rolling_RealWeather
2013-05-14 12:00:00,65.06412305982708,0.0,20.5,May,2013_Rolling_RealWeather
2013-05-14 12:05:00,64.94708863303941,0.0,20.5,May,2013_Rolling_RealWeather
2013-05-14 12:10:00,64.93592806376938,0.0,20.5,May,2013_Rolling_RealWeather
2013-05-14 12:15:00,64.93603124712101,0.0,20.5,May,2013_Rolling_RealWeather
2013-05-14 12:20:00,64.93171431364743,0.0,20.5,May,2013_Rolling_RealWeather
2013-05-14 12:25:00,64.92941332490622,0.0,20.5,May,2013_Rolling_RealWeather
2013-05-14 12:30:00,64.9300530616863,0.0,20.5,May,2013_Rolling_RealWeather
2013-05-14 12:35:00,64.92680794527772,0.0,20.5,May,2013_Rolling_RealWeather
2013-05-14 12:40:00,64.92579416884801,0.0,20.5,May,2013_Rolling_RealWeather
2013-05-14 12:45:00,64.92564326319626,0.0,20.5,May,2013_Rolling_RealWeather
2013-05-14 12:50:00,64.92566647945037,0.0,20.5,May,2013_Rolling_RealWeather
2013-05-14 12:55:00,64.92564971215573,0.0,20.5,May,2013_Rolling_RealWeather
2013-05-14 13:00:00,64.79880899758811,0.0,13.0,May,2013_Rolling_RealWeather
2013-05-14 13:05:00,64.78043075287198,0.0,13.0,May,2013_Rolling_RealWeather
2013-05-14 13:10:00,64.77816716809572,0.0,13.0,May,2013_Rolling_RealWeather
2013-05-14 13:15:00,64.77492076189526,0.0,13.0,May,2013_Rolling_RealWeather
2013-05-14 13:20:00,64.77259913648372,0.0,13.0,May,2013_Rolling_RealWeather
2013-05-14 13:25:00,64.7712861283343,0.0,13.0,May,2013_Rolling_RealWeather
2013-05-14 13:30:00,64.7711752062313,0.0,13.0,May,2013_Rolling_RealWeather
2013-05-14 13:35:00,64.77059479987841,0.0,13.0,May,2013_Rolling_RealWeather
2013-05-14 13:40:00,64.77037166588053,0.0,13.0,May,2013_Rolling_RealWeather
2013-05-14 13:45:00,64.77031104566144,0.0,13.0,May,2013_Rolling_RealWeather
2013-05-14 13:50:00,64.77027364169649,0.0,13.0,May,2013_Rolling_RealWeather
2013-05-14 13:55:00,64.77025042544237,0.0,13.0,May,2013_Rolling_RealWeather
2013-05-14 14:00:00,64.91221523977428,0.0,11.2,May,2013_Rolling_RealWeather
2013-05-14 14:05:00,64.93218766727301,0.0,11.2,May,2013_Rolling_RealWeather
2013-05-14 14:10:00,64.9348252916989,0.0,11.2,May,2013_Rolling_RealWeather
2013-05-14 14:15:00,64.940724799828,0.0,11.2,May,2013_Rolling_RealWeather
2013-05-14 14:20:00,64.94528679376168,0.0,11.2,May,2013_Rolling_RealWeather
2013-05-14 14:25:00,64.94831135575616,0.0,11.2,May,2013_Rolling_RealWeather
2013-05-14 14:30:00,64.9487950277169,0.0,11.2,May,2013_Rolling_RealWeather
2013-05-14 14:35:00,64.94999453417952,0.0,11.2,May,2013_Rolling_RealWeather
2013-05-14 14:40:00,64.95058396907568,0.0,11.2,May,2013_Rolling_RealWeather
2013-05-14 14:45:00,64.95080452348978,0.0,11.2,May,2013_Rolling_RealWeather
2013-05-14 14:50:00,64.95095026997394,0.0,11.2,May,2013_Rolling_RealWeather
2013-05-14 14:55:00,64.95104184519852,0.0,11.2,May,2013_Rolling_RealWeather
2013-05-14 15:00:00,65.76301630639797,0.0,7.6,May,2013_Rolling_RealWeather
2013-05-14 15:05:00,65.87916206656978,0.0,7.6,May,2013_Rolling_RealWeather
2013-05-14 15:10:00,65.88312430727214,0.0,7.6,May,2013_Rolling_RealWeather
2013-05-14 15:15:00,65.92192769644224,0.0,7.6,May,2013_Rolling_RealWeather
2013-05-14 15:20:00,65.95214236138155,0.0,7.6,May,2013_Rolling_RealWeather
2013-05-14 15:25:00,65.9797619650275,0.0,7.6,May,2013_Rolling_RealWeather
2013-05-14 15:30:00,65.98430719166655,0.0,7.6,May,2013_Rolling_RealWeather
2013-05-14 15:35:00,65.99278628358626,0.0,7.6,May,2013_Rolling_RealWeather
2013-05-14 15:40:00,65.99802412847308,0.0,7.6,May,2013_Rolling_RealWeather
2013-05-14 15:45:00,66.0001548646841,0.0,7.6,May,2013_Rolling_RealWeather
2013-05-14 15:50:00,66.00179547997493,0.0,7.6,May,2013_Rolling_RealWeather
2013-05-14 15:55:00,66.00267253846373,0.0,7.6,May,2013_Rolling_RealWeather
2013-05-14 16:00:00,65.26286193380632,0.0,16.6,May,2013_Rolling_RealWeather
2013-05-14 16:05:00,65.05351323169633,0.0,16.6,May,2013_Rolling_RealWeather
2013-05-14 16:10:00,65.06350653930112,0.0,16.6,May,2013_Rolling_RealWeather
2013-05-14 16:15:00,65.10220158595203,0.0,16.6,May,2013_Rolling_RealWeather
2013-05-14 16:20:00,65.16134241372724,0.0,16.6,May,2013_Rolling_RealWeather
2013-05-14 16:25:00,65.16216788054022,0.0,16.6,May,2013_Rolling_RealWeather
2013-05-14 16:30:00,65.14961949519085,0.0,16.6,May,2013_Rolling_RealWeather
2013-05-14 16:35:00,65.13263293592975,0.0,16.6,May,2013_Rolling_RealWeather
2013-05-14 16:40:00,65.12373982081165,0.0,16.6,May,2013_Rolling_RealWeather
2013-05-14 16:45:00,65.1247406993224,0.0,16.6,May,2013_Rolling_RealWeather
2013-05-14 16:50:00,65.12724934455876,0.0,16.6,May,2013_Rolling_RealWeather
2013-05-14 16:55:00,65.12938266035358,0.0,16.6,May,2013_Rolling_RealWeather
2013-05-14 17:00:00,63.92153833801711,0.0,11.2,May,2013_Rolling_RealWeather
2013-05-14 17:05:00,63.37269964176944,0.0,11.2,May,2013_Rolling_RealWeather
2013-05-14 17:10:00,63.33714588327953,0.0,11.2,May,2013_Rolling_RealWeather
2013-05-14 17:15:00,63.56384744554889,0.0,11.2,May,2013_Rolling_RealWeather
2013-05-14 17:20:00,63.93395258500937,0.0,11.2,May,2013_Rolling_RealWeather
2013-05-14 17:25:00,64.14493093917908,0.0,11.2,May,2013_Rolling_RealWeather
2013-05-14 17:30:00,64.16661105114717,0.0,11.2,May,2013_Rolling_RealWeather
2013-05-14 17:35:00,64.08691029566494,0.0,11.2,May,2013_Rolling_RealWeather
2013-05-14 17:40:00,63.97711934016129,0.0,11.2,May,2013_Rolling_RealWeather
2013-05-14 17:45:00,63.904071976170954,0.0,11.2,May,2013_Rolling_RealWeather
2013-05-14 17:50:00,63.88892014588091,0.0,11.2,May,2013_Rolling_RealWeather
2013-05-14 17:55:00,63.91335847781711,0.0,11.2,May,2013_Rolling_RealWeather
2013-05-14 18:00:00,60.51889577589276,0.0,22.3,May,2013_Rolling_RealWeather
2013-05-14 18:05:00,58.28789936533929,0.0,22.3,May,2013_Rolling_RealWeather
2013-05-14 18:10:00,57.19581386560601,0.0,22.3,May,2013_Rolling_RealWeather
2013-05-14 18:15:00,57.55943973548046,0.0,22.3,May,2013_Rolling_RealWeather
2013-05-14 18:20:00,59.59537334018027,0.0,22.3,May,2013_Rolling_RealWeather
2013-05-14 18:25:00,61.69492609133975,0.0,22.3,May,2013_Rolling_RealWeather
2013-05-14 18:30:00,62.73625507566622,0.0,22.3,May,2013_Rolling_RealWeather
2013-05-14 18:35:00,62.62225101493657,0.0,22.3,May,2013_Rolling_RealWeather
2013-05-14 18:40:00,61.68280075773204,0.0,22.3,May,2013_Rolling_RealWeather
2013-05-14 18:45:00,60.370291112883834,0.0,22.3,May,2013_Rolling_RealWeather
2013-05-14 18:50:00,59.29820851198281,0.0,22.3,May,2013_Rolling_RealWeather
2013-05-14 18:55:00,58.96395829741978,0.0,22.3,May,2013_Rolling_RealWeather
2013-05-14 19:00:00,61.641569980214975,0.0,13.0,May,2013_Rolling_RealWeather
2013-05-14 19:05:00,63.35090215873886,0.0,13.0,May,2013_Rolling_RealWeather
2013-05-14 19:10:00,63.89633322479915,0.0,13.0,May,2013_Rolling_RealWeather
2013-05-14 19:15:00,63.77832049085891,0.0,13.0,May,2013_Rolling_RealWeather
2013-05-14 19:20:00,63.1603321817285,0.0,13.0,May,2013_Rolling_RealWeather
2013-05-14 19:25:00,62.48246078974013,0.0,13.0,May,2013_Rolling_RealWeather
2013-05-14 19:30:00,62.07081530255471,0.0,13.0,May,2013_Rolling_RealWeather
2013-05-14 19:35:00,62.00004119677985,0.0,13.0,May,2013_Rolling_RealWeather
2013-05-14 19:40:00,62.21114853013908,0.0,13.0,May,2013_Rolling_RealWeather
2013-05-14 19:45:00,62.51303982088986,0.0,13.0,May,2013_Rolling_RealWeather
2013-05-14 19:50:00,62.72992993621167,0.0,13.0,May,2013_Rolling_RealWeather
2013-05-14 19:55:00,62.79763756175546,0.0,13.0,May,2013_Rolling_RealWeather
2013-05-14 20:00:00,63.10457834747035,0.0,16.6,May,2013_Rolling_RealWeather
2013-05-14 20:05:00,63.16814961040591,0.0,16.6,May,2013_Rolling_RealWeather
2013-05-14 20:10:00,63.124336669514456,0.0,16.6,May,2013_Rolling_RealWeather
2013-05-14 20:15:00,63.06389444171689,0.0,16.6,May,2013_Rolling_RealWeather
2013-05-14 20:20:00,62.99721607010555,0.0,16.6,May,2013_Rolling_RealWeather
2013-05-14 20:25:00,62.962852144639065,0.0,16.6,May,2013_Rolling_RealWeather
2013-05-14 20:30:00,62.96205118387208,0.0,16.6,May,2013_Rolling_RealWeather
2013-05-14 20:35:00,62.97940275423956,0.0,16.6,May,2013_Rolling_RealWeather
2013-05-14 20:40:00,62.99976018461903,0.0,16.6,May,2013_Rolling_RealWeather
2013-05-14 20:45:00,63.01282384183058,0.0,16.6,May,2013_Rolling_RealWeather
2013-05-14 20:50:00,63.016132802937975,0.0,16.6,May,2013_Rolling_RealWeather
2013-05-14 20:55:00,63.012552985532565,0.0,16.6,May,2013_Rolling_RealWeather
2013-05-14 21:00:00,62.84592221114792,0.0,22.3,May,2013_Rolling_RealWeather
2013-05-14 21:05:00,62.782525070118226,0.0,22.3,May,2013_Rolling_RealWeather
2013-05-14 21:10:00,62.767137852807295,0.0,22.3,May,2013_Rolling_RealWeather
2013-05-14 21:15:00,62.772263485799215,0.0,22.3,May,2013_Rolling_RealWeather
2013-05-14 21:20:00,62.78973113743727,0.0,22.3,May,2013_Rolling_RealWeather
2013-05-14 21:25:00,62.80430191647848,0.0,22.3,May,2013_Rolling_RealWeather
2013-05-14 21:30:00,62.81118166644801,0.0,22.3,May,2013_Rolling_RealWeather
2013-05-14 21:35:00,62.809842862460684,0.0,22.3,May,2013_Rolling_RealWeather
2013-05-14 21:40:00,62.806155347432025,0.0,22.3,May,2013_Rolling_RealWeather
2013-05-14 21:45:00,62.802972141034424,0.0,22.3,May,2013_Rolling_RealWeather
2013-05-14 21:50:00,62.80130701969759,0.0,22.3,May,2013_Rolling_RealWeather
2013-05-14 21:55:00,62.80119093842701,0.0,22.3,May,2013_Rolling_RealWeather
2013-05-14 22:00:00,62.45582594220623,0.0,25.9,May,2013_Rolling_RealWeather
2013-05-14 22:05:00,62.34586860354809,0.0,25.9,May,2013_Rolling_RealWeather
2013-05-14 22:10:00,62.313973339769205,0.0,25.9,May,2013_Rolling_RealWeather
2013-05-14 22:15:00,62.31113192822386,0.0,25.9,May,2013_Rolling_RealWeather
2013-05-14 22:20:00,62.31079529253918,0.0,25.9,May,2013_Rolling_RealWeather
2013-05-14 22:25:00,62.31503354870714,0.0,25.9,May,2013_Rolling_RealWeather
2013-05-14 22:30:00,62.31797298443653,0.0,25.9,May,2013_Rolling_RealWeather
2013-05-14 22:35:00,62.31256230743575,0.0,25.9,May,2013_Rolling_RealWeather
2013-05-14 22:40:00,62.308587168814434,0.0,25.9,May,2013_Rolling_RealWeather
2013-05-14 22:45:00,62.30670536243919,0.0,25.9,May,2013_Rolling_RealWeather
2013-05-14 22:50:00,62.306130115253886,0.0,25.9,May,2013_Rolling_RealWeather
2013-05-14 22:55:00,62.30594051584528,0.0,25.9,May,2013_Rolling_RealWeather
2013-05-14 23:00:00,61.78985606462575,0.0,27.7,May,2013_Rolling_RealWeather
2013-05-14 23:05:00,61.640838668210336,0.0,27.7,May,2013_Rolling_RealWeather
2013-05-14 23:10:00,61.592449545674356,0.0,27.7,May,2013_Rolling_RealWeather
2013-05-14 23:15:00,61.58102456906578,0.0,27.7,May,2013_Rolling_RealWeather
2013-05-14 23:20:00,61.54906094631645,0.0,27.7,May,2013_Rolling_RealWeather
2013-05-14 23:25:00,61.53547814786704,0.0,27.7,May,2013_Rolling_RealWeather
2013-05-14 23:30:00,61.530562750954054,0.0,27.7,May,2013_Rolling_RealWeather
2013-05-14 23:35:00,61.51986908635012,0.0,27.7,May,2013_Rolling_RealWeather
2013-05-14 23:40:00,61.51234315064104,0.0,27.7,May,2013_Rolling_RealWeather
2013-05-14 23:45:00,61.508653056028585,0.0,27.7,May,2013_Rolling_RealWeather
2013-05-14 23:50:00,61.507239444111335,0.0,27.7,May,2013_Rolling_RealWeather
2013-05-14 23:55:00,61.50570846113162,0.0,27.7,May,2013_Rolling_RealWeather
2013-05-15 00:00:00,61.39911103036073,0.0,27.7,May,2013_Rolling_RealWeather
2013-05-15 00:05:00,61.369453555520195,0.0,27.7,May,2013_Rolling_RealWeather
2013-05-15 00:10:00,61.361027345068194,0.0,27.7,May,2013_Rolling_RealWeather
2013-05-15 00:15:00,61.35877020925142,0.0,27.7,May,2013_Rolling_RealWeather
2013-05-15 00:20:00,61.35172794550308,0.0,27.7,May,2013_Rolling_RealWeather
2013-05-15 00:25:00,61.34867113871122,0.0,27.7,May,2013_Rolling_RealWeather
2013-05-15 00:30:00,61.34741488140519,0.0,27.7,May,2013_Rolling_RealWeather
2013-05-15 00:35:00,61.34551501794342,0.0,27.7,May,2013_Rolling_RealWeather
2013-05-15 00:40:00,61.3441749241642,0.0,27.7,May,2013_Rolling_RealWeather
2013-05-15 00:45:00,61.34355066488688,0.0,27.7,May,2013_Rolling_RealWeather
2013-05-15 00:50:00,61.34329528609161,0.0,27.7,May,2013_Rolling_RealWeather
2013-05-15 00:55:00,61.3430231400017,0.0,27.7,May,2013_Rolling_RealWeather
2013-05-15 01:00:00,62.67374531146049,0.0,22.3,May,2013_Rolling_RealWeather
2013-05-15 01:05:00,62.9565850458198,0.0,22.3,May,2013_Rolling_RealWeather
2013-05-15 01:10:00,62.98713247706809,0.0,22.3,May,2013_Rolling_RealWeather
2013-05-15 01:15:00,63.01430710251017,0.0,22.3,May,2013_Rolling_RealWeather
2013-05-15 01:20:00,63.082838905075064,0.0,22.3,May,2013_Rolling_RealWeather
2013-05-15 01:25:00,63.10776800282743,0.0,22.3,May,2013_Rolling_RealWeather
2013-05-15 01:30:00,63.112505408458865,0.0,22.3,May,2013_Rolling_RealWeather
2013-05-15 01:35:00,63.12483710876983,0.0,22.3,May,2013_Rolling_RealWeather
2013-05-15 01:40:00,63.13253329700909,0.0,22.3,May,2013_Rolling_RealWeather
2013-05-15 01:45:00,63.13505097078871,0.0,22.3,May,2013_Rolling_RealWeather
2013-05-15 01:50:00,63.13593834761268,0.0,22.3,May,2013_Rolling_RealWeather
2013-05-15 01:55:00,63.13720363346197,0.0,22.3,May,2013_Rolling_RealWeather
2013-05-15 02:00:00,60.5825115366487,0.0,46.4,May,2013_Rolling_RealWeather
2013-05-15 02:05:00,59.78252601356403,0.0,46.4,May,2013_Rolling_RealWeather
2013-05-15 02:10:00,59.377531358439725,0.0,46.4,May,2013_Rolling_RealWeather
2013-05-15 02:15:00,59.386243902692485,0.0,46.4,May,2013_Rolling_RealWeather
2013-05-15 02:20:00,59.135294252791475,0.0,46.4,May,2013_Rolling_RealWeather
2013-05-15 02:25:00,59.0288051645398,0.0,46.4,May,2013_Rolling_RealWeather
2013-05-15 02:30:00,58.936410922119954,0.0,46.4,May,2013_Rolling_RealWeather
2013-05-15 02:35:00,58.87836641745576,0.0,46.4,May,2013_Rolling_RealWeather
2013-05-15 02:40:00,58.81651831649231,0.0,46.4,May,2013_Rolling_RealWeather
2013-05-15 02:45:00,58.78306369431201,0.0,46.4,May,2013_Rolling_RealWeather
2013-05-15 02:50:00,58.76265918652836,0.0,46.4,May,2013_Rolling_RealWeather
2013-05-15 02:55:00,58.74862109153992,0.0,46.4,May,2013_Rolling_RealWeather
2013-05-15 03:00:00,63.43078606467023,0.0,24.1,May,2013_Rolling_RealWeather
2013-05-15 03:05:00,64.45296161919849,0.0,24.1,May,2013_Rolling_RealWeather
2013-05-15 03:10:00,64.50317450747443,0.0,24.1,May,2013_Rolling_RealWeather
2013-05-15 03:15:00,64.55573868637549,0.0,24.1,May,2013_Rolling_RealWeather
2013-05-15 03:20:00,64.69426749509833,0.0,24.1,May,2013_Rolling_RealWeather
2013-05-15 03:25:00,64.73627859671205,0.0,24.1,May,2013_Rolling_RealWeather
2013-05-15 03:30:00,64.74237544300114,0.0,24.1,May,2013_Rolling_RealWeather
2013-05-15 03:35:00,64.76571164776281,0.0,24.1,May,2013_Rolling_RealWeather
2013-05-15 03:40:00,64.77706439602524,0.0,24.1,May,2013_Rolling_RealWeather
2013-05-15 03:45:00,64.77877079070272,0.0,24.1,May,2013_Rolling_RealWeather
2013-05-15 03:50:00,64.77893588406532,0.0,24.1,May,2013_Rolling_RealWeather
2013-05-15 03:55:00,64.78001801946549,0.0,24.1,May,2013_Rolling_RealWeather
2013-05-15 04:00:00,66.12568515068611,0.0,11.2,May,2013_Rolling_RealWeather
2013-05-15 04:05:00,66.29417453534488,0.0,11.2,May,2013_Rolling_RealWeather
2013-05-15 04:10:00,66.2973783784128,0.0,11.2,May,2013_Rolling_RealWeather
2013-05-15 04:15:00,66.3188405155506,0.0,11.2,May,2013_Rolling_RealWeather
2013-05-15 04:20:00,66.32980116707687,0.0,11.2,May,2013_Rolling_RealWeather
2013-05-15 04:25:00,66.33037125509459,0.0,11.2,May,2013_Rolling_RealWeather
2013-05-15 04:30:00,66.32874095813892,0.0,11.2,May,2013_Rolling_RealWeather
2013-05-15 04:35:00,66.32962833496289,0.0,11.2,May,2013_Rolling_RealWeather
2013-05-15 04:40:00,66.3294593722246,0.0,11.2,May,2013_Rolling_RealWeather
2013-05-15 04:45:00,66.32911112841288,0.0,11.2,May,2013_Rolling_RealWeather
2013-05-15 04:50:00,66.32895764317733,0.0,11.2,May,2013_Rolling_RealWeather
2013-05-15 04:55:00,66.32888541483119,0.0,11.2,May,2013_Rolling_RealWeather
2013-05-15 05:00:00,66.78584320583336,0.0,11.2,May,2013_Rolling_RealWeather
2013-05-15 05:05:00,66.8449195440138,0.0,11.2,May,2013_Rolling_RealWeather
2013-05-15 05:10:00,66.84563021934811,0.0,11.2,May,2013_Rolling_RealWeather
2013-05-15 05:15:00,66.84997423845148,0.0,11.2,May,2013_Rolling_RealWeather
2013-05-15 05:20:00,66.85077519921846,0.0,11.2,May,2013_Rolling_RealWeather
2013-05-15 05:25:00,66.8501599684844,0.0,11.2,May,2013_Rolling_RealWeather
2013-05-15 05:30:00,66.84951378274486,0.0,11.2,May,2013_Rolling_RealWeather
2013-05-15 05:35:00,66.84982720217542,0.0,11.2,May,2013_Rolling_RealWeather
2013-05-15 05:40:00,66.8497523942455,0.0,11.2,May,2013_Rolling_RealWeather
2013-05-15 05:45:00,66.84962857422354,0.0,11.2,May,2013_Rolling_RealWeather
2013-05-15 05:50:00,66.84957698254773,0.0,11.2,May,2013_Rolling_RealWeather
2013-05-15 05:55:00,66.84955118670983,0.0,11.2,May,2013_Rolling_RealWeather
2013-05-15 06:00:00,67.17021279875992,0.0,11.2,May,2013_Rolling_RealWeather
2013-05-15 06:05:00,67.21351369226895,0.0,11.2,May,2013_Rolling_RealWeather
2013-05-15 06:10:00,67.21391739713216,0.0,11.2,May,2013_Rolling_RealWeather
2013-05-15 06:15:00,67.21527554799792,0.0,11.2,May,2013_Rolling_RealWeather
2013-05-15 06:20:00,67.2143765630469,0.0,11.2,May,2013_Rolling_RealWeather
2013-05-15 06:25:00,67.21352014122841,0.0,11.2,May,2013_Rolling_RealWeather
2013-05-15 06:30:00,67.21312933428415,0.0,11.2,May,2013_Rolling_RealWeather
2013-05-15 06:35:00,67.21351369226895,0.0,11.2,May,2013_Rolling_RealWeather
2013-05-15 06:40:00,67.21351885143652,0.0,11.2,May,2013_Rolling_RealWeather
2013-05-15 06:45:00,67.2134453332985,0.0,11.2,May,2013_Rolling_RealWeather
2013-05-15 06:50:00,67.21341953746058,0.0,11.2,May,2013_Rolling_RealWeather
2013-05-15 06:55:00,67.21340019058215,0.0,11.2,May,2013_Rolling_RealWeather
2013-05-15 07:00:00,67.29603586752215,0.0,9.4,May,2013_Rolling_RealWeather
2013-05-15 07:05:00,67.30700683738358,0.0,9.4,May,2013_Rolling_RealWeather
2013-05-15 07:10:00,67.30724028971663,0.0,9.4,May,2013_Rolling_RealWeather
2013-05-15 07:15:00,67.30743375850092,0.0,9.4,May,2013_Rolling_RealWeather
2013-05-15 07:20:00,67.30702489447012,0.0,9.4,May,2013_Rolling_RealWeather
2013-05-15 07:25:00,67.30677338505053,0.0,9.4,May,2013_Rolling_RealWeather
2013-05-15 07:30:00,67.30670244649629,0.0,9.4,May,2013_Rolling_RealWeather
2013-05-15 07:35:00,67.30682884610202,0.0,9.4,May,2013_Rolling_RealWeather
2013-05-15 07:40:00,67.3068378746453,0.0,9.4,May,2013_Rolling_RealWeather
2013-05-15 07:45:00,67.30682755631013,0.0,9.4,May,2013_Rolling_RealWeather
2013-05-15 07:50:00,67.30682239714255,0.0,9.4,May,2013_Rolling_RealWeather
2013-05-15 07:55:00,67.30681723797497,0.0,9.4,May,2013_Rolling_RealWeather
2013-05-15 08:00:00,67.08430620957344,0.0,5.4,May,2013_Rolling_RealWeather
2013-05-15 08:05:00,67.05716769830443,0.0,5.4,May,2013_Rolling_RealWeather
2013-05-15 08:10:00,67.05579793931162,0.0,5.4,May,2013_Rolling_RealWeather
2013-05-15 08:15:00,67.0545133065839,0.0,5.4,May,2013_Rolling_RealWeather
2013-05-15 08:20:00,67.05519044732893,0.0,5.4,May,2013_Rolling_RealWeather
2013-05-15 08:25:00,67.05557738489752,0.0,5.4,May,2013_Rolling_RealWeather
2013-05-15 08:30:00,67.05570378450327,0.0,5.4,May,2013_Rolling_RealWeather
2013-05-15 08:35:00,67.05542132007818,0.0,5.4,May,2013_Rolling_RealWeather
2013-05-15 08:40:00,67.05540197319976,0.0,5.4,May,2013_Rolling_RealWeather
2013-05-15 08:45:00,67.05542905882956,0.0,5.4,May,2013_Rolling_RealWeather
2013-05-15 08:50:00,67.05544066695661,0.0,5.4,May,2013_Rolling_RealWeather
2013-05-15 08:55:00,67.05544969549989,0.0,5.4,May,2013_Rolling_RealWeather
2013-05-15 09:00:00,66.63606031792808,0.0,0.0,May,2013_Rolling_RealWeather
2013-05-15 09:05:00,66.59085633647754,0.0,0.0,May,2013_Rolling_RealWeather
2013-05-15 09:10:00,66.58571458108693,0.0,0.0,May,2013_Rolling_RealWeather
2013-05-15 09:15:00,66.5795467962436,0.0,0.0,May,2013_Rolling_RealWeather
2013-05-15 09:20:00,66.57806804983564,0.0,0.0,May,2013_Rolling_RealWeather
2013-05-15 09:25:00,66.57765402663725,0.0,0.0,May,2013_Rolling_RealWeather
2013-05-15 09:30:00,66.57760114516954,0.0,0.0,May,2013_Rolling_RealWeather
2013-05-15 09:35:00,66.57730642772147,0.0,0.0,May,2013_Rolling_RealWeather
2013-05-15 09:40:00,66.57729804407414,0.0,0.0,May,2013_Rolling_RealWeather
2013-05-15 09:45:00,66.57732383991205,0.0,0.0,May,2013_Rolling_RealWeather
2013-05-15 09:50:00,66.57733415824721,0.0,0.0,May,2013_Rolling_RealWeather
2013-05-15 09:55:00,66.577336737831,0.0,0.0,May,2013_Rolling_RealWeather
2013-05-15 10:00:00,66.23517558467815,0.0,0.0,May,2013_Rolling_RealWeather
2013-05-15 10:05:00,66.19748980018532,0.0,0.0,May,2013_Rolling_RealWeather
2013-05-15 10:10:00,66.19325412360115,0.0,0.0,May,2013_Rolling_RealWeather
2013-05-15 10:15:00,66.18714502428907,0.0,0.0,May,2013_Rolling_RealWeather
2013-05-15 10:20:00,66.18519163446364,0.0,0.0,May,2013_Rolling_RealWeather
2013-05-15 10:25:00,66.18450997944696,0.0,0.0,May,2013_Rolling_RealWeather
2013-05-15 10:30:00,66.18428297607339,0.0,0.0,May,2013_Rolling_RealWeather
2013-05-15 10:35:00,66.18399664227263,0.0,0.0,May,2013_Rolling_RealWeather
2013-05-15 10:40:00,66.1839502097644,0.0,0.0,May,2013_Rolling_RealWeather
2013-05-15 10:45:00,66.1839514995563,0.0,0.0,May,2013_Rolling_RealWeather
2013-05-15 10:50:00,66.18394891997251,0.0,0.0,May,2013_Rolling_RealWeather
2013-05-15 10:55:00,66.1839502097644,0.0,0.0,May,2013_Rolling_RealWeather
2013-05-15 11:00:00,65.89104104992549,0.0,5.4,May,2013_Rolling_RealWeather
2013-05-15 11:05:00,65.85441869885034,0.0,5.4,May,2013_Rolling_RealWeather
2013-05-15 11:10:00,65.85242081120451,0.0,5.4,May,2013_Rolling_RealWeather
2013-05-15 11:15:00,65.8485256396807,0.0,5.4,May,2013_Rolling_RealWeather
2013-05-15 11:20:00,65.84791169873854,0.0,5.4,May,2013_Rolling_RealWeather
2013-05-15 11:25:00,65.84746414095088,0.0,5.4,May,2013_Rolling_RealWeather
2013-05-15 11:30:00,65.84726293341521,0.0,5.4,May,2013_Rolling_RealWeather
2013-05-15 11:35:00,65.8467715227031,0.0,5.4,May,2013_Rolling_RealWeather
2013-05-15 11:40:00,65.8466606006001,0.0,5.4,May,2013_Rolling_RealWeather
2013-05-15 11:45:00,65.84665415164062,0.0,5.4,May,2013_Rolling_RealWeather
2013-05-15 11:50:00,65.84664899247304,0.0,5.4,May,2013_Rolling_RealWeather
2013-05-15 11:55:00,65.84664512309736,0.0,5.4,May,2013_Rolling_RealWeather
2013-05-15 12:00:00,65.44292349257371,0.0,5.4,May,2013_Rolling_RealWeather
2013-05-15 12:05:00,65.39309883165826,0.0,5.4,May,2013_Rolling_RealWeather
2013-05-15 12:10:00,65.38994915984993,0.0,5.4,May,2013_Rolling_RealWeather
2013-05-15 12:15:00,65.3816158144144,0.0,5.4,May,2013_Rolling_RealWeather
2013-05-15 12:20:00,65.37847259156555,0.0,5.4,May,2013_Rolling_RealWeather
2013-05-15 12:25:00,65.37645535704131,0.0,5.4,May,2013_Rolling_RealWeather
2013-05-15 12:30:00,65.37587495068843,0.0,5.4,May,2013_Rolling_RealWeather
2013-05-15 12:35:00,65.37493340260485,0.0,5.4,May,2013_Rolling_RealWeather
2013-05-15 12:40:00,65.37462772192566,0.0,5.4,May,2013_Rolling_RealWeather
2013-05-15 12:45:00,65.37455549357952,0.0,5.4,May,2013_Rolling_RealWeather
2013-05-15 12:50:00,65.37450132231993,0.0,5.4,May,2013_Rolling_RealWeather
2013-05-15 12:55:00,65.3744793958577,0.0,5.4,May,2013_Rolling_RealWeather
2013-05-15 13:00:00,65.1284217653916,0.0,5.4,May,2013_Rolling_RealWeather
2013-05-15 13:05:00,65.09844184257723,0.0,5.4,May,2013_Rolling_RealWeather
2013-05-15 13:10:00,65.09626725344175,0.0,5.4,May,2013_Rolling_RealWeather
2013-05-15 13:15:00,65.0888432112924,0.0,5.4,May,2013_Rolling_RealWeather
2013-05-15 13:20:00,65.08476617911136,0.0,5.4,May,2013_Rolling_RealWeather
2013-05-15 13:25:00,65.08211049759893,0.0,5.4,May,2013_Rolling_RealWeather
2013-05-15 13:30:00,65.08147978936213,0.0,5.4,May,2013_Rolling_RealWeather
2013-05-15 13:35:00,65.08049567814602,0.0,5.4,May,2013_Rolling_RealWeather
2013-05-15 13:40:00,65.08008036515574,0.0,5.4,May,2013_Rolling_RealWeather
2013-05-15 13:45:00,65.07994235742294,0.0,5.4,May,2013_Rolling_RealWeather
2013-05-15 13:50:00,65.07984691282269,0.0,5.4,May,2013_Rolling_RealWeather
2013-05-15 13:55:00,65.07979661093877,0.0,5.4,May,2013_Rolling_RealWeather
2013-05-15 14:00:00,64.74349756195005,0.0,13.0,May,2013_Rolling_RealWeather
2013-05-15 14:05:00,64.69258431667497,0.0,13.0,May,2013_Rolling_RealWeather
2013-05-15 14:10:00,64.69123648414438,0.0,13.0,May,2013_Rolling_RealWeather
2013-05-15 14:15:00,64.68384081741672,0.0,13.0,May,2013_Rolling_RealWeather
2013-05-15 14:20:00,64.67905053031758,0.0,13.0,May,2013_Rolling_RealWeather
2013-05-15 14:25:00,64.6734192989027,0.0,13.0,May,2013_Rolling_RealWeather
2013-05-15 14:30:00,64.67190508321761,0.0,13.0,May,2013_Rolling_RealWeather
2013-05-15 14:35:00,64.66917072439958,0.0,13.0,May,2013_Rolling_RealWeather
2013-05-15 14:40:00,64.66804860545066,0.0,13.0,May,2013_Rolling_RealWeather
2013-05-15 14:45:00,64.6677377656039,0.0,13.0,May,2013_Rolling_RealWeather
2013-05-15 14:50:00,64.66749528472758,0.0,13.0,May,2013_Rolling_RealWeather
2013-05-15 14:55:00,64.667354697411,0.0,13.0,May,2013_Rolling_RealWeather
2013-05-15 15:00:00,65.1380513516819,0.0,9.4,May,2013_Rolling_RealWeather
2013-05-15 15:05:00,65.21093878147721,0.0,9.4,May,2013_Rolling_RealWeather
2013-05-15 15:10:00,65.20758403275754,0.0,9.4,May,2013_Rolling_RealWeather
2013-05-15 15:15:00,65.2216762990056,0.0,9.4,May,2013_Rolling_RealWeather
2013-05-15 15:20:00,65.23230418422287,0.0,9.4,May,2013_Rolling_RealWeather
2013-05-15 15:25:00,65.24655251529025,0.0,9.4,May,2013_Rolling_RealWeather
2013-05-15 15:30:00,65.25036900950845,0.0,9.4,May,2013_Rolling_RealWeather
2013-05-15 15:35:00,65.25546239770298,0.0,9.4,May,2013_Rolling_RealWeather
2013-05-15 15:40:00,65.2580406917017,0.0,9.4,May,2013_Rolling_RealWeather
2013-05-15 15:45:00,65.25890743185533,0.0,9.4,May,2013_Rolling_RealWeather
2013-05-15 15:50:00,65.25972129054126,0.0,9.4,May,2013_Rolling_RealWeather
2013-05-15 15:55:00,65.2601791666641,0.0,9.4,May,2013_Rolling_RealWeather
2013-05-15 16:00:00,65.27753992679882,0.0,9.4,May,2013_Rolling_RealWeather
2013-05-15 16:05:00,65.28174077900182,0.0,9.4,May,2013_Rolling_RealWeather
2013-05-15 16:10:00,65.28126871516814,0.0,9.4,May,2013_Rolling_RealWeather
2013-05-15 16:15:00,65.2807605371614,0.0,9.4,May,2013_Rolling_RealWeather
2013-05-15 16:20:00,65.28006985360146,0.0,9.4,May,2013_Rolling_RealWeather
2013-05-15 16:25:00,65.28024719998706,0.0,9.4,May,2013_Rolling_RealWeather
2013-05-15 16:30:00,65.28044582793893,0.0,9.4,May,2013_Rolling_RealWeather
2013-05-15 16:35:00,65.28058641525553,0.0,9.4,May,2013_Rolling_RealWeather
2013-05-15 16:40:00,65.2806457456827,0.0,9.4,May,2013_Rolling_RealWeather
2013-05-15 16:45:00,65.2806238192205,0.0,9.4,May,2013_Rolling_RealWeather
2013-05-15 16:50:00,65.2806102764056,0.0,9.4,May,2013_Rolling_RealWeather
2013-05-15 16:55:00,65.28060382744611,0.0,9.4,May,2013_Rolling_RealWeather
2013-05-15 17:00:00,65.95540617977261,0.0,0.0,May,2013_Rolling_RealWeather
2013-05-15 17:05:00,66.14153798287124,0.0,0.0,May,2013_Rolling_RealWeather
2013-05-15 17:10:00,66.12323777056477,0.0,0.0,May,2013_Rolling_RealWeather
2013-05-15 17:15:00,66.08455884631256,0.0,0.0,May,2013_Rolling_RealWeather
2013-05-15 17:20:00,66.04231300257389,0.0,0.0,May,2013_Rolling_RealWeather
2013-05-15 17:25:00,66.03000903278867,0.0,0.0,May,2013_Rolling_RealWeather
2013-05-15 17:30:00,66.02784863136405,0.0,0.0,May,2013_Rolling_RealWeather
2013-05-15 17:35:00,66.02406502683918,0.0,0.0,May,2013_Rolling_RealWeather
2013-05-15 17:40:00,66.02353105299453,0.0,0.0,May,2013_Rolling_RealWeather
2013-05-15 17:45:00,66.02446357253483,0.0,0.0,May,2013_Rolling_RealWeather
2013-05-15 17:50:00,66.0255444181431,0.0,0.0,May,2013_Rolling_RealWeather
2013-05-15 17:55:00,66.02637633391556,0.0,0.0,May,2013_Rolling_RealWeather
2013-05-15 18:00:00,63.9609517987537,0.0,7.6,May,2013_Rolling_RealWeather
2013-05-15 18:05:00,63.07113210893737,0.0,7.6,May,2013_Rolling_RealWeather
2013-05-15 18:10:00,62.993998684222724,0.0,7.6,May,2013_Rolling_RealWeather
2013-05-15 18:15:00,63.300767947768534,0.0,7.6,May,2013_Rolling_RealWeather
2013-05-15 18:20:00,63.78762053531997,0.0,7.6,May,2013_Rolling_RealWeather
2013-05-15 18:25:00,64.0637843269822,0.0,7.6,May,2013_Rolling_RealWeather
2013-05-15 18:30:00,64.1097686325294,0.0,7.6,May,2013_Rolling_RealWeather
2013-05-15 18:35:00,64.04579688921034,0.0,7.6,May,2013_Rolling_RealWeather
2013-05-15 18:40:00,63.947438004170685,0.0,7.6,May,2013_Rolling_RealWeather
2013-05-15 18:45:00,63.87630404645703,0.0,7.6,May,2013_Rolling_RealWeather
2013-05-15 18:50:00,63.85190376338174,0.0,7.6,May,2013_Rolling_RealWeather
2013-05-15 18:55:00,63.860166170263035,0.0,7.6,May,2013_Rolling_RealWeather
2013-05-15 19:00:00,60.01755560087736,0.0,24.1,May,2013_Rolling_RealWeather
2013-05-15 19:05:00,57.61608771797002,0.0,24.1,May,2013_Rolling_RealWeather
2013-05-15 19:10:00,56.2847080952456,0.0,24.1,May,2013_Rolling_RealWeather
2013-05-15 19:15:00,56.300301034363834,0.0,24.1,May,2013_Rolling_RealWeather
2013-05-15 19:20:00,57.8441429168335,0.0,24.1,May,2013_Rolling_RealWeather
2013-05-15 19:25:00,59.71714323791152,0.0,24.1,May,2013_Rolling_RealWeather
2013-05-15 19:30:00,60.959708596845495,0.0,24.1,May,2013_Rolling_RealWeather
2013-05-15 19:35:00,61.25207991346407,0.0,24.1,May,2013_Rolling_RealWeather
2013-05-15 19:40:00,60.817092437606455,0.0,24.1,May,2013_Rolling_RealWeather
2013-05-15 19:45:00,59.97825951120324,0.0,24.1,May,2013_Rolling_RealWeather
2013-05-15 19:50:00,59.13577663496032,0.0,24.1,May,2013_Rolling_RealWeather
2013-05-15 19:55:00,58.64407442988256,0.0,24.1,May,2013_Rolling_RealWeather
2013-05-15 20:00:00,61.518298119821644,0.0,18.4,May,2013_Rolling_RealWeather
2013-05-15 20:05:00,62.903672623107,0.0,18.4,May,2013_Rolling_RealWeather
2013-05-15 20:10:00,63.29379081851091,0.0,18.4,May,2013_Rolling_RealWeather
2013-05-15 20:15:00,63.28736249570473,0.0,18.4,May,2013_Rolling_RealWeather
2013-05-15 20:20:00,62.98466639496428,0.0,18.4,May,2013_Rolling_RealWeather
2013-05-15 20:25:00,62.663012953099695,0.0,18.4,May,2013_Rolling_RealWeather
2013-05-15 20:30:00,62.48169271866648,0.0,18.4,May,2013_Rolling_RealWeather
2013-05-15 20:35:00,62.46176930325978,0.0,18.4,May,2013_Rolling_RealWeather
2013-05-15 20:40:00,62.53088151217755,0.0,18.4,May,2013_Rolling_RealWeather
2013-05-15 20:45:00,62.614031816083774,0.0,18.4,May,2013_Rolling_RealWeather
2013-05-15 20:50:00,62.66762782850108,0.0,18.4,May,2013_Rolling_RealWeather
2013-05-15 20:55:00,62.68138023458472,0.0,18.4,May,2013_Rolling_RealWeather
2013-05-15 21:00:00,63.398288468076245,0.0,18.4,May,2013_Rolling_RealWeather
2013-05-15 21:05:00,63.598459011059276,0.0,18.4,May,2013_Rolling_RealWeather
2013-05-15 21:10:00,63.62136571511981,0.0,18.4,May,2013_Rolling_RealWeather
2013-05-15 21:15:00,63.617055230605715,0.0,18.4,May,2013_Rolling_RealWeather
2013-05-15 21:20:00,63.59838291333745,0.0,18.4,May,2013_Rolling_RealWeather
2013-05-15 21:25:00,63.58355804529287,0.0,18.4,May,2013_Rolling_RealWeather
2013-05-15 21:30:00,63.577063943100036,0.0,18.4,May,2013_Rolling_RealWeather
2013-05-15 21:35:00,63.582941524766916,0.0,18.4,May,2013_Rolling_RealWeather
2013-05-15 21:40:00,63.5876105714279,0.0,18.4,May,2013_Rolling_RealWeather
2013-05-15 21:45:00,63.589496247178836,0.0,18.4,May,2013_Rolling_RealWeather
2013-05-15 21:50:00,63.59005214748571,0.0,18.4,May,2013_Rolling_RealWeather
2013-05-15 21:55:00,63.589827723695926,0.0,18.4,May,2013_Rolling_RealWeather
2013-05-15 22:00:00,63.30654557056353,0.0,20.5,May,2013_Rolling_RealWeather
2013-05-15 22:05:00,63.237122521798995,0.0,20.5,May,2013_Rolling_RealWeather
2013-05-15 22:10:00,63.22720660170792,0.0,20.5,May,2013_Rolling_RealWeather
2013-05-15 22:15:00,63.22359260481729,0.0,20.5,May,2013_Rolling_RealWeather
2013-05-15 22:20:00,63.217816916710134,0.0,20.5,May,2013_Rolling_RealWeather
2013-05-15 22:25:00,63.21638395791446,0.0,20.5,May,2013_Rolling_RealWeather
2013-05-15 22:30:00,63.21658645524202,0.0,20.5,May,2013_Rolling_RealWeather
2013-05-15 22:35:00,63.213328440914495,0.0,20.5,May,2013_Rolling_RealWeather
2013-05-15 22:40:00,63.21160527894237,0.0,20.5,May,2013_Rolling_RealWeather
2013-05-15 22:45:00,63.211146113027645,0.0,20.5,May,2013_Rolling_RealWeather
2013-05-15 22:50:00,63.21101713383811,0.0,20.5,May,2013_Rolling_RealWeather
2013-05-15 22:55:00,63.21085462005931,0.0,20.5,May,2013_Rolling_RealWeather
2013-05-15 23:00:00,62.490722551725476,0.0,24.1,May,2013_Rolling_RealWeather
2013-05-15 23:05:00,62.31001109906684,0.0,24.1,May,2013_Rolling_RealWeather
2013-05-15 23:10:00,62.27123350573464,0.0,24.1,May,2013_Rolling_RealWeather
2013-05-15 23:15:00,62.25817049341904,0.0,24.1,May,2013_Rolling_RealWeather
2013-05-15 23:20:00,62.22453914959608,0.0,24.1,May,2013_Rolling_RealWeather
2013-05-15 23:25:00,62.21187210339234,0.0,24.1,May,2013_Rolling_RealWeather
2013-05-15 23:30:00,62.20823875962328,0.0,24.1,May,2013_Rolling_RealWeather
2013-05-15 23:35:00,62.19722006746173,0.0,24.1,May,2013_Rolling_RealWeather
2013-05-15 23:40:00,62.190572480033346,0.0,24.1,May,2013_Rolling_RealWeather
2013-05-15 23:45:00,62.188075442924045,0.0,24.1,May,2013_Rolling_RealWeather
2013-05-15 23:50:00,62.187167429429756,0.0,24.1,May,2013_Rolling_RealWeather
2013-05-15 23:55:00,62.18602467381052,0.0,24.1,May,2013_Rolling_RealWeather
2013-05-16 00:00:00,63.06844482752351,0.0,20.5,May,2013_Rolling_RealWeather
2013-05-16 00:05:00,63.25384467372156,0.0,20.5,May,2013_Rolling_RealWeather
2013-05-16 00:10:00,63.27289618980704,0.0,20.5,May,2013_Rolling_RealWeather
2013-05-16 00:15:00,63.291523364358966,0.0,20.5,May,2013_Rolling_RealWeather
2013-05-16 00:20:00,63.33617853935806,0.0,20.5,May,2013_Rolling_RealWeather
2013-05-16 00:25:00,63.35173858878296,0.0,20.5,May,2013_Rolling_RealWeather
2013-05-16 00:30:00,63.35478507723966,0.0,20.5,May,2013_Rolling_RealWeather
2013-05-16 00:35:00,63.36430890059456,0.0,20.5,May,2013_Rolling_RealWeather
2013-05-16 00:40:00,63.36999688285283,0.0,20.5,May,2013_Rolling_RealWeather
2013-05-16 00:45:00,63.371776795668346,0.0,20.5,May,2013_Rolling_RealWeather
2013-05-16 00:50:00,63.37248102204318,0.0,20.5,May,2013_Rolling_RealWeather
2013-05-16 00:55:00,63.373484480137726,0.0,20.5,May,2013_Rolling_RealWeather
2013-05-16 01:00:00,63.531278910400665,0.0,22.3,May,2013_Rolling_RealWeather
2013-05-16 01:05:00,63.564203428111995,0.0,22.3,May,2013_Rolling_RealWeather
2013-05-16 01:10:00,63.56775809457544,0.0,22.3,May,2013_Rolling_RealWeather
2013-05-16 01:15:00,63.57059434695321,0.0,22.3,May,2013_Rolling_RealWeather
2013-05-16 01:20:00,63.578471106057805,0.0,22.3,May,2013_Rolling_RealWeather
2013-05-16 01:25:00,63.58127511363819,0.0,22.3,May,2013_Rolling_RealWeather
2013-05-16 01:30:00,63.58197031146975,0.0,22.3,May,2013_Rolling_RealWeather
2013-05-16 01:35:00,63.583607057384896,0.0,22.3,May,2013_Rolling_RealWeather
2013-05-16 01:40:00,63.58458987880911,0.0,22.3,May,2013_Rolling_RealWeather
2013-05-16 01:45:00,63.584907167615356,0.0,22.3,May,2013_Rolling_RealWeather
2013-05-16 01:50:00,63.58503614680488,0.0,22.3,May,2013_Rolling_RealWeather
2013-05-16 01:55:00,63.58520897891886,0.0,22.3,May,2013_Rolling_RealWeather
2013-05-16 02:00:00,64.41753619500217,0.0,18.4,May,2013_Rolling_RealWeather
2013-05-16 02:05:00,64.55906892904916,0.0,18.4,May,2013_Rolling_RealWeather
2013-05-16 02:10:00,64.56462535253412,0.0,18.4,May,2013_Rolling_RealWeather
2013-05-16 02:15:00,64.58152549573823,0.0,18.4,May,2013_Rolling_RealWeather
2013-05-16 02:20:00,64.61211162074339,0.0,18.4,May,2013_Rolling_RealWeather
2013-05-16 02:25:00,64.62204817750478,0.0,18.4,May,2013_Rolling_RealWeather
2013-05-16 02:30:00,64.62392482471245,0.0,18.4,May,2013_Rolling_RealWeather
2013-05-16 02:35:00,64.62883893183354,0.0,18.4,May,2013_Rolling_RealWeather
2013-05-16 02:40:00,64.6313720831159,0.0,18.4,May,2013_Rolling_RealWeather
2013-05-16 02:45:00,64.63208275845022,0.0,18.4,May,2013_Rolling_RealWeather
2013-05-16 02:50:00,64.63240262684025,0.0,18.4,May,2013_Rolling_RealWeather
2013-05-16 02:55:00,64.63277537669799,0.0,18.4,May,2013_Rolling_RealWeather
2013-05-16 03:00:00,65.28585908452351,0.0,16.6,May,2013_Rolling_RealWeather
2013-05-16 03:05:00,65.38589276433922,0.0,16.6,May,2013_Rolling_RealWeather
2013-05-16 03:10:00,65.38785324802008,0.0,16.6,May,2013_Rolling_RealWeather
2013-05-16 03:15:00,65.39957358697266,0.0,16.6,May,2013_Rolling_RealWeather
2013-05-16 03:20:00,65.41537740706579,0.0,16.6,May,2013_Rolling_RealWeather
2013-05-16 03:25:00,65.4203701914925,0.0,16.6,May,2013_Rolling_RealWeather
2013-05-16 03:30:00,65.42114922579725,0.0,16.6,May,2013_Rolling_RealWeather
2013-05-16 03:35:00,65.42337669640044,0.0,16.6,May,2013_Rolling_RealWeather
2013-05-16 03:40:00,65.42433114240296,0.0,16.6,May,2013_Rolling_RealWeather
2013-05-16 03:45:00,65.42454911723327,0.0,16.6,May,2013_Rolling_RealWeather
2013-05-16 03:50:00,65.4246484312092,0.0,16.6,May,2013_Rolling_RealWeather
2013-05-16 03:55:00,65.42475548393651,0.0,16.6,May,2013_Rolling_RealWeather
2013-05-16 04:00:00,66.04619656597065,0.0,11.2,May,2013_Rolling_RealWeather
2013-05-16 04:05:00,66.12333643964476,0.0,11.2,May,2013_Rolling_RealWeather
2013-05-16 04:10:00,66.12499253243833,0.0,11.2,May,2013_Rolling_RealWeather
2013-05-16 04:15:00,66.13652198219042,0.0,11.2,May,2013_Rolling_RealWeather
2013-05-16 04:20:00,66.14446452068168,0.0,11.2,May,2013_Rolling_RealWeather
2013-05-16 04:25:00,66.14752132747354,0.0,11.2,May,2013_Rolling_RealWeather
2013-05-16 04:30:00,66.14769029021183,0.0,11.2,May,2013_Rolling_RealWeather
2013-05-16 04:35:00,66.14857895682769,0.0,11.2,May,2013_Rolling_RealWeather
2013-05-16 04:40:00,66.14888721709066,0.0,11.2,May,2013_Rolling_RealWeather
2013-05-16 04:45:00,66.14893107001511,0.0,11.2,May,2013_Rolling_RealWeather
2013-05-16 04:50:00,66.1489594454368,0.0,11.2,May,2013_Rolling_RealWeather
2013-05-16 04:55:00,66.14897492293954,0.0,11.2,May,2013_Rolling_RealWeather
2013-05-16 05:00:00,66.57241360216665,0.0,7.6,May,2013_Rolling_RealWeather
2013-05-16 05:05:00,66.61930527631219,0.0,7.6,May,2013_Rolling_RealWeather
2013-05-16 05:10:00,66.6211638664333,0.0,7.6,May,2013_Rolling_RealWeather
2013-05-16 05:15:00,66.62847440689588,0.0,7.6,May,2013_Rolling_RealWeather
2013-05-16 05:20:00,66.63121779425718,0.0,7.6,May,2013_Rolling_RealWeather
2013-05-16 05:25:00,66.63302608249438,0.0,7.6,May,2013_Rolling_RealWeather
2013-05-16 05:30:00,66.63299125811321,0.0,7.6,May,2013_Rolling_RealWeather
2013-05-16 05:35:00,66.6333536896358,0.0,7.6,May,2013_Rolling_RealWeather
2013-05-16 05:40:00,66.63347235049017,0.0,7.6,May,2013_Rolling_RealWeather
2013-05-16 05:45:00,66.63347364028206,0.0,7.6,May,2013_Rolling_RealWeather
2013-05-16 05:50:00,66.63348266882532,0.0,7.6,May,2013_Rolling_RealWeather
2013-05-16 05:55:00,66.63348653820101,0.0,7.6,May,2013_Rolling_RealWeather
2013-05-16 06:00:00,66.89455073614496,0.0,5.4,May,2013_Rolling_RealWeather
2013-05-16 06:05:00,66.9224244287943,0.0,5.4,May,2013_Rolling_RealWeather
2013-05-16 06:10:00,66.92388834259546,0.0,5.4,May,2013_Rolling_RealWeather
2013-05-16 06:15:00,66.92798343186304,0.0,5.4,May,2013_Rolling_RealWeather
2013-05-16 06:20:00,66.92873151116231,0.0,5.4,May,2013_Rolling_RealWeather
2013-05-16 06:25:00,66.92984331177607,0.0,5.4,May,2013_Rolling_RealWeather
2013-05-16 06:30:00,66.9298304138571,0.0,5.4,May,2013_Rolling_RealWeather
2013-05-16 06:35:00,66.93006902535774,0.0,5.4,May,2013_Rolling_RealWeather
2013-05-16 06:40:00,66.93014383328767,0.0,5.4,May,2013_Rolling_RealWeather
2013-05-16 06:45:00,66.93014254349578,0.0,5.4,May,2013_Rolling_RealWeather
2013-05-16 06:50:00,66.93015157203904,0.0,5.4,May,2013_Rolling_RealWeather
2013-05-16 06:55:00,66.93015157203904,0.0,5.4,May,2013_Rolling_RealWeather
2013-05-16 07:00:00,67.0435371775549,0.0,5.4,May,2013_Rolling_RealWeather
2013-05-16 07:05:00,67.0563512600347,0.0,5.4,May,2013_Rolling_RealWeather
2013-05-16 07:10:00,67.05691231950915,0.0,5.4,May,2013_Rolling_RealWeather
2013-05-16 07:15:00,67.05831948246693,0.0,5.4,May,2013_Rolling_RealWeather
2013-05-16 07:20:00,67.05829239683713,0.0,5.4,May,2013_Rolling_RealWeather
2013-05-16 07:25:00,67.05871931795447,0.0,5.4,May,2013_Rolling_RealWeather
2013-05-16 07:30:00,67.05874382400049,0.0,5.4,May,2013_Rolling_RealWeather
2013-05-16 07:35:00,67.05889343986034,0.0,5.4,May,2013_Rolling_RealWeather
2013-05-16 07:40:00,67.05893987236857,0.0,5.4,May,2013_Rolling_RealWeather
2013-05-16 07:45:00,67.05893729278478,0.0,5.4,May,2013_Rolling_RealWeather
2013-05-16 07:50:00,67.05893987236857,0.0,5.4,May,2013_Rolling_RealWeather
2013-05-16 07:55:00,67.05894116216047,0.0,5.4,May,2013_Rolling_RealWeather
2013-05-16 08:00:00,66.87061993731956,0.0,0.0,May,2013_Rolling_RealWeather
2013-05-16 08:05:00,66.85248933264732,0.0,0.0,May,2013_Rolling_RealWeather
2013-05-16 08:10:00,66.85047080833118,0.0,0.0,May,2013_Rolling_RealWeather
2013-05-16 08:15:00,66.84673299141859,0.0,0.0,May,2013_Rolling_RealWeather
2013-05-16 08:20:00,66.8458804389758,0.0,0.0,May,2013_Rolling_RealWeather
2013-05-16 08:25:00,66.844646108132,0.0,0.0,May,2013_Rolling_RealWeather
2013-05-16 08:30:00,66.84449520248025,0.0,0.0,May,2013_Rolling_RealWeather
2013-05-16 08:35:00,66.8442591705634,0.0,0.0,May,2013_Rolling_RealWeather
2013-05-16 08:40:00,66.84416759533885,0.0,0.0,May,2013_Rolling_RealWeather
2013-05-16 08:45:00,66.84414953825231,0.0,0.0,May,2013_Rolling_RealWeather
2013-05-16 08:50:00,66.84413535054146,0.0,0.0,May,2013_Rolling_RealWeather
2013-05-16 08:55:00,66.84412890158198,0.0,0.0,May,2013_Rolling_RealWeather
2013-05-16 09:00:00,66.80349787729624,0.0,5.4,May,2013_Rolling_RealWeather
2013-05-16 09:05:00,66.79852314995605,0.0,5.4,May,2013_Rolling_RealWeather
2013-05-16 09:10:00,66.79833999950692,0.0,5.4,May,2013_Rolling_RealWeather
2013-05-16 09:15:00,66.79794403339507,0.0,5.4,May,2013_Rolling_RealWeather
2013-05-16 09:20:00,66.79803947799532,0.0,5.4,May,2013_Rolling_RealWeather
2013-05-16 09:25:00,66.79786922546515,0.0,5.4,May,2013_Rolling_RealWeather
2013-05-16 09:30:00,66.79782795212449,0.0,5.4,May,2013_Rolling_RealWeather
2013-05-16 09:35:00,66.79773379731614,0.0,5.4,May,2013_Rolling_RealWeather
2013-05-16 09:40:00,66.79770800147823,0.0,5.4,May,2013_Rolling_RealWeather
2013-05-16 09:45:00,66.79770413210254,0.0,5.4,May,2013_Rolling_RealWeather
2013-05-16 09:50:00,66.79769897293497,0.0,5.4,May,2013_Rolling_RealWeather
2013-05-16 09:55:00,66.79769897293497,0.0,5.4,May,2013_Rolling_RealWeather
2013-05-16 10:00:00,66.52135976957497,0.0,5.4,May,2013_Rolling_RealWeather
2013-05-16 10:05:00,66.48698423598142,0.0,5.4,May,2013_Rolling_RealWeather
2013-05-16 10:10:00,66.48587114557579,0.0,5.4,May,2013_Rolling_RealWeather
2013-05-16 10:15:00,66.48289430588143,0.0,5.4,May,2013_Rolling_RealWeather
2013-05-16 10:20:00,66.48335605137994,0.0,5.4,May,2013_Rolling_RealWeather
2013-05-16 10:25:00,66.48185086423813,0.0,5.4,May,2013_Rolling_RealWeather
2013-05-16 10:30:00,66.48142910228837,0.0,5.4,May,2013_Rolling_RealWeather
2013-05-16 10:35:00,66.48067844340531,0.0,5.4,May,2013_Rolling_RealWeather
2013-05-16 10:40:00,66.48043725232088,0.0,5.4,May,2013_Rolling_RealWeather
2013-05-16 10:45:00,66.4804075871073,0.0,5.4,May,2013_Rolling_RealWeather
2013-05-16 10:50:00,66.48037921168559,0.0,5.4,May,2013_Rolling_RealWeather
2013-05-16 10:55:00,66.48036889335043,0.0,5.4,May,2013_Rolling_RealWeather
2013-05-16 11:00:00,66.32862358707645,0.0,9.4,May,2013_Rolling_RealWeather
2013-05-16 11:05:00,66.30661586796694,0.0,9.4,May,2013_Rolling_RealWeather
2013-05-16 11:10:00,66.30621216310371,0.0,9.4,May,2013_Rolling_RealWeather
2013-05-16 11:15:00,66.3055053571451,0.0,9.4,May,2013_Rolling_RealWeather
2013-05-16 11:20:00,66.30652171315859,0.0,9.4,May,2013_Rolling_RealWeather
2013-05-16 11:25:00,66.30583812345408,0.0,9.4,May,2013_Rolling_RealWeather
2013-05-16 11:30:00,66.30553244277489,0.0,9.4,May,2013_Rolling_RealWeather
2013-05-16 11:35:00,66.30491850183273,0.0,9.4,May,2013_Rolling_RealWeather
2013-05-16 11:40:00,66.30471213512948,0.0,9.4,May,2013_Rolling_RealWeather
2013-05-16 11:45:00,66.30469020866725,0.0,9.4,May,2013_Rolling_RealWeather
2013-05-16 11:50:00,66.30467344137261,0.0,9.4,May,2013_Rolling_RealWeather
2013-05-16 11:55:00,66.30468246991589,0.0,9.4,May,2013_Rolling_RealWeather
2013-05-16 12:00:00,65.86696321482403,0.0,7.6,May,2013_Rolling_RealWeather
2013-05-16 12:05:00,65.8074418984397,0.0,7.6,May,2013_Rolling_RealWeather
2013-05-16 12:10:00,65.80770114661065,0.0,7.6,May,2013_Rolling_RealWeather
2013-05-16 12:15:00,65.80210860895264,0.0,7.6,May,2013_Rolling_RealWeather
2013-05-16 12:20:00,65.80212924562296,0.0,7.6,May,2013_Rolling_RealWeather
2013-05-16 12:25:00,65.79818635179903,0.0,7.6,May,2013_Rolling_RealWeather
2013-05-16 12:30:00,65.79684109885223,0.0,7.6,May,2013_Rolling_RealWeather
2013-05-16 12:35:00,65.79508311249893,0.0,7.6,May,2013_Rolling_RealWeather
2013-05-16 12:40:00,65.79441757988096,0.0,7.6,May,2013_Rolling_RealWeather
2013-05-16 12:45:00,65.79430278840228,0.0,7.6,May,2013_Rolling_RealWeather
2013-05-16 12:50:00,65.79420218463444,0.0,7.6,May,2013_Rolling_RealWeather
2013-05-16 12:55:00,65.79416349087758,0.0,7.6,May,2013_Rolling_RealWeather
2013-05-16 13:00:00,65.50857776942019,0.0,7.6,May,2013_Rolling_RealWeather
2013-05-16 13:05:00,65.46892182780728,0.0,7.6,May,2013_Rolling_RealWeather
2013-05-16 13:10:00,65.47030964388662,0.0,7.6,May,2013_Rolling_RealWeather
2013-05-16 13:15:00,65.46516595380817,0.0,7.6,May,2013_Rolling_RealWeather
2013-05-16 13:20:00,65.46371622771785,0.0,7.6,May,2013_Rolling_RealWeather
2013-05-16 13:25:00,65.4599139212105,0.0,7.6,May,2013_Rolling_RealWeather
2013-05-16 13:30:00,65.45869377807755,0.0,7.6,May,2013_Rolling_RealWeather
2013-05-16 13:35:00,65.45733433741991,0.0,7.6,May,2013_Rolling_RealWeather
2013-05-16 13:40:00,65.4567578004427,0.0,7.6,May,2013_Rolling_RealWeather
2013-05-16 13:45:00,65.4566197927099,0.0,7.6,May,2013_Rolling_RealWeather
2013-05-16 13:50:00,65.45649726247986,0.0,7.6,May,2013_Rolling_RealWeather
2013-05-16 13:55:00,65.45643922184456,0.0,7.6,May,2013_Rolling_RealWeather
2013-05-16 14:00:00,65.39599441446322,0.0,5.4,May,2013_Rolling_RealWeather
2013-05-16 14:05:00,65.38783648072544,0.0,5.4,May,2013_Rolling_RealWeather
2013-05-16 14:10:00,65.3885058827191,0.0,5.4,May,2013_Rolling_RealWeather
2013-05-16 14:15:00,65.386831732839,0.0,5.4,May,2013_Rolling_RealWeather
2013-05-16 14:20:00,65.38589276433922,0.0,5.4,May,2013_Rolling_RealWeather
2013-05-16 14:25:00,65.38466746203868,0.0,5.4,May,2013_Rolling_RealWeather
2013-05-16 14:30:00,65.38434501406486,0.0,5.4,May,2013_Rolling_RealWeather
2013-05-16 14:35:00,65.3840303048424,0.0,5.4,May,2013_Rolling_RealWeather
2013-05-16 14:40:00,65.38386005231223,0.0,5.4,May,2013_Rolling_RealWeather
2013-05-16 14:45:00,65.38379943209314,0.0,5.4,May,2013_Rolling_RealWeather
2013-05-16 14:50:00,65.38375170979302,0.0,5.4,May,2013_Rolling_RealWeather
2013-05-16 14:55:00,65.38372591395512,0.0,5.4,May,2013_Rolling_RealWeather
2013-05-16 15:00:00,65.24458687244181,0.0,7.6,May,2013_Rolling_RealWeather
2013-05-16 15:05:00,65.21917410272872,0.0,7.6,May,2013_Rolling_RealWeather
2013-05-16 15:10:00,65.222385684548,0.0,7.6,May,2013_Rolling_RealWeather
2013-05-16 15:15:00,65.22132418581818,0.0,7.6,May,2013_Rolling_RealWeather
2013-05-16 15:20:00,65.22094627679286,0.0,7.6,May,2013_Rolling_RealWeather
2013-05-16 15:25:00,65.21819515068017,0.0,7.6,May,2013_Rolling_RealWeather
2013-05-16 15:30:00,65.21730261468863,0.0,7.6,May,2013_Rolling_RealWeather
2013-05-16 15:35:00,65.21668480437079,0.0,7.6,May,2013_Rolling_RealWeather
2013-05-16 15:40:00,65.21636751556454,0.0,7.6,May,2013_Rolling_RealWeather
2013-05-16 15:45:00,65.2163210830563,0.0,7.6,May,2013_Rolling_RealWeather
2013-05-16 15:50:00,65.21625401387774,0.0,7.6,May,2013_Rolling_RealWeather
2013-05-16 15:55:00,65.21621789970469,0.0,7.6,May,2013_Rolling_RealWeather
2013-05-16 16:00:00,65.91475258412869,0.0,0.0,May,2013_Rolling_RealWeather
2013-05-16 16:05:00,66.03335410806913,0.0,0.0,May,2013_Rolling_RealWeather
2013-05-16 16:10:00,66.01262070335218,0.0,0.0,May,2013_Rolling_RealWeather
2013-05-16 16:15:00,66.02089729794433,0.0,0.0,May,2013_Rolling_RealWeather
2013-05-16 16:20:00,66.03032374201113,0.0,0.0,May,2013_Rolling_RealWeather
2013-05-16 16:25:00,66.04379045918996,0.0,0.0,May,2013_Rolling_RealWeather
2013-05-16 16:30:00,66.04421802520325,0.0,0.0,May,2013_Rolling_RealWeather
2013-05-16 16:35:00,66.04179450623198,0.0,0.0,May,2013_Rolling_RealWeather
2013-05-16 16:40:00,66.04176806549813,0.0,0.0,May,2013_Rolling_RealWeather
2013-05-16 16:45:00,66.04212469295717,0.0,0.0,May,2013_Rolling_RealWeather
2013-05-16 16:50:00,66.04230397403063,0.0,0.0,May,2013_Rolling_RealWeather
2013-05-16 16:55:00,66.04221949266149,0.0,0.0,May,2013_Rolling_RealWeather
2013-05-16 17:00:00,63.950163979341404,0.0,9.4,May,2013_Rolling_RealWeather
2013-05-16 17:05:00,63.18034201319219,0.0,9.4,May,2013_Rolling_RealWeather
2013-05-16 17:10:00,63.12771205490446,0.0,9.4,May,2013_Rolling_RealWeather
2013-05-16 17:15:00,63.31618096091737,0.0,9.4,May,2013_Rolling_RealWeather
2013-05-16 17:20:00,63.59462639444239,0.0,9.4,May,2013_Rolling_RealWeather
2013-05-16 17:25:00,63.72464128686435,0.0,9.4,May,2013_Rolling_RealWeather
2013-05-16 17:30:00,63.74225855436226,0.0,9.4,May,2013_Rolling_RealWeather
2013-05-16 17:35:00,63.716812250059874,0.0,9.4,May,2013_Rolling_RealWeather
2013-05-16 17:40:00,63.68418825386015,0.0,9.4,May,2013_Rolling_RealWeather
2013-05-16 17:45:00,63.665794531641275,0.0,9.4,May,2013_Rolling_RealWeather
2013-05-16 17:50:00,63.66142020242836,0.0,9.4,May,2013_Rolling_RealWeather
2013-05-16 17:55:00,63.663984308716216,0.0,9.4,May,2013_Rolling_RealWeather
2013-05-16 18:00:00,63.08062626707867,0.0,11.2,May,2013_Rolling_RealWeather
2013-05-16 18:05:00,62.84835024439082,0.0,11.2,May,2013_Rolling_RealWeather
2013-05-16 18:10:00,62.818019498180945,0.0,11.2,May,2013_Rolling_RealWeather
2013-05-16 18:15:00,62.86373165763823,0.0,11.2,May,2013_Rolling_RealWeather
2013-05-16 18:20:00,62.950219277920546,0.0,11.2,May,2013_Rolling_RealWeather
2013-05-16 18:25:00,63.00551394626396,0.0,11.2,May,2013_Rolling_RealWeather
2013-05-16 18:30:00,63.022435371034355,0.0,11.2,May,2013_Rolling_RealWeather
2013-05-16 18:35:00,63.01652360988225,0.0,11.2,May,2013_Rolling_RealWeather
2013-05-16 18:40:00,63.00227785839866,0.0,11.2,May,2013_Rolling_RealWeather
2013-05-16 18:45:00,62.990945746806545,0.0,11.2,May,2013_Rolling_RealWeather
2013-05-16 18:50:00,62.986046472292244,0.0,11.2,May,2013_Rolling_RealWeather
2013-05-16 18:55:00,62.98612901897355,0.0,11.2,May,2013_Rolling_RealWeather
2013-05-16 19:00:00,62.7023387079874,0.0,14.8,May,2013_Rolling_RealWeather
2013-05-16 19:05:00,62.58775166132108,0.0,14.8,May,2013_Rolling_RealWeather
2013-05-16 19:10:00,62.565557567282696,0.0,14.8,May,2013_Rolling_RealWeather
2013-05-16 19:15:00,62.580061277145354,0.0,14.8,May,2013_Rolling_RealWeather
2013-05-16 19:20:00,62.61768386183532,0.0,14.8,May,2013_Rolling_RealWeather
2013-05-16 19:25:00,62.64581293327992,0.0,14.8,May,2013_Rolling_RealWeather
2013-05-16 19:30:00,62.65737785230913,0.0,14.8,May,2013_Rolling_RealWeather
2013-05-16 19:35:00,62.65606806863945,0.0,14.8,May,2013_Rolling_RealWeather
2013-05-16 19:40:00,62.649501738100476,0.0,14.8,May,2013_Rolling_RealWeather
2013-05-16 19:45:00,62.643477765053476,0.0,14.8,May,2013_Rolling_RealWeather
2013-05-16 19:50:00,62.64030487699104,0.0,14.8,May,2013_Rolling_RealWeather
2013-05-16 19:55:00,62.63988762931291,0.0,14.8,May,2013_Rolling_RealWeather
2013-05-16 20:00:00,63.67107687434847,0.0,14.8,May,2013_Rolling_RealWeather
2013-05-16 20:05:00,63.97688911230797,0.0,14.8,May,2013_Rolling_RealWeather
2013-05-16 20:10:00,64.00520649336929,0.0,14.8,May,2013_Rolling_RealWeather
2013-05-16 20:15:00,63.99448316355176,0.0,14.8,May,2013_Rolling_RealWeather
2013-05-16 20:20:00,63.960482959399755,0.0,14.8,May,2013_Rolling_RealWeather
2013-05-16 20:25:00,63.93689137584282,0.0,14.8,May,2013_Rolling_RealWeather
2013-05-16 20:30:00,63.925683084272656,0.0,14.8,May,2013_Rolling_RealWeather
2013-05-16 20:35:00,63.92974463895096,0.0,14.8,May,2013_Rolling_RealWeather
2013-05-16 20:40:00,63.934756770256094,0.0,14.8,May,2013_Rolling_RealWeather
2013-05-16 20:45:00,63.93716094234893,0.0,14.8,May,2013_Rolling_RealWeather
2013-05-16 20:50:00,63.93805734771617,0.0,14.8,May,2013_Rolling_RealWeather
2013-05-16 20:55:00,63.93794255623749,0.0,14.8,May,2013_Rolling_RealWeather
2013-05-16 21:00:00,64.34286369322376,0.0,14.8,May,2013_Rolling_RealWeather
2013-05-16 21:05:00,64.42608364589232,0.0,14.8,May,2013_Rolling_RealWeather
2013-05-16 21:10:00,64.42714385483026,0.0,14.8,May,2013_Rolling_RealWeather
2013-05-16 21:15:00,64.43324972966262,0.0,14.8,May,2013_Rolling_RealWeather
2013-05-16 21:20:00,64.44043902968701,0.0,14.8,May,2013_Rolling_RealWeather
2013-05-16 21:25:00,64.44249237838434,0.0,14.8,May,2013_Rolling_RealWeather
2013-05-16 21:30:00,64.44138702673007,0.0,14.8,May,2013_Rolling_RealWeather
2013-05-16 21:35:00,64.4439588717693,0.0,14.8,May,2013_Rolling_RealWeather
2013-05-16 21:40:00,64.4452731697106,0.0,14.8,May,2013_Rolling_RealWeather
2013-05-16 21:45:00,64.44543439369751,0.0,14.8,May,2013_Rolling_RealWeather
2013-05-16 21:50:00,64.44547953641386,0.0,14.8,May,2013_Rolling_RealWeather
2013-05-16 21:55:00,64.44558400955736,0.0,14.8,May,2013_Rolling_RealWeather
2013-05-16 22:00:00,63.11639413102319,0.0,24.1,May,2013_Rolling_RealWeather
2013-05-16 22:05:00,62.73113460184188,0.0,24.1,May,2013_Rolling_RealWeather
2013-05-16 22:10:00,62.63240877100801,0.0,24.1,May,2013_Rolling_RealWeather
2013-05-16 22:15:00,62.61333532846031,0.0,24.1,May,2013_Rolling_RealWeather
2013-05-16 22:20:00,62.5933861172157,0.0,24.1,May,2013_Rolling_RealWeather
2013-05-16 22:25:00,62.59806161283616,0.0,24.1,May,2013_Rolling_RealWeather
2013-05-16 22:30:00,62.602265044622946,0.0,24.1,May,2013_Rolling_RealWeather
2013-05-16 22:35:00,62.58262538343321,0.0,24.1,May,2013_Rolling_RealWeather
2013-05-16 22:40:00,62.570065389956774,0.0,24.1,May,2013_Rolling_RealWeather
2013-05-16 22:45:00,62.565128066581565,0.0,24.1,May,2013_Rolling_RealWeather
2013-05-16 22:50:00,62.56353517359087,0.0,24.1,May,2013_Rolling_RealWeather
2013-05-16 22:55:00,62.562500760490835,0.0,24.1,May,2013_Rolling_RealWeather
2013-05-16 23:00:00,62.06751859447032,0.0,27.7,May,2013_Rolling_RealWeather
2013-05-16 23:05:00,61.91270745286122,0.0,27.7,May,2013_Rolling_RealWeather
2013-05-16 23:10:00,61.86197735803526,0.0,27.7,May,2013_Rolling_RealWeather
2013-05-16 23:15:00,61.85077293584079,0.0,27.7,May,2013_Rolling_RealWeather
2013-05-16 23:20:00,61.829692577104,0.0,27.7,May,2013_Rolling_RealWeather
2013-05-16 23:25:00,61.82423417780309,0.0,27.7,May,2013_Rolling_RealWeather
2013-05-16 23:30:00,61.821916421767234,0.0,27.7,May,2013_Rolling_RealWeather
2013-05-16 23:35:00,61.8126505567914,0.0,27.7,May,2013_Rolling_RealWeather
2013-05-16 23:40:00,61.80619643814732,0.0,27.7,May,2013_Rolling_RealWeather
2013-05-16 23:45:00,61.80328150846394,0.0,27.7,May,2013_Rolling_RealWeather
2013-05-16 23:50:00,61.80218131597724,0.0,27.7,May,2013_Rolling_RealWeather
2013-05-16 23:55:00,61.801190755801656,0.0,27.7,May,2013_Rolling_RealWeather
2013-05-17 00:00:00,63.17346097343076,0.0,27.7,May,2013_Rolling_RealWeather
2013-05-17 00:05:00,63.54892455332027,0.0,27.7,May,2013_Rolling_RealWeather
2013-05-17 00:10:00,63.63837807021882,0.0,27.7,May,2013_Rolling_RealWeather
2013-05-17 00:15:00,63.66030066306324,0.0,27.7,May,2013_Rolling_RealWeather
2013-05-17 00:20:00,63.74622917871194,0.0,27.7,May,2013_Rolling_RealWeather
2013-05-17 00:25:00,63.77520693322365,0.0,27.7,May,2013_Rolling_RealWeather
2013-05-17 00:30:00,63.78554977443206,0.0,27.7,May,2013_Rolling_RealWeather
2013-05-17 00:35:00,63.8103215175732,0.0,27.7,May,2013_Rolling_RealWeather
2013-05-17 00:40:00,63.82752218228893,0.0,27.7,May,2013_Rolling_RealWeather
2013-05-17 00:45:00,63.833956954054585,0.0,27.7,May,2013_Rolling_RealWeather
2013-05-17 00:50:00,63.83628115904991,0.0,27.7,May,2013_Rolling_RealWeather
2013-05-17 00:55:00,63.839557230463974,0.0,27.7,May,2013_Rolling_RealWeather
2013-05-17 01:00:00,64.08104496702106,0.0,29.5,May,2013_Rolling_RealWeather
2013-05-17 01:05:00,64.14081392344927,0.0,29.5,May,2013_Rolling_RealWeather
2013-05-17 01:10:00,64.15437221585267,0.0,29.5,May,2013_Rolling_RealWeather
2013-05-17 01:15:00,64.15742386347695,0.0,29.5,May,2013_Rolling_RealWeather
2013-05-17 01:20:00,64.17297875373427,0.0,29.5,May,2013_Rolling_RealWeather
2013-05-17 01:25:00,64.1780734317207,0.0,29.5,May,2013_Rolling_RealWeather
2013-05-17 01:30:00,64.18026607794272,0.0,29.5,May,2013_Rolling_RealWeather
2013-05-17 01:35:00,64.18434826929135,0.0,29.5,May,2013_Rolling_RealWeather
2013-05-17 01:40:00,64.187161305415,0.0,29.5,May,2013_Rolling_RealWeather
2013-05-17 01:45:00,64.18818797976365,0.0,29.5,May,2013_Rolling_RealWeather
2013-05-17 01:50:00,64.18859555400257,0.0,29.5,May,2013_Rolling_RealWeather
2013-05-17 01:55:00,64.18914629514187,0.0,29.5,May,2013_Rolling_RealWeather
2013-05-17 02:00:00,65.16691947388252,0.0,20.5,May,2013_Rolling_RealWeather
2013-05-17 02:05:00,65.32449093137156,0.0,20.5,May,2013_Rolling_RealWeather
2013-05-17 02:10:00,65.3361945030295,0.0,20.5,May,2013_Rolling_RealWeather
2013-05-17 02:15:00,65.35537499830451,0.0,20.5,May,2013_Rolling_RealWeather
2013-05-17 02:20:00,65.39523601682878,0.0,20.5,May,2013_Rolling_RealWeather
2013-05-17 02:25:00,65.40658618550742,0.0,20.5,May,2013_Rolling_RealWeather
2013-05-17 02:30:00,65.40956044561798,0.0,20.5,May,2013_Rolling_RealWeather
2013-05-17 02:35:00,65.41663882353939,0.0,20.5,May,2013_Rolling_RealWeather
2013-05-17 02:40:00,65.42021154708937,0.0,20.5,May,2013_Rolling_RealWeather
2013-05-17 02:45:00,65.42122274393529,0.0,20.5,May,2013_Rolling_RealWeather
2013-05-17 02:50:00,65.42172576277446,0.0,20.5,May,2013_Rolling_RealWeather
2013-05-17 02:55:00,65.42232809558956,0.0,20.5,May,2013_Rolling_RealWeather
2013-05-17 03:00:00,65.94269721533227,0.0,14.8,May,2013_Rolling_RealWeather
2013-05-17 03:05:00,66.00661801187145,0.0,14.8,May,2013_Rolling_RealWeather
2013-05-17 03:10:00,66.01047835901409,0.0,14.8,May,2013_Rolling_RealWeather
2013-05-17 03:15:00,66.02232896694811,0.0,14.8,May,2013_Rolling_RealWeather
2013-05-17 03:20:00,66.03514433921981,0.0,14.8,May,2013_Rolling_RealWeather
2013-05-17 03:25:00,66.03908336366806,0.0,14.8,May,2013_Rolling_RealWeather
2013-05-17 03:30:00,66.03994752423792,0.0,14.8,May,2013_Rolling_RealWeather
2013-05-17 03:35:00,66.04158555994495,0.0,14.8,May,2013_Rolling_RealWeather
2013-05-17 03:40:00,66.04228849652789,0.0,14.8,May,2013_Rolling_RealWeather
2013-05-17 03:45:00,66.0425026019825,0.0,14.8,May,2013_Rolling_RealWeather
2013-05-17 03:50:00,66.04261610366929,0.0,14.8,May,2013_Rolling_RealWeather
2013-05-17 03:55:00,66.04270509931007,0.0,14.8,May,2013_Rolling_RealWeather
2013-05-17 04:00:00,66.46686090283094,0.0,7.6,May,2013_Rolling_RealWeather
2013-05-17 04:05:00,66.50515224461863,0.0,7.6,May,2013_Rolling_RealWeather
2013-05-17 04:10:00,66.50914415053458,0.0,7.6,May,2013_Rolling_RealWeather
2013-05-17 04:15:00,66.52031890751546,0.0,7.6,May,2013_Rolling_RealWeather
2013-05-17 04:20:00,66.52650474944532,0.0,7.6,May,2013_Rolling_RealWeather
2013-05-17 04:25:00,66.52924555722284,0.0,7.6,May,2013_Rolling_RealWeather
2013-05-17 04:30:00,66.52962475604005,0.0,7.6,May,2013_Rolling_RealWeather
2013-05-17 04:35:00,66.52999234673021,0.0,7.6,May,2013_Rolling_RealWeather
2013-05-17 04:40:00,66.5302154807281,0.0,7.6,May,2013_Rolling_RealWeather
2013-05-17 04:45:00,66.5302967376175,0.0,7.6,May,2013_Rolling_RealWeather
2013-05-17 04:50:00,66.53032769262299,0.0,7.6,May,2013_Rolling_RealWeather
2013-05-17 04:55:00,66.53033801095816,0.0,7.6,May,2013_Rolling_RealWeather
2013-05-17 05:00:00,66.91867629354655,0.0,0.0,May,2013_Rolling_RealWeather
2013-05-17 05:05:00,66.94290761388356,0.0,0.0,May,2013_Rolling_RealWeather
2013-05-17 05:10:00,66.94868459178261,0.0,0.0,May,2013_Rolling_RealWeather
2013-05-17 05:15:00,66.96065644015479,0.0,0.0,May,2013_Rolling_RealWeather
2013-05-17 05:20:00,66.9648779290281,0.0,0.0,May,2013_Rolling_RealWeather
2013-05-17 05:25:00,66.96771934057345,0.0,0.0,May,2013_Rolling_RealWeather
2013-05-17 05:30:00,66.96800180499852,0.0,0.0,May,2013_Rolling_RealWeather
2013-05-17 05:35:00,66.96794634394702,0.0,0.0,May,2013_Rolling_RealWeather
2013-05-17 05:40:00,66.96810498835015,0.0,0.0,May,2013_Rolling_RealWeather
2013-05-17 05:45:00,66.96815013106648,0.0,0.0,May,2013_Rolling_RealWeather
2013-05-17 05:50:00,66.96816302898543,0.0,0.0,May,2013_Rolling_RealWeather
2013-05-17 05:55:00,66.96816431877733,0.0,0.0,May,2013_Rolling_RealWeather
2013-05-17 06:00:00,67.25879828571294,0.0,7.6,May,2013_Rolling_RealWeather
2013-05-17 06:05:00,67.28774508521916,0.0,7.6,May,2013_Rolling_RealWeather
2013-05-17 06:10:00,67.28961657325924,0.0,7.6,May,2013_Rolling_RealWeather
2013-05-17 06:15:00,67.29476671229718,0.0,7.6,May,2013_Rolling_RealWeather
2013-05-17 06:20:00,67.29523748633896,0.0,7.6,May,2013_Rolling_RealWeather
2013-05-17 06:25:00,67.29649374364499,0.0,7.6,May,2013_Rolling_RealWeather
2013-05-17 06:30:00,67.29651051093963,0.0,7.6,May,2013_Rolling_RealWeather
2013-05-17 06:35:00,67.29655694344785,0.0,7.6,May,2013_Rolling_RealWeather
2013-05-17 06:40:00,67.29661240449936,0.0,7.6,May,2013_Rolling_RealWeather
2013-05-17 06:45:00,67.29661111470746,0.0,7.6,May,2013_Rolling_RealWeather
2013-05-17 06:50:00,67.29661885345882,0.0,7.6,May,2013_Rolling_RealWeather
2013-05-17 06:55:00,67.29661885345882,0.0,7.6,May,2013_Rolling_RealWeather
2013-05-17 07:00:00,67.47642358241507,0.0,7.6,May,2013_Rolling_RealWeather
2013-05-17 07:05:00,67.49538481306787,0.0,7.6,May,2013_Rolling_RealWeather
2013-05-17 07:10:00,67.4963379692785,0.0,7.6,May,2013_Rolling_RealWeather
2013-05-17 07:15:00,67.49893174077995,0.0,7.6,May,2013_Rolling_RealWeather
2013-05-17 07:20:00,67.49852932570862,0.0,7.6,May,2013_Rolling_RealWeather
2013-05-17 07:25:00,67.49924000104293,0.0,7.6,May,2013_Rolling_RealWeather
2013-05-17 07:30:00,67.49923871125104,0.0,7.6,May,2013_Rolling_RealWeather
2013-05-17 07:35:00,67.49933415585129,0.0,7.6,May,2013_Rolling_RealWeather
2013-05-17 07:40:00,67.49938316794331,0.0,7.6,May,2013_Rolling_RealWeather
2013-05-17 07:45:00,67.49937800877572,0.0,7.6,May,2013_Rolling_RealWeather
2013-05-17 07:50:00,67.4993844577352,0.0,7.6,May,2013_Rolling_RealWeather
2013-05-17 07:55:00,67.49938316794331,0.0,7.6,May,2013_Rolling_RealWeather
2013-05-17 08:00:00,67.48485882141033,0.0,5.4,May,2013_Rolling_RealWeather
2013-05-17 08:05:00,67.48336524239558,0.0,5.4,May,2013_Rolling_RealWeather
2013-05-17 08:10:00,67.48328140592238,0.0,5.4,May,2013_Rolling_RealWeather
2013-05-17 08:15:00,67.4830544025488,0.0,5.4,May,2013_Rolling_RealWeather
2013-05-17 08:20:00,67.48309309630567,0.0,5.4,May,2013_Rolling_RealWeather
2013-05-17 08:25:00,67.48302215775142,0.0,5.4,May,2013_Rolling_RealWeather
2013-05-17 08:30:00,67.48301441900006,0.0,5.4,May,2013_Rolling_RealWeather
2013-05-17 08:35:00,67.48300410066489,0.0,5.4,May,2013_Rolling_RealWeather
2013-05-17 08:40:00,67.48299636191352,0.0,5.4,May,2013_Rolling_RealWeather
2013-05-17 08:45:00,67.48299378232973,0.0,5.4,May,2013_Rolling_RealWeather
2013-05-17 08:50:00,67.48299120274594,0.0,5.4,May,2013_Rolling_RealWeather
2013-05-17 08:55:00,67.48299378232973,0.0,5.4,May,2013_Rolling_RealWeather
2013-05-17 09:00:00,67.25706609519754,0.0,0.0,May,2013_Rolling_RealWeather
2013-05-17 09:05:00,67.23687569286852,0.0,0.0,May,2013_Rolling_RealWeather
2013-05-17 09:10:00,67.23488296439028,0.0,0.0,May,2013_Rolling_RealWeather
2013-05-17 09:15:00,67.22967865409274,0.0,0.0,May,2013_Rolling_RealWeather
2013-05-17 09:20:00,67.22923496568076,0.0,0.0,May,2013_Rolling_RealWeather
2013-05-17 09:25:00,67.22737250618394,0.0,0.0,May,2013_Rolling_RealWeather
2013-05-17 09:30:00,67.22717129864827,0.0,0.0,May,2013_Rolling_RealWeather
2013-05-17 09:35:00,67.2270823030075,0.0,0.0,May,2013_Rolling_RealWeather
2013-05-17 09:40:00,67.2269700911126,0.0,0.0,May,2013_Rolling_RealWeather
2013-05-17 09:45:00,67.22695719319366,0.0,0.0,May,2013_Rolling_RealWeather
2013-05-17 09:50:00,67.22693913610712,0.0,0.0,May,2013_Rolling_RealWeather
2013-05-17 09:55:00,67.22693268714765,0.0,0.0,May,2013_Rolling_RealWeather
2013-05-17 10:00:00,67.23351836456504,0.0,5.4,May,2013_Rolling_RealWeather
2013-05-17 10:05:00,67.23428321115897,0.0,5.4,May,2013_Rolling_RealWeather
2013-05-17 10:10:00,67.23431158658066,0.0,5.4,May,2013_Rolling_RealWeather
2013-05-17 10:15:00,67.23440703118091,0.0,5.4,May,2013_Rolling_RealWeather
2013-05-17 10:20:00,67.23439155367817,0.0,5.4,May,2013_Rolling_RealWeather
2013-05-17 10:25:00,67.23443282701882,0.0,5.4,May,2013_Rolling_RealWeather
2013-05-17 10:30:00,67.23444314535398,0.0,5.4,May,2013_Rolling_RealWeather
2013-05-17 10:35:00,67.23445604327293,0.0,5.4,May,2013_Rolling_RealWeather
2013-05-17 10:40:00,67.23446120244051,0.0,5.4,May,2013_Rolling_RealWeather
2013-05-17 10:45:00,67.2344637820243,0.0,5.4,May,2013_Rolling_RealWeather
2013-05-17 10:50:00,67.2344637820243,0.0,5.4,May,2013_Rolling_RealWeather
2013-05-17 10:55:00,67.23446249223241,0.0,5.4,May,2013_Rolling_RealWeather
2013-05-17 11:00:00,66.90351994898488,0.0,0.0,May,2013_Rolling_RealWeather
2013-05-17 11:05:00,66.87043807666232,0.0,0.0,May,2013_Rolling_RealWeather
2013-05-17 11:10:00,66.8684672746463,0.0,0.0,May,2013_Rolling_RealWeather
2013-05-17 11:15:00,66.86028354507062,0.0,0.0,May,2013_Rolling_RealWeather
2013-05-17 11:20:00,66.8588363985641,0.0,0.0,May,2013_Rolling_RealWeather
2013-05-17 11:25:00,66.85522240167346,0.0,0.0,May,2013_Rolling_RealWeather
2013-05-17 11:30:00,66.85457621593392,0.0,0.0,May,2013_Rolling_RealWeather
2013-05-17 11:35:00,66.85423571087355,0.0,0.0,May,2013_Rolling_RealWeather
2013-05-17 11:40:00,66.85397517291071,0.0,0.0,May,2013_Rolling_RealWeather
2013-05-17 11:45:00,66.85391455269163,0.0,0.0,May,2013_Rolling_RealWeather
2013-05-17 11:50:00,66.85384748351308,0.0,0.0,May,2013_Rolling_RealWeather
2013-05-17 11:55:00,66.85382813663465,0.0,0.0,May,2013_Rolling_RealWeather
2013-05-17 12:00:00,66.81073360982887,0.0,5.4,May,2013_Rolling_RealWeather
2013-05-17 12:05:00,66.80517460676012,0.0,5.4,May,2013_Rolling_RealWeather
2013-05-17 12:10:00,66.80515654967358,0.0,5.4,May,2013_Rolling_RealWeather
2013-05-17 12:15:00,66.80434656036334,0.0,5.4,May,2013_Rolling_RealWeather
2013-05-17 12:20:00,66.8043310828606,0.0,5.4,May,2013_Rolling_RealWeather
2013-05-17 12:25:00,66.8038667577783,0.0,5.4,May,2013_Rolling_RealWeather
2013-05-17 12:30:00,66.80374164796444,0.0,5.4,May,2013_Rolling_RealWeather
2013-05-17 12:35:00,66.80362943606956,0.0,5.4,May,2013_Rolling_RealWeather
2013-05-17 12:40:00,66.80357526480995,0.0,5.4,May,2013_Rolling_RealWeather
2013-05-17 12:45:00,66.8035636566829,0.0,5.4,May,2013_Rolling_RealWeather
2013-05-17 12:50:00,66.80355720772341,0.0,5.4,May,2013_Rolling_RealWeather
2013-05-17 12:55:00,66.80355462813962,0.0,5.4,May,2013_Rolling_RealWeather
2013-05-17 13:00:00,66.64387065275007,0.0,0.0,May,2013_Rolling_RealWeather
2013-05-17 13:05:00,66.62669965324794,0.0,0.0,May,2013_Rolling_RealWeather
2013-05-17 13:10:00,66.62683508139695,0.0,0.0,May,2013_Rolling_RealWeather
2013-05-17 13:15:00,66.62184745613781,0.0,0.0,May,2013_Rolling_RealWeather
2013-05-17 13:20:00,66.62012042479002,0.0,0.0,May,2013_Rolling_RealWeather
2013-05-17 13:25:00,66.61785684001376,0.0,0.0,May,2013_Rolling_RealWeather
2013-05-17 13:30:00,66.61734221304754,0.0,0.0,May,2013_Rolling_RealWeather
2013-05-17 13:35:00,66.61717454010115,0.0,0.0,May,2013_Rolling_RealWeather
2013-05-17 13:40:00,66.6169952590277,0.0,0.0,May,2013_Rolling_RealWeather
2013-05-17 13:45:00,66.61692561026535,0.0,0.0,May,2013_Rolling_RealWeather
2013-05-17 13:50:00,66.61688175734092,0.0,0.0,May,2013_Rolling_RealWeather
2013-05-17 13:55:00,66.61686241046249,0.0,0.0,May,2013_Rolling_RealWeather
2013-05-17 14:00:00,66.62288315902974,0.0,0.0,May,2013_Rolling_RealWeather
2013-05-17 14:05:00,66.62356287935857,0.0,0.0,May,2013_Rolling_RealWeather
2013-05-17 14:10:00,66.62352031622602,0.0,0.0,May,2013_Rolling_RealWeather
2013-05-17 14:15:00,66.62372410334548,0.0,0.0,May,2013_Rolling_RealWeather
2013-05-17 14:20:00,66.62382212752952,0.0,0.0,May,2013_Rolling_RealWeather
2013-05-17 14:25:00,66.62391628233789,0.0,0.0,May,2013_Rolling_RealWeather
2013-05-17 14:30:00,66.62393433942441,0.0,0.0,May,2013_Rolling_RealWeather
2013-05-17 14:35:00,66.62394078838389,0.0,0.0,May,2013_Rolling_RealWeather
2013-05-17 14:40:00,66.62394594755148,0.0,0.0,May,2013_Rolling_RealWeather
2013-05-17 14:45:00,66.62394594755148,0.0,0.0,May,2013_Rolling_RealWeather
2013-05-17 14:50:00,66.62394981692717,0.0,0.0,May,2013_Rolling_RealWeather
2013-05-17 14:55:00,66.62394723734337,0.0,0.0,May,2013_Rolling_RealWeather
2013-05-17 15:00:00,66.33405490074756,0.0,5.4,May,2013_Rolling_RealWeather
2013-05-17 15:05:00,66.28430633755393,0.0,5.4,May,2013_Rolling_RealWeather
2013-05-17 15:10:00,66.28902439630694,0.0,5.4,May,2013_Rolling_RealWeather
2013-05-17 15:15:00,66.2837672045417,0.0,5.4,May,2013_Rolling_RealWeather
2013-05-17 15:20:00,66.28075940984186,0.0,5.4,May,2013_Rolling_RealWeather
2013-05-17 15:25:00,66.27643215803312,0.0,5.4,May,2013_Rolling_RealWeather
2013-05-17 15:30:00,66.27560024226065,0.0,5.4,May,2013_Rolling_RealWeather
2013-05-17 15:35:00,66.27541580201962,0.0,5.4,May,2013_Rolling_RealWeather
2013-05-17 15:40:00,66.27513462738645,0.0,5.4,May,2013_Rolling_RealWeather
2013-05-17 15:45:00,66.27502628486725,0.0,5.4,May,2013_Rolling_RealWeather
2013-05-17 15:50:00,66.27495147693732,0.0,5.4,May,2013_Rolling_RealWeather
2013-05-17 15:55:00,66.2749295504751,0.0,5.4,May,2013_Rolling_RealWeather
2013-05-17 16:00:00,64.78838747907409,0.0,13.0,May,2013_Rolling_RealWeather
2013-05-17 16:05:00,64.3054455405492,0.0,13.0,May,2013_Rolling_RealWeather
2013-05-17 16:10:00,64.24785633242404,0.0,13.0,May,2013_Rolling_RealWeather
2013-05-17 16:15:00,64.287881154519,0.0,13.0,May,2013_Rolling_RealWeather
2013-05-17 16:20:00,64.35592799533126,0.0,13.0,May,2013_Rolling_RealWeather
2013-05-17 16:25:00,64.38092287247028,0.0,13.0,May,2013_Rolling_RealWeather
2013-05-17 16:30:00,64.38806573998646,0.0,13.0,May,2013_Rolling_RealWeather
2013-05-17 16:35:00,64.38247836149601,0.0,13.0,May,2013_Rolling_RealWeather
2013-05-17 16:40:00,64.37625769518498,0.0,13.0,May,2013_Rolling_RealWeather
2013-05-17 16:45:00,64.3736729522268,0.0,13.0,May,2013_Rolling_RealWeather
2013-05-17 16:50:00,64.37309641524959,0.0,13.0,May,2013_Rolling_RealWeather
2013-05-17 16:55:00,64.37350140990472,0.0,13.0,May,2013_Rolling_RealWeather
2013-05-17 17:00:00,64.2958430398887,0.0,11.2,May,2013_Rolling_RealWeather
2013-05-17 17:05:00,64.26906824993415,0.0,11.2,May,2013_Rolling_RealWeather
2013-05-17 17:10:00,64.26597790855301,0.0,11.2,May,2013_Rolling_RealWeather
2013-05-17 17:15:00,64.26831630125919,0.0,11.2,May,2013_Rolling_RealWeather
2013-05-17 17:20:00,64.27243847615657,0.0,11.2,May,2013_Rolling_RealWeather
2013-05-17 17:25:00,64.27440282921312,0.0,11.2,May,2013_Rolling_RealWeather
2013-05-17 17:30:00,64.2752012103963,0.0,11.2,May,2013_Rolling_RealWeather
2013-05-17 17:35:00,64.27520636956389,0.0,11.2,May,2013_Rolling_RealWeather
2013-05-17 17:40:00,64.2749548601443,0.0,11.2,May,2013_Rolling_RealWeather
2013-05-17 17:45:00,64.27478331782223,0.0,11.2,May,2013_Rolling_RealWeather
2013-05-17 17:50:00,64.27469819155714,0.0,11.2,May,2013_Rolling_RealWeather
2013-05-17 17:55:00,64.27468271405439,0.0,11.2,May,2013_Rolling_RealWeather
2013-05-17 18:00:00,61.33733451284748,0.0,20.5,May,2013_Rolling_RealWeather
2013-05-17 18:05:00,59.7338221818056,0.0,20.5,May,2013_Rolling_RealWeather
2013-05-17 18:10:00,58.90719068673193,0.0,20.5,May,2013_Rolling_RealWeather
2013-05-17 18:15:00,58.74254617171305,0.0,20.5,May,2013_Rolling_RealWeather
2013-05-17 18:20:00,59.11849019908356,0.0,20.5,May,2013_Rolling_RealWeather
2013-05-17 18:25:00,59.611687917863925,0.0,20.5,May,2013_Rolling_RealWeather
2013-05-17 18:30:00,59.99487525529445,0.0,20.5,May,2013_Rolling_RealWeather
2013-05-17 18:35:00,60.15690084786992,0.0,20.5,May,2013_Rolling_RealWeather
2013-05-17 18:40:00,60.14490965261931,0.0,20.5,May,2013_Rolling_RealWeather
2013-05-17 18:45:00,60.04248921290136,0.0,20.5,May,2013_Rolling_RealWeather
2013-05-17 18:50:00,59.92734110676058,0.0,20.5,May,2013_Rolling_RealWeather
2013-05-17 18:55:00,59.849421715109735,0.0,20.5,May,2013_Rolling_RealWeather
2013-05-17 19:00:00,60.1073567166917,0.0,22.3,May,2013_Rolling_RealWeather
2013-05-17 19:05:00,60.2817514135431,0.0,22.3,May,2013_Rolling_RealWeather
2013-05-17 19:10:00,60.39243619483019,0.0,22.3,May,2013_Rolling_RealWeather
2013-05-17 19:15:00,60.440095295153434,0.0,22.3,May,2013_Rolling_RealWeather
2013-05-17 19:20:00,60.430579855445856,0.0,22.3,May,2013_Rolling_RealWeather
2013-05-17 19:25:00,60.396017946923436,0.0,22.3,May,2013_Rolling_RealWeather
2013-05-17 19:30:00,60.360114009933966,0.0,22.3,May,2013_Rolling_RealWeather
2013-05-17 19:35:00,60.33910136527168,0.0,22.3,May,2013_Rolling_RealWeather
2013-05-17 19:40:00,60.333075457536836,0.0,22.3,May,2013_Rolling_RealWeather
2013-05-17 19:45:00,60.337379493091454,0.0,22.3,May,2013_Rolling_RealWeather
2013-05-17 19:50:00,60.3457225119662,0.0,22.3,May,2013_Rolling_RealWeather
2013-05-17 19:55:00,60.35298855460838,0.0,22.3,May,2013_Rolling_RealWeather
2013-05-17 20:00:00,61.91134543261978,0.0,22.3,May,2013_Rolling_RealWeather
2013-05-17 20:05:00,62.6218737508072,0.0,22.3,May,2013_Rolling_RealWeather
2013-05-17 20:10:00,62.87890863887023,0.0,22.3,May,2013_Rolling_RealWeather
2013-05-17 20:15:00,62.93014818134183,0.0,22.3,May,2013_Rolling_RealWeather
2013-05-17 20:20:00,62.875779603732234,0.0,22.3,May,2013_Rolling_RealWeather
2013-05-17 20:25:00,62.796376145281855,0.0,22.3,May,2013_Rolling_RealWeather
2013-05-17 20:30:00,62.73902683844922,0.0,22.3,May,2013_Rolling_RealWeather
2013-05-17 20:35:00,62.73448290160208,0.0,22.3,May,2013_Rolling_RealWeather
2013-05-17 20:40:00,62.74813147943814,0.0,22.3,May,2013_Rolling_RealWeather
2013-05-17 20:45:00,62.76333167692426,0.0,22.3,May,2013_Rolling_RealWeather
2013-05-17 20:50:00,62.77379446877894,0.0,22.3,May,2013_Rolling_RealWeather
2013-05-17 20:55:00,62.77785602345724,0.0,22.3,May,2013_Rolling_RealWeather
2013-05-17 21:00:00,63.302373093782236,0.0,24.1,May,2013_Rolling_RealWeather
2013-05-17 21:05:00,63.487157709246226,0.0,24.1,May,2013_Rolling_RealWeather
2013-05-17 21:10:00,63.54176620830135,0.0,24.1,May,2013_Rolling_RealWeather
2013-05-17 21:15:00,63.55453901744051,0.0,24.1,May,2013_Rolling_RealWeather
2013-05-17 21:20:00,63.55762290986217,0.0,24.1,May,2013_Rolling_RealWeather
2013-05-17 21:25:00,63.55040781399986,0.0,24.1,May,2013_Rolling_RealWeather
2013-05-17 21:30:00,63.54415877226713,0.0,24.1,May,2013_Rolling_RealWeather
2013-05-17 21:35:00,63.55026593689138,0.0,24.1,May,2013_Rolling_RealWeather
2013-05-17 21:40:00,63.555609544713604,0.0,24.1,May,2013_Rolling_RealWeather
2013-05-17 21:45:00,63.558314238318054,0.0,24.1,May,2013_Rolling_RealWeather
2013-05-17 21:50:00,63.559441516434546,0.0,24.1,May,2013_Rolling_RealWeather
2013-05-17 21:55:00,63.55991358026822,0.0,24.1,May,2013_Rolling_RealWeather
2013-05-17 22:00:00,63.62212282296235,0.0,25.9,May,2013_Rolling_RealWeather
2013-05-17 22:05:00,63.64086220940917,0.0,25.9,May,2013_Rolling_RealWeather
2013-05-17 22:10:00,63.64603556470122,0.0,25.9,May,2013_Rolling_RealWeather
2013-05-17 22:15:00,63.6474956091267,0.0,25.9,May,2013_Rolling_RealWeather
2013-05-17 22:20:00,63.64969341451629,0.0,25.9,May,2013_Rolling_RealWeather
2013-05-17 22:25:00,63.6499642708143,0.0,25.9,May,2013_Rolling_RealWeather
2013-05-17 22:30:00,63.64986366704647,0.0,25.9,May,2013_Rolling_RealWeather
2013-05-17 22:35:00,63.65093161473578,0.0,25.9,May,2013_Rolling_RealWeather
2013-05-17 22:40:00,63.65164486965388,0.0,25.9,May,2013_Rolling_RealWeather
2013-05-17 22:45:00,63.65191830553568,0.0,25.9,May,2013_Rolling_RealWeather
2013-05-17 22:50:00,63.65201117055214,0.0,25.9,May,2013_Rolling_RealWeather
2013-05-17 22:55:00,63.65210919473619,0.0,25.9,May,2013_Rolling_RealWeather
2013-05-17 23:00:00,64.37538192648807,0.0,20.5,May,2013_Rolling_RealWeather
2013-05-17 23:05:00,64.51217467531983,0.0,20.5,May,2013_Rolling_RealWeather
2013-05-17 23:10:00,64.52253686340667,0.0,20.5,May,2013_Rolling_RealWeather
2013-05-17 23:15:00,64.5396549814411,0.0,20.5,May,2013_Rolling_RealWeather
2013-05-17 23:20:00,64.57664363341452,0.0,20.5,May,2013_Rolling_RealWeather
2013-05-17 23:25:00,64.58649893328652,0.0,20.5,May,2013_Rolling_RealWeather
2013-05-17 23:30:00,64.58728699613454,0.0,20.5,May,2013_Rolling_RealWeather
2013-05-17 23:35:00,64.59629490273132,0.0,20.5,May,2013_Rolling_RealWeather
2013-05-17 23:40:00,64.60116515692798,0.0,20.5,May,2013_Rolling_RealWeather
2013-05-17 23:45:00,64.60227695754172,0.0,20.5,May,2013_Rolling_RealWeather
2013-05-17 23:50:00,64.60273999283214,0.0,20.5,May,2013_Rolling_RealWeather
2013-05-17 23:55:00,64.60367509195623,0.0,20.5,May,2013_Rolling_RealWeather
2013-05-18 00:00:00,65.44739391128283,0.0,24.1,May,2013_Rolling_RealWeather
2013-05-18 00:05:00,65.58855905463966,0.0,24.1,May,2013_Rolling_RealWeather
2013-05-18 00:10:00,65.60349742437103,0.0,24.1,May,2013_Rolling_RealWeather
2013-05-18 00:15:00,65.62155193132143,0.0,24.1,May,2013_Rolling_RealWeather
2013-05-18 00:20:00,65.66604330274983,0.0,24.1,May,2013_Rolling_RealWeather
2013-05-18 00:25:00,65.67649706606123,0.0,24.1,May,2013_Rolling_RealWeather
2013-05-18 00:30:00,65.67854396579908,0.0,24.1,May,2013_Rolling_RealWeather
2013-05-18 00:35:00,65.68944141752246,0.0,24.1,May,2013_Rolling_RealWeather
2013-05-18 00:40:00,65.6949488289154,0.0,24.1,May,2013_Rolling_RealWeather
2013-05-18 00:45:00,65.69625667789724,0.0,24.1,May,2013_Rolling_RealWeather
2013-05-18 00:50:00,65.69689254530161,0.0,24.1,May,2013_Rolling_RealWeather
2013-05-18 00:55:00,65.69805077842359,0.0,24.1,May,2013_Rolling_RealWeather
2013-05-18 01:00:00,66.21799813621654,0.0,11.2,May,2013_Rolling_RealWeather
2013-05-18 01:05:00,66.26432359172004,0.0,11.2,May,2013_Rolling_RealWeather
2013-05-18 01:10:00,66.2704320461362,0.0,11.2,May,2013_Rolling_RealWeather
2013-05-18 01:15:00,66.28797579549607,0.0,11.2,May,2013_Rolling_RealWeather
2013-05-18 01:20:00,66.30353326533718,0.0,11.2,May,2013_Rolling_RealWeather
2013-05-18 01:25:00,66.3075857914722,0.0,11.2,May,2013_Rolling_RealWeather
2013-05-18 01:30:00,66.30806172468158,0.0,11.2,May,2013_Rolling_RealWeather
2013-05-18 01:35:00,66.30987001291878,0.0,11.2,May,2013_Rolling_RealWeather
2013-05-18 01:40:00,66.3106619451425,0.0,11.2,May,2013_Rolling_RealWeather
2013-05-18 01:45:00,66.31087605059712,0.0,11.2,May,2013_Rolling_RealWeather
2013-05-18 01:50:00,66.31098439311633,0.0,11.2,May,2013_Rolling_RealWeather
2013-05-18 01:55:00,66.31108370709227,0.0,11.2,May,2013_Rolling_RealWeather
2013-05-18 02:00:00,66.44273534542936,0.0,14.8,May,2013_Rolling_RealWeather
2013-05-18 02:05:00,66.45624204615694,0.0,14.8,May,2013_Rolling_RealWeather
2013-05-18 02:10:00,66.45791103686946,0.0,14.8,May,2013_Rolling_RealWeather
2013-05-18 02:15:00,66.46142700957606,0.0,14.8,May,2013_Rolling_RealWeather
2013-05-18 02:20:00,66.46461408534934,0.0,14.8,May,2013_Rolling_RealWeather
2013-05-18 02:25:00,66.46550662134088,0.0,14.8,May,2013_Rolling_RealWeather
2013-05-18 02:30:00,66.46564204948989,0.0,14.8,May,2013_Rolling_RealWeather
2013-05-18 02:35:00,66.46606381143965,0.0,14.8,May,2013_Rolling_RealWeather
2013-05-18 02:40:00,66.46622632521846,0.0,14.8,May,2013_Rolling_RealWeather
2013-05-18 02:45:00,66.46626759855911,0.0,14.8,May,2013_Rolling_RealWeather
2013-05-18 02:50:00,66.4662959739808,0.0,14.8,May,2013_Rolling_RealWeather
2013-05-18 02:55:00,66.46631403106734,0.0,14.8,May,2013_Rolling_RealWeather
2013-05-18 03:00:00,66.72377326066393,0.0,14.8,May,2013_Rolling_RealWeather
2013-05-18 03:05:00,66.75014176617145,0.0,14.8,May,2013_Rolling_RealWeather
2013-05-18 03:10:00,66.75345266196669,0.0,14.8,May,2013_Rolling_RealWeather
2013-05-18 03:15:00,66.7592115827792,0.0,14.8,May,2013_Rolling_RealWeather
2013-05-18 03:20:00,66.76309385638406,0.0,14.8,May,2013_Rolling_RealWeather
2013-05-18 03:25:00,66.76432431785217,0.0,14.8,May,2013_Rolling_RealWeather
2013-05-18 03:30:00,66.76443781953895,0.0,14.8,May,2013_Rolling_RealWeather
2013-05-18 03:35:00,66.76487634878336,0.0,14.8,May,2013_Rolling_RealWeather
2013-05-18 03:40:00,66.76502080547563,0.0,14.8,May,2013_Rolling_RealWeather
2013-05-18 03:45:00,66.76505305027301,0.0,14.8,May,2013_Rolling_RealWeather
2013-05-18 03:50:00,66.76507497673524,0.0,14.8,May,2013_Rolling_RealWeather
2013-05-18 03:55:00,66.76508787465418,0.0,14.8,May,2013_Rolling_RealWeather
2013-05-18 04:00:00,67.04429815477312,0.0,9.4,May,2013_Rolling_RealWeather
2013-05-18 04:05:00,67.06786652207595,0.0,9.4,May,2013_Rolling_RealWeather
2013-05-18 04:10:00,67.07182747298641,0.0,9.4,May,2013_Rolling_RealWeather
2013-05-18 04:15:00,67.07813842473011,0.0,9.4,May,2013_Rolling_RealWeather
2013-05-18 04:20:00,67.07977388085335,0.0,9.4,May,2013_Rolling_RealWeather
2013-05-18 04:25:00,67.0807747593641,0.0,9.4,May,2013_Rolling_RealWeather
2013-05-18 04:30:00,67.08068705351522,0.0,9.4,May,2013_Rolling_RealWeather
2013-05-18 04:35:00,67.08062772308804,0.0,9.4,May,2013_Rolling_RealWeather
2013-05-18 04:40:00,67.08064191079889,0.0,9.4,May,2013_Rolling_RealWeather
2013-05-18 04:45:00,67.08063417204752,0.0,9.4,May,2013_Rolling_RealWeather
2013-05-18 04:50:00,67.08062901287994,0.0,9.4,May,2013_Rolling_RealWeather
2013-05-18 04:55:00,67.08062643329615,0.0,9.4,May,2013_Rolling_RealWeather
2013-05-18 05:00:00,67.40298541148046,0.0,11.2,May,2013_Rolling_RealWeather
2013-05-18 05:05:00,67.43298984034082,0.0,11.2,May,2013_Rolling_RealWeather
2013-05-18 05:10:00,67.43665800849107,0.0,11.2,May,2013_Rolling_RealWeather
2013-05-18 05:15:00,67.44217057905158,0.0,11.2,May,2013_Rolling_RealWeather
2013-05-18 05:20:00,67.44174752730991,0.0,11.2,May,2013_Rolling_RealWeather
2013-05-18 05:25:00,67.44234083158176,0.0,11.2,May,2013_Rolling_RealWeather
2013-05-18 05:30:00,67.44200935506467,0.0,11.2,May,2013_Rolling_RealWeather
2013-05-18 05:35:00,67.44182878419932,0.0,11.2,May,2013_Rolling_RealWeather
2013-05-18 05:40:00,67.44181588628037,0.0,11.2,May,2013_Rolling_RealWeather
2013-05-18 05:45:00,67.44178493127488,0.0,11.2,May,2013_Rolling_RealWeather
2013-05-18 05:50:00,67.4417797721073,0.0,11.2,May,2013_Rolling_RealWeather
2013-05-18 05:55:00,67.44177461293972,0.0,11.2,May,2013_Rolling_RealWeather
2013-05-18 06:00:00,67.688175166826,0.0,9.4,May,2013_Rolling_RealWeather
2013-05-18 06:05:00,67.71062915393128,0.0,9.4,May,2013_Rolling_RealWeather
2013-05-18 06:10:00,67.71312619104059,0.0,9.4,May,2013_Rolling_RealWeather
2013-05-18 06:15:00,67.7169633219291,0.0,9.4,May,2013_Rolling_RealWeather
2013-05-18 06:20:00,67.71542202061421,0.0,9.4,May,2013_Rolling_RealWeather
2013-05-18 06:25:00,67.71577155421784,0.0,9.4,May,2013_Rolling_RealWeather
2013-05-18 06:30:00,67.71542202061421,0.0,9.4,May,2013_Rolling_RealWeather
2013-05-18 06:35:00,67.71522597224613,0.0,9.4,May,2013_Rolling_RealWeather
2013-05-18 06:40:00,67.71522081307855,0.0,9.4,May,2013_Rolling_RealWeather
2013-05-18 06:45:00,67.71519243765685,0.0,9.4,May,2013_Rolling_RealWeather
2013-05-18 06:50:00,67.71519243765685,0.0,9.4,May,2013_Rolling_RealWeather
2013-05-18 06:55:00,67.71519630703254,0.0,9.4,May,2013_Rolling_RealWeather
2013-05-18 07:00:00,67.86322701264805,0.0,7.6,May,2013_Rolling_RealWeather
2013-05-18 07:05:00,67.87667825232414,0.0,7.6,May,2013_Rolling_RealWeather
2013-05-18 07:10:00,67.87799899922493,0.0,7.6,May,2013_Rolling_RealWeather
2013-05-18 07:15:00,67.88021228211727,0.0,7.6,May,2013_Rolling_RealWeather
2013-05-18 07:20:00,67.8788876658408,0.0,7.6,May,2013_Rolling_RealWeather
2013-05-18 07:25:00,67.87913788546848,0.0,7.6,May,2013_Rolling_RealWeather
2013-05-18 07:30:00,67.87890701271922,0.0,7.6,May,2013_Rolling_RealWeather
2013-05-18 07:35:00,67.87880769874329,0.0,7.6,May,2013_Rolling_RealWeather
2013-05-18 07:40:00,67.87882446603793,0.0,7.6,May,2013_Rolling_RealWeather
2013-05-18 07:45:00,67.87881027832708,0.0,7.6,May,2013_Rolling_RealWeather
2013-05-18 07:50:00,67.87881285791086,0.0,7.6,May,2013_Rolling_RealWeather
2013-05-18 07:55:00,67.87881414770276,0.0,7.6,May,2013_Rolling_RealWeather
2013-05-18 08:00:00,67.7749807409635,0.0,0.0,May,2013_Rolling_RealWeather
2013-05-18 08:05:00,67.767078186021,0.0,0.0,May,2013_Rolling_RealWeather
2013-05-18 08:10:00,67.76593285081798,0.0,0.0,May,2013_Rolling_RealWeather
2013-05-18 08:15:00,67.76373633522027,0.0,0.0,May,2013_Rolling_RealWeather
2013-05-18 08:20:00,67.76447925535197,0.0,0.0,May,2013_Rolling_RealWeather
2013-05-18 08:25:00,67.76410521570233,0.0,0.0,May,2013_Rolling_RealWeather
2013-05-18 08:30:00,67.76421355822153,0.0,0.0,May,2013_Rolling_RealWeather
2013-05-18 08:35:00,67.76435285574622,0.0,0.0,May,2013_Rolling_RealWeather
2013-05-18 08:40:00,67.76434898637054,0.0,0.0,May,2013_Rolling_RealWeather
2013-05-18 08:45:00,67.7643618842895,0.0,0.0,May,2013_Rolling_RealWeather
2013-05-18 08:50:00,67.7643593047057,0.0,0.0,May,2013_Rolling_RealWeather
2013-05-18 08:55:00,67.76435672512191,0.0,0.0,May,2013_Rolling_RealWeather
2013-05-18 09:00:00,67.71135272718455,0.0,0.0,May,2013_Rolling_RealWeather
2013-05-18 09:05:00,67.70692229202419,0.0,0.0,May,2013_Rolling_RealWeather
2013-05-18 09:10:00,67.70644764860671,0.0,0.0,May,2013_Rolling_RealWeather
2013-05-18 09:15:00,67.70538743966878,0.0,0.0,May,2013_Rolling_RealWeather
2013-05-18 09:20:00,67.70578598536443,0.0,0.0,May,2013_Rolling_RealWeather
2013-05-18 09:25:00,67.70557059011792,0.0,0.0,May,2013_Rolling_RealWeather
2013-05-18 09:30:00,67.70562347158562,0.0,0.0,May,2013_Rolling_RealWeather
2013-05-18 09:35:00,67.70567635305333,0.0,0.0,May,2013_Rolling_RealWeather
2013-05-18 09:40:00,67.70566861430196,0.0,0.0,May,2013_Rolling_RealWeather
2013-05-18 09:45:00,67.70567377346954,0.0,0.0,May,2013_Rolling_RealWeather
2013-05-18 09:50:00,67.70567248367765,0.0,0.0,May,2013_Rolling_RealWeather
2013-05-18 09:55:00,67.70567248367765,0.0,0.0,May,2013_Rolling_RealWeather
2013-05-18 10:00:00,67.61746490574996,0.0,0.0,May,2013_Rolling_RealWeather
2013-05-18 10:05:00,67.60948883266941,0.0,0.0,May,2013_Rolling_RealWeather
2013-05-18 10:10:00,67.60885425505693,0.0,0.0,May,2013_Rolling_RealWeather
2013-05-18 10:15:00,67.60713754204428,0.0,0.0,May,2013_Rolling_RealWeather
2013-05-18 10:20:00,67.60777340944867,0.0,0.0,May,2013_Rolling_RealWeather
2013-05-18 10:25:00,67.6073542270827,0.0,0.0,May,2013_Rolling_RealWeather
2013-05-18 10:30:00,67.60742000646935,0.0,0.0,May,2013_Rolling_RealWeather
2013-05-18 10:35:00,67.60748191648032,0.0,0.0,May,2013_Rolling_RealWeather
2013-05-18 10:40:00,67.6074587002262,0.0,0.0,May,2013_Rolling_RealWeather
2013-05-18 10:45:00,67.60747417772895,0.0,0.0,May,2013_Rolling_RealWeather
2013-05-18 10:50:00,67.60746772876948,0.0,0.0,May,2013_Rolling_RealWeather
2013-05-18 10:55:00,67.60746901856137,0.0,0.0,May,2013_Rolling_RealWeather
2013-05-18 11:00:00,67.517963909987,0.0,0.0,May,2013_Rolling_RealWeather
2013-05-18 11:05:00,67.50933520220744,0.0,0.0,May,2013_Rolling_RealWeather
2013-05-18 11:10:00,67.50883476295206,0.0,0.0,May,2013_Rolling_RealWeather
2013-05-18 11:15:00,67.50703292367433,0.0,0.0,May,2013_Rolling_RealWeather
2013-05-18 11:20:00,67.50762106877859,0.0,0.0,May,2013_Rolling_RealWeather
2013-05-18 11:25:00,67.50713352744216,0.0,0.0,May,2013_Rolling_RealWeather
2013-05-18 11:30:00,67.50716577223955,0.0,0.0,May,2013_Rolling_RealWeather
2013-05-18 11:35:00,67.50721736391536,0.0,0.0,May,2013_Rolling_RealWeather
2013-05-18 11:40:00,67.50719543745313,0.0,0.0,May,2013_Rolling_RealWeather
2013-05-18 11:45:00,67.50720317620451,0.0,0.0,May,2013_Rolling_RealWeather
2013-05-18 11:50:00,67.50719930682882,0.0,0.0,May,2013_Rolling_RealWeather
2013-05-18 11:55:00,67.50720188641262,0.0,0.0,May,2013_Rolling_RealWeather
2013-05-18 12:00:00,67.43553975891784,0.0,0.0,May,2013_Rolling_RealWeather
2013-05-18 12:05:00,67.42828467950677,0.0,0.0,May,2013_Rolling_RealWeather
2013-05-18 12:10:00,67.4280305905034,0.0,0.0,May,2013_Rolling_RealWeather
2013-05-18 12:15:00,67.42644414647218,0.0,0.0,May,2013_Rolling_RealWeather
2013-05-18 12:20:00,67.42682334528939,0.0,0.0,May,2013_Rolling_RealWeather
2013-05-18 12:25:00,67.42639900375585,0.0,0.0,May,2013_Rolling_RealWeather
2013-05-18 12:30:00,67.42638223646121,0.0,0.0,May,2013_Rolling_RealWeather
2013-05-18 12:35:00,67.4264364077208,0.0,0.0,May,2013_Rolling_RealWeather
2013-05-18 12:40:00,67.42641706084238,0.0,0.0,May,2013_Rolling_RealWeather
2013-05-18 12:45:00,67.42642093021806,0.0,0.0,May,2013_Rolling_RealWeather
2013-05-18 12:50:00,67.42642222000995,0.0,0.0,May,2013_Rolling_RealWeather
2013-05-18 12:55:00,67.42642093021806,0.0,0.0,May,2013_Rolling_RealWeather
2013-05-18 13:00:00,67.50647573357557,0.0,7.6,May,2013_Rolling_RealWeather
2013-05-18 13:05:00,67.51693852543023,0.0,7.6,May,2013_Rolling_RealWeather
2013-05-18 13:10:00,67.51693078667887,0.0,7.6,May,2013_Rolling_RealWeather
2013-05-18 13:15:00,67.51862944260498,0.0,7.6,May,2013_Rolling_RealWeather
2013-05-18 13:20:00,67.51822315815797,0.0,7.6,May,2013_Rolling_RealWeather
2013-05-18 13:25:00,67.51876745033778,0.0,7.6,May,2013_Rolling_RealWeather
2013-05-18 13:30:00,67.51890029890299,0.0,7.6,May,2013_Rolling_RealWeather
2013-05-18 13:35:00,67.51905507393043,0.0,7.6,May,2013_Rolling_RealWeather
2013-05-18 13:40:00,67.51913762061173,0.0,7.6,May,2013_Rolling_RealWeather
2013-05-18 13:45:00,67.51913891040363,0.0,7.6,May,2013_Rolling_RealWeather
2013-05-18 13:50:00,67.51914922873878,0.0,7.6,May,2013_Rolling_RealWeather
2013-05-18 13:55:00,67.51914922873878,0.0,7.6,May,2013_Rolling_RealWeather
2013-05-18 14:00:00,67.46717319494198,0.0,5.4,May,2013_Rolling_RealWeather
2013-05-18 14:05:00,67.46057204002183,0.0,5.4,May,2013_Rolling_RealWeather
2013-05-18 14:10:00,67.46080678214678,0.0,5.4,May,2013_Rolling_RealWeather
2013-05-18 14:15:00,67.45938027231057,0.0,5.4,May,2013_Rolling_RealWeather
2013-05-18 14:20:00,67.45935447647267,0.0,5.4,May,2013_Rolling_RealWeather
2013-05-18 14:25:00,67.45894690223375,0.0,5.4,May,2013_Rolling_RealWeather
2013-05-18 14:30:00,67.45883340054696,0.0,5.4,May,2013_Rolling_RealWeather
2013-05-18 14:35:00,67.45878825783062,0.0,5.4,May,2013_Rolling_RealWeather
2013-05-18 14:40:00,67.45875214365756,0.0,5.4,May,2013_Rolling_RealWeather
2013-05-18 14:45:00,67.45875214365756,0.0,5.4,May,2013_Rolling_RealWeather
2013-05-18 14:50:00,67.45874569469808,0.0,5.4,May,2013_Rolling_RealWeather
2013-05-18 14:55:00,67.45874311511429,0.0,5.4,May,2013_Rolling_RealWeather
2013-05-18 15:00:00,67.53337434355205,0.0,0.0,May,2013_Rolling_RealWeather
2013-05-18 15:05:00,67.541431673522,0.0,0.0,May,2013_Rolling_RealWeather
2013-05-18 15:10:00,67.54087706300702,0.0,0.0,May,2013_Rolling_RealWeather
2013-05-18 15:15:00,67.54353532410323,0.0,0.0,May,2013_Rolling_RealWeather
2013-05-18 15:20:00,67.54411444066422,0.0,0.0,May,2013_Rolling_RealWeather
2013-05-18 15:25:00,67.54468839805763,0.0,0.0,May,2013_Rolling_RealWeather
2013-05-18 15:30:00,67.54481866703905,0.0,0.0,May,2013_Rolling_RealWeather
2013-05-18 15:35:00,67.54473483056586,0.0,0.0,May,2013_Rolling_RealWeather
2013-05-18 15:40:00,67.54474772848481,0.0,0.0,May,2013_Rolling_RealWeather
2013-05-18 15:45:00,67.5447528876524,0.0,0.0,May,2013_Rolling_RealWeather
2013-05-18 15:50:00,67.5447515978605,0.0,0.0,May,2013_Rolling_RealWeather
2013-05-18 15:55:00,67.5447515978605,0.0,0.0,May,2013_Rolling_RealWeather
2013-05-18 16:00:00,67.68355900163272,0.0,0.0,May,2013_Rolling_RealWeather
2013-05-18 16:05:00,67.6986289301374,0.0,0.0,May,2013_Rolling_RealWeather
2013-05-18 16:10:00,67.69697025776006,0.0,0.0,May,2013_Rolling_RealWeather
2013-05-18 16:15:00,67.70241059997443,0.0,0.0,May,2013_Rolling_RealWeather
2013-05-18 16:20:00,67.70440590803646,0.0,0.0,May,2013_Rolling_RealWeather
2013-05-18 16:25:00,67.70559509616392,0.0,0.0,May,2013_Rolling_RealWeather
2013-05-18 16:30:00,67.70580404245096,0.0,0.0,May,2013_Rolling_RealWeather
2013-05-18 16:35:00,67.70568022242901,0.0,0.0,May,2013_Rolling_RealWeather
2013-05-18 16:40:00,67.70574213244,0.0,0.0,May,2013_Rolling_RealWeather
2013-05-18 16:45:00,67.70577695682117,0.0,0.0,May,2013_Rolling_RealWeather
2013-05-18 16:50:00,67.7057679282779,0.0,0.0,May,2013_Rolling_RealWeather
2013-05-18 16:55:00,67.70576147931843,0.0,0.0,May,2013_Rolling_RealWeather
2013-05-18 17:00:00,66.54518222588116,0.0,13.0,May,2013_Rolling_RealWeather
2013-05-18 17:05:00,66.22035458600925,0.0,13.0,May,2013_Rolling_RealWeather
2013-05-18 17:10:00,66.1966843251467,0.0,13.0,May,2013_Rolling_RealWeather
2013-05-18 17:15:00,66.19808761872879,0.0,13.0,May,2013_Rolling_RealWeather
2013-05-18 17:20:00,66.20381558453582,0.0,13.0,May,2013_Rolling_RealWeather
2013-05-18 17:25:00,66.20224461800734,0.0,13.0,May,2013_Rolling_RealWeather
2013-05-18 17:30:00,66.2070568315687,0.0,13.0,May,2013_Rolling_RealWeather
2013-05-18 17:35:00,66.2034918467701,0.0,13.0,May,2013_Rolling_RealWeather
2013-05-18 17:40:00,66.20014741638559,0.0,13.0,May,2013_Rolling_RealWeather
2013-05-18 17:45:00,66.19922134580476,0.0,13.0,May,2013_Rolling_RealWeather
2013-05-18 17:50:00,66.19899563222309,0.0,13.0,May,2013_Rolling_RealWeather
2013-05-18 17:55:00,66.19900981993393,0.0,13.0,May,2013_Rolling_RealWeather
2013-05-18 18:00:00,64.85654653178123,0.0,18.4,May,2013_Rolling_RealWeather
2013-05-18 18:05:00,64.32088563932784,0.0,18.4,May,2013_Rolling_RealWeather
2013-05-18 18:10:00,64.1700883300969,0.0,18.4,May,2013_Rolling_RealWeather
2013-05-18 18:15:00,64.17053459809269,0.0,18.4,May,2013_Rolling_RealWeather
2013-05-18 18:20:00,64.23546530168589,0.0,18.4,May,2013_Rolling_RealWeather
2013-05-18 18:25:00,64.28981197298627,0.0,18.4,May,2013_Rolling_RealWeather
2013-05-18 18:30:00,64.32466859895676,0.0,18.4,May,2013_Rolling_RealWeather
2013-05-18 18:35:00,64.3239424461197,0.0,18.4,May,2013_Rolling_RealWeather
2013-05-18 18:40:00,64.31329908339968,0.0,18.4,May,2013_Rolling_RealWeather
2013-05-18 18:45:00,64.30432342160029,0.0,18.4,May,2013_Rolling_RealWeather
2013-05-18 18:50:00,64.29933579634117,0.0,18.4,May,2013_Rolling_RealWeather
2013-05-18 18:55:00,64.2981724040516,0.0,18.4,May,2013_Rolling_RealWeather
2013-05-18 19:00:00,65.13413296390398,0.0,18.4,May,2013_Rolling_RealWeather
2013-05-18 19:05:00,65.41694063484289,0.0,18.4,May,2013_Rolling_RealWeather
2013-05-18 19:10:00,65.46632805630583,0.0,18.4,May,2013_Rolling_RealWeather
2013-05-18 19:15:00,65.47328648358098,0.0,18.4,May,2013_Rolling_RealWeather
2013-05-18 19:20:00,65.46644026820073,0.0,18.4,May,2013_Rolling_RealWeather
2013-05-18 19:25:00,65.45616836554655,0.0,18.4,May,2013_Rolling_RealWeather
2013-05-18 19:30:00,65.44631435546646,0.0,18.4,May,2013_Rolling_RealWeather
2013-05-18 19:35:00,65.4520900435736,0.0,18.4,May,2013_Rolling_RealWeather
2013-05-18 19:40:00,65.45784767459423,0.0,18.4,May,2013_Rolling_RealWeather
2013-05-18 19:45:00,65.46015769187872,0.0,18.4,May,2013_Rolling_RealWeather
2013-05-18 19:50:00,65.46095478327001,0.0,18.4,May,2013_Rolling_RealWeather
2013-05-18 19:55:00,65.46110439912987,0.0,18.4,May,2013_Rolling_RealWeather
2013-05-18 20:00:00,65.79265701394388,0.0,20.5,May,2013_Rolling_RealWeather
2013-05-18 20:05:00,65.8812966721565,0.0,20.5,May,2013_Rolling_RealWeather
2013-05-18 20:10:00,65.89165370107575,0.0,20.5,May,2013_Rolling_RealWeather
2013-05-18 20:15:00,65.89750032773715,0.0,20.5,May,2013_Rolling_RealWeather
2013-05-18 20:20:00,65.90306964914106,0.0,20.5,May,2013_Rolling_RealWeather
2013-05-18 20:25:00,65.90255760175863,0.0,20.5,May,2013_Rolling_RealWeather
2013-05-18 20:30:00,65.90046942868014,0.0,20.5,May,2013_Rolling_RealWeather
2013-05-18 20:35:00,65.90479926007265,0.0,20.5,May,2013_Rolling_RealWeather
2013-05-18 20:40:00,65.90738529282274,0.0,20.5,May,2013_Rolling_RealWeather
2013-05-18 20:45:00,65.90795538084046,0.0,20.5,May,2013_Rolling_RealWeather
2013-05-18 20:50:00,65.90814111087337,0.0,20.5,May,2013_Rolling_RealWeather
2013-05-18 20:55:00,65.90835908570368,0.0,20.5,May,2013_Rolling_RealWeather
2013-05-18 21:00:00,66.37895900558244,0.0,18.4,May,2013_Rolling_RealWeather
2013-05-18 21:05:00,66.45183353745881,0.0,18.4,May,2013_Rolling_RealWeather
2013-05-18 21:10:00,66.44837302580372,0.0,18.4,May,2013_Rolling_RealWeather
2013-05-18 21:15:00,66.4630882615372,0.0,18.4,May,2013_Rolling_RealWeather
2013-05-18 21:20:00,66.4801289920579,0.0,18.4,May,2013_Rolling_RealWeather
2013-05-18 21:25:00,66.48283239587046,0.0,18.4,May,2013_Rolling_RealWeather
2013-05-18 21:30:00,66.48192180279237,0.0,18.4,May,2013_Rolling_RealWeather
2013-05-18 21:35:00,66.48763429109665,0.0,18.4,May,2013_Rolling_RealWeather
2013-05-18 21:40:00,66.48987594941069,0.0,18.4,May,2013_Rolling_RealWeather
2013-05-18 21:45:00,66.48994946754873,0.0,18.4,May,2013_Rolling_RealWeather
2013-05-18 21:50:00,66.49019323821693,0.0,18.4,May,2013_Rolling_RealWeather
2013-05-18 21:55:00,66.49063305725323,0.0,18.4,May,2013_Rolling_RealWeather
2013-05-18 22:00:00,66.18770479397162,0.0,20.5,May,2013_Rolling_RealWeather
2013-05-18 22:05:00,66.14266268140395,0.0,20.5,May,2013_Rolling_RealWeather
2013-05-18 22:10:00,66.14286130935582,0.0,20.5,May,2013_Rolling_RealWeather
2013-05-18 22:15:00,66.13414747531117,0.0,20.5,May,2013_Rolling_RealWeather
2013-05-18 22:20:00,66.12102771215217,0.0,20.5,May,2013_Rolling_RealWeather
2013-05-18 22:25:00,66.11877831508677,0.0,20.5,May,2013_Rolling_RealWeather
2013-05-18 22:30:00,66.11905175096858,0.0,20.5,May,2013_Rolling_RealWeather
2013-05-18 22:35:00,66.11509853880948,0.0,20.5,May,2013_Rolling_RealWeather
2013-05-18 22:40:00,66.11346179289434,0.0,20.5,May,2013_Rolling_RealWeather
2013-05-18 22:45:00,66.11330185869933,0.0,20.5,May,2013_Rolling_RealWeather
2013-05-18 22:50:00,66.11313031637725,0.0,20.5,May,2013_Rolling_RealWeather
2013-05-18 22:55:00,66.11277304402225,0.0,20.5,May,2013_Rolling_RealWeather
2013-05-18 23:00:00,65.87589760328277,0.0,22.3,May,2013_Rolling_RealWeather
2013-05-18 23:05:00,65.83945324348916,0.0,22.3,May,2013_Rolling_RealWeather
2013-05-18 23:10:00,65.83737151937015,0.0,22.3,May,2013_Rolling_RealWeather
2013-05-18 23:15:00,65.83135592997047,0.0,22.3,May,2013_Rolling_RealWeather
2013-05-18 23:20:00,65.81970137040453,0.0,22.3,May,2013_Rolling_RealWeather
2013-05-18 23:25:00,65.81733589206856,0.0,22.3,May,2013_Rolling_RealWeather
2013-05-18 23:30:00,65.81716692933027,0.0,22.3,May,2013_Rolling_RealWeather
2013-05-18 23:35:00,65.81402112689763,0.0,22.3,May,2013_Rolling_RealWeather
2013-05-18 23:40:00,65.812575270183,0.0,22.3,May,2013_Rolling_RealWeather
2013-05-18 23:45:00,65.81231989138773,0.0,22.3,May,2013_Rolling_RealWeather
2013-05-18 23:50:00,65.81216511636029,0.0,22.3,May,2013_Rolling_RealWeather
2013-05-18 23:55:00,65.81184911734594,0.0,22.3,May,2013_Rolling_RealWeather
2013-05-19 00:00:00,65.96842727385162,0.0,18.4,May,2013_Rolling_RealWeather
2013-05-19 00:05:00,65.98795730273025,0.0,18.4,May,2013_Rolling_RealWeather
2013-05-19 00:10:00,65.989315453596,0.0,18.4,May,2013_Rolling_RealWeather
2013-05-19 00:15:00,65.99438304595263,0.0,18.4,May,2013_Rolling_RealWeather
2013-05-19 00:20:00,66.00120862466257,0.0,18.4,May,2013_Rolling_RealWeather
2013-05-19 00:25:00,66.00290857038057,0.0,18.4,May,2013_Rolling_RealWeather
2013-05-19 00:30:00,66.0029846681024,0.0,18.4,May,2013_Rolling_RealWeather
2013-05-19 00:35:00,66.00422157853,0.0,18.4,May,2013_Rolling_RealWeather
2013-05-19 00:40:00,66.00479166654772,0.0,18.4,May,2013_Rolling_RealWeather
2013-05-19 00:45:00,66.00492322532104,0.0,18.4,May,2013_Rolling_RealWeather
2013-05-19 00:50:00,66.00499416387527,0.0,18.4,May,2013_Rolling_RealWeather
2013-05-19 00:55:00,66.00509863701879,0.0,18.4,May,2013_Rolling_RealWeather
2013-05-19 01:00:00,66.10350330967073,0.0,18.4,May,2013_Rolling_RealWeather
2013-05-19 01:05:00,66.1155306190944,0.0,18.4,May,2013_Rolling_RealWeather
2013-05-19 01:10:00,66.11679074577611,0.0,18.4,May,2013_Rolling_RealWeather
2013-05-19 01:15:00,66.11964505524041,0.0,18.4,May,2013_Rolling_RealWeather
2013-05-19 01:20:00,66.12333643964476,0.0,18.4,May,2013_Rolling_RealWeather
2013-05-19 01:25:00,66.12433344877984,0.0,18.4,May,2013_Rolling_RealWeather
2013-05-19 01:30:00,66.12441986483682,0.0,18.4,May,2013_Rolling_RealWeather
2013-05-19 01:35:00,66.12501703848434,0.0,18.4,May,2013_Rolling_RealWeather
2013-05-19 01:40:00,66.12527757644719,0.0,18.4,May,2013_Rolling_RealWeather
2013-05-19 01:45:00,66.12534851500143,0.0,18.4,May,2013_Rolling_RealWeather
2013-05-19 01:50:00,66.12537947000692,0.0,18.4,May,2013_Rolling_RealWeather
2013-05-19 01:55:00,66.12542461272325,0.0,18.4,May,2013_Rolling_RealWeather
2013-05-19 02:00:00,66.46131092830548,0.0,14.8,May,2013_Rolling_RealWeather
2013-05-19 02:05:00,66.4965428837175,0.0,14.8,May,2013_Rolling_RealWeather
2013-05-19 02:10:00,66.50150084376303,0.0,14.8,May,2013_Rolling_RealWeather
2013-05-19 02:15:00,66.51074478227665,0.0,14.8,May,2013_Rolling_RealWeather
2013-05-19 02:20:00,66.51882790808449,0.0,14.8,May,2013_Rolling_RealWeather
2013-05-19 02:25:00,66.52117919870963,0.0,14.8,May,2013_Rolling_RealWeather
2013-05-19 02:30:00,66.52126432497472,0.0,14.8,May,2013_Rolling_RealWeather
2013-05-19 02:35:00,66.52216073034195,0.0,14.8,May,2013_Rolling_RealWeather
2013-05-19 02:40:00,66.52251155373747,0.0,14.8,May,2013_Rolling_RealWeather
2013-05-19 02:45:00,66.52259023104308,0.0,14.8,May,2013_Rolling_RealWeather
2013-05-19 02:50:00,66.52261860646479,0.0,14.8,May,2013_Rolling_RealWeather
2013-05-19 02:55:00,66.52265214105407,0.0,14.8,May,2013_Rolling_RealWeather
2013-05-19 03:00:00,66.82438734683252,0.0,9.4,May,2013_Rolling_RealWeather
2013-05-19 03:05:00,66.85002067095972,0.0,9.4,May,2013_Rolling_RealWeather
2013-05-19 03:10:00,66.85535267065488,0.0,9.4,May,2013_Rolling_RealWeather
2013-05-19 03:15:00,66.86306562618879,0.0,9.4,May,2013_Rolling_RealWeather
2013-05-19 03:20:00,66.86667575370373,0.0,9.4,May,2013_Rolling_RealWeather
2013-05-19 03:25:00,66.86798489247747,0.0,9.4,May,2013_Rolling_RealWeather
2013-05-19 03:30:00,66.86782108890675,0.0,9.4,May,2013_Rolling_RealWeather
2013-05-19 03:35:00,66.8678636520393,0.0,9.4,May,2013_Rolling_RealWeather
2013-05-19 03:40:00,66.86789460704479,0.0,9.4,May,2013_Rolling_RealWeather
2013-05-19 03:45:00,66.86787912954205,0.0,9.4,May,2013_Rolling_RealWeather
2013-05-19 03:50:00,66.8678662316231,0.0,9.4,May,2013_Rolling_RealWeather
2013-05-19 03:55:00,66.86785591328793,0.0,9.4,May,2013_Rolling_RealWeather
2013-05-19 04:00:00,67.13177313090428,0.0,9.4,May,2013_Rolling_RealWeather
2013-05-19 04:05:00,67.15463469224848,0.0,9.4,May,2013_Rolling_RealWeather
2013-05-19 04:10:00,67.1590225642763,0.0,9.4,May,2013_Rolling_RealWeather
2013-05-19 04:15:00,67.1645918856802,0.0,9.4,May,2013_Rolling_RealWeather
2013-05-19 04:20:00,67.16594229779457,0.0,9.4,May,2013_Rolling_RealWeather
2013-05-19 04:25:00,67.16671230355607,0.0,9.4,May,2013_Rolling_RealWeather
2013-05-19 04:30:00,67.16637050870382,0.0,9.4,May,2013_Rolling_RealWeather
2013-05-19 04:35:00,67.16622347242776,0.0,9.4,May,2013_Rolling_RealWeather
2013-05-19 04:40:00,67.16618606846279,0.0,9.4,May,2013_Rolling_RealWeather
2013-05-19 04:45:00,67.16614608491403,0.0,9.4,May,2013_Rolling_RealWeather
2013-05-19 04:50:00,67.1661280278275,0.0,9.4,May,2013_Rolling_RealWeather
2013-05-19 04:55:00,67.16611770949234,0.0,9.4,May,2013_Rolling_RealWeather
2013-05-19 05:00:00,67.42902115067899,0.0,7.6,May,2013_Rolling_RealWeather
2013-05-19 05:05:00,67.45117719585646,0.0,7.6,May,2013_Rolling_RealWeather
2013-05-19 05:10:00,67.45538965618651,0.0,7.6,May,2013_Rolling_RealWeather
2013-05-19 05:15:00,67.46029602455623,0.0,7.6,May,2013_Rolling_RealWeather
2013-05-19 05:20:00,67.46019026162082,0.0,7.6,May,2013_Rolling_RealWeather
2013-05-19 05:25:00,67.46072423546548,0.0,7.6,May,2013_Rolling_RealWeather
2013-05-19 05:30:00,67.4602521716318,0.0,7.6,May,2013_Rolling_RealWeather
2013-05-19 05:35:00,67.45999034387704,0.0,7.6,May,2013_Rolling_RealWeather
2013-05-19 05:40:00,67.45993101344986,0.0,7.6,May,2013_Rolling_RealWeather
2013-05-19 05:45:00,67.45988845031732,0.0,7.6,May,2013_Rolling_RealWeather
2013-05-19 05:50:00,67.45987168302268,0.0,7.6,May,2013_Rolling_RealWeather
2013-05-19 05:55:00,67.4598652340632,0.0,7.6,May,2013_Rolling_RealWeather
2013-05-19 06:00:00,67.697204999885,0.0,7.6,May,2013_Rolling_RealWeather
2013-05-19 06:05:00,67.71842336635459,0.0,7.6,May,2013_Rolling_RealWeather
2013-05-19 06:10:00,67.72173039277413,0.0,7.6,May,2013_Rolling_RealWeather
2013-05-19 06:15:00,67.72554301761664,0.0,7.6,May,2013_Rolling_RealWeather
2013-05-19 06:20:00,67.72472270997123,0.0,7.6,May,2013_Rolling_RealWeather
2013-05-19 06:25:00,67.72512125566688,0.0,7.6,May,2013_Rolling_RealWeather
2013-05-19 06:30:00,67.72462984495476,0.0,7.6,May,2013_Rolling_RealWeather
2013-05-19 06:35:00,67.72446088221648,0.0,7.6,May,2013_Rolling_RealWeather
2013-05-19 06:40:00,67.72443379658668,0.0,7.6,May,2013_Rolling_RealWeather
2013-05-19 06:45:00,67.7244002619974,0.0,7.6,May,2013_Rolling_RealWeather
2013-05-19 06:50:00,67.72439639262171,0.0,7.6,May,2013_Rolling_RealWeather
2013-05-19 06:55:00,67.72439252324602,0.0,7.6,May,2013_Rolling_RealWeather
2013-05-19 07:00:00,67.93482078117239,0.0,11.2,May,2013_Rolling_RealWeather
2013-05-19 07:05:00,67.95699746302017,0.0,11.2,May,2013_Rolling_RealWeather
2013-05-19 07:10:00,67.95917076236375,0.0,11.2,May,2013_Rolling_RealWeather
2013-05-19 07:15:00,67.96159428133502,0.0,11.2,May,2013_Rolling_RealWeather
2013-05-19 07:20:00,67.96085523057903,0.0,11.2,May,2013_Rolling_RealWeather
2013-05-19 07:25:00,67.96126667419362,0.0,11.2,May,2013_Rolling_RealWeather
2013-05-19 07:30:00,67.96080750827889,0.0,11.2,May,2013_Rolling_RealWeather
2013-05-19 07:35:00,67.96098807914424,0.0,11.2,May,2013_Rolling_RealWeather
2013-05-19 07:40:00,67.96103451165247,0.0,11.2,May,2013_Rolling_RealWeather
2013-05-19 07:45:00,67.96102032394163,0.0,11.2,May,2013_Rolling_RealWeather
2013-05-19 07:50:00,67.96102935248489,0.0,11.2,May,2013_Rolling_RealWeather
2013-05-19 07:55:00,67.96102419331731,0.0,11.2,May,2013_Rolling_RealWeather
2013-05-19 08:00:00,67.90386061651759,0.0,5.4,May,2013_Rolling_RealWeather
2013-05-19 08:05:00,67.8984280130546,0.0,5.4,May,2013_Rolling_RealWeather
2013-05-19 08:10:00,67.89774829272577,0.0,5.4,May,2013_Rolling_RealWeather
2013-05-19 08:15:00,67.89687639340454,0.0,5.4,May,2013_Rolling_RealWeather
2013-05-19 08:20:00,67.8971614374134,0.0,5.4,May,2013_Rolling_RealWeather
2013-05-19 08:25:00,67.8970002134265,0.0,5.4,May,2013_Rolling_RealWeather
2013-05-19 08:30:00,67.89710081719433,0.0,5.4,May,2013_Rolling_RealWeather
2013-05-19 08:35:00,67.897080180524,0.0,5.4,May,2013_Rolling_RealWeather
2013-05-19 08:40:00,67.89706857239695,0.0,5.4,May,2013_Rolling_RealWeather
2013-05-19 08:45:00,67.89707115198074,0.0,5.4,May,2013_Rolling_RealWeather
2013-05-19 08:50:00,67.89706599281315,0.0,5.4,May,2013_Rolling_RealWeather
2013-05-19 08:55:00,67.89706599281315,0.0,5.4,May,2013_Rolling_RealWeather
2013-05-19 09:00:00,67.72122221476738,0.0,0.0,May,2013_Rolling_RealWeather
2013-05-19 09:05:00,67.70564088377621,0.0,0.0,May,2013_Rolling_RealWeather
2013-05-19 09:10:00,67.70329926659029,0.0,0.0,May,2013_Rolling_RealWeather
2013-05-19 09:15:00,67.69983488555951,0.0,0.0,May,2013_Rolling_RealWeather
2013-05-19 09:20:00,67.70045914483684,0.0,0.0,May,2013_Rolling_RealWeather
2013-05-19 09:25:00,67.69977942450802,0.0,0.0,May,2013_Rolling_RealWeather
2013-05-19 09:30:00,67.69998579121126,0.0,0.0,May,2013_Rolling_RealWeather
2013-05-19 09:35:00,67.7000038482978,0.0,0.0,May,2013_Rolling_RealWeather
2013-05-19 09:40:00,67.69996773412473,0.0,0.0,May,2013_Rolling_RealWeather
2013-05-19 09:45:00,67.6999780524599,0.0,0.0,May,2013_Rolling_RealWeather
2013-05-19 09:50:00,67.69996902391662,0.0,0.0,May,2013_Rolling_RealWeather
2013-05-19 09:55:00,67.69996902391662,0.0,0.0,May,2013_Rolling_RealWeather
2013-05-19 10:00:00,67.59764338390298,0.0,0.0,May,2013_Rolling_RealWeather
2013-05-19 10:05:00,67.58800928334102,0.0,0.0,May,2013_Rolling_RealWeather
2013-05-19 10:10:00,67.58676140968232,0.0,0.0,May,2013_Rolling_RealWeather
2013-05-19 10:15:00,67.58465453462135,0.0,0.0,May,2013_Rolling_RealWeather
2013-05-19 10:20:00,67.58486799518002,0.0,0.0,May,2013_Rolling_RealWeather
2013-05-19 10:25:00,67.58435723758949,0.0,0.0,May,2013_Rolling_RealWeather
2013-05-19 10:30:00,67.5844346251032,0.0,0.0,May,2013_Rolling_RealWeather
2013-05-19 10:35:00,67.58439980072203,0.0,0.0,May,2013_Rolling_RealWeather
2013-05-19 10:40:00,67.58436110696518,0.0,0.0,May,2013_Rolling_RealWeather
2013-05-19 10:45:00,67.58436626613275,0.0,0.0,May,2013_Rolling_RealWeather
2013-05-19 10:50:00,67.58435852738138,0.0,0.0,May,2013_Rolling_RealWeather
2013-05-19 10:55:00,67.58435917227733,0.0,0.0,May,2013_Rolling_RealWeather
2013-05-19 11:00:00,67.47592314315969,0.0,0.0,May,2013_Rolling_RealWeather
2013-05-19 11:05:00,67.46528107023157,0.0,0.0,May,2013_Rolling_RealWeather
2013-05-19 11:10:00,67.46405834751482,0.0,0.0,May,2013_Rolling_RealWeather
2013-05-19 11:15:00,67.46160258374617,0.0,0.0,May,2013_Rolling_RealWeather
2013-05-19 11:20:00,67.4616232204165,0.0,0.0,May,2013_Rolling_RealWeather
2013-05-19 11:25:00,67.46094221029577,0.0,0.0,May,2013_Rolling_RealWeather
2013-05-19 11:30:00,67.46095768779853,0.0,0.0,May,2013_Rolling_RealWeather
2013-05-19 11:35:00,67.46088674924428,0.0,0.0,May,2013_Rolling_RealWeather
2013-05-19 11:40:00,67.46083773715226,0.0,0.0,May,2013_Rolling_RealWeather
2013-05-19 11:45:00,67.46084031673605,0.0,0.0,May,2013_Rolling_RealWeather
2013-05-19 11:50:00,67.46082870860899,0.0,0.0,May,2013_Rolling_RealWeather
2013-05-19 11:55:00,67.46082741881709,0.0,0.0,May,2013_Rolling_RealWeather
2013-05-19 12:00:00,67.44672483423388,0.0,7.6,May,2013_Rolling_RealWeather
2013-05-19 12:05:00,67.4450713210241,0.0,7.6,May,2013_Rolling_RealWeather
2013-05-19 12:10:00,67.44495910912921,0.0,7.6,May,2013_Rolling_RealWeather
2013-05-19 12:15:00,67.44464182032297,0.0,7.6,May,2013_Rolling_RealWeather
2013-05-19 12:20:00,67.44461731427695,0.0,7.6,May,2013_Rolling_RealWeather
2013-05-19 12:25:00,67.44449220446312,0.0,7.6,May,2013_Rolling_RealWeather
2013-05-19 12:30:00,67.44447672696037,0.0,7.6,May,2013_Rolling_RealWeather
2013-05-19 12:35:00,67.44442900466025,0.0,7.6,May,2013_Rolling_RealWeather
2013-05-19 12:40:00,67.44441223736561,0.0,7.6,May,2013_Rolling_RealWeather
2013-05-19 12:45:00,67.44440965778182,0.0,7.6,May,2013_Rolling_RealWeather
2013-05-19 12:50:00,67.44440707819803,0.0,7.6,May,2013_Rolling_RealWeather
2013-05-19 12:55:00,67.44440965778182,0.0,7.6,May,2013_Rolling_RealWeather
2013-05-19 13:00:00,67.37460998978385,0.0,5.4,May,2013_Rolling_RealWeather
2013-05-19 13:05:00,67.36667647983586,0.0,5.4,May,2013_Rolling_RealWeather
2013-05-19 13:10:00,67.36623021184008,0.0,5.4,May,2013_Rolling_RealWeather
2013-05-19 13:15:00,67.36413043063453,0.0,5.4,May,2013_Rolling_RealWeather
2013-05-19 13:20:00,67.36373962369026,0.0,5.4,May,2013_Rolling_RealWeather
2013-05-19 13:25:00,67.36301089126941,0.0,5.4,May,2013_Rolling_RealWeather
2013-05-19 13:30:00,67.36288449166368,0.0,5.4,May,2013_Rolling_RealWeather
2013-05-19 13:35:00,67.3627103697578,0.0,5.4,May,2013_Rolling_RealWeather
2013-05-19 13:40:00,67.36262782307651,0.0,5.4,May,2013_Rolling_RealWeather
2013-05-19 13:45:00,67.36260976598997,0.0,5.4,May,2013_Rolling_RealWeather
2013-05-19 13:50:00,67.36259170890344,0.0,5.4,May,2013_Rolling_RealWeather
2013-05-19 13:55:00,67.36258783952775,0.0,5.4,May,2013_Rolling_RealWeather
2013-05-19 14:00:00,67.36594258824744,0.0,7.6,May,2013_Rolling_RealWeather
2013-05-19 14:05:00,67.36635532165393,0.0,7.6,May,2013_Rolling_RealWeather
2013-05-19 14:10:00,67.36636177061341,0.0,7.6,May,2013_Rolling_RealWeather
2013-05-19 14:15:00,67.36648172125966,0.0,7.6,May,2013_Rolling_RealWeather
2013-05-19 14:20:00,67.36651783543273,0.0,7.6,May,2013_Rolling_RealWeather
2013-05-19 14:25:00,67.36656039856528,0.0,7.6,May,2013_Rolling_RealWeather
2013-05-19 14:30:00,67.36657200669234,0.0,7.6,May,2013_Rolling_RealWeather
2013-05-19 14:35:00,67.36657974544372,0.0,7.6,May,2013_Rolling_RealWeather
2013-05-19 14:40:00,67.36658877398698,0.0,7.6,May,2013_Rolling_RealWeather
2013-05-19 14:45:00,67.36658877398698,0.0,7.6,May,2013_Rolling_RealWeather
2013-05-19 14:50:00,67.36658877398698,0.0,7.6,May,2013_Rolling_RealWeather
2013-05-19 14:55:00,67.36658877398698,0.0,7.6,May,2013_Rolling_RealWeather
2013-05-19 15:00:00,67.37376388630054,0.0,9.4,May,2013_Rolling_RealWeather
2013-05-19 15:05:00,67.3748434421169,0.0,9.4,May,2013_Rolling_RealWeather
2013-05-19 15:10:00,67.37477895252214,0.0,9.4,May,2013_Rolling_RealWeather
2013-05-19 15:15:00,67.37503433131741,0.0,9.4,May,2013_Rolling_RealWeather
2013-05-19 15:20:00,67.3751439636285,0.0,9.4,May,2013_Rolling_RealWeather
2013-05-19 15:25:00,67.37524585718823,0.0,9.4,May,2013_Rolling_RealWeather
2013-05-19 15:30:00,67.37525875510718,0.0,9.4,May,2013_Rolling_RealWeather
2013-05-19 15:35:00,67.37527939177751,0.0,9.4,May,2013_Rolling_RealWeather
2013-05-19 15:40:00,67.37529744886405,0.0,9.4,May,2013_Rolling_RealWeather
2013-05-19 15:45:00,67.37529615907215,0.0,9.4,May,2013_Rolling_RealWeather
2013-05-19 15:50:00,67.37530131823974,0.0,9.4,May,2013_Rolling_RealWeather
2013-05-19 15:55:00,67.37530131823974,0.0,9.4,May,2013_Rolling_RealWeather
2013-05-19 16:00:00,67.26686206464235,0.0,9.4,May,2013_Rolling_RealWeather
2013-05-19 16:05:00,67.24543088251005,0.0,9.4,May,2013_Rolling_RealWeather
2013-05-19 16:10:00,67.24701603674937,0.0,9.4,May,2013_Rolling_RealWeather
2013-05-19 16:15:00,67.24480791302462,0.0,9.4,May,2013_Rolling_RealWeather
2013-05-19 16:20:00,67.24365483907022,0.0,9.4,May,2013_Rolling_RealWeather
2013-05-19 16:25:00,67.24259849950796,0.0,9.4,May,2013_Rolling_RealWeather
2013-05-19 16:30:00,67.24293384540074,0.0,9.4,May,2013_Rolling_RealWeather
2013-05-19 16:35:00,67.24303186958478,0.0,9.4,May,2013_Rolling_RealWeather
2013-05-19 16:40:00,67.24293255560885,0.0,9.4,May,2013_Rolling_RealWeather
2013-05-19 16:45:00,67.24292352706559,0.0,9.4,May,2013_Rolling_RealWeather
2013-05-19 16:50:00,67.2429196576899,0.0,9.4,May,2013_Rolling_RealWeather
2013-05-19 16:55:00,67.24292868623316,0.0,9.4,May,2013_Rolling_RealWeather
2013-05-19 17:00:00,66.98214695271429,0.0,9.4,May,2013_Rolling_RealWeather
2013-05-19 17:05:00,66.91733748955923,0.0,9.4,May,2013_Rolling_RealWeather
2013-05-19 17:10:00,66.9189935823528,0.0,9.4,May,2013_Rolling_RealWeather
2013-05-19 17:15:00,66.91865823646002,0.0,9.4,May,2013_Rolling_RealWeather
2013-05-19 17:20:00,66.91931474053473,0.0,9.4,May,2013_Rolling_RealWeather
2013-05-19 17:25:00,66.91898455380952,0.0,9.4,May,2013_Rolling_RealWeather
2013-05-19 17:30:00,66.92134229339413,0.0,9.4,May,2013_Rolling_RealWeather
2013-05-19 17:35:00,66.92279459906824,0.0,9.4,May,2013_Rolling_RealWeather
2013-05-19 17:40:00,66.92300612493908,0.0,9.4,May,2013_Rolling_RealWeather
2013-05-19 17:45:00,66.92301257389855,0.0,9.4,May,2013_Rolling_RealWeather
2013-05-19 17:50:00,66.9229996759796,0.0,9.4,May,2013_Rolling_RealWeather
2013-05-19 17:55:00,66.92300225556339,0.0,9.4,May,2013_Rolling_RealWeather
2013-05-19 18:00:00,65.18406467754674,0.0,16.6,May,2013_Rolling_RealWeather
2013-05-19 18:05:00,64.49551056403256,0.0,16.6,May,2013_Rolling_RealWeather
2013-05-19 18:10:00,64.34647833501033,0.0,16.6,May,2013_Rolling_RealWeather
2013-05-19 18:15:00,64.4105177924039,0.0,16.6,May,2013_Rolling_RealWeather
2013-05-19 18:20:00,64.57652174808042,0.0,16.6,May,2013_Rolling_RealWeather
2013-05-19 18:25:00,64.69745457087163,0.0,16.6,May,2013_Rolling_RealWeather
2013-05-19 18:30:00,64.76598250406082,0.0,16.6,May,2013_Rolling_RealWeather
2013-05-19 18:35:00,64.77833097166643,0.0,16.6,May,2013_Rolling_RealWeather
2013-05-19 18:40:00,64.76415873832087,0.0,16.6,May,2013_Rolling_RealWeather
2013-05-19 18:45:00,64.74619064742744,0.0,16.6,May,2013_Rolling_RealWeather
2013-05-19 18:50:00,64.73313021469563,0.0,16.6,May,2013_Rolling_RealWeather
2013-05-19 18:55:00,64.72754928516466,0.0,16.6,May,2013_Rolling_RealWeather
2013-05-19 19:00:00,64.35892031252835,0.0,20.5,May,2013_Rolling_RealWeather
2013-05-19 19:05:00,64.20856798150129,0.0,20.5,May,2013_Rolling_RealWeather
2013-05-19 19:10:00,64.169483417698,0.0,20.5,May,2013_Rolling_RealWeather
2013-05-19 19:15:00,64.17562411691154,0.0,20.5,May,2013_Rolling_RealWeather
2013-05-19 19:20:00,64.20675324430461,0.0,20.5,May,2013_Rolling_RealWeather
2013-05-19 19:25:00,64.23480879761118,0.0,20.5,May,2013_Rolling_RealWeather
2013-05-19 19:30:00,64.25263759097992,0.0,20.5,May,2013_Rolling_RealWeather
2013-05-19 19:35:00,64.25543385980893,0.0,20.5,May,2013_Rolling_RealWeather
2013-05-19 19:40:00,64.25164961038811,0.0,20.5,May,2013_Rolling_RealWeather
2013-05-19 19:45:00,64.2468232091159,0.0,20.5,May,2013_Rolling_RealWeather
2013-05-19 19:50:00,64.24326209369298,0.0,20.5,May,2013_Rolling_RealWeather
2013-05-19 19:55:00,64.24178657176476,0.0,20.5,May,2013_Rolling_RealWeather
2013-05-19 20:00:00,64.4836960702716,0.0,24.1,May,2013_Rolling_RealWeather
2013-05-19 20:05:00,64.57491918165051,0.0,24.1,May,2013_Rolling_RealWeather
2013-05-19 20:10:00,64.59983667127581,0.0,24.1,May,2013_Rolling_RealWeather
2013-05-19 20:15:00,64.6020654316709,0.0,24.1,May,2013_Rolling_RealWeather
2013-05-19 20:20:00,64.59359665808635,0.0,24.1,May,2013_Rolling_RealWeather
2013-05-19 20:25:00,64.58284753243092,0.0,24.1,May,2013_Rolling_RealWeather
2013-05-19 20:30:00,64.57477859433392,0.0,24.1,May,2013_Rolling_RealWeather
2013-05-19 20:35:00,64.57510491168343,0.0,24.1,May,2013_Rolling_RealWeather
2013-05-19 20:40:00,64.57726531310806,0.0,24.1,May,2013_Rolling_RealWeather
2013-05-19 20:45:00,64.57906328301011,0.0,24.1,May,2013_Rolling_RealWeather
2013-05-19 20:50:00,64.5801892713347,0.0,24.1,May,2013_Rolling_RealWeather
2013-05-19 20:55:00,64.58058523744656,0.0,24.1,May,2013_Rolling_RealWeather
2013-05-19 21:00:00,65.66021086379928,0.0,22.3,May,2013_Rolling_RealWeather
2013-05-19 21:05:00,65.90787154436727,0.0,22.3,May,2013_Rolling_RealWeather
2013-05-19 21:10:00,65.92562681959797,0.0,22.3,May,2013_Rolling_RealWeather
2013-05-19 21:15:00,65.95092995699997,0.0,22.3,May,2013_Rolling_RealWeather
2013-05-19 21:20:00,65.9873949534639,0.0,22.3,May,2013_Rolling_RealWeather
2013-05-19 21:25:00,65.99108891745205,0.0,22.3,May,2013_Rolling_RealWeather
2013-05-19 21:30:00,65.98340433733983,0.0,22.3,May,2013_Rolling_RealWeather
2013-05-19 21:35:00,65.99750176275548,0.0,22.3,May,2013_Rolling_RealWeather
2013-05-19 21:40:00,66.00527404871656,0.0,22.3,May,2013_Rolling_RealWeather
2013-05-19 21:45:00,66.00620269888117,0.0,22.3,May,2013_Rolling_RealWeather
2013-05-19 21:50:00,66.00649161226572,0.0,22.3,May,2013_Rolling_RealWeather
2013-05-19 21:55:00,66.00763694746874,0.0,22.3,May,2013_Rolling_RealWeather
2013-05-19 22:00:00,65.95713385601637,0.0,22.3,May,2013_Rolling_RealWeather
2013-05-19 22:05:00,65.94827040611186,0.0,22.3,May,2013_Rolling_RealWeather
2013-05-19 22:10:00,65.94815561463318,0.0,22.3,May,2013_Rolling_RealWeather
2013-05-19 22:15:00,65.94685550440272,0.0,22.3,May,2013_Rolling_RealWeather
2013-05-19 22:20:00,65.9443894222989,0.0,22.3,May,2013_Rolling_RealWeather
2013-05-19 22:25:00,65.94389930137869,0.0,22.3,May,2013_Rolling_RealWeather
2013-05-19 22:30:00,65.94407600286834,0.0,22.3,May,2013_Rolling_RealWeather
2013-05-19 22:35:00,65.94338080503678,0.0,22.3,May,2013_Rolling_RealWeather
2013-05-19 22:40:00,65.94302998164126,0.0,22.3,May,2013_Rolling_RealWeather
2013-05-19 22:45:00,65.9429887083006,0.0,22.3,May,2013_Rolling_RealWeather
2013-05-19 22:50:00,65.94296678183838,0.0,22.3,May,2013_Rolling_RealWeather
2013-05-19 22:55:00,65.94289713307604,0.0,22.3,May,2013_Rolling_RealWeather
2013-05-19 23:00:00,66.1618844500196,0.0,16.6,May,2013_Rolling_RealWeather
2013-05-19 23:05:00,66.18724175868121,0.0,16.6,May,2013_Rolling_RealWeather
2013-05-19 23:10:00,66.18771511230679,0.0,16.6,May,2013_Rolling_RealWeather
2013-05-19 23:15:00,66.19592463772037,0.0,16.6,May,2013_Rolling_RealWeather
2013-05-19 23:20:00,66.20528723708836,0.0,16.6,May,2013_Rolling_RealWeather
2013-05-19 23:25:00,66.20737798975064,0.0,16.6,May,2013_Rolling_RealWeather
2013-05-19 23:30:00,66.2072786757747,0.0,16.6,May,2013_Rolling_RealWeather
2013-05-19 23:35:00,66.20904311108747,0.0,16.6,May,2013_Rolling_RealWeather
2013-05-19 23:40:00,66.20981182705707,0.0,16.6,May,2013_Rolling_RealWeather
2013-05-19 23:45:00,66.20993306749523,0.0,16.6,May,2013_Rolling_RealWeather
2013-05-19 23:50:00,66.21003238147117,0.0,16.6,May,2013_Rolling_RealWeather
2013-05-19 23:55:00,66.21017683816343,0.0,16.6,May,2013_Rolling_RealWeather
2013-05-20 00:00:00,64.13625450909939,0.0,20.5,May,2013_Rolling_RealWeather
2013-05-20 00:05:00,63.790309106525726,0.0,20.5,May,2013_Rolling_RealWeather
2013-05-20 00:10:00,63.789300489263596,0.0,20.5,May,2013_Rolling_RealWeather
2013-05-20 00:15:00,63.71491303149405,0.0,20.5,May,2013_Rolling_RealWeather
2013-05-20 00:20:00,63.58602412739668,0.0,20.5,May,2013_Rolling_RealWeather
2013-05-20 00:25:00,63.549221205456185,0.0,20.5,May,2013_Rolling_RealWeather
2013-05-20 00:30:00,63.553678726246346,0.0,20.5,May,2013_Rolling_RealWeather
2013-05-20 00:35:00,63.53134855916301,0.0,20.5,May,2013_Rolling_RealWeather
2013-05-20 00:40:00,63.51677262095422,0.0,20.5,May,2013_Rolling_RealWeather
2013-05-20 00:45:00,63.51368485915687,0.0,20.5,May,2013_Rolling_RealWeather
2013-05-20 00:50:00,63.51293033089812,0.0,20.5,May,2013_Rolling_RealWeather
2013-05-20 00:55:00,63.510354616483205,0.0,20.5,May,2013_Rolling_RealWeather
2013-05-20 01:00:00,64.06922015492495,0.0,18.4,May,2013_Rolling_RealWeather
2013-05-20 01:05:00,64.15454891734232,0.0,18.4,May,2013_Rolling_RealWeather
2013-05-20 01:10:00,64.15487394489995,0.0,18.4,May,2013_Rolling_RealWeather
2013-05-20 01:15:00,64.17521138350504,0.0,18.4,May,2013_Rolling_RealWeather
2013-05-20 01:20:00,64.20735170774402,0.0,18.4,May,2013_Rolling_RealWeather
2013-05-20 01:25:00,64.21668593169032,0.0,18.4,May,2013_Rolling_RealWeather
2013-05-20 01:30:00,64.21631447162447,0.0,18.4,May,2013_Rolling_RealWeather
2013-05-20 01:35:00,64.22115119123184,0.0,18.4,May,2013_Rolling_RealWeather
2013-05-20 01:40:00,64.22421702656698,0.0,18.4,May,2013_Rolling_RealWeather
2013-05-20 01:45:00,64.22494059982024,0.0,18.4,May,2013_Rolling_RealWeather
2013-05-20 01:50:00,64.22515599506676,0.0,18.4,May,2013_Rolling_RealWeather
2013-05-20 01:55:00,64.22565772411403,0.0,18.4,May,2013_Rolling_RealWeather
2013-05-20 02:00:00,65.22441581699121,0.0,13.0,May,2013_Rolling_RealWeather
2013-05-20 02:05:00,65.3461826514667,0.0,13.0,May,2013_Rolling_RealWeather
2013-05-20 02:10:00,65.34721190539916,0.0,13.0,May,2013_Rolling_RealWeather
2013-05-20 02:15:00,65.3820285478209,0.0,13.0,May,2013_Rolling_RealWeather
2013-05-20 02:20:00,65.42330962722188,0.0,13.0,May,2013_Rolling_RealWeather
2013-05-20 02:25:00,65.43495773782834,0.0,13.0,May,2013_Rolling_RealWeather
2013-05-20 02:30:00,65.43452565754342,0.0,13.0,May,2013_Rolling_RealWeather
2013-05-20 02:35:00,65.43912376565015,0.0,13.0,May,2013_Rolling_RealWeather
2013-05-20 02:40:00,65.44171366777591,0.0,13.0,May,2013_Rolling_RealWeather
2013-05-20 02:45:00,65.44226311912333,0.0,13.0,May,2013_Rolling_RealWeather
2013-05-20 02:50:00,65.44240112685611,0.0,13.0,May,2013_Rolling_RealWeather
2013-05-20 02:55:00,65.44269390961635,0.0,13.0,May,2013_Rolling_RealWeather
2013-05-20 03:00:00,66.15247025897581,0.0,7.6,May,2013_Rolling_RealWeather
2013-05-20 03:05:00,66.2227265133047,0.0,7.6,May,2013_Rolling_RealWeather
2013-05-20 03:10:00,66.22589811157526,0.0,7.6,May,2013_Rolling_RealWeather
2013-05-20 03:15:00,66.24807221383927,0.0,7.6,May,2013_Rolling_RealWeather
2013-05-20 03:20:00,66.26838772598214,0.0,7.6,May,2013_Rolling_RealWeather
2013-05-20 03:25:00,66.27423822201922,0.0,7.6,May,2013_Rolling_RealWeather
2013-05-20 03:30:00,66.27371456650972,0.0,7.6,May,2013_Rolling_RealWeather
2013-05-20 03:35:00,66.27509206425391,0.0,7.6,May,2013_Rolling_RealWeather
2013-05-20 03:40:00,66.27585175168024,0.0,7.6,May,2013_Rolling_RealWeather
2013-05-20 03:45:00,66.27596396357512,0.0,7.6,May,2013_Rolling_RealWeather
2013-05-20 03:50:00,66.27594332690481,0.0,7.6,May,2013_Rolling_RealWeather
2013-05-20 03:55:00,66.27596783295081,0.0,7.6,May,2013_Rolling_RealWeather
2013-05-20 04:00:00,66.5621339607611,0.0,7.6,May,2013_Rolling_RealWeather
2013-05-20 04:05:00,66.59096338920486,0.0,7.6,May,2013_Rolling_RealWeather
2013-05-20 04:10:00,66.59186624353157,0.0,7.6,May,2013_Rolling_RealWeather
2013-05-20 04:15:00,66.59924772254837,0.0,7.6,May,2013_Rolling_RealWeather
2013-05-20 04:20:00,66.60623065586952,0.0,7.6,May,2013_Rolling_RealWeather
2013-05-20 04:25:00,66.60832140853181,0.0,7.6,May,2013_Rolling_RealWeather
2013-05-20 04:30:00,66.60798735243092,0.0,7.6,May,2013_Rolling_RealWeather
2013-05-20 04:35:00,66.608405245005,0.0,7.6,May,2013_Rolling_RealWeather
2013-05-20 04:40:00,66.60861161170824,0.0,7.6,May,2013_Rolling_RealWeather
2013-05-20 04:45:00,66.60862321983531,0.0,7.6,May,2013_Rolling_RealWeather
2013-05-20 04:50:00,66.60860258316498,0.0,7.6,May,2013_Rolling_RealWeather
2013-05-20 04:55:00,66.60860000358119,0.0,7.6,May,2013_Rolling_RealWeather
2013-05-20 05:00:00,66.99433419633297,0.0,0.0,May,2013_Rolling_RealWeather
2013-05-20 05:05:00,67.02515441856713,0.0,0.0,May,2013_Rolling_RealWeather
2013-05-20 05:10:00,67.02901347591786,0.0,0.0,May,2013_Rolling_RealWeather
2013-05-20 05:15:00,67.03925442356655,0.0,0.0,May,2013_Rolling_RealWeather
2013-05-20 05:20:00,67.04658624559538,0.0,0.0,May,2013_Rolling_RealWeather
2013-05-20 05:25:00,67.04904458894782,0.0,0.0,May,2013_Rolling_RealWeather
2013-05-20 05:30:00,67.04867312888197,0.0,0.0,May,2013_Rolling_RealWeather
2013-05-20 05:35:00,67.04884080182836,0.0,0.0,May,2013_Rolling_RealWeather
2013-05-20 05:40:00,67.04898267893685,0.0,0.0,May,2013_Rolling_RealWeather
2013-05-20 05:45:00,67.04898396872875,0.0,0.0,May,2013_Rolling_RealWeather
2013-05-20 05:50:00,67.04895301372326,0.0,0.0,May,2013_Rolling_RealWeather
2013-05-20 05:55:00,67.0489401158043,0.0,0.0,May,2013_Rolling_RealWeather
2013-05-20 06:00:00,67.13625386794855,0.0,0.0,May,2013_Rolling_RealWeather
2013-05-20 06:05:00,67.14364824488432,0.0,0.0,May,2013_Rolling_RealWeather
2013-05-20 06:10:00,67.14441309147823,0.0,0.0,May,2013_Rolling_RealWeather
2013-05-20 06:15:00,67.14645934632011,0.0,0.0,May,2013_Rolling_RealWeather
2013-05-20 06:20:00,67.14798259054847,0.0,0.0,May,2013_Rolling_RealWeather
2013-05-20 06:25:00,67.14852236845665,0.0,0.0,May,2013_Rolling_RealWeather
2013-05-20 06:30:00,67.14842950344018,0.0,0.0,May,2013_Rolling_RealWeather
2013-05-20 06:35:00,67.14847658084437,0.0,0.0,May,2013_Rolling_RealWeather
2013-05-20 06:40:00,67.14850431137012,0.0,0.0,May,2013_Rolling_RealWeather
2013-05-20 06:45:00,67.14850173178633,0.0,0.0,May,2013_Rolling_RealWeather
2013-05-20 06:50:00,67.14849657261874,0.0,0.0,May,2013_Rolling_RealWeather
2013-05-20 06:55:00,67.14849463793091,0.0,0.0,May,2013_Rolling_RealWeather
2013-05-20 07:00:00,67.12013662842489,0.0,0.0,May,2013_Rolling_RealWeather
2013-05-20 07:05:00,67.1176047669344,0.0,0.0,May,2013_Rolling_RealWeather
2013-05-20 07:10:00,67.11737711866489,0.0,0.0,May,2013_Rolling_RealWeather
2013-05-20 07:15:00,67.1167805899133,0.0,0.0,May,2013_Rolling_RealWeather
2013-05-20 07:20:00,67.11631239545532,0.0,0.0,May,2013_Rolling_RealWeather
2013-05-20 07:25:00,67.1161402082373,0.0,0.0,May,2013_Rolling_RealWeather
2013-05-20 07:30:00,67.1161660040752,0.0,0.0,May,2013_Rolling_RealWeather
2013-05-20 07:35:00,67.11614343271704,0.0,0.0,May,2013_Rolling_RealWeather
2013-05-20 07:40:00,67.11613698375756,0.0,0.0,May,2013_Rolling_RealWeather
2013-05-20 07:45:00,67.11613633886161,0.0,0.0,May,2013_Rolling_RealWeather
2013-05-20 07:50:00,67.11613698375756,0.0,0.0,May,2013_Rolling_RealWeather
2013-05-20 07:55:00,67.11613569396566,0.0,0.0,May,2013_Rolling_RealWeather
2013-05-20 08:00:00,67.04530677203525,0.0,7.6,May,2013_Rolling_RealWeather
2013-05-20 08:05:00,67.03747773523077,0.0,7.6,May,2013_Rolling_RealWeather
2013-05-20 08:10:00,67.0374712862713,0.0,7.6,May,2013_Rolling_RealWeather
2013-05-20 08:15:00,67.03665097862589,0.0,7.6,May,2013_Rolling_RealWeather
2013-05-20 08:20:00,67.03561914510965,0.0,7.6,May,2013_Rolling_RealWeather
2013-05-20 08:25:00,67.03522059941399,0.0,7.6,May,2013_Rolling_RealWeather
2013-05-20 08:30:00,67.03530572567908,0.0,7.6,May,2013_Rolling_RealWeather
2013-05-20 08:35:00,67.0351367629408,0.0,7.6,May,2013_Rolling_RealWeather
2013-05-20 08:40:00,67.03509291001636,0.0,7.6,May,2013_Rolling_RealWeather
2013-05-20 08:45:00,67.03509677939205,0.0,7.6,May,2013_Rolling_RealWeather
2013-05-20 08:50:00,67.03509548960015,0.0,7.6,May,2013_Rolling_RealWeather
2013-05-20 08:55:00,67.03509548960015,0.0,7.6,May,2013_Rolling_RealWeather
2013-05-20 09:00:00,66.85766268793937,0.0,9.4,May,2013_Rolling_RealWeather
2013-05-20 09:05:00,66.83723496390161,0.0,9.4,May,2013_Rolling_RealWeather
2013-05-20 09:10:00,66.83733298808565,0.0,9.4,May,2013_Rolling_RealWeather
2013-05-20 09:15:00,66.83564207091091,0.0,9.4,May,2013_Rolling_RealWeather
2013-05-20 09:20:00,66.83323660902617,0.0,9.4,May,2013_Rolling_RealWeather
2013-05-20 09:25:00,66.83216995112876,0.0,9.4,May,2013_Rolling_RealWeather
2013-05-20 09:30:00,66.83231956698862,0.0,9.4,May,2013_Rolling_RealWeather
2013-05-20 09:35:00,66.83174947897089,0.0,9.4,May,2013_Rolling_RealWeather
2013-05-20 09:40:00,66.83159986311104,0.0,9.4,May,2013_Rolling_RealWeather
2013-05-20 09:45:00,66.83159857331914,0.0,9.4,May,2013_Rolling_RealWeather
2013-05-20 09:50:00,66.83159470394345,0.0,9.4,May,2013_Rolling_RealWeather
2013-05-20 09:55:00,66.8315843856083,0.0,9.4,May,2013_Rolling_RealWeather
2013-05-20 10:00:00,66.52078452238966,0.0,9.4,May,2013_Rolling_RealWeather
2013-05-20 10:05:00,66.48494507499495,0.0,9.4,May,2013_Rolling_RealWeather
2013-05-20 10:10:00,66.48472967974844,0.0,9.4,May,2013_Rolling_RealWeather
2013-05-20 10:15:00,66.4811169726497,0.0,9.4,May,2013_Rolling_RealWeather
2013-05-20 10:20:00,66.47677940250581,0.0,9.4,May,2013_Rolling_RealWeather
2013-05-20 10:25:00,66.4745867562838,0.0,9.4,May,2013_Rolling_RealWeather
2013-05-20 10:30:00,66.47467575192458,0.0,9.4,May,2013_Rolling_RealWeather
2013-05-20 10:35:00,66.47358974714874,0.0,9.4,May,2013_Rolling_RealWeather
2013-05-20 10:40:00,66.47328793584524,0.0,9.4,May,2013_Rolling_RealWeather
2013-05-20 10:45:00,66.47325698083975,0.0,9.4,May,2013_Rolling_RealWeather
2013-05-20 10:50:00,66.47324150333701,0.0,9.4,May,2013_Rolling_RealWeather
2013-05-20 10:55:00,66.4732157074991,0.0,9.4,May,2013_Rolling_RealWeather
2013-05-20 11:00:00,66.07007835270403,0.0,7.6,May,2013_Rolling_RealWeather
2013-05-20 11:05:00,66.0248285836412,0.0,7.6,May,2013_Rolling_RealWeather
2013-05-20 11:10:00,66.02328341295063,0.0,7.6,May,2013_Rolling_RealWeather
2013-05-20 11:15:00,66.01593030935553,0.0,7.6,May,2013_Rolling_RealWeather
2013-05-20 11:20:00,66.00917179982414,0.0,7.6,May,2013_Rolling_RealWeather
2013-05-20 11:25:00,66.0055913375228,0.0,7.6,May,2013_Rolling_RealWeather
2013-05-20 11:30:00,66.00541334624124,0.0,7.6,May,2013_Rolling_RealWeather
2013-05-20 11:35:00,66.0040797014215,0.0,7.6,May,2013_Rolling_RealWeather
2013-05-20 11:40:00,66.00363601300953,0.0,7.6,May,2013_Rolling_RealWeather
2013-05-20 11:45:00,66.00353669903359,0.0,7.6,May,2013_Rolling_RealWeather
2013-05-20 11:50:00,66.00347994819019,0.0,7.6,May,2013_Rolling_RealWeather
2013-05-20 11:55:00,66.00343867484955,0.0,7.6,May,2013_Rolling_RealWeather
2013-05-20 12:00:00,65.6053985776247,0.0,7.6,May,2013_Rolling_RealWeather
2013-05-20 12:05:00,65.56067891303084,0.0,7.6,May,2013_Rolling_RealWeather
2013-05-20 12:10:00,65.55832504282192,0.0,7.6,May,2013_Rolling_RealWeather
2013-05-20 12:15:00,65.54842460023359,0.0,7.6,May,2013_Rolling_RealWeather
2013-05-20 12:20:00,65.54023958086601,0.0,7.6,May,2013_Rolling_RealWeather
2013-05-20 12:25:00,65.53581559466514,0.0,7.6,May,2013_Rolling_RealWeather
2013-05-20 12:30:00,65.53537319604504,0.0,7.6,May,2013_Rolling_RealWeather
2013-05-20 12:35:00,65.53391573120336,0.0,7.6,May,2013_Rolling_RealWeather
2013-05-20 12:40:00,65.5333314554748,0.0,7.6,May,2013_Rolling_RealWeather
2013-05-20 12:45:00,65.53315733356892,0.0,7.6,May,2013_Rolling_RealWeather
2013-05-20 12:50:00,65.53305544000919,0.0,7.6,May,2013_Rolling_RealWeather
2013-05-20 12:55:00,65.53299224020633,0.0,7.6,May,2013_Rolling_RealWeather
2013-05-20 13:00:00,65.08853624082133,0.0,11.2,May,2013_Rolling_RealWeather
2013-05-20 13:05:00,65.03559415289493,0.0,11.2,May,2013_Rolling_RealWeather
2013-05-20 13:10:00,65.03345825751632,0.0,11.2,May,2013_Rolling_RealWeather
2013-05-20 13:15:00,65.02048553063338,0.0,11.2,May,2013_Rolling_RealWeather
2013-05-20 13:20:00,65.00980605374029,0.0,11.2,May,2013_Rolling_RealWeather
2013-05-20 13:25:00,65.00377498683787,0.0,11.2,May,2013_Rolling_RealWeather
2013-05-20 13:30:00,65.00317781319035,0.0,11.2,May,2013_Rolling_RealWeather
2013-05-20 13:35:00,65.00101096280623,0.0,11.2,May,2013_Rolling_RealWeather
2013-05-20 13:40:00,65.00006554534698,0.0,11.2,May,2013_Rolling_RealWeather
2013-05-20 13:45:00,64.99977405237864,0.0,11.2,May,2013_Rolling_RealWeather
2013-05-20 13:50:00,64.9995921917214,0.0,11.2,May,2013_Rolling_RealWeather
2013-05-20 13:55:00,64.99947482065893,0.0,11.2,May,2013_Rolling_RealWeather
2013-05-20 14:00:00,65.10391571938088,0.0,5.4,May,2013_Rolling_RealWeather
2013-05-20 14:05:00,65.11521300659182,0.0,5.4,May,2013_Rolling_RealWeather
2013-05-20 14:10:00,65.11626160740269,0.0,5.4,May,2013_Rolling_RealWeather
2013-05-20 14:15:00,65.12120795932117,0.0,5.4,May,2013_Rolling_RealWeather
2013-05-20 14:20:00,65.12511731855582,0.0,5.4,May,2013_Rolling_RealWeather
2013-05-20 14:25:00,65.12720162225864,0.0,5.4,May,2013_Rolling_RealWeather
2013-05-20 14:30:00,65.12744926230253,0.0,5.4,May,2013_Rolling_RealWeather
2013-05-20 14:35:00,65.12804772574195,0.0,5.4,May,2013_Rolling_RealWeather
2013-05-20 14:40:00,65.12841531643211,0.0,5.4,May,2013_Rolling_RealWeather
2013-05-20 14:45:00,65.12856106291628,0.0,5.4,May,2013_Rolling_RealWeather
2013-05-20 14:50:00,65.1286410300138,0.0,5.4,May,2013_Rolling_RealWeather
2013-05-20 14:55:00,65.12868746252202,0.0,5.4,May,2013_Rolling_RealWeather
2013-05-20 15:00:00,65.69185461815857,0.0,0.0,May,2013_Rolling_RealWeather
2013-05-20 15:05:00,65.74870864490342,0.0,0.0,May,2013_Rolling_RealWeather
2013-05-20 15:10:00,65.75436051298861,0.0,0.0,May,2013_Rolling_RealWeather
2013-05-20 15:15:00,65.7882614031647,0.0,0.0,May,2013_Rolling_RealWeather
2013-05-20 15:20:00,65.81705987660295,0.0,0.0,May,2013_Rolling_RealWeather
2013-05-20 15:25:00,65.83191569965302,0.0,0.0,May,2013_Rolling_RealWeather
2013-05-20 15:30:00,65.83321065071591,0.0,0.0,May,2013_Rolling_RealWeather
2013-05-20 15:35:00,65.83681432927138,0.0,0.0,May,2013_Rolling_RealWeather
2013-05-20 15:40:00,65.83985823814429,0.0,0.0,May,2013_Rolling_RealWeather
2013-05-20 15:45:00,65.84114158108011,0.0,0.0,May,2013_Rolling_RealWeather
2013-05-20 15:50:00,65.84166394679771,0.0,0.0,May,2013_Rolling_RealWeather
2013-05-20 15:55:00,65.84201219060944,0.0,0.0,May,2013_Rolling_RealWeather
2013-05-20 16:00:00,65.70209169643157,0.0,5.4,May,2013_Rolling_RealWeather
2013-05-20 16:05:00,65.68161625009368,0.0,5.4,May,2013_Rolling_RealWeather
2013-05-20 16:10:00,65.68429256827643,0.0,5.4,May,2013_Rolling_RealWeather
2013-05-20 16:15:00,65.67847044766104,0.0,5.4,May,2013_Rolling_RealWeather
2013-05-20 16:20:00,65.67339640634493,0.0,5.4,May,2013_Rolling_RealWeather
2013-05-20 16:25:00,65.66974629528123,0.0,5.4,May,2013_Rolling_RealWeather
2013-05-20 16:30:00,65.67024415495281,0.0,5.4,May,2013_Rolling_RealWeather
2013-05-20 16:35:00,65.6702763997502,0.0,5.4,May,2013_Rolling_RealWeather
2013-05-20 16:40:00,65.66980046654083,0.0,5.4,May,2013_Rolling_RealWeather
2013-05-20 16:45:00,65.66963279359445,0.0,5.4,May,2013_Rolling_RealWeather
2013-05-20 16:50:00,65.66961344671601,0.0,5.4,May,2013_Rolling_RealWeather
2013-05-20 16:55:00,65.66963924255391,0.0,5.4,May,2013_Rolling_RealWeather
2013-05-20 17:00:00,65.40557821314124,0.0,5.4,May,2013_Rolling_RealWeather
2013-05-20 17:05:00,65.34603883967038,0.0,5.4,May,2013_Rolling_RealWeather
2013-05-20 17:10:00,65.35542530018843,0.0,5.4,May,2013_Rolling_RealWeather
2013-05-20 17:15:00,65.35919278231461,0.0,5.4,May,2013_Rolling_RealWeather
2013-05-20 17:20:00,65.36281193837281,0.0,5.4,May,2013_Rolling_RealWeather
2013-05-20 17:25:00,65.3619780879125,0.0,5.4,May,2013_Rolling_RealWeather
2013-05-20 17:30:00,65.36501103355431,0.0,5.4,May,2013_Rolling_RealWeather
2013-05-20 17:35:00,65.3684850880243,0.0,5.4,May,2013_Rolling_RealWeather
2013-05-20 17:40:00,65.36924671013847,0.0,5.4,May,2013_Rolling_RealWeather
2013-05-20 17:45:00,65.3691145064692,0.0,5.4,May,2013_Rolling_RealWeather
2013-05-20 17:50:00,65.3689384498755,0.0,5.4,May,2013_Rolling_RealWeather
2013-05-20 17:55:00,65.36888556840779,0.0,5.4,May,2013_Rolling_RealWeather
2013-05-20 18:00:00,63.153120310345926,0.0,14.8,May,2013_Rolling_RealWeather
2013-05-20 18:05:00,62.301615198724384,0.0,14.8,May,2013_Rolling_RealWeather
2013-05-20 18:10:00,62.279341782484444,0.0,14.8,May,2013_Rolling_RealWeather
2013-05-20 18:15:00,62.56673579217905,0.0,14.8,May,2013_Rolling_RealWeather
2013-05-20 18:20:00,62.98659140936801,0.0,14.8,May,2013_Rolling_RealWeather
2013-05-20 18:25:00,63.192894912813195,0.0,14.8,May,2013_Rolling_RealWeather
2013-05-20 18:30:00,63.23088766777711,0.0,14.8,May,2013_Rolling_RealWeather
2013-05-20 18:35:00,63.18789438963512,0.0,14.8,May,2013_Rolling_RealWeather
2013-05-20 18:40:00,63.118582262973575,0.0,14.8,May,2013_Rolling_RealWeather
2013-05-20 18:45:00,63.07033437265012,0.0,14.8,May,2013_Rolling_RealWeather
2013-05-20 18:50:00,63.05257329335589,0.0,14.8,May,2013_Rolling_RealWeather
2013-05-20 18:55:00,63.05625629411292,0.0,14.8,May,2013_Rolling_RealWeather
2013-05-20 19:00:00,62.425990476084145,0.0,16.6,May,2013_Rolling_RealWeather
2013-05-20 19:05:00,62.188941538181744,0.0,16.6,May,2013_Rolling_RealWeather
2013-05-20 19:10:00,62.178147269809976,0.0,16.6,May,2013_Rolling_RealWeather
2013-05-20 19:15:00,62.24711310750063,0.0,16.6,May,2013_Rolling_RealWeather
2013-05-20 19:20:00,62.36546957098097,0.0,16.6,May,2013_Rolling_RealWeather
2013-05-20 19:25:00,62.44026266830159,0.0,16.6,May,2013_Rolling_RealWeather
2013-05-20 19:30:00,62.462412264519585,0.0,16.6,May,2013_Rolling_RealWeather
2013-05-20 19:35:00,62.450352065402576,0.0,16.6,May,2013_Rolling_RealWeather
2013-05-20 19:40:00,62.42446465227201,0.0,16.6,May,2013_Rolling_RealWeather
2013-05-20 19:45:00,62.403386228223056,0.0,16.6,May,2013_Rolling_RealWeather
2013-05-20 19:50:00,62.39393656790214,0.0,16.6,May,2013_Rolling_RealWeather
2013-05-20 19:55:00,62.39449375800091,0.0,16.6,May,2013_Rolling_RealWeather
2013-05-20 20:00:00,62.54096961948664,0.0,18.4,May,2013_Rolling_RealWeather
2013-05-20 20:05:00,62.59486937789529,0.0,18.4,May,2013_Rolling_RealWeather
2013-05-20 20:10:00,62.60107908097522,0.0,18.4,May,2013_Rolling_RealWeather
2013-05-20 20:15:00,62.59284762909941,0.0,18.4,May,2013_Rolling_RealWeather
2013-05-20 20:20:00,62.57480021600442,0.0,18.4,May,2013_Rolling_RealWeather
2013-05-20 20:25:00,62.56171205274686,0.0,18.4,May,2013_Rolling_RealWeather
2013-05-20 20:30:00,62.5560892049793,0.0,18.4,May,2013_Rolling_RealWeather
2013-05-20 20:35:00,62.55656900756435,0.0,18.4,May,2013_Rolling_RealWeather
2013-05-20 20:40:00,62.55959743893452,0.0,18.4,May,2013_Rolling_RealWeather
2013-05-20 20:45:00,62.562389193491896,0.0,18.4,May,2013_Rolling_RealWeather
2013-05-20 20:50:00,62.56394532741357,0.0,18.4,May,2013_Rolling_RealWeather
2013-05-20 20:55:00,62.56424713871707,0.0,18.4,May,2013_Rolling_RealWeather
2013-05-20 21:00:00,63.2693956946032,0.0,18.4,May,2013_Rolling_RealWeather
2013-05-20 21:05:00,63.45828055850235,0.0,18.4,May,2013_Rolling_RealWeather
2013-05-20 21:10:00,63.46288511556857,0.0,18.4,May,2013_Rolling_RealWeather
2013-05-20 21:15:00,63.45683470178772,0.0,18.4,May,2013_Rolling_RealWeather
2013-05-20 21:20:00,63.43857124855027,0.0,18.4,May,2013_Rolling_RealWeather
2013-05-20 21:25:00,63.421289326945136,0.0,18.4,May,2013_Rolling_RealWeather
2013-05-20 21:30:00,63.4078793606097,0.0,18.4,May,2013_Rolling_RealWeather
2013-05-20 21:35:00,63.40722801570257,0.0,18.4,May,2013_Rolling_RealWeather
2013-05-20 21:40:00,63.409405184421836,0.0,18.4,May,2013_Rolling_RealWeather
2013-05-20 21:45:00,63.410737539449684,0.0,18.4,May,2013_Rolling_RealWeather
2013-05-20 21:50:00,63.41166876919809,0.0,18.4,May,2013_Rolling_RealWeather
2013-05-20 21:55:00,63.412090531147854,0.0,18.4,May,2013_Rolling_RealWeather
2013-05-20 22:00:00,63.377413186250806,0.0,20.5,May,2013_Rolling_RealWeather
2013-05-20 22:05:00,63.3694577498406,0.0,20.5,May,2013_Rolling_RealWeather
2013-05-20 22:10:00,63.36919979146154,0.0,20.5,May,2013_Rolling_RealWeather
2013-05-20 22:15:00,63.368593589270745,0.0,20.5,May,2013_Rolling_RealWeather
2013-05-20 22:20:00,63.36780294683893,0.0,20.5,May,2013_Rolling_RealWeather
2013-05-20 22:25:00,63.367768122457754,0.0,20.5,May,2013_Rolling_RealWeather
2013-05-20 22:30:00,63.36812926418844,0.0,20.5,May,2013_Rolling_RealWeather
2013-05-20 22:35:00,63.36794482394741,0.0,20.5,May,2013_Rolling_RealWeather
2013-05-20 22:40:00,63.3678106855903,0.0,20.5,May,2013_Rolling_RealWeather
2013-05-20 22:45:00,63.3678093957984,0.0,20.5,May,2013_Rolling_RealWeather
2013-05-20 22:50:00,63.36781455496598,0.0,20.5,May,2013_Rolling_RealWeather
2013-05-20 22:55:00,63.36780165704703,0.0,20.5,May,2013_Rolling_RealWeather
2013-05-20 23:00:00,63.10382768858728,0.0,22.3,May,2013_Rolling_RealWeather
2013-05-20 23:05:00,63.05009237864528,0.0,22.3,May,2013_Rolling_RealWeather
2013-05-20 23:10:00,63.04755019881964,0.0,22.3,May,2013_Rolling_RealWeather
2013-05-20 23:15:00,63.03932519590332,0.0,22.3,May,2013_Rolling_RealWeather
2013-05-20 23:20:00,63.02531547633656,0.0,22.3,May,2013_Rolling_RealWeather
2013-05-20 23:25:00,63.0214899535751,0.0,22.3,May,2013_Rolling_RealWeather
2013-05-20 23:30:00,63.02267398253499,0.0,22.3,May,2013_Rolling_RealWeather
2013-05-20 23:35:00,63.01985449745186,0.0,22.3,May,2013_Rolling_RealWeather
2013-05-20 23:40:00,63.01803589087949,0.0,22.3,May,2013_Rolling_RealWeather
2013-05-20 23:45:00,63.017726340824616,0.0,22.3,May,2013_Rolling_RealWeather
2013-05-20 23:50:00,63.01769280623534,0.0,22.3,May,2013_Rolling_RealWeather
2013-05-20 23:55:00,63.017396154099416,0.0,22.3,May,2013_Rolling_RealWeather
2013-05-21 00:00:00,61.90797133702167,0.0,24.1,May,2013_Rolling_RealWeather
2013-05-21 00:05:00,61.683947382726956,0.0,24.1,May,2013_Rolling_RealWeather
2013-05-21 00:10:00,61.66708980265538,0.0,24.1,May,2013_Rolling_RealWeather
2013-05-21 00:15:00,61.63124906546878,0.0,24.1,May,2013_Rolling_RealWeather
2013-05-21 00:20:00,61.56046915563038,0.0,24.1,May,2013_Rolling_RealWeather
2013-05-21 00:25:00,61.53505509612538,0.0,24.1,May,2013_Rolling_RealWeather
2013-05-21 00:30:00,61.53327002414229,0.0,24.1,May,2013_Rolling_RealWeather
2013-05-21 00:35:00,61.5192164516511,0.0,24.1,May,2013_Rolling_RealWeather
2013-05-21 00:40:00,61.509866750202065,0.0,24.1,May,2013_Rolling_RealWeather
2013-05-21 00:45:00,61.50698922448365,0.0,24.1,May,2013_Rolling_RealWeather
2013-05-21 00:50:00,61.505980607221524,0.0,24.1,May,2013_Rolling_RealWeather
2013-05-21 00:55:00,61.50422520045202,0.0,24.1,May,2013_Rolling_RealWeather
2013-05-21 01:00:00,63.215976383675546,0.0,16.6,May,2013_Rolling_RealWeather
2013-05-21 01:05:00,63.481182103395305,0.0,16.6,May,2013_Rolling_RealWeather
2013-05-21 01:10:00,63.473491074323626,0.0,16.6,May,2013_Rolling_RealWeather
2013-05-21 01:15:00,63.53594021831028,0.0,16.6,May,2013_Rolling_RealWeather
2013-05-21 01:20:00,63.61940652123085,0.0,16.6,May,2013_Rolling_RealWeather
2013-05-21 01:25:00,63.64316448794228,0.0,16.6,May,2013_Rolling_RealWeather
2013-05-21 01:30:00,63.641307187613045,0.0,16.6,May,2013_Rolling_RealWeather
2013-05-21 01:35:00,63.65236070415577,0.0,16.6,May,2013_Rolling_RealWeather
2013-05-21 01:40:00,63.65917983390622,0.0,16.6,May,2013_Rolling_RealWeather
2013-05-21 01:45:00,63.660490262471846,0.0,16.6,May,2013_Rolling_RealWeather
2013-05-21 01:50:00,63.66084108586737,0.0,16.6,May,2013_Rolling_RealWeather
2013-05-21 01:55:00,63.66177876457525,0.0,16.6,May,2013_Rolling_RealWeather
2013-05-21 02:00:00,64.96622914476568,0.0,9.4,May,2013_Rolling_RealWeather
2013-05-21 02:05:00,65.11552900560616,0.0,9.4,May,2013_Rolling_RealWeather
2013-05-21 02:10:00,65.1104136909494,0.0,9.4,May,2013_Rolling_RealWeather
2013-05-21 02:15:00,65.15458519398776,0.0,9.4,May,2013_Rolling_RealWeather
2013-05-21 02:20:00,65.195986224035,0.0,9.4,May,2013_Rolling_RealWeather
2013-05-21 02:25:00,65.20583636473941,0.0,9.4,May,2013_Rolling_RealWeather
2013-05-21 02:30:00,65.20430022259211,0.0,9.4,May,2013_Rolling_RealWeather
2013-05-21 02:35:00,65.20801869262625,0.0,9.4,May,2013_Rolling_RealWeather
2013-05-21 02:40:00,65.20989018066633,0.0,9.4,May,2013_Rolling_RealWeather
2013-05-21 02:45:00,65.21003979652619,0.0,9.4,May,2013_Rolling_RealWeather
2013-05-21 02:50:00,65.21002431902345,0.0,9.4,May,2013_Rolling_RealWeather
2013-05-21 02:55:00,65.21016877571573,0.0,9.4,May,2013_Rolling_RealWeather
2013-05-21 03:00:00,65.6072907023351,0.0,9.4,May,2013_Rolling_RealWeather
2013-05-21 03:05:00,65.65245405534094,0.0,9.4,May,2013_Rolling_RealWeather
2013-05-21 03:10:00,65.65005891179136,0.0,9.4,May,2013_Rolling_RealWeather
2013-05-21 03:15:00,65.6609705512256,0.0,9.4,May,2013_Rolling_RealWeather
2013-05-21 03:20:00,65.67104769530359,0.0,9.4,May,2013_Rolling_RealWeather
2013-05-21 03:25:00,65.67317456213894,0.0,9.4,May,2013_Rolling_RealWeather
2013-05-21 03:30:00,65.67258512724278,0.0,9.4,May,2013_Rolling_RealWeather
2013-05-21 03:35:00,65.67336287175566,0.0,9.4,May,2013_Rolling_RealWeather
2013-05-21 03:40:00,65.67368402993758,0.0,9.4,May,2013_Rolling_RealWeather
2013-05-21 03:45:00,65.6736504953483,0.0,9.4,May,2013_Rolling_RealWeather
2013-05-21 03:50:00,65.67361696075902,0.0,9.4,May,2013_Rolling_RealWeather
2013-05-21 03:55:00,65.6736259893023,0.0,9.4,May,2013_Rolling_RealWeather
2013-05-21 04:00:00,66.16106156279041,0.0,7.6,May,2013_Rolling_RealWeather
2013-05-21 04:05:00,66.21414810740907,0.0,7.6,May,2013_Rolling_RealWeather
2013-05-21 04:10:00,66.21097650913853,0.0,7.6,May,2013_Rolling_RealWeather
2013-05-21 04:15:00,66.22197714421354,0.0,7.6,May,2013_Rolling_RealWeather
2013-05-21 04:20:00,66.2312920212814,0.0,7.6,May,2013_Rolling_RealWeather
2013-05-21 04:25:00,66.23288878364778,0.0,7.6,May,2013_Rolling_RealWeather
2013-05-21 04:30:00,66.2320633168348,0.0,7.6,May,2013_Rolling_RealWeather
2013-05-21 04:35:00,66.2326359844363,0.0,7.6,May,2013_Rolling_RealWeather
2013-05-21 04:40:00,66.23278560029615,0.0,7.6,May,2013_Rolling_RealWeather
2013-05-21 04:45:00,66.23268499652832,0.0,7.6,May,2013_Rolling_RealWeather
2013-05-21 04:50:00,66.23262566610114,0.0,7.6,May,2013_Rolling_RealWeather
2013-05-21 04:55:00,66.2326127681822,0.0,7.6,May,2013_Rolling_RealWeather
2013-05-21 05:00:00,66.58098297951902,0.0,5.4,May,2013_Rolling_RealWeather
2013-05-21 05:05:00,66.61739251493145,0.0,5.4,May,2013_Rolling_RealWeather
2013-05-21 05:10:00,66.61543461083438,0.0,5.4,May,2013_Rolling_RealWeather
2013-05-21 05:15:00,66.62199965158146,0.0,5.4,May,2013_Rolling_RealWeather
2013-05-21 05:20:00,66.62718332520868,0.0,5.4,May,2013_Rolling_RealWeather
2013-05-21 05:25:00,66.6278617557456,0.0,5.4,May,2013_Rolling_RealWeather
2013-05-21 05:30:00,66.62726716168187,0.0,5.4,May,2013_Rolling_RealWeather
2013-05-21 05:35:00,66.6275341486042,0.0,5.4,May,2013_Rolling_RealWeather
2013-05-21 05:40:00,66.62755800975427,0.0,5.4,May,2013_Rolling_RealWeather
2013-05-21 05:45:00,66.62747481817702,0.0,5.4,May,2013_Rolling_RealWeather
2013-05-21 05:50:00,66.62743032035662,0.0,5.4,May,2013_Rolling_RealWeather
2013-05-21 05:55:00,66.62741806733362,0.0,5.4,May,2013_Rolling_RealWeather
2013-05-21 06:00:00,66.78630753091566,0.0,7.6,May,2013_Rolling_RealWeather
2013-05-21 06:05:00,66.80452455164489,0.0,7.6,May,2013_Rolling_RealWeather
2013-05-21 06:10:00,66.80304902971668,0.0,7.6,May,2013_Rolling_RealWeather
2013-05-21 06:15:00,66.80491406879727,0.0,7.6,May,2013_Rolling_RealWeather
2013-05-21 06:20:00,66.80676492016703,0.0,7.6,May,2013_Rolling_RealWeather
2013-05-21 06:25:00,66.80683585872127,0.0,7.6,May,2013_Rolling_RealWeather
2013-05-21 06:30:00,66.80656242283946,0.0,7.6,May,2013_Rolling_RealWeather
2013-05-21 06:35:00,66.80673138557775,0.0,7.6,May,2013_Rolling_RealWeather
2013-05-21 06:40:00,66.80673783453723,0.0,7.6,May,2013_Rolling_RealWeather
2013-05-21 06:45:00,66.8066926918209,0.0,7.6,May,2013_Rolling_RealWeather
2013-05-21 06:50:00,66.80667463473436,0.0,7.6,May,2013_Rolling_RealWeather
2013-05-21 06:55:00,66.80667334494247,0.0,7.6,May,2013_Rolling_RealWeather
2013-05-21 07:00:00,66.71912356088137,0.0,0.0,May,2013_Rolling_RealWeather
2013-05-21 07:05:00,66.71067606886311,0.0,0.0,May,2013_Rolling_RealWeather
2013-05-21 07:10:00,66.71069477084558,0.0,0.0,May,2013_Rolling_RealWeather
2013-05-21 07:15:00,66.70915927359422,0.0,0.0,May,2013_Rolling_RealWeather
2013-05-21 07:20:00,66.70809197080087,0.0,0.0,May,2013_Rolling_RealWeather
2013-05-21 07:25:00,66.70799459151277,0.0,0.0,May,2013_Rolling_RealWeather
2013-05-21 07:30:00,66.7080842320495,0.0,0.0,May,2013_Rolling_RealWeather
2013-05-21 07:35:00,66.70805714641969,0.0,0.0,May,2013_Rolling_RealWeather
2013-05-21 07:40:00,66.70805972600348,0.0,0.0,May,2013_Rolling_RealWeather
2013-05-21 07:45:00,66.70807971777786,0.0,0.0,May,2013_Rolling_RealWeather
2013-05-21 07:50:00,66.7080855218414,0.0,0.0,May,2013_Rolling_RealWeather
2013-05-21 07:55:00,66.70808939121707,0.0,0.0,May,2013_Rolling_RealWeather
2013-05-21 08:00:00,66.8304854829135,0.0,11.2,May,2013_Rolling_RealWeather
2013-05-21 08:05:00,66.84598620191122,0.0,11.2,May,2013_Rolling_RealWeather
2013-05-21 08:10:00,66.8446473979239,0.0,11.2,May,2013_Rolling_RealWeather
2013-05-21 08:15:00,66.8447015691835,0.0,11.2,May,2013_Rolling_RealWeather
2013-05-21 08:20:00,66.84531551012566,0.0,11.2,May,2013_Rolling_RealWeather
2013-05-21 08:25:00,66.84508076800071,0.0,11.2,May,2013_Rolling_RealWeather
2013-05-21 08:30:00,66.8449221235976,0.0,11.2,May,2013_Rolling_RealWeather
2013-05-21 08:35:00,66.84517234322529,0.0,11.2,May,2013_Rolling_RealWeather
2013-05-21 08:40:00,66.84520458802267,0.0,11.2,May,2013_Rolling_RealWeather
2013-05-21 08:45:00,66.8451684738496,0.0,11.2,May,2013_Rolling_RealWeather
2013-05-21 08:50:00,66.84515428613875,0.0,11.2,May,2013_Rolling_RealWeather
2013-05-21 08:55:00,66.84515428613875,0.0,11.2,May,2013_Rolling_RealWeather
2013-05-21 09:00:00,66.50697472056669,0.0,9.4,May,2013_Rolling_RealWeather
2013-05-21 09:05:00,66.46594773016908,0.0,9.4,May,2013_Rolling_RealWeather
2013-05-21 09:10:00,66.46898261049871,0.0,9.4,May,2013_Rolling_RealWeather
2013-05-21 09:15:00,66.46797657282039,0.0,9.4,May,2013_Rolling_RealWeather
2013-05-21 09:20:00,66.46627920668617,0.0,9.4,May,2013_Rolling_RealWeather
2013-05-21 09:25:00,66.46683252740925,0.0,9.4,May,2013_Rolling_RealWeather
2013-05-21 09:30:00,66.46717948142908,0.0,9.4,May,2013_Rolling_RealWeather
2013-05-21 09:35:00,66.46659391590862,0.0,9.4,May,2013_Rolling_RealWeather
2013-05-21 09:40:00,66.46653458548144,0.0,9.4,May,2013_Rolling_RealWeather
2013-05-21 09:45:00,66.46660810361948,0.0,9.4,May,2013_Rolling_RealWeather
2013-05-21 09:50:00,66.46663518924927,0.0,9.4,May,2013_Rolling_RealWeather
2013-05-21 09:55:00,66.46664034841686,0.0,9.4,May,2013_Rolling_RealWeather
2013-05-21 10:00:00,65.95672628177745,0.0,7.6,May,2013_Rolling_RealWeather
2013-05-21 10:05:00,65.89733652416645,0.0,7.6,May,2013_Rolling_RealWeather
2013-05-21 10:10:00,65.90074157477004,0.0,7.6,May,2013_Rolling_RealWeather
2013-05-21 10:15:00,65.89636402107739,0.0,7.6,May,2013_Rolling_RealWeather
2013-05-21 10:20:00,65.89283257086807,0.0,7.6,May,2013_Rolling_RealWeather
2013-05-21 10:25:00,65.89313954133914,0.0,7.6,May,2013_Rolling_RealWeather
2013-05-21 10:30:00,65.89344135264264,0.0,7.6,May,2013_Rolling_RealWeather
2013-05-21 10:35:00,65.89276163231382,0.0,7.6,May,2013_Rolling_RealWeather
2013-05-21 10:40:00,65.89269972230285,0.0,7.6,May,2013_Rolling_RealWeather
2013-05-21 10:45:00,65.89277839960846,0.0,7.6,May,2013_Rolling_RealWeather
2013-05-21 10:50:00,65.89279774648689,0.0,7.6,May,2013_Rolling_RealWeather
2013-05-21 10:55:00,65.89280290565446,0.0,7.6,May,2013_Rolling_RealWeather
2013-05-21 11:00:00,65.40172753943781,0.0,9.4,May,2013_Rolling_RealWeather
2013-05-21 11:05:00,65.34366755727088,0.0,9.4,May,2013_Rolling_RealWeather
2013-05-21 11:10:00,65.34693588993356,0.0,9.4,May,2013_Rolling_RealWeather
2013-05-21 11:15:00,65.34158841273565,0.0,9.4,May,2013_Rolling_RealWeather
2013-05-21 11:20:00,65.33777191851746,0.0,9.4,May,2013_Rolling_RealWeather
2013-05-21 11:25:00,65.3376248822414,0.0,9.4,May,2013_Rolling_RealWeather
2013-05-21 11:30:00,65.3377912653959,0.0,9.4,May,2013_Rolling_RealWeather
2013-05-21 11:35:00,65.33700062296407,0.0,9.4,May,2013_Rolling_RealWeather
2013-05-21 11:40:00,65.33686390502316,0.0,9.4,May,2013_Rolling_RealWeather
2013-05-21 11:45:00,65.33691033753139,0.0,9.4,May,2013_Rolling_RealWeather
2013-05-21 11:50:00,65.33691678649087,0.0,9.4,May,2013_Rolling_RealWeather
2013-05-21 11:55:00,65.3369090477395,0.0,9.4,May,2013_Rolling_RealWeather
2013-05-21 12:00:00,64.7371995081253,0.0,9.4,May,2013_Rolling_RealWeather
2013-05-21 12:05:00,64.66704772693991,0.0,9.4,May,2013_Rolling_RealWeather
2013-05-21 12:10:00,64.66926874858362,0.0,9.4,May,2013_Rolling_RealWeather
2013-05-21 12:15:00,64.65798564908354,0.0,9.4,May,2013_Rolling_RealWeather
2013-05-21 12:20:00,64.65066479028582,0.0,9.4,May,2013_Rolling_RealWeather
2013-05-21 12:25:00,64.64908350542217,0.0,9.4,May,2013_Rolling_RealWeather
2013-05-21 12:30:00,64.64906544833563,0.0,9.4,May,2013_Rolling_RealWeather
2013-05-21 12:35:00,64.64798460272738,0.0,9.4,May,2013_Rolling_RealWeather
2013-05-21 12:40:00,64.64768408121577,0.0,9.4,May,2013_Rolling_RealWeather
2013-05-21 12:45:00,64.64767376288061,0.0,9.4,May,2013_Rolling_RealWeather
2013-05-21 12:50:00,64.6476505466265,0.0,9.4,May,2013_Rolling_RealWeather
2013-05-21 12:55:00,64.64762862016427,0.0,9.4,May,2013_Rolling_RealWeather
2013-05-21 13:00:00,64.16982650234216,0.0,7.6,May,2013_Rolling_RealWeather
2013-05-21 13:05:00,64.11555463897172,0.0,7.6,May,2013_Rolling_RealWeather
2013-05-21 13:10:00,64.11440414460111,0.0,7.6,May,2013_Rolling_RealWeather
2013-05-21 13:15:00,64.09914203710402,0.0,7.6,May,2013_Rolling_RealWeather
2013-05-21 13:20:00,64.08897976676094,0.0,7.6,May,2013_Rolling_RealWeather
2013-05-21 13:25:00,64.08556568761408,0.0,7.6,May,2013_Rolling_RealWeather
2013-05-21 13:30:00,64.08523550088888,0.0,7.6,May,2013_Rolling_RealWeather
2013-05-21 13:35:00,64.08398956191803,0.0,7.6,May,2013_Rolling_RealWeather
2013-05-21 13:40:00,64.08344269015443,0.0,7.6,May,2013_Rolling_RealWeather
2013-05-21 13:45:00,64.0833098415892,0.0,7.6,May,2013_Rolling_RealWeather
2013-05-21 13:50:00,64.08323116428359,0.0,7.6,May,2013_Rolling_RealWeather
2013-05-21 13:55:00,64.08317183385641,0.0,7.6,May,2013_Rolling_RealWeather
2013-05-21 14:00:00,63.78226983364232,0.0,9.4,May,2013_Rolling_RealWeather
2013-05-21 14:05:00,63.74712042491159,0.0,9.4,May,2013_Rolling_RealWeather
2013-05-21 14:10:00,63.745812575929754,0.0,9.4,May,2013_Rolling_RealWeather
2013-05-21 14:15:00,63.73342541456729,0.0,9.4,May,2013_Rolling_RealWeather
2013-05-21 14:20:00,63.724274341070135,0.0,9.4,May,2013_Rolling_RealWeather
2013-05-21 14:25:00,63.72032757787052,0.0,9.4,May,2013_Rolling_RealWeather
2013-05-21 14:30:00,63.720056721572504,0.0,9.4,May,2013_Rolling_RealWeather
2013-05-21 14:35:00,63.71862892194441,0.0,9.4,May,2013_Rolling_RealWeather
2013-05-21 14:40:00,63.71788858139651,0.0,9.4,May,2013_Rolling_RealWeather
2013-05-21 14:45:00,63.71767576573378,0.0,9.4,May,2013_Rolling_RealWeather
2013-05-21 14:50:00,63.71754678654425,0.0,9.4,May,2013_Rolling_RealWeather
2013-05-21 14:55:00,63.71745392152779,0.0,9.4,May,2013_Rolling_RealWeather
2013-05-21 15:00:00,63.96553894362933,0.0,7.6,May,2013_Rolling_RealWeather
2013-05-21 15:05:00,63.993974985545016,0.0,7.6,May,2013_Rolling_RealWeather
2013-05-21 15:10:00,63.99521963472398,0.0,7.6,May,2013_Rolling_RealWeather
2013-05-21 15:15:00,64.00913519948237,0.0,7.6,May,2013_Rolling_RealWeather
2013-05-21 15:20:00,64.0207123715346,0.0,7.6,May,2013_Rolling_RealWeather
2013-05-21 15:25:00,64.0270774945379,0.0,7.6,May,2013_Rolling_RealWeather
2013-05-21 15:30:00,64.02764371317994,0.0,7.6,May,2013_Rolling_RealWeather
2013-05-21 15:35:00,64.02985699607227,0.0,7.6,May,2013_Rolling_RealWeather
2013-05-21 15:40:00,64.031277056949,0.0,7.6,May,2013_Rolling_RealWeather
2013-05-21 15:45:00,64.03182005933692,0.0,7.6,May,2013_Rolling_RealWeather
2013-05-21 15:50:00,64.03213476855937,0.0,7.6,May,2013_Rolling_RealWeather
2013-05-21 15:55:00,64.03236048214104,0.0,7.6,May,2013_Rolling_RealWeather
2013-05-21 16:00:00,64.69802594868123,0.0,5.4,May,2013_Rolling_RealWeather
2013-05-21 16:05:00,64.78678168816444,0.0,5.4,May,2013_Rolling_RealWeather
2013-05-21 16:10:00,64.78021535762547,0.0,5.4,May,2013_Rolling_RealWeather
2013-05-21 16:15:00,64.81439613264281,0.0,5.4,May,2013_Rolling_RealWeather
2013-05-21 16:20:00,64.84556653337654,0.0,5.4,May,2013_Rolling_RealWeather
2013-05-21 16:25:00,64.86941220593685,0.0,5.4,May,2013_Rolling_RealWeather
2013-05-21 16:30:00,64.87036278256369,0.0,5.4,May,2013_Rolling_RealWeather
2013-05-21 16:35:00,64.87488350315671,0.0,5.4,May,2013_Rolling_RealWeather
2013-05-21 16:40:00,64.8793345749874,0.0,5.4,May,2013_Rolling_RealWeather
2013-05-21 16:45:00,64.88122025073832,0.0,5.4,May,2013_Rolling_RealWeather
2013-05-21 16:50:00,64.8822159700815,0.0,5.4,May,2013_Rolling_RealWeather
2013-05-21 16:55:00,64.88267900537191,0.0,5.4,May,2013_Rolling_RealWeather
2013-05-21 17:00:00,65.4243762851193,0.0,0.0,May,2013_Rolling_RealWeather
2013-05-21 17:05:00,65.53399827788466,0.0,0.0,May,2013_Rolling_RealWeather
2013-05-21 17:10:00,65.51640551643277,0.0,0.0,May,2013_Rolling_RealWeather
2013-05-21 17:15:00,65.51418384989312,0.0,0.0,May,2013_Rolling_RealWeather
2013-05-21 17:20:00,65.51355636613604,0.0,0.0,May,2013_Rolling_RealWeather
2013-05-21 17:25:00,65.52073792740907,0.0,0.0,May,2013_Rolling_RealWeather
2013-05-21 17:30:00,65.5169298168382,0.0,0.0,May,2013_Rolling_RealWeather
2013-05-21 17:35:00,65.51041249839125,0.0,0.0,May,2013_Rolling_RealWeather
2013-05-21 17:40:00,65.50879961362618,0.0,0.0,May,2013_Rolling_RealWeather
2013-05-21 17:45:00,65.50893052750355,0.0,0.0,May,2013_Rolling_RealWeather
2013-05-21 17:50:00,65.5091530166055,0.0,0.0,May,2013_Rolling_RealWeather
2013-05-21 17:55:00,65.5090678903404,0.0,0.0,May,2013_Rolling_RealWeather
2013-05-21 18:00:00,65.15518107784338,0.0,0.0,May,2013_Rolling_RealWeather
2013-05-21 18:05:00,65.05635722282547,0.0,0.0,May,2013_Rolling_RealWeather
2013-05-21 18:10:00,65.06802210072657,0.0,0.0,May,2013_Rolling_RealWeather
2013-05-21 18:15:00,65.09024070081097,0.0,0.0,May,2013_Rolling_RealWeather
2013-05-21 18:20:00,65.11270823073114,0.0,0.0,May,2013_Rolling_RealWeather
2013-05-21 18:25:00,65.12048245138007,0.0,0.0,May,2013_Rolling_RealWeather
2013-05-21 18:30:00,65.12472909119535,0.0,0.0,May,2013_Rolling_RealWeather
2013-05-21 18:35:00,65.12957483934599,0.0,0.0,May,2013_Rolling_RealWeather
2013-05-21 18:40:00,65.13060538307033,0.0,0.0,May,2013_Rolling_RealWeather
2013-05-21 18:45:00,65.12959418622441,0.0,0.0,May,2013_Rolling_RealWeather
2013-05-21 18:50:00,65.1283514717333,0.0,0.0,May,2013_Rolling_RealWeather
2013-05-21 18:55:00,65.12750601314592,0.0,0.0,May,2013_Rolling_RealWeather
2013-05-21 19:00:00,62.29992041217396,0.0,14.8,May,2013_Rolling_RealWeather
2013-05-21 19:05:00,61.11833365308901,0.0,14.8,May,2013_Rolling_RealWeather
2013-05-21 19:10:00,61.06200328185366,0.0,14.8,May,2013_Rolling_RealWeather
2013-05-21 19:15:00,61.52777873514805,0.0,14.8,May,2013_Rolling_RealWeather
2013-05-21 19:20:00,62.251402955344396,0.0,14.8,May,2013_Rolling_RealWeather
2013-05-21 19:25:00,62.62477126829999,0.0,14.8,May,2013_Rolling_RealWeather
2013-05-21 19:30:00,62.66931358650824,0.0,14.8,May,2013_Rolling_RealWeather
2013-05-21 19:35:00,62.55336451960048,0.0,14.8,May,2013_Rolling_RealWeather
2013-05-21 19:40:00,62.3918477499277,0.0,14.8,May,2013_Rolling_RealWeather
2013-05-21 19:45:00,62.282565617326746,0.0,14.8,May,2013_Rolling_RealWeather
2013-05-21 19:50:00,62.25345823872956,0.0,14.8,May,2013_Rolling_RealWeather
2013-05-21 19:55:00,62.27913928515688,0.0,14.8,May,2013_Rolling_RealWeather
2013-05-21 20:00:00,61.625566242378085,0.0,20.5,May,2013_Rolling_RealWeather
2013-05-21 20:05:00,61.39420208240722,0.0,20.5,May,2013_Rolling_RealWeather
2013-05-21 20:10:00,61.37972287859058,0.0,20.5,May,2013_Rolling_RealWeather
2013-05-21 20:15:00,61.43706186708805,0.0,20.5,May,2013_Rolling_RealWeather
2013-05-21 20:20:00,61.555529252671384,0.0,20.5,May,2013_Rolling_RealWeather
2013-05-21 20:25:00,61.63321793279695,0.0,20.5,May,2013_Rolling_RealWeather
2013-05-21 20:30:00,61.65361728141303,0.0,20.5,May,2013_Rolling_RealWeather
2013-05-21 20:35:00,61.63476697286321,0.0,20.5,May,2013_Rolling_RealWeather
2013-05-21 20:40:00,61.60430982704759,0.0,20.5,May,2013_Rolling_RealWeather
2013-05-21 20:45:00,61.58203834549549,0.0,20.5,May,2013_Rolling_RealWeather
2013-05-21 20:50:00,61.574308622666955,0.0,20.5,May,2013_Rolling_RealWeather
2013-05-21 20:55:00,61.5782353940922,0.0,20.5,May,2013_Rolling_RealWeather
2013-05-21 21:00:00,62.06469137063583,0.0,20.5,May,2013_Rolling_RealWeather
2013-05-21 21:05:00,62.21011540683094,0.0,20.5,May,2013_Rolling_RealWeather
2013-05-21 21:10:00,62.22094449958388,0.0,20.5,May,2013_Rolling_RealWeather
2013-05-21 21:15:00,62.20967171841895,0.0,20.5,May,2013_Rolling_RealWeather
2013-05-21 21:20:00,62.178945006097216,0.0,20.5,May,2013_Rolling_RealWeather
2013-05-21 21:25:00,62.15723393912363,0.0,20.5,May,2013_Rolling_RealWeather
2013-05-21 21:30:00,62.1489534751558,0.0,20.5,May,2013_Rolling_RealWeather
2013-05-21 21:35:00,62.15293506273659,0.0,20.5,May,2013_Rolling_RealWeather
2013-05-21 21:40:00,62.15814195261792,0.0,20.5,May,2013_Rolling_RealWeather
2013-05-21 21:45:00,62.16118715128272,0.0,20.5,May,2013_Rolling_RealWeather
2013-05-21 21:50:00,62.16237504961829,0.0,20.5,May,2013_Rolling_RealWeather
2013-05-21 21:55:00,62.16211193207165,0.0,20.5,May,2013_Rolling_RealWeather
2013-05-21 22:00:00,62.37863834623198,0.0,20.5,May,2013_Rolling_RealWeather
2013-05-21 22:05:00,62.42951934670969,0.0,20.5,May,2013_Rolling_RealWeather
2013-05-21 22:10:00,62.43215955071937,0.0,20.5,May,2013_Rolling_RealWeather
2013-05-21 22:15:00,62.435463997555125,0.0,20.5,May,2013_Rolling_RealWeather
2013-05-21 22:20:00,62.438275743886884,0.0,20.5,May,2013_Rolling_RealWeather
2013-05-21 22:25:00,62.43839182515746,0.0,20.5,May,2013_Rolling_RealWeather
2013-05-21 22:30:00,62.43718586973535,0.0,20.5,May,2013_Rolling_RealWeather
2013-05-21 22:35:00,62.43877360355847,0.0,20.5,May,2013_Rolling_RealWeather
2013-05-21 22:40:00,62.43966613955001,0.0,20.5,May,2013_Rolling_RealWeather
2013-05-21 22:45:00,62.43978093102869,0.0,20.5,May,2013_Rolling_RealWeather
2013-05-21 22:50:00,62.43981446561797,0.0,20.5,May,2013_Rolling_RealWeather
2013-05-21 22:55:00,62.43987121646137,0.0,20.5,May,2013_Rolling_RealWeather
2013-05-21 23:00:00,62.404084650534365,0.0,20.5,May,2013_Rolling_RealWeather
2013-05-21 23:05:00,62.39691727697218,0.0,20.5,May,2013_Rolling_RealWeather
2013-05-21 23:10:00,62.39663352275522,0.0,20.5,May,2013_Rolling_RealWeather
2013-05-21 23:15:00,62.39547271004945,0.0,20.5,May,2013_Rolling_RealWeather
2013-05-21 23:20:00,62.39374438890974,0.0,20.5,May,2013_Rolling_RealWeather
2013-05-21 23:25:00,62.39316398255686,0.0,20.5,May,2013_Rolling_RealWeather
2013-05-21 23:30:00,62.39321944360835,0.0,20.5,May,2013_Rolling_RealWeather
2013-05-21 23:35:00,62.392873779380416,0.0,20.5,May,2013_Rolling_RealWeather
2013-05-21 23:40:00,62.39266483309338,0.0,20.5,May,2013_Rolling_RealWeather
2013-05-21 23:45:00,62.392620980168935,0.0,20.5,May,2013_Rolling_RealWeather
2013-05-21 23:50:00,62.3926029230824,0.0,20.5,May,2013_Rolling_RealWeather
2013-05-21 23:55:00,62.3925745476607,0.0,20.5,May,2013_Rolling_RealWeather
2013-05-22 00:00:00,61.940578565926764,0.0,22.3,May,2013_Rolling_RealWeather
2013-05-22 00:05:00,61.849668873978416,0.0,22.3,May,2013_Rolling_RealWeather
2013-05-22 00:10:00,61.84697707829292,0.0,22.3,May,2013_Rolling_RealWeather
2013-05-22 00:15:00,61.83429842396212,0.0,22.3,May,2013_Rolling_RealWeather
2013-05-22 00:20:00,61.81193343249761,0.0,22.3,May,2013_Rolling_RealWeather
2013-05-22 00:25:00,61.80471317746772,0.0,22.3,May,2013_Rolling_RealWeather
2013-05-22 00:30:00,61.80397154712792,0.0,22.3,May,2013_Rolling_RealWeather
2013-05-22 00:35:00,61.79923672108028,0.0,22.3,May,2013_Rolling_RealWeather
2013-05-22 00:40:00,61.79651783976498,0.0,22.3,May,2013_Rolling_RealWeather
2013-05-22 00:45:00,61.79585617652269,0.0,22.3,May,2013_Rolling_RealWeather
2013-05-22 00:50:00,61.79555436521919,0.0,22.3,May,2013_Rolling_RealWeather
2013-05-22 00:55:00,61.795077142217934,0.0,22.3,May,2013_Rolling_RealWeather
2013-05-22 01:00:00,62.226006952925935,0.0,22.3,May,2013_Rolling_RealWeather
2013-05-22 01:05:00,62.309192081213325,0.0,22.3,May,2013_Rolling_RealWeather
2013-05-22 01:10:00,62.30765335948224,0.0,22.3,May,2013_Rolling_RealWeather
2013-05-22 01:15:00,62.31865012518156,0.0,22.3,May,2013_Rolling_RealWeather
2013-05-22 01:20:00,62.339250681333304,0.0,22.3,May,2013_Rolling_RealWeather
2013-05-22 01:25:00,62.34546489868486,0.0,22.3,May,2013_Rolling_RealWeather
2013-05-22 01:30:00,62.34589697896978,0.0,22.3,May,2013_Rolling_RealWeather
2013-05-22 01:35:00,62.34963866525805,0.0,22.3,May,2013_Rolling_RealWeather
2013-05-22 01:40:00,62.351809385017845,0.0,22.3,May,2013_Rolling_RealWeather
2013-05-22 01:45:00,62.35227371010015,0.0,22.3,May,2013_Rolling_RealWeather
2013-05-22 01:50:00,62.35246975846824,0.0,22.3,May,2013_Rolling_RealWeather
2013-05-22 01:55:00,62.352827030823235,0.0,22.3,May,2013_Rolling_RealWeather
2013-05-22 02:00:00,63.52061104163463,0.0,18.4,May,2013_Rolling_RealWeather
2013-05-22 02:05:00,63.713783173793765,0.0,18.4,May,2013_Rolling_RealWeather
2013-05-22 02:10:00,63.69483484105991,0.0,18.4,May,2013_Rolling_RealWeather
2013-05-22 02:15:00,63.723984137893694,0.0,18.4,May,2013_Rolling_RealWeather
2013-05-22 02:20:00,63.76618225933223,0.0,18.4,May,2013_Rolling_RealWeather
2013-05-22 02:25:00,63.77687721372806,0.0,18.4,May,2013_Rolling_RealWeather
2013-05-22 02:30:00,63.77681530371709,0.0,18.4,May,2013_Rolling_RealWeather
2013-05-22 02:35:00,63.78301146398211,0.0,18.4,May,2013_Rolling_RealWeather
2013-05-22 02:40:00,63.78616629495802,0.0,18.4,May,2013_Rolling_RealWeather
2013-05-22 02:45:00,63.786566130445564,0.0,18.4,May,2013_Rolling_RealWeather
2013-05-22 02:50:00,63.78678023590018,0.0,18.4,May,2013_Rolling_RealWeather
2013-05-22 02:55:00,63.7872148957689,0.0,18.4,May,2013_Rolling_RealWeather
2013-05-22 03:00:00,64.52788820998028,0.0,18.4,May,2013_Rolling_RealWeather
2013-05-22 03:05:00,64.64670254958345,0.0,18.4,May,2013_Rolling_RealWeather
2013-05-22 03:10:00,64.63166744545993,0.0,18.4,May,2013_Rolling_RealWeather
2013-05-22 03:15:00,64.64506064450073,0.0,18.4,May,2013_Rolling_RealWeather
2013-05-22 03:20:00,64.66533488330296,0.0,18.4,May,2013_Rolling_RealWeather
2013-05-22 03:25:00,64.66975757971194,0.0,18.4,May,2013_Rolling_RealWeather
2013-05-22 03:30:00,64.66956153134386,0.0,18.4,May,2013_Rolling_RealWeather
2013-05-22 03:35:00,64.67253708124632,0.0,18.4,May,2013_Rolling_RealWeather
2013-05-22 03:40:00,64.67379462834423,0.0,18.4,May,2013_Rolling_RealWeather
2013-05-22 03:45:00,64.67381913439024,0.0,18.4,May,2013_Rolling_RealWeather
2013-05-22 03:50:00,64.6738578281471,0.0,18.4,May,2013_Rolling_RealWeather
2013-05-22 03:55:00,64.67400228483937,0.0,18.4,May,2013_Rolling_RealWeather
2013-05-22 04:00:00,65.49437974023672,0.0,16.6,May,2013_Rolling_RealWeather
2013-05-22 04:05:00,65.61868988310576,0.0,16.6,May,2013_Rolling_RealWeather
2013-05-22 04:10:00,65.600676649496,0.0,16.6,May,2013_Rolling_RealWeather
2013-05-22 04:15:00,65.61114589031015,0.0,16.6,May,2013_Rolling_RealWeather
2013-05-22 04:20:00,65.62565475934039,0.0,16.6,May,2013_Rolling_RealWeather
2013-05-22 04:25:00,65.62790673598958,0.0,16.6,May,2013_Rolling_RealWeather
2013-05-22 04:30:00,65.62756881051301,0.0,16.6,May,2013_Rolling_RealWeather
2013-05-22 04:35:00,65.62986979925422,0.0,16.6,May,2013_Rolling_RealWeather
2013-05-22 04:40:00,65.6305662868777,0.0,16.6,May,2013_Rolling_RealWeather
2013-05-22 04:45:00,65.63043472810438,0.0,16.6,May,2013_Rolling_RealWeather
2013-05-22 04:50:00,65.63040893226646,0.0,16.6,May,2013_Rolling_RealWeather
2013-05-22 04:55:00,65.63046181373417,0.0,16.6,May,2013_Rolling_RealWeather
2013-05-22 05:00:00,66.18542573169263,0.0,7.6,May,2013_Rolling_RealWeather
2013-05-22 05:05:00,66.25137408109123,0.0,7.6,May,2013_Rolling_RealWeather
2013-05-22 05:10:00,66.24275698143873,0.0,7.6,May,2013_Rolling_RealWeather
2013-05-22 05:15:00,66.25238656772903,0.0,7.6,May,2013_Rolling_RealWeather
2013-05-22 05:20:00,66.2589554778518,0.0,7.6,May,2013_Rolling_RealWeather
2013-05-22 05:25:00,66.25989444635158,0.0,7.6,May,2013_Rolling_RealWeather
2013-05-22 05:30:00,66.25962230026167,0.0,7.6,May,2013_Rolling_RealWeather
2013-05-22 05:35:00,66.26036651018526,0.0,7.6,May,2013_Rolling_RealWeather
2013-05-22 05:40:00,66.26052902396407,0.0,7.6,May,2013_Rolling_RealWeather
2013-05-22 05:45:00,66.26046195478551,0.0,7.6,May,2013_Rolling_RealWeather
2013-05-22 05:50:00,66.26045292624225,0.0,7.6,May,2013_Rolling_RealWeather
2013-05-22 05:55:00,66.26045550582604,0.0,7.6,May,2013_Rolling_RealWeather
2013-05-22 06:00:00,66.56372169458422,0.0,9.4,May,2013_Rolling_RealWeather
2013-05-22 06:05:00,66.60226583558337,0.0,9.4,May,2013_Rolling_RealWeather
2013-05-22 06:10:00,66.59703314986413,0.0,9.4,May,2013_Rolling_RealWeather
2013-05-22 06:15:00,66.59963079074127,0.0,9.4,May,2013_Rolling_RealWeather
2013-05-22 06:20:00,66.60164931505741,0.0,9.4,May,2013_Rolling_RealWeather
2013-05-22 06:25:00,66.60150743794894,0.0,9.4,May,2013_Rolling_RealWeather
2013-05-22 06:30:00,66.6013797485513,0.0,9.4,May,2013_Rolling_RealWeather
2013-05-22 06:35:00,66.6018453634255,0.0,9.4,May,2013_Rolling_RealWeather
2013-05-22 06:40:00,66.60190469385269,0.0,9.4,May,2013_Rolling_RealWeather
2013-05-22 06:45:00,66.60185052259308,0.0,9.4,May,2013_Rolling_RealWeather
2013-05-22 06:50:00,66.60183762467413,0.0,9.4,May,2013_Rolling_RealWeather
2013-05-22 06:55:00,66.60183504509034,0.0,9.4,May,2013_Rolling_RealWeather
2013-05-22 07:00:00,66.27996876741004,0.0,0.0,May,2013_Rolling_RealWeather
2013-05-22 07:05:00,66.24788519401444,0.0,0.0,May,2013_Rolling_RealWeather
2013-05-22 07:10:00,66.24963415182447,0.0,0.0,May,2013_Rolling_RealWeather
2013-05-22 07:15:00,66.24331675112128,0.0,0.0,May,2013_Rolling_RealWeather
2013-05-22 07:20:00,66.23983044362829,0.0,0.0,May,2013_Rolling_RealWeather
2013-05-22 07:25:00,66.239291955512,0.0,0.0,May,2013_Rolling_RealWeather
2013-05-22 07:30:00,66.23921005372665,0.0,0.0,May,2013_Rolling_RealWeather
2013-05-22 07:35:00,66.23899207889635,0.0,0.0,May,2013_Rolling_RealWeather
2013-05-22 07:40:00,66.23894758107596,0.0,0.0,May,2013_Rolling_RealWeather
2013-05-22 07:45:00,66.23895596472327,0.0,0.0,May,2013_Rolling_RealWeather
2013-05-22 07:50:00,66.23895338513948,0.0,0.0,May,2013_Rolling_RealWeather
2013-05-22 07:55:00,66.23895403003543,0.0,0.0,May,2013_Rolling_RealWeather
2013-05-22 08:00:00,66.01798494784474,0.0,0.0,May,2013_Rolling_RealWeather
2013-05-22 08:05:00,65.99544067530678,0.0,0.0,May,2013_Rolling_RealWeather
2013-05-22 08:10:00,65.996780769086,0.0,0.0,May,2013_Rolling_RealWeather
2013-05-22 08:15:00,65.99277145097946,0.0,0.0,May,2013_Rolling_RealWeather
2013-05-22 08:20:00,65.99067360446175,0.0,0.0,May,2013_Rolling_RealWeather
2013-05-22 08:25:00,65.9905497844398,0.0,0.0,May,2013_Rolling_RealWeather
2013-05-22 08:30:00,65.99043434806518,0.0,0.0,May,2013_Rolling_RealWeather
2013-05-22 08:35:00,65.99031633210676,0.0,0.0,May,2013_Rolling_RealWeather
2013-05-22 08:40:00,65.99030794845943,0.0,0.0,May,2013_Rolling_RealWeather
2013-05-22 08:45:00,65.99031246273107,0.0,0.0,May,2013_Rolling_RealWeather
2013-05-22 08:50:00,65.99031181783512,0.0,0.0,May,2013_Rolling_RealWeather
2013-05-22 08:55:00,65.99030988314728,0.0,0.0,May,2013_Rolling_RealWeather
2013-05-22 09:00:00,66.03216105056599,0.0,5.4,May,2013_Rolling_RealWeather
2013-05-22 09:05:00,66.03703388434643,0.0,5.4,May,2013_Rolling_RealWeather
2013-05-22 09:10:00,66.03649604112609,0.0,5.4,May,2013_Rolling_RealWeather
2013-05-22 09:15:00,66.03679140347012,0.0,5.4,May,2013_Rolling_RealWeather
2013-05-22 09:20:00,66.03691780307585,0.0,5.4,May,2013_Rolling_RealWeather
2013-05-22 09:25:00,66.03683267681076,0.0,5.4,May,2013_Rolling_RealWeather
2013-05-22 09:30:00,66.03684299514592,0.0,5.4,May,2013_Rolling_RealWeather
2013-05-22 09:35:00,66.03688168890278,0.0,5.4,May,2013_Rolling_RealWeather
2013-05-22 09:40:00,66.03688426848657,0.0,5.4,May,2013_Rolling_RealWeather
2013-05-22 09:45:00,66.03687910931899,0.0,5.4,May,2013_Rolling_RealWeather
2013-05-22 09:50:00,66.03688039911088,0.0,5.4,May,2013_Rolling_RealWeather
2013-05-22 09:55:00,66.03688168890278,0.0,5.4,May,2013_Rolling_RealWeather
2013-05-22 10:00:00,65.60854438005734,0.0,5.4,May,2013_Rolling_RealWeather
2013-05-22 10:05:00,65.55970383035799,0.0,5.4,May,2013_Rolling_RealWeather
2013-05-22 10:10:00,65.56504356880454,0.0,5.4,May,2013_Rolling_RealWeather
2013-05-22 10:15:00,65.56123739292151,0.0,5.4,May,2013_Rolling_RealWeather
2013-05-22 10:20:00,65.55962128367669,0.0,5.4,May,2013_Rolling_RealWeather
2013-05-22 10:25:00,65.5603371181786,0.0,5.4,May,2013_Rolling_RealWeather
2013-05-22 10:30:00,65.5600572333373,0.0,5.4,May,2013_Rolling_RealWeather
2013-05-22 10:35:00,65.55963031221997,0.0,5.4,May,2013_Rolling_RealWeather
2013-05-22 10:40:00,65.55958387971174,0.0,5.4,May,2013_Rolling_RealWeather
2013-05-22 10:45:00,65.55958903887931,0.0,5.4,May,2013_Rolling_RealWeather
2013-05-22 10:50:00,65.55957614096036,0.0,5.4,May,2013_Rolling_RealWeather
2013-05-22 10:55:00,65.55957356137657,0.0,5.4,May,2013_Rolling_RealWeather
2013-05-22 11:00:00,65.52123578708067,0.0,11.2,May,2013_Rolling_RealWeather
2013-05-22 11:05:00,65.51632941871094,0.0,11.2,May,2013_Rolling_RealWeather
2013-05-22 11:10:00,65.51688531901782,0.0,11.2,May,2013_Rolling_RealWeather
2013-05-22 11:15:00,65.51692530256656,0.0,11.2,May,2013_Rolling_RealWeather
2013-05-22 11:20:00,65.51701945737493,0.0,11.2,May,2013_Rolling_RealWeather
2013-05-22 11:25:00,65.51712393051845,0.0,11.2,May,2013_Rolling_RealWeather
2013-05-22 11:30:00,65.51710329384812,0.0,11.2,May,2013_Rolling_RealWeather
2013-05-22 11:35:00,65.51702977571009,0.0,11.2,May,2013_Rolling_RealWeather
2013-05-22 11:40:00,65.51700526966408,0.0,11.2,May,2013_Rolling_RealWeather
2013-05-22 11:45:00,65.51700526966408,0.0,11.2,May,2013_Rolling_RealWeather
2013-05-22 11:50:00,65.51700784924788,0.0,11.2,May,2013_Rolling_RealWeather
2013-05-22 11:55:00,65.51700655945598,0.0,11.2,May,2013_Rolling_RealWeather
2013-05-22 12:00:00,64.5919366959171,0.0,7.6,May,2013_Rolling_RealWeather
2013-05-22 12:05:00,64.48778986974729,0.0,7.6,May,2013_Rolling_RealWeather
2013-05-22 12:10:00,64.4999706644065,0.0,7.6,May,2013_Rolling_RealWeather
2013-05-22 12:15:00,64.48568492937416,0.0,7.6,May,2013_Rolling_RealWeather
2013-05-22 12:20:00,64.47877938356672,0.0,7.6,May,2013_Rolling_RealWeather
2013-05-22 12:25:00,64.47767016253675,0.0,7.6,May,2013_Rolling_RealWeather
2013-05-22 12:30:00,64.47655578233922,0.0,7.6,May,2013_Rolling_RealWeather
2013-05-22 12:35:00,64.47504027686225,0.0,7.6,May,2013_Rolling_RealWeather
2013-05-22 12:40:00,64.47459142928268,0.0,7.6,May,2013_Rolling_RealWeather
2013-05-22 12:45:00,64.47446631946883,0.0,7.6,May,2013_Rolling_RealWeather
2013-05-22 12:50:00,64.4743670054929,0.0,7.6,May,2013_Rolling_RealWeather
2013-05-22 12:55:00,64.47431541381708,0.0,7.6,May,2013_Rolling_RealWeather
2013-05-22 13:00:00,63.87351358169155,0.0,5.4,May,2013_Rolling_RealWeather
2013-05-22 13:05:00,63.810037763356235,0.0,5.4,May,2013_Rolling_RealWeather
2013-05-22 13:10:00,63.815124702591305,0.0,5.4,May,2013_Rolling_RealWeather
2013-05-22 13:15:00,63.796991518335275,0.0,5.4,May,2013_Rolling_RealWeather
2013-05-22 13:20:00,63.78642941250466,0.0,5.4,May,2013_Rolling_RealWeather
2013-05-22 13:25:00,63.78287087666553,0.0,5.4,May,2013_Rolling_RealWeather
2013-05-22 13:30:00,63.781726831254396,0.0,5.4,May,2013_Rolling_RealWeather
2013-05-22 13:35:00,63.78025775828565,0.0,5.4,May,2013_Rolling_RealWeather
2013-05-22 13:40:00,63.77957932774872,0.0,5.4,May,2013_Rolling_RealWeather
2013-05-22 13:45:00,63.77933039791293,0.0,5.4,May,2013_Rolling_RealWeather
2013-05-22 13:50:00,63.779176912677386,0.0,5.4,May,2013_Rolling_RealWeather
2013-05-22 13:55:00,63.77908275786903,0.0,5.4,May,2013_Rolling_RealWeather
2013-05-22 14:00:00,63.52383423158099,0.0,11.2,May,2013_Rolling_RealWeather
2013-05-22 14:05:00,63.493177168021596,0.0,11.2,May,2013_Rolling_RealWeather
2013-05-22 14:10:00,63.49672151614988,0.0,11.2,May,2013_Rolling_RealWeather
2013-05-22 14:15:00,63.489831447845184,0.0,11.2,May,2013_Rolling_RealWeather
2013-05-22 14:20:00,63.485163690976094,0.0,11.2,May,2013_Rolling_RealWeather
2013-05-22 14:25:00,63.48268471095333,0.0,11.2,May,2013_Rolling_RealWeather
2013-05-22 14:30:00,63.482261659211666,0.0,11.2,May,2013_Rolling_RealWeather
2013-05-22 14:35:00,63.481165336100666,0.0,11.2,May,2013_Rolling_RealWeather
2013-05-22 14:40:00,63.48066618663718,0.0,11.2,May,2013_Rolling_RealWeather
2013-05-22 14:45:00,63.48053591765576,0.0,11.2,May,2013_Rolling_RealWeather
2013-05-22 14:50:00,63.480435313887924,0.0,11.2,May,2013_Rolling_RealWeather
2013-05-22 14:55:00,63.480373403876946,0.0,11.2,May,2013_Rolling_RealWeather
2013-05-22 15:00:00,63.3918794921485,0.0,11.2,May,2013_Rolling_RealWeather
2013-05-22 15:05:00,63.38075890642722,0.0,11.2,May,2013_Rolling_RealWeather
2013-05-22 15:10:00,63.38202032290082,0.0,11.2,May,2013_Rolling_RealWeather
2013-05-22 15:15:00,63.378741671902965,0.0,11.2,May,2013_Rolling_RealWeather
2013-05-22 15:20:00,63.37602923954715,0.0,11.2,May,2013_Rolling_RealWeather
2013-05-22 15:25:00,63.37415775150707,0.0,11.2,May,2013_Rolling_RealWeather
2013-05-22 15:30:00,63.373873997290104,0.0,11.2,May,2013_Rolling_RealWeather
2013-05-22 15:35:00,63.373182668834225,0.0,11.2,May,2013_Rolling_RealWeather
2013-05-22 15:40:00,63.372803470017004,0.0,11.2,May,2013_Rolling_RealWeather
2013-05-22 15:45:00,63.372677070411264,0.0,11.2,May,2013_Rolling_RealWeather
2013-05-22 15:50:00,63.37258033601912,0.0,11.2,May,2013_Rolling_RealWeather
2013-05-22 15:55:00,63.37252229538383,0.0,11.2,May,2013_Rolling_RealWeather
2013-05-22 16:00:00,63.605084672025434,0.0,11.2,May,2013_Rolling_RealWeather
2013-05-22 16:05:00,63.640452055586465,0.0,11.2,May,2013_Rolling_RealWeather
2013-05-22 16:10:00,63.635058145880315,0.0,11.2,May,2013_Rolling_RealWeather
2013-05-22 16:15:00,63.642304196748114,0.0,11.2,May,2013_Rolling_RealWeather
2013-05-22 16:20:00,63.64930131778012,0.0,11.2,May,2013_Rolling_RealWeather
2013-05-22 16:25:00,63.65672020076189,0.0,11.2,May,2013_Rolling_RealWeather
2013-05-22 16:30:00,63.65811833517639,0.0,11.2,May,2013_Rolling_RealWeather
2013-05-22 16:35:00,63.66028647535239,0.0,11.2,May,2013_Rolling_RealWeather
2013-05-22 16:40:00,63.661638177258666,0.0,11.2,May,2013_Rolling_RealWeather
2013-05-22 16:45:00,63.66211797984372,0.0,11.2,May,2013_Rolling_RealWeather
2013-05-22 16:50:00,63.66251523574747,0.0,11.2,May,2013_Rolling_RealWeather
2013-05-22 16:55:00,63.662742239121044,0.0,11.2,May,2013_Rolling_RealWeather
2013-05-22 17:00:00,63.600870921903486,0.0,11.2,May,2013_Rolling_RealWeather
2013-05-22 17:05:00,63.58684379014615,0.0,11.2,May,2013_Rolling_RealWeather
2013-05-22 17:10:00,63.58900935073836,0.0,11.2,May,2013_Rolling_RealWeather
2013-05-22 17:15:00,63.59027657127549,0.0,11.2,May,2013_Rolling_RealWeather
2013-05-22 17:20:00,63.59180497467142,0.0,11.2,May,2013_Rolling_RealWeather
2013-05-22 17:25:00,63.59103625870182,0.0,11.2,May,2013_Rolling_RealWeather
2013-05-22 17:30:00,63.590602888625,0.0,11.2,May,2013_Rolling_RealWeather
2013-05-22 17:35:00,63.59030365690529,0.0,11.2,May,2013_Rolling_RealWeather
2013-05-22 17:40:00,63.59015855531707,0.0,11.2,May,2013_Rolling_RealWeather
2013-05-22 17:45:00,63.59020176334556,0.0,11.2,May,2013_Rolling_RealWeather
2013-05-22 17:50:00,63.59021143678478,0.0,11.2,May,2013_Rolling_RealWeather
2013-05-22 17:55:00,63.5902185306402,0.0,11.2,May,2013_Rolling_RealWeather
2013-05-22 18:00:00,64.71342670880708,0.0,0.0,May,2013_Rolling_RealWeather
2013-05-22 18:05:00,64.95247867336988,0.0,0.0,May,2013_Rolling_RealWeather
2013-05-22 18:10:00,64.91569574320376,0.0,0.0,May,2013_Rolling_RealWeather
2013-05-22 18:15:00,64.89684027548635,0.0,0.0,May,2013_Rolling_RealWeather
2013-05-22 18:20:00,64.88056310176768,0.0,0.0,May,2013_Rolling_RealWeather
2013-05-22 18:25:00,64.88230690041011,0.0,0.0,May,2013_Rolling_RealWeather
2013-05-22 18:30:00,64.87392131840282,0.0,0.0,May,2013_Rolling_RealWeather
2013-05-22 18:35:00,64.86122976615307,0.0,0.0,May,2013_Rolling_RealWeather
2013-05-22 18:40:00,64.85730750899945,0.0,0.0,May,2013_Rolling_RealWeather
2013-05-22 18:45:00,64.8575287083095,0.0,0.0,May,2013_Rolling_RealWeather
2013-05-22 18:50:00,64.85831419157374,0.0,0.0,May,2013_Rolling_RealWeather
2013-05-22 18:55:00,64.85871983112482,0.0,0.0,May,2013_Rolling_RealWeather
2013-05-22 19:00:00,60.390026218673825,0.0,25.9,May,2013_Rolling_RealWeather
2013-05-22 19:05:00,58.183289181431086,0.0,25.9,May,2013_Rolling_RealWeather
2013-05-22 19:10:00,57.48417102739844,0.0,25.9,May,2013_Rolling_RealWeather
2013-05-22 19:15:00,57.95859775983055,0.0,25.9,May,2013_Rolling_RealWeather
2013-05-22 19:20:00,59.35190061389632,0.0,25.9,May,2013_Rolling_RealWeather
2013-05-22 19:25:00,60.38696812209007,0.0,25.9,May,2013_Rolling_RealWeather
2013-05-22 19:30:00,60.75843399200009,0.0,25.9,May,2013_Rolling_RealWeather
2013-05-22 19:35:00,60.60470498579114,0.0,25.9,May,2013_Rolling_RealWeather
2013-05-22 19:40:00,60.2244188740051,0.0,25.9,May,2013_Rolling_RealWeather
2013-05-22 19:45:00,59.85821487135594,0.0,25.9,May,2013_Rolling_RealWeather
2013-05-22 19:50:00,59.66892243321787,0.0,25.9,May,2013_Rolling_RealWeather
2013-05-22 19:55:00,59.68766439924848,0.0,25.9,May,2013_Rolling_RealWeather
2013-05-22 20:00:00,61.441693509784066,0.0,18.4,May,2013_Rolling_RealWeather
2013-05-22 20:05:00,62.0308872148519,0.0,18.4,May,2013_Rolling_RealWeather
2013-05-22 20:10:00,62.089421840436316,0.0,18.4,May,2013_Rolling_RealWeather
2013-05-22 20:15:00,62.03632497748249,0.0,18.4,May,2013_Rolling_RealWeather
2013-05-22 20:20:00,61.88112947788858,0.0,18.4,May,2013_Rolling_RealWeather
2013-05-22 20:25:00,61.766051665406096,0.0,18.4,May,2013_Rolling_RealWeather
2013-05-22 20:30:00,61.72733211270918,0.0,18.4,May,2013_Rolling_RealWeather
2013-05-22 20:35:00,61.74292505182741,0.0,18.4,May,2013_Rolling_RealWeather
2013-05-22 20:40:00,61.772100789395054,0.0,18.4,May,2013_Rolling_RealWeather
2013-05-22 20:45:00,61.792992838515126,0.0,18.4,May,2013_Rolling_RealWeather
2013-05-22 20:50:00,61.80111207849604,0.0,18.4,May,2013_Rolling_RealWeather
2013-05-22 20:55:00,61.79941535725777,0.0,18.4,May,2013_Rolling_RealWeather
2013-05-22 21:00:00,60.490987903758196,0.0,27.7,May,2013_Rolling_RealWeather
2013-05-22 21:05:00,60.006281529920535,0.0,27.7,May,2013_Rolling_RealWeather
2013-05-22 21:10:00,59.87160532958897,0.0,27.7,May,2013_Rolling_RealWeather
2013-05-22 21:15:00,59.8903260140533,0.0,27.7,May,2013_Rolling_RealWeather
2013-05-22 21:20:00,60.00518004764195,0.0,27.7,May,2013_Rolling_RealWeather
2013-05-22 21:25:00,60.1044050279393,0.0,27.7,May,2013_Rolling_RealWeather
2013-05-22 21:30:00,60.14619299555514,0.0,27.7,May,2013_Rolling_RealWeather
2013-05-22 21:35:00,60.12734010742153,0.0,27.7,May,2013_Rolling_RealWeather
2013-05-22 21:40:00,60.09926004806895,0.0,27.7,May,2013_Rolling_RealWeather
2013-05-22 21:45:00,60.078018465345245,0.0,27.7,May,2013_Rolling_RealWeather
2013-05-22 21:50:00,60.06824055298698,0.0,27.7,May,2013_Rolling_RealWeather
2013-05-22 21:55:00,60.06907633813513,0.0,27.7,May,2013_Rolling_RealWeather
2013-05-22 22:00:00,60.56655165173626,0.0,25.9,May,2013_Rolling_RealWeather
2013-05-22 22:05:00,60.712035018358556,0.0,25.9,May,2013_Rolling_RealWeather
2013-05-22 22:10:00,60.741219139573516,0.0,25.9,May,2013_Rolling_RealWeather
2013-05-22 22:15:00,60.7500322875941,0.0,25.9,May,2013_Rolling_RealWeather
2013-05-22 22:20:00,60.75341799131927,0.0,25.9,May,2013_Rolling_RealWeather
2013-05-22 22:25:00,60.749422216027625,0.0,25.9,May,2013_Rolling_RealWeather
2013-05-22 22:30:00,60.74759845028767,0.0,25.9,May,2013_Rolling_RealWeather
2013-05-22 22:35:00,60.75474002801195,0.0,25.9,May,2013_Rolling_RealWeather
2013-05-22 22:40:00,60.75906083086121,0.0,25.9,May,2013_Rolling_RealWeather
2013-05-22 22:45:00,60.760554409875965,0.0,25.9,May,2013_Rolling_RealWeather
2013-05-22 22:50:00,60.76110773059905,0.0,25.9,May,2013_Rolling_RealWeather
2013-05-22 22:55:00,60.76131538709419,0.0,25.9,May,2013_Rolling_RealWeather
2013-05-22 23:00:00,60.766762178268046,0.0,25.9,May,2013_Rolling_RealWeather
2013-05-22 23:05:00,60.76814870455549,0.0,25.9,May,2013_Rolling_RealWeather
2013-05-22 23:10:00,60.768475021905004,0.0,25.9,May,2013_Rolling_RealWeather
2013-05-22 23:15:00,60.768704604862364,0.0,25.9,May,2013_Rolling_RealWeather
2013-05-22 23:20:00,60.768965142825216,0.0,25.9,May,2013_Rolling_RealWeather
2013-05-22 23:25:00,60.76905413846599,0.0,25.9,May,2013_Rolling_RealWeather
2013-05-22 23:30:00,60.76907864451201,0.0,25.9,May,2013_Rolling_RealWeather
2013-05-22 23:35:00,60.76916506056899,0.0,25.9,May,2013_Rolling_RealWeather
2013-05-22 23:40:00,60.76921407266101,0.0,25.9,May,2013_Rolling_RealWeather
2013-05-22 23:45:00,60.76922955016375,0.0,25.9,May,2013_Rolling_RealWeather
2013-05-22 23:50:00,60.76923728891513,0.0,25.9,May,2013_Rolling_RealWeather
2013-05-22 23:55:00,60.76925018683408,0.0,25.9,May,2013_Rolling_RealWeather
2013-05-23 00:00:00,61.04211340103623,0.0,25.9,May,2013_Rolling_RealWeather
2013-05-23 00:05:00,61.11384388750147,0.0,25.9,May,2013_Rolling_RealWeather
2013-05-23 00:10:00,61.12437761791038,0.0,25.9,May,2013_Rolling_RealWeather
2013-05-23 00:15:00,61.13031324021256,0.0,25.9,May,2013_Rolling_RealWeather
2013-05-23 00:20:00,61.14278165846443,0.0,25.9,May,2013_Rolling_RealWeather
2013-05-23 00:25:00,61.14644982661466,0.0,25.9,May,2013_Rolling_RealWeather
2013-05-23 00:30:00,61.147250787381644,0.0,25.9,May,2013_Rolling_RealWeather
2013-05-23 00:35:00,61.151169175159566,0.0,25.9,May,2013_Rolling_RealWeather
2013-05-23 00:40:00,61.1535746370443,0.0,25.9,May,2013_Rolling_RealWeather
2013-05-23 00:45:00,61.15427757362724,0.0,25.9,May,2013_Rolling_RealWeather
2013-05-23 00:50:00,61.15455616867662,0.0,25.9,May,2013_Rolling_RealWeather
2013-05-23 00:55:00,61.154950844996584,0.0,25.9,May,2013_Rolling_RealWeather
2013-05-23 01:00:00,62.06764886345175,0.0,22.3,May,2013_Rolling_RealWeather
2013-05-23 01:05:00,62.26669343826318,0.0,22.3,May,2013_Rolling_RealWeather
2013-05-23 01:10:00,62.27207831942606,0.0,22.3,May,2013_Rolling_RealWeather
2013-05-23 01:15:00,62.29235642760397,0.0,22.3,May,2013_Rolling_RealWeather
2013-05-23 01:20:00,62.33789124067565,0.0,22.3,May,2013_Rolling_RealWeather
2013-05-23 01:25:00,62.35268128433906,0.0,22.3,May,2013_Rolling_RealWeather
2013-05-23 01:30:00,62.35496163640995,0.0,22.3,May,2013_Rolling_RealWeather
2013-05-23 01:35:00,62.364699565219475,0.0,22.3,May,2013_Rolling_RealWeather
2013-05-23 01:40:00,62.37065195481628,0.0,22.3,May,2013_Rolling_RealWeather
2013-05-23 01:45:00,62.37219841529875,0.0,22.3,May,2013_Rolling_RealWeather
2013-05-23 01:50:00,62.37285491937346,0.0,22.3,May,2013_Rolling_RealWeather
2013-05-23 01:55:00,62.37389191205728,0.0,22.3,May,2013_Rolling_RealWeather
2013-05-23 02:00:00,63.2945324488507,0.0,18.4,May,2013_Rolling_RealWeather
2013-05-23 02:05:00,63.461582425754315,0.0,18.4,May,2013_Rolling_RealWeather
2013-05-23 02:10:00,63.451234425378324,0.0,18.4,May,2013_Rolling_RealWeather
2013-05-23 02:15:00,63.473086079668505,0.0,18.4,May,2013_Rolling_RealWeather
2013-05-23 02:20:00,63.51360231247557,0.0,18.4,May,2013_Rolling_RealWeather
2013-05-23 02:25:00,63.52660728415589,0.0,18.4,May,2013_Rolling_RealWeather
2013-05-23 02:30:00,63.5281124712977,0.0,18.4,May,2013_Rolling_RealWeather
2013-05-23 02:35:00,63.53486969103718,0.0,18.4,May,2013_Rolling_RealWeather
2013-05-23 02:40:00,63.53886675612071,0.0,18.4,May,2013_Rolling_RealWeather
2013-05-23 02:45:00,63.53987279379905,0.0,18.4,May,2013_Rolling_RealWeather
2013-05-23 02:50:00,63.540337118881354,0.0,18.4,May,2013_Rolling_RealWeather
2013-05-23 02:55:00,63.540985884204694,0.0,18.4,May,2013_Rolling_RealWeather
2013-05-23 03:00:00,64.17433948418382,0.0,18.4,May,2013_Rolling_RealWeather
2013-05-23 03:05:00,64.28576202643502,0.0,18.4,May,2013_Rolling_RealWeather
2013-05-23 03:10:00,64.27588222051702,0.0,18.4,May,2013_Rolling_RealWeather
2013-05-23 03:15:00,64.28750711486936,0.0,18.4,May,2013_Rolling_RealWeather
2013-05-23 03:20:00,64.31076593211732,0.0,18.4,May,2013_Rolling_RealWeather
2013-05-23 03:25:00,64.31839118180233,0.0,18.4,May,2013_Rolling_RealWeather
2013-05-23 03:30:00,64.31941011739961,0.0,18.4,May,2013_Rolling_RealWeather
2013-05-23 03:35:00,64.32325111766382,0.0,18.4,May,2013_Rolling_RealWeather
2013-05-23 03:40:00,64.32536766616401,0.0,18.4,May,2013_Rolling_RealWeather
2013-05-23 03:45:00,64.32585649729232,0.0,18.4,May,2013_Rolling_RealWeather
2013-05-23 03:50:00,64.32609123941727,0.0,18.4,May,2013_Rolling_RealWeather
2013-05-23 03:55:00,64.32640852822351,0.0,18.4,May,2013_Rolling_RealWeather
2013-05-23 04:00:00,65.04859009603197,0.0,13.0,May,2013_Rolling_RealWeather
2013-05-23 04:05:00,65.15522235118404,0.0,13.0,May,2013_Rolling_RealWeather
2013-05-23 04:10:00,65.14173112795919,0.0,13.0,May,2013_Rolling_RealWeather
2013-05-23 04:15:00,65.1566037183039,0.0,13.0,May,2013_Rolling_RealWeather
2013-05-23 04:20:00,65.17585257254936,0.0,13.0,May,2013_Rolling_RealWeather
2013-05-23 04:25:00,65.18288580775443,0.0,13.0,May,2013_Rolling_RealWeather
2013-05-23 04:30:00,65.18376931520271,0.0,13.0,May,2013_Rolling_RealWeather
2013-05-23 04:35:00,65.18648948630991,0.0,13.0,May,2013_Rolling_RealWeather
2013-05-23 04:40:00,65.18788375134872,0.0,13.0,May,2013_Rolling_RealWeather
2013-05-23 04:45:00,65.18822941557667,0.0,13.0,May,2013_Rolling_RealWeather
2013-05-23 04:50:00,65.1884125660258,0.0,13.0,May,2013_Rolling_RealWeather
2013-05-23 04:55:00,65.18859313689114,0.0,13.0,May,2013_Rolling_RealWeather
2013-05-23 05:00:00,65.65640984708382,0.0,11.2,May,2013_Rolling_RealWeather
2013-05-23 05:05:00,65.72164752114811,0.0,11.2,May,2013_Rolling_RealWeather
2013-05-23 05:10:00,65.71307427442005,0.0,11.2,May,2013_Rolling_RealWeather
2013-05-23 05:15:00,65.72102197207889,0.0,11.2,May,2013_Rolling_RealWeather
2013-05-23 05:20:00,65.73009952743801,0.0,11.2,May,2013_Rolling_RealWeather
2013-05-23 05:25:00,65.73393020936706,0.0,11.2,May,2013_Rolling_RealWeather
2013-05-23 05:30:00,65.73448868925773,0.0,11.2,May,2013_Rolling_RealWeather
2013-05-23 05:35:00,65.73590617055066,0.0,11.2,May,2013_Rolling_RealWeather
2013-05-23 05:40:00,65.73654590733072,0.0,11.2,May,2013_Rolling_RealWeather
2013-05-23 05:45:00,65.736690364023,0.0,11.2,May,2013_Rolling_RealWeather
2013-05-23 05:50:00,65.7367754902881,0.0,11.2,May,2013_Rolling_RealWeather
2013-05-23 05:55:00,65.73684513905044,0.0,11.2,May,2013_Rolling_RealWeather
2013-05-23 06:00:00,66.02435909939132,0.0,9.4,May,2013_Rolling_RealWeather
2013-05-23 06:05:00,66.06234991966738,0.0,9.4,May,2013_Rolling_RealWeather
2013-05-23 06:10:00,66.05751835922759,0.0,9.4,May,2013_Rolling_RealWeather
2013-05-23 06:15:00,66.06156959557073,0.0,9.4,May,2013_Rolling_RealWeather
2013-05-23 06:20:00,66.06556150148668,0.0,9.4,May,2013_Rolling_RealWeather
2013-05-23 06:25:00,66.06759034413798,0.0,9.4,May,2013_Rolling_RealWeather
2013-05-23 06:30:00,66.06793987774162,0.0,9.4,May,2013_Rolling_RealWeather
2013-05-23 06:35:00,66.06870601412743,0.0,9.4,May,2013_Rolling_RealWeather
2013-05-23 06:40:00,66.0690129845985,0.0,9.4,May,2013_Rolling_RealWeather
2013-05-23 06:45:00,66.06907231502569,0.0,9.4,May,2013_Rolling_RealWeather
2013-05-23 06:50:00,66.06910713940687,0.0,9.4,May,2013_Rolling_RealWeather
2013-05-23 06:55:00,66.06913938420425,0.0,9.4,May,2013_Rolling_RealWeather
2013-05-23 07:00:00,66.00113123714885,0.0,5.4,May,2013_Rolling_RealWeather
2013-05-23 07:05:00,65.99318998844949,0.0,5.4,May,2013_Rolling_RealWeather
2013-05-23 07:10:00,65.99404770005987,0.0,5.4,May,2013_Rolling_RealWeather
2013-05-23 07:15:00,65.99287914860271,0.0,5.4,May,2013_Rolling_RealWeather
2013-05-23 07:20:00,65.99200982886528,0.0,5.4,May,2013_Rolling_RealWeather
2013-05-23 07:25:00,65.9915093896099,0.0,5.4,May,2013_Rolling_RealWeather
2013-05-23 07:30:00,65.99141136542586,0.0,5.4,May,2013_Rolling_RealWeather
2013-05-23 07:35:00,65.99125916998221,0.0,5.4,May,2013_Rolling_RealWeather
2013-05-23 07:40:00,65.99119597017935,0.0,5.4,May,2013_Rolling_RealWeather
2013-05-23 07:45:00,65.9911804926766,0.0,5.4,May,2013_Rolling_RealWeather
2013-05-23 07:50:00,65.99117017434145,0.0,5.4,May,2013_Rolling_RealWeather
2013-05-23 07:55:00,65.99116372538197,0.0,5.4,May,2013_Rolling_RealWeather
2013-05-23 08:00:00,65.93916447533104,0.0,5.4,May,2013_Rolling_RealWeather
2013-05-23 08:05:00,65.9330818167528,0.0,5.4,May,2013_Rolling_RealWeather
2013-05-23 08:10:00,65.93371639436529,0.0,5.4,May,2013_Rolling_RealWeather
2013-05-23 08:15:00,65.93298508236066,0.0,5.4,May,2013_Rolling_RealWeather
2013-05-23 08:20:00,65.93246142685116,0.0,5.4,May,2013_Rolling_RealWeather
2013-05-23 08:25:00,65.93212479116649,0.0,5.4,May,2013_Rolling_RealWeather
2013-05-23 08:30:00,65.9320396649014,0.0,5.4,May,2013_Rolling_RealWeather
2013-05-23 08:35:00,65.93192100404703,0.0,5.4,May,2013_Rolling_RealWeather
2013-05-23 08:40:00,65.9318758613307,0.0,5.4,May,2013_Rolling_RealWeather
2013-05-23 08:45:00,65.93186683278743,0.0,5.4,May,2013_Rolling_RealWeather
2013-05-23 08:50:00,65.93185651445226,0.0,5.4,May,2013_Rolling_RealWeather
2013-05-23 08:55:00,65.93185393486847,0.0,5.4,May,2013_Rolling_RealWeather
2013-05-23 09:00:00,65.30345829493488,0.0,0.0,May,2013_Rolling_RealWeather
2013-05-23 09:05:00,65.24166291421517,0.0,0.0,May,2013_Rolling_RealWeather
2013-05-23 09:10:00,65.24454172972548,0.0,0.0,May,2013_Rolling_RealWeather
2013-05-23 09:15:00,65.2285057470912,0.0,0.0,May,2013_Rolling_RealWeather
2013-05-23 09:20:00,65.21846987635388,0.0,0.0,May,2013_Rolling_RealWeather
2013-05-23 09:25:00,65.21291216307702,0.0,0.0,May,2013_Rolling_RealWeather
2013-05-23 09:30:00,65.21143019218933,0.0,0.0,May,2013_Rolling_RealWeather
2013-05-23 09:35:00,65.2102564815646,0.0,0.0,May,2013_Rolling_RealWeather
2013-05-23 09:40:00,65.20962190395211,0.0,0.0,May,2013_Rolling_RealWeather
2013-05-23 09:45:00,65.20934330890273,0.0,0.0,May,2013_Rolling_RealWeather
2013-05-23 09:50:00,65.20918982366719,0.0,0.0,May,2013_Rolling_RealWeather
2013-05-23 09:55:00,65.20910727698589,0.0,0.0,May,2013_Rolling_RealWeather
2013-05-23 10:00:00,66.00938203590309,0.0,11.2,May,2013_Rolling_RealWeather
2013-05-23 10:05:00,66.124257351058,0.0,11.2,May,2013_Rolling_RealWeather
2013-05-23 10:10:00,66.11565959828394,0.0,11.2,May,2013_Rolling_RealWeather
2013-05-23 10:15:00,66.11412861530421,0.0,11.2,May,2013_Rolling_RealWeather
2013-05-23 10:20:00,66.11238868603746,0.0,11.2,May,2013_Rolling_RealWeather
2013-05-23 10:25:00,66.11477738062756,0.0,11.2,May,2013_Rolling_RealWeather
2013-05-23 10:30:00,66.11641541633459,0.0,11.2,May,2013_Rolling_RealWeather
2013-05-23 10:35:00,66.11952123521847,0.0,11.2,May,2013_Rolling_RealWeather
2013-05-23 10:40:00,66.12051308518595,0.0,11.2,May,2013_Rolling_RealWeather
2013-05-23 10:45:00,66.12060723999431,0.0,11.2,May,2013_Rolling_RealWeather
2013-05-23 10:50:00,66.12063045624842,0.0,11.2,May,2013_Rolling_RealWeather
2013-05-23 10:55:00,66.12064593375116,0.0,11.2,May,2013_Rolling_RealWeather
2013-05-23 11:00:00,65.10551119195537,0.0,5.4,May,2013_Rolling_RealWeather
2013-05-23 11:05:00,64.99217330873964,0.0,5.4,May,2013_Rolling_RealWeather
2013-05-23 11:10:00,65.00441472361794,0.0,5.4,May,2013_Rolling_RealWeather
2013-05-23 11:15:00,64.98863282998704,0.0,5.4,May,2013_Rolling_RealWeather
2013-05-23 11:20:00,64.97771474159333,0.0,5.4,May,2013_Rolling_RealWeather
2013-05-23 11:25:00,64.96889514461326,0.0,5.4,May,2013_Rolling_RealWeather
2013-05-23 11:30:00,64.9661968999683,0.0,5.4,May,2013_Rolling_RealWeather
2013-05-23 11:35:00,64.96329099882819,0.0,5.4,May,2013_Rolling_RealWeather
2013-05-23 11:40:00,64.96208504340608,0.0,5.4,May,2013_Rolling_RealWeather
2013-05-23 11:45:00,64.96167746916716,0.0,5.4,May,2013_Rolling_RealWeather
2013-05-23 11:50:00,64.96140274349347,0.0,5.4,May,2013_Rolling_RealWeather
2013-05-23 11:55:00,64.96124925825792,0.0,5.4,May,2013_Rolling_RealWeather
2013-05-23 12:00:00,64.73109363329294,0.0,7.6,May,2013_Rolling_RealWeather
2013-05-23 12:05:00,64.70351530298764,0.0,7.6,May,2013_Rolling_RealWeather
2013-05-23 12:10:00,64.70704675319696,0.0,7.6,May,2013_Rolling_RealWeather
2013-05-23 12:15:00,64.70378357970186,0.0,7.6,May,2013_Rolling_RealWeather
2013-05-23 12:20:00,64.7014941990877,0.0,7.6,May,2013_Rolling_RealWeather
2013-05-23 12:25:00,64.6992963936981,0.0,7.6,May,2013_Rolling_RealWeather
2013-05-23 12:30:00,64.6985844285719,0.0,7.6,May,2013_Rolling_RealWeather
2013-05-23 12:35:00,64.69779378614008,0.0,7.6,May,2013_Rolling_RealWeather
2013-05-23 12:40:00,64.69746617899868,0.0,7.6,May,2013_Rolling_RealWeather
2013-05-23 12:45:00,64.69736041606326,0.0,7.6,May,2013_Rolling_RealWeather
2013-05-23 12:50:00,64.69728689792524,0.0,7.6,May,2013_Rolling_RealWeather
2013-05-23 12:55:00,64.69724691437648,0.0,7.6,May,2013_Rolling_RealWeather
2013-05-23 13:00:00,64.25750268600899,0.0,7.6,May,2013_Rolling_RealWeather
2013-05-23 13:05:00,64.20570593328563,0.0,7.6,May,2013_Rolling_RealWeather
2013-05-23 13:10:00,64.21346532132775,0.0,7.6,May,2013_Rolling_RealWeather
2013-05-23 13:15:00,64.20433488450092,0.0,7.6,May,2013_Rolling_RealWeather
2013-05-23 13:20:00,64.19748479974498,0.0,7.6,May,2013_Rolling_RealWeather
2013-05-23 13:25:00,64.19177876040017,0.0,7.6,May,2013_Rolling_RealWeather
2013-05-23 13:30:00,64.19024519783666,0.0,7.6,May,2013_Rolling_RealWeather
2013-05-23 13:35:00,64.1885052685699,0.0,7.6,May,2013_Rolling_RealWeather
2013-05-23 13:40:00,64.18765013654331,0.0,7.6,May,2013_Rolling_RealWeather
2013-05-23 13:45:00,64.18734058648845,0.0,7.6,May,2013_Rolling_RealWeather
2013-05-23 13:50:00,64.18712777082573,0.0,7.6,May,2013_Rolling_RealWeather
2013-05-23 13:55:00,64.18700008142808,0.0,7.6,May,2013_Rolling_RealWeather
2013-05-23 14:00:00,63.826205304763825,0.0,5.4,May,2013_Rolling_RealWeather
2013-05-23 14:05:00,63.786733803391954,0.0,5.4,May,2013_Rolling_RealWeather
2013-05-23 14:10:00,63.79320468933067,0.0,5.4,May,2013_Rolling_RealWeather
2013-05-23 14:15:00,63.78063437751908,0.0,5.4,May,2013_Rolling_RealWeather
2013-05-23 14:20:00,63.77055207427351,0.0,5.4,May,2013_Rolling_RealWeather
2013-05-23 14:25:00,63.763729075147374,0.0,5.4,May,2013_Rolling_RealWeather
2013-05-23 14:30:00,63.7623489978194,0.0,5.4,May,2013_Rolling_RealWeather
2013-05-23 14:35:00,63.76060132980127,0.0,5.4,May,2013_Rolling_RealWeather
2013-05-23 14:40:00,63.759470182309094,0.0,5.4,May,2013_Rolling_RealWeather
2013-05-23 14:45:00,63.75898264097267,0.0,5.4,May,2013_Rolling_RealWeather
2013-05-23 14:50:00,63.75868340925296,0.0,5.4,May,2013_Rolling_RealWeather
2013-05-23 14:55:00,63.75850412817951,0.0,5.4,May,2013_Rolling_RealWeather
2013-05-23 15:00:00,63.74040834788845,0.0,5.4,May,2013_Rolling_RealWeather
2013-05-23 15:05:00,63.73818732624474,0.0,5.4,May,2013_Rolling_RealWeather
2013-05-23 15:10:00,63.73857684339712,0.0,5.4,May,2013_Rolling_RealWeather
2013-05-23 15:15:00,63.73787648639797,0.0,5.4,May,2013_Rolling_RealWeather
2013-05-23 15:20:00,63.7372393292017,0.0,5.4,May,2013_Rolling_RealWeather
2013-05-23 15:25:00,63.736791771414026,0.0,5.4,May,2013_Rolling_RealWeather
2013-05-23 15:30:00,63.736723412443574,0.0,5.4,May,2013_Rolling_RealWeather
2013-05-23 15:35:00,63.73662667805143,0.0,5.4,May,2013_Rolling_RealWeather
2013-05-23 15:40:00,63.7365531599134,0.0,5.4,May,2013_Rolling_RealWeather
2013-05-23 15:45:00,63.73651704574033,0.0,5.4,May,2013_Rolling_RealWeather
2013-05-23 15:50:00,63.736497698861896,0.0,5.4,May,2013_Rolling_RealWeather
2013-05-23 15:55:00,63.73648609073484,0.0,5.4,May,2013_Rolling_RealWeather
2013-05-23 16:00:00,63.394125019838214,0.0,11.2,May,2013_Rolling_RealWeather
2013-05-23 16:05:00,63.32418734410745,0.0,11.2,May,2013_Rolling_RealWeather
2013-05-23 16:10:00,63.334521156772595,0.0,11.2,May,2013_Rolling_RealWeather
2013-05-23 16:15:00,63.33570260614869,0.0,11.2,May,2013_Rolling_RealWeather
2013-05-23 16:20:00,63.335448517145316,0.0,11.2,May,2013_Rolling_RealWeather
2013-05-23 16:25:00,63.32949225817282,0.0,11.2,May,2013_Rolling_RealWeather
2013-05-23 16:30:00,63.32766720264097,0.0,11.2,May,2013_Rolling_RealWeather
2013-05-23 16:35:00,63.32613364007746,0.0,11.2,May,2013_Rolling_RealWeather
2013-05-23 16:40:00,63.325337838478056,0.0,11.2,May,2013_Rolling_RealWeather
2013-05-23 16:45:00,63.325256581588654,0.0,11.2,May,2013_Rolling_RealWeather
2013-05-23 16:50:00,63.325149528861346,0.0,11.2,May,2013_Rolling_RealWeather
2013-05-23 16:55:00,63.32509406780984,0.0,11.2,May,2013_Rolling_RealWeather
2013-05-23 17:00:00,62.595469131126606,0.0,13.0,May,2013_Rolling_RealWeather
2013-05-23 17:05:00,62.381635822596664,0.0,13.0,May,2013_Rolling_RealWeather
2013-05-23 17:10:00,62.38949387971878,0.0,13.0,May,2013_Rolling_RealWeather
2013-05-23 17:15:00,62.42535589847166,0.0,13.0,May,2013_Rolling_RealWeather
2013-05-23 17:20:00,62.47140146913388,0.0,13.0,May,2013_Rolling_RealWeather
2013-05-23 17:25:00,62.4843213145491,0.0,13.0,May,2013_Rolling_RealWeather
2013-05-23 17:30:00,62.48298831462531,0.0,13.0,May,2013_Rolling_RealWeather
2013-05-23 17:35:00,62.47704624336366,0.0,13.0,May,2013_Rolling_RealWeather
2013-05-23 17:40:00,62.472698999780555,0.0,13.0,May,2013_Rolling_RealWeather
2013-05-23 17:45:00,62.4717252068996,0.0,13.0,May,2013_Rolling_RealWeather
2013-05-23 17:50:00,62.47208957311002,0.0,13.0,May,2013_Rolling_RealWeather
2013-05-23 17:55:00,62.47272415072251,0.0,13.0,May,2013_Rolling_RealWeather
2013-05-23 18:00:00,61.974369178895785,0.0,13.0,May,2013_Rolling_RealWeather
2013-05-23 18:05:00,61.808547728772446,0.0,13.0,May,2013_Rolling_RealWeather
2013-05-23 18:10:00,61.805085927325464,0.0,13.0,May,2013_Rolling_RealWeather
2013-05-23 18:15:00,61.83792725345955,0.0,13.0,May,2013_Rolling_RealWeather
2013-05-23 18:20:00,61.888429700015976,0.0,13.0,May,2013_Rolling_RealWeather
2013-05-23 18:25:00,61.91377733523837,0.0,13.0,May,2013_Rolling_RealWeather
2013-05-23 18:30:00,61.918410912622235,0.0,13.0,May,2013_Rolling_RealWeather
2013-05-23 18:35:00,61.91348971164572,0.0,13.0,May,2013_Rolling_RealWeather
2013-05-23 18:40:00,61.90704784602464,0.0,13.0,May,2013_Rolling_RealWeather
2013-05-23 18:45:00,61.903412567567734,0.0,13.0,May,2013_Rolling_RealWeather
2013-05-23 18:50:00,61.902525835639715,0.0,13.0,May,2013_Rolling_RealWeather
2013-05-23 18:55:00,61.90310108282502,0.0,13.0,May,2013_Rolling_RealWeather
2013-05-23 19:00:00,59.14780587907184,0.0,24.1,May,2013_Rolling_RealWeather
2013-05-23 19:05:00,57.77804430667909,0.0,24.1,May,2013_Rolling_RealWeather
2013-05-23 19:10:00,57.2717506858898,0.0,24.1,May,2013_Rolling_RealWeather
2013-05-23 19:15:00,57.36267456554899,0.0,24.1,May,2013_Rolling_RealWeather
2013-05-23 19:20:00,57.95060105007969,0.0,24.1,May,2013_Rolling_RealWeather
2013-05-23 19:25:00,58.51479665352876,0.0,24.1,May,2013_Rolling_RealWeather
2013-05-23 19:30:00,58.82675023559773,0.0,24.1,May,2013_Rolling_RealWeather
2013-05-23 19:35:00,58.85926395459041,0.0,24.1,May,2013_Rolling_RealWeather
2013-05-23 19:40:00,58.7258040280161,0.0,24.1,May,2013_Rolling_RealWeather
2013-05-23 19:45:00,58.547596706322196,0.0,24.1,May,2013_Rolling_RealWeather
2013-05-23 19:50:00,58.41557231812736,0.0,24.1,May,2013_Rolling_RealWeather
2013-05-23 19:55:00,58.36866129710339,0.0,24.1,May,2013_Rolling_RealWeather
2013-05-23 20:00:00,60.0503679066938,0.0,20.5,May,2013_Rolling_RealWeather
2013-05-23 20:05:00,60.71901859657566,0.0,20.5,May,2013_Rolling_RealWeather
2013-05-23 20:10:00,60.86516814071188,0.0,20.5,May,2013_Rolling_RealWeather
2013-05-23 20:15:00,60.843276502872946,0.0,20.5,May,2013_Rolling_RealWeather
2013-05-23 20:20:00,60.69244823863652,0.0,20.5,May,2013_Rolling_RealWeather
2013-05-23 20:25:00,60.55320424030774,0.0,20.5,May,2013_Rolling_RealWeather
2013-05-23 20:30:00,60.485995119331484,0.0,20.5,May,2013_Rolling_RealWeather
2013-05-23 20:35:00,60.4893937209756,0.0,20.5,May,2013_Rolling_RealWeather
2013-05-23 20:40:00,60.51871971929905,0.0,20.5,May,2013_Rolling_RealWeather
2013-05-23 20:45:00,60.54666564029452,0.0,20.5,May,2013_Rolling_RealWeather
2013-05-23 20:50:00,60.562521696959394,0.0,20.5,May,2013_Rolling_RealWeather
2013-05-23 20:55:00,60.56511740314868,0.0,20.5,May,2013_Rolling_RealWeather
2013-05-23 21:00:00,59.48249720246306,0.0,27.7,May,2013_Rolling_RealWeather
2013-05-23 21:05:00,59.02266059595058,0.0,27.7,May,2013_Rolling_RealWeather
2013-05-23 21:10:00,58.852306172211215,0.0,27.7,May,2013_Rolling_RealWeather
2013-05-23 21:15:00,58.83570010155922,0.0,27.7,May,2013_Rolling_RealWeather
2013-05-23 21:20:00,58.9242404457959,0.0,27.7,May,2013_Rolling_RealWeather
2013-05-23 21:25:00,59.02591216131864,0.0,27.7,May,2013_Rolling_RealWeather
2013-05-23 21:30:00,59.08713729279665,0.0,27.7,May,2013_Rolling_RealWeather
2013-05-23 21:35:00,59.09175797226156,0.0,27.7,May,2013_Rolling_RealWeather
2013-05-23 21:40:00,59.07474755185039,0.0,27.7,May,2013_Rolling_RealWeather
2013-05-23 21:45:00,59.0535723934093,0.0,27.7,May,2013_Rolling_RealWeather
2013-05-23 21:50:00,59.03830190226489,0.0,27.7,May,2013_Rolling_RealWeather
2013-05-23 21:55:00,59.03288219672084,0.0,27.7,May,2013_Rolling_RealWeather
2013-05-23 22:00:00,60.75579249819852,0.0,22.3,May,2013_Rolling_RealWeather
2013-05-23 22:05:00,61.255414025513424,0.0,22.3,May,2013_Rolling_RealWeather
2013-05-23 22:10:00,61.332606780655254,0.0,22.3,May,2013_Rolling_RealWeather
2013-05-23 22:15:00,61.364246665638866,0.0,22.3,May,2013_Rolling_RealWeather
2013-05-23 22:20:00,61.380884981088236,0.0,22.3,May,2013_Rolling_RealWeather
2013-05-23 22:25:00,61.36775489959408,0.0,22.3,May,2013_Rolling_RealWeather
2013-05-23 22:30:00,61.35711411645786,0.0,22.3,May,2013_Rolling_RealWeather
2013-05-23 22:35:00,61.3734583593551,0.0,22.3,May,2013_Rolling_RealWeather
2013-05-23 22:40:00,61.3839159920422,0.0,22.3,May,2013_Rolling_RealWeather
2013-05-23 22:45:00,61.386860586939164,0.0,22.3,May,2013_Rolling_RealWeather
2013-05-23 22:50:00,61.38799947318272,0.0,22.3,May,2013_Rolling_RealWeather
2013-05-23 22:55:00,61.388641789546575,0.0,22.3,May,2013_Rolling_RealWeather
2013-05-23 23:00:00,61.24999689955316,0.0,24.1,May,2013_Rolling_RealWeather
2013-05-23 23:05:00,61.213138516561166,0.0,24.1,May,2013_Rolling_RealWeather
2013-05-23 23:10:00,61.20788261458782,0.0,24.1,May,2013_Rolling_RealWeather
2013-05-23 23:15:00,61.20521403515644,0.0,24.1,May,2013_Rolling_RealWeather
2013-05-23 23:20:00,61.20105058691841,0.0,24.1,May,2013_Rolling_RealWeather
2013-05-23 23:25:00,61.200387633884226,0.0,24.1,May,2013_Rolling_RealWeather
2013-05-23 23:30:00,61.200477919316896,0.0,24.1,May,2013_Rolling_RealWeather
2013-05-23 23:35:00,61.19869542691759,0.0,24.1,May,2013_Rolling_RealWeather
2013-05-23 23:40:00,61.197666172985144,0.0,24.1,May,2013_Rolling_RealWeather
2013-05-23 23:45:00,61.1974017656466,0.0,24.1,May,2013_Rolling_RealWeather
2013-05-23 23:50:00,61.19730374146256,0.0,24.1,May,2013_Rolling_RealWeather
2013-05-23 23:55:00,61.197176052064925,0.0,24.1,May,2013_Rolling_RealWeather
2013-05-24 00:00:00,61.98888385198955,0.0,25.9,May,2013_Rolling_RealWeather
2013-05-24 00:05:00,62.20092692936882,0.0,25.9,May,2013_Rolling_RealWeather
2013-05-24 00:10:00,62.23506903078231,0.0,25.9,May,2013_Rolling_RealWeather
2013-05-24 00:15:00,62.251304931160355,0.0,25.9,May,2013_Rolling_RealWeather
2013-05-24 00:20:00,62.294888289094445,0.0,25.9,May,2013_Rolling_RealWeather
2013-05-24 00:25:00,62.3071426018917,0.0,25.9,May,2013_Rolling_RealWeather
2013-05-24 00:30:00,62.30924625247293,0.0,25.9,May,2013_Rolling_RealWeather
2013-05-24 00:35:00,62.322653639224576,0.0,25.9,May,2013_Rolling_RealWeather
2013-05-24 00:40:00,62.33153127683993,0.0,25.9,May,2013_Rolling_RealWeather
2013-05-24 00:45:00,62.33415600334686,0.0,25.9,May,2013_Rolling_RealWeather
2013-05-24 00:50:00,62.33505885767357,0.0,25.9,May,2013_Rolling_RealWeather
2013-05-24 00:55:00,62.3366440119129,0.0,25.9,May,2013_Rolling_RealWeather
2013-05-24 01:00:00,62.56137735175003,0.0,27.7,May,2013_Rolling_RealWeather
2013-05-24 01:05:00,62.619393480992535,0.0,27.7,May,2013_Rolling_RealWeather
2013-05-24 01:10:00,62.628286596110634,0.0,27.7,May,2013_Rolling_RealWeather
2013-05-24 01:15:00,62.63212501679104,0.0,27.7,May,2013_Rolling_RealWeather
2013-05-24 01:20:00,62.646551339139975,0.0,27.7,May,2013_Rolling_RealWeather
2013-05-24 01:25:00,62.651127520784506,0.0,27.7,May,2013_Rolling_RealWeather
2013-05-24 01:30:00,62.65243536976634,0.0,27.7,May,2013_Rolling_RealWeather
2013-05-24 01:35:00,62.65651756111497,0.0,27.7,May,2013_Rolling_RealWeather
2013-05-24 01:40:00,62.65933704619809,0.0,27.7,May,2013_Rolling_RealWeather
2013-05-24 01:45:00,62.66023474135722,0.0,27.7,May,2013_Rolling_RealWeather
2013-05-24 01:50:00,62.660568797458104,0.0,27.7,May,2013_Rolling_RealWeather
2013-05-24 01:55:00,62.66112082838929,0.0,27.7,May,2013_Rolling_RealWeather
2013-05-24 02:00:00,63.44764235494991,0.0,25.9,May,2013_Rolling_RealWeather
2013-05-24 02:05:00,63.626306907870706,0.0,25.9,May,2013_Rolling_RealWeather
2013-05-24 02:10:00,63.63870180798454,0.0,25.9,May,2013_Rolling_RealWeather
2013-05-24 02:15:00,63.64948188864546,0.0,25.9,May,2013_Rolling_RealWeather
2013-05-24 02:20:00,63.69908212577113,0.0,25.9,May,2013_Rolling_RealWeather
2013-05-24 02:25:00,63.714740199380074,0.0,25.9,May,2013_Rolling_RealWeather
2013-05-24 02:30:00,63.718764350093416,0.0,25.9,May,2013_Rolling_RealWeather
2013-05-24 02:35:00,63.73056594593541,0.0,25.9,May,2013_Rolling_RealWeather
2013-05-24 02:40:00,63.738480109004975,0.0,25.9,May,2013_Rolling_RealWeather
2013-05-24 02:45:00,63.74073724482175,0.0,25.9,May,2013_Rolling_RealWeather
2013-05-24 02:50:00,63.74163236039709,0.0,25.9,May,2013_Rolling_RealWeather
2013-05-24 02:55:00,63.74320590650935,0.0,25.9,May,2013_Rolling_RealWeather
2013-05-24 03:00:00,64.64659549685614,0.0,20.5,May,2013_Rolling_RealWeather
2013-05-24 03:05:00,64.80849146534614,0.0,20.5,May,2013_Rolling_RealWeather
2013-05-24 03:10:00,64.80370633741457,0.0,20.5,May,2013_Rolling_RealWeather
2013-05-24 03:15:00,64.81965074482427,0.0,20.5,May,2013_Rolling_RealWeather
2013-05-24 03:20:00,64.86594911469797,0.0,20.5,May,2013_Rolling_RealWeather
2013-05-24 03:25:00,64.88007104615961,0.0,20.5,May,2013_Rolling_RealWeather
2013-05-24 03:30:00,64.8830659429405,0.0,20.5,May,2013_Rolling_RealWeather
2013-05-24 03:35:00,64.89183781762044,0.0,20.5,May,2013_Rolling_RealWeather
2013-05-24 03:40:00,64.8970073035368,0.0,20.5,May,2013_Rolling_RealWeather
2013-05-24 03:45:00,64.89837319315393,0.0,20.5,May,2013_Rolling_RealWeather
2013-05-24 03:50:00,64.89902969722863,0.0,20.5,May,2013_Rolling_RealWeather
2013-05-24 03:55:00,64.90000349010958,0.0,20.5,May,2013_Rolling_RealWeather
2013-05-24 04:00:00,65.52086045763913,0.0,16.6,May,2013_Rolling_RealWeather
2013-05-24 04:05:00,65.61560986005979,0.0,16.6,May,2013_Rolling_RealWeather
2013-05-24 04:10:00,65.60886811782305,0.0,16.6,May,2013_Rolling_RealWeather
2013-05-24 04:15:00,65.62054847322689,0.0,16.6,May,2013_Rolling_RealWeather
2013-05-24 04:20:00,65.64504033152676,0.0,16.6,May,2013_Rolling_RealWeather
2013-05-24 04:25:00,65.65307315545068,0.0,16.6,May,2013_Rolling_RealWeather
2013-05-24 04:30:00,65.654744725747,0.0,16.6,May,2013_Rolling_RealWeather
2013-05-24 04:35:00,65.65881917834425,0.0,16.6,May,2013_Rolling_RealWeather
2013-05-24 04:40:00,65.66097571039319,0.0,16.6,May,2013_Rolling_RealWeather
2013-05-24 04:45:00,65.66158449216776,0.0,16.6,May,2013_Rolling_RealWeather
2013-05-24 04:50:00,65.66189920139023,0.0,16.6,May,2013_Rolling_RealWeather
2013-05-24 04:55:00,65.6622616329128,0.0,16.6,May,2013_Rolling_RealWeather
2013-05-24 05:00:00,66.22662168482852,0.0,18.4,May,2013_Rolling_RealWeather
2013-05-24 05:05:00,66.31576049250462,0.0,18.4,May,2013_Rolling_RealWeather
2013-05-24 05:10:00,66.30959786682888,0.0,18.4,May,2013_Rolling_RealWeather
2013-05-24 05:15:00,66.3152471553303,0.0,18.4,May,2013_Rolling_RealWeather
2013-05-24 05:20:00,66.33220018000212,0.0,18.4,May,2013_Rolling_RealWeather
2013-05-24 05:25:00,66.33785333787922,0.0,18.4,May,2013_Rolling_RealWeather
2013-05-24 05:30:00,66.3393443373102,0.0,18.4,May,2013_Rolling_RealWeather
2013-05-24 05:35:00,66.34283451417888,0.0,18.4,May,2013_Rolling_RealWeather
2013-05-24 05:40:00,66.34439645216408,0.0,18.4,May,2013_Rolling_RealWeather
2013-05-24 05:45:00,66.34473953680823,0.0,18.4,May,2013_Rolling_RealWeather
2013-05-24 05:50:00,66.34492010767357,0.0,18.4,May,2013_Rolling_RealWeather
2013-05-24 05:55:00,66.3451600089661,0.0,18.4,May,2013_Rolling_RealWeather
2013-05-24 06:00:00,66.55763516663029,0.0,11.2,May,2013_Rolling_RealWeather
2013-05-24 06:05:00,66.5844189851281,0.0,11.2,May,2013_Rolling_RealWeather
2013-05-24 06:10:00,66.58213605347342,0.0,11.2,May,2013_Rolling_RealWeather
2013-05-24 06:15:00,66.58571393619098,0.0,11.2,May,2013_Rolling_RealWeather
2013-05-24 06:20:00,66.59053388850371,0.0,11.2,May,2013_Rolling_RealWeather
2013-05-24 06:25:00,66.59281553036651,0.0,11.2,May,2013_Rolling_RealWeather
2013-05-24 06:30:00,66.59328888399207,0.0,11.2,May,2013_Rolling_RealWeather
2013-05-24 06:35:00,66.59409758351043,0.0,11.2,May,2013_Rolling_RealWeather
2013-05-24 06:40:00,66.59445614565733,0.0,11.2,May,2013_Rolling_RealWeather
2013-05-24 06:45:00,66.59456577796843,0.0,11.2,May,2013_Rolling_RealWeather
2013-05-24 06:50:00,66.59463155735509,0.0,11.2,May,2013_Rolling_RealWeather
2013-05-24 06:55:00,66.5946805694471,0.0,11.2,May,2013_Rolling_RealWeather
2013-05-24 07:00:00,66.57790424626494,0.0,5.4,May,2013_Rolling_RealWeather
2013-05-24 07:05:00,66.57616947616576,0.0,5.4,May,2013_Rolling_RealWeather
2013-05-24 07:10:00,66.57628039826875,0.0,5.4,May,2013_Rolling_RealWeather
2013-05-24 07:15:00,66.57589604028395,0.0,5.4,May,2013_Rolling_RealWeather
2013-05-24 07:20:00,66.5755555352236,0.0,5.4,May,2013_Rolling_RealWeather
2013-05-24 07:25:00,66.57534658893655,0.0,5.4,May,2013_Rolling_RealWeather
2013-05-24 07:30:00,66.57530531559591,0.0,5.4,May,2013_Rolling_RealWeather
2013-05-24 07:35:00,66.57526404225526,0.0,5.4,May,2013_Rolling_RealWeather
2013-05-24 07:40:00,66.57524211579303,0.0,5.4,May,2013_Rolling_RealWeather
2013-05-24 07:45:00,66.57523179745787,0.0,5.4,May,2013_Rolling_RealWeather
2013-05-24 07:50:00,66.57522534849839,0.0,5.4,May,2013_Rolling_RealWeather
2013-05-24 07:55:00,66.57522276891461,0.0,5.4,May,2013_Rolling_RealWeather
2013-05-24 08:00:00,66.35346368918805,0.0,0.0,May,2013_Rolling_RealWeather
2013-05-24 08:05:00,66.33423160223722,0.0,0.0,May,2013_Rolling_RealWeather
2013-05-24 08:10:00,66.333963325523,0.0,0.0,May,2013_Rolling_RealWeather
2013-05-24 08:15:00,66.32735056247579,0.0,0.0,May,2013_Rolling_RealWeather
2013-05-24 08:20:00,66.32238486367888,0.0,0.0,May,2013_Rolling_RealWeather
2013-05-24 08:25:00,66.31928936313017,0.0,0.0,May,2013_Rolling_RealWeather
2013-05-24 08:30:00,66.31866123447715,0.0,0.0,May,2013_Rolling_RealWeather
2013-05-24 08:35:00,66.31819304001915,0.0,0.0,May,2013_Rolling_RealWeather
2013-05-24 08:40:00,66.31786285329396,0.0,0.0,May,2013_Rolling_RealWeather
2013-05-24 08:45:00,66.31769518034757,0.0,0.0,May,2013_Rolling_RealWeather
2013-05-24 08:50:00,66.31761263366627,0.0,0.0,May,2013_Rolling_RealWeather
2013-05-24 08:55:00,66.3175778092851,0.0,0.0,May,2013_Rolling_RealWeather
2013-05-24 09:00:00,66.68720637064027,0.0,7.6,May,2013_Rolling_RealWeather
2013-05-24 09:05:00,66.73037441558408,0.0,7.6,May,2013_Rolling_RealWeather
2013-05-24 09:10:00,66.72802957391842,0.0,7.6,May,2013_Rolling_RealWeather
2013-05-24 09:15:00,66.7328121222662,0.0,7.6,May,2013_Rolling_RealWeather
2013-05-24 09:20:00,66.73756887477606,0.0,7.6,May,2013_Rolling_RealWeather
2013-05-24 09:25:00,66.74176843718716,0.0,7.6,May,2013_Rolling_RealWeather
2013-05-24 09:30:00,66.742719013814,0.0,7.6,May,2013_Rolling_RealWeather
2013-05-24 09:35:00,66.74408232384732,0.0,7.6,May,2013_Rolling_RealWeather
2013-05-24 09:40:00,66.74459308143787,0.0,7.6,May,2013_Rolling_RealWeather
2013-05-24 09:45:00,66.74474398708962,0.0,7.6,May,2013_Rolling_RealWeather
2013-05-24 09:50:00,66.74485361940071,0.0,7.6,May,2013_Rolling_RealWeather
2013-05-24 09:55:00,66.74491552941168,0.0,7.6,May,2013_Rolling_RealWeather
2013-05-24 10:00:00,66.1017001806011,0.0,0.0,May,2013_Rolling_RealWeather
2013-05-24 10:05:00,66.04356925987992,0.0,0.0,May,2013_Rolling_RealWeather
2013-05-24 10:10:00,66.0422265865169,0.0,0.0,May,2013_Rolling_RealWeather
2013-05-24 10:15:00,66.02452032337823,0.0,0.0,May,2013_Rolling_RealWeather
2013-05-24 10:20:00,66.01018686604576,0.0,0.0,May,2013_Rolling_RealWeather
2013-05-24 10:25:00,66.00006457925143,0.0,0.0,May,2013_Rolling_RealWeather
2013-05-24 10:30:00,65.99789772886733,0.0,0.0,May,2013_Rolling_RealWeather
2013-05-24 10:35:00,65.99624808503324,0.0,0.0,May,2013_Rolling_RealWeather
2013-05-24 10:40:00,65.9951607904655,0.0,0.0,May,2013_Rolling_RealWeather
2013-05-24 10:45:00,65.99459070244778,0.0,0.0,May,2013_Rolling_RealWeather
2013-05-24 10:50:00,65.9942824421848,0.0,0.0,May,2013_Rolling_RealWeather
2013-05-24 10:55:00,65.99413798549253,0.0,0.0,May,2013_Rolling_RealWeather
2013-05-24 11:00:00,65.84171424868163,0.0,0.0,May,2013_Rolling_RealWeather
2013-05-24 11:05:00,65.82759360701188,0.0,0.0,May,2013_Rolling_RealWeather
2013-05-24 11:10:00,65.82728663654079,0.0,0.0,May,2013_Rolling_RealWeather
2013-05-24 11:15:00,65.82287683805076,0.0,0.0,May,2013_Rolling_RealWeather
2013-05-24 11:20:00,65.81924478407359,0.0,0.0,May,2013_Rolling_RealWeather
2013-05-24 11:25:00,65.81661876777477,0.0,0.0,May,2013_Rolling_RealWeather
2013-05-24 11:30:00,65.81602030433534,0.0,0.0,May,2013_Rolling_RealWeather
2013-05-24 11:35:00,65.81558693425852,0.0,0.0,May,2013_Rolling_RealWeather
2013-05-24 11:40:00,65.8152902821226,0.0,0.0,May,2013_Rolling_RealWeather
2013-05-24 11:45:00,65.81513034792759,0.0,0.0,May,2013_Rolling_RealWeather
2013-05-24 11:50:00,65.81504264207871,0.0,0.0,May,2013_Rolling_RealWeather
2013-05-24 11:55:00,65.81500007894616,0.0,0.0,May,2013_Rolling_RealWeather
2013-05-24 12:00:00,65.92311559477781,0.0,5.4,May,2013_Rolling_RealWeather
2013-05-24 12:05:00,65.93565624137582,0.0,5.4,May,2013_Rolling_RealWeather
2013-05-24 12:10:00,65.93499070875785,0.0,5.4,May,2013_Rolling_RealWeather
2013-05-24 12:15:00,65.93718077539607,0.0,5.4,May,2013_Rolling_RealWeather
2013-05-24 12:20:00,65.93913609990935,0.0,5.4,May,2013_Rolling_RealWeather
2013-05-24 12:25:00,65.94097147377636,0.0,5.4,May,2013_Rolling_RealWeather
2013-05-24 12:30:00,65.94144869677761,0.0,5.4,May,2013_Rolling_RealWeather
2013-05-24 12:35:00,65.94188206685443,0.0,5.4,May,2013_Rolling_RealWeather
2013-05-24 12:40:00,65.94209488251717,0.0,5.4,May,2013_Rolling_RealWeather
2013-05-24 12:45:00,65.94219161690931,0.0,5.4,May,2013_Rolling_RealWeather
2013-05-24 12:50:00,65.94225610650408,0.0,5.4,May,2013_Rolling_RealWeather
2013-05-24 12:55:00,65.94229093088525,0.0,5.4,May,2013_Rolling_RealWeather
2013-05-24 13:00:00,65.57614738723117,0.0,0.0,May,2013_Rolling_RealWeather
2013-05-24 13:05:00,65.54177314342954,0.0,0.0,May,2013_Rolling_RealWeather
2013-05-24 13:10:00,65.54236128853378,0.0,0.0,May,2013_Rolling_RealWeather
2013-05-24 13:15:00,65.52939114123464,0.0,0.0,May,2013_Rolling_RealWeather
2013-05-24 13:20:00,65.518398244911,0.0,0.0,May,2013_Rolling_RealWeather
2013-05-24 13:25:00,65.51090971316688,0.0,0.0,May,2013_Rolling_RealWeather
2013-05-24 13:30:00,65.50922266536783,0.0,0.0,May,2013_Rolling_RealWeather
2013-05-24 13:35:00,65.50809151787566,0.0,0.0,May,2013_Rolling_RealWeather
2013-05-24 13:40:00,65.50714481062451,0.0,0.0,May,2013_Rolling_RealWeather
2013-05-24 13:45:00,65.50659664906901,0.0,0.0,May,2013_Rolling_RealWeather
2013-05-24 13:50:00,65.50631676422772,0.0,0.0,May,2013_Rolling_RealWeather
2013-05-24 13:55:00,65.50618262587061,0.0,0.0,May,2013_Rolling_RealWeather
2013-05-24 14:00:00,65.44596740144662,0.0,0.0,May,2013_Rolling_RealWeather
2013-05-24 14:05:00,65.4401027176987,0.0,0.0,May,2013_Rolling_RealWeather
2013-05-24 14:10:00,65.44042000650494,0.0,0.0,May,2013_Rolling_RealWeather
2013-05-24 14:15:00,65.4380132548283,0.0,0.0,May,2013_Rolling_RealWeather
2013-05-24 14:20:00,65.43592250216602,0.0,0.0,May,2013_Rolling_RealWeather
2013-05-24 14:25:00,65.43460691443282,0.0,0.0,May,2013_Rolling_RealWeather
2013-05-24 14:30:00,65.43434766626186,0.0,0.0,May,2013_Rolling_RealWeather
2013-05-24 14:35:00,65.4341709647722,0.0,0.0,May,2013_Rolling_RealWeather
2013-05-24 14:40:00,65.43399426328254,0.0,0.0,May,2013_Rolling_RealWeather
2013-05-24 14:45:00,65.43389107993093,0.0,0.0,May,2013_Rolling_RealWeather
2013-05-24 14:50:00,65.43384593721458,0.0,0.0,May,2013_Rolling_RealWeather
2013-05-24 14:55:00,65.43382401075237,0.0,0.0,May,2013_Rolling_RealWeather
2013-05-24 15:00:00,65.2048754697774,0.0,5.4,May,2013_Rolling_RealWeather
2013-05-24 15:05:00,65.1727970555494,0.0,5.4,May,2013_Rolling_RealWeather
2013-05-24 15:10:00,65.17750092659156,0.0,5.4,May,2013_Rolling_RealWeather
2013-05-24 15:15:00,65.17147372906481,0.0,5.4,May,2013_Rolling_RealWeather
2013-05-24 15:20:00,65.16483001101213,0.0,5.4,May,2013_Rolling_RealWeather
2013-05-24 15:25:00,65.15997265473442,0.0,5.4,May,2013_Rolling_RealWeather
2013-05-24 15:30:00,65.15927616711096,0.0,5.4,May,2013_Rolling_RealWeather
2013-05-24 15:35:00,65.1587447728501,0.0,5.4,May,2013_Rolling_RealWeather
2013-05-24 15:40:00,65.15818758275132,0.0,5.4,May,2013_Rolling_RealWeather
2013-05-24 15:45:00,65.157896089783,0.0,5.4,May,2013_Rolling_RealWeather
2013-05-24 15:50:00,65.1577567922583,0.0,5.4,May,2013_Rolling_RealWeather
2013-05-24 15:55:00,65.15769746183112,0.0,5.4,May,2013_Rolling_RealWeather
2013-05-24 16:00:00,64.71644288715423,0.0,7.6,May,2013_Rolling_RealWeather
2013-05-24 16:05:00,64.63155136418935,0.0,7.6,May,2013_Rolling_RealWeather
2013-05-24 16:10:00,64.64224889816897,0.0,7.6,May,2013_Rolling_RealWeather
2013-05-24 16:15:00,64.63963835937288,0.0,7.6,May,2013_Rolling_RealWeather
2013-05-24 16:20:00,64.6326902504329,0.0,7.6,May,2013_Rolling_RealWeather
2013-05-24 16:25:00,64.62543130164616,0.0,7.6,May,2013_Rolling_RealWeather
2013-05-24 16:30:00,64.6251707636833,0.0,7.6,May,2013_Rolling_RealWeather
2013-05-24 16:35:00,64.62526491849167,0.0,7.6,May,2013_Rolling_RealWeather
2013-05-24 16:40:00,64.62480317299314,0.0,7.6,May,2013_Rolling_RealWeather
2013-05-24 16:45:00,64.62452457794376,0.0,7.6,May,2013_Rolling_RealWeather
2013-05-24 16:50:00,64.62441752521644,0.0,7.6,May,2013_Rolling_RealWeather
2013-05-24 16:55:00,64.62441236604887,0.0,7.6,May,2013_Rolling_RealWeather
2013-05-24 17:00:00,64.28954627585583,0.0,7.6,May,2013_Rolling_RealWeather
2013-05-24 17:05:00,64.21238318592759,0.0,7.6,May,2013_Rolling_RealWeather
2013-05-24 17:10:00,64.21894693688277,0.0,7.6,May,2013_Rolling_RealWeather
2013-05-24 17:15:00,64.22248483605159,0.0,7.6,May,2013_Rolling_RealWeather
2013-05-24 17:20:00,64.22277761881182,0.0,7.6,May,2013_Rolling_RealWeather
2013-05-24 17:25:00,64.22029218982958,0.0,7.6,May,2013_Rolling_RealWeather
2013-05-24 17:30:00,64.22134208043235,0.0,7.6,May,2013_Rolling_RealWeather
2013-05-24 17:35:00,64.22245001167042,0.0,7.6,May,2013_Rolling_RealWeather
2013-05-24 17:40:00,64.2225918887789,0.0,7.6,May,2013_Rolling_RealWeather
2013-05-24 17:45:00,64.22251450126518,0.0,7.6,May,2013_Rolling_RealWeather
2013-05-24 17:50:00,64.22246290958937,0.0,7.6,May,2013_Rolling_RealWeather
2013-05-24 17:55:00,64.222479676884,0.0,7.6,May,2013_Rolling_RealWeather
2013-05-24 18:00:00,61.83163371390643,0.0,16.6,May,2013_Rolling_RealWeather
2013-05-24 18:05:00,60.88644583760865,0.0,16.6,May,2013_Rolling_RealWeather
2013-05-24 18:10:00,60.69443516305123,0.0,16.6,May,2013_Rolling_RealWeather
2013-05-24 18:15:00,60.814125916247264,0.0,16.6,May,2013_Rolling_RealWeather
2013-05-24 18:20:00,61.07969213280176,0.0,16.6,May,2013_Rolling_RealWeather
2013-05-24 18:25:00,61.2562704473319,0.0,16.6,May,2013_Rolling_RealWeather
2013-05-24 18:30:00,61.324559769020475,0.0,16.6,May,2013_Rolling_RealWeather
2013-05-24 18:35:00,61.30928089422875,0.0,16.6,May,2013_Rolling_RealWeather
2013-05-24 18:40:00,61.26886139581382,0.0,16.6,May,2013_Rolling_RealWeather
2013-05-24 18:45:00,61.23715831102734,0.0,16.6,May,2013_Rolling_RealWeather
2013-05-24 18:50:00,61.22273005399057,0.0,16.6,May,2013_Rolling_RealWeather
2013-05-24 18:55:00,61.22253594031032,0.0,16.6,May,2013_Rolling_RealWeather
2013-05-24 19:00:00,62.10542815785699,0.0,14.8,May,2013_Rolling_RealWeather
2013-05-24 19:05:00,62.40621280716161,0.0,14.8,May,2013_Rolling_RealWeather
2013-05-24 19:10:00,62.44072892807174,0.0,14.8,May,2013_Rolling_RealWeather
2013-05-24 19:15:00,62.41774612628939,0.0,14.8,May,2013_Rolling_RealWeather
2013-05-24 19:20:00,62.36969234964618,0.0,14.8,May,2013_Rolling_RealWeather
2013-05-24 19:25:00,62.336435065625864,0.0,14.8,May,2013_Rolling_RealWeather
2013-05-24 19:30:00,62.32040811153486,0.0,14.8,May,2013_Rolling_RealWeather
2013-05-24 19:35:00,62.32145929192953,0.0,14.8,May,2013_Rolling_RealWeather
2013-05-24 19:40:00,62.32700023791174,0.0,14.8,May,2013_Rolling_RealWeather
2013-05-24 19:45:00,62.33108371905226,0.0,14.8,May,2013_Rolling_RealWeather
2013-05-24 19:50:00,62.33309321482514,0.0,14.8,May,2013_Rolling_RealWeather
2013-05-24 19:55:00,62.33341308321517,0.0,14.8,May,2013_Rolling_RealWeather
2013-05-24 20:00:00,61.415117347781404,0.0,20.5,May,2013_Rolling_RealWeather
2013-05-24 20:05:00,61.06184463745054,0.0,20.5,May,2013_Rolling_RealWeather
2013-05-24 20:10:00,60.97438513882212,0.0,20.5,May,2013_Rolling_RealWeather
2013-05-24 20:15:00,60.98504978310841,0.0,20.5,May,2013_Rolling_RealWeather
2013-05-24 20:20:00,61.05006561296671,0.0,20.5,May,2013_Rolling_RealWeather
2013-05-24 20:25:00,61.10824296619613,0.0,20.5,May,2013_Rolling_RealWeather
2013-05-24 20:30:00,61.139199906371175,0.0,20.5,May,2013_Rolling_RealWeather
2013-05-24 20:35:00,61.137688270269884,0.0,20.5,May,2013_Rolling_RealWeather
2013-05-24 20:40:00,61.12680500625734,0.0,20.5,May,2013_Rolling_RealWeather
2013-05-24 20:45:00,61.11702580410717,0.0,20.5,May,2013_Rolling_RealWeather
2013-05-24 20:50:00,61.11137329112602,0.0,20.5,May,2013_Rolling_RealWeather
2013-05-24 20:55:00,61.110142184761955,0.0,20.5,May,2013_Rolling_RealWeather
2013-05-24 21:00:00,61.487584305418856,0.0,22.3,May,2013_Rolling_RealWeather
2013-05-24 21:05:00,61.61915597665844,0.0,22.3,May,2013_Rolling_RealWeather
2013-05-24 21:10:00,61.648951459231775,0.0,22.3,May,2013_Rolling_RealWeather
2013-05-24 21:15:00,61.65215272271591,0.0,22.3,May,2013_Rolling_RealWeather
2013-05-24 21:20:00,61.6436491247502,0.0,22.3,May,2013_Rolling_RealWeather
2013-05-24 21:25:00,61.63174821493226,0.0,22.3,May,2013_Rolling_RealWeather
2013-05-24 21:30:00,61.6242712913152,0.0,22.3,May,2013_Rolling_RealWeather
2013-05-24 21:35:00,61.62648973337512,0.0,22.3,May,2013_Rolling_RealWeather
2013-05-24 21:40:00,61.62951558516149,0.0,22.3,May,2013_Rolling_RealWeather
2013-05-24 21:45:00,61.63129420818511,0.0,22.3,May,2013_Rolling_RealWeather
2013-05-24 21:50:00,61.63217255646581,0.0,22.3,May,2013_Rolling_RealWeather
2013-05-24 21:55:00,61.63237247420958,0.0,22.3,May,2013_Rolling_RealWeather
2013-05-24 22:00:00,61.79299154872323,0.0,24.1,May,2013_Rolling_RealWeather
2013-05-24 22:05:00,61.84268207128157,0.0,24.1,May,2013_Rolling_RealWeather
2013-05-24 22:10:00,61.853085532709066,0.0,24.1,May,2013_Rolling_RealWeather
2013-05-24 22:15:00,61.85592565446252,0.0,24.1,May,2013_Rolling_RealWeather
2013-05-24 22:20:00,61.85795191753003,0.0,24.1,May,2013_Rolling_RealWeather
2013-05-24 22:25:00,61.85646349768285,0.0,24.1,May,2013_Rolling_RealWeather
2013-05-24 22:30:00,61.85501377159254,0.0,24.1,May,2013_Rolling_RealWeather
2013-05-24 22:35:00,61.856863333170395,0.0,24.1,May,2013_Rolling_RealWeather
2013-05-24 22:40:00,61.85820471674151,0.0,24.1,May,2013_Rolling_RealWeather
2013-05-24 22:45:00,61.858669041823816,0.0,24.1,May,2013_Rolling_RealWeather
2013-05-24 22:50:00,61.85883413518642,0.0,24.1,May,2013_Rolling_RealWeather
2013-05-24 22:55:00,61.85895150624889,0.0,24.1,May,2013_Rolling_RealWeather
2013-05-24 23:00:00,62.50310326412846,0.0,22.3,May,2013_Rolling_RealWeather
2013-05-24 23:05:00,62.660201206767944,0.0,22.3,May,2013_Rolling_RealWeather
2013-05-24 23:10:00,62.67684984055248,0.0,22.3,May,2013_Rolling_RealWeather
2013-05-24 23:15:00,62.69098080055739,0.0,22.3,May,2013_Rolling_RealWeather
2013-05-24 23:20:00,62.719550980830185,0.0,22.3,May,2013_Rolling_RealWeather
2013-05-24 23:25:00,62.725668463789596,0.0,22.3,May,2013_Rolling_RealWeather
2013-05-24 23:30:00,62.72485460510366,0.0,22.3,May,2013_Rolling_RealWeather
2013-05-24 23:35:00,62.733556831021254,0.0,22.3,May,2013_Rolling_RealWeather
2013-05-24 23:40:00,62.73873663527278,0.0,22.3,May,2013_Rolling_RealWeather
2013-05-24 23:45:00,62.73982392984052,0.0,22.3,May,2013_Rolling_RealWeather
2013-05-24 23:50:00,62.74017217365225,0.0,22.3,May,2013_Rolling_RealWeather
2013-05-24 23:55:00,62.741006669008506,0.0,22.3,May,2013_Rolling_RealWeather
2013-05-25 00:00:00,64.68308886874176,0.0,18.4,May,2013_Rolling_RealWeather
2013-05-25 00:05:00,64.96679536340771,0.0,18.4,May,2013_Rolling_RealWeather
2013-05-25 00:10:00,64.96172906084297,0.0,18.4,May,2013_Rolling_RealWeather
2013-05-25 00:15:00,65.02706862846699,0.0,18.4,May,2013_Rolling_RealWeather
2013-05-25 00:20:00,65.13759734493476,0.0,18.4,May,2013_Rolling_RealWeather
2013-05-25 00:25:00,65.1612688955892,0.0,18.4,May,2013_Rolling_RealWeather
2013-05-25 00:30:00,65.1630268819425,0.0,18.4,May,2013_Rolling_RealWeather
2013-05-25 00:35:00,65.18600839393295,0.0,18.4,May,2013_Rolling_RealWeather
2013-05-25 00:40:00,65.19761781078256,0.0,18.4,May,2013_Rolling_RealWeather
2013-05-25 00:45:00,65.19963375551491,0.0,18.4,May,2013_Rolling_RealWeather
2013-05-25 00:50:00,65.20105123680784,0.0,18.4,May,2013_Rolling_RealWeather
2013-05-25 00:55:00,65.20362437163897,0.0,18.4,May,2013_Rolling_RealWeather
2013-05-25 01:00:00,65.3779141116749,0.0,18.4,May,2013_Rolling_RealWeather
2013-05-25 01:05:00,65.4013496304125,0.0,18.4,May,2013_Rolling_RealWeather
2013-05-25 01:10:00,65.4012683735231,0.0,18.4,May,2013_Rolling_RealWeather
2013-05-25 01:15:00,65.40692411098398,0.0,18.4,May,2013_Rolling_RealWeather
2013-05-25 01:20:00,65.4164698608011,0.0,18.4,May,2013_Rolling_RealWeather
2013-05-25 01:25:00,65.41865476827174,0.0,18.4,May,2013_Rolling_RealWeather
2013-05-25 01:30:00,65.4190533139674,0.0,18.4,May,2013_Rolling_RealWeather
2013-05-25 01:35:00,65.42092609179936,0.0,18.4,May,2013_Rolling_RealWeather
2013-05-25 01:40:00,65.42187150925862,0.0,18.4,May,2013_Rolling_RealWeather
2013-05-25 01:45:00,65.42207916575376,0.0,18.4,May,2013_Rolling_RealWeather
2013-05-25 01:50:00,65.42221717348656,0.0,18.4,May,2013_Rolling_RealWeather
2013-05-25 01:55:00,65.42242482998171,0.0,18.4,May,2013_Rolling_RealWeather
2013-05-25 02:00:00,65.59498866723773,0.0,20.5,May,2013_Rolling_RealWeather
2013-05-25 02:05:00,65.61959402722437,0.0,20.5,May,2013_Rolling_RealWeather
2013-05-25 02:10:00,65.61948697449706,0.0,20.5,May,2013_Rolling_RealWeather
2013-05-25 02:15:00,65.62385163027076,0.0,20.5,May,2013_Rolling_RealWeather
2013-05-25 02:20:00,65.6330891198249,0.0,20.5,May,2013_Rolling_RealWeather
2013-05-25 02:25:00,65.63533464751461,0.0,20.5,May,2013_Rolling_RealWeather
2013-05-25 02:30:00,65.63585185406463,0.0,20.5,May,2013_Rolling_RealWeather
2013-05-25 02:35:00,65.63768593813975,0.0,20.5,May,2013_Rolling_RealWeather
2013-05-25 02:40:00,65.63862748622331,0.0,20.5,May,2013_Rolling_RealWeather
2013-05-25 02:45:00,65.6388544895969,0.0,20.5,May,2013_Rolling_RealWeather
2013-05-25 02:50:00,65.6389899177459,0.0,20.5,May,2013_Rolling_RealWeather
2013-05-25 02:55:00,65.63918983548967,0.0,20.5,May,2013_Rolling_RealWeather
2013-05-25 03:00:00,66.09918121702958,0.0,18.4,May,2013_Rolling_RealWeather
2013-05-25 03:05:00,66.15886375740081,0.0,18.4,May,2013_Rolling_RealWeather
2013-05-25 03:10:00,66.15805376809057,0.0,18.4,May,2013_Rolling_RealWeather
2013-05-25 03:15:00,66.16906472150075,0.0,18.4,May,2013_Rolling_RealWeather
2013-05-25 03:20:00,66.18902554087241,0.0,18.4,May,2013_Rolling_RealWeather
2013-05-25 03:25:00,66.19431884681072,0.0,18.4,May,2013_Rolling_RealWeather
2013-05-25 03:30:00,66.19556865515727,0.0,18.4,May,2013_Rolling_RealWeather
2013-05-25 03:35:00,66.19899563222309,0.0,18.4,May,2013_Rolling_RealWeather
2013-05-25 03:40:00,66.20065946376802,0.0,18.4,May,2013_Rolling_RealWeather
2013-05-25 03:45:00,66.20109799301243,0.0,18.4,May,2013_Rolling_RealWeather
2013-05-25 03:50:00,66.20135466159958,0.0,18.4,May,2013_Rolling_RealWeather
2013-05-25 03:55:00,66.20166550144636,0.0,18.4,May,2013_Rolling_RealWeather
2013-05-25 04:00:00,66.63418689520016,0.0,16.6,May,2013_Rolling_RealWeather
2013-05-25 04:05:00,66.68654728698178,0.0,16.6,May,2013_Rolling_RealWeather
2013-05-25 04:10:00,66.68561992660905,0.0,16.6,May,2013_Rolling_RealWeather
2013-05-25 04:15:00,66.69487805283352,0.0,16.6,May,2013_Rolling_RealWeather
2013-05-25 04:20:00,66.70950558271812,0.0,16.6,May,2013_Rolling_RealWeather
2013-05-25 04:25:00,66.71389861391351,0.0,16.6,May,2013_Rolling_RealWeather
2013-05-25 04:30:00,66.7148362926214,0.0,16.6,May,2013_Rolling_RealWeather
2013-05-25 04:35:00,66.71711664469228,0.0,16.6,May,2013_Rolling_RealWeather
2013-05-25 04:40:00,66.71814460883284,0.0,16.6,May,2013_Rolling_RealWeather
2013-05-25 04:45:00,66.71843094263359,0.0,16.6,May,2013_Rolling_RealWeather
2013-05-25 04:50:00,66.71858829724482,0.0,16.6,May,2013_Rolling_RealWeather
2013-05-25 04:55:00,66.71875468039931,0.0,16.6,May,2013_Rolling_RealWeather
2013-05-25 05:00:00,67.13016862978652,0.0,18.4,May,2013_Rolling_RealWeather
2013-05-25 05:05:00,67.18224397755928,0.0,18.4,May,2013_Rolling_RealWeather
2013-05-25 05:10:00,67.18095289587208,0.0,18.4,May,2013_Rolling_RealWeather
2013-05-25 05:15:00,67.18670665751702,0.0,18.4,May,2013_Rolling_RealWeather
2013-05-25 05:20:00,67.19775372510027,0.0,18.4,May,2013_Rolling_RealWeather
2013-05-25 05:25:00,67.20124519176085,0.0,18.4,May,2013_Rolling_RealWeather
2013-05-25 05:30:00,67.20196360584653,0.0,18.4,May,2013_Rolling_RealWeather
2013-05-25 05:35:00,67.20404275038175,0.0,18.4,May,2013_Rolling_RealWeather
2013-05-25 05:40:00,67.20484629073252,0.0,18.4,May,2013_Rolling_RealWeather
2013-05-25 05:45:00,67.20502815138975,0.0,18.4,May,2013_Rolling_RealWeather
2013-05-25 05:50:00,67.20512101640622,0.0,18.4,May,2013_Rolling_RealWeather
2013-05-25 05:55:00,67.20524225684439,0.0,18.4,May,2013_Rolling_RealWeather
2013-05-25 06:00:00,67.52025715997685,0.0,14.8,May,2013_Rolling_RealWeather
2013-05-25 06:05:00,67.55626814969364,0.0,14.8,May,2013_Rolling_RealWeather
2013-05-25 06:10:00,67.55545558079959,0.0,14.8,May,2013_Rolling_RealWeather
2013-05-25 06:15:00,67.55978283260832,0.0,14.8,May,2013_Rolling_RealWeather
2013-05-25 06:20:00,67.56561914093456,0.0,14.8,May,2013_Rolling_RealWeather
2013-05-25 06:25:00,67.56814068408987,0.0,14.8,May,2013_Rolling_RealWeather
2013-05-25 06:30:00,67.56847345039886,0.0,14.8,May,2013_Rolling_RealWeather
2013-05-25 06:35:00,67.56960717747484,0.0,14.8,May,2013_Rolling_RealWeather
2013-05-25 06:40:00,67.569999274211,0.0,14.8,May,2013_Rolling_RealWeather
2013-05-25 06:45:00,67.57009213922746,0.0,14.8,May,2013_Rolling_RealWeather
2013-05-25 06:50:00,67.57014115131949,0.0,14.8,May,2013_Rolling_RealWeather
2013-05-25 06:55:00,67.57018629403582,0.0,14.8,May,2013_Rolling_RealWeather
2013-05-25 07:00:00,67.7134486390144,0.0,11.2,May,2013_Rolling_RealWeather
2013-05-25 07:05:00,67.72842699229453,0.0,11.2,May,2013_Rolling_RealWeather
2013-05-25 07:10:00,67.72827350705899,0.0,11.2,May,2013_Rolling_RealWeather
2013-05-25 07:15:00,67.73031911700494,0.0,11.2,May,2013_Rolling_RealWeather
2013-05-25 07:20:00,67.73228733943716,0.0,11.2,May,2013_Rolling_RealWeather
2013-05-25 07:25:00,67.73349845402686,0.0,11.2,May,2013_Rolling_RealWeather
2013-05-25 07:30:00,67.73360292717037,0.0,11.2,May,2013_Rolling_RealWeather
2013-05-25 07:35:00,67.7340079218255,0.0,11.2,May,2013_Rolling_RealWeather
2013-05-25 07:40:00,67.73414721935019,0.0,11.2,May,2013_Rolling_RealWeather
2013-05-25 07:45:00,67.73418462331514,0.0,11.2,May,2013_Rolling_RealWeather
2013-05-25 07:50:00,67.73420397019358,0.0,11.2,May,2013_Rolling_RealWeather
2013-05-25 07:55:00,67.73421815790442,0.0,11.2,May,2013_Rolling_RealWeather
2013-05-25 08:00:00,67.71021900010858,0.0,7.6,May,2013_Rolling_RealWeather
2013-05-25 08:05:00,67.70789350532135,0.0,7.6,May,2013_Rolling_RealWeather
2013-05-25 08:10:00,67.70787415844292,0.0,7.6,May,2013_Rolling_RealWeather
2013-05-25 08:15:00,67.70749366983381,0.0,7.6,May,2013_Rolling_RealWeather
2013-05-25 08:20:00,67.70720733603305,0.0,7.6,May,2013_Rolling_RealWeather
2013-05-25 08:25:00,67.7069751734919,0.0,7.6,May,2013_Rolling_RealWeather
2013-05-25 08:30:00,67.70696227557295,0.0,7.6,May,2013_Rolling_RealWeather
2013-05-25 08:35:00,67.70690294514576,0.0,7.6,May,2013_Rolling_RealWeather
2013-05-25 08:40:00,67.70688230847543,0.0,7.6,May,2013_Rolling_RealWeather
2013-05-25 08:45:00,67.70687585951596,0.0,7.6,May,2013_Rolling_RealWeather
2013-05-25 08:50:00,67.70687585951596,0.0,7.6,May,2013_Rolling_RealWeather
2013-05-25 08:55:00,67.70687199014027,0.0,7.6,May,2013_Rolling_RealWeather
2013-05-25 09:00:00,67.6178054108103,0.0,5.4,May,2013_Rolling_RealWeather
2013-05-25 09:05:00,67.60937662077453,0.0,5.4,May,2013_Rolling_RealWeather
2013-05-25 09:10:00,67.60914574802526,0.0,5.4,May,2013_Rolling_RealWeather
2013-05-25 09:15:00,67.60767280568083,0.0,5.4,May,2013_Rolling_RealWeather
2013-05-25 09:20:00,67.60663968237269,0.0,5.4,May,2013_Rolling_RealWeather
2013-05-25 09:25:00,67.60566846907552,0.0,5.4,May,2013_Rolling_RealWeather
2013-05-25 09:30:00,67.60559108156181,0.0,5.4,May,2013_Rolling_RealWeather
2013-05-25 09:35:00,67.60539245360994,0.0,5.4,May,2013_Rolling_RealWeather
2013-05-25 09:40:00,67.60531248651243,0.0,5.4,May,2013_Rolling_RealWeather
2013-05-25 09:45:00,67.60528669067452,0.0,5.4,May,2013_Rolling_RealWeather
2013-05-25 09:50:00,67.60526863358798,0.0,5.4,May,2013_Rolling_RealWeather
2013-05-25 09:55:00,67.60526476421231,0.0,5.4,May,2013_Rolling_RealWeather
2013-05-25 10:00:00,67.75111959090044,0.0,9.4,May,2013_Rolling_RealWeather
2013-05-25 10:05:00,67.76729229147561,0.0,9.4,May,2013_Rolling_RealWeather
2013-05-25 10:10:00,67.76741740128946,0.0,9.4,May,2013_Rolling_RealWeather
2013-05-25 10:15:00,67.7690515676208,0.0,9.4,May,2013_Rolling_RealWeather
2013-05-25 10:20:00,67.77015433969129,0.0,9.4,May,2013_Rolling_RealWeather
2013-05-25 10:25:00,67.77169564100618,0.0,9.4,May,2013_Rolling_RealWeather
2013-05-25 10:30:00,67.77188653020667,0.0,9.4,May,2013_Rolling_RealWeather
2013-05-25 10:35:00,67.77248499364609,0.0,9.4,May,2013_Rolling_RealWeather
2013-05-25 10:40:00,67.7726758828466,0.0,9.4,May,2013_Rolling_RealWeather
2013-05-25 10:45:00,67.77271844597914,0.0,9.4,May,2013_Rolling_RealWeather
2013-05-25 10:50:00,67.77274811119274,0.0,9.4,May,2013_Rolling_RealWeather
2013-05-25 10:55:00,67.77276100911169,0.0,9.4,May,2013_Rolling_RealWeather
2013-05-25 11:00:00,67.65478632403236,0.0,9.4,May,2013_Rolling_RealWeather
2013-05-25 11:05:00,67.64108357493669,0.0,9.4,May,2013_Rolling_RealWeather
2013-05-25 11:10:00,67.64095717533095,0.0,9.4,May,2013_Rolling_RealWeather
2013-05-25 11:15:00,67.63950744924063,0.0,9.4,May,2013_Rolling_RealWeather
2013-05-25 11:20:00,67.63865102742216,0.0,9.4,May,2013_Rolling_RealWeather
2013-05-25 11:25:00,67.63726837051038,0.0,9.4,May,2013_Rolling_RealWeather
2013-05-25 11:30:00,67.63702588963407,0.0,9.4,May,2013_Rolling_RealWeather
2013-05-25 11:35:00,67.63647901787047,0.0,9.4,May,2013_Rolling_RealWeather
2013-05-25 11:40:00,67.63630102658891,0.0,9.4,May,2013_Rolling_RealWeather
2013-05-25 11:45:00,67.63625846345637,0.0,9.4,May,2013_Rolling_RealWeather
2013-05-25 11:50:00,67.63622621865899,0.0,9.4,May,2013_Rolling_RealWeather
2013-05-25 11:55:00,67.63621203094814,0.0,9.4,May,2013_Rolling_RealWeather
2013-05-25 12:00:00,67.49558731039544,0.0,11.2,May,2013_Rolling_RealWeather
2013-05-25 12:05:00,67.47740511404739,0.0,11.2,May,2013_Rolling_RealWeather
2013-05-25 12:10:00,67.47733288570126,0.0,11.2,May,2013_Rolling_RealWeather
2013-05-25 12:15:00,67.47548977308287,0.0,11.2,May,2013_Rolling_RealWeather
2013-05-25 12:20:00,67.4745482249993,0.0,11.2,May,2013_Rolling_RealWeather
2013-05-25 12:25:00,67.47286117720024,0.0,11.2,May,2013_Rolling_RealWeather
2013-05-25 12:30:00,67.47240975003689,0.0,11.2,May,2013_Rolling_RealWeather
2013-05-25 12:35:00,67.47157138530494,0.0,11.2,May,2013_Rolling_RealWeather
2013-05-25 12:40:00,67.4712850515042,0.0,11.2,May,2013_Rolling_RealWeather
2013-05-25 12:45:00,67.4712283006608,0.0,11.2,May,2013_Rolling_RealWeather
2013-05-25 12:50:00,67.47118186815257,0.0,11.2,May,2013_Rolling_RealWeather
2013-05-25 12:55:00,67.47115607231466,0.0,11.2,May,2013_Rolling_RealWeather
2013-05-25 13:00:00,67.18686659171203,0.0,7.6,May,2013_Rolling_RealWeather
2013-05-25 13:05:00,67.15283801213833,0.0,7.6,May,2013_Rolling_RealWeather
2013-05-25 13:10:00,67.15326751283946,0.0,7.6,May,2013_Rolling_RealWeather
2013-05-25 13:15:00,67.14747892681335,0.0,7.6,May,2013_Rolling_RealWeather
2013-05-25 13:20:00,67.14389459513632,0.0,7.6,May,2013_Rolling_RealWeather
2013-05-25 13:25:00,67.1397259877307,0.0,7.6,May,2013_Rolling_RealWeather
2013-05-25 13:30:00,67.1387135010929,0.0,7.6,May,2013_Rolling_RealWeather
2013-05-25 13:35:00,67.13757203526555,0.0,7.6,May,2013_Rolling_RealWeather
2013-05-25 13:40:00,67.1370922326805,0.0,7.6,May,2013_Rolling_RealWeather
2013-05-25 13:45:00,67.13693616786117,0.0,7.6,May,2013_Rolling_RealWeather
2013-05-25 13:50:00,67.13681105804733,0.0,7.6,May,2013_Rolling_RealWeather
2013-05-25 13:55:00,67.13675172762014,0.0,7.6,May,2013_Rolling_RealWeather
2013-05-25 14:00:00,66.91324755945924,0.0,9.4,May,2013_Rolling_RealWeather
2013-05-25 14:05:00,66.88320056746632,0.0,9.4,May,2013_Rolling_RealWeather
2013-05-25 14:10:00,66.88454195103743,0.0,9.4,May,2013_Rolling_RealWeather
2013-05-25 14:15:00,66.8795272401485,0.0,9.4,May,2013_Rolling_RealWeather
2013-05-25 14:20:00,66.87593774930389,0.0,9.4,May,2013_Rolling_RealWeather
2013-05-25 14:25:00,66.87251980078133,0.0,9.4,May,2013_Rolling_RealWeather
2013-05-25 14:30:00,66.87155632623555,0.0,9.4,May,2013_Rolling_RealWeather
2013-05-25 14:35:00,66.87040712165684,0.0,9.4,May,2013_Rolling_RealWeather
2013-05-25 14:40:00,66.86991184156904,0.0,9.4,May,2013_Rolling_RealWeather
2013-05-25 14:45:00,66.86975835633349,0.0,9.4,May,2013_Rolling_RealWeather
2013-05-25 14:50:00,66.86963969547912,0.0,9.4,May,2013_Rolling_RealWeather
2013-05-25 14:55:00,66.86957391609246,0.0,9.4,May,2013_Rolling_RealWeather
2013-05-25 15:00:00,66.80272271236716,0.0,5.4,May,2013_Rolling_RealWeather
2013-05-25 15:05:00,66.7944241913128,0.0,5.4,May,2013_Rolling_RealWeather
2013-05-25 15:10:00,66.79504200163065,0.0,5.4,May,2013_Rolling_RealWeather
2013-05-25 15:15:00,66.79294222042509,0.0,5.4,May,2013_Rolling_RealWeather
2013-05-25 15:20:00,66.79128870721532,0.0,5.4,May,2013_Rolling_RealWeather
2013-05-25 15:25:00,66.7901665882664,0.0,5.4,May,2013_Rolling_RealWeather
2013-05-25 15:30:00,66.78994990322799,0.0,5.4,May,2013_Rolling_RealWeather
2013-05-25 15:35:00,66.78976417319508,0.0,5.4,May,2013_Rolling_RealWeather
2013-05-25 15:40:00,66.78963132462985,0.0,5.4,May,2013_Rolling_RealWeather
2013-05-25 15:45:00,66.78957199420267,0.0,5.4,May,2013_Rolling_RealWeather
2013-05-25 15:50:00,66.78954490857288,0.0,5.4,May,2013_Rolling_RealWeather
2013-05-25 15:55:00,66.78952427190255,0.0,5.4,May,2013_Rolling_RealWeather
2013-05-25 16:00:00,66.35097826020579,0.0,9.4,May,2013_Rolling_RealWeather
2013-05-25 16:05:00,66.2745761474958,0.0,9.4,May,2013_Rolling_RealWeather
2013-05-25 16:10:00,66.28169708854973,0.0,9.4,May,2013_Rolling_RealWeather
2013-05-25 16:15:00,66.27326958830585,0.0,9.4,May,2013_Rolling_RealWeather
2013-05-25 16:20:00,66.26291255938659,0.0,9.4,May,2013_Rolling_RealWeather
2013-05-25 16:25:00,66.25582386313002,0.0,9.4,May,2013_Rolling_RealWeather
2013-05-25 16:30:00,66.2552241098987,0.0,9.4,May,2013_Rolling_RealWeather
2013-05-25 16:35:00,66.25361315982147,0.0,9.4,May,2013_Rolling_RealWeather
2013-05-25 16:40:00,66.25248717149687,0.0,9.4,May,2013_Rolling_RealWeather
2013-05-25 16:45:00,66.25213118893377,0.0,9.4,May,2013_Rolling_RealWeather
2013-05-25 16:50:00,66.25196093640359,0.0,9.4,May,2013_Rolling_RealWeather
2013-05-25 16:55:00,66.25185775305197,0.0,9.4,May,2013_Rolling_RealWeather
2013-05-25 17:00:00,66.90154914696886,0.0,0.0,May,2013_Rolling_RealWeather
2013-05-25 17:05:00,66.97139395768316,0.0,0.0,May,2013_Rolling_RealWeather
2013-05-25 17:10:00,66.9629587186879,0.0,0.0,May,2013_Rolling_RealWeather
2013-05-25 17:15:00,66.98986377762387,0.0,0.0,May,2013_Rolling_RealWeather
2013-05-25 17:20:00,67.01352114056746,0.0,0.0,May,2013_Rolling_RealWeather
2013-05-25 17:25:00,67.02351573796415,0.0,0.0,May,2013_Rolling_RealWeather
2013-05-25 17:30:00,67.02363181923472,0.0,0.0,May,2013_Rolling_RealWeather
2013-05-25 17:35:00,67.02402649555468,0.0,0.0,May,2013_Rolling_RealWeather
2013-05-25 17:40:00,67.02536014037443,0.0,0.0,May,2013_Rolling_RealWeather
2013-05-25 17:45:00,67.02593796714352,0.0,0.0,May,2013_Rolling_RealWeather
2013-05-25 17:50:00,67.02598182006795,0.0,0.0,May,2013_Rolling_RealWeather
2013-05-25 17:55:00,67.02598310985985,0.0,0.0,May,2013_Rolling_RealWeather
2013-05-25 18:00:00,64.26309135429133,0.0,16.6,May,2013_Rolling_RealWeather
2013-05-25 18:05:00,63.32560998456797,0.0,16.6,May,2013_Rolling_RealWeather
2013-05-25 18:10:00,63.18871921155216,0.0,16.6,May,2013_Rolling_RealWeather
2013-05-25 18:15:00,63.280664606392435,0.0,16.6,May,2013_Rolling_RealWeather
2013-05-25 18:20:00,63.4252502778556,0.0,16.6,May,2013_Rolling_RealWeather
2013-05-25 18:25:00,63.50743452763224,0.0,16.6,May,2013_Rolling_RealWeather
2013-05-25 18:30:00,63.54951398821642,0.0,16.6,May,2013_Rolling_RealWeather
2013-05-25 18:35:00,63.53788522448839,0.0,16.6,May,2013_Rolling_RealWeather
2013-05-25 18:40:00,63.51812561265239,0.0,16.6,May,2013_Rolling_RealWeather
2013-05-25 18:45:00,63.50648266121351,0.0,16.6,May,2013_Rolling_RealWeather
2013-05-25 18:50:00,63.50205093626126,0.0,16.6,May,2013_Rolling_RealWeather
2013-05-25 18:55:00,63.50228180901052,0.0,16.6,May,2013_Rolling_RealWeather
2013-05-25 19:00:00,64.28983647903227,0.0,14.8,May,2013_Rolling_RealWeather
2013-05-25 19:05:00,64.51271122874827,0.0,14.8,May,2013_Rolling_RealWeather
2013-05-25 19:10:00,64.52380988800734,0.0,14.8,May,2013_Rolling_RealWeather
2013-05-25 19:15:00,64.51924273490607,0.0,14.8,May,2013_Rolling_RealWeather
2013-05-25 19:20:00,64.51413773858448,0.0,14.8,May,2013_Rolling_RealWeather
2013-05-25 19:25:00,64.5083427035989,0.0,14.8,May,2013_Rolling_RealWeather
2013-05-25 19:30:00,64.5000815865095,0.0,14.8,May,2013_Rolling_RealWeather
2013-05-25 19:35:00,64.50181635660867,0.0,14.8,May,2013_Rolling_RealWeather
2013-05-25 19:40:00,64.50441012811012,0.0,14.8,May,2013_Rolling_RealWeather
2013-05-25 19:45:00,64.50520335012574,0.0,14.8,May,2013_Rolling_RealWeather
2013-05-25 19:50:00,64.50538650057487,0.0,14.8,May,2013_Rolling_RealWeather
2013-05-25 19:55:00,64.5054561493372,0.0,14.8,May,2013_Rolling_RealWeather
2013-05-25 20:00:00,64.65505782148121,0.0,16.6,May,2013_Rolling_RealWeather
2013-05-25 20:05:00,64.69223607286324,0.0,16.6,May,2013_Rolling_RealWeather
2013-05-25 20:10:00,64.69352715455044,0.0,16.6,May,2013_Rolling_RealWeather
2013-05-25 20:15:00,64.69467506933725,0.0,16.6,May,2013_Rolling_RealWeather
2013-05-25 20:20:00,64.69657106342333,0.0,16.6,May,2013_Rolling_RealWeather
2013-05-25 20:25:00,64.69631439483618,0.0,16.6,May,2013_Rolling_RealWeather
2013-05-25 20:30:00,64.69501428460572,0.0,16.6,May,2013_Rolling_RealWeather
2013-05-25 20:35:00,64.69594809393791,0.0,16.6,May,2013_Rolling_RealWeather
2013-05-25 20:40:00,64.6966071775964,0.0,16.6,May,2013_Rolling_RealWeather
2013-05-25 20:45:00,64.6966935936534,0.0,16.6,May,2013_Rolling_RealWeather
2013-05-25 20:50:00,64.6966910140696,0.0,16.6,May,2013_Rolling_RealWeather
2013-05-25 20:55:00,64.69673873636972,0.0,16.6,May,2013_Rolling_RealWeather
2013-05-25 21:00:00,63.99099685605877,0.0,22.3,May,2013_Rolling_RealWeather
2013-05-25 21:05:00,63.79382636902421,0.0,22.3,May,2013_Rolling_RealWeather
2013-05-25 21:10:00,63.76689164487465,0.0,22.3,May,2013_Rolling_RealWeather
2013-05-25 21:15:00,63.75932056644924,0.0,22.3,May,2013_Rolling_RealWeather
2013-05-25 21:20:00,63.75084792348901,0.0,22.3,May,2013_Rolling_RealWeather
2013-05-25 21:25:00,63.756650697225965,0.0,22.3,May,2013_Rolling_RealWeather
2013-05-25 21:30:00,63.763916094972195,0.0,22.3,May,2013_Rolling_RealWeather
2013-05-25 21:35:00,63.75568464309639,0.0,22.3,May,2013_Rolling_RealWeather
2013-05-25 21:40:00,63.75014111753038,0.0,22.3,May,2013_Rolling_RealWeather
2013-05-25 21:45:00,63.74877393812137,0.0,22.3,May,2013_Rolling_RealWeather
2013-05-25 21:50:00,63.74841795555827,0.0,22.3,May,2013_Rolling_RealWeather
2013-05-25 21:55:00,63.74799103444092,0.0,22.3,May,2013_Rolling_RealWeather
2013-05-25 22:00:00,64.48377216799342,0.0,20.5,May,2013_Rolling_RealWeather
2013-05-25 22:05:00,64.63063690173558,0.0,20.5,May,2013_Rolling_RealWeather
2013-05-25 22:10:00,64.63330548116696,0.0,20.5,May,2013_Rolling_RealWeather
2013-05-25 22:15:00,64.65266396772353,0.0,20.5,May,2013_Rolling_RealWeather
2013-05-25 22:20:00,64.68674413897304,0.0,20.5,May,2013_Rolling_RealWeather
2013-05-25 22:25:00,64.6920825876277,0.0,20.5,May,2013_Rolling_RealWeather
2013-05-25 22:30:00,64.6896358524023,0.0,20.5,May,2013_Rolling_RealWeather
2013-05-25 22:35:00,64.69995031818902,0.0,20.5,May,2013_Rolling_RealWeather
2013-05-25 22:40:00,64.7052255670408,0.0,20.5,May,2013_Rolling_RealWeather
2013-05-25 22:45:00,64.7056937614988,0.0,20.5,May,2013_Rolling_RealWeather
2013-05-25 22:50:00,64.70595816883734,0.0,20.5,May,2013_Rolling_RealWeather
2013-05-25 22:55:00,64.70696807589135,0.0,20.5,May,2013_Rolling_RealWeather
2013-05-25 23:00:00,64.80727261200508,0.0,20.5,May,2013_Rolling_RealWeather
2013-05-25 23:05:00,64.82409794727927,0.0,20.5,May,2013_Rolling_RealWeather
2013-05-25 23:10:00,64.82413019207665,0.0,20.5,May,2013_Rolling_RealWeather
2013-05-25 23:15:00,64.82727857409307,0.0,20.5,May,2013_Rolling_RealWeather
2013-05-25 23:20:00,64.83293818092966,0.0,20.5,May,2013_Rolling_RealWeather
2013-05-25 23:25:00,64.83398678174053,0.0,20.5,May,2013_Rolling_RealWeather
2013-05-25 23:30:00,64.83393390027283,0.0,20.5,May,2013_Rolling_RealWeather
2013-05-25 23:35:00,64.83540813240916,0.0,20.5,May,2013_Rolling_RealWeather
2013-05-25 23:40:00,64.83613944441379,0.0,20.5,May,2013_Rolling_RealWeather
2013-05-25 23:45:00,64.83622586047078,0.0,20.5,May,2013_Rolling_RealWeather
2013-05-25 23:50:00,64.83629679902502,0.0,20.5,May,2013_Rolling_RealWeather
2013-05-25 23:55:00,64.83646060259572,0.0,20.5,May,2013_Rolling_RealWeather
2013-05-26 00:00:00,64.69993484068628,0.0,22.3,May,2013_Rolling_RealWeather
2013-05-26 00:05:00,64.67754534317577,0.0,22.3,May,2013_Rolling_RealWeather
2013-05-26 00:10:00,64.67729125417239,0.0,22.3,May,2013_Rolling_RealWeather
2013-05-26 00:15:00,64.67294465548522,0.0,22.3,May,2013_Rolling_RealWeather
2013-05-26 00:20:00,64.66442300043298,0.0,22.3,May,2013_Rolling_RealWeather
2013-05-26 00:25:00,64.66245348820885,0.0,22.3,May,2013_Rolling_RealWeather
2013-05-26 00:30:00,64.66247670446297,0.0,22.3,May,2013_Rolling_RealWeather
2013-05-26 00:35:00,64.66056652266603,0.0,22.3,May,2013_Rolling_RealWeather
2013-05-26 00:40:00,64.65950373414431,0.0,22.3,May,2013_Rolling_RealWeather
2013-05-26 00:45:00,64.6593115551519,0.0,22.3,May,2013_Rolling_RealWeather
2013-05-26 00:50:00,64.65921353096786,0.0,22.3,May,2013_Rolling_RealWeather
2013-05-26 00:55:00,64.65898136842671,0.0,22.3,May,2013_Rolling_RealWeather
2013-05-26 01:00:00,64.67846496479712,0.0,24.1,May,2013_Rolling_RealWeather
2013-05-26 01:05:00,64.68171524037326,0.0,24.1,May,2013_Rolling_RealWeather
2013-05-26 01:10:00,64.6817874687194,0.0,24.1,May,2013_Rolling_RealWeather
2013-05-26 01:15:00,64.68228532839099,0.0,24.1,May,2013_Rolling_RealWeather
2013-05-26 01:20:00,64.6835467448646,0.0,24.1,May,2013_Rolling_RealWeather
2013-05-26 01:25:00,64.68386790304653,0.0,24.1,May,2013_Rolling_RealWeather
2013-05-26 01:30:00,64.68390014784391,0.0,24.1,May,2013_Rolling_RealWeather
2013-05-26 01:35:00,64.68416971435003,0.0,24.1,May,2013_Rolling_RealWeather
2013-05-26 01:40:00,64.68432835875315,0.0,24.1,May,2013_Rolling_RealWeather
2013-05-26 01:45:00,64.68436705251001,0.0,24.1,May,2013_Rolling_RealWeather
2013-05-26 01:50:00,64.68438253001275,0.0,24.1,May,2013_Rolling_RealWeather
2013-05-26 01:55:00,64.68441864418583,0.0,24.1,May,2013_Rolling_RealWeather
2013-05-26 02:00:00,65.41147191720681,0.0,20.5,May,2013_Rolling_RealWeather
2013-05-26 02:05:00,65.51393685474515,0.0,20.5,May,2013_Rolling_RealWeather
2013-05-26 02:10:00,65.51520987934582,0.0,20.5,May,2013_Rolling_RealWeather
2013-05-26 02:15:00,65.53527259227721,0.0,20.5,May,2013_Rolling_RealWeather
2013-05-26 02:20:00,65.57294741353894,0.0,20.5,May,2013_Rolling_RealWeather
2013-05-26 02:25:00,65.58325285078239,0.0,20.5,May,2013_Rolling_RealWeather
2013-05-26 02:30:00,65.58453490392631,0.0,20.5,May,2013_Rolling_RealWeather
2013-05-26 02:35:00,65.59113347926268,0.0,20.5,May,2013_Rolling_RealWeather
2013-05-26 02:40:00,65.59465332134495,0.0,20.5,May,2013_Rolling_RealWeather
2013-05-26 02:45:00,65.5955458573365,0.0,20.5,May,2013_Rolling_RealWeather
2013-05-26 02:50:00,65.59596761928626,0.0,20.5,May,2013_Rolling_RealWeather
2013-05-26 02:55:00,65.59663573148802,0.0,20.5,May,2013_Rolling_RealWeather
2013-05-26 03:00:00,65.98584978277333,0.0,20.5,May,2013_Rolling_RealWeather
2013-05-26 03:05:00,66.03889376425946,0.0,20.5,May,2013_Rolling_RealWeather
2013-05-26 03:10:00,66.03939420351483,0.0,20.5,May,2013_Rolling_RealWeather
2013-05-26 03:15:00,66.04814673131634,0.0,20.5,May,2013_Rolling_RealWeather
2013-05-26 03:20:00,66.0655550525272,0.0,20.5,May,2013_Rolling_RealWeather
2013-05-26 03:25:00,66.07063554280279,0.0,20.5,May,2013_Rolling_RealWeather
2013-05-26 03:30:00,66.07124174499359,0.0,20.5,May,2013_Rolling_RealWeather
2013-05-26 03:35:00,66.07406896882809,0.0,20.5,May,2013_Rolling_RealWeather
2013-05-26 03:40:00,66.07551353575082,0.0,20.5,May,2013_Rolling_RealWeather
2013-05-26 03:45:00,66.07587983664908,0.0,20.5,May,2013_Rolling_RealWeather
2013-05-26 03:50:00,66.07603719126031,0.0,20.5,May,2013_Rolling_RealWeather
2013-05-26 03:55:00,66.07627838234473,0.0,20.5,May,2013_Rolling_RealWeather
2013-05-26 04:00:00,66.66108292559285,0.0,16.6,May,2013_Rolling_RealWeather
2013-05-26 04:05:00,66.73117279676727,0.0,16.6,May,2013_Rolling_RealWeather
2013-05-26 04:10:00,66.73166807685506,0.0,16.6,May,2013_Rolling_RealWeather
2013-05-26 04:15:00,66.74380759817363,0.0,16.6,May,2013_Rolling_RealWeather
2013-05-26 04:20:00,66.76252763774201,0.0,16.6,May,2013_Rolling_RealWeather
2013-05-26 04:25:00,66.76861674527973,0.0,16.6,May,2013_Rolling_RealWeather
2013-05-26 04:30:00,66.76892887491839,0.0,16.6,May,2013_Rolling_RealWeather
2013-05-26 04:35:00,66.77135368368155,0.0,16.6,May,2013_Rolling_RealWeather
2013-05-26 04:40:00,66.77247193325478,0.0,16.6,May,2013_Rolling_RealWeather
2013-05-26 04:45:00,66.77275181809607,0.0,16.6,May,2013_Rolling_RealWeather
2013-05-26 04:50:00,66.77284339332063,0.0,16.6,May,2013_Rolling_RealWeather
2013-05-26 04:55:00,66.77297495209395,0.0,16.6,May,2013_Rolling_RealWeather
2013-05-26 05:00:00,67.15914896388203,0.0,14.8,May,2013_Rolling_RealWeather
2013-05-26 05:05:00,67.2030380024953,0.0,14.8,May,2013_Rolling_RealWeather
2013-05-26 05:10:00,67.20328177316352,0.0,14.8,May,2013_Rolling_RealWeather
2013-05-26 05:15:00,67.2099048545459,0.0,14.8,May,2013_Rolling_RealWeather
2013-05-26 05:20:00,67.21938482497634,0.0,14.8,May,2013_Rolling_RealWeather
2013-05-26 05:25:00,67.22292272414516,0.0,14.8,May,2013_Rolling_RealWeather
2013-05-26 05:30:00,67.22287371205314,0.0,14.8,May,2013_Rolling_RealWeather
2013-05-26 05:35:00,67.22406805934818,0.0,14.8,May,2013_Rolling_RealWeather
2013-05-26 05:40:00,67.2245594700603,0.0,14.8,May,2013_Rolling_RealWeather
2013-05-26 05:45:00,67.2246665227876,0.0,14.8,May,2013_Rolling_RealWeather
2013-05-26 05:50:00,67.22469360841741,0.0,14.8,May,2013_Rolling_RealWeather
2013-05-26 05:55:00,67.22474004092564,0.0,14.8,May,2013_Rolling_RealWeather
2013-05-26 06:00:00,67.50465712700318,0.0,14.8,May,2013_Rolling_RealWeather
2013-05-26 06:05:00,67.53656657849292,0.0,14.8,May,2013_Rolling_RealWeather
2013-05-26 06:10:00,67.53648274201973,0.0,14.8,May,2013_Rolling_RealWeather
2013-05-26 06:15:00,67.53997162909651,0.0,14.8,May,2013_Rolling_RealWeather
2013-05-26 06:20:00,67.54550612611925,0.0,14.8,May,2013_Rolling_RealWeather
2013-05-26 06:25:00,67.54788966154176,0.0,14.8,May,2013_Rolling_RealWeather
2013-05-26 06:30:00,67.54775036401708,0.0,14.8,May,2013_Rolling_RealWeather
2013-05-26 06:35:00,67.54867127543031,0.0,14.8,May,2013_Rolling_RealWeather
2013-05-26 06:40:00,67.54898727444467,0.0,14.8,May,2013_Rolling_RealWeather
2013-05-26 06:45:00,67.54904402528805,0.0,14.8,May,2013_Rolling_RealWeather
2013-05-26 06:50:00,67.5490595027908,0.0,14.8,May,2013_Rolling_RealWeather
2013-05-26 06:55:00,67.5490878782125,0.0,14.8,May,2013_Rolling_RealWeather
2013-05-26 07:00:00,67.72370764374963,0.0,13.0,May,2013_Rolling_RealWeather
2013-05-26 07:05:00,67.74292425319771,0.0,13.0,May,2013_Rolling_RealWeather
2013-05-26 07:10:00,67.74294746945182,0.0,13.0,May,2013_Rolling_RealWeather
2013-05-26 07:15:00,67.74481637790811,0.0,13.0,May,2013_Rolling_RealWeather
2013-05-26 07:20:00,67.7475081735936,0.0,13.0,May,2013_Rolling_RealWeather
2013-05-26 07:25:00,67.74894500176497,0.0,13.0,May,2013_Rolling_RealWeather
2013-05-26 07:30:00,67.74883794903766,0.0,13.0,May,2013_Rolling_RealWeather
2013-05-26 07:35:00,67.74941319622296,0.0,13.0,May,2013_Rolling_RealWeather
2013-05-26 07:40:00,67.74958989771262,0.0,13.0,May,2013_Rolling_RealWeather
2013-05-26 07:45:00,67.74961956292621,0.0,13.0,May,2013_Rolling_RealWeather
2013-05-26 07:50:00,67.74963246084516,0.0,13.0,May,2013_Rolling_RealWeather
2013-05-26 07:55:00,67.74964277918032,0.0,13.0,May,2013_Rolling_RealWeather
2013-05-26 08:00:00,67.82844906398317,0.0,13.0,May,2013_Rolling_RealWeather
2013-05-26 08:05:00,67.8372235182469,0.0,13.0,May,2013_Rolling_RealWeather
2013-05-26 08:10:00,67.83723899574964,0.0,13.0,May,2013_Rolling_RealWeather
2013-05-26 08:15:00,67.83789807940815,0.0,13.0,May,2013_Rolling_RealWeather
2013-05-26 08:20:00,67.83890669667028,0.0,13.0,May,2013_Rolling_RealWeather
2013-05-26 08:25:00,67.83957093949635,0.0,13.0,May,2013_Rolling_RealWeather
2013-05-26 08:30:00,67.8395296661557,0.0,13.0,May,2013_Rolling_RealWeather
2013-05-26 08:35:00,67.83985598350522,0.0,13.0,May,2013_Rolling_RealWeather
2013-05-26 08:40:00,67.83995271789736,0.0,13.0,May,2013_Rolling_RealWeather
2013-05-26 08:45:00,67.83996432602441,0.0,13.0,May,2013_Rolling_RealWeather
2013-05-26 08:50:00,67.83997335456769,0.0,13.0,May,2013_Rolling_RealWeather
2013-05-26 08:55:00,67.83997851373526,0.0,13.0,May,2013_Rolling_RealWeather
2013-05-26 09:00:00,67.59016259091023,0.0,5.4,May,2013_Rolling_RealWeather
2013-05-26 09:05:00,67.56607830684929,0.0,5.4,May,2013_Rolling_RealWeather
2013-05-26 09:10:00,67.5648413964217,0.0,5.4,May,2013_Rolling_RealWeather
2013-05-26 09:15:00,67.56095654323305,0.0,5.4,May,2013_Rolling_RealWeather
2013-05-26 09:20:00,67.55771787578395,0.0,5.4,May,2013_Rolling_RealWeather
2013-05-26 09:25:00,67.55523760596928,0.0,5.4,May,2013_Rolling_RealWeather
2013-05-26 09:30:00,67.5552608222234,0.0,5.4,May,2013_Rolling_RealWeather
2013-05-26 09:35:00,67.55463785273797,0.0,5.4,May,2013_Rolling_RealWeather
2013-05-26 09:40:00,67.55442116769956,0.0,5.4,May,2013_Rolling_RealWeather
2013-05-26 09:45:00,67.55436183727238,0.0,5.4,May,2013_Rolling_RealWeather
2013-05-26 09:50:00,67.5543270128912,0.0,5.4,May,2013_Rolling_RealWeather
2013-05-26 09:55:00,67.55431282518036,0.0,5.4,May,2013_Rolling_RealWeather
2013-05-26 10:00:00,67.43000139251942,0.0,5.4,May,2013_Rolling_RealWeather
2013-05-26 10:05:00,67.41768903908688,0.0,5.4,May,2013_Rolling_RealWeather
2013-05-26 10:10:00,67.4170518818906,0.0,5.4,May,2013_Rolling_RealWeather
2013-05-26 10:15:00,67.41503206778256,0.0,5.4,May,2013_Rolling_RealWeather
2013-05-26 10:20:00,67.41339016269984,0.0,5.4,May,2013_Rolling_RealWeather
2013-05-26 10:25:00,67.41198815890965,0.0,5.4,May,2013_Rolling_RealWeather
2013-05-26 10:30:00,67.41192882848247,0.0,5.4,May,2013_Rolling_RealWeather
2013-05-26 10:35:00,67.41154833987335,0.0,5.4,May,2013_Rolling_RealWeather
2013-05-26 10:40:00,67.41141291172434,0.0,5.4,May,2013_Rolling_RealWeather
2013-05-26 10:45:00,67.41137421796749,0.0,5.4,May,2013_Rolling_RealWeather
2013-05-26 10:50:00,67.41134971192147,0.0,5.4,May,2013_Rolling_RealWeather
2013-05-26 10:55:00,67.41133810379442,0.0,5.4,May,2013_Rolling_RealWeather
2013-05-26 11:00:00,67.24476406010018,0.0,5.4,May,2013_Rolling_RealWeather
2013-05-26 11:05:00,67.22792840649082,0.0,5.4,May,2013_Rolling_RealWeather
2013-05-26 11:10:00,67.2270307113317,0.0,5.4,May,2013_Rolling_RealWeather
2013-05-26 11:15:00,67.22394939849382,0.0,5.4,May,2013_Rolling_RealWeather
2013-05-26 11:20:00,67.22158263036594,0.0,5.4,May,2013_Rolling_RealWeather
2013-05-26 11:25:00,67.21944157581974,0.0,5.4,May,2013_Rolling_RealWeather
2013-05-26 11:30:00,67.21923004994892,0.0,5.4,May,2013_Rolling_RealWeather
2013-05-26 11:35:00,67.21865351297171,0.0,5.4,May,2013_Rolling_RealWeather
2013-05-26 11:40:00,67.2184368279333,0.0,5.4,May,2013_Rolling_RealWeather
2013-05-26 11:45:00,67.21836588937906,0.0,5.4,May,2013_Rolling_RealWeather
2013-05-26 11:50:00,67.21831816707893,0.0,5.4,May,2013_Rolling_RealWeather
2013-05-26 11:55:00,67.21829366103293,0.0,5.4,May,2013_Rolling_RealWeather
2013-05-26 12:00:00,66.97553418966707,0.0,0.0,May,2013_Rolling_RealWeather
2013-05-26 12:05:00,66.95321176133511,0.0,0.0,May,2013_Rolling_RealWeather
2013-05-26 12:10:00,66.95094946635076,0.0,0.0,May,2013_Rolling_RealWeather
2013-05-26 12:15:00,66.94449534770668,0.0,0.0,May,2013_Rolling_RealWeather
2013-05-26 12:20:00,66.93999526378397,0.0,0.0,May,2013_Rolling_RealWeather
2013-05-26 12:25:00,66.93661987839397,0.0,0.0,May,2013_Rolling_RealWeather
2013-05-26 12:30:00,66.93616587164682,0.0,0.0,May,2013_Rolling_RealWeather
2013-05-26 12:35:00,66.93565382426439,0.0,0.0,May,2013_Rolling_RealWeather
2013-05-26 12:40:00,66.9353468537933,0.0,0.0,May,2013_Rolling_RealWeather
2013-05-26 12:45:00,66.93520626647673,0.0,0.0,May,2013_Rolling_RealWeather
2013-05-26 12:50:00,66.93513532792248,0.0,0.0,May,2013_Rolling_RealWeather
2013-05-26 12:55:00,66.93510695250079,0.0,0.0,May,2013_Rolling_RealWeather
2013-05-26 13:00:00,66.83314245421782,0.0,0.0,May,2013_Rolling_RealWeather
2013-05-26 13:05:00,66.82369472858474,0.0,0.0,May,2013_Rolling_RealWeather
2013-05-26 13:10:00,66.82281638030405,0.0,0.0,May,2013_Rolling_RealWeather
2013-05-26 13:15:00,66.81956868431168,0.0,0.0,May,2013_Rolling_RealWeather
2013-05-26 13:20:00,66.81734766266797,0.0,0.0,May,2013_Rolling_RealWeather
2013-05-26 13:25:00,66.81580507156119,0.0,0.0,May,2013_Rolling_RealWeather
2013-05-26 13:30:00,66.81554582339024,0.0,0.0,May,2013_Rolling_RealWeather
2013-05-26 13:35:00,66.81532268939235,0.0,0.0,May,2013_Rolling_RealWeather
2013-05-26 13:40:00,66.81516533478111,0.0,0.0,May,2013_Rolling_RealWeather
2013-05-26 13:45:00,66.8150892370593,0.0,0.0,May,2013_Rolling_RealWeather
2013-05-26 13:50:00,66.81504925351054,0.0,0.0,May,2013_Rolling_RealWeather
2013-05-26 13:55:00,66.81503635559159,0.0,0.0,May,2013_Rolling_RealWeather
2013-05-26 14:00:00,66.67318891232215,0.0,5.4,May,2013_Rolling_RealWeather
2013-05-26 14:05:00,66.65819766112307,0.0,5.4,May,2013_Rolling_RealWeather
2013-05-26 14:10:00,66.65801966984152,0.0,5.4,May,2013_Rolling_RealWeather
2013-05-26 14:15:00,66.65296368561194,0.0,5.4,May,2013_Rolling_RealWeather
2013-05-26 14:20:00,66.64947866791084,0.0,5.4,May,2013_Rolling_RealWeather
2013-05-26 14:25:00,66.64695841454743,0.0,5.4,May,2013_Rolling_RealWeather
2013-05-26 14:30:00,66.64649150988133,0.0,5.4,May,2013_Rolling_RealWeather
2013-05-26 14:35:00,66.6459227116555,0.0,5.4,May,2013_Rolling_RealWeather
2013-05-26 14:40:00,66.64559381472219,0.0,5.4,May,2013_Rolling_RealWeather
2013-05-26 14:45:00,66.64545709678129,0.0,5.4,May,2013_Rolling_RealWeather
2013-05-26 14:50:00,66.64537197051621,0.0,5.4,May,2013_Rolling_RealWeather
2013-05-26 14:55:00,66.64532682779986,0.0,5.4,May,2013_Rolling_RealWeather
2013-05-26 15:00:00,66.53899638395131,0.0,7.6,May,2013_Rolling_RealWeather
2013-05-26 15:05:00,66.52614747709032,0.0,7.6,May,2013_Rolling_RealWeather
2013-05-26 15:10:00,66.52698197244659,0.0,7.6,May,2013_Rolling_RealWeather
2013-05-26 15:15:00,66.52279530795444,0.0,7.6,May,2013_Rolling_RealWeather
2013-05-26 15:20:00,66.51969464823814,0.0,7.6,May,2013_Rolling_RealWeather
2013-05-26 15:25:00,66.51762711182997,0.0,7.6,May,2013_Rolling_RealWeather
2013-05-26 15:30:00,66.5173420678211,0.0,7.6,May,2013_Rolling_RealWeather
2013-05-26 15:35:00,66.51686226523606,0.0,7.6,May,2013_Rolling_RealWeather
2013-05-26 15:40:00,66.5165475560136,0.0,7.6,May,2013_Rolling_RealWeather
2013-05-26 15:45:00,66.51643147474303,0.0,7.6,May,2013_Rolling_RealWeather
2013-05-26 15:50:00,66.51636440556447,0.0,7.6,May,2013_Rolling_RealWeather
2013-05-26 15:55:00,66.51632442201571,0.0,7.6,May,2013_Rolling_RealWeather
2013-05-26 16:00:00,66.63653689603339,0.0,5.4,May,2013_Rolling_RealWeather
2013-05-26 16:05:00,66.65256900929198,0.0,5.4,May,2013_Rolling_RealWeather
2013-05-26 16:10:00,66.65073879459254,0.0,5.4,May,2013_Rolling_RealWeather
2013-05-26 16:15:00,66.6555303714836,0.0,5.4,May,2013_Rolling_RealWeather
2013-05-26 16:20:00,66.65954678344555,0.0,5.4,May,2013_Rolling_RealWeather
2013-05-26 16:25:00,66.66180907842991,0.0,5.4,May,2013_Rolling_RealWeather
2013-05-26 16:30:00,66.6617561969622,0.0,5.4,May,2013_Rolling_RealWeather
2013-05-26 16:35:00,66.66193289845185,0.0,5.4,May,2013_Rolling_RealWeather
2013-05-26 16:40:00,66.66224760767432,0.0,5.4,May,2013_Rolling_RealWeather
2013-05-26 16:45:00,66.6623598195692,0.0,5.4,May,2013_Rolling_RealWeather
2013-05-26 16:50:00,66.6623881949909,0.0,5.4,May,2013_Rolling_RealWeather
2013-05-26 16:55:00,66.66239464395038,0.0,5.4,May,2013_Rolling_RealWeather
2013-05-26 17:00:00,65.42380490730967,0.0,13.0,May,2013_Rolling_RealWeather
2013-05-26 17:05:00,65.11403413679952,0.0,13.0,May,2013_Rolling_RealWeather
2013-05-26 17:10:00,65.13567297542697,0.0,13.0,May,2013_Rolling_RealWeather
2013-05-26 17:15:00,65.15691326835878,0.0,13.0,May,2013_Rolling_RealWeather
2013-05-26 17:20:00,65.17678251250588,0.0,13.0,May,2013_Rolling_RealWeather
2013-05-26 17:25:00,65.17976967053539,0.0,13.0,May,2013_Rolling_RealWeather
2013-05-26 17:30:00,65.19089154604856,0.0,13.0,May,2013_Rolling_RealWeather
2013-05-26 17:35:00,65.19459840795565,0.0,13.0,May,2013_Rolling_RealWeather
2013-05-26 17:40:00,65.19363106403418,0.0,13.0,May,2013_Rolling_RealWeather
2013-05-26 17:45:00,65.19302744142718,0.0,13.0,May,2013_Rolling_RealWeather
2013-05-26 17:50:00,65.19264566302617,0.0,13.0,May,2013_Rolling_RealWeather
2013-05-26 17:55:00,65.19256569592866,0.0,13.0,May,2013_Rolling_RealWeather
2013-05-26 18:00:00,63.94316169914182,0.0,16.6,May,2013_Rolling_RealWeather
2013-05-26 18:05:00,63.51965143646453,0.0,16.6,May,2013_Rolling_RealWeather
2013-05-26 18:10:00,63.49002943090112,0.0,16.6,May,2013_Rolling_RealWeather
2013-05-26 18:15:00,63.5565865620743,0.0,16.6,May,2013_Rolling_RealWeather
2013-05-26 18:20:00,63.66007430458561,0.0,16.6,May,2013_Rolling_RealWeather
2013-05-26 18:25:00,63.71947115605204,0.0,16.6,May,2013_Rolling_RealWeather
2013-05-26 18:30:00,63.7471991022172,0.0,16.6,May,2013_Rolling_RealWeather
2013-05-26 18:35:00,63.7468714950758,0.0,16.6,May,2013_Rolling_RealWeather
2013-05-26 18:40:00,63.73646674385641,0.0,16.6,May,2013_Rolling_RealWeather
2013-05-26 18:45:00,63.727841905452536,0.0,16.6,May,2013_Rolling_RealWeather
2013-05-26 18:50:00,63.723059357104766,0.0,16.6,May,2013_Rolling_RealWeather
2013-05-26 18:55:00,63.72188564648004,0.0,16.6,May,2013_Rolling_RealWeather
2013-05-26 19:00:00,63.352192595530106,0.0,18.4,May,2013_Rolling_RealWeather
2013-05-26 19:05:00,63.22271425653659,0.0,18.4,May,2013_Rolling_RealWeather
2013-05-26 19:10:00,63.20823247313616,0.0,18.4,May,2013_Rolling_RealWeather
2013-05-26 19:15:00,63.22419106825671,0.0,18.4,May,2013_Rolling_RealWeather
2013-05-26 19:20:00,63.2550416006004,0.0,18.4,May,2013_Rolling_RealWeather
2013-05-26 19:25:00,63.276863589676985,0.0,18.4,May,2013_Rolling_RealWeather
2013-05-26 19:30:00,63.28813637084191,0.0,18.4,May,2013_Rolling_RealWeather
2013-05-26 19:35:00,63.288302753996405,0.0,18.4,May,2013_Rolling_RealWeather
2013-05-26 19:40:00,63.28447981081874,0.0,18.4,May,2013_Rolling_RealWeather
2013-05-26 19:45:00,63.280996082909525,0.0,18.4,May,2013_Rolling_RealWeather
2013-05-26 19:50:00,63.2789169383743,0.0,18.4,May,2013_Rolling_RealWeather
2013-05-26 19:55:00,63.278326213686256,0.0,18.4,May,2013_Rolling_RealWeather
2013-05-26 20:00:00,62.95435241604903,0.0,22.3,May,2013_Rolling_RealWeather
2013-05-26 20:05:00,62.84006139677568,0.0,22.3,May,2013_Rolling_RealWeather
2013-05-26 20:10:00,62.82036756432634,0.0,22.3,May,2013_Rolling_RealWeather
2013-05-26 20:15:00,62.82780192481085,0.0,22.3,May,2013_Rolling_RealWeather
2013-05-26 20:20:00,62.84994894144505,0.0,22.3,May,2013_Rolling_RealWeather
2013-05-26 20:25:00,62.86896950252505,0.0,22.3,May,2013_Rolling_RealWeather
2013-05-26 20:30:00,62.879899199045816,0.0,22.3,May,2013_Rolling_RealWeather
2013-05-26 20:35:00,62.87947356772037,0.0,22.3,May,2013_Rolling_RealWeather
2013-05-26 20:40:00,62.87594469709483,0.0,22.3,May,2013_Rolling_RealWeather
2013-05-26 20:45:00,62.872918845308455,0.0,22.3,May,2013_Rolling_RealWeather
2013-05-26 20:50:00,62.87111184686314,0.0,22.3,May,2013_Rolling_RealWeather
2013-05-26 20:55:00,62.87064752178083,0.0,22.3,May,2013_Rolling_RealWeather
2013-05-26 21:00:00,64.02753150128504,0.0,20.5,May,2013_Rolling_RealWeather
2013-05-26 21:05:00,64.31552397441908,0.0,20.5,May,2013_Rolling_RealWeather
2013-05-26 21:10:00,64.32849025234253,0.0,20.5,May,2013_Rolling_RealWeather
2013-05-26 21:15:00,64.3446616631258,0.0,20.5,May,2013_Rolling_RealWeather
2013-05-26 21:20:00,64.36245176273768,0.0,20.5,May,2013_Rolling_RealWeather
2013-05-26 21:25:00,64.35523279749968,0.0,20.5,May,2013_Rolling_RealWeather
2013-05-26 21:30:00,64.34034601944413,0.0,20.5,May,2013_Rolling_RealWeather
2013-05-26 21:35:00,64.34757659280919,0.0,20.5,May,2013_Rolling_RealWeather
2013-05-26 21:40:00,64.35292922917468,0.0,20.5,May,2013_Rolling_RealWeather
2013-05-26 21:45:00,64.35331229736758,0.0,20.5,May,2013_Rolling_RealWeather
2013-05-26 21:50:00,64.35329553007294,0.0,20.5,May,2013_Rolling_RealWeather
2013-05-26 21:55:00,64.35384369162846,0.0,20.5,May,2013_Rolling_RealWeather
2013-05-26 22:00:00,63.7059799328272,0.0,25.9,May,2013_Rolling_RealWeather
2013-05-26 22:05:00,63.539800565452914,0.0,25.9,May,2013_Rolling_RealWeather
2013-05-26 22:10:00,63.51890335716526,0.0,25.9,May,2013_Rolling_RealWeather
2013-05-26 22:15:00,63.508217431312694,0.0,25.9,May,2013_Rolling_RealWeather
2013-05-26 22:20:00,63.49017711207313,0.0,25.9,May,2013_Rolling_RealWeather
2013-05-26 22:25:00,63.491918331131785,0.0,25.9,May,2013_Rolling_RealWeather
2013-05-26 22:30:00,63.49820219724568,0.0,25.9,May,2013_Rolling_RealWeather
2013-05-26 22:35:00,63.48946256736313,0.0,25.9,May,2013_Rolling_RealWeather
2013-05-26 22:40:00,63.48406607807319,0.0,25.9,May,2013_Rolling_RealWeather
2013-05-26 22:45:00,63.483090995400346,0.0,25.9,May,2013_Rolling_RealWeather
2013-05-26 22:50:00,63.482891077656575,0.0,25.9,May,2013_Rolling_RealWeather
2013-05-26 22:55:00,63.48219459003311,0.0,25.9,May,2013_Rolling_RealWeather
2013-05-26 23:00:00,64.80834184948628,0.0,18.4,May,2013_Rolling_RealWeather
2013-05-26 23:05:00,65.00697238094632,0.0,18.4,May,2013_Rolling_RealWeather
2013-05-26 23:10:00,65.00111414615786,0.0,18.4,May,2013_Rolling_RealWeather
2013-05-26 23:15:00,65.05215379103869,0.0,18.4,May,2013_Rolling_RealWeather
2013-05-26 23:20:00,65.12567708823839,0.0,18.4,May,2013_Rolling_RealWeather
2013-05-26 23:25:00,65.14071735152949,0.0,18.4,May,2013_Rolling_RealWeather
2013-05-26 23:30:00,65.13794945812216,0.0,18.4,May,2013_Rolling_RealWeather
2013-05-26 23:35:00,65.15293941952935,0.0,18.4,May,2013_Rolling_RealWeather
2013-05-26 23:40:00,65.16064850568756,0.0,18.4,May,2013_Rolling_RealWeather
2013-05-26 23:45:00,65.16151266625741,0.0,18.4,May,2013_Rolling_RealWeather
2013-05-26 23:50:00,65.1620930726103,0.0,18.4,May,2013_Rolling_RealWeather
2013-05-26 23:55:00,65.16370273289563,0.0,18.4,May,2013_Rolling_RealWeather
2013-05-27 00:00:00,63.22904842453441,0.0,18.4,May,2013_Rolling_RealWeather
2013-05-27 00:05:00,62.9337518598973,0.0,18.4,May,2013_Rolling_RealWeather
2013-05-27 00:10:00,62.9568597714935,0.0,18.4,May,2013_Rolling_RealWeather
2013-05-27 00:15:00,62.87890734907833,0.0,18.4,May,2013_Rolling_RealWeather
2013-05-27 00:20:00,62.765087083693764,0.0,18.4,May,2013_Rolling_RealWeather
2013-05-27 00:25:00,62.73630795713393,0.0,18.4,May,2013_Rolling_RealWeather
2013-05-27 00:30:00,62.74373973803465,0.0,18.4,May,2013_Rolling_RealWeather
2013-05-27 00:35:00,62.727592833297386,0.0,18.4,May,2013_Rolling_RealWeather
2013-05-27 00:40:00,62.716620573644065,0.0,18.4,May,2013_Rolling_RealWeather
2013-05-27 00:45:00,62.715099908999505,0.0,18.4,May,2013_Rolling_RealWeather
2013-05-27 00:50:00,62.71500575419115,0.0,18.4,May,2013_Rolling_RealWeather
2013-05-27 00:55:00,62.713343212438105,0.0,18.4,May,2013_Rolling_RealWeather
2013-05-27 01:00:00,62.58681978667673,0.0,20.5,May,2013_Rolling_RealWeather
2013-05-27 01:05:00,62.5671220848517,0.0,20.5,May,2013_Rolling_RealWeather
2013-05-27 01:10:00,62.568610504698874,0.0,20.5,May,2013_Rolling_RealWeather
2013-05-27 01:15:00,62.563804740096984,0.0,20.5,May,2013_Rolling_RealWeather
2013-05-27 01:20:00,62.55601697663316,0.0,20.5,May,2013_Rolling_RealWeather
2013-05-27 01:25:00,62.554020378779235,0.0,20.5,May,2013_Rolling_RealWeather
2013-05-27 01:30:00,62.55430284320431,0.0,20.5,May,2013_Rolling_RealWeather
2013-05-27 01:35:00,62.553125263203896,0.0,20.5,May,2013_Rolling_RealWeather
2013-05-27 01:40:00,62.552347518691036,0.0,20.5,May,2013_Rolling_RealWeather
2013-05-27 01:45:00,62.552213380333924,0.0,20.5,May,2013_Rolling_RealWeather
2013-05-27 01:50:00,62.552181135536536,0.0,20.5,May,2013_Rolling_RealWeather
2013-05-27 01:55:00,62.552053446138906,0.0,20.5,May,2013_Rolling_RealWeather
2013-05-27 02:00:00,63.49358216267672,0.0,16.6,May,2013_Rolling_RealWeather
2013-05-27 02:05:00,63.62476818613961,0.0,16.6,May,2013_Rolling_RealWeather
2013-05-27 02:10:00,63.608467796166806,0.0,16.6,May,2013_Rolling_RealWeather
2013-05-27 02:15:00,63.64020828491825,0.0,16.6,May,2013_Rolling_RealWeather
2013-05-27 02:20:00,63.68937773155089,0.0,16.6,May,2013_Rolling_RealWeather
2013-05-27 02:25:00,63.70205251650601,0.0,16.6,May,2013_Rolling_RealWeather
2013-05-27 02:30:00,63.700242938476904,0.0,16.6,May,2013_Rolling_RealWeather
2013-05-27 02:35:00,63.706348813309255,0.0,16.6,May,2013_Rolling_RealWeather
2013-05-27 02:40:00,63.71040004965239,0.0,16.6,May,2013_Rolling_RealWeather
2013-05-27 02:45:00,63.71108750873259,0.0,16.6,May,2013_Rolling_RealWeather
2013-05-27 02:50:00,63.71120230021127,0.0,16.6,May,2013_Rolling_RealWeather
2013-05-27 02:55:00,63.711768518853304,0.0,16.6,May,2013_Rolling_RealWeather
2013-05-27 03:00:00,64.14793228491943,0.0,16.6,May,2013_Rolling_RealWeather
2013-05-27 03:05:00,64.20745618088755,0.0,16.6,May,2013_Rolling_RealWeather
2013-05-27 03:10:00,64.19823545862805,0.0,16.6,May,2013_Rolling_RealWeather
2013-05-27 03:15:00,64.20976877775583,0.0,16.6,May,2013_Rolling_RealWeather
2013-05-27 03:20:00,64.23050476205657,0.0,16.6,May,2013_Rolling_RealWeather
2013-05-27 03:25:00,64.23586771675723,0.0,16.6,May,2013_Rolling_RealWeather
2013-05-27 03:30:00,64.23506417640645,0.0,16.6,May,2013_Rolling_RealWeather
2013-05-27 03:35:00,64.23747995662634,0.0,16.6,May,2013_Rolling_RealWeather
2013-05-27 03:40:00,64.23903673544397,0.0,16.6,May,2013_Rolling_RealWeather
2013-05-27 03:45:00,64.2392779265284,0.0,16.6,May,2013_Rolling_RealWeather
2013-05-27 03:50:00,64.23929598361494,0.0,16.6,May,2013_Rolling_RealWeather
2013-05-27 03:55:00,64.23949590135871,0.0,16.6,May,2013_Rolling_RealWeather
2013-05-27 04:00:00,64.73782247761073,0.0,16.6,May,2013_Rolling_RealWeather
2013-05-27 04:05:00,64.80475622801734,0.0,16.6,May,2013_Rolling_RealWeather
2013-05-27 04:10:00,64.79254447835264,0.0,16.6,May,2013_Rolling_RealWeather
2013-05-27 04:15:00,64.80193545314232,0.0,16.6,May,2013_Rolling_RealWeather
2013-05-27 04:20:00,64.82280944517586,0.0,16.6,May,2013_Rolling_RealWeather
2013-05-27 04:25:00,64.82814402445482,0.0,16.6,May,2013_Rolling_RealWeather
2013-05-27 04:30:00,64.82717797032524,0.0,16.6,May,2013_Rolling_RealWeather
2013-05-27 04:35:00,64.829521522199,0.0,16.6,May,2013_Rolling_RealWeather
2013-05-27 04:40:00,64.83094287286762,0.0,16.6,May,2013_Rolling_RealWeather
2013-05-27 04:45:00,64.83110538664643,0.0,16.6,May,2013_Rolling_RealWeather
2013-05-27 04:50:00,64.83107959080853,0.0,16.6,May,2013_Rolling_RealWeather
2013-05-27 04:55:00,64.83124726375492,0.0,16.6,May,2013_Rolling_RealWeather
2013-05-27 05:00:00,65.53612514472002,0.0,9.4,May,2013_Rolling_RealWeather
2013-05-27 05:05:00,65.61741427892132,0.0,9.4,May,2013_Rolling_RealWeather
2013-05-27 05:10:00,65.60409975718613,0.0,9.4,May,2013_Rolling_RealWeather
2013-05-27 05:15:00,65.6184577205646,0.0,9.4,May,2013_Rolling_RealWeather
2013-05-27 05:20:00,65.6412135189734,0.0,9.4,May,2013_Rolling_RealWeather
2013-05-27 05:25:00,65.6473064958868,0.0,9.4,May,2013_Rolling_RealWeather
2013-05-27 05:30:00,65.64618050756219,0.0,9.4,May,2013_Rolling_RealWeather
2013-05-27 05:35:00,65.64800427330215,0.0,9.4,May,2013_Rolling_RealWeather
2013-05-27 05:40:00,65.64910962495642,0.0,9.4,May,2013_Rolling_RealWeather
2013-05-27 05:45:00,65.64925021227302,0.0,9.4,May,2013_Rolling_RealWeather
2013-05-27 05:50:00,65.64921409809995,0.0,9.4,May,2013_Rolling_RealWeather
2013-05-27 05:55:00,65.64929148561366,0.0,9.4,May,2013_Rolling_RealWeather
2013-05-27 06:00:00,65.88261870884918,0.0,9.4,May,2013_Rolling_RealWeather
2013-05-27 06:05:00,65.9092309850249,0.0,9.4,May,2013_Rolling_RealWeather
2013-05-27 06:10:00,65.9047025256805,0.0,9.4,May,2013_Rolling_RealWeather
2013-05-27 06:15:00,65.90815916795991,0.0,9.4,May,2013_Rolling_RealWeather
2013-05-27 06:20:00,65.91476677183954,0.0,9.4,May,2013_Rolling_RealWeather
2013-05-27 06:25:00,65.91649122360356,0.0,9.4,May,2013_Rolling_RealWeather
2013-05-27 06:30:00,65.91611073499445,0.0,9.4,May,2013_Rolling_RealWeather
2013-05-27 06:35:00,65.91668727197164,0.0,9.4,May,2013_Rolling_RealWeather
2013-05-27 06:40:00,65.91698263431566,0.0,9.4,May,2013_Rolling_RealWeather
2013-05-27 06:45:00,65.9170006914022,0.0,9.4,May,2013_Rolling_RealWeather
2013-05-27 06:50:00,65.91698521389945,0.0,9.4,May,2013_Rolling_RealWeather
2013-05-27 06:55:00,65.91700585056978,0.0,9.4,May,2013_Rolling_RealWeather
2013-05-27 07:00:00,65.96586316756375,0.0,5.4,May,2013_Rolling_RealWeather
2013-05-27 07:05:00,65.97101588618548,0.0,5.4,May,2013_Rolling_RealWeather
2013-05-27 07:10:00,65.9703000516836,0.0,5.4,May,2013_Rolling_RealWeather
2013-05-27 07:15:00,65.97109714307489,0.0,5.4,May,2013_Rolling_RealWeather
2013-05-27 07:20:00,65.97233018412679,0.0,5.4,May,2013_Rolling_RealWeather
2013-05-27 07:25:00,65.9726590810601,0.0,5.4,May,2013_Rolling_RealWeather
2013-05-27 07:30:00,65.97259846084101,0.0,5.4,May,2013_Rolling_RealWeather
2013-05-27 07:35:00,65.97269132585748,0.0,5.4,May,2013_Rolling_RealWeather
2013-05-27 07:40:00,65.9727416277414,0.0,5.4,May,2013_Rolling_RealWeather
2013-05-27 07:45:00,65.97274678690897,0.0,5.4,May,2013_Rolling_RealWeather
2013-05-27 07:50:00,65.9727416277414,0.0,5.4,May,2013_Rolling_RealWeather
2013-05-27 07:55:00,65.97274678690897,0.0,5.4,May,2013_Rolling_RealWeather
2013-05-27 08:00:00,65.73813880032142,0.0,0.0,May,2013_Rolling_RealWeather
2013-05-27 08:05:00,65.71571512332568,0.0,0.0,May,2013_Rolling_RealWeather
2013-05-27 08:10:00,65.71735638351245,0.0,0.0,May,2013_Rolling_RealWeather
2013-05-27 08:15:00,65.71219334655557,0.0,0.0,May,2013_Rolling_RealWeather
2013-05-27 08:20:00,65.70629319353051,0.0,0.0,May,2013_Rolling_RealWeather
2013-05-27 08:25:00,65.70459905187603,0.0,0.0,May,2013_Rolling_RealWeather
2013-05-27 08:30:00,65.70466483126269,0.0,0.0,May,2013_Rolling_RealWeather
2013-05-27 08:35:00,65.70435399141593,0.0,0.0,May,2013_Rolling_RealWeather
2013-05-27 08:40:00,65.70415020429647,0.0,0.0,May,2013_Rolling_RealWeather
2013-05-27 08:45:00,65.7041005473085,0.0,0.0,May,2013_Rolling_RealWeather
2013-05-27 08:50:00,65.70410119220445,0.0,0.0,May,2013_Rolling_RealWeather
2013-05-27 08:55:00,65.70409087386929,0.0,0.0,May,2013_Rolling_RealWeather
2013-05-27 09:00:00,65.84717909694201,0.0,7.6,May,2013_Rolling_RealWeather
2013-05-27 09:05:00,65.86243475547963,0.0,7.6,May,2013_Rolling_RealWeather
2013-05-27 09:10:00,65.86020857466833,0.0,7.6,May,2013_Rolling_RealWeather
2013-05-27 09:15:00,65.86175116577512,0.0,7.6,May,2013_Rolling_RealWeather
2013-05-27 09:20:00,65.86476669922632,0.0,7.6,May,2013_Rolling_RealWeather
2013-05-27 09:25:00,65.86561151291775,0.0,7.6,May,2013_Rolling_RealWeather
2013-05-27 09:30:00,65.86551864790128,0.0,7.6,May,2013_Rolling_RealWeather
2013-05-27 09:35:00,65.86589268755093,0.0,7.6,May,2013_Rolling_RealWeather
2013-05-27 09:40:00,65.86602682590804,0.0,7.6,May,2013_Rolling_RealWeather
2013-05-27 09:45:00,65.8660345646594,0.0,7.6,May,2013_Rolling_RealWeather
2013-05-27 09:50:00,65.8660371442432,0.0,7.6,May,2013_Rolling_RealWeather
2013-05-27 09:55:00,65.86604875237026,0.0,7.6,May,2013_Rolling_RealWeather
2013-05-27 10:00:00,65.48276516421954,0.0,5.4,May,2013_Rolling_RealWeather
2013-05-27 10:05:00,65.44380957960578,0.0,5.4,May,2013_Rolling_RealWeather
2013-05-27 10:10:00,65.4479498115897,0.0,5.4,May,2013_Rolling_RealWeather
2013-05-27 10:15:00,65.44176267986795,0.0,5.4,May,2013_Rolling_RealWeather
2013-05-27 10:20:00,65.43306045395035,0.0,5.4,May,2013_Rolling_RealWeather
2013-05-27 10:25:00,65.43026547491324,0.0,5.4,May,2013_Rolling_RealWeather
2013-05-27 10:30:00,65.43022420157259,0.0,5.4,May,2013_Rolling_RealWeather
2013-05-27 10:35:00,65.4292620168187,0.0,5.4,May,2013_Rolling_RealWeather
2013-05-27 10:40:00,65.42886347112304,0.0,5.4,May,2013_Rolling_RealWeather
2013-05-27 10:45:00,65.42878608360932,0.0,5.4,May,2013_Rolling_RealWeather
2013-05-27 10:50:00,65.42875641839574,0.0,5.4,May,2013_Rolling_RealWeather
2013-05-27 10:55:00,65.42871514505508,0.0,5.4,May,2013_Rolling_RealWeather
2013-05-27 11:00:00,65.16067172194168,0.0,7.6,May,2013_Rolling_RealWeather
2013-05-27 11:05:00,65.13303793058486,0.0,7.6,May,2013_Rolling_RealWeather
2013-05-27 11:10:00,65.13601090090353,0.0,7.6,May,2013_Rolling_RealWeather
2013-05-27 11:15:00,65.13147470280776,0.0,7.6,May,2013_Rolling_RealWeather
2013-05-27 11:20:00,65.1253701177673,0.0,7.6,May,2013_Rolling_RealWeather
2013-05-27 11:25:00,65.12319294904805,0.0,7.6,May,2013_Rolling_RealWeather
2013-05-27 11:30:00,65.12302269651786,0.0,7.6,May,2013_Rolling_RealWeather
2013-05-27 11:35:00,65.12217659303454,0.0,7.6,May,2013_Rolling_RealWeather
2013-05-27 11:40:00,65.12183866755798,0.0,7.6,May,2013_Rolling_RealWeather
2013-05-27 11:45:00,65.12176256983615,0.0,7.6,May,2013_Rolling_RealWeather
2013-05-27 11:50:00,65.1217225862874,0.0,7.6,May,2013_Rolling_RealWeather
2013-05-27 11:55:00,65.12168389253054,0.0,7.6,May,2013_Rolling_RealWeather
2013-05-27 12:00:00,64.6596726968826,0.0,7.6,May,2013_Rolling_RealWeather
2013-05-27 12:05:00,64.61269202709627,0.0,7.6,May,2013_Rolling_RealWeather
2013-05-27 12:10:00,64.61644919088728,0.0,7.6,May,2013_Rolling_RealWeather
2013-05-27 12:15:00,64.60570264481564,0.0,7.6,May,2013_Rolling_RealWeather
2013-05-27 12:20:00,64.59371660873262,0.0,7.6,May,2013_Rolling_RealWeather
2013-05-27 12:25:00,64.58913397812861,0.0,7.6,May,2013_Rolling_RealWeather
2013-05-27 12:30:00,64.58857678802984,0.0,7.6,May,2013_Rolling_RealWeather
2013-05-27 12:35:00,64.5869697073283,0.0,7.6,May,2013_Rolling_RealWeather
2013-05-27 12:40:00,64.58623581573987,0.0,7.6,May,2013_Rolling_RealWeather
2013-05-27 12:45:00,64.5860113919501,0.0,7.6,May,2013_Rolling_RealWeather
2013-05-27 12:50:00,64.58589402088762,0.0,7.6,May,2013_Rolling_RealWeather
2013-05-27 12:55:00,64.58579857628736,0.0,7.6,May,2013_Rolling_RealWeather
2013-05-27 13:00:00,64.12338109619239,0.0,5.4,May,2013_Rolling_RealWeather
2013-05-27 13:05:00,64.07800363773194,0.0,5.4,May,2013_Rolling_RealWeather
2013-05-27 13:10:00,64.07888972476401,0.0,5.4,May,2013_Rolling_RealWeather
2013-05-27 13:15:00,64.06281246878909,0.0,5.4,May,2013_Rolling_RealWeather
2013-05-27 13:20:00,64.04769352819238,0.0,5.4,May,2013_Rolling_RealWeather
2013-05-27 13:25:00,64.04174629776315,0.0,5.4,May,2013_Rolling_RealWeather
2013-05-27 13:30:00,64.04088987594467,0.0,5.4,May,2013_Rolling_RealWeather
2013-05-27 13:35:00,64.03910480396158,0.0,5.4,May,2013_Rolling_RealWeather
2013-05-27 13:40:00,64.03806781127776,0.0,5.4,May,2013_Rolling_RealWeather
2013-05-27 13:45:00,64.03767829412537,0.0,5.4,May,2013_Rolling_RealWeather
2013-05-27 13:50:00,64.03748740492487,0.0,5.4,May,2013_Rolling_RealWeather
2013-05-27 13:55:00,64.03735197677587,0.0,5.4,May,2013_Rolling_RealWeather
2013-05-27 14:00:00,63.92313187590375,0.0,0.0,May,2013_Rolling_RealWeather
2013-05-27 14:05:00,63.91284320595494,0.0,0.0,May,2013_Rolling_RealWeather
2013-05-27 14:10:00,63.91191197620653,0.0,0.0,May,2013_Rolling_RealWeather
2013-05-27 14:15:00,63.90607308829651,0.0,0.0,May,2013_Rolling_RealWeather
2013-05-27 14:20:00,63.900966802183014,0.0,0.0,May,2013_Rolling_RealWeather
2013-05-27 14:25:00,63.8989418289074,0.0,0.0,May,2013_Rolling_RealWeather
2013-05-27 14:30:00,63.898615511557885,0.0,0.0,May,2013_Rolling_RealWeather
2013-05-27 14:35:00,63.89803768478879,0.0,0.0,May,2013_Rolling_RealWeather
2013-05-27 14:40:00,63.89760947387955,0.0,0.0,May,2013_Rolling_RealWeather
2013-05-27 14:45:00,63.89743664176558,0.0,0.0,May,2013_Rolling_RealWeather
2013-05-27 14:50:00,63.897357964459964,0.0,0.0,May,2013_Rolling_RealWeather
2013-05-27 14:55:00,63.89730250340847,0.0,0.0,May,2013_Rolling_RealWeather
2013-05-27 15:00:00,63.48736020657379,0.0,9.4,May,2013_Rolling_RealWeather
2013-05-27 15:05:00,63.44397805617536,0.0,9.4,May,2013_Rolling_RealWeather
2013-05-27 15:10:00,63.445267848070664,0.0,9.4,May,2013_Rolling_RealWeather
2013-05-27 15:15:00,63.42435129290458,0.0,9.4,May,2013_Rolling_RealWeather
2013-05-27 15:20:00,63.405362976621966,0.0,9.4,May,2013_Rolling_RealWeather
2013-05-27 15:25:00,63.39676909322358,0.0,9.4,May,2013_Rolling_RealWeather
2013-05-27 15:30:00,63.39638473523878,0.0,9.4,May,2013_Rolling_RealWeather
2013-05-27 15:35:00,63.39354719306912,0.0,9.4,May,2013_Rolling_RealWeather
2013-05-27 15:40:00,63.3916318521046,0.0,9.4,May,2013_Rolling_RealWeather
2013-05-27 15:45:00,63.390968899070415,0.0,9.4,May,2013_Rolling_RealWeather
2013-05-27 15:50:00,63.39065161026417,0.0,9.4,May,2013_Rolling_RealWeather
2013-05-27 15:55:00,63.39038849271753,0.0,9.4,May,2013_Rolling_RealWeather
2013-05-27 16:00:00,63.541534045760194,0.0,9.4,May,2013_Rolling_RealWeather
2013-05-27 16:05:00,63.55884305299512,0.0,9.4,May,2013_Rolling_RealWeather
2013-05-27 16:10:00,63.55747458379421,0.0,9.4,May,2013_Rolling_RealWeather
2013-05-27 16:15:00,63.56622195242814,0.0,9.4,May,2013_Rolling_RealWeather
2013-05-27 16:20:00,63.57439407387676,0.0,9.4,May,2013_Rolling_RealWeather
2013-05-27 16:25:00,63.57863490962851,0.0,9.4,May,2013_Rolling_RealWeather
2013-05-27 16:30:00,63.57858847712028,0.0,9.4,May,2013_Rolling_RealWeather
2013-05-27 16:35:00,63.57979830191807,0.0,9.4,May,2013_Rolling_RealWeather
2013-05-27 16:40:00,63.5808056293883,0.0,9.4,May,2013_Rolling_RealWeather
2013-05-27 16:45:00,63.58115645278382,0.0,9.4,May,2013_Rolling_RealWeather
2013-05-27 16:50:00,63.58130606864368,0.0,9.4,May,2013_Rolling_RealWeather
2013-05-27 16:55:00,63.58142859887373,0.0,9.4,May,2013_Rolling_RealWeather
2013-05-27 17:00:00,63.933590798382745,0.0,7.6,May,2013_Rolling_RealWeather
2013-05-27 17:05:00,63.98372758893686,0.0,7.6,May,2013_Rolling_RealWeather
2013-05-27 17:10:00,63.975992706940744,0.0,7.6,May,2013_Rolling_RealWeather
2013-05-27 17:15:00,63.99186875537999,0.0,7.6,May,2013_Rolling_RealWeather
2013-05-27 17:20:00,64.00750361273482,0.0,7.6,May,2013_Rolling_RealWeather
2013-05-27 17:25:00,64.01695778732737,0.0,7.6,May,2013_Rolling_RealWeather
2013-05-27 17:30:00,64.01514305013069,0.0,7.6,May,2013_Rolling_RealWeather
2013-05-27 17:35:00,64.01544873080988,0.0,7.6,May,2013_Rolling_RealWeather
2013-05-27 17:40:00,64.01701195858698,0.0,7.6,May,2013_Rolling_RealWeather
2013-05-27 17:45:00,64.0175278753451,0.0,7.6,May,2013_Rolling_RealWeather
2013-05-27 17:50:00,64.01752916513699,0.0,7.6,May,2013_Rolling_RealWeather
2013-05-27 17:55:00,64.01747628366928,0.0,7.6,May,2013_Rolling_RealWeather
2013-05-27 18:00:00,63.13343808602364,0.0,14.8,May,2013_Rolling_RealWeather
2013-05-27 18:05:00,62.92433121989402,0.0,14.8,May,2013_Rolling_RealWeather
2013-05-27 18:10:00,62.954237624570354,0.0,14.8,May,2013_Rolling_RealWeather
2013-05-27 18:15:00,62.976082185005104,0.0,14.8,May,2013_Rolling_RealWeather
2013-05-27 18:20:00,63.00195218594509,0.0,14.8,May,2013_Rolling_RealWeather
2013-05-27 18:25:00,63.00231461746767,0.0,14.8,May,2013_Rolling_RealWeather
2013-05-27 18:30:00,63.006545134884256,0.0,14.8,May,2013_Rolling_RealWeather
2013-05-27 18:35:00,63.006550294051834,0.0,14.8,May,2013_Rolling_RealWeather
2013-05-27 18:40:00,63.00477940977959,0.0,14.8,May,2013_Rolling_RealWeather
2013-05-27 18:45:00,63.00454853703033,0.0,14.8,May,2013_Rolling_RealWeather
2013-05-27 18:50:00,63.00434474991087,0.0,14.8,May,2013_Rolling_RealWeather
2013-05-27 18:55:00,63.004415688465116,0.0,14.8,May,2013_Rolling_RealWeather
2013-05-27 19:00:00,62.42028572653123,0.0,16.6,May,2013_Rolling_RealWeather
2013-05-27 19:05:00,62.258207897384004,0.0,16.6,May,2013_Rolling_RealWeather
2013-05-27 19:10:00,62.27035773703773,0.0,16.6,May,2013_Rolling_RealWeather
2013-05-27 19:15:00,62.30010549731094,0.0,16.6,May,2013_Rolling_RealWeather
2013-05-27 19:20:00,62.34300977981216,0.0,16.6,May,2013_Rolling_RealWeather
2013-05-27 19:25:00,62.36148540381638,0.0,16.6,May,2013_Rolling_RealWeather
2013-05-27 19:30:00,62.36741909143071,0.0,16.6,May,2013_Rolling_RealWeather
2013-05-27 19:35:00,62.36493172776063,0.0,16.6,May,2013_Rolling_RealWeather
2013-05-27 19:40:00,62.360552239380134,0.0,16.6,May,2013_Rolling_RealWeather
2013-05-27 19:45:00,62.35819836917121,0.0,16.6,May,2013_Rolling_RealWeather
2013-05-27 19:50:00,62.35730776786751,0.0,16.6,May,2013_Rolling_RealWeather
2013-05-27 19:55:00,62.3574064369475,0.0,16.6,May,2013_Rolling_RealWeather
2013-05-27 20:00:00,61.52672239558579,0.0,22.3,May,2013_Rolling_RealWeather
2013-05-27 20:05:00,61.27553219949632,0.0,22.3,May,2013_Rolling_RealWeather
2013-05-27 20:10:00,61.270531676318235,0.0,22.3,May,2013_Rolling_RealWeather
2013-05-27 20:15:00,61.31245249249929,0.0,22.3,May,2013_Rolling_RealWeather
2013-05-27 20:20:00,61.38923380402652,0.0,22.3,May,2013_Rolling_RealWeather
2013-05-27 20:25:00,61.43255791378966,0.0,22.3,May,2013_Rolling_RealWeather
2013-05-27 20:30:00,61.44480126335579,0.0,22.3,May,2013_Rolling_RealWeather
2013-05-27 20:35:00,61.43353686583819,0.0,22.3,May,2013_Rolling_RealWeather
2013-05-27 20:40:00,61.42059509396075,0.0,22.3,May,2013_Rolling_RealWeather
2013-05-27 20:45:00,61.41366762169109,0.0,22.3,May,2013_Rolling_RealWeather
2013-05-27 20:50:00,61.41171294207376,0.0,22.3,May,2013_Rolling_RealWeather
2013-05-27 20:55:00,61.41311623565585,0.0,22.3,May,2013_Rolling_RealWeather
2013-05-27 21:00:00,61.30588487216842,0.0,24.1,May,2013_Rolling_RealWeather
2013-05-27 21:05:00,61.27761134403154,0.0,24.1,May,2013_Rolling_RealWeather
2013-05-27 21:10:00,61.276530498423284,0.0,24.1,May,2013_Rolling_RealWeather
2013-05-27 21:15:00,61.277662935707355,0.0,24.1,May,2013_Rolling_RealWeather
2013-05-27 21:20:00,61.281458793255226,0.0,24.1,May,2013_Rolling_RealWeather
2013-05-27 21:25:00,61.28432987001416,0.0,24.1,May,2013_Rolling_RealWeather
2013-05-27 21:30:00,61.28567770254475,0.0,24.1,May,2013_Rolling_RealWeather
2013-05-27 21:35:00,61.284676824033994,0.0,24.1,May,2013_Rolling_RealWeather
2013-05-27 21:40:00,61.28386425513996,0.0,24.1,May,2013_Rolling_RealWeather
2013-05-27 21:45:00,61.28356244383646,0.0,24.1,May,2013_Rolling_RealWeather
2013-05-27 21:50:00,61.28345539110915,0.0,24.1,May,2013_Rolling_RealWeather
2013-05-27 21:55:00,61.2834953746579,0.0,24.1,May,2013_Rolling_RealWeather
2013-05-27 22:00:00,61.11016153164039,0.0,25.9,May,2013_Rolling_RealWeather
2013-05-27 22:05:00,61.069297055021586,0.0,25.9,May,2013_Rolling_RealWeather
2013-05-27 22:10:00,61.06663879392537,0.0,25.9,May,2013_Rolling_RealWeather
2013-05-27 22:15:00,61.063678721525655,0.0,25.9,May,2013_Rolling_RealWeather
2013-05-27 22:20:00,61.06096241979415,0.0,25.9,May,2013_Rolling_RealWeather
2013-05-27 22:25:00,61.06131066360589,0.0,25.9,May,2013_Rolling_RealWeather
2013-05-27 22:30:00,61.06240827650878,0.0,25.9,May,2013_Rolling_RealWeather
2013-05-27 22:35:00,61.060454241787404,0.0,25.9,May,2013_Rolling_RealWeather
2013-05-27 22:40:00,61.05943014702254,0.0,25.9,May,2013_Rolling_RealWeather
2013-05-27 22:45:00,61.05929987804111,0.0,25.9,May,2013_Rolling_RealWeather
2013-05-27 22:50:00,61.05924183740582,0.0,25.9,May,2013_Rolling_RealWeather
2013-05-27 22:55:00,61.05915155197315,0.0,25.9,May,2013_Rolling_RealWeather
2013-05-27 23:00:00,62.286775498073006,0.0,18.4,May,2013_Rolling_RealWeather
2013-05-27 23:05:00,62.49234124055408,0.0,18.4,May,2013_Rolling_RealWeather
2013-05-27 23:10:00,62.483979519696845,0.0,18.4,May,2013_Rolling_RealWeather
2013-05-27 23:15:00,62.534647704511826,0.0,18.4,May,2013_Rolling_RealWeather
2013-05-27 23:20:00,62.59916567469854,0.0,18.4,May,2013_Rolling_RealWeather
2013-05-27 23:25:00,62.615039143554,0.0,18.4,May,2013_Rolling_RealWeather
2013-05-27 23:30:00,62.60816842212773,0.0,18.4,May,2013_Rolling_RealWeather
2013-05-27 23:35:00,62.61667073030156,0.0,18.4,May,2013_Rolling_RealWeather
2013-05-27 23:40:00,62.622598613852354,0.0,18.4,May,2013_Rolling_RealWeather
2013-05-27 23:45:00,62.62304488184813,0.0,18.4,May,2013_Rolling_RealWeather
2013-05-27 23:50:00,62.62283077639351,0.0,18.4,May,2013_Rolling_RealWeather
2013-05-27 23:55:00,62.62360852090637,0.0,18.4,May,2013_Rolling_RealWeather
2013-05-28 00:00:00,62.688927451860074,0.0,14.8,May,2013_Rolling_RealWeather
2013-05-28 00:05:00,62.69813656599251,0.0,14.8,May,2013_Rolling_RealWeather
2013-05-28 00:10:00,62.69708409580595,0.0,14.8,May,2013_Rolling_RealWeather
2013-05-28 00:15:00,62.69989455234581,0.0,14.8,May,2013_Rolling_RealWeather
2013-05-28 00:20:00,62.70307904853531,0.0,14.8,May,2013_Rolling_RealWeather
2013-05-28 00:25:00,62.703935470353784,0.0,14.8,May,2013_Rolling_RealWeather
2013-05-28 00:30:00,62.70373168323433,0.0,14.8,May,2013_Rolling_RealWeather
2013-05-28 00:35:00,62.7040966943407,0.0,14.8,May,2013_Rolling_RealWeather
2013-05-28 00:40:00,62.70434820376028,0.0,14.8,May,2013_Rolling_RealWeather
2013-05-28 00:45:00,62.70438173834956,0.0,14.8,May,2013_Rolling_RealWeather
2013-05-28 00:50:00,62.70438431793335,0.0,14.8,May,2013_Rolling_RealWeather
2013-05-28 00:55:00,62.704416562730735,0.0,14.8,May,2013_Rolling_RealWeather
2013-05-28 01:00:00,62.96125667206458,0.0,14.8,May,2013_Rolling_RealWeather
2013-05-28 01:05:00,62.99655956603084,0.0,14.8,May,2013_Rolling_RealWeather
2013-05-28 01:10:00,62.99079548605074,0.0,14.8,May,2013_Rolling_RealWeather
2013-05-28 01:15:00,63.000516647565625,0.0,14.8,May,2013_Rolling_RealWeather
2013-05-28 01:20:00,63.011976448555366,0.0,14.8,May,2013_Rolling_RealWeather
2013-05-28 01:25:00,63.014669534032755,0.0,14.8,May,2013_Rolling_RealWeather
2013-05-28 01:30:00,63.01394080161191,0.0,14.8,May,2013_Rolling_RealWeather
2013-05-28 01:35:00,63.015213826212566,0.0,14.8,May,2013_Rolling_RealWeather
2013-05-28 01:40:00,63.01605090115262,0.0,14.8,May,2013_Rolling_RealWeather
2013-05-28 01:45:00,63.016132158042026,0.0,14.8,May,2013_Rolling_RealWeather
2013-05-28 01:50:00,63.01613086825013,0.0,14.8,May,2013_Rolling_RealWeather
2013-05-28 01:55:00,63.01622889243417,0.0,14.8,May,2013_Rolling_RealWeather
2013-05-28 02:00:00,63.65406709883325,0.0,13.0,May,2013_Rolling_RealWeather
2013-05-28 02:05:00,63.7367156736922,0.0,13.0,May,2013_Rolling_RealWeather
2013-05-28 02:10:00,63.719148708078215,0.0,13.0,May,2013_Rolling_RealWeather
2013-05-28 02:15:00,63.73988340258706,0.0,13.0,May,2013_Rolling_RealWeather
2013-05-28 02:20:00,63.763556243033406,0.0,13.0,May,2013_Rolling_RealWeather
2013-05-28 02:25:00,63.768269142618834,0.0,13.0,May,2013_Rolling_RealWeather
2013-05-28 02:30:00,63.76663368649559,0.0,13.0,May,2013_Rolling_RealWeather
2013-05-28 02:35:00,63.76896047107471,0.0,13.0,May,2013_Rolling_RealWeather
2013-05-28 02:40:00,63.77037279320007,0.0,13.0,May,2013_Rolling_RealWeather
2013-05-28 02:45:00,63.77042180529209,0.0,13.0,May,2013_Rolling_RealWeather
2013-05-28 02:50:00,63.77039729924608,0.0,13.0,May,2013_Rolling_RealWeather
2013-05-28 02:55:00,63.77054691510593,0.0,13.0,May,2013_Rolling_RealWeather
2013-05-28 03:00:00,64.516656702156,0.0,9.4,May,2013_Rolling_RealWeather
2013-05-28 03:05:00,64.60505129990851,0.0,9.4,May,2013_Rolling_RealWeather
2013-05-28 03:10:00,64.58391419032833,0.0,9.4,May,2013_Rolling_RealWeather
2013-05-28 03:15:00,64.60520091576836,0.0,9.4,May,2013_Rolling_RealWeather
2013-05-28 03:20:00,64.62715188403449,0.0,9.4,May,2013_Rolling_RealWeather
2013-05-28 03:25:00,64.63084842760642,0.0,9.4,May,2013_Rolling_RealWeather
2013-05-28 03:30:00,64.62922844898591,0.0,9.4,May,2013_Rolling_RealWeather
2013-05-28 03:35:00,64.63098385575542,0.0,9.4,May,2013_Rolling_RealWeather
2013-05-28 03:40:00,64.63196667717965,0.0,9.4,May,2013_Rolling_RealWeather
2013-05-28 03:45:00,64.63193314259037,0.0,9.4,May,2013_Rolling_RealWeather
2013-05-28 03:50:00,64.63188928966592,0.0,9.4,May,2013_Rolling_RealWeather
2013-05-28 03:55:00,64.63197054655532,0.0,9.4,May,2013_Rolling_RealWeather
2013-05-28 04:00:00,64.89510099111556,0.0,13.0,May,2013_Rolling_RealWeather
2013-05-28 04:05:00,64.92874134332877,0.0,13.0,May,2013_Rolling_RealWeather
2013-05-28 04:10:00,64.91934391957962,0.0,13.0,May,2013_Rolling_RealWeather
2013-05-28 04:15:00,64.92395105622963,0.0,13.0,May,2013_Rolling_RealWeather
2013-05-28 04:20:00,64.93084241432622,0.0,13.0,May,2013_Rolling_RealWeather
2013-05-28 04:25:00,64.93158146508222,0.0,13.0,May,2013_Rolling_RealWeather
2013-05-28 04:30:00,64.93093785892647,0.0,13.0,May,2013_Rolling_RealWeather
2013-05-28 04:35:00,64.93155824882811,0.0,13.0,May,2013_Rolling_RealWeather
2013-05-28 04:40:00,64.9318329745018,0.0,13.0,May,2013_Rolling_RealWeather
2013-05-28 04:45:00,64.93176848490704,0.0,13.0,May,2013_Rolling_RealWeather
2013-05-28 04:50:00,64.93173752990155,0.0,13.0,May,2013_Rolling_RealWeather
2013-05-28 04:55:00,64.93176203594757,0.0,13.0,May,2013_Rolling_RealWeather
2013-05-28 05:00:00,65.43545301791613,0.0,14.8,May,2013_Rolling_RealWeather
2013-05-28 05:05:00,65.50159612589093,0.0,14.8,May,2013_Rolling_RealWeather
2013-05-28 05:10:00,65.48201837471215,0.0,14.8,May,2013_Rolling_RealWeather
2013-05-28 05:15:00,65.48577940787885,0.0,14.8,May,2013_Rolling_RealWeather
2013-05-28 05:20:00,65.49615578367654,0.0,14.8,May,2013_Rolling_RealWeather
2013-05-28 05:25:00,65.49639568496907,0.0,14.8,May,2013_Rolling_RealWeather
2013-05-28 05:30:00,65.49523745184709,0.0,14.8,May,2013_Rolling_RealWeather
2013-05-28 05:35:00,65.49642148080699,0.0,14.8,May,2013_Rolling_RealWeather
2013-05-28 05:40:00,65.49679294087282,0.0,14.8,May,2013_Rolling_RealWeather
2013-05-28 05:45:00,65.49660076188043,0.0,14.8,May,2013_Rolling_RealWeather
2013-05-28 05:50:00,65.49652853353429,0.0,14.8,May,2013_Rolling_RealWeather
2013-05-28 05:55:00,65.49656464770736,0.0,14.8,May,2013_Rolling_RealWeather
2013-05-28 06:00:00,65.83681948843896,0.0,11.2,May,2013_Rolling_RealWeather
2013-05-28 06:05:00,65.87840753831102,0.0,11.2,May,2013_Rolling_RealWeather
2013-05-28 06:10:00,65.86640731451715,0.0,11.2,May,2013_Rolling_RealWeather
2013-05-28 06:15:00,65.86847485092531,0.0,11.2,May,2013_Rolling_RealWeather
2013-05-28 06:20:00,65.87388810750988,0.0,11.2,May,2013_Rolling_RealWeather
2013-05-28 06:25:00,65.87350632910888,0.0,11.2,May,2013_Rolling_RealWeather
2013-05-28 06:30:00,65.8728420862828,0.0,11.2,May,2013_Rolling_RealWeather
2013-05-28 06:35:00,65.87341346409242,0.0,11.2,May,2013_Rolling_RealWeather
2013-05-28 06:40:00,65.87353728411436,0.0,11.2,May,2013_Rolling_RealWeather
2013-05-28 06:45:00,65.87342249263568,0.0,11.2,May,2013_Rolling_RealWeather
2013-05-28 06:50:00,65.87338637846261,0.0,11.2,May,2013_Rolling_RealWeather
2013-05-28 06:55:00,65.87339540700589,0.0,11.2,May,2013_Rolling_RealWeather
2013-05-28 07:00:00,65.46179056841817,0.0,0.0,May,2013_Rolling_RealWeather
2013-05-28 07:05:00,65.42073649239076,0.0,0.0,May,2013_Rolling_RealWeather
2013-05-28 07:10:00,65.42923493118889,0.0,0.0,May,2013_Rolling_RealWeather
2013-05-28 07:15:00,65.42090094085741,0.0,0.0,May,2013_Rolling_RealWeather
2013-05-28 07:20:00,65.41380128136973,0.0,0.0,May,2013_Rolling_RealWeather
2013-05-28 07:25:00,65.4137832242832,0.0,0.0,May,2013_Rolling_RealWeather
2013-05-28 07:30:00,65.41407213766774,0.0,0.0,May,2013_Rolling_RealWeather
2013-05-28 07:35:00,65.41389156680239,0.0,0.0,May,2013_Rolling_RealWeather
2013-05-28 07:40:00,65.41384577919011,0.0,0.0,May,2013_Rolling_RealWeather
2013-05-28 07:45:00,65.41389285659429,0.0,0.0,May,2013_Rolling_RealWeather
2013-05-28 07:50:00,65.41390962388893,0.0,0.0,May,2013_Rolling_RealWeather
2013-05-28 07:55:00,65.41391607284841,0.0,0.0,May,2013_Rolling_RealWeather
2013-05-28 08:00:00,65.76064437910252,0.0,7.6,May,2013_Rolling_RealWeather
2013-05-28 08:05:00,65.7997057266517,0.0,7.6,May,2013_Rolling_RealWeather
2013-05-28 08:10:00,65.7891113760237,0.0,7.6,May,2013_Rolling_RealWeather
2013-05-28 08:15:00,65.79083195841203,0.0,7.6,May,2013_Rolling_RealWeather
2013-05-28 08:20:00,65.79461878741662,0.0,7.6,May,2013_Rolling_RealWeather
2013-05-28 08:25:00,65.7934992480515,0.0,7.6,May,2013_Rolling_RealWeather
2013-05-28 08:30:00,65.79310457173155,0.0,7.6,May,2013_Rolling_RealWeather
2013-05-28 08:35:00,65.7934747420055,0.0,7.6,May,2013_Rolling_RealWeather
2013-05-28 08:40:00,65.79349279909204,0.0,7.6,May,2013_Rolling_RealWeather
2013-05-28 08:45:00,65.79340767282694,0.0,7.6,May,2013_Rolling_RealWeather
2013-05-28 08:50:00,65.7933921953242,0.0,7.6,May,2013_Rolling_RealWeather
2013-05-28 08:55:00,65.79339606469988,0.0,7.6,May,2013_Rolling_RealWeather
2013-05-28 09:00:00,65.35377952573003,0.0,5.4,May,2013_Rolling_RealWeather
2013-05-28 09:05:00,65.30703617765245,0.0,5.4,May,2013_Rolling_RealWeather
2013-05-28 09:10:00,65.31881068786464,0.0,5.4,May,2013_Rolling_RealWeather
2013-05-28 09:15:00,65.3147065700538,0.0,5.4,May,2013_Rolling_RealWeather
2013-05-28 09:20:00,65.30961318185926,0.0,5.4,May,2013_Rolling_RealWeather
2013-05-28 09:25:00,65.3108668595815,0.0,5.4,May,2013_Rolling_RealWeather
2013-05-28 09:30:00,65.31112868733624,0.0,5.4,May,2013_Rolling_RealWeather
2013-05-28 09:35:00,65.31078818227589,0.0,5.4,May,2013_Rolling_RealWeather
2013-05-28 09:40:00,65.31079334144346,0.0,5.4,May,2013_Rolling_RealWeather
2013-05-28 09:45:00,65.3108668595815,0.0,5.4,May,2013_Rolling_RealWeather
2013-05-28 09:50:00,65.31087072895718,0.0,5.4,May,2013_Rolling_RealWeather
2013-05-28 09:55:00,65.31086943916529,0.0,5.4,May,2013_Rolling_RealWeather
2013-05-28 10:00:00,64.89321015619704,0.0,5.4,May,2013_Rolling_RealWeather
2013-05-28 10:05:00,64.84985122205272,0.0,5.4,May,2013_Rolling_RealWeather
2013-05-28 10:10:00,64.86045589101589,0.0,5.4,May,2013_Rolling_RealWeather
2013-05-28 10:15:00,64.85533670698344,0.0,5.4,May,2013_Rolling_RealWeather
2013-05-28 10:20:00,64.85036842860274,0.0,5.4,May,2013_Rolling_RealWeather
2013-05-28 10:25:00,64.8513976825352,0.0,5.4,May,2013_Rolling_RealWeather
2013-05-28 10:30:00,64.85142734774878,0.0,5.4,May,2013_Rolling_RealWeather
2013-05-28 10:35:00,64.8510907120641,0.0,5.4,May,2013_Rolling_RealWeather
2013-05-28 10:40:00,64.85108297331274,0.0,5.4,May,2013_Rolling_RealWeather
2013-05-28 10:45:00,64.85112424665338,0.0,5.4,May,2013_Rolling_RealWeather
2013-05-28 10:50:00,64.85111779769392,0.0,5.4,May,2013_Rolling_RealWeather
2013-05-28 10:55:00,64.85111392831823,0.0,5.4,May,2013_Rolling_RealWeather
2013-05-28 11:00:00,64.30685786267455,0.0,5.4,May,2013_Rolling_RealWeather
2013-05-28 11:05:00,64.25188435251306,0.0,5.4,May,2013_Rolling_RealWeather
2013-05-28 11:10:00,64.26434890138924,0.0,5.4,May,2013_Rolling_RealWeather
2013-05-28 11:15:00,64.25470770697187,0.0,5.4,May,2013_Rolling_RealWeather
2013-05-28 11:20:00,64.2471804814709,0.0,5.4,May,2013_Rolling_RealWeather
2013-05-28 11:25:00,64.24788212826195,0.0,5.4,May,2013_Rolling_RealWeather
2013-05-28 11:30:00,64.24762545967478,0.0,5.4,May,2013_Rolling_RealWeather
2013-05-28 11:35:00,64.24711728166804,0.0,5.4,May,2013_Rolling_RealWeather
2013-05-28 11:40:00,64.24703989415431,0.0,5.4,May,2013_Rolling_RealWeather
2013-05-28 11:45:00,64.24704763290569,0.0,5.4,May,2013_Rolling_RealWeather
2013-05-28 11:50:00,64.24701409831641,0.0,5.4,May,2013_Rolling_RealWeather
2013-05-28 11:55:00,64.24700377998124,0.0,5.4,May,2013_Rolling_RealWeather
2013-05-28 12:00:00,63.64247057990261,0.0,5.4,May,2013_Rolling_RealWeather
2013-05-28 12:05:00,63.582802227242226,0.0,5.4,May,2013_Rolling_RealWeather
2013-05-28 12:10:00,63.59435876262412,0.0,5.4,May,2013_Rolling_RealWeather
2013-05-28 12:15:00,63.57904506345122,0.0,5.4,May,2013_Rolling_RealWeather
2013-05-28 12:20:00,63.56853067992073,0.0,5.4,May,2013_Rolling_RealWeather
2013-05-28 12:25:00,63.56817340756573,0.0,5.4,May,2013_Rolling_RealWeather
2013-05-28 12:30:00,63.56760976850748,0.0,5.4,May,2013_Rolling_RealWeather
2013-05-28 12:35:00,63.56684750149736,0.0,5.4,May,2013_Rolling_RealWeather
2013-05-28 12:40:00,63.566606310412936,0.0,5.4,May,2013_Rolling_RealWeather
2013-05-28 12:45:00,63.56654053102628,0.0,5.4,May,2013_Rolling_RealWeather
2013-05-28 12:50:00,63.566476041431514,0.0,5.4,May,2013_Rolling_RealWeather
2013-05-28 12:55:00,63.56644508642603,0.0,5.4,May,2013_Rolling_RealWeather
2013-05-28 13:00:00,63.07501244785438,0.0,7.6,May,2013_Rolling_RealWeather
2013-05-28 13:05:00,63.025942315197675,0.0,7.6,May,2013_Rolling_RealWeather
2013-05-28 13:10:00,63.03446010087424,0.0,7.6,May,2013_Rolling_RealWeather
2013-05-28 13:15:00,63.01950367405634,0.0,7.6,May,2013_Rolling_RealWeather
2013-05-28 13:20:00,63.00929368141314,0.0,7.6,May,2013_Rolling_RealWeather
2013-05-28 13:25:00,63.008037424107115,0.0,7.6,May,2013_Rolling_RealWeather
2013-05-28 13:30:00,63.00766338445748,0.0,7.6,May,2013_Rolling_RealWeather
2013-05-28 13:35:00,63.00673602408476,0.0,7.6,May,2013_Rolling_RealWeather
2013-05-28 13:40:00,63.006352955891856,0.0,7.6,May,2013_Rolling_RealWeather
2013-05-28 13:45:00,63.006262670459186,0.0,7.6,May,2013_Rolling_RealWeather
2013-05-28 13:50:00,63.006189152321156,0.0,7.6,May,2013_Rolling_RealWeather
2013-05-28 13:55:00,63.006140140229135,0.0,7.6,May,2013_Rolling_RealWeather
2013-05-28 14:00:00,62.53539449401921,0.0,7.6,May,2013_Rolling_RealWeather
2013-05-28 14:05:00,62.488421562984264,0.0,7.6,May,2013_Rolling_RealWeather
2013-05-28 14:10:00,62.493794836020086,0.0,7.6,May,2013_Rolling_RealWeather
2013-05-28 14:15:00,62.47443376987973,0.0,7.6,May,2013_Rolling_RealWeather
2013-05-28 14:20:00,62.46076326558144,0.0,7.6,May,2013_Rolling_RealWeather
2013-05-28 14:25:00,62.45755039397025,0.0,7.6,May,2013_Rolling_RealWeather
2013-05-28 14:30:00,62.45728211725603,0.0,7.6,May,2013_Rolling_RealWeather
2013-05-28 14:35:00,62.455836260541396,0.0,7.6,May,2013_Rolling_RealWeather
2013-05-28 14:40:00,62.45505464665284,0.0,7.6,May,2013_Rolling_RealWeather
2013-05-28 14:45:00,62.45486891661992,0.0,7.6,May,2013_Rolling_RealWeather
2013-05-28 14:50:00,62.45475541493313,0.0,7.6,May,2013_Rolling_RealWeather
2013-05-28 14:55:00,62.45465739074909,0.0,7.6,May,2013_Rolling_RealWeather
2013-05-28 15:00:00,62.28305315866317,0.0,7.6,May,2013_Rolling_RealWeather
2013-05-28 15:05:00,62.26575833913909,0.0,7.6,May,2013_Rolling_RealWeather
2013-05-28 15:10:00,62.26687529892042,0.0,7.6,May,2013_Rolling_RealWeather
2013-05-28 15:15:00,62.25776162938823,0.0,7.6,May,2013_Rolling_RealWeather
2013-05-28 15:20:00,62.25067809229924,0.0,7.6,May,2013_Rolling_RealWeather
2013-05-28 15:25:00,62.248268761038815,0.0,7.6,May,2013_Rolling_RealWeather
2013-05-28 15:30:00,62.24823780603333,0.0,7.6,May,2013_Rolling_RealWeather
2013-05-28 15:35:00,62.24730270690924,0.0,7.6,May,2013_Rolling_RealWeather
2013-05-28 15:40:00,62.246699084302236,0.0,7.6,May,2013_Rolling_RealWeather
2013-05-28 15:45:00,62.2465443092748,0.0,7.6,May,2013_Rolling_RealWeather
2013-05-28 15:50:00,62.2464617625935,0.0,7.6,May,2013_Rolling_RealWeather
2013-05-28 15:55:00,62.246384375079785,0.0,7.6,May,2013_Rolling_RealWeather
2013-05-28 16:00:00,62.61486889102382,0.0,5.4,May,2013_Rolling_RealWeather
2013-05-28 16:05:00,62.65220965618466,0.0,5.4,May,2013_Rolling_RealWeather
2013-05-28 16:10:00,62.650997251803076,0.0,5.4,May,2013_Rolling_RealWeather
2013-05-28 16:15:00,62.67543106946765,0.0,5.4,May,2013_Rolling_RealWeather
2013-05-28 16:20:00,62.696978332870536,0.0,5.4,May,2013_Rolling_RealWeather
2013-05-28 16:25:00,62.70687490608317,0.0,5.4,May,2013_Rolling_RealWeather
2013-05-28 16:30:00,62.70707224424316,0.0,5.4,May,2013_Rolling_RealWeather
2013-05-28 16:35:00,62.710497931517075,0.0,5.4,May,2013_Rolling_RealWeather
2013-05-28 16:40:00,62.713175539491715,0.0,5.4,May,2013_Rolling_RealWeather
2013-05-28 16:45:00,62.71411837736718,0.0,5.4,May,2013_Rolling_RealWeather
2013-05-28 16:50:00,62.71454529848452,0.0,5.4,May,2013_Rolling_RealWeather
2013-05-28 16:55:00,62.71493997480449,0.0,5.4,May,2013_Rolling_RealWeather
2013-05-28 17:00:00,62.58108795149401,0.0,14.8,May,2013_Rolling_RealWeather
2013-05-28 17:05:00,62.561650787631834,0.0,14.8,May,2013_Rolling_RealWeather
2013-05-28 17:10:00,62.564408362703986,0.0,14.8,May,2013_Rolling_RealWeather
2013-05-28 17:15:00,62.55833086329333,0.0,14.8,May,2013_Rolling_RealWeather
2013-05-28 17:20:00,62.55222240887719,0.0,14.8,May,2013_Rolling_RealWeather
2013-05-28 17:25:00,62.54747339511869,0.0,14.8,May,2013_Rolling_RealWeather
2013-05-28 17:30:00,62.54697295586332,0.0,14.8,May,2013_Rolling_RealWeather
2013-05-28 17:35:00,62.54540972808621,0.0,14.8,May,2013_Rolling_RealWeather
2013-05-28 17:40:00,62.544334041645534,0.0,14.8,May,2013_Rolling_RealWeather
2013-05-28 17:45:00,62.54394194490936,0.0,14.8,May,2013_Rolling_RealWeather
2013-05-28 17:50:00,62.54366077027618,0.0,14.8,May,2013_Rolling_RealWeather
2013-05-28 17:55:00,62.54347246065947,0.0,14.8,May,2013_Rolling_RealWeather
2013-05-28 18:00:00,62.23077789314665,0.0,20.5,May,2013_Rolling_RealWeather
2013-05-28 18:05:00,62.16024302361536,0.0,20.5,May,2013_Rolling_RealWeather
2013-05-28 18:10:00,62.16597614858997,0.0,20.5,May,2013_Rolling_RealWeather
2013-05-28 18:15:00,62.16669972184324,0.0,20.5,May,2013_Rolling_RealWeather
2013-05-28 18:20:00,62.17113402637928,0.0,20.5,May,2013_Rolling_RealWeather
2013-05-28 18:25:00,62.16652302035358,0.0,20.5,May,2013_Rolling_RealWeather
2013-05-28 18:30:00,62.16348814002394,0.0,20.5,May,2013_Rolling_RealWeather
2013-05-28 18:35:00,62.158486327053964,0.0,20.5,May,2013_Rolling_RealWeather
2013-05-28 18:40:00,62.15624724832372,0.0,20.5,May,2013_Rolling_RealWeather
2013-05-28 18:45:00,62.156238219780455,0.0,20.5,May,2013_Rolling_RealWeather
2013-05-28 18:50:00,62.15623564019666,0.0,20.5,May,2013_Rolling_RealWeather
2013-05-28 18:55:00,62.156267884994044,0.0,20.5,May,2013_Rolling_RealWeather
2013-05-28 19:00:00,62.29683974423204,0.0,14.8,May,2013_Rolling_RealWeather
2013-05-28 19:05:00,62.33076772003791,0.0,14.8,May,2013_Rolling_RealWeather
2013-05-28 19:10:00,62.32698798488873,0.0,14.8,May,2013_Rolling_RealWeather
2013-05-28 19:15:00,62.3232927311087,0.0,14.8,May,2013_Rolling_RealWeather
2013-05-28 19:20:00,62.31706948521388,0.0,14.8,May,2013_Rolling_RealWeather
2013-05-28 19:25:00,62.3154985186854,0.0,14.8,May,2013_Rolling_RealWeather
2013-05-28 19:30:00,62.31510642194923,0.0,14.8,May,2013_Rolling_RealWeather
2013-05-28 19:35:00,62.31559009390997,0.0,14.8,May,2013_Rolling_RealWeather
2013-05-28 19:40:00,62.31612406775462,0.0,14.8,May,2013_Rolling_RealWeather
2013-05-28 19:45:00,62.31623950412925,0.0,14.8,May,2013_Rolling_RealWeather
2013-05-28 19:50:00,62.31625691631984,0.0,14.8,May,2013_Rolling_RealWeather
2013-05-28 19:55:00,62.316216287875136,0.0,14.8,May,2013_Rolling_RealWeather
2013-05-28 20:00:00,61.55465283907853,0.0,20.5,May,2013_Rolling_RealWeather
2013-05-28 20:05:00,61.3475232239244,0.0,20.5,May,2013_Rolling_RealWeather
2013-05-28 20:10:00,61.353462070706314,0.0,20.5,May,2013_Rolling_RealWeather
2013-05-28 20:15:00,61.38059993707938,0.0,20.5,May,2013_Rolling_RealWeather
2013-05-28 20:20:00,61.43077671118225,0.0,20.5,May,2013_Rolling_RealWeather
2013-05-28 20:25:00,61.452507769930214,0.0,20.5,May,2013_Rolling_RealWeather
2013-05-28 20:30:00,61.455523303381426,0.0,20.5,May,2013_Rolling_RealWeather
2013-05-28 20:35:00,61.44588146406811,0.0,20.5,May,2013_Rolling_RealWeather
2013-05-28 20:40:00,61.438461291294445,0.0,20.5,May,2013_Rolling_RealWeather
2013-05-28 20:45:00,61.43609968233415,0.0,20.5,May,2013_Rolling_RealWeather
2013-05-28 20:50:00,61.43606356816108,0.0,20.5,May,2013_Rolling_RealWeather
2013-05-28 20:55:00,61.437185687109995,0.0,20.5,May,2013_Rolling_RealWeather
2013-05-28 21:00:00,60.96818639897331,0.0,24.1,May,2013_Rolling_RealWeather
2013-05-28 21:05:00,60.849967943225764,0.0,24.1,May,2013_Rolling_RealWeather
2013-05-28 21:10:00,60.84540079012451,0.0,24.1,May,2013_Rolling_RealWeather
2013-05-28 21:15:00,60.84595927001517,0.0,24.1,May,2013_Rolling_RealWeather
2013-05-28 21:20:00,60.85621311558281,0.0,24.1,May,2013_Rolling_RealWeather
2013-05-28 21:25:00,60.86242991251815,0.0,24.1,May,2013_Rolling_RealWeather
2013-05-28 21:30:00,60.86396605466546,0.0,24.1,May,2013_Rolling_RealWeather
2013-05-28 21:35:00,60.857794400446444,0.0,24.1,May,2013_Rolling_RealWeather
2013-05-28 21:40:00,60.85441643547266,0.0,24.1,May,2013_Rolling_RealWeather
2013-05-28 21:45:00,60.853682543884226,0.0,24.1,May,2013_Rolling_RealWeather
2013-05-28 21:50:00,60.85354840552712,0.0,24.1,May,2013_Rolling_RealWeather
2013-05-28 21:55:00,60.85376638035742,0.0,24.1,May,2013_Rolling_RealWeather
2013-05-28 22:00:00,60.778172967165766,0.0,24.1,May,2013_Rolling_RealWeather
2013-05-28 22:05:00,60.76191385053361,0.0,24.1,May,2013_Rolling_RealWeather
2013-05-28 22:10:00,60.76119801603172,0.0,24.1,May,2013_Rolling_RealWeather
2013-05-28 22:15:00,60.75906470023689,0.0,24.1,May,2013_Rolling_RealWeather
2013-05-28 22:20:00,60.75694041298533,0.0,24.1,May,2013_Rolling_RealWeather
2013-05-28 22:25:00,60.7563187332918,0.0,24.1,May,2013_Rolling_RealWeather
2013-05-28 22:30:00,60.75636516580003,0.0,24.1,May,2013_Rolling_RealWeather
2013-05-28 22:35:00,60.7554674706409,0.0,24.1,May,2013_Rolling_RealWeather
2013-05-28 22:40:00,60.755037969939764,0.0,24.1,May,2013_Rolling_RealWeather
2013-05-28 22:45:00,60.75496961096931,0.0,24.1,May,2013_Rolling_RealWeather
2013-05-28 22:50:00,60.75492188866919,0.0,24.1,May,2013_Rolling_RealWeather
2013-05-28 22:55:00,60.75485868886632,0.0,24.1,May,2013_Rolling_RealWeather
2013-05-28 23:00:00,58.87228633846131,0.0,35.3,May,2013_Rolling_RealWeather
2013-05-28 23:05:00,58.416577066013794,0.0,35.3,May,2013_Rolling_RealWeather
2013-05-28 23:10:00,58.30291544503235,0.0,35.3,May,2013_Rolling_RealWeather
2013-05-28 23:15:00,58.23707027898537,0.0,35.3,May,2013_Rolling_RealWeather
2013-05-28 23:20:00,58.11055201239157,0.0,35.3,May,2013_Rolling_RealWeather
2013-05-28 23:25:00,58.06391442724941,0.0,35.3,May,2013_Rolling_RealWeather
2013-05-28 23:30:00,58.04485130303687,0.0,35.3,May,2013_Rolling_RealWeather
2013-05-28 23:35:00,58.000335425562476,0.0,35.3,May,2013_Rolling_RealWeather
2013-05-28 23:40:00,57.97324850596927,0.0,35.3,May,2013_Rolling_RealWeather
2013-05-28 23:45:00,57.96217822213191,0.0,35.3,May,2013_Rolling_RealWeather
2013-05-28 23:50:00,57.95637931777064,0.0,35.3,May,2013_Rolling_RealWeather
2013-05-28 23:55:00,57.949757526180164,0.0,35.3,May,2013_Rolling_RealWeather
2013-05-29 00:00:00,58.13586288854495,0.0,37.1,May,2013_Rolling_RealWeather
2013-05-29 00:05:00,58.1836832128551,0.0,37.1,May,2013_Rolling_RealWeather
2013-05-29 00:10:00,58.19206557038266,0.0,37.1,May,2013_Rolling_RealWeather
2013-05-29 00:15:00,58.195762113954586,0.0,37.1,May,2013_Rolling_RealWeather
2013-05-29 00:20:00,58.20531431273118,0.0,37.1,May,2013_Rolling_RealWeather
2013-05-29 00:25:00,58.20744891831791,0.0,37.1,May,2013_Rolling_RealWeather
2013-05-29 00:30:00,58.207896476105574,0.0,37.1,May,2013_Rolling_RealWeather
2013-05-29 00:35:00,58.21082817308359,0.0,37.1,May,2013_Rolling_RealWeather
2013-05-29 00:40:00,58.2126635469506,0.0,37.1,May,2013_Rolling_RealWeather
2013-05-29 00:45:00,58.21319752079526,0.0,37.1,May,2013_Rolling_RealWeather
2013-05-29 00:50:00,58.21340904666609,0.0,37.1,May,2013_Rolling_RealWeather
2013-05-29 00:55:00,58.213740523183176,0.0,37.1,May,2013_Rolling_RealWeather
2013-05-29 01:00:00,60.16353940675503,0.0,27.7,May,2013_Rolling_RealWeather
2013-05-29 01:05:00,60.560474152325604,0.0,27.7,May,2013_Rolling_RealWeather
2013-05-29 01:10:00,60.52612828394565,0.0,27.7,May,2013_Rolling_RealWeather
2013-05-29 01:15:00,60.571308404246125,0.0,27.7,May,2013_Rolling_RealWeather
2013-05-29 01:20:00,60.65600645842671,0.0,27.7,May,2013_Rolling_RealWeather
2013-05-29 01:25:00,60.672131436701754,0.0,27.7,May,2013_Rolling_RealWeather
2013-05-29 01:30:00,60.67060432309772,0.0,27.7,May,2013_Rolling_RealWeather
2013-05-29 01:35:00,60.68832090457156,0.0,27.7,May,2013_Rolling_RealWeather
2013-05-29 01:40:00,60.69789116043469,0.0,27.7,May,2013_Rolling_RealWeather
2013-05-29 01:45:00,60.69865471723671,0.0,27.7,May,2013_Rolling_RealWeather
2013-05-29 01:50:00,60.69921448691927,0.0,27.7,May,2013_Rolling_RealWeather
2013-05-29 01:55:00,60.70086284096146,0.0,27.7,May,2013_Rolling_RealWeather
2013-05-29 02:00:00,63.01831061655319,0.0,11.2,May,2013_Rolling_RealWeather
2013-05-29 02:05:00,63.3258460164848,0.0,11.2,May,2013_Rolling_RealWeather
2013-05-29 02:10:00,63.24116859897455,0.0,11.2,May,2013_Rolling_RealWeather
2013-05-29 02:15:00,63.31814466907797,0.0,11.2,May,2013_Rolling_RealWeather
2013-05-29 02:20:00,63.38795078603541,0.0,11.2,May,2013_Rolling_RealWeather
2013-05-29 02:25:00,63.400700378920455,0.0,11.2,May,2013_Rolling_RealWeather
2013-05-29 02:30:00,63.39761132733121,0.0,11.2,May,2013_Rolling_RealWeather
2013-05-29 02:35:00,63.40482513340163,0.0,11.2,May,2013_Rolling_RealWeather
2013-05-29 02:40:00,63.409037593731675,0.0,11.2,May,2013_Rolling_RealWeather
2013-05-29 02:45:00,63.40938970691909,0.0,11.2,May,2013_Rolling_RealWeather
2013-05-29 02:50:00,63.40963218779541,0.0,11.2,May,2013_Rolling_RealWeather
2013-05-29 02:55:00,63.410136496426475,0.0,11.2,May,2013_Rolling_RealWeather
2013-05-29 03:00:00,63.531598778790695,0.0,20.5,May,2013_Rolling_RealWeather
2013-05-29 03:05:00,63.55097145305811,0.0,20.5,May,2013_Rolling_RealWeather
2013-05-29 03:10:00,63.54550660479772,0.0,20.5,May,2013_Rolling_RealWeather
2013-05-29 03:15:00,63.547193652596775,0.0,20.5,May,2013_Rolling_RealWeather
2013-05-29 03:20:00,63.55057806653004,0.0,20.5,May,2013_Rolling_RealWeather
2013-05-29 03:25:00,63.55094307763641,0.0,20.5,May,2013_Rolling_RealWeather
2013-05-29 03:30:00,63.55077927406571,0.0,20.5,May,2013_Rolling_RealWeather
2013-05-29 03:35:00,63.55130550915899,0.0,20.5,May,2013_Rolling_RealWeather
2013-05-29 03:40:00,63.55153251253256,0.0,20.5,May,2013_Rolling_RealWeather
2013-05-29 03:45:00,63.55151187586224,0.0,20.5,May,2013_Rolling_RealWeather
2013-05-29 03:50:00,63.55151445544603,0.0,20.5,May,2013_Rolling_RealWeather
2013-05-29 03:55:00,63.55154541045152,0.0,20.5,May,2013_Rolling_RealWeather
2013-05-29 04:00:00,64.37267594309174,0.0,11.2,May,2013_Rolling_RealWeather
2013-05-29 04:05:00,64.48148794654685,0.0,11.2,May,2013_Rolling_RealWeather
2013-05-29 04:10:00,64.4460160898423,0.0,11.2,May,2013_Rolling_RealWeather
2013-05-29 04:15:00,64.46222619438244,0.0,11.2,May,2013_Rolling_RealWeather
2013-05-29 04:20:00,64.47899219922944,0.0,11.2,May,2013_Rolling_RealWeather
2013-05-29 04:25:00,64.48035808884656,0.0,11.2,May,2013_Rolling_RealWeather
2013-05-29 04:30:00,64.47958550350128,0.0,11.2,May,2013_Rolling_RealWeather
2013-05-29 04:35:00,64.4814208773683,0.0,11.2,May,2013_Rolling_RealWeather
2013-05-29 04:40:00,64.48215476895672,0.0,11.2,May,2013_Rolling_RealWeather
2013-05-29 04:45:00,64.4821044670728,0.0,11.2,May,2013_Rolling_RealWeather
2013-05-29 04:50:00,64.48214316082966,0.0,11.2,May,2013_Rolling_RealWeather
2013-05-29 04:55:00,64.48223602584612,0.0,11.2,May,2013_Rolling_RealWeather
2013-05-29 05:00:00,64.88829346949215,0.0,9.4,May,2013_Rolling_RealWeather
2013-05-29 05:05:00,64.93997156136115,0.0,9.4,May,2013_Rolling_RealWeather
2013-05-29 05:10:00,64.92299274085141,0.0,9.4,May,2013_Rolling_RealWeather
2013-05-29 05:15:00,64.92926499883826,0.0,9.4,May,2013_Rolling_RealWeather
2013-05-29 05:20:00,64.93576426019868,0.0,9.4,May,2013_Rolling_RealWeather
2013-05-29 05:25:00,64.93580940291501,0.0,9.4,May,2013_Rolling_RealWeather
2013-05-29 05:30:00,64.93554499557648,0.0,9.4,May,2013_Rolling_RealWeather
2013-05-29 05:35:00,64.93627372799733,0.0,9.4,May,2013_Rolling_RealWeather
2013-05-29 05:40:00,64.93649428241142,0.0,9.4,May,2013_Rolling_RealWeather
2013-05-29 05:45:00,64.93646074782214,0.0,9.4,May,2013_Rolling_RealWeather
2013-05-29 05:50:00,64.936474935533,0.0,9.4,May,2013_Rolling_RealWeather
2013-05-29 05:55:00,64.9365007313709,0.0,9.4,May,2013_Rolling_RealWeather
2013-05-29 06:00:00,65.28733460645174,0.0,9.4,May,2013_Rolling_RealWeather
2013-05-29 06:05:00,65.3316660436851,0.0,9.4,May,2013_Rolling_RealWeather
2013-05-29 06:10:00,65.3171739419495,0.0,9.4,May,2013_Rolling_RealWeather
2013-05-29 06:15:00,65.32023719770085,0.0,9.4,May,2013_Rolling_RealWeather
2013-05-29 06:20:00,65.32422523424111,0.0,9.4,May,2013_Rolling_RealWeather
2013-05-29 06:25:00,65.32356099141504,0.0,9.4,May,2013_Rolling_RealWeather
2013-05-29 06:30:00,65.32341524493087,0.0,9.4,May,2013_Rolling_RealWeather
2013-05-29 06:35:00,65.32398017378101,0.0,9.4,May,2013_Rolling_RealWeather
2013-05-29 06:40:00,65.32408980609212,0.0,9.4,May,2013_Rolling_RealWeather
2013-05-29 06:45:00,65.3240382144163,0.0,9.4,May,2013_Rolling_RealWeather
2013-05-29 06:50:00,65.32404982254336,0.0,9.4,May,2013_Rolling_RealWeather
2013-05-29 06:55:00,65.3240653000461,0.0,9.4,May,2013_Rolling_RealWeather
2013-05-29 07:00:00,65.77572720552617,0.0,11.2,May,2013_Rolling_RealWeather
2013-05-29 07:05:00,65.8343121329945,0.0,11.2,May,2013_Rolling_RealWeather
2013-05-29 07:10:00,65.81654911901242,0.0,11.2,May,2013_Rolling_RealWeather
2013-05-29 07:15:00,65.81590809244045,0.0,11.2,May,2013_Rolling_RealWeather
2013-05-29 07:20:00,65.81829549723865,0.0,11.2,May,2013_Rolling_RealWeather
2013-05-29 07:25:00,65.81640982148772,0.0,11.2,May,2013_Rolling_RealWeather
2013-05-29 07:30:00,65.81637886648224,0.0,11.2,May,2013_Rolling_RealWeather
2013-05-29 07:35:00,65.81719788433576,0.0,11.2,May,2013_Rolling_RealWeather
2013-05-29 07:40:00,65.81732299414959,0.0,11.2,May,2013_Rolling_RealWeather
2013-05-29 07:45:00,65.81724818621967,0.0,11.2,May,2013_Rolling_RealWeather
2013-05-29 07:50:00,65.81725076580346,0.0,11.2,May,2013_Rolling_RealWeather
2013-05-29 07:55:00,65.81726108413862,0.0,11.2,May,2013_Rolling_RealWeather
2013-05-29 08:00:00,65.64835767628146,0.0,9.4,May,2013_Rolling_RealWeather
2013-05-29 08:05:00,65.6277648588811,0.0,9.4,May,2013_Rolling_RealWeather
2013-05-29 08:10:00,65.6340203495733,0.0,9.4,May,2013_Rolling_RealWeather
2013-05-29 08:15:00,65.63425638149015,0.0,9.4,May,2013_Rolling_RealWeather
2013-05-29 08:20:00,65.63354570615583,0.0,9.4,May,2013_Rolling_RealWeather
2013-05-29 08:25:00,65.63435827504988,0.0,9.4,May,2013_Rolling_RealWeather
2013-05-29 08:30:00,65.6343221608768,0.0,9.4,May,2013_Rolling_RealWeather
2013-05-29 08:35:00,65.63406420249774,0.0,9.4,May,2013_Rolling_RealWeather
2013-05-29 08:40:00,65.63403195770036,0.0,9.4,May,2013_Rolling_RealWeather
2013-05-29 08:45:00,65.63405259437069,0.0,9.4,May,2013_Rolling_RealWeather
2013-05-29 08:50:00,65.63404614541122,0.0,9.4,May,2013_Rolling_RealWeather
2013-05-29 08:55:00,65.63404356582743,0.0,9.4,May,2013_Rolling_RealWeather
2013-05-29 09:00:00,66.06810239152043,0.0,13.0,May,2013_Rolling_RealWeather
2013-05-29 09:05:00,66.12647837270171,0.0,13.0,May,2013_Rolling_RealWeather
2013-05-29 09:10:00,66.11503404921471,0.0,13.0,May,2013_Rolling_RealWeather
2013-05-29 09:15:00,66.10925320193998,0.0,13.0,May,2013_Rolling_RealWeather
2013-05-29 09:20:00,66.10769384353856,0.0,13.0,May,2013_Rolling_RealWeather
2013-05-29 09:25:00,66.10489370533386,0.0,13.0,May,2013_Rolling_RealWeather
2013-05-29 09:30:00,66.10519680642926,0.0,13.0,May,2013_Rolling_RealWeather
2013-05-29 09:35:00,66.10614093409662,0.0,13.0,May,2013_Rolling_RealWeather
2013-05-29 09:40:00,66.10637567622156,0.0,13.0,May,2013_Rolling_RealWeather
2013-05-29 09:45:00,66.10636922726209,0.0,13.0,May,2013_Rolling_RealWeather
2013-05-29 09:50:00,66.10636019871882,0.0,13.0,May,2013_Rolling_RealWeather
2013-05-29 09:55:00,66.10634730079987,0.0,13.0,May,2013_Rolling_RealWeather
2013-05-29 10:00:00,64.83411060176248,0.0,7.6,May,2013_Rolling_RealWeather
2013-05-29 10:05:00,64.69579460870237,0.0,7.6,May,2013_Rolling_RealWeather
2013-05-29 10:10:00,64.74032080451192,0.0,7.6,May,2013_Rolling_RealWeather
2013-05-29 10:15:00,64.73581556142165,0.0,7.6,May,2013_Rolling_RealWeather
2013-05-29 10:20:00,64.72910477419039,0.0,7.6,May,2013_Rolling_RealWeather
2013-05-29 10:25:00,64.73461089579143,0.0,7.6,May,2013_Rolling_RealWeather
2013-05-29 10:30:00,64.73336366702868,0.0,7.6,May,2013_Rolling_RealWeather
2013-05-29 10:35:00,64.7317643250785,0.0,7.6,May,2013_Rolling_RealWeather
2013-05-29 10:40:00,64.73159020317264,0.0,7.6,May,2013_Rolling_RealWeather
2013-05-29 10:45:00,64.73153474212114,0.0,7.6,May,2013_Rolling_RealWeather
2013-05-29 10:50:00,64.73141350168298,0.0,7.6,May,2013_Rolling_RealWeather
2013-05-29 10:55:00,64.73138383646939,0.0,7.6,May,2013_Rolling_RealWeather
2013-05-29 11:00:00,64.46592789712194,0.0,9.4,May,2013_Rolling_RealWeather
2013-05-29 11:05:00,64.43678633903953,0.0,9.4,May,2013_Rolling_RealWeather
2013-05-29 11:10:00,64.44635014594319,0.0,9.4,May,2013_Rolling_RealWeather
2013-05-29 11:15:00,64.44563947060887,0.0,9.4,May,2013_Rolling_RealWeather
2013-05-29 11:20:00,64.44458184125472,0.0,9.4,May,2013_Rolling_RealWeather
2013-05-29 11:25:00,64.44569106228468,0.0,9.4,May,2013_Rolling_RealWeather
2013-05-29 11:30:00,64.44534152868106,0.0,9.4,May,2013_Rolling_RealWeather
2013-05-29 11:35:00,64.44495330132057,0.0,9.4,May,2013_Rolling_RealWeather
2013-05-29 11:40:00,64.44488365255822,0.0,9.4,May,2013_Rolling_RealWeather
2013-05-29 11:45:00,64.44486043630411,0.0,9.4,May,2013_Rolling_RealWeather
2013-05-29 11:50:00,64.44482948129863,0.0,9.4,May,2013_Rolling_RealWeather
2013-05-29 11:55:00,64.44482690171483,0.0,9.4,May,2013_Rolling_RealWeather
2013-05-29 12:00:00,63.1848111421094,0.0,5.4,May,2013_Rolling_RealWeather
2013-05-29 12:05:00,63.06480890417066,0.0,5.4,May,2013_Rolling_RealWeather
2013-05-29 12:10:00,63.104086936758236,0.0,5.4,May,2013_Rolling_RealWeather
2013-05-29 12:15:00,63.07564444588308,0.0,5.4,May,2013_Rolling_RealWeather
2013-05-29 12:20:00,63.059225395055904,0.0,5.4,May,2013_Rolling_RealWeather
2013-05-29 12:25:00,63.06078862283301,0.0,5.4,May,2013_Rolling_RealWeather
2013-05-29 12:30:00,63.05825934092632,0.0,5.4,May,2013_Rolling_RealWeather
2013-05-29 12:35:00,63.05663162355445,0.0,5.4,May,2013_Rolling_RealWeather
2013-05-29 12:40:00,63.05619954326953,0.0,5.4,May,2013_Rolling_RealWeather
2013-05-29 12:45:00,63.05584871987401,0.0,5.4,May,2013_Rolling_RealWeather
2013-05-29 12:50:00,63.055595920662526,0.0,5.4,May,2013_Rolling_RealWeather
2013-05-29 12:55:00,63.055501765854174,0.0,5.4,May,2013_Rolling_RealWeather
2013-05-29 13:00:00,62.66006319903514,0.0,7.6,May,2013_Rolling_RealWeather
2013-05-29 13:05:00,62.62210075418077,0.0,7.6,May,2013_Rolling_RealWeather
2013-05-29 13:10:00,62.63495353041744,0.0,7.6,May,2013_Rolling_RealWeather
2013-05-29 13:15:00,62.62476030506888,0.0,7.6,May,2013_Rolling_RealWeather
2013-05-29 13:20:00,62.618756323796255,0.0,7.6,May,2013_Rolling_RealWeather
2013-05-29 13:25:00,62.61865056086084,0.0,7.6,May,2013_Rolling_RealWeather
2013-05-29 13:30:00,62.61794504469411,0.0,7.6,May,2013_Rolling_RealWeather
2013-05-29 13:35:00,62.61724339790307,0.0,7.6,May,2013_Rolling_RealWeather
2013-05-29 13:40:00,62.61698543952401,0.0,7.6,May,2013_Rolling_RealWeather
2013-05-29 13:45:00,62.61685903991827,0.0,7.6,May,2013_Rolling_RealWeather
2013-05-29 13:50:00,62.61677262386129,0.0,7.6,May,2013_Rolling_RealWeather
2013-05-29 13:55:00,62.616724901561156,0.0,7.6,May,2013_Rolling_RealWeather
2013-05-29 14:00:00,62.06556971891653,0.0,7.6,May,2013_Rolling_RealWeather
2013-05-29 14:05:00,62.01367365221722,0.0,7.6,May,2013_Rolling_RealWeather
2013-05-29 14:10:00,62.02917566100684,0.0,7.6,May,2013_Rolling_RealWeather
2013-05-29 14:15:00,62.009196784548635,0.0,7.6,May,2013_Rolling_RealWeather
2013-05-29 14:20:00,61.99643687332843,0.0,7.6,May,2013_Rolling_RealWeather
2013-05-29 14:25:00,61.99397079122461,0.0,7.6,May,2013_Rolling_RealWeather
2013-05-29 14:30:00,61.99314016524404,0.0,7.6,May,2013_Rolling_RealWeather
2013-05-29 14:35:00,61.99157177829935,0.0,7.6,May,2013_Rolling_RealWeather
2013-05-29 14:40:00,61.99078242565943,0.0,7.6,May,2013_Rolling_RealWeather
2013-05-29 14:45:00,61.9905180183209,0.0,7.6,May,2013_Rolling_RealWeather
2013-05-29 14:50:00,61.99034131683124,0.0,7.6,May,2013_Rolling_RealWeather
2013-05-29 14:55:00,61.990213627433604,0.0,7.6,May,2013_Rolling_RealWeather
2013-05-29 15:00:00,61.697552107638586,0.0,5.4,May,2013_Rolling_RealWeather
2013-05-29 15:05:00,61.67089597853842,0.0,5.4,May,2013_Rolling_RealWeather
2013-05-29 15:10:00,61.67670391144295,0.0,5.4,May,2013_Rolling_RealWeather
2013-05-29 15:15:00,61.661474048743244,0.0,5.4,May,2013_Rolling_RealWeather
2013-05-29 15:20:00,61.65044890762222,0.0,5.4,May,2013_Rolling_RealWeather
2013-05-29 15:25:00,61.64684135969107,0.0,5.4,May,2013_Rolling_RealWeather
2013-05-29 15:30:00,61.64644410378731,0.0,5.4,May,2013_Rolling_RealWeather
2013-05-29 15:35:00,61.64493117789412,0.0,5.4,May,2013_Rolling_RealWeather
2013-05-29 15:40:00,61.643948356469906,0.0,5.4,May,2013_Rolling_RealWeather
2013-05-29 15:45:00,61.643642675790716,0.0,5.4,May,2013_Rolling_RealWeather
2013-05-29 15:50:00,61.643462104925376,0.0,5.4,May,2013_Rolling_RealWeather
2013-05-29 15:55:00,61.64331248906552,0.0,5.4,May,2013_Rolling_RealWeather
2013-05-29 16:00:00,62.091449393295726,0.0,0.0,May,2013_Rolling_RealWeather
2013-05-29 16:05:00,62.129754922794255,0.0,0.0,May,2013_Rolling_RealWeather
2013-05-29 16:10:00,62.12587393898129,0.0,0.0,May,2013_Rolling_RealWeather
2013-05-29 16:15:00,62.15673607945204,0.0,0.0,May,2013_Rolling_RealWeather
2013-05-29 16:20:00,62.18313553996505,0.0,0.0,May,2013_Rolling_RealWeather
2013-05-29 16:25:00,62.1944560434301,0.0,0.0,May,2013_Rolling_RealWeather
2013-05-29 16:30:00,62.19530085712152,0.0,0.0,May,2013_Rolling_RealWeather
2013-05-29 16:35:00,62.19934822408897,0.0,0.0,May,2013_Rolling_RealWeather
2013-05-29 16:40:00,62.202669438219374,0.0,0.0,May,2013_Rolling_RealWeather
2013-05-29 16:45:00,62.20393988323624,0.0,0.0,May,2013_Rolling_RealWeather
2013-05-29 16:50:00,62.204533187508076,0.0,0.0,May,2013_Rolling_RealWeather
2013-05-29 16:55:00,62.205060712393255,0.0,0.0,May,2013_Rolling_RealWeather
2013-05-29 17:00:00,61.949153102446715,0.0,16.6,May,2013_Rolling_RealWeather
2013-05-29 17:05:00,61.9066467207452,0.0,16.6,May,2013_Rolling_RealWeather
2013-05-29 17:10:00,61.913714780331446,0.0,16.6,May,2013_Rolling_RealWeather
2013-05-29 17:15:00,61.90753022819348,0.0,16.6,May,2013_Rolling_RealWeather
2013-05-29 17:20:00,61.90087232242994,0.0,16.6,May,2013_Rolling_RealWeather
2013-05-29 17:25:00,61.8940506130957,0.0,16.6,May,2013_Rolling_RealWeather
2013-05-29 17:30:00,61.892439663018465,0.0,16.6,May,2013_Rolling_RealWeather
2013-05-29 17:35:00,61.88972852045455,0.0,16.6,May,2013_Rolling_RealWeather
2013-05-29 17:40:00,61.888271055612854,0.0,16.6,May,2013_Rolling_RealWeather
2013-05-29 17:45:00,61.88786864054152,0.0,16.6,May,2013_Rolling_RealWeather
2013-05-29 17:50:00,61.887513947770316,0.0,16.6,May,2013_Rolling_RealWeather
2013-05-29 17:55:00,61.8872701771021,0.0,16.6,May,2013_Rolling_RealWeather
2013-05-29 18:00:00,61.889822675262906,0.0,14.8,May,2013_Rolling_RealWeather
2013-05-29 18:05:00,61.890321824726385,0.0,14.8,May,2013_Rolling_RealWeather
2013-05-29 18:10:00,61.89021864137476,0.0,14.8,May,2013_Rolling_RealWeather
2013-05-29 18:15:00,61.89019800470444,0.0,14.8,May,2013_Rolling_RealWeather
2013-05-29 18:20:00,61.89018768636927,0.0,14.8,May,2013_Rolling_RealWeather
2013-05-29 18:25:00,61.89022122095855,0.0,14.8,May,2013_Rolling_RealWeather
2013-05-29 18:30:00,61.89022638012613,0.0,14.8,May,2013_Rolling_RealWeather
2013-05-29 18:35:00,61.89024572700456,0.0,14.8,May,2013_Rolling_RealWeather
2013-05-29 18:40:00,61.89025217596404,0.0,14.8,May,2013_Rolling_RealWeather
2013-05-29 18:45:00,61.89025088617214,0.0,14.8,May,2013_Rolling_RealWeather
2013-05-29 18:50:00,61.89025088617214,0.0,14.8,May,2013_Rolling_RealWeather
2013-05-29 18:55:00,61.89025346575593,0.0,14.8,May,2013_Rolling_RealWeather
2013-05-29 19:00:00,61.33895062209229,0.0,18.4,May,2013_Rolling_RealWeather
2013-05-29 19:05:00,61.195610244704035,0.0,18.4,May,2013_Rolling_RealWeather
2013-05-29 19:10:00,61.20277374889053,0.0,18.4,May,2013_Rolling_RealWeather
2013-05-29 19:15:00,61.21823061496381,0.0,18.4,May,2013_Rolling_RealWeather
2013-05-29 19:20:00,61.2460888301104,0.0,18.4,May,2013_Rolling_RealWeather
2013-05-29 19:25:00,61.25523538933592,0.0,18.4,May,2013_Rolling_RealWeather
2013-05-29 19:30:00,61.25471818278591,0.0,18.4,May,2013_Rolling_RealWeather
2013-05-29 19:35:00,61.24874709120662,0.0,18.4,May,2013_Rolling_RealWeather
2013-05-29 19:40:00,61.244918988861365,0.0,18.4,May,2013_Rolling_RealWeather
2013-05-29 19:45:00,61.24415349737151,0.0,18.4,May,2013_Rolling_RealWeather
2013-05-29 19:50:00,61.244391463976186,0.0,18.4,May,2013_Rolling_RealWeather
2013-05-29 19:55:00,61.24496671116149,0.0,18.4,May,2013_Rolling_RealWeather
2013-05-29 20:00:00,60.91016124118754,0.0,20.5,May,2013_Rolling_RealWeather
2013-05-29 20:05:00,60.82203105077356,0.0,20.5,May,2013_Rolling_RealWeather
2013-05-29 20:10:00,60.82208070776153,0.0,20.5,May,2013_Rolling_RealWeather
2013-05-29 20:15:00,60.828291055737395,0.0,20.5,May,2013_Rolling_RealWeather
2013-05-29 20:20:00,60.84414969198606,0.0,20.5,May,2013_Rolling_RealWeather
2013-05-29 20:25:00,60.85233084197795,0.0,20.5,May,2013_Rolling_RealWeather
2013-05-29 20:30:00,60.85368060919639,0.0,20.5,May,2013_Rolling_RealWeather
2013-05-29 20:35:00,60.850179469096595,0.0,20.5,May,2013_Rolling_RealWeather
2013-05-29 20:40:00,60.8476798524035,0.0,20.5,May,2013_Rolling_RealWeather
2013-05-29 20:45:00,60.846872442677046,0.0,20.5,May,2013_Rolling_RealWeather
2013-05-29 20:50:00,60.846795700059275,0.0,20.5,May,2013_Rolling_RealWeather
2013-05-29 20:55:00,60.84709686646683,0.0,20.5,May,2013_Rolling_RealWeather
2013-05-29 21:00:00,59.67169806537656,0.0,29.5,May,2013_Rolling_RealWeather
2013-05-29 21:05:00,59.32411591688776,0.0,29.5,May,2013_Rolling_RealWeather
2013-05-29 21:10:00,59.26451592319783,0.0,29.5,May,2013_Rolling_RealWeather
2013-05-29 21:15:00,59.26356534657099,0.0,29.5,May,2013_Rolling_RealWeather
2013-05-29 21:20:00,59.30666761212814,0.0,29.5,May,2013_Rolling_RealWeather
2013-05-29 21:25:00,59.343998058953815,0.0,29.5,May,2013_Rolling_RealWeather
2013-05-29 21:30:00,59.35423255764302,0.0,29.5,May,2013_Rolling_RealWeather
2013-05-29 21:35:00,59.33451937831525,0.0,29.5,May,2013_Rolling_RealWeather
2013-05-29 21:40:00,59.3207289233707,0.0,29.5,May,2013_Rolling_RealWeather
2013-05-29 21:45:00,59.31460241186802,0.0,29.5,May,2013_Rolling_RealWeather
2013-05-29 21:50:00,59.31254390400313,0.0,29.5,May,2013_Rolling_RealWeather
2013-05-29 21:55:00,59.31342612165951,0.0,29.5,May,2013_Rolling_RealWeather
2013-05-29 22:00:00,58.47454547295617,0.0,35.3,May,2013_Rolling_RealWeather
2013-05-29 22:05:00,58.226519781281816,0.0,35.3,May,2013_Rolling_RealWeather
2013-05-29 22:10:00,58.154643548332416,0.0,35.3,May,2013_Rolling_RealWeather
2013-05-29 22:15:00,58.13164526904731,0.0,35.3,May,2013_Rolling_RealWeather
2013-05-29 22:20:00,58.119737910269905,0.0,35.3,May,2013_Rolling_RealWeather
2013-05-29 22:25:00,58.12730253973584,0.0,35.3,May,2013_Rolling_RealWeather
2013-05-29 22:30:00,58.12961513660411,0.0,35.3,May,2013_Rolling_RealWeather
2013-05-29 22:35:00,58.114037030092675,0.0,35.3,May,2013_Rolling_RealWeather
2013-05-29 22:40:00,58.10449514965124,0.0,35.3,May,2013_Rolling_RealWeather
2013-05-29 22:45:00,58.10040006038366,0.0,35.3,May,2013_Rolling_RealWeather
2013-05-29 22:50:00,58.098514384632736,0.0,35.3,May,2013_Rolling_RealWeather
2013-05-29 22:55:00,58.09755348967074,0.0,35.3,May,2013_Rolling_RealWeather
2013-05-29 23:00:00,58.3816675585756,0.0,33.5,May,2013_Rolling_RealWeather
2013-05-29 23:05:00,58.45623558721049,0.0,33.5,May,2013_Rolling_RealWeather
2013-05-29 23:10:00,58.47096630044672,0.0,33.5,May,2013_Rolling_RealWeather
2013-05-29 23:15:00,58.47969948136979,0.0,33.5,May,2013_Rolling_RealWeather
2013-05-29 23:20:00,58.49151010575506,0.0,33.5,May,2013_Rolling_RealWeather
2013-05-29 23:25:00,58.49371049072844,0.0,33.5,May,2013_Rolling_RealWeather
2013-05-29 23:30:00,58.49446888836288,0.0,33.5,May,2013_Rolling_RealWeather
2013-05-29 23:35:00,58.49933269360005,0.0,33.5,May,2013_Rolling_RealWeather
2013-05-29 23:40:00,58.50204254637208,0.0,33.5,May,2013_Rolling_RealWeather
2013-05-29 23:45:00,58.50286930297697,0.0,33.5,May,2013_Rolling_RealWeather
2013-05-29 23:50:00,58.50329622409431,0.0,33.5,May,2013_Rolling_RealWeather
2013-05-29 23:55:00,58.50376441855231,0.0,33.5,May,2013_Rolling_RealWeather
2013-05-30 00:00:00,58.79060897689952,0.0,31.7,May,2013_Rolling_RealWeather
2013-05-30 00:05:00,58.87077728194381,0.0,31.7,May,2013_Rolling_RealWeather
2013-05-30 00:10:00,58.8846928467022,0.0,31.7,May,2013_Rolling_RealWeather
2013-05-30 00:15:00,58.891619029179964,0.0,31.7,May,2013_Rolling_RealWeather
2013-05-30 00:20:00,58.90150915343313,0.0,31.7,May,2013_Rolling_RealWeather
2013-05-30 00:25:00,58.902231436894496,0.0,31.7,May,2013_Rolling_RealWeather
2013-05-30 00:30:00,58.902039257902096,0.0,31.7,May,2013_Rolling_RealWeather
2013-05-30 00:35:00,58.906203995932024,0.0,31.7,May,2013_Rolling_RealWeather
2013-05-30 00:40:00,58.90871909012786,0.0,31.7,May,2013_Rolling_RealWeather
2013-05-30 00:45:00,58.90940267983237,0.0,31.7,May,2013_Rolling_RealWeather
2013-05-30 00:50:00,58.909705780927766,0.0,31.7,May,2013_Rolling_RealWeather
2013-05-30 00:55:00,58.91006047369897,0.0,31.7,May,2013_Rolling_RealWeather
2013-05-30 01:00:00,59.37255792089145,0.0,33.5,May,2013_Rolling_RealWeather
2013-05-30 01:05:00,59.497926982906534,0.0,33.5,May,2013_Rolling_RealWeather
2013-05-30 01:10:00,59.51465558378858,0.0,33.5,May,2013_Rolling_RealWeather
2013-05-30 01:15:00,59.522556848939196,0.0,33.5,May,2013_Rolling_RealWeather
2013-05-30 01:20:00,59.54186632340373,0.0,33.5,May,2013_Rolling_RealWeather
2013-05-30 01:25:00,59.54521204358014,0.0,33.5,May,2013_Rolling_RealWeather
2013-05-30 01:30:00,59.545574475102725,0.0,33.5,May,2013_Rolling_RealWeather
2013-05-30 01:35:00,59.55215241376875,0.0,33.5,May,2013_Rolling_RealWeather
2013-05-30 01:40:00,59.556291355960774,0.0,33.5,May,2013_Rolling_RealWeather
2013-05-30 01:45:00,59.55733092822838,0.0,33.5,May,2013_Rolling_RealWeather
2013-05-30 01:50:00,59.55771528621318,0.0,33.5,May,2013_Rolling_RealWeather
2013-05-30 01:55:00,59.558343414866194,0.0,33.5,May,2013_Rolling_RealWeather
2013-05-30 02:00:00,60.88134600045463,0.0,27.7,May,2013_Rolling_RealWeather
2013-05-30 02:05:00,61.18715823841413,0.0,27.7,May,2013_Rolling_RealWeather
2013-05-30 02:10:00,61.17573842097314,0.0,27.7,May,2013_Rolling_RealWeather
2013-05-30 02:15:00,61.19235867933598,0.0,27.7,May,2013_Rolling_RealWeather
2013-05-30 02:20:00,61.24757724995758,0.0,27.7,May,2013_Rolling_RealWeather
2013-05-30 02:25:00,61.26010370884474,0.0,27.7,May,2013_Rolling_RealWeather
2013-05-30 02:30:00,61.26049967495659,0.0,27.7,May,2013_Rolling_RealWeather
2013-05-30 02:35:00,61.274242407601015,0.0,27.7,May,2013_Rolling_RealWeather
2013-05-30 02:40:00,61.282451933014606,0.0,27.7,May,2013_Rolling_RealWeather
2013-05-30 02:45:00,61.28370045156925,0.0,27.7,May,2013_Rolling_RealWeather
2013-05-30 02:50:00,61.28416606644346,0.0,27.7,May,2013_Rolling_RealWeather
2013-05-30 02:55:00,61.285451988963075,0.0,27.7,May,2013_Rolling_RealWeather
2013-05-30 03:00:00,62.33377164536206,0.0,24.1,May,2013_Rolling_RealWeather
2013-05-30 03:05:00,62.54844073904017,0.0,24.1,May,2013_Rolling_RealWeather
2013-05-30 03:10:00,62.51810999283028,0.0,24.1,May,2013_Rolling_RealWeather
2013-05-30 03:15:00,62.5274093923954,0.0,24.1,May,2013_Rolling_RealWeather
2013-05-30 03:20:00,62.56592386818097,0.0,24.1,May,2013_Rolling_RealWeather
2013-05-30 03:25:00,62.57512395377014,0.0,24.1,May,2013_Rolling_RealWeather
2013-05-30 03:30:00,62.575263251294835,0.0,24.1,May,2013_Rolling_RealWeather
2013-05-30 03:35:00,62.583457299205676,0.0,24.1,May,2013_Rolling_RealWeather
2013-05-30 03:40:00,62.588087652109806,0.0,24.1,May,2013_Rolling_RealWeather
2013-05-30 03:45:00,62.5886087280355,0.0,24.1,May,2013_Rolling_RealWeather
2013-05-30 03:50:00,62.58882541307392,0.0,24.1,May,2013_Rolling_RealWeather
2013-05-30 03:55:00,62.5895167415298,0.0,24.1,May,2013_Rolling_RealWeather
2013-05-30 04:00:00,63.19204171547445,0.0,11.2,May,2013_Rolling_RealWeather
2013-05-30 04:05:00,63.28102187874743,0.0,11.2,May,2013_Rolling_RealWeather
2013-05-30 04:10:00,63.258006832167695,0.0,11.2,May,2013_Rolling_RealWeather
2013-05-30 04:15:00,63.272772369785095,0.0,11.2,May,2013_Rolling_RealWeather
2013-05-30 04:20:00,63.29193351818167,0.0,11.2,May,2013_Rolling_RealWeather
2013-05-30 04:25:00,63.297776275467385,0.0,11.2,May,2013_Rolling_RealWeather
2013-05-30 04:30:00,63.297885907778486,0.0,11.2,May,2013_Rolling_RealWeather
2013-05-30 04:35:00,63.300146912970945,0.0,11.2,May,2013_Rolling_RealWeather
2013-05-30 04:40:00,63.301596639061266,0.0,11.2,May,2013_Rolling_RealWeather
2013-05-30 04:45:00,63.30193327474594,0.0,11.2,May,2013_Rolling_RealWeather
2013-05-30 04:50:00,63.302099657900435,0.0,11.2,May,2013_Rolling_RealWeather
2013-05-30 04:55:00,63.30229054710094,0.0,11.2,May,2013_Rolling_RealWeather
2013-05-30 05:00:00,63.59250662146246,0.0,7.6,May,2013_Rolling_RealWeather
2013-05-30 05:05:00,63.631195219153895,0.0,7.6,May,2013_Rolling_RealWeather
2013-05-30 05:10:00,63.620716949796474,0.0,7.6,May,2013_Rolling_RealWeather
2013-05-30 05:15:00,63.628117775691706,0.0,7.6,May,2013_Rolling_RealWeather
2013-05-30 05:20:00,63.63601517146663,0.0,7.6,May,2013_Rolling_RealWeather
2013-05-30 05:25:00,63.63862313067893,0.0,7.6,May,2013_Rolling_RealWeather
2013-05-30 05:30:00,63.6388230484227,0.0,7.6,May,2013_Rolling_RealWeather
2013-05-30 05:35:00,63.63966141315464,0.0,7.6,May,2013_Rolling_RealWeather
2013-05-30 05:40:00,63.64020570533446,0.0,7.6,May,2013_Rolling_RealWeather
2013-05-30 05:45:00,63.64035274161053,0.0,7.6,May,2013_Rolling_RealWeather
2013-05-30 05:50:00,63.64043012912424,0.0,7.6,May,2013_Rolling_RealWeather
2013-05-30 05:55:00,63.64049848809469,0.0,7.6,May,2013_Rolling_RealWeather
2013-05-30 06:00:00,63.95533024077803,0.0,7.6,May,2013_Rolling_RealWeather
2013-05-30 06:05:00,63.99649652870033,0.0,7.6,May,2013_Rolling_RealWeather
2013-05-30 06:10:00,63.98488840164263,0.0,7.6,May,2013_Rolling_RealWeather
2013-05-30 06:15:00,63.991138733167254,0.0,7.6,May,2013_Rolling_RealWeather
2013-05-30 06:20:00,63.998201633585914,0.0,7.6,May,2013_Rolling_RealWeather
2013-05-30 06:25:00,64.00052325899746,0.0,7.6,May,2013_Rolling_RealWeather
2013-05-30 06:30:00,64.00082120092527,0.0,7.6,May,2013_Rolling_RealWeather
2013-05-30 06:35:00,64.00165053711395,0.0,7.6,May,2013_Rolling_RealWeather
2013-05-30 06:40:00,64.00210841323678,0.0,7.6,May,2013_Rolling_RealWeather
2013-05-30 06:45:00,64.00222707409115,0.0,7.6,May,2013_Rolling_RealWeather
2013-05-30 06:50:00,64.0022980126454,0.0,7.6,May,2013_Rolling_RealWeather
2013-05-30 06:55:00,64.00235734307257,0.0,7.6,May,2013_Rolling_RealWeather
2013-05-30 07:00:00,63.47398764420332,0.0,0.0,May,2013_Rolling_RealWeather
2013-05-30 07:05:00,63.41895351382275,0.0,0.0,May,2013_Rolling_RealWeather
2013-05-30 07:10:00,63.43157928668584,0.0,0.0,May,2013_Rolling_RealWeather
2013-05-30 07:15:00,63.41402134961512,0.0,0.0,May,2013_Rolling_RealWeather
2013-05-30 07:20:00,63.401414923630455,0.0,0.0,May,2013_Rolling_RealWeather
2013-05-30 07:25:00,63.39699609659716,0.0,0.0,May,2013_Rolling_RealWeather
2013-05-30 07:30:00,63.395840443058965,0.0,0.0,May,2013_Rolling_RealWeather
2013-05-30 07:35:00,63.39480216058325,0.0,0.0,May,2013_Rolling_RealWeather
2013-05-30 07:40:00,63.39407729753809,0.0,0.0,May,2013_Rolling_RealWeather
2013-05-30 07:45:00,63.393748400604785,0.0,0.0,May,2013_Rolling_RealWeather
2013-05-30 07:50:00,63.39359491536925,0.0,0.0,May,2013_Rolling_RealWeather
2013-05-30 07:55:00,63.393499470768994,0.0,0.0,May,2013_Rolling_RealWeather
2013-05-30 08:00:00,64.61117910120309,0.0,9.4,May,2013_Rolling_RealWeather
2013-05-30 08:05:00,64.77113135330686,0.0,9.4,May,2013_Rolling_RealWeather
2013-05-30 08:10:00,64.72691728713596,0.0,9.4,May,2013_Rolling_RealWeather
2013-05-30 08:15:00,64.73399308547359,0.0,9.4,May,2013_Rolling_RealWeather
2013-05-30 08:20:00,64.74841037927925,0.0,9.4,May,2013_Rolling_RealWeather
2013-05-30 08:25:00,64.753032993432,0.0,9.4,May,2013_Rolling_RealWeather
2013-05-30 08:30:00,64.75479484916099,0.0,9.4,May,2013_Rolling_RealWeather
2013-05-30 08:35:00,64.7580580226561,0.0,9.4,May,2013_Rolling_RealWeather
2013-05-30 08:40:00,64.75927300662147,0.0,9.4,May,2013_Rolling_RealWeather
2013-05-30 08:45:00,64.7594587366544,0.0,9.4,May,2013_Rolling_RealWeather
2013-05-30 08:50:00,64.7596186708494,0.0,9.4,May,2013_Rolling_RealWeather
2013-05-30 08:55:00,64.759759258166,0.0,9.4,May,2013_Rolling_RealWeather
2013-05-30 09:00:00,64.43332453759254,0.0,7.6,May,2013_Rolling_RealWeather
2013-05-30 09:05:00,64.39468753157692,0.0,7.6,May,2013_Rolling_RealWeather
2013-05-30 09:10:00,64.4056185178896,0.0,7.6,May,2013_Rolling_RealWeather
2013-05-30 09:15:00,64.40286094281744,0.0,7.6,May,2013_Rolling_RealWeather
2013-05-30 09:20:00,64.39860333977106,0.0,7.6,May,2013_Rolling_RealWeather
2013-05-30 09:25:00,64.39709299346165,0.0,7.6,May,2013_Rolling_RealWeather
2013-05-30 09:30:00,64.39651645648446,0.0,7.6,May,2013_Rolling_RealWeather
2013-05-30 09:35:00,64.39569356925526,0.0,7.6,May,2013_Rolling_RealWeather
2013-05-30 09:40:00,64.39537370086522,0.0,7.6,May,2013_Rolling_RealWeather
2013-05-30 09:45:00,64.39529373376772,0.0,7.6,May,2013_Rolling_RealWeather
2013-05-30 09:50:00,64.39523569313243,0.0,7.6,May,2013_Rolling_RealWeather
2013-05-30 09:55:00,64.39519184020799,0.0,7.6,May,2013_Rolling_RealWeather
2013-05-30 10:00:00,62.91960671218154,0.0,0.0,May,2013_Rolling_RealWeather
2013-05-30 10:05:00,62.78331184317436,0.0,0.0,May,2013_Rolling_RealWeather
2013-05-30 10:10:00,62.81539799615374,0.0,0.0,May,2013_Rolling_RealWeather
2013-05-30 10:15:00,62.768830059773926,0.0,0.0,May,2013_Rolling_RealWeather
2013-05-30 10:20:00,62.73503106315758,0.0,0.0,May,2013_Rolling_RealWeather
2013-05-30 10:25:00,62.72377891866298,0.0,0.0,May,2013_Rolling_RealWeather
2013-05-30 10:30:00,62.71916533305349,0.0,0.0,May,2013_Rolling_RealWeather
2013-05-30 10:35:00,62.71611884459679,0.0,0.0,May,2013_Rolling_RealWeather
2013-05-30 10:40:00,62.714148042580774,0.0,0.0,May,2013_Rolling_RealWeather
2013-05-30 10:45:00,62.71308654385094,0.0,0.0,May,2013_Rolling_RealWeather
2013-05-30 10:50:00,62.71253193333596,0.0,0.0,May,2013_Rolling_RealWeather
2013-05-30 10:55:00,62.712223673072984,0.0,0.0,May,2013_Rolling_RealWeather
2013-05-30 11:00:00,62.40593292232033,0.0,0.0,May,2013_Rolling_RealWeather
2013-05-30 11:05:00,62.37861512997787,0.0,0.0,May,2013_Rolling_RealWeather
2013-05-30 11:10:00,62.38522660323318,0.0,0.0,May,2013_Rolling_RealWeather
2013-05-30 11:15:00,62.37447747757774,0.0,0.0,May,2013_Rolling_RealWeather
2013-05-30 11:20:00,62.36701216208775,0.0,0.0,May,2013_Rolling_RealWeather
2013-05-30 11:25:00,62.36447514142969,0.0,0.0,May,2013_Rolling_RealWeather
2013-05-30 11:30:00,62.36335560206457,0.0,0.0,May,2013_Rolling_RealWeather
2013-05-30 11:35:00,62.36262300026804,0.0,0.0,May,2013_Rolling_RealWeather
2013-05-30 11:40:00,62.362136748723515,0.0,0.0,May,2013_Rolling_RealWeather
2013-05-30 11:45:00,62.36187105159308,0.0,0.0,May,2013_Rolling_RealWeather
2013-05-30 11:50:00,62.36173046427649,0.0,0.0,May,2013_Rolling_RealWeather
2013-05-30 11:55:00,62.361650497178985,0.0,0.0,May,2013_Rolling_RealWeather
2013-05-30 12:00:00,62.79859974650935,0.0,5.4,May,2013_Rolling_RealWeather
2013-05-30 12:05:00,62.84207992109182,0.0,5.4,May,2013_Rolling_RealWeather
2013-05-30 12:10:00,62.828579669323716,0.0,5.4,May,2013_Rolling_RealWeather
2013-05-30 12:15:00,62.839051489721655,0.0,5.4,May,2013_Rolling_RealWeather
2013-05-30 12:20:00,62.84819869384313,0.0,5.4,May,2013_Rolling_RealWeather
2013-05-30 12:25:00,62.85186170282578,0.0,5.4,May,2013_Rolling_RealWeather
2013-05-30 12:30:00,62.853199217021206,0.0,5.4,May,2013_Rolling_RealWeather
2013-05-30 12:35:00,62.85442451932174,0.0,5.4,May,2013_Rolling_RealWeather
2013-05-30 12:40:00,62.85512745590468,0.0,5.4,May,2013_Rolling_RealWeather
2013-05-30 12:45:00,62.855452483462294,0.0,5.4,May,2013_Rolling_RealWeather
2013-05-30 12:50:00,62.855639503287115,0.0,5.4,May,2013_Rolling_RealWeather
2013-05-30 12:55:00,62.855758164141484,0.0,5.4,May,2013_Rolling_RealWeather
2013-05-30 13:00:00,62.94463254432605,0.0,9.4,May,2013_Rolling_RealWeather
2013-05-30 13:05:00,62.954556203168494,0.0,9.4,May,2013_Rolling_RealWeather
2013-05-30 13:10:00,62.951581943057924,0.0,9.4,May,2013_Rolling_RealWeather
2013-05-30 13:15:00,62.953125823956604,0.0,9.4,May,2013_Rolling_RealWeather
2013-05-30 13:20:00,62.95483737780167,0.0,9.4,May,2013_Rolling_RealWeather
2013-05-30 13:25:00,62.955700248579625,0.0,9.4,May,2013_Rolling_RealWeather
2013-05-30 13:30:00,62.95595949675058,0.0,9.4,May,2013_Rolling_RealWeather
2013-05-30 13:35:00,62.95627420597303,0.0,9.4,May,2013_Rolling_RealWeather
2013-05-30 13:40:00,62.95643929933563,0.0,9.4,May,2013_Rolling_RealWeather
2013-05-30 13:45:00,62.9565024991385,0.0,9.4,May,2013_Rolling_RealWeather
2013-05-30 13:50:00,62.95654119289536,0.0,9.4,May,2013_Rolling_RealWeather
2013-05-30 13:55:00,62.95656827852516,0.0,9.4,May,2013_Rolling_RealWeather
2013-05-30 14:00:00,62.06108898187225,0.0,5.4,May,2013_Rolling_RealWeather
2013-05-30 14:05:00,61.97851779452702,0.0,5.4,May,2013_Rolling_RealWeather
2013-05-30 14:10:00,62.00361972439335,0.0,5.4,May,2013_Rolling_RealWeather
2013-05-30 14:15:00,61.96858381734942,0.0,5.4,May,2013_Rolling_RealWeather
2013-05-30 14:20:00,61.938049284020074,0.0,5.4,May,2013_Rolling_RealWeather
2013-05-30 14:25:00,61.92489856585559,0.0,5.4,May,2013_Rolling_RealWeather
2013-05-30 14:30:00,61.92222740684043,0.0,5.4,May,2013_Rolling_RealWeather
2013-05-30 14:35:00,61.91823937030016,0.0,5.4,May,2013_Rolling_RealWeather
2013-05-30 14:40:00,61.91542504438461,0.0,5.4,May,2013_Rolling_RealWeather
2013-05-30 14:45:00,61.914206191043554,0.0,5.4,May,2013_Rolling_RealWeather
2013-05-30 14:50:00,61.91354194821748,0.0,5.4,May,2013_Rolling_RealWeather
2013-05-30 14:55:00,61.91309310063791,0.0,5.4,May,2013_Rolling_RealWeather
2013-05-30 15:00:00,61.95604188095952,0.0,9.4,May,2013_Rolling_RealWeather
2013-05-30 15:05:00,61.96088762911016,0.0,9.4,May,2013_Rolling_RealWeather
2013-05-30 15:10:00,61.95932569112495,0.0,9.4,May,2013_Rolling_RealWeather
2013-05-30 15:15:00,61.96067868282312,0.0,9.4,May,2013_Rolling_RealWeather
2013-05-30 15:20:00,61.9621400170405,0.0,9.4,May,2013_Rolling_RealWeather
2013-05-30 15:25:00,61.96291647176147,0.0,9.4,May,2013_Rolling_RealWeather
2013-05-30 15:30:00,61.96300933677793,0.0,9.4,May,2013_Rolling_RealWeather
2013-05-30 15:35:00,61.96323505035961,0.0,9.4,May,2013_Rolling_RealWeather
2013-05-30 15:40:00,61.96339369476273,0.0,9.4,May,2013_Rolling_RealWeather
2013-05-30 15:45:00,61.96345431498181,0.0,9.4,May,2013_Rolling_RealWeather
2013-05-30 15:50:00,61.96348784957109,0.0,9.4,May,2013_Rolling_RealWeather
2013-05-30 15:55:00,61.96351493520089,0.0,9.4,May,2013_Rolling_RealWeather
2013-05-30 16:00:00,61.88823752102358,0.0,13.0,May,2013_Rolling_RealWeather
2013-05-30 16:05:00,61.87605156719678,0.0,13.0,May,2013_Rolling_RealWeather
2013-05-30 16:10:00,61.87856150222503,0.0,13.0,May,2013_Rolling_RealWeather
2013-05-30 16:15:00,61.87724204511614,0.0,13.0,May,2013_Rolling_RealWeather
2013-05-30 16:20:00,61.87530864706509,0.0,13.0,May,2013_Rolling_RealWeather
2013-05-30 16:25:00,61.87376476616642,0.0,13.0,May,2013_Rolling_RealWeather
2013-05-30 16:30:00,61.87348617111703,0.0,13.0,May,2013_Rolling_RealWeather
2013-05-30 16:35:00,61.873014107283346,0.0,13.0,May,2013_Rolling_RealWeather
2013-05-30 16:40:00,61.872723904106905,0.0,13.0,May,2013_Rolling_RealWeather
2013-05-30 16:45:00,61.872633618674236,0.0,13.0,May,2013_Rolling_RealWeather
2013-05-30 16:50:00,61.87257170866326,0.0,13.0,May,2013_Rolling_RealWeather
2013-05-30 16:55:00,61.87253688428209,0.0,13.0,May,2013_Rolling_RealWeather
2013-05-30 17:00:00,61.819185932324885,0.0,9.4,May,2013_Rolling_RealWeather
2013-05-30 17:05:00,61.81010837696576,0.0,9.4,May,2013_Rolling_RealWeather
2013-05-30 17:10:00,61.81193343249761,0.0,9.4,May,2013_Rolling_RealWeather
2013-05-30 17:15:00,61.81103573733848,0.0,9.4,May,2013_Rolling_RealWeather
2013-05-30 17:20:00,61.809610517294175,0.0,9.4,May,2013_Rolling_RealWeather
2013-05-30 17:25:00,61.80843422708566,0.0,9.4,May,2013_Rolling_RealWeather
2013-05-30 17:30:00,61.808355549780046,0.0,9.4,May,2013_Rolling_RealWeather
2013-05-30 17:35:00,61.80820980329588,0.0,9.4,May,2013_Rolling_RealWeather
2013-05-30 17:40:00,61.808052448684656,0.0,9.4,May,2013_Rolling_RealWeather
2013-05-30 17:45:00,61.80798666929799,0.0,9.4,May,2013_Rolling_RealWeather
2013-05-30 17:50:00,61.8079570040844,0.0,9.4,May,2013_Rolling_RealWeather
2013-05-30 17:55:00,61.80794152658166,0.0,9.4,May,2013_Rolling_RealWeather
2013-05-30 18:00:00,61.90740640817153,0.0,7.6,May,2013_Rolling_RealWeather
2013-05-30 18:05:00,61.9263250756918,0.0,7.6,May,2013_Rolling_RealWeather
2013-05-30 18:10:00,61.92311413876845,0.0,7.6,May,2013_Rolling_RealWeather
2013-05-30 18:15:00,61.92350494571272,0.0,7.6,May,2013_Rolling_RealWeather
2013-05-30 18:20:00,61.92470638686319,0.0,7.6,May,2013_Rolling_RealWeather
2013-05-30 18:25:00,61.925984570631435,0.0,7.6,May,2013_Rolling_RealWeather
2013-05-30 18:30:00,61.925710489853685,0.0,7.6,May,2013_Rolling_RealWeather
2013-05-30 18:35:00,61.92547639262469,0.0,7.6,May,2013_Rolling_RealWeather
2013-05-30 18:40:00,61.92551960065318,0.0,7.6,May,2013_Rolling_RealWeather
2013-05-30 18:45:00,61.92556022909788,0.0,7.6,May,2013_Rolling_RealWeather
2013-05-30 18:50:00,61.925567967849254,0.0,7.6,May,2013_Rolling_RealWeather
2013-05-30 18:55:00,61.925558939305986,0.0,7.6,May,2013_Rolling_RealWeather
2013-05-30 19:00:00,60.291560925802806,0.0,18.4,May,2013_Rolling_RealWeather
2013-05-30 19:05:00,59.77080051544386,0.0,18.4,May,2013_Rolling_RealWeather
2013-05-30 19:10:00,59.74747269432951,0.0,18.4,May,2013_Rolling_RealWeather
2013-05-30 19:15:00,59.82964856045883,0.0,18.4,May,2013_Rolling_RealWeather
2013-05-30 19:20:00,59.97318353519929,0.0,18.4,May,2013_Rolling_RealWeather
2013-05-30 19:25:00,60.0523167822476,0.0,18.4,May,2013_Rolling_RealWeather
2013-05-30 19:30:00,60.069579356974295,0.0,18.4,May,2013_Rolling_RealWeather
2013-05-30 19:35:00,60.050346625127524,0.0,18.4,May,2013_Rolling_RealWeather
2013-05-30 19:40:00,60.02918114012565,0.0,18.4,May,2013_Rolling_RealWeather
2013-05-30 19:45:00,60.01797994241091,0.0,18.4,May,2013_Rolling_RealWeather
2013-05-30 19:50:00,60.015346832256654,0.0,18.4,May,2013_Rolling_RealWeather
2013-05-30 19:55:00,60.01767813110741,0.0,18.4,May,2013_Rolling_RealWeather
2013-05-30 20:00:00,61.408295638447164,0.0,11.2,May,2013_Rolling_RealWeather
2013-05-30 20:05:00,61.69828728901891,0.0,11.2,May,2013_Rolling_RealWeather
2013-05-30 20:10:00,61.67481823569202,0.0,11.2,May,2013_Rolling_RealWeather
2013-05-30 20:15:00,61.67965237571561,0.0,11.2,May,2013_Rolling_RealWeather
2013-05-30 20:20:00,61.67796532791655,0.0,11.2,May,2013_Rolling_RealWeather
2013-05-30 20:25:00,61.672896445768025,0.0,11.2,May,2013_Rolling_RealWeather
2013-05-30 20:30:00,61.66223631575337,0.0,11.2,May,2013_Rolling_RealWeather
2013-05-30 20:35:00,61.659495507975855,0.0,11.2,May,2013_Rolling_RealWeather
2013-05-30 20:40:00,61.65981924574157,0.0,11.2,May,2013_Rolling_RealWeather
2013-05-30 20:45:00,61.65985793949844,0.0,11.2,May,2013_Rolling_RealWeather
2013-05-30 20:50:00,61.65992500867699,0.0,11.2,May,2013_Rolling_RealWeather
2013-05-30 20:55:00,61.660014004317766,0.0,11.2,May,2013_Rolling_RealWeather
2013-05-30 21:00:00,60.05632803504198,0.0,22.3,May,2013_Rolling_RealWeather
2013-05-30 21:05:00,59.58576761504002,0.0,22.3,May,2013_Rolling_RealWeather
2013-05-30 21:10:00,59.54185342548478,0.0,22.3,May,2013_Rolling_RealWeather
2013-05-30 21:15:00,59.56499745125405,0.0,22.3,May,2013_Rolling_RealWeather
2013-05-30 21:20:00,59.63848463428068,0.0,22.3,May,2013_Rolling_RealWeather
2013-05-30 21:25:00,59.69565208045608,0.0,22.3,May,2013_Rolling_RealWeather
2013-05-30 21:30:00,59.71620749389148,0.0,22.3,May,2013_Rolling_RealWeather
2013-05-30 21:35:00,59.702437675617254,0.0,22.3,May,2013_Rolling_RealWeather
2013-05-30 21:40:00,59.689690662316,0.0,22.3,May,2013_Rolling_RealWeather
2013-05-30 21:45:00,59.683330698480276,0.0,22.3,May,2013_Rolling_RealWeather
2013-05-30 21:50:00,59.68086590616836,0.0,22.3,May,2013_Rolling_RealWeather
2013-05-30 21:55:00,59.68139472084543,0.0,22.3,May,2013_Rolling_RealWeather
2013-05-30 22:00:00,60.24493301409986,0.0,20.5,May,2013_Rolling_RealWeather
2013-05-30 22:05:00,60.37880696387255,0.0,20.5,May,2013_Rolling_RealWeather
2013-05-30 22:10:00,60.38352760220935,0.0,20.5,May,2013_Rolling_RealWeather
2013-05-30 22:15:00,60.3921034285212,0.0,20.5,May,2013_Rolling_RealWeather
2013-05-30 22:20:00,60.39700979689093,0.0,20.5,May,2013_Rolling_RealWeather
2013-05-30 22:25:00,60.393782737568884,0.0,20.5,May,2013_Rolling_RealWeather
2013-05-30 22:30:00,60.390961962693865,0.0,20.5,May,2013_Rolling_RealWeather
2013-05-30 22:35:00,60.394890668806944,0.0,20.5,May,2013_Rolling_RealWeather
2013-05-30 22:40:00,60.396958205215114,0.0,20.5,May,2013_Rolling_RealWeather
2013-05-30 22:45:00,60.39720326567522,0.0,20.5,May,2013_Rolling_RealWeather
2013-05-30 22:50:00,60.39734772236749,0.0,20.5,May,2013_Rolling_RealWeather
2013-05-30 22:55:00,60.397484440308396,0.0,20.5,May,2013_Rolling_RealWeather
2013-05-30 23:00:00,61.567741002336085,0.0,13.0,May,2013_Rolling_RealWeather
2013-05-30 23:05:00,61.75517098097734,0.0,13.0,May,2013_Rolling_RealWeather
2013-05-30 23:10:00,61.736573471639005,0.0,13.0,May,2013_Rolling_RealWeather
2013-05-30 23:15:00,61.77740828304421,0.0,13.0,May,2013_Rolling_RealWeather
2013-05-30 23:20:00,61.82545045156036,0.0,13.0,May,2013_Rolling_RealWeather
2013-05-30 23:25:00,61.83799238795026,0.0,13.0,May,2013_Rolling_RealWeather
2013-05-30 23:30:00,61.834450619405764,0.0,13.0,May,2013_Rolling_RealWeather
2013-05-30 23:35:00,61.83948725675691,0.0,13.0,May,2013_Rolling_RealWeather
2013-05-30 23:40:00,61.84316961261799,0.0,13.0,May,2013_Rolling_RealWeather
2013-05-30 23:45:00,61.84364683561925,0.0,13.0,May,2013_Rolling_RealWeather
2013-05-30 23:50:00,61.843658443746314,0.0,13.0,May,2013_Rolling_RealWeather
2013-05-30 23:55:00,61.84405312006628,0.0,13.0,May,2013_Rolling_RealWeather
2013-05-31 00:00:00,62.01680397714711,0.0,16.6,May,2013_Rolling_RealWeather
2013-05-31 00:05:00,62.04749586508768,0.0,16.6,May,2013_Rolling_RealWeather
2013-05-31 00:10:00,62.04573142977491,0.0,16.6,May,2013_Rolling_RealWeather
2013-05-31 00:15:00,62.05073840191247,0.0,16.6,May,2013_Rolling_RealWeather
2013-05-31 00:20:00,62.05957347639527,0.0,16.6,May,2013_Rolling_RealWeather
2013-05-31 00:25:00,62.061562335497825,0.0,16.6,May,2013_Rolling_RealWeather
2013-05-31 00:30:00,62.06116250001028,0.0,16.6,May,2013_Rolling_RealWeather
2013-05-31 00:35:00,62.06264576068988,0.0,16.6,May,2013_Rolling_RealWeather
2013-05-31 00:40:00,62.06356538231123,0.0,16.6,May,2013_Rolling_RealWeather
2013-05-31 00:45:00,62.06369307170886,0.0,16.6,May,2013_Rolling_RealWeather
2013-05-31 00:50:00,62.063731765465725,0.0,16.6,May,2013_Rolling_RealWeather
2013-05-31 00:55:00,62.06388654049316,0.0,16.6,May,2013_Rolling_RealWeather
2013-05-31 01:00:00,62.36499234797971,0.0,14.8,May,2013_Rolling_RealWeather
2013-05-31 01:05:00,62.4134330621915,0.0,14.8,May,2013_Rolling_RealWeather
2013-05-31 01:10:00,62.408475102145964,0.0,14.8,May,2013_Rolling_RealWeather
2013-05-31 01:15:00,62.418094370101116,0.0,14.8,May,2013_Rolling_RealWeather
2013-05-31 01:20:00,62.43467722449899,0.0,14.8,May,2013_Rolling_RealWeather
2013-05-31 01:25:00,62.43880068918827,0.0,14.8,May,2013_Rolling_RealWeather
2013-05-31 01:30:00,62.43845631475222,0.0,14.8,May,2013_Rolling_RealWeather
2013-05-31 01:35:00,62.44092110706414,0.0,14.8,May,2013_Rolling_RealWeather
2013-05-31 01:40:00,62.442553983603595,0.0,14.8,May,2013_Rolling_RealWeather
2013-05-31 01:45:00,62.44286611324225,0.0,14.8,May,2013_Rolling_RealWeather
2013-05-31 01:50:00,62.442979614929044,0.0,14.8,May,2013_Rolling_RealWeather
2013-05-31 01:55:00,62.44324918143516,0.0,14.8,May,2013_Rolling_RealWeather
2013-05-31 02:00:00,62.749274235057385,0.0,13.0,May,2013_Rolling_RealWeather
2013-05-31 02:05:00,62.795136655270476,0.0,13.0,May,2013_Rolling_RealWeather
2013-05-31 02:10:00,62.788819254567294,0.0,13.0,May,2013_Rolling_RealWeather
2013-05-31 02:15:00,62.798933802610236,0.0,13.0,May,2013_Rolling_RealWeather
2013-05-31 02:20:00,62.815551481389285,0.0,13.0,May,2013_Rolling_RealWeather
2013-05-31 02:25:00,62.820027059265975,0.0,13.0,May,2013_Rolling_RealWeather
2013-05-31 02:30:00,62.81996256967121,0.0,13.0,May,2013_Rolling_RealWeather
2013-05-31 02:35:00,62.822241631950206,0.0,13.0,May,2013_Rolling_RealWeather
2013-05-31 02:40:00,62.82380099035163,0.0,13.0,May,2013_Rolling_RealWeather
2013-05-31 02:45:00,62.82417245041747,0.0,13.0,May,2013_Rolling_RealWeather
2013-05-31 02:50:00,62.824314327525954,0.0,13.0,May,2013_Rolling_RealWeather
2013-05-31 02:55:00,62.82456841652933,0.0,13.0,May,2013_Rolling_RealWeather
2013-05-31 03:00:00,63.145965189806745,0.0,11.2,May,2013_Rolling_RealWeather
2013-05-31 03:05:00,63.191505162046006,0.0,11.2,May,2013_Rolling_RealWeather
2013-05-31 03:10:00,63.183953430499024,0.0,11.2,May,2013_Rolling_RealWeather
2013-05-31 03:15:00,63.194505217994475,0.0,11.2,May,2013_Rolling_RealWeather
2013-05-31 03:20:00,63.21090750152701,0.0,11.2,May,2013_Rolling_RealWeather
2013-05-31 03:25:00,63.21570939675322,0.0,11.2,May,2013_Rolling_RealWeather
2013-05-31 03:30:00,63.21588867782666,0.0,11.2,May,2013_Rolling_RealWeather
2013-05-31 03:35:00,63.21799748757548,0.0,11.2,May,2013_Rolling_RealWeather
2013-05-31 03:40:00,63.21946140137664,0.0,11.2,May,2013_Rolling_RealWeather
2013-05-31 03:45:00,63.21987542457504,0.0,11.2,May,2013_Rolling_RealWeather
2013-05-31 03:50:00,63.22004696689711,0.0,11.2,May,2013_Rolling_RealWeather
2013-05-31 03:55:00,63.220272680478786,0.0,11.2,May,2013_Rolling_RealWeather
2013-05-31 04:00:00,63.63701604997738,0.0,5.4,May,2013_Rolling_RealWeather
2013-05-31 04:05:00,63.68569537568981,0.0,5.4,May,2013_Rolling_RealWeather
2013-05-31 04:10:00,63.677454895270735,0.0,5.4,May,2013_Rolling_RealWeather
2013-05-31 04:15:00,63.69362372647022,0.0,5.4,May,2013_Rolling_RealWeather
2013-05-31 04:20:00,63.71224058268699,0.0,5.4,May,2013_Rolling_RealWeather
2013-05-31 04:25:00,63.71837741252482,0.0,5.4,May,2013_Rolling_RealWeather
2013-05-31 04:30:00,63.71895781887771,0.0,5.4,May,2013_Rolling_RealWeather
2013-05-31 04:35:00,63.72088347817739,0.0,5.4,May,2013_Rolling_RealWeather
2013-05-31 04:40:00,63.72233191447582,0.0,5.4,May,2013_Rolling_RealWeather
2013-05-31 04:45:00,63.72285299040151,0.0,5.4,May,2013_Rolling_RealWeather
2013-05-31 04:50:00,63.72306322648045,0.0,5.4,May,2013_Rolling_RealWeather
2013-05-31 04:55:00,63.723256695264745,0.0,5.4,May,2013_Rolling_RealWeather
2013-05-31 05:00:00,63.947625023995506,0.0,7.6,May,2013_Rolling_RealWeather
2013-05-31 05:05:00,63.975800527948344,0.0,7.6,May,2013_Rolling_RealWeather
2013-05-31 05:10:00,63.97022088820927,0.0,7.6,May,2013_Rolling_RealWeather
2013-05-31 05:15:00,63.97709418921933,0.0,7.6,May,2013_Rolling_RealWeather
2013-05-31 05:20:00,63.986508380263125,0.0,7.6,May,2013_Rolling_RealWeather
2013-05-31 05:25:00,63.98983346376921,0.0,7.6,May,2013_Rolling_RealWeather
2013-05-31 05:30:00,63.99025006655139,0.0,7.6,May,2013_Rolling_RealWeather
2013-05-31 05:35:00,63.99135283862187,0.0,7.6,May,2013_Rolling_RealWeather
2013-05-31 05:40:00,63.992103497504935,0.0,7.6,May,2013_Rolling_RealWeather
2013-05-31 05:45:00,63.99237564359485,0.0,7.6,May,2013_Rolling_RealWeather
2013-05-31 05:50:00,63.992495594241106,0.0,7.6,May,2013_Rolling_RealWeather
2013-05-31 05:55:00,63.992607806136,0.0,7.6,May,2013_Rolling_RealWeather
2013-05-31 06:00:00,64.52856535072532,0.0,11.2,May,2013_Rolling_RealWeather
2013-05-31 06:05:00,64.60227824733362,0.0,11.2,May,2013_Rolling_RealWeather
2013-05-31 06:10:00,64.58636221534562,0.0,11.2,May,2013_Rolling_RealWeather
2013-05-31 06:15:00,64.59572610450549,0.0,11.2,May,2013_Rolling_RealWeather
2013-05-31 06:20:00,64.61501365250781,0.0,11.2,May,2013_Rolling_RealWeather
2013-05-31 06:25:00,64.62225454420803,0.0,11.2,May,2013_Rolling_RealWeather
2013-05-31 06:30:00,64.62339729982726,0.0,11.2,May,2013_Rolling_RealWeather
2013-05-31 06:35:00,64.6263212580539,0.0,11.2,May,2013_Rolling_RealWeather
2013-05-31 06:40:00,64.6279438162582,0.0,11.2,May,2013_Rolling_RealWeather
2013-05-31 06:45:00,64.62842877801083,0.0,11.2,May,2013_Rolling_RealWeather
2013-05-31 06:50:00,64.6286828670142,0.0,11.2,May,2013_Rolling_RealWeather
2013-05-31 06:55:00,64.62894211518517,0.0,11.2,May,2013_Rolling_RealWeather
2013-05-31 07:00:00,65.24767850361485,0.0,13.0,May,2013_Rolling_RealWeather
2013-05-31 07:05:00,65.33478991965552,0.0,13.0,May,2013_Rolling_RealWeather
2013-05-31 07:10:00,65.3171520154873,0.0,13.0,May,2013_Rolling_RealWeather
2013-05-31 07:15:00,65.3221705957519,0.0,13.0,May,2013_Rolling_RealWeather
2013-05-31 07:20:00,65.33938157880279,0.0,13.0,May,2013_Rolling_RealWeather
2013-05-31 07:25:00,65.34645608734851,0.0,13.0,May,2013_Rolling_RealWeather
2013-05-31 07:30:00,65.3480218947094,0.0,13.0,May,2013_Rolling_RealWeather
2013-05-31 07:35:00,65.35160751617835,0.0,13.0,May,2013_Rolling_RealWeather
2013-05-31 07:40:00,65.35321846625557,0.0,13.0,May,2013_Rolling_RealWeather
2013-05-31 07:45:00,65.35357186923488,0.0,13.0,May,2013_Rolling_RealWeather
2013-05-31 07:50:00,65.3537872644814,0.0,13.0,May,2013_Rolling_RealWeather
2013-05-31 07:55:00,65.35404135348477,0.0,13.0,May,2013_Rolling_RealWeather
2013-05-31 08:00:00,65.95422924466814,0.0,14.8,May,2013_Rolling_RealWeather
2013-05-31 08:05:00,66.04182675102936,0.0,14.8,May,2013_Rolling_RealWeather
2013-05-31 08:10:00,66.02817043444192,0.0,14.8,May,2013_Rolling_RealWeather
2013-05-31 08:15:00,66.02834455634779,0.0,14.8,May,2013_Rolling_RealWeather
2013-05-31 08:20:00,66.03947030123665,0.0,14.8,May,2013_Rolling_RealWeather
2013-05-31 08:25:00,66.04464236673681,0.0,14.8,May,2013_Rolling_RealWeather
2013-05-31 08:30:00,66.04640164288199,0.0,14.8,May,2013_Rolling_RealWeather
2013-05-31 08:35:00,66.05044385068187,0.0,14.8,May,2013_Rolling_RealWeather
2013-05-31 08:40:00,66.05192969094526,0.0,14.8,May,2013_Rolling_RealWeather
2013-05-31 08:45:00,66.0521373474404,0.0,14.8,May,2013_Rolling_RealWeather
2013-05-31 08:50:00,66.05225342871097,0.0,14.8,May,2013_Rolling_RealWeather
2013-05-31 08:55:00,66.05244689749527,0.0,14.8,May,2013_Rolling_RealWeather
2013-05-31 09:00:00,66.2544012226695,0.0,14.8,May,2013_Rolling_RealWeather
2013-05-31 09:05:00,66.28394648561515,0.0,14.8,May,2013_Rolling_RealWeather
2013-05-31 09:10:00,66.28063301023612,0.0,14.8,May,2013_Rolling_RealWeather
2013-05-31 09:15:00,66.28026026037837,0.0,14.8,May,2013_Rolling_RealWeather
2013-05-31 09:20:00,66.2829443173125,0.0,14.8,May,2013_Rolling_RealWeather
2013-05-31 09:25:00,66.2845346307194,0.0,14.8,May,2013_Rolling_RealWeather
2013-05-31 09:30:00,66.28521177146443,0.0,14.8,May,2013_Rolling_RealWeather
2013-05-31 09:35:00,66.2867027708954,0.0,14.8,May,2013_Rolling_RealWeather
2013-05-31 09:40:00,66.28721739786162,0.0,14.8,May,2013_Rolling_RealWeather
2013-05-31 09:45:00,66.28728962620777,0.0,14.8,May,2013_Rolling_RealWeather
2013-05-31 09:50:00,66.28732316079704,0.0,14.8,May,2013_Rolling_RealWeather
2013-05-31 09:55:00,66.28737475247286,0.0,14.8,May,2013_Rolling_RealWeather
2013-05-31 10:00:00,65.56604573710719,0.0,9.4,May,2013_Rolling_RealWeather
2013-05-31 10:05:00,65.4794542684243,0.0,9.4,May,2013_Rolling_RealWeather
2013-05-31 10:10:00,65.49290550810039,0.0,9.4,May,2013_Rolling_RealWeather
2013-05-31 10:15:00,65.48688862890882,0.0,9.4,May,2013_Rolling_RealWeather
2013-05-31 10:20:00,65.47063725102804,0.0,9.4,May,2013_Rolling_RealWeather
2013-05-31 10:25:00,65.4604633725579,0.0,9.4,May,2013_Rolling_RealWeather
2013-05-31 10:30:00,65.45765936497752,0.0,9.4,May,2013_Rolling_RealWeather
2013-05-31 10:35:00,65.45366101010208,0.0,9.4,May,2013_Rolling_RealWeather
2013-05-31 10:40:00,65.45201781522748,0.0,9.4,May,2013_Rolling_RealWeather
2013-05-31 10:45:00,65.45144772720975,0.0,9.4,May,2013_Rolling_RealWeather
2013-05-31 10:50:00,65.45109819360613,0.0,9.4,May,2013_Rolling_RealWeather
2013-05-31 10:55:00,65.45081443938916,0.0,9.4,May,2013_Rolling_RealWeather
2013-05-31 11:00:00,65.74781352932807,0.0,13.0,May,2013_Rolling_RealWeather
2013-05-31 11:05:00,65.79090418675815,0.0,13.0,May,2013_Rolling_RealWeather
2013-05-31 11:10:00,65.78709801087513,0.0,13.0,May,2013_Rolling_RealWeather
2013-05-31 11:15:00,65.78745270364634,0.0,13.0,May,2013_Rolling_RealWeather
2013-05-31 11:20:00,65.79145750748124,0.0,13.0,May,2013_Rolling_RealWeather
2013-05-31 11:25:00,65.79482386432798,0.0,13.0,May,2013_Rolling_RealWeather
2013-05-31 11:30:00,65.7962439252047,0.0,13.0,May,2013_Rolling_RealWeather
2013-05-31 11:35:00,65.79850750998095,0.0,13.0,May,2013_Rolling_RealWeather
2013-05-31 11:40:00,65.79932910741826,0.0,13.0,May,2013_Rolling_RealWeather
2013-05-31 11:45:00,65.79952257620256,0.0,13.0,May,2013_Rolling_RealWeather
2013-05-31 11:50:00,65.79962833913797,0.0,13.0,May,2013_Rolling_RealWeather
2013-05-31 11:55:00,65.79973539186528,0.0,13.0,May,2013_Rolling_RealWeather
2013-05-31 12:00:00,65.29164509096583,0.0,11.2,May,2013_Rolling_RealWeather
2013-05-31 12:05:00,65.22330272658557,0.0,11.2,May,2013_Rolling_RealWeather
2013-05-31 12:10:00,65.23116271839552,0.0,11.2,May,2013_Rolling_RealWeather
2013-05-31 12:15:00,65.22757193775901,0.0,11.2,May,2013_Rolling_RealWeather
2013-05-31 12:20:00,65.21735807574012,0.0,11.2,May,2013_Rolling_RealWeather
2013-05-31 12:25:00,65.2095703122763,0.0,11.2,May,2013_Rolling_RealWeather
2013-05-31 12:30:00,65.20685787992049,0.0,11.2,May,2013_Rolling_RealWeather
2013-05-31 12:35:00,65.2033174011679,0.0,11.2,May,2013_Rolling_RealWeather
2013-05-31 12:40:00,65.2018883117479,0.0,11.2,May,2013_Rolling_RealWeather
2013-05-31 12:45:00,65.20140850916285,0.0,11.2,May,2013_Rolling_RealWeather
2013-05-31 12:50:00,65.20110024889986,0.0,11.2,May,2013_Rolling_RealWeather
2013-05-31 12:55:00,65.20085518843976,0.0,11.2,May,2013_Rolling_RealWeather
2013-05-31 13:00:00,64.89226215915399,0.0,13.0,May,2013_Rolling_RealWeather
2013-05-31 13:05:00,64.84545303168976,0.0,13.0,May,2013_Rolling_RealWeather
2013-05-31 13:10:00,64.84988346685012,0.0,13.0,May,2013_Rolling_RealWeather
2013-05-31 13:15:00,64.84797586463696,0.0,13.0,May,2013_Rolling_RealWeather
2013-05-31 13:20:00,64.84219114798654,0.0,13.0,May,2013_Rolling_RealWeather
2013-05-31 13:25:00,64.83762270509338,0.0,13.0,May,2013_Rolling_RealWeather
2013-05-31 13:30:00,64.83586858811577,0.0,13.0,May,2013_Rolling_RealWeather
2013-05-31 13:35:00,64.8334437793526,0.0,13.0,May,2013_Rolling_RealWeather
2013-05-31 13:40:00,64.83243645188239,0.0,13.0,May,2013_Rolling_RealWeather
2013-05-31 13:45:00,64.83213464057889,0.0,13.0,May,2013_Rolling_RealWeather
2013-05-31 13:50:00,64.83194762075406,0.0,13.0,May,2013_Rolling_RealWeather
2013-05-31 13:55:00,64.83178897635094,0.0,13.0,May,2013_Rolling_RealWeather
2013-05-31 14:00:00,64.29488730409427,0.0,13.0,May,2013_Rolling_RealWeather
2013-05-31 14:05:00,64.21008090739448,0.0,13.0,May,2013_Rolling_RealWeather
2013-05-31 14:10:00,64.21971565285237,0.0,13.0,May,2013_Rolling_RealWeather
2013-05-31 14:15:00,64.21503886744001,0.0,13.0,May,2013_Rolling_RealWeather
2013-05-31 14:20:00,64.20274586088591,0.0,13.0,May,2013_Rolling_RealWeather
2013-05-31 14:25:00,64.19391465577878,0.0,13.0,May,2013_Rolling_RealWeather
2013-05-31 14:30:00,64.19109646048756,0.0,13.0,May,2013_Rolling_RealWeather
2013-05-31 14:35:00,64.1870490935201,0.0,13.0,May,2013_Rolling_RealWeather
2013-05-31 14:40:00,64.18518018506381,0.0,13.0,May,2013_Rolling_RealWeather
2013-05-31 14:45:00,64.1845791420406,0.0,13.0,May,2013_Rolling_RealWeather
2013-05-31 14:50:00,64.18421929010182,0.0,13.0,May,2013_Rolling_RealWeather
2013-05-31 14:55:00,64.18391360942263,0.0,13.0,May,2013_Rolling_RealWeather
2013-05-31 15:00:00,63.759441806887395,0.0,0.0,May,2013_Rolling_RealWeather
2013-05-31 15:05:00,63.72297294104778,0.0,0.0,May,2013_Rolling_RealWeather
2013-05-31 15:10:00,63.72721119721574,0.0,0.0,May,2013_Rolling_RealWeather
2013-05-31 15:15:00,63.706463604787935,0.0,0.0,May,2013_Rolling_RealWeather
2013-05-31 15:20:00,63.683483382589365,0.0,0.0,May,2013_Rolling_RealWeather
2013-05-31 15:25:00,63.67295223176424,0.0,0.0,May,2013_Rolling_RealWeather
2013-05-31 15:30:00,63.671386424403345,0.0,0.0,May,2013_Rolling_RealWeather
2013-05-31 15:35:00,63.66925568819231,0.0,0.0,May,2013_Rolling_RealWeather
2013-05-31 15:40:00,63.66699210341606,0.0,0.0,May,2013_Rolling_RealWeather
2013-05-31 15:45:00,63.66581452341565,0.0,0.0,May,2013_Rolling_RealWeather
2013-05-31 15:50:00,63.66536438604419,0.0,0.0,May,2013_Rolling_RealWeather
2013-05-31 15:55:00,63.6650857909948,0.0,0.0,May,2013_Rolling_RealWeather
2013-05-31 16:00:00,63.75045840633663,0.0,0.0,May,2013_Rolling_RealWeather
2013-05-31 16:05:00,63.758595703404076,0.0,0.0,May,2013_Rolling_RealWeather
2013-05-31 16:10:00,63.75723626274643,0.0,0.0,May,2013_Rolling_RealWeather
2013-05-31 16:15:00,63.76137004577087,0.0,0.0,May,2013_Rolling_RealWeather
2013-05-31 16:20:00,63.76612550848884,0.0,0.0,May,2013_Rolling_RealWeather
2013-05-31 16:25:00,63.7682214203187,0.0,0.0,May,2013_Rolling_RealWeather
2013-05-31 16:30:00,63.76830009762432,0.0,0.0,May,2013_Rolling_RealWeather
2013-05-31 16:35:00,63.768596749760235,0.0,0.0,May,2013_Rolling_RealWeather
2013-05-31 16:40:00,63.76903785858843,0.0,0.0,May,2013_Rolling_RealWeather
2013-05-31 16:45:00,63.76925454362684,0.0,0.0,May,2013_Rolling_RealWeather
2013-05-31 16:50:00,63.76930484551076,0.0,0.0,May,2013_Rolling_RealWeather
2013-05-31 16:55:00,63.769331931140556,0.0,0.0,May,2013_Rolling_RealWeather
2013-05-31 17:00:00,63.092926367488204,0.0,7.6,May,2013_Rolling_RealWeather
2013-05-31 17:05:00,62.968537547313545,0.0,7.6,May,2013_Rolling_RealWeather
2013-05-31 17:10:00,62.987999217221734,0.0,7.6,May,2013_Rolling_RealWeather
2013-05-31 17:15:00,62.983555884142426,0.0,7.6,May,2013_Rolling_RealWeather
2013-05-31 17:20:00,62.96663123489229,0.0,7.6,May,2013_Rolling_RealWeather
2013-05-31 17:25:00,62.95514563806464,0.0,7.6,May,2013_Rolling_RealWeather
2013-05-31 17:30:00,62.95651281747366,0.0,7.6,May,2013_Rolling_RealWeather
2013-05-31 17:35:00,62.95697843234787,0.0,7.6,May,2013_Rolling_RealWeather
2013-05-31 17:40:00,62.955929831536984,0.0,7.6,May,2013_Rolling_RealWeather
2013-05-31 17:45:00,62.955299123300186,0.0,7.6,May,2013_Rolling_RealWeather
2013-05-31 17:50:00,62.95519980932424,0.0,7.6,May,2013_Rolling_RealWeather
2013-05-31 17:55:00,62.95522818474594,0.0,7.6,May,2013_Rolling_RealWeather
2013-05-31 18:00:00,61.782575189376786,0.0,13.0,May,2013_Rolling_RealWeather
2013-05-31 18:05:00,61.45755537051247,0.0,13.0,May,2013_Rolling_RealWeather
2013-05-31 18:10:00,61.461445382868696,0.0,13.0,May,2013_Rolling_RealWeather
2013-05-31 18:15:00,61.501770726475264,0.0,13.0,May,2013_Rolling_RealWeather
2013-05-31 18:20:00,61.540592172731905,0.0,13.0,May,2013_Rolling_RealWeather
2013-05-31 18:25:00,61.55445743560639,0.0,13.0,May,2013_Rolling_RealWeather
2013-05-31 18:30:00,61.56037951509366,0.0,13.0,May,2013_Rolling_RealWeather
2013-05-31 18:35:00,61.55699445626444,0.0,13.0,May,2013_Rolling_RealWeather
2013-05-31 18:40:00,61.55324567612075,0.0,13.0,May,2013_Rolling_RealWeather
2013-05-31 18:45:00,61.55178627659122,0.0,13.0,May,2013_Rolling_RealWeather
2013-05-31 18:50:00,61.5514477062187,0.0,13.0,May,2013_Rolling_RealWeather
2013-05-31 18:55:00,61.5515992567664,0.0,13.0,May,2013_Rolling_RealWeather
2013-05-31 19:00:00,61.08814542888356,0.0,14.8,May,2013_Rolling_RealWeather
2013-05-31 19:05:00,60.94995132115755,0.0,14.8,May,2013_Rolling_RealWeather
2013-05-31 19:10:00,60.94443681590919,0.0,14.8,May,2013_Rolling_RealWeather
2013-05-31 19:15:00,60.96041798238791,0.0,14.8,May,2013_Rolling_RealWeather
2013-05-31 19:20:00,60.9827745902051,0.0,14.8,May,2013_Rolling_RealWeather
2013-05-31 19:25:00,60.99555578299158,0.0,14.8,May,2013_Rolling_RealWeather
2013-05-31 19:30:00,61.00075880349722,0.0,14.8,May,2013_Rolling_RealWeather
2013-05-31 19:35:00,60.999036931316994,0.0,14.8,May,2013_Rolling_RealWeather
2013-05-31 19:40:00,60.99644831898313,0.0,14.8,May,2013_Rolling_RealWeather
2013-05-31 19:45:00,60.99503277237803,0.0,14.8,May,2013_Rolling_RealWeather
2013-05-31 19:50:00,60.99451685561991,0.0,14.8,May,2013_Rolling_RealWeather
2013-05-31 19:55:00,60.99455812896056,0.0,14.8,May,2013_Rolling_RealWeather
2013-05-31 20:00:00,61.33406037612126,0.0,14.8,May,2013_Rolling_RealWeather
2013-05-31 20:05:00,61.42458055091723,0.0,14.8,May,2013_Rolling_RealWeather
2013-05-31 20:10:00,61.42658359773063,0.0,14.8,May,2013_Rolling_RealWeather
2013-05-31 20:15:00,61.42161660914182,0.0,14.8,May,2013_Rolling_RealWeather
2013-05-31 20:20:00,61.41432670534959,0.0,14.8,May,2013_Rolling_RealWeather
2013-05-31 20:25:00,61.40851748265315,0.0,14.8,May,2013_Rolling_RealWeather
2013-05-31 20:30:00,61.40465971509431,0.0,14.8,May,2013_Rolling_RealWeather
2013-05-31 20:35:00,61.40516660330916,0.0,14.8,May,2013_Rolling_RealWeather
2013-05-31 20:40:00,61.40617651036318,0.0,14.8,May,2013_Rolling_RealWeather
2013-05-31 20:45:00,61.40663309669412,0.0,14.8,May,2013_Rolling_RealWeather
2013-05-31 20:50:00,61.4068304348541,0.0,14.8,May,2013_Rolling_RealWeather
2013-05-31 20:55:00,61.40687944694612,0.0,14.8,May,2013_Rolling_RealWeather
2013-05-31 21:00:00,61.44241837282923,0.0,16.6,May,2013_Rolling_RealWeather
2013-05-31 21:05:00,61.451212173971385,0.0,16.6,May,2013_Rolling_RealWeather
2013-05-31 21:10:00,61.45144949568012,0.0,16.6,May,2013_Rolling_RealWeather
2013-05-31 21:15:00,61.451432728385484,0.0,16.6,May,2013_Rolling_RealWeather
2013-05-31 21:20:00,61.451346312328496,0.0,16.6,May,2013_Rolling_RealWeather
2013-05-31 21:25:00,61.450982591014025,0.0,16.6,May,2013_Rolling_RealWeather
2013-05-31 21:30:00,61.45063305741039,0.0,16.6,May,2013_Rolling_RealWeather
2013-05-31 21:35:00,61.450754297848555,0.0,16.6,May,2013_Rolling_RealWeather
2013-05-31 21:40:00,61.45085877099207,0.0,16.6,May,2013_Rolling_RealWeather
2013-05-31 21:45:00,61.4508794076624,0.0,16.6,May,2013_Rolling_RealWeather
2013-05-31 21:50:00,61.45088585662187,0.0,16.6,May,2013_Rolling_RealWeather
2013-05-31 21:55:00,61.45089101578946,0.0,16.6,May,2013_Rolling_RealWeather
2013-05-31 22:00:00,60.993612066605365,0.0,20.5,May,2013_Rolling_RealWeather
2013-05-31 22:05:00,60.87619199204101,0.0,20.5,May,2013_Rolling_RealWeather
2013-05-31 22:10:00,60.86732596255271,0.0,20.5,May,2013_Rolling_RealWeather
2013-05-31 22:15:00,60.86402796467643,0.0,20.5,May,2013_Rolling_RealWeather
2013-05-31 22:20:00,60.86077639930838,0.0,20.5,May,2013_Rolling_RealWeather
2013-05-31 22:25:00,60.86476701543244,0.0,20.5,May,2013_Rolling_RealWeather
2013-05-31 22:30:00,60.86865573799677,0.0,20.5,May,2013_Rolling_RealWeather
2013-05-31 22:35:00,60.865251977185075,0.0,20.5,May,2013_Rolling_RealWeather
2013-05-31 22:40:00,60.86307996763339,0.0,20.5,May,2013_Rolling_RealWeather
2013-05-31 22:45:00,60.86269560964859,0.0,20.5,May,2013_Rolling_RealWeather
2013-05-31 22:50:00,60.862583397753696,0.0,20.5,May,2013_Rolling_RealWeather
2013-05-31 22:55:00,60.86243894106142,0.0,20.5,May,2013_Rolling_RealWeather
2013-05-31 23:00:00,61.45298305824363,0.0,18.4,May,2013_Rolling_RealWeather
2013-05-31 23:05:00,61.57572868354368,0.0,18.4,May,2013_Rolling_RealWeather
2013-05-31 23:10:00,61.57576737730054,0.0,18.4,May,2013_Rolling_RealWeather
2013-05-31 23:15:00,61.588943891302925,0.0,18.4,May,2013_Rolling_RealWeather
2013-05-31 23:20:00,61.611547494268066,0.0,18.4,May,2013_Rolling_RealWeather
2013-05-31 23:25:00,61.615214372626404,0.0,18.4,May,2013_Rolling_RealWeather
2013-05-31 23:30:00,61.612736682395536,0.0,18.4,May,2013_Rolling_RealWeather
2013-05-31 23:35:00,61.617588879505654,0.0,18.4,May,2013_Rolling_RealWeather
2013-05-31 23:40:00,61.62041997271584,0.0,18.4,May,2013_Rolling_RealWeather
2013-05-31 23:45:00,61.62065471484078,0.0,18.4,May,2013_Rolling_RealWeather
2013-05-31 23:50:00,61.620683090262474,0.0,18.4,May,2013_Rolling_RealWeather
2013-05-31 23:55:00,61.62109453387708,0.0,18.4,May,2013_Rolling_RealWeather
