timestamp,actual,predicted_mean,predicted_std
2012-05-01 02:00:00,56.570602173187524,60.20321223446226,5.0290811228251355
2012-05-01 02:05:00,55.87500042554101,60.87618640628255,5.1858245902286155
2012-05-01 02:10:00,55.312500409822285,60.942337478238535,5.17634681857311
2012-05-01 02:15:00,55.59953730727065,60.812760976277566,5.195315271620631
2012-05-01 02:20:00,55.839120585057664,60.22865158746404,5.355310755090134
2012-05-01 02:25:00,56.42245386385659,59.8622066353017,5.4969319427752685
2012-05-01 02:30:00,56.288194685454386,60.36509217382707,5.303081758149477
2012-05-01 02:35:00,57.29745388049522,60.39136856433086,5.293734799532122
2012-05-01 02:40:00,57.00578722703286,60.995804129368416,5.168851830566383
2012-05-01 02:45:00,56.10763902623943,60.812760976277566,5.195315271620631
2012-05-01 02:50:00,55.42013902421564,61.6656051832305,5.0653407194505755
2012-05-01 02:55:00,55.263889037818586,61.05173915587005,5.161064474997504
2012-05-01 03:00:00,55.815972386839974,60.3988129399828,5.29114871773922
2012-05-01 03:05:00,56.37400820723559,60.45338080710621,5.631490098299711
2012-05-01 03:10:00,57.11359155856679,60.6155870759217,5.553860280686305
2012-05-01 03:15:00,56.926091556257,61.39541520715488,5.375124669313057
2012-05-01 03:20:00,57.152943358775225,60.64188592486688,5.542784851791694
2012-05-01 03:25:00,57.773313602843196,60.677078154884164,5.528766087350024
2012-05-01 03:30:00,58.40294302494541,60.45443284516011,5.630948086246778
2012-05-01 03:35:00,57.47585967482013,61.784927044125084,5.311064278558546
2012-05-01 03:40:00,57.6992394332359,60.892253055024135,5.462529970043765
2012-05-01 03:45:00,58.50942454267885,60.18279327829638,5.7752350642068855
2012-05-01 03:50:00,59.13442453045576,60.91266472661102,5.457723272942098
2012-05-01 03:55:00,59.17609118318219,61.07801004426664,5.424785894348542
2012-05-01 04:00:00,59.63326739483686,61.13846394262248,5.414575558429081
2012-05-01 04:05:00,59.86689820124966,61.528852782081024,5.299274932797162
2012-05-01 04:10:00,60.064814866741074,62.01729300925922,5.152252215728304
2012-05-01 04:15:00,60.3912038667501,61.755310742711146,5.2241876582574465
2012-05-01 04:20:00,60.799768746831894,61.39989064224587,5.3517628557385075
2012-05-01 04:25:00,60.856481853911156,61.949754370029304,5.16996673678704
2012-05-01 04:30:00,61.39236162730975,61.61665512049246,5.2680320204036475
2012-05-01 04:35:00,62.087963426373705,61.18954420505145,5.459001477485587
2012-05-01 04:40:00,62.39583365545886,61.73406785214457,5.230551173954617
2012-05-01 04:45:00,62.872685423555794,61.52182903461418,5.301917322416849
2012-05-01 04:50:00,62.653935424669726,62.3630193205941,5.063306409358904
2012-05-01 04:55:00,63.07060209256293,61.72803701002105,5.232378478249517
2012-05-01 05:00:00,63.04282410844761,62.43196243948562,5.045148400881216
2012-05-01 05:05:00,63.372685426785516,62.85353920893863,4.61987577637089
2012-05-01 05:10:00,63.07060209256294,63.429210245340165,4.38315691317091
2012-05-01 05:15:00,63.228009532465855,63.323491502482305,4.4234384130464806
2012-05-01 05:20:00,63.405092866320466,62.95762951879323,4.573099722753698
2012-05-01 05:25:00,63.56134286502254,63.09910397776016,4.51289256490105
2012-05-01 05:30:00,63.59259287917743,63.50483850534156,4.3548772212562925
2012-05-01 05:35:00,63.79629644612342,63.11302719538562,4.507147479021735
2012-05-01 05:40:00,63.97337979404093,63.262081453913915,4.447319147402339
2012-05-01 05:45:00,64.2604166827,63.25800605541577,4.4489184359371245
2012-05-01 05:50:00,64.5625000292276,63.08124760429164,4.5203031755449645
2012-05-01 05:55:00,64.76041671053976,63.44803991168876,4.376078468078611
2012-05-01 06:00:00,64.95486134774949,63.49006778390538,4.3603713688585986
2012-05-01 06:05:00,65.04166671136768,64.54730505841117,3.7875465030761775
2012-05-01 06:10:00,65.47916672671845,63.95318070243034,4.090672403993691
2012-05-01 06:15:00,65.54745363582792,64.74593402529445,3.6989144679932964
2012-05-01 06:20:00,65.85995365081072,64.36965375240167,3.871703387841677
2012-05-01 06:25:00,65.97453699854425,64.49280792764361,3.8128426676932494
2012-05-01 06:30:00,65.97751307250807,64.69644647699741,3.7205003349611125
2012-05-01 06:35:00,66.13492082882611,64.60165672260527,3.7627528900320297
2012-05-01 06:40:00,66.13492082882611,64.71670479272738,3.7116251020534654
2012-05-01 06:45:00,66.18353217446187,64.92496689811689,3.623331265503639
2012-05-01 06:50:00,66.23561550794851,64.75716490541716,3.694059563291674
2012-05-01 06:55:00,66.22751370607422,64.95837835092341,3.609631559996558
2012-05-01 07:00:00,66.17658752374119,64.99618540025709,3.594274612769331
2012-05-01 07:05:00,66.15459705325578,65.35318041123075,3.495044921545882
2012-05-01 07:10:00,66.19163393414748,65.45719081132813,3.443663143642352
2012-05-01 07:15:00,65.99371725283531,65.5186917554106,3.4141489124695004
2012-05-01 07:20:00,65.86871725246735,65.61973845689066,3.367018600494532
2012-05-01 07:25:00,65.74024491267615,65.35318041123075,3.495044921545882
2012-05-01 07:30:00,65.7719908266552,65.33816564233553,3.502618183619513
2012-05-01 07:35:00,65.77777773558068,65.54806824053864,3.400275361469234
2012-05-01 07:40:00,65.77430571960402,65.35318041123075,3.495044921545882
2012-05-01 07:45:00,65.77430571960402,65.65966157798057,3.3488530402428722
2012-05-01 07:50:00,65.836805719788,65.49826576779782,3.423881658452538
2012-05-01 07:55:00,65.86574085505696,65.58401527528643,3.383490819577654
2012-05-01 08:00:00,65.8981479781768,65.53904523474293,3.404520639724522
2012-05-01 08:05:00,66.0555551157275,65.12351829407793,4.004076647807612
2012-05-01 08:10:00,65.95601823465184,65.35374820056803,3.853263530846401
2012-05-01 08:15:00,66.0949069036309,64.92231854583024,4.145665533025682
2012-05-01 08:20:00,66.13657357042023,65.19190281373328,3.9580452525430463
2012-05-01 08:25:00,66.28587924360608,64.89138043259699,4.168263604900715
2012-05-01 08:30:00,66.05439801730972,65.22089511466554,3.9388485446662176
2012-05-01 08:35:00,66.0127313505204,65.38402606093725,3.834301912365268
2012-05-01 08:40:00,65.93733448137363,65.16272194345802,3.9775597115053407
2012-05-01 08:45:00,65.79613090538284,65.4872425122392,3.7711588301105956
2012-05-01 08:50:00,65.66650111911724,65.44624775645288,3.7959624418722377
2012-05-01 08:55:00,65.63525111902526,65.46679316615982,3.7834869534593385
2012-05-01 09:00:00,65.47784398147455,65.42790354119833,3.807177895000439
2012-05-01 09:05:00,65.25562195079105,64.94613317052232,4.503747380683973
2012-05-01 09:10:00,65.13062193636021,64.64310568173563,4.754391321327112
2012-05-01 09:15:00,64.99173326738114,64.71711832618256,4.69075427992763
2012-05-01 09:20:00,64.84589991955562,64.77547888545,4.641681643249351
2012-05-01 09:25:00,64.51256657469389,64.70977070323998,4.697002226763532
2012-05-01 09:30:00,64.55886269338713,64.20093184956674,5.167604705018197
2012-05-01 09:35:00,64.5171960265978,64.79717103976917,4.623689323786444
2012-05-01 09:40:00,64.62731491181323,64.4936835537262,4.887672341087993
2012-05-01 09:45:00,64.43518513942654,64.69749814238465,4.707470687098737
2012-05-01 09:50:00,64.3148149108933,64.67779173898485,4.724371866631514
2012-05-01 09:55:00,64.32523157759063,64.90408116637992,4.536969490688347
2012-05-01 10:00:00,64.52314825890281,64.59812448931734,4.793835938392499
2012-05-01 10:05:00,64.4027777174702,63.94721359158368,5.539484993760954
2012-05-01 10:10:00,64.29861105225477,63.84186950882677,5.651930908202559
2012-05-01 10:15:00,64.47569440017226,63.88725983301445,5.602952155403305
2012-05-01 10:20:00,64.37152773319896,63.93228570324637,5.5551570763754015
2012-05-01 10:25:00,64.74537059369638,63.44165553017291,6.118748977357629
2012-05-01 10:30:00,64.93750038014595,63.78589349602114,5.713431571027152
2012-05-01 10:35:00,64.78125036562311,64.17337056058203,5.312507103336887
2012-05-01 10:40:00,64.75578724633083,64.19474241843194,5.292067446591331
2012-05-01 10:45:00,64.79745391312015,63.749990942206445,5.753521112402318
2012-05-01 10:50:00,64.95370392764299,63.88725983301445,5.602952155403305
2012-05-01 10:55:00,64.57523158579748,64.38311727160736,5.119351639727831
2012-05-01 11:00:00,64.47106491882418,64.46461459595983,5.048722344712164
2012-05-01 11:05:00,64.58449080953613,63.30689545610354,6.198675096774244
2012-05-01 11:10:00,64.7465277031008,63.23780611124224,6.283484893573203
2012-05-01 11:15:00,64.6736110362195,63.85546459695113,5.608208443219836
2012-05-01 11:20:00,64.81944436998212,63.32651645203355,6.175027722078144
2012-05-01 11:25:00,64.76388840175149,63.853212593263386,5.610341840461238
2012-05-01 11:30:00,64.7013883875046,63.79434205721509,5.666944509877599
2012-05-01 11:35:00,64.91666638623475,63.45752665898624,6.022054403999942
2012-05-01 11:40:00,64.85879615788551,63.744069785380994,5.7165421987588845
2012-05-01 11:45:00,64.9999997198134,63.45752665898624,6.022054403999942
2012-05-01 11:50:00,64.85300924896005,63.81478610158351,5.647108320030893
2012-05-01 11:55:00,64.76273157536279,63.20800146724949,6.3208188109077845
2012-05-01 12:00:00,64.64814822762928,63.85546459695113,5.608208443219836
2012-05-01 12:05:00,64.56250000813326,63.36671979034535,6.030449782845262
2012-05-01 12:10:00,64.567129779968,63.39796364495276,5.997794562152959
2012-05-01 12:15:00,64.53587976581312,63.526169865573074,5.86935694364657
2012-05-01 12:20:00,64.41087976544516,63.4468289945764,5.947800074660144
2012-05-01 12:25:00,64.25347264195734,63.556817151131035,5.839940407396963
2012-05-01 12:30:00,64.24156761483154,63.48659546909223,5.908066043240303
2012-05-01 12:35:00,64.26934495205374,63.695462742990735,5.712765918011907
2012-05-01 12:40:00,64.21726161856711,63.4468289945764,5.947800074660144
2012-05-01 12:45:00,64.14897472352052,63.556817151131035,5.839940407396963
2012-05-01 12:50:00,64.13971517985104,63.34433306266984,6.05418010048901
2012-05-01 12:55:00,64.47999317894916,62.87101993350897,6.626084859255726
2012-05-01 13:00:00,64.50082651234382,63.4468289945764,5.947800074660144
2012-05-01 13:05:00,64.6802247461787,63.21407039344729,6.012106397301472
2012-05-01 13:10:00,64.56448397306511,63.4000512604434,5.835331378330582
2012-05-01 13:15:00,64.59341909427118,63.45447114373531,5.787707304091316
2012-05-01 13:20:00,64.47734771307147,63.21812193424609,6.008006191858651
2012-05-01 13:25:00,64.5352179414207,63.26266842855407,5.963689541486988
2012-05-01 13:30:00,64.45453041474495,63.451881363401334,5.789935485236948
2012-05-01 13:35:00,64.2786048508113,63.713443889484516,5.582431552641022
2012-05-01 13:40:00,64.2867066386227,63.34555718132378,5.884799463582585
2012-05-01 13:45:00,64.26587330522803,63.41819944598976,5.819256450060273
2012-05-01 13:50:00,64.33068819836085,63.327375965555575,5.901719515518845
2012-05-01 13:55:00,64.12582686632801,63.52088436209468,5.731856099468182
2012-05-01 14:00:00,64.13624353302534,63.47259459265148,5.772226533084159
2012-05-01 14:05:00,63.87351196780915,63.68756680078736,5.772405778728564
2012-05-01 14:10:00,64.0830027552616,63.38805084822465,6.025034387448251
2012-05-01 14:15:00,64.13855810472492,63.66702847877889,5.788357741055466
2012-05-01 14:20:00,64.31712948610863,63.22431419905399,6.185066321938489
2012-05-01 14:25:00,64.49999971482582,63.53754262623135,5.893192339232808
2012-05-01 14:30:00,64.71759228305824,63.48993205237014,5.933815764308291
2012-05-01 14:35:00,64.70833273938875,63.57802128084659,5.859575666617022
2012-05-01 14:40:00,64.90277739066137,63.533870931225586,5.896282153881714
2012-05-01 14:45:00,65.09027740527621,63.55407867678944,5.879359626876145
2012-05-01 14:50:00,65.1192125124194,63.607582179732525,5.835528146340665
2012-05-01 14:55:00,65.19444407224951,63.35723816194124,6.053850888145095
2012-05-01 15:00:00,65.19444407224951,63.653987071393594,5.7985765147112085
2012-05-01 15:05:00,65.47222206193489,63.352690127161,6.501906722527362
2012-05-01 15:10:00,65.5138887287242,63.782737947890865,6.086104303835676
2012-05-01 15:15:00,65.42129648430631,63.81688245716264,6.054501465738183
2012-05-01 15:20:00,65.49421315118762,63.57758628741549,6.2816113223576915
2012-05-01 15:25:00,65.21759292219444,63.8897339776884,5.9879547834851925
2012-05-01 15:30:00,65.08217624106626,63.89709370878254,5.9812963689049825
2012-05-01 15:35:00,65.28472269421317,63.63305668996879,6.227858104609367
2012-05-01 15:40:00,65.20717626956001,63.904467123072344,5.9746377011926874
2012-05-01 15:45:00,65.28009293644132,63.91370229574687,5.9663098242376185
2012-05-01 15:50:00,65.28819472425273,63.71879406821151,6.146025450554169
2012-05-01 15:55:00,65.47337984591876,63.549906884185724,6.3086245663080405
2012-05-01 16:00:00,65.4942131933763,63.71879406821151,6.146025450554169
2012-05-01 16:05:00,65.5000001023018,64.17213471347466,6.027453908326957
2012-05-01 16:10:00,65.34143520889302,64.24989686291876,5.931839337087509
2012-05-01 16:15:00,65.41203699688842,64.06536493454406,6.160696452010395
2012-05-01 16:20:00,65.5474536780166,64.07880044046529,6.143868399525392
2012-05-01 16:25:00,65.8148150102334,63.826365403963074,6.454815828843722
2012-05-01 16:30:00,65.7106483432601,64.07880044046529,6.143868399525392
2012-05-01 16:35:00,64.37731503412762,64.3527312253961,5.808337034909505
2012-05-01 16:40:00,61.38773160761647,64.18161803997323,6.015708045033211
2012-05-01 16:45:00,57.35648151137232,64.43918939022923,5.707501473716971
2012-05-01 16:50:00,53.81018527338872,64.1265351193643,6.084178249900496
2012-05-01 16:55:00,49.5497685098033,64.23281998159081,5.952690699112026
2012-05-01 17:00:00,45.5393517469538,64.14745209885132,6.058107332338063
2012-05-01 17:05:00,41.69560165126159,64.75609124566402,4.945551302494286
2012-05-01 17:10:00,37.60416644778227,64.55657489611893,5.18960219288761
2012-05-01 17:15:00,33.94097198317922,64.75609124566402,4.945551302494286
2012-05-01 17:20:00,30.42013855510424,64.87212658718265,4.807638457716169
2012-05-01 17:25:00,26.28819403286974,64.85033537383953,4.833101141058756
2012-05-01 17:30:00,22.673610618581687,64.46290229801046,5.302639592642541
2012-05-01 17:35:00,19.813656668952486,56.6586009420996,9.530184341964803
2012-05-01 17:40:00,18.90740666628476,43.013094671506856,20.616628251278524
2012-05-01 17:45:00,18.489582565980033,41.61882827794365,23.61376696748501
2012-05-01 17:50:00,17.85069382521465,41.94320816153523,22.82240338197514
2012-05-01 17:55:00,18.157406889083283,41.33787517292968,24.327120530984633
2012-05-01 18:00:00,18.34490688963523,41.48279610614241,23.958050120926742
2012-05-01 18:05:00,18.167823555780615,41.809359450877345,21.86492034463163
2012-05-01 18:10:00,18.527777385547413,41.47783899232863,22.757860774592146
2012-05-01 18:15:00,18.524305088312868,42.0240252496516,21.317002213811104
2012-05-01 18:20:00,20.857638484766415,42.3386155591063,20.56372893244188
2012-05-01 18:25:00,25.00810144744675,41.5874018729118,22.457604604035527
2012-05-01 18:30:00,28.851851543138963,41.87923954522568,21.683625342837917
2012-05-01 18:35:00,32.92592568233238,41.57352438430127,22.495409037670953
2012-05-01 18:40:00,36.8738424449979,41.75439198662654,22.00941365336961
2012-05-01 18:45:00,41.145833307692165,41.41636569589537,22.927809946169216
2012-05-01 18:50:00,45.30208316523508,41.46998829748606,22.779513468431308
2012-05-01 18:55:00,49.32060172995889,41.727385155355755,22.080990295226275
2012-05-01 19:00:00,53.2372684925324,41.809359450877345,21.86492034463163
2012-05-01 19:05:00,57.122685240951036,42.2275701120069,19.60459086125255
2012-05-01 19:10:00,60.96064817458568,42.44113225487555,19.026908784453926
2012-05-01 19:15:00,64.57523158887373,42.7063351438371,18.352937736280662
2012-05-01 19:20:00,65.61689827266964,60.45509151594859,4.520189716117765
2012-05-01 19:25:00,65.5706018481085,65.42354941614502,2.7460932658823953
2012-05-01 19:30:00,65.49305539532953,65.40883815262386,2.7509691383586774
2012-05-01 19:35:00,65.4351851669803,65.33237538644131,2.7802854061754725
2012-05-01 19:40:00,65.56018516734827,65.39864086706984,2.7544937917468473
2012-05-01 19:45:00,65.45486136328422,65.32659465112623,2.7827699257493337
2012-05-01 19:50:00,65.4444446965869,65.28445990091667,2.8019668726953566
2012-05-01 19:55:00,65.30555602760784,65.44164035868216,2.7404296604097707
2012-05-01 20:00:00,65.23263936072651,65.41902463787544,2.747566846209482
2012-05-01 20:05:00,65.39004649827721,64.75248920417125,2.6838539776866175
2012-05-01 20:10:00,65.41087983167186,64.89796936241892,2.6552678693789384
2012-05-01 20:15:00,65.4629631792214,64.84904998315731,2.6633531473530208
2012-05-01 20:20:00,65.37962984564278,64.82478344737287,2.6679179486183937
2012-05-01 20:25:00,65.3171298454588,64.94749486646633,2.648494940654497
2012-05-01 20:30:00,65.25925961710955,64.89250590005089,2.6561003083146786
2012-05-01 20:35:00,65.47800963181639,64.82478344737287,2.6679179486183937
2012-05-01 20:40:00,65.34143581359746,65.1262621756022,2.6337396321499247
2012-05-01 20:45:00,65.47800961775347,64.76317106891989,2.6812720866360675
2012-05-01 20:50:00,65.5196762986057,64.82478344737287,2.6679179486183937
2012-05-01 20:55:00,65.3715277625106,64.85987451596357,2.6614385687391846
2012-05-01 21:00:00,65.29861108156639,64.91029100277362,2.65345528893385
2012-05-01 21:05:00,65.44675928015205,64.22009284120904,2.855716448154188
2012-05-01 21:10:00,65.42592594675739,64.20156819902702,2.8575621045254995
2012-05-01 21:15:00,65.4201390378319,64.18496549035231,2.859271660210591
2012-05-01 21:20:00,65.4513890379239,63.94439761311861,2.8910965092125434
2012-05-01 21:25:00,65.42013902376901,64.13555185662511,2.8646882931422577
2012-05-01 21:30:00,65.51504616113571,64.0706446687203,2.8726136056993377
2012-05-01 21:35:00,65.41087949416242,64.42268526244005,2.8392076936729675
2012-05-01 21:40:00,65.47453664550004,64.24989236630846,2.8528781905496206
2012-05-01 21:45:00,65.50578664559201,64.20156819902702,2.8575621045254995
2012-05-01 21:50:00,65.21643484992126,64.13555185662511,2.8646882931422577
2012-05-01 21:55:00,65.5011571901724,63.893222461313705,2.899926431476358
2012-05-01 22:00:00,65.53125006723654,64.0706446687203,2.8726136056993377
2012-05-01 22:05:00,65.21527806440287,63.813123410492004,3.161050349964725
2012-05-01 22:10:00,65.21990782217472,63.458002751224456,3.2009684084128653
2012-05-01 22:15:00,65.06944471657735,63.466886042170266,3.199851659953121
2012-05-01 22:20:00,65.17013938163689,63.243290031605035,3.230482400516522
2012-05-01 22:25:00,65.03472271457157,63.359131030962764,3.2139207976803914
2012-05-01 22:30:00,64.7835655767449,63.5204638112555,3.1932666818043494
2012-05-01 22:35:00,64.51273222855143,63.55870200078738,3.1887170122127078
2012-05-01 22:40:00,64.2612441627078,63.68155446367422,3.1748422939922563
2012-05-01 22:45:00,63.93832748278553,63.55870200078738,3.1887170122127078
2012-05-01 22:50:00,63.56795695116417,62.90475150348285,3.2907164044334376
2012-05-01 22:55:00,63.109623602418736,63.66094513811495,3.1770966461832533
2012-05-01 23:00:00,63.063327163794675,63.396251698575725,3.2089400441421314
2012-05-01 23:05:00,62.782077162966765,62.52966943308859,3.6748539114143877
2012-05-01 23:10:00,62.45453072703051,62.81481852943079,3.62963941558791
2012-05-01 23:15:00,62.62351227307372,62.50922265348732,3.6783135379816154
2012-05-01 23:20:00,62.512400941316876,62.7761192281583,3.635495148315663
2012-05-01 23:25:00,62.54365094140885,62.428635012030526,3.6923051047866715
2012-05-01 23:30:00,62.74156762272102,62.369507495934464,3.702968322138146
2012-05-01 23:35:00,62.520502743191166,62.369507495934464,3.702968322138146
2012-05-01 23:40:00,62.459490794051995,62.526741419064315,3.6753481799428616
2012-05-01 23:45:00,62.29976846647386,62.27361771737902,3.7210918484002296
2012-05-01 23:50:00,62.824074112637796,61.638831235238946,3.8840407927003295
2012-05-01 23:55:00,62.386574097287024,62.127506308349005,3.751088000880797
2012-05-02 00:00:00,62.53819433997514,62.64294937557293,3.6562691503613713
2012-05-02 00:05:00,62.18171279337997,61.325725570093034,3.860919876496616
2012-05-02 00:10:00,62.25462945850344,61.4820596631422,3.8393997957460093
2012-05-02 00:15:00,61.68055535773876,62.13831768092348,3.768506779282866
2012-05-02 00:20:00,61.17013870363248,61.84345781186982,3.797693162212502
2012-05-02 00:25:00,60.61805538273688,61.78374614425954,3.8040199737568483
2012-05-02 00:30:00,59.828703606688585,62.04888030873801,3.7770663564762237
2012-05-02 00:35:00,59.85185181896918,61.288656998470174,3.866458237837037
2012-05-02 00:40:00,59.63773159015998,61.705610428104485,3.8125859355039915
2012-05-02 00:45:00,59.19328723347221,61.303410816308,3.864232278628627
2012-05-02 00:50:00,58.412037217109564,61.78374614425954,3.8040199737568483
2012-05-02 00:55:00,59.02662056631493,60.79071418390248,3.9658078011672573
2012-05-02 01:00:00,57.967592888547586,62.24126183592847,3.758877719015834
2012-05-02 01:05:00,58.42824110563175,60.65346469988791,4.336326267399977
2012-05-02 01:10:00,58.682870876444554,61.361759221719474,4.224754811820797
2012-05-02 01:15:00,59.025463430982036,60.92266209758247,4.281591769047905
2012-05-02 01:20:00,59.37963008638625,60.81562798546852,4.300779012597205
2012-05-02 01:25:00,59.82754674206641,60.72810463377578,4.318887238430832
2012-05-02 01:30:00,60.14814850267194,60.611893077166364,4.346904038608708
2012-05-02 01:35:00,60.04398184976153,61.10694482093181,4.254413061089079
2012-05-02 01:40:00,59.368055665588706,61.113628724507016,4.253538349094568
2012-05-02 01:45:00,59.576389027661094,60.54053458594981,4.366553135716266
2012-05-02 01:50:00,59.23263908290078,60.47272856452535,4.386950378774114
2012-05-02 01:55:00,59.00694474091984,61.482318953020275,4.212633328633587
2012-05-02 02:00:00,59.5868057365471,60.420127477477585,4.4038532458541475
2012-05-02 02:05:00,58.97800932087728,61.06467444817443,4.510484603721049
2012-05-02 02:10:00,58.53587954775466,61.5880499692687,4.459409579720033
2012-05-02 02:15:00,57.39004625323702,61.224932457745446,4.494955962623389
2012-05-02 02:20:00,56.953703696665706,61.111533831468854,4.50587169329598
2012-05-02 02:25:00,55.76620373360088,61.143353877992574,4.502782581791764
2012-05-02 02:30:00,55.078703717514195,60.81880470880111,4.5371822200828955
2012-05-02 02:35:00,54.25231466681319,60.77882584943162,4.5421830694964
2012-05-02 02:40:00,54.5486110639845,60.186936136496115,4.674861522383636
2012-05-02 02:45:00,54.44444436888541,60.604953088295,4.567697012086895
2012-05-02 02:50:00,54.69444431336976,60.001721496816,4.747575092952652
2012-05-02 02:55:00,54.59259221589872,60.935175176110484,4.523858387601366
2012-05-02 03:00:00,54.30092556243637,60.93036697427919,4.524379811577772
2012-05-02 03:05:00,54.708332967917976,60.45713630289614,4.991732580080999
2012-05-02 03:10:00,54.13194398826736,61.03320731700214,4.830345685772897
2012-05-02 03:15:00,55.1018513954048,60.00592336291812,5.221608214150418
2012-05-02 03:20:00,55.788193950954195,60.68270393820392,4.914057423697973
2012-05-02 03:25:00,56.91666624095323,59.89993913723532,5.286369077645228
2012-05-02 03:30:00,57.041666241321195,60.1926109360322,5.115216262987609
2012-05-02 03:35:00,58.13888861384775,60.013515792716,5.217058614873246
2012-05-02 03:40:00,58.01851839937742,60.59828769851945,4.94042928718778
2012-05-02 03:45:00,58.64351841528012,60.621724509506656,4.93280694561478
2012-05-02 03:50:00,59.60185176549739,60.342229227347275,5.040918479305961
2012-05-02 03:55:00,59.76851843265467,60.944298763238415,4.848428260888228
2012-05-02 04:00:00,59.75810176595735,60.70565649344303,4.907384524337149
2012-05-02 04:05:00,60.36574078788862,61.37528508173338,4.805143742544302
2012-05-02 04:10:00,61.28240775257445,60.699183691482396,5.103455296145917
2012-05-02 04:15:00,61.66203720206652,61.568582329195614,4.7450015271352335
2012-05-02 04:20:00,61.432870536483115,62.14362888258245,4.595263349650492
2012-05-02 04:25:00,61.48842588111231,61.668649597584626,4.716484031686416
2012-05-02 04:30:00,62.311342564264294,60.65051382311406,5.132180781794072
2012-05-02 04:35:00,62.05671278993577,61.77851932347911,4.686736061155675
2012-05-02 04:40:00,62.791666353611475,60.83015235664678,5.031624594049815
2012-05-02 04:45:00,62.71874968673017,61.94868684433467,4.643054828577582
2012-05-02 04:50:00,62.63541635315152,62.07177630565503,4.6126880625937465
2012-05-02 04:55:00,62.81712945884087,61.6398179669719,4.724547891873239
2012-05-02 05:00:00,63.363425884873884,61.100961425254106,4.906330229188781
2012-05-02 05:05:00,63.238425870443024,63.383484289097545,3.9982265683631675
2012-05-02 05:10:00,62.997684780546365,63.012945064275726,4.1234704193096645
2012-05-02 05:15:00,62.981481233049344,63.19130370395984,4.061996813492746
2012-05-02 05:20:00,63.27430503590747,62.703735936955276,4.2371176705172315
2012-05-02 05:25:00,63.26736069764672,62.697218930045814,4.239631244029691
2012-05-02 05:30:00,63.46676573938736,62.76249530670699,4.214701445921959
2012-05-02 05:35:00,64.08713598345533,62.250068072763405,4.427298452388944
2012-05-02 05:40:00,64.33366398227749,62.86088005620318,4.1780801235421325
2012-05-02 05:45:00,64.64616399726027,62.78212539429786,4.2073064169643795
2012-05-02 05:50:00,64.82324734517779,62.90040103653977,4.163667035558243
2012-05-02 05:55:00,65.13227534418392,62.90040103653977,4.163667035558243
2012-05-02 06:00:00,65.2734789201747,62.88941324408361,4.167657803561494
2012-05-02 06:05:00,65.31514560102691,64.40816335578393,3.425331739684081
2012-05-02 06:10:00,65.69477538802845,63.72564211739893,3.715177585908471
2012-05-02 06:15:00,65.72023847919495,64.43059272918491,3.416734656752952
2012-05-02 06:20:00,65.81283135644308,64.5445650863714,3.3738719970973103
2012-05-02 06:25:00,66.24570158413833,63.879000365006284,3.6449512912405004
2012-05-02 06:30:00,66.21296320955499,64.41137067997344,3.424098522337865
2012-05-02 06:35:00,66.18518584420697,64.72085611678918,3.3101483423348994
2012-05-02 06:40:00,66.18121726745015,64.623222606201,3.345064313834881
2012-05-02 06:45:00,66.27728213254915,64.67457420513442,3.326585193240108
2012-05-02 06:50:00,66.19394878490762,64.51988134671653,3.3830407647872947
2012-05-02 06:55:00,66.1349208007003,64.79844153784687,3.283042184845199
2012-05-02 07:00:00,66.1835321182103,64.43059272918491,3.416734656752952
2012-05-02 07:05:00,65.07589312293295,65.14342437650684,3.2591260401227475
2012-05-02 07:10:00,61.19494071046636,65.21424657223679,3.227839814016321
2012-05-02 07:15:00,57.58382932621786,65.13020899706231,3.2650332571047116
2012-05-02 07:20:00,53.62549589685501,65.39870602045683,3.1492835610849994
2012-05-02 07:25:00,50.13012558807233,65.47870355124816,3.116508918298526
2012-05-02 07:30:00,46.50512550708695,64.97453182045561,3.3362977589705385
2012-05-02 07:35:00,42.47966231976829,65.31750045896206,3.1833505275603415
2012-05-02 07:40:00,38.562995866578426,65.26759427237944,3.204688550087783
2012-05-02 07:45:00,34.701884734726086,65.53793063790592,3.0927404198981048
2012-05-02 07:50:00,30.806051319610123,64.97453182045561,3.3362977589705385
2012-05-02 07:55:00,27.368551225113787,65.3302692852768,3.1779400119874786
2012-05-02 08:00:00,24.226189814119365,65.18288443462963,3.241617006068253
2012-05-02 08:05:00,25.042162129566425,61.788819922082446,6.768786442820123
2012-05-02 08:10:00,28.912697875335684,51.13330723636148,20.822213470769835
2012-05-02 08:15:00,32.63376283548296,52.19635991121559,19.82725698405943
2012-05-02 08:20:00,36.592096264845814,51.158942372970756,20.798598946993657
2012-05-02 08:25:00,39.92079990647121,53.591772036862665,18.467316539223834
2012-05-02 08:30:00,43.45204998718062,51.81237057088375,20.19045934229459
2012-05-02 08:35:00,47.264550068717945,50.721846989263376,21.198540109023465
2012-05-02 08:40:00,51.00925888783789,51.08228154499192,20.869149110105894
2012-05-02 08:45:00,54.61805514006837,51.887981575714456,20.11928534921328
2012-05-02 08:50:00,58.51620344813315,50.63732849124664,21.27524014435023
2012-05-02 08:55:00,61.74537019461999,53.53610682807297,18.52291267107918
2012-05-02 09:00:00,64.88310181971677,54.78616178954158,17.240176163181065
2012-05-02 09:05:00,65.1956018329417,63.582159965882575,5.633700138312336
2012-05-02 09:10:00,65.10185181860285,64.39434945957917,4.864746449095532
2012-05-02 09:15:00,64.8414351371067,64.59332357206502,4.696405088166894
2012-05-02 09:20:00,64.70254645406473,64.61765839726176,4.676352020371968
2012-05-02 09:25:00,64.72106489451058,64.30633060885476,4.941703863504668
2012-05-02 09:30:00,64.50231489386663,63.91904377305833,5.298618111279226
2012-05-02 09:35:00,64.47106489377465,64.00085370147715,5.220724895664901
2012-05-02 09:40:00,64.64699110460141,64.04885533628922,5.175647105229078
2012-05-02 09:45:00,64.59490777111476,64.16140676462302,5.071760824232407
2012-05-02 09:50:00,64.6134262115606,64.16727395860921,5.066413408864036
2012-05-02 09:55:00,64.5405095446793,64.02789809473727,5.195272014159295
2012-05-02 10:00:00,64.3275464459294,64.37459782991291,4.881882225822721
2012-05-02 10:05:00,64.18055597507602,63.958278585811065,5.560228043377404
2012-05-02 10:10:00,64.04398186856777,63.72870891812212,5.797800439853829
2012-05-02 10:15:00,63.90740776030166,63.51737365558143,6.027823481176085
2012-05-02 10:20:00,63.54629642780887,63.84884407132254,5.671893635967698
2012-05-02 10:25:00,63.29282442691704,63.91643081004393,5.60259028901998
2012-05-02 10:30:00,63.34838008927974,62.904357389126176,6.758353238159682
2012-05-02 10:35:00,63.37963008937174,63.490489347272906,6.057872538263136
2012-05-02 10:40:00,63.185185424036234,64.04927705434856,5.469560770051861
2012-05-02 10:45:00,63.1747687573389,63.59740881867658,5.939424440117722
2012-05-02 10:50:00,63.1747687573389,63.78048355702691,5.743110464623535
2012-05-02 10:55:00,63.329861634771,63.40923500863099,6.1497806650862294
2012-05-02 11:00:00,63.61689852343007,63.40318058830815,6.156694630572616
2012-05-02 11:05:00,63.73726875196329,63.34195734770532,5.693431098455046
2012-05-02 11:10:00,63.857639296911636,63.15639173686887,5.922316423542899
2012-05-02 11:15:00,64.09838007215104,62.96557268243614,6.171352216028155
2012-05-02 11:20:00,64.45254675392316,62.74795071572422,6.472383842674823
2012-05-02 11:25:00,64.72453722338663,63.06426469297795,6.040817735678462
2012-05-02 11:30:00,65.01157443900797,62.87918919332699,6.288663694844882
2012-05-02 11:35:00,65.25115778710945,63.321608403656235,5.7178909709034755
2012-05-02 11:40:00,65.30671313657278,63.321608403656235,5.7178909709034755
2012-05-02 11:45:00,65.31597268024227,63.321608403656235,5.7178909709034755
2012-05-02 11:50:00,65.25115780117235,63.50227340890194,5.506249538070363
2012-05-02 11:55:00,65.34375004559026,63.52200195432804,5.48389097133968
2012-05-02 12:00:00,65.25115781523526,63.7909544889157,5.1939700995768545
2012-05-02 12:05:00,65.02777804275658,63.42936128433533,5.350026875875963
2012-05-02 12:10:00,65.12962981678108,63.261900520722264,5.534109649485494
2012-05-02 12:15:00,65.29629649800124,63.336880066464005,5.450079752651029
2012-05-02 12:20:00,65.19212981696505,63.378667498353856,5.404383504271563
2012-05-02 12:25:00,65.13888936045055,63.48418752900657,5.2925579040755855
2012-05-02 12:30:00,65.2129631644226,63.355486927354626,5.429632755074909
2012-05-02 12:35:00,65.16087983093594,63.64352398308382,5.133221435935452
2012-05-02 12:40:00,65.32754648403035,63.28072742371222,5.512764145498548
2012-05-02 12:45:00,65.59953695525168,63.18604181559584,5.621814489854192
2012-05-02 12:50:00,65.88831018237707,63.20508823332661,5.599537487907564
2012-05-02 12:55:00,66.03645838096271,63.538523210721856,5.236947540571712
2012-05-02 13:00:00,66.15682862355884,63.42936128433533,5.350026875875963
2012-05-02 13:05:00,66.41724530505498,62.9946064653894,5.643701330875168
2012-05-02 13:10:00,66.23206019745186,63.45153467791187,5.163810058131914
2012-05-02 13:15:00,66.26909707834353,63.63745887496168,4.998474500124605
2012-05-02 13:20:00,66.4670137596557,63.17420900142972,5.441529119458131
2012-05-02 13:25:00,66.47395841037637,63.37005401808855,5.241346920017286
2012-05-02 13:30:00,66.3489583959455,63.4856248340991,5.132314323033621
2012-05-02 13:35:00,66.30034705030975,63.52382422410695,5.097665968402699
2012-05-02 13:40:00,66.34003008967666,63.58713056249579,5.04170401849087
2012-05-02 13:45:00,66.35838320674296,63.693740889305,4.951408680580614
2012-05-02 13:50:00,66.38839339399155,63.74037499207216,4.9134020506580995
2012-05-02 13:55:00,66.43006006078086,63.78677167100324,4.876450840915457
2012-05-02 14:00:00,66.30968981818476,63.63745887496168,4.998474500124605
2012-05-02 14:05:00,66.27843981809276,63.64958637706744,5.197733667467834
2012-05-02 14:10:00,66.43584694158055,63.2917736721022,5.5348831086446255
2012-05-02 14:15:00,66.28422672701824,63.85920536185981,5.0255565678772225
2012-05-02 14:20:00,66.24256006022893,63.70414500486961,5.151351346751322
2012-05-02 14:25:00,66.39070825881457,63.552373979834165,5.283406279053146
2012-05-02 14:30:00,66.5527451541371,63.4304779765435,5.396821745645062
2012-05-02 14:35:00,66.56200469780659,63.601013662200934,5.240037945862157
2012-05-02 14:40:00,66.56051633737812,63.81556252801324,5.060109688591313
2012-05-02 14:45:00,66.40906141806956,63.8809998096685,5.008536627206283
2012-05-02 14:50:00,66.28472265496818,63.946273575026076,4.958460462426263
2012-05-02 14:55:00,65.90046344770425,64.01136963814184,4.909794496510964
2012-05-02 15:00:00,65.95601879716759,63.58480770994908,5.25437337854647
2012-05-02 15:05:00,66.03356522182072,63.8691254712927,5.200981042778901
2012-05-02 15:10:00,66.10069500790235,63.84377935527683,5.224557793622327
2012-05-02 15:15:00,66.13194500799435,63.8691254712927,5.200981042778901
2012-05-02 15:20:00,66.16088011513752,63.90425362373438,5.168697391866645
2012-05-02 15:25:00,66.0590277223457,64.07854832090521,5.014829237792903
2012-05-02 15:30:00,66.17013904003967,63.984421350697964,5.096657110464206
2012-05-02 15:35:00,66.28125035773364,63.89058849888314,5.181202988935175
2012-05-02 15:40:00,66.2708336910363,64.08051214777312,5.013151689254105
2012-05-02 15:45:00,65.15046316423862,63.89058849888314,5.181202988935175
2012-05-02 15:50:00,60.92824074208218,64.00008925663293,5.082835592171008
2012-05-02 15:55:00,57.400462944544415,63.625652787325215,5.4374581367086305
2012-05-02 16:00:00,53.84490747227499,63.95310961450218,5.124528655011997
2012-05-02 16:05:00,50.03935171801177,64.99435612715706,4.454624736355334
2012-05-02 16:10:00,46.58333315494381,64.95481039788523,4.484660616510891
2012-05-02 16:15:00,43.6111109895991,64.92219508768554,4.509796084440484
2012-05-02 16:20:00,40.93518502454516,64.95119806235421,4.4874281096338455
2012-05-02 16:25:00,37.64814830284118,64.90761643725291,4.521135108216527
2012-05-02 16:30:00,34.39583334407376,65.14965862608418,4.341519637829636
2012-05-02 16:35:00,30.386573732377908,65.06546799037356,4.4018657089472635
2012-05-02 16:40:00,26.358795933368285,65.05132100046619,4.412231777352693
2012-05-02 16:45:00,23.73842559903555,59.705874352850095,7.4634171476495865
2012-05-02 16:50:00,24.143518167819916,41.9556444847889,24.69825053621724
2012-05-02 16:55:00,23.689814337777147,42.506776155598,23.751218704038237
2012-05-02 17:00:00,23.319443841313017,42.7630053432695,23.298677481551906
2012-05-02 17:05:00,23.19907357059111,42.0350637212613,22.62781714548773
2012-05-02 17:10:00,23.032406903433824,42.499457375650614,21.52297410663041
2012-05-02 17:15:00,22.458332802669148,43.514235454923956,19.33643307704524
2012-05-02 17:20:00,21.730323566267547,44.59379138566782,17.369863382304953
2012-05-02 17:25:00,21.721064331981733,42.75139063052335,20.9484217549733
2012-05-02 17:30:00,21.2627309972992,43.169418586536636,20.04095874333775
2012-05-02 17:35:00,21.244212528727573,41.857651428194856,23.059861306496014
2012-05-02 17:40:00,21.466434826606047,41.82899676327988,23.129793489803003
2012-05-02 17:45:00,21.29861072703725,42.0350637212613,22.62781714548773
2012-05-02 17:50:00,21.23611072685327,42.021092180017014,22.66174134546519
2012-05-02 17:55:00,21.6064812233174,41.6320542608101,23.608895806078152
2012-05-02 18:00:00,25.162036955750356,41.86737215040369,23.036143729834055
2012-05-02 18:05:00,29.11458322305563,42.04435018130951,20.577310200257358
2012-05-02 18:10:00,32.82754643758019,42.41753336903728,19.51948290297919
2012-05-02 18:15:00,36.457176037268226,42.50539202933839,19.28218518294452
2012-05-02 18:20:00,39.90740766328492,42.790147740836524,18.543899571274157
2012-05-02 18:25:00,43.36921316340415,42.950475305480275,18.148484298482572
2012-05-02 18:30:00,47.09837989729994,42.47924640968407,19.352321446966368
2012-05-02 18:35:00,51.265046688735175,41.98106142153794,20.764459753495746
2012-05-02 18:40:00,55.12615751120384,42.24322515039406,20.00361984773876
2012-05-02 18:45:00,59.303240913084835,41.990084511711025,20.737653065329564
2012-05-02 18:50:00,63.24074100905303,42.09972625700264,20.415339189592277
2012-05-02 18:55:00,67.21296314921567,42.15763612864951,20.24779342281762
2012-05-02 19:00:00,67.38773159715291,65.64013719061526,2.865914675922085
2012-05-02 19:05:00,67.27777802125412,66.00589182344662,2.2934552203722274
2012-05-02 19:10:00,67.03703691729456,66.04814828800203,2.291042787191997
2012-05-02 19:15:00,66.97453691711057,66.01748490746212,2.2926848831755184
2012-05-02 19:20:00,66.89120358353195,65.99683728864301,2.29411413726134
2012-05-02 19:25:00,66.54976846140596,66.09727284488422,2.289594731017162
2012-05-02 19:30:00,66.4664351559531,66.10849846548464,2.2894657742809934
2012-05-02 19:35:00,66.26273157977835,66.17753321116072,2.290271324963784
2012-05-02 19:40:00,66.08680601584469,66.07847455285172,2.2899778604959145
2012-05-02 19:45:00,65.8553244836804,66.19702651953074,2.2909809245221604
2012-05-02 19:50:00,65.7511578167071,66.040515089875,2.291397931512084
2012-05-02 19:55:00,65.53819469686287,66.12836247173529,2.2894175948068263
2012-05-02 20:00:00,65.77083336611791,65.70270795528086,2.340965441423269
2012-05-02 20:05:00,65.62037026052056,65.07504726799652,2.341558051768103
2012-05-02 20:10:00,65.62037026052053,64.94509816966423,2.3490816718266117
2012-05-02 20:15:00,65.61805536757173,65.15639544129733,2.3394367486153707
2012-05-02 20:20:00,65.41782382143653,65.10105824950557,2.340675689559364
2012-05-02 20:25:00,65.53819404996975,64.86685847247243,2.3563006614795716
2012-05-02 20:30:00,65.54745356551344,65.24449030196276,2.339131513505389
2012-05-02 20:35:00,65.51967558139812,65.16617069940834,2.3393050074262294
2012-05-02 20:40:00,65.4918975972828,65.07504726799652,2.341558051768103
2012-05-02 20:45:00,65.46411961316745,65.15313726568381,2.3394871359638643
2012-05-02 20:50:00,65.48263805361331,65.12708637368216,2.339986973398284
2012-05-02 20:55:00,65.55208273264374,65.0880494961597,2.341092977807163
2012-05-02 21:00:00,65.3113422896402,65.20530499059619,2.3390261824308087
2012-05-02 21:05:00,65.23842562275888,63.95668683850309,2.5704699275994556
2012-05-02 21:10:00,65.29398160505242,64.05511467758484,2.5638139880885564
2012-05-02 21:15:00,65.17361137651919,64.31475606822991,2.5525645590089283
2012-05-02 21:20:00,65.31828758725398,63.90432594568146,2.5746556635623836
2012-05-02 21:25:00,65.32060248020278,64.1674778002549,2.55792998894426
2012-05-02 21:30:00,65.10763938848433,64.44768599378415,2.5496365098274323
2012-05-02 21:35:00,65.10763938848434,64.2817911404274,2.5535572727453353
2012-05-02 21:40:00,65.18171379716082,64.1674778002549,2.55792998894426
2012-05-02 21:45:00,65.200232856374,64.26535458484297,2.55409503780434
2012-05-02 21:50:00,65.03356618921671,64.31475606822991,2.5525645590089283
2012-05-02 21:55:00,64.89930663111637,64.35612458760774,2.5514747831794975
2012-05-02 22:00:00,65.27199172520857,63.96058723835077,2.570176870955507
2012-05-02 22:05:00,65.5046303944636,63.00540126572247,2.9050336948072655
2012-05-02 22:10:00,65.38703758042489,63.3625826838692,2.8759625854181277
2012-05-02 22:15:00,65.48888936851229,63.30758542737788,2.8797865534379885
2012-05-02 22:20:00,65.50740782302103,63.3625826838692,2.8759625854181277
2012-05-02 22:25:00,65.55138935463337,63.38565029467395,2.874416876508729
2012-05-02 22:30:00,65.69027803767533,63.27122655375364,2.8824284930450754
2012-05-02 22:35:00,65.49583368875496,63.51161559316686,2.8665338651362062
2012-05-02 22:40:00,65.0236110526311,63.53045897083691,2.8654295764003703
2012-05-02 22:45:00,64.63472175008589,63.53045897083691,2.8654295764003703
2012-05-02 22:50:00,64.47036996357237,63.217172481486756,2.8865360674442493
2012-05-02 22:55:00,64.1092592779727,63.32585733123247,2.8784939906799267
2012-05-02 23:00:00,63.5328702983221,63.89959668590452,2.8468866243306294
2012-05-02 23:05:00,63.27939829743027,62.78505623935842,3.2634007942034446
2012-05-02 23:10:00,63.36921312735364,62.452304729149155,3.292659643224844
2012-05-02 23:15:00,63.406250008245316,62.843563769929006,3.258688712251279
2012-05-02 23:20:00,62.54513866021779,62.72709760814302,3.2681743450644203
2012-05-02 23:25:00,62.36365698757174,62.80449806347423,3.2618240484874232
2012-05-02 23:30:00,61.854397751814076,62.88285135369075,3.2555798845699537
2012-05-02 23:35:00,61.350925432013334,62.446875703292314,3.2931811234528254
2012-05-02 23:40:00,61.46203675673876,61.96304505363335,3.348944772499145
2012-05-02 23:45:00,61.406481421338334,62.10402256948519,3.3303651725281553
2012-05-02 23:50:00,61.38564808794368,62.22375085679997,3.3162892705489657
2012-05-02 23:55:00,61.654166543188346,61.97828950034695,3.346814117522035
2012-05-03 00:00:00,61.913425764147185,62.08793667831023,3.3323662379388774
2012-05-03 00:05:00,61.407638866054874,62.11129606427773,3.4787039233248307
2012-05-03 00:10:00,60.93541652525179,62.47840592763766,3.454651199777769
2012-05-03 00:15:00,60.50949063713566,62.781558435550245,3.435806697076222
2012-05-03 00:20:00,61.102083211745565,61.11088016003913,3.594573083627393
2012-05-03 00:25:00,60.74652766451862,62.273678302083376,3.46772742688812
2012-05-03 00:30:00,60.46874998905103,61.72761529547743,3.5091914473777472
2012-05-03 00:35:00,60.60185176316751,61.40294230074817,3.545383134289015
2012-05-03 00:40:00,60.87962975505019,61.97605854617444,3.4885273749728927
2012-05-03 00:45:00,60.657407414983034,61.82407931648052,3.500664299217498
2012-05-03 00:50:00,60.43518507315801,62.01097448954865,3.4859162752919164
2012-05-03 00:55:00,60.45370351360387,62.30400786204487,3.4657485245980304
2012-05-03 01:00:00,59.68518507095024,62.41958427596608,3.458351540898212
2012-05-03 01:05:00,59.67592555540654,60.9275809286836,3.8835177374282424
2012-05-03 01:10:00,60.157406792986,61.21440072845103,3.8504882468802815
2012-05-03 01:15:00,59.66666603986286,61.51087932447442,3.8251473903867055
2012-05-03 01:20:00,59.6261568177901,61.625021123710496,3.816286670385462
2012-05-03 01:25:00,59.59837917118421,61.24203610076029,3.847882898922869
2012-05-03 01:30:00,59.62523083248478,60.95039000724868,3.880345739227956
2012-05-03 01:35:00,59.06967548154961,61.22816243725688,3.849182085303912
2012-05-03 01:40:00,58.62291593659227,62.11127004089275,3.7783972968714727
2012-05-03 01:45:00,58.38217517014215,61.095521581516216,3.8626340869995572
2012-05-03 01:50:00,58.22476773727069,61.24203610076029,3.847882898922869
2012-05-03 01:55:00,57.72476774986172,61.923132172087996,3.7934148080309904
2012-05-03 02:00:00,57.87291597657316,60.79787853218158,3.9041896569278385
2012-05-03 02:05:00,57.95624928202602,60.84039363796405,4.125414473748911
2012-05-03 02:10:00,57.604397816649275,61.9399233815491,4.007697308571771
2012-05-03 02:15:00,57.400694212348725,60.746877510643465,4.141297218512517
2012-05-03 02:20:00,57.0245367612547,61.4455544123721,4.057612846978779
2012-05-03 02:25:00,57.2745367496856,61.111795457545156,4.090701345429136
2012-05-03 02:30:00,57.55324043858429,60.9053210975303,4.115851677837477
2012-05-03 02:35:00,57.71990710574158,60.504049005652405,4.199366732129833
2012-05-03 02:40:00,57.38888867843872,61.20128783937653,4.081337736345518
2012-05-03 02:45:00,57.64120357212346,60.72691846032506,4.14507307737268
2012-05-03 02:50:00,57.77083335838905,60.94068218071346,4.111047287050391
2012-05-03 02:55:00,57.45833332934336,60.99960384241219,4.103565208780176
2012-05-03 03:00:00,57.44907409505754,60.89521953106294,4.117272255117822
2012-05-03 03:05:00,57.566799163581,61.140713703278664,4.3956455222637265
2012-05-03 03:10:00,57.93832683932456,61.52338610634177,4.313582883643284
2012-05-03 03:15:00,58.354993535343546,60.691350104150125,4.5473517736103295
2012-05-03 03:20:00,58.27281763417642,61.104283369059566,4.405125347101727
2012-05-03 03:25:00,57.82837330385658,61.699366949753085,4.282377856685674
2012-05-03 03:30:00,57.74966974211268,61.495100043936255,4.318856215687104
2012-05-03 03:35:00,57.962632524447464,60.841106225887366,4.487238499636708
2012-05-03 03:40:00,58.79365096728506,60.963702202685596,4.445694714413432
2012-05-03 03:45:00,58.481150938239374,61.23106032153117,4.373668088080876
2012-05-03 03:50:00,58.74966937458702,61.31825969930792,4.3542329438396274
2012-05-03 03:55:00,59.88359768416755,60.81122819468329,4.498365764357874
2012-05-03 04:00:00,60.26322713365962,61.080295362949784,4.411582634174773
2012-05-03 04:05:00,60.691798505232065,61.85216053438026,4.289865560113411
2012-05-03 04:10:00,60.26471517064153,62.77459003523875,4.010049833824405
2012-05-03 04:15:00,60.27513183733887,61.73640819014185,4.3338537575374225
2012-05-03 04:20:00,61.03323364142094,61.489372016347126,4.438980554522192
2012-05-03 04:25:00,61.55175207982291,61.5599703694807,4.4072132649445726
2012-05-03 04:30:00,61.69758541358553,61.94033539796959,4.258255859323742
2012-05-03 04:35:00,62.271659528413096,61.61833689141511,4.382030503503125
2012-05-03 04:40:00,62.14963561607186,62.87538333831433,3.98344250124077
2012-05-03 04:45:00,63.1555878231948,61.28044463060906,4.542169090979961
2012-05-03 04:50:00,63.35929139014079,62.328752391194996,4.1340461373359005
2012-05-03 04:55:00,62.81911309637099,63.22837832262704,3.8920963276540212
2012-05-03 05:00:00,63.305885624309646,62.21509247283583,4.168290043141063
2012-05-03 05:05:00,63.37880229119096,63.61496766350093,3.6327925413847133
2012-05-03 05:10:00,63.5732466317615,62.925766995298794,3.922448046341488
2012-05-03 05:15:00,64.01074661898647,62.597796799546806,4.0853967375095
2012-05-03 05:20:00,64.16931151239524,63.82505911933637,3.555940767433821
2012-05-03 05:25:00,64.40079273869158,63.42418667380601,3.7067615064834727
2012-05-03 05:30:00,64.77810761868142,63.14216475810048,3.8244668307040306
2012-05-03 05:35:00,65.06977430026954,63.61496766350093,3.6327925413847133
2012-05-03 05:40:00,65.31448332002992,63.664038514191695,3.6144318303557585
2012-05-03 05:45:00,65.25760493351767,64.05787405993378,3.475710031674551
2012-05-03 05:50:00,65.34788293187988,63.729498795709766,3.590336664995201
2012-05-03 05:55:00,65.62218828198712,63.163728521714965,3.815084349216931
2012-05-03 06:00:00,65.56712887453665,64.18169132171282,3.4349134501876795
2012-05-03 06:05:00,65.75347173799784,64.75420235995716,3.267681440636645
2012-05-03 06:10:00,66.11458273429959,64.25540200770402,3.504188010391784
2012-05-03 06:15:00,66.5312493881299,64.46406776033432,3.401303977773518
2012-05-03 06:20:00,66.45601782829975,65.16866696149852,3.0952981649599955
2012-05-03 06:25:00,66.44212917375155,64.90271076550466,3.203449595080895
2012-05-03 06:30:00,66.53472143223235,64.92331244084971,3.1947587970254676
2012-05-03 06:35:00,66.52430476553502,65.2355751585625,3.0694531396607094
2012-05-03 06:40:00,66.50578632508918,65.1860696238243,3.0885239283864308
2012-05-03 06:45:00,66.24421252056517,64.94385689427989,3.186145288634378
2012-05-03 06:50:00,66.22337918717052,64.91816729208291,3.19692414516159
2012-05-03 06:55:00,66.3449071856247,64.7146067777268,3.2852792256139254
2012-05-03 07:00:00,66.18865717110185,65.078541025207,3.1309723795680156
2012-05-03 07:05:00,66.16087918698653,65.798214509433,2.917119120734766
2012-05-03 07:10:00,65.98495362305287,65.71818992163396,2.952714470634343
2012-05-03 07:15:00,65.96412028965823,66.01732092005749,2.8244732685656917
2012-05-03 07:20:00,65.96643518260704,65.63655324806682,2.989983122078788
2012-05-03 07:25:00,66.13310184976432,65.5003552184961,3.0542890650219827
2012-05-03 07:30:00,66.07754650030101,65.7584000945122,2.93471229308288
2012-05-03 07:35:00,65.91666671394341,65.84498097215663,2.896750017527418
2012-05-03 07:40:00,65.87500004715409,65.77835714086825,2.9258641312458025
2012-05-03 07:45:00,66.25000006232088,64.93975064179273,3.34639606987797
2012-05-03 07:50:00,66.4226189055316,65.5003552184961,3.0542890650219827
2012-05-03 07:55:00,66.65178554474709,65.61847610122851,2.9983655771247038
2012-05-03 08:00:00,66.79761889257261,65.35415377442528,3.1262476550743217
2012-05-03 08:05:00,66.77910045212677,65.43280524721054,3.4255299280464393
2012-05-03 08:10:00,67.14947066733302,65.01171990558146,3.7030444445822983
2012-05-03 08:15:00,67.0140540283935,65.6671169086268,3.2856477156202306
2012-05-03 08:20:00,66.87863734726531,65.33677829567323,3.485915684650376
2012-05-03 08:25:00,66.81613734708134,65.56031122712831,3.348079735775572
2012-05-03 08:30:00,66.85317422797301,65.33165743352401,3.4891842668052977
2012-05-03 08:35:00,67.02447068102795,65.18546264120201,3.5845776849768085
2012-05-03 08:40:00,67.02910043879979,65.38256887794431,3.4569021065597845
2012-05-03 08:45:00,66.97255261466927,65.5166774427539,3.3742297993043255
2012-05-03 08:50:00,66.89715575958537,65.57268044225275,3.340733926946301
2012-05-03 08:55:00,66.4909057724524,65.7911109058237,3.2160300067444543
2012-05-03 09:00:00,66.56382243933372,65.38256887794431,3.4569021065597845
2012-05-03 09:05:00,66.51752601477254,64.86842521947095,4.0174495457256185
2012-05-03 09:10:00,66.2397480299213,65.27087947687482,3.7153540330370105
2012-05-03 09:15:00,66.0626646820038,64.85875548931504,4.025242821772788
2012-05-03 09:20:00,66.35317424056409,64.51805467525185,4.3150452558440096
2012-05-03 09:25:00,66.17400743274105,64.90207531958531,3.9905172618548916
2012-05-03 09:30:00,66.00318339447765,64.88768962611854,4.001994833260677
2012-05-03 09:35:00,65.76431275383406,65.02915526413533,3.8915141097877064
2012-05-03 09:40:00,65.60554377971043,64.86842521947095,4.0174495457256185
2012-05-03 09:45:00,65.44685047801835,64.87118147634176,4.015231278920118
2012-05-03 09:50:00,65.28161878854468,64.88768962611854,4.001994833260677
2012-05-03 09:55:00,65.34000717827895,64.39819640636752,4.423800251304017
2012-05-03 10:00:00,65.11854364383558,65.00827186683873,3.907486477373515
2012-05-03 10:05:00,65.01306088688288,64.27144709451368,4.633471093017275
2012-05-03 10:10:00,64.93675423288447,64.21404158855303,4.69056551370412
2012-05-03 10:15:00,64.96948433848625,63.984282057734845,4.929710605783149
2012-05-03 10:20:00,64.69226964284627,64.61764579690892,4.312794363124889
2012-05-03 10:25:00,64.70904604232234,64.02514591610567,4.8859560774025566
2012-05-03 10:30:00,64.72582244179841,64.02817919792147,4.882730302696371
2012-05-03 10:35:00,64.74259885533738,64.03121014529692,4.879508774984113
2012-05-03 10:40:00,64.75937525481343,64.03423844884836,4.876292394290984
2012-05-03 10:45:00,64.7761516542895,64.03726505078961,4.87308079498175
2012-05-03 10:50:00,64.79292805376558,64.0402902323786,4.869874061433772
2012-05-03 10:55:00,64.80970382041143,64.04331329047062,4.866671743634447
2012-05-03 11:00:00,64.82647958705728,64.04633381724177,4.863476204149935
2012-05-03 11:05:00,64.84325600059624,63.71269576111283,5.254358359375889
2012-05-03 11:10:00,64.8600324000723,63.715624119678004,5.250953479654234
2012-05-03 11:15:00,64.87680879954837,63.718549018771284,5.247555856385781
2012-05-03 11:20:00,64.89358519902444,63.72147390380167,5.244162620740194
2012-05-03 11:25:00,64.91036161256339,63.72439512544823,5.240774138352713
2012-05-03 11:30:00,64.92713801203946,63.72731547519536,5.237393053047372
2012-05-03 11:35:00,64.94391441151554,63.730235185080836,5.234015202207606
2012-05-03 11:40:00,64.9606908250545,63.73315135814852,5.230643314034811
2012-05-03 11:45:00,64.97746722453057,63.73606659603376,5.227275222843343
2012-05-03 11:50:00,64.99424299117642,63.73897888774275,5.223912813060973
2012-05-03 11:55:00,65.01101940471538,63.74188990675986,5.2205586722601565
2012-05-03 12:00:00,65.02779580419146,63.744799737462436,5.217206190880809
2012-05-03 12:05:00,65.04457218960461,63.59773376996367,5.339578314535488
2012-05-03 12:10:00,65.06134860314357,63.60059808611047,5.336231289558936
2012-05-03 12:15:00,65.07812500261964,63.60345989906215,5.332890170997782
2012-05-03 12:20:00,65.09490141615862,63.60632086120878,5.329554368210485
2012-05-03 12:25:00,65.11167781563469,63.60917978423578,5.326224781222248
2012-05-03 12:30:00,65.12845421511075,63.61203820803005,5.322898175567498
2012-05-03 12:35:00,65.14523062864971,63.61489426925818,5.31957975451694
2012-05-03 12:40:00,65.16200702812579,63.61774910701454,5.316263302271514
2012-05-03 12:45:00,65.17878280883453,63.62060051342481,5.312954781498195
2012-05-03 12:50:00,65.1955592083106,63.62345106903001,5.309651492121367
2012-05-03 12:55:00,65.21233559372376,63.62630124493706,5.306353124757372
2012-05-03 13:00:00,65.22911200726273,63.62914839029053,5.303060495054049
2012-05-03 13:05:00,65.24588842080169,63.69497680321111,5.197530402400814
2012-05-03 13:10:00,65.26266480621487,63.697835128565146,5.194459403903815
2012-05-03 13:15:00,65.27944121975382,63.70069180152914,5.191393046161773
2012-05-03 13:20:00,65.296217605167,63.70354753227925,5.188331779187286
2012-05-03 13:25:00,65.31299399058018,63.70640125906701,5.18527602486717
2012-05-03 13:30:00,65.32977040411915,63.709253973326405,5.1822249675535845
2012-05-03 13:35:00,65.346546170765,63.71210505629012,5.17918023854221
2012-05-03 13:40:00,65.36332193741084,63.71495467671287,5.176138406486959
2012-05-03 13:45:00,65.38009832282401,63.717801147047425,5.173106559086306
2012-05-03 13:50:00,65.39687473636297,63.720647322061204,5.170074317924628
2012-05-03 13:55:00,65.41365114990194,63.72349224547744,5.167048376939374
2012-05-03 14:00:00,65.4304275353151,63.72633563603824,5.16402839862109
2012-05-03 14:05:00,65.44720394885407,64.08637650105479,4.748821093469334
2012-05-03 14:10:00,65.46398036239303,64.08925538635957,4.74640165696799
2012-05-03 14:15:00,65.48075674780621,64.09213207785287,4.743986200265593
2012-05-03 14:20:00,65.49753316134519,64.09500851621411,4.741574638984778
2012-05-03 14:25:00,65.51430957488414,64.09788262013497,4.739168393477821
2012-05-03 14:30:00,65.53108534152999,64.1007555005841,4.736766071518234
2012-05-03 14:35:00,65.54786172694315,64.10362539969972,4.73436878407463
2012-05-03 14:40:00,65.5646381404821,64.106495608199,4.731975237360775
2012-05-03 14:45:00,65.58141455402107,64.10936387601895,4.729585417313779
2012-05-03 14:50:00,65.59819093943426,64.11223106099607,4.727199084864446
2012-05-03 14:55:00,65.61496735297322,64.11509578496677,4.724818532264467
2012-05-03 15:00:00,65.63174376651219,64.11795944015753,4.7224417203942375
2012-05-03 15:05:00,65.64852015192537,64.08500944714824,4.319374883336325
2012-05-03 15:10:00,65.66529656546433,64.0876244985024,4.317593339697859
2012-05-03 15:15:00,65.68207297900328,64.0902388889005,4.315816408688559
2012-05-03 15:20:00,65.69884874564913,64.09285169019164,4.314042346509598
2012-05-03 15:25:00,65.71562451229498,64.09546619309292,4.312269578116863
2012-05-03 15:30:00,65.73240089770816,64.09807691307576,4.3105015911080224
2012-05-03 15:35:00,65.74917731124711,64.10068930654298,4.308735277583545
2012-05-03 15:40:00,65.76595369666029,64.10330168594729,4.30697233915358
2012-05-03 15:45:00,65.78273011019924,64.105911759037,4.305212128925011
2012-05-03 15:50:00,65.82935844717994,64.10852325247902,4.303453507803444
2012-05-03 15:55:00,61.881533177701506,64.111133424009,4.301699864946282
2012-05-03 16:00:00,57.87328190361708,64.11374225956406,4.299947529938243
2012-05-03 16:05:00,53.53029921856781,64.76651740481466,3.935809918950753
2012-05-03 16:10:00,49.6025850966357,64.76900870270333,3.9344415009435205
2012-05-03 16:15:00,46.056574701031515,64.77150256003868,3.933074207967792
2012-05-03 16:20:00,41.92814860232325,64.77399129848068,3.9317116401243832
2012-05-03 16:25:00,38.11082420287832,64.77648062756423,3.9303505770106084
2012-05-03 16:30:00,34.22960172659914,64.7789705613522,3.9289915389535426
2012-05-03 16:35:00,30.607397812977172,64.78145657159281,3.9276352290978735
2012-05-03 16:40:00,26.78587915545567,64.78394279277683,3.9262823365254
2012-05-03 16:45:00,23.0254623933421,64.78642864832558,3.924931061185712
2012-05-03 16:50:00,18.921295630216633,64.84172768748647,3.8953779039228156
2012-05-03 16:55:00,18.778934368682254,42.22027709528097,23.649235160698826
2012-05-03 17:00:00,18.893517702352884,42.15512269576599,23.748144555453027
2012-05-03 17:05:00,19.351851037035416,41.45387942139011,23.31895279932048
2012-05-03 17:10:00,19.762730767877354,41.77770050183357,22.601354716961836
2012-05-03 17:15:00,19.24421229783387,42.21848075747822,21.62589851381678
2012-05-03 17:20:00,19.79629540778607,41.60771229166331,22.978760035421697
2012-05-03 17:25:00,19.692128740812766,41.89225705975441,22.34679991367804
2012-05-03 17:30:00,19.962962074943352,41.828167390055,22.48919031352838
2012-05-03 17:35:00,19.806712074483396,42.123857732755,21.833987828430125
2012-05-03 17:40:00,20.1585638773696,41.89225705975441,22.34679991367804
2012-05-03 17:45:00,20.40856387810552,41.96045770707328,22.19542062461234
2012-05-03 17:50:00,20.75231387911742,41.6579144599718,22.867420280080797
2012-05-03 17:55:00,21.55208234998882,41.63243362143331,22.923947375505865
2012-05-03 18:00:00,21.833332350816736,41.807671116098994,22.53474250162373
2012-05-03 18:05:00,22.43749901926189,41.971935953497976,20.583077111747855
2012-05-03 18:10:00,24.465276840509887,42.42844021196098,19.317426232297638
2012-05-03 18:15:00,28.858134140945193,41.805758900051316,21.070291917696593
2012-05-03 18:20:00,32.66484732761993,42.34665323418486,19.536249472492493
2012-05-03 18:25:00,36.806050999762874,41.94049267299356,20.674186438077182
2012-05-03 18:30:00,40.58730109527111,42.30360581623044,19.6528253494602
2012-05-03 18:35:00,44.52711605606232,42.09587414913227,20.22884687975864
2012-05-03 18:40:00,48.15443101593363,42.513418116592455,19.093754443829155
2012-05-03 18:45:00,51.82109777777123,42.45271321667657,19.25315768258906
2012-05-03 18:50:00,55.588459190605455,42.15706326260757,20.05685735104556
2012-05-03 18:55:00,58.98660748313551,42.800914967350565,18.364532648472338
2012-05-03 19:00:00,62.7238760189056,42.28956328549825,19.69105954513023
2012-05-03 19:05:00,65.93220943199778,43.56242404184624,15.217296391592877
2012-05-03 19:10:00,67.45188530927068,56.60434387899212,4.302742445704111
2012-05-03 19:15:00,67.23611143884216,66.63534167645788,2.256989967987821
2012-05-03 19:20:00,67.00231501372905,66.54348608860603,2.2383920721919934
2012-05-03 19:25:00,66.75231498486733,66.53444162283436,2.2368604964908654
2012-05-03 19:30:00,66.49421319631999,66.48736563581815,2.229786312455389
2012-05-03 19:35:00,66.32523166433968,66.47920173220481,2.228714044928742
2012-05-03 19:40:00,66.27314833085303,66.47686062602196,2.228415967831706
2012-05-03 19:45:00,66.15509298120573,66.47686062602196,2.228415967831706
2012-05-03 19:50:00,66.14583343753625,66.35288533247379,2.2180346271236075
2012-05-03 19:55:00,66.1643518779821,66.41242315283303,2.221686620015158
2012-05-03 20:00:00,66.08333343735228,66.43177875734693,2.2234044587446995
2012-05-03 20:05:00,66.15856498311952,65.34821705349212,2.279709501076625
2012-05-03 20:10:00,66.03356496868865,65.48573668569664,2.290745497617014
2012-05-03 20:15:00,66.012731635294,65.59455336100886,2.3034548097651655
2012-05-03 20:20:00,66.03356496868865,65.44466790283731,2.2868222315040145
2012-05-03 20:25:00,66.04861142128362,65.41109284232431,2.2840008634349034
2012-05-03 20:30:00,66.14120366570152,65.33744071422291,2.2791084670584034
2012-05-03 20:35:00,66.21412033258284,65.44466790283731,2.2868222315040145
2012-05-03 20:40:00,65.97222210559542,65.59455336100886,2.3034548097651655
2012-05-03 20:45:00,65.94444412148009,65.50848954784375,2.29313361605386
2012-05-03 20:50:00,65.9050923476396,65.49635969723472,2.2918420798870454
2012-05-03 20:55:00,65.70949055927623,65.60508036517096,2.304848175346003
2012-05-03 21:00:00,65.66087921364048,65.49939368219523,2.29216089975244
2012-05-03 21:05:00,65.66898101551476,64.76618975345195,2.4599947308437495
2012-05-03 21:10:00,65.7106476823041,64.60125179564112,2.4549523818306342
2012-05-03 21:15:00,65.60995300318166,64.92357475600782,2.4677677000722684
2012-05-03 21:20:00,65.55786966969502,64.79806709923646,2.4613530095045504
2012-05-03 21:25:00,65.34953632168553,64.7442824368576,2.459129595679918
2012-05-03 21:30:00,65.33796253196034,64.78212607784096,2.460659610399834
2012-05-03 21:35:00,65.25462919838169,64.88773316483774,2.4657693206742635
2012-05-03 21:40:00,65.44444409188246,64.54392159647679,2.454057053633809
2012-05-03 21:45:00,65.46527742527711,64.79806709923646,2.4613530095045504
2012-05-03 21:50:00,65.3842589705844,64.76220555282012,2.4598336544581367
2012-05-03 21:55:00,65.39467563728172,64.63692989160785,2.4557437711793657
2012-05-03 22:00:00,65.30787030178931,64.75025649477381,2.4593602833898536
2012-05-03 22:05:00,65.15162028726645,63.9563113346285,2.71786450976913
2012-05-03 22:10:00,64.91203695498572,63.82801468608532,2.719100539694106
2012-05-03 22:15:00,64.67129650495072,63.92056333553243,2.718124827996306
2012-05-03 22:20:00,64.3171298231786,63.870652170685396,2.7185941067624935
2012-05-03 22:25:00,64.51967626226264,63.49400339372343,2.727028355446284
2012-05-03 22:30:00,64.41550958122643,63.93485359820185,2.7180136467579046
2012-05-03 22:35:00,63.96527802029241,63.91342359028604,2.7181841030936837
2012-05-03 22:40:00,63.31944468505795,64.0639226300928,2.717440443206518
2012-05-03 22:45:00,62.99305567669909,64.02082189267651,2.717547729023336
2012-05-03 22:50:00,62.56365744915973,63.76905454127771,2.719968178053034
2012-05-03 22:55:00,62.6261574634066,63.8067526453731,2.719390221243542
2012-05-03 23:00:00,62.67824081095614,63.74321722244423,2.720413142075836
2012-05-03 23:05:00,62.63194437233208,62.89179376504209,3.045051346963684
2012-05-03 23:10:00,62.70486103745554,62.59101781938336,3.0620064295684073
2012-05-03 23:15:00,62.11226848921357,62.67959236359852,3.0565897263222706
2012-05-03 23:20:00,62.32804238776788,62.409337461779025,3.0745784738101527
2012-05-03 23:25:00,61.74900791059806,63.17336107221646,3.031973151048201
2012-05-03 23:30:00,60.83234122717011,62.981074470438095,3.0406780119974317
2012-05-03 23:35:00,61.20271145643927,62.27121792234566,3.085820322990022
2012-05-03 23:40:00,61.463128109809624,62.061470211975944,3.1067490449933435
2012-05-03 23:45:00,61.57423943585345,62.60486870099883,3.06113184413994
2012-05-03 23:50:00,62.0117394371413,62.18381266292471,3.093894828787452
2012-05-03 23:55:00,61.643683763311536,63.20926265569147,3.030434726717792
2012-05-04 00:00:00,61.414517083665224,63.11722346269815,3.0344287010608295
2012-05-04 00:05:00,61.331183752723376,62.98181258251365,3.501569049553171
2012-05-04 00:10:00,60.716600403517994,62.919732651514714,3.507953111138187
2012-05-04 00:15:00,61.286044734205795,61.718785424191594,3.680711402003866
2012-05-04 00:20:00,61.2161041694141,63.03469091599701,3.496185562862197
2012-05-04 00:25:00,61.35995321479831,62.12513768899333,3.6044653731406187
2012-05-04 00:30:00,61.880786563727725,61.469930498099245,3.7484957314146214
2012-05-04 00:35:00,61.73263865694711,63.2241598728574,3.477171166340623
2012-05-04 00:40:00,62.01388867183792,62.68294701154246,3.5332163685837608
2012-05-04 00:45:00,61.7916663388022,63.02533192657401,3.4971358066593194
2012-05-04 00:50:00,61.583333006613465,63.266131577876195,3.472993896239764
2012-05-04 00:55:00,61.59722199867113,62.58381380847016,3.544392783118768
2012-05-04 01:00:00,61.42592555792125,62.80003913646271,3.520512653467343
2012-05-04 01:05:00,61.430555328877055,62.483990071607785,3.9155099208035504
2012-05-04 01:10:00,61.99768511643051,61.46558767961255,4.099761927277099
2012-05-04 01:15:00,62.112268448343286,62.494220598327026,3.91403337320587
2012-05-04 01:20:00,61.75231488577146,62.563905664069466,3.904029635259261
2012-05-04 01:25:00,61.641203891524064,62.11478486783389,3.971055707499083
2012-05-04 01:30:00,61.49537057182433,62.02006454546415,3.9864663046661666
2012-05-04 01:35:00,61.43981491165894,62.56650738028455,3.903657474837674
2012-05-04 01:40:00,60.658564881233396,63.02811511037072,3.83795242865297
2012-05-04 01:45:00,60.85648154848267,62.22706132967875,3.9535452671552087
2012-05-04 01:50:00,60.47106489298648,62.47123706516967,3.917352919287932
2012-05-04 01:55:00,60.71643512188768,62.31395783139595,3.9404253747596023
2012-05-04 02:00:00,60.84606489584824,62.133204706299814,3.968132088129135
2012-05-04 02:05:00,60.91898156097168,62.393619141248685,4.1802150114502785
2012-05-04 02:10:00,60.6875000147445,62.40339524137545,4.1782911513265315
2012-05-04 02:15:00,60.91666669614867,62.64315908847675,4.131289303886448
2012-05-04 02:20:00,61.30787025881247,61.7714727826982,4.311677558413569
2012-05-04 02:25:00,61.6134259078482,61.83421352380332,4.296948252199637
2012-05-04 02:30:00,61.60300924115088,61.69572836231506,4.330250900396817
2012-05-04 02:35:00,61.09375001022733,62.345142706226746,4.189781238707801
2012-05-04 02:40:00,61.53125002557809,61.43269536907791,4.404312821223611
2012-05-04 02:45:00,61.731481571713296,62.55061356802352,4.149416599004072
2012-05-04 02:50:00,61.789351785999635,61.66260766686934,4.338688355420395
2012-05-04 02:55:00,61.46064822351982,62.75096468127648,4.110103723127824
2012-05-04 03:00:00,61.39814822157797,62.30684685267778,4.197372332530773
2012-05-04 03:05:00,61.02166018349215,62.8266724445296,4.114925692532162
2012-05-04 03:10:00,61.13392862421397,62.231923097072546,4.289066647116495
2012-05-04 03:15:00,61.0124006116969,63.45180626403272,3.941074714818035
2012-05-04 03:20:00,61.19527084041409,62.80422046810309,4.121225643949346
2012-05-04 03:25:00,60.70221519082642,62.701102173163065,4.150308805238472
2012-05-04 03:30:00,60.30522439579057,61.96096179763979,4.379819141578481
2012-05-04 03:35:00,59.98346516058484,61.73530463707115,4.467620369021302
2012-05-04 03:40:00,60.06679849592134,62.44202816227346,4.2251150187826525
2012-05-04 03:45:00,60.3353169371031,63.281560238830366,3.988363276536963
2012-05-04 03:50:00,60.579530042976444,62.03894163540636,4.352408395871914
2012-05-04 03:55:00,60.89203004389636,62.34265636902387,4.254864367476986
2012-05-04 04:00:00,60.94411337738302,62.46229702517379,4.219135307583136
2012-05-04 04:05:00,61.25231452042224,62.84762684581647,4.108447817382589
2012-05-04 04:10:00,61.50231452115816,63.22157527821552,3.942675297139052
2012-05-04 04:15:00,61.59259253358326,63.945286644654736,3.671051347118894
2012-05-04 04:20:00,61.500000289165364,63.99768567604436,3.653052629039306
2012-05-04 04:25:00,62.14583361033694,62.5187515094835,4.277640349021515
2012-05-04 04:30:00,63.18287083168178,61.981358668030964,4.620677558198142
2012-05-04 04:35:00,64.30092618427277,61.85710981604111,4.7135423555608265
2012-05-04 04:40:00,64.4363428495802,63.3937192869381,3.8733245863650083
2012-05-04 04:45:00,63.73263930005937,64.69354760832057,3.4285086598971986
2012-05-04 04:50:00,64.0138893008873,63.26418436631729,3.92516201609063
2012-05-04 04:55:00,64.28472264908078,63.77470377095715,3.7309405148168806
2012-05-04 05:00:00,64.60995419558394,63.35025462644027,3.89049380465366
2012-05-04 05:05:00,64.86574110524535,64.61778464689088,3.3509487911175664
2012-05-04 05:10:00,64.88310242266336,64.90768825645155,3.225227715869884
2012-05-04 05:15:00,64.8622690892687,65.29368258574151,3.0763728990593417
2012-05-04 05:20:00,64.83449110515336,64.94584403742574,3.209601492352128
2012-05-04 05:25:00,65.07986133405454,64.97631758296221,3.1972705423617303
2012-05-04 05:30:00,65.23148157674265,65.16829536359269,3.1225327447958993
2012-05-04 05:35:00,65.22800958889177,65.18840514703832,3.1149915039314564
2012-05-04 05:40:00,65.44328758762194,64.83882197018033,3.253961470499595
2012-05-04 05:45:00,65.98958401365495,64.24115000313718,3.5340544045512345
2012-05-04 05:50:00,66.26967690551791,65.02194195589146,3.1790499680695157
2012-05-04 05:55:00,66.28009357221524,65.51763176479024,2.9988678896284324
2012-05-04 06:00:00,66.33564892167855,65.20849716904908,3.107509960051205
2012-05-04 06:05:00,66.3148155882839,66.07620408458442,2.8458707771339173
2012-05-04 06:10:00,66.52662095227006,65.84238351348266,2.9493956839485462
2012-05-04 06:15:00,66.68287095273,66.14188364880553,2.818534902273955
2012-05-04 06:20:00,66.93287096752884,65.78004809134484,2.978618236641042
2012-05-04 06:25:00,66.83333408645318,66.38626195149237,2.7236314634483088
2012-05-04 06:30:00,66.83333408645318,66.37481323714468,2.7278374781040995
2012-05-04 06:35:00,66.85532454287569,66.07620408458442,2.8458707771339173
2012-05-04 06:40:00,66.96296322582565,66.19947159268749,2.7952026348392853
2012-05-04 06:45:00,66.93518524171033,66.33103792380705,2.7441351766751336
2012-05-04 06:50:00,66.86640177182069,66.49471549476083,2.684974748133989
2012-05-04 06:55:00,66.93468868093017,66.41589435316186,2.7128569242294938
2012-05-04 07:00:00,67.03306846710377,66.21850403190182,2.787623044463443
2012-05-04 07:05:00,67.25181843962191,66.22568035473498,3.0087545117954555
2012-05-04 07:10:00,67.25181843962191,66.48133822328286,2.8853263773193647
2012-05-04 07:15:00,67.11408687960781,66.64134352265224,2.8156697282906493
2012-05-04 07:20:00,67.16964220094535,66.50177920194044,2.876096492292915
2012-05-04 07:25:00,67.28258073855685,66.37717954403324,2.933840815553944
2012-05-04 07:30:00,67.29665252010814,66.56233680710663,2.84931807054328
2012-05-04 07:35:00,67.42944974819643,66.31547603802845,2.963735771450708
2012-05-04 07:40:00,67.41245398163994,66.60208481704292,2.8322067773142012
2012-05-04 07:45:00,67.46094323323172,66.46535003494152,2.8926124047870814
2012-05-04 07:50:00,67.46198782498335,66.54802035932894,2.855571248775678
2012-05-04 07:55:00,67.36135417882004,66.72899048015005,2.7800654625164025
2012-05-04 08:00:00,67.32389065785618,66.60208481704292,2.8322067773142012
2012-05-04 08:05:00,67.2500603810161,66.20843258112154,3.4237975201589177
2012-05-04 08:10:00,67.2648632924162,66.02245803891192,3.53693566648505
2012-05-04 08:15:00,67.32894702757443,65.90988927103005,3.609841336183408
2012-05-04 08:20:00,67.2675437643523,66.1543560574447,3.455744730399845
2012-05-04 08:25:00,67.20614050113018,66.1443017352691,3.4617702163186883
2012-05-04 08:30:00,67.14473659101495,66.13421872479012,3.4678420535355023
2012-05-04 08:35:00,67.08333332779283,66.12410609785681,3.4739570638362918
2012-05-04 08:40:00,67.02193006457072,66.11396365758861,3.4801178488564073
2012-05-04 08:45:00,66.9605268013486,66.10379224775919,3.4863234945077526
2012-05-04 08:50:00,66.89912289123338,66.09359153085909,3.4925757305262657
2012-05-04 08:55:00,66.83771962801126,66.08335987559262,3.4988736428238476
2012-05-04 09:00:00,66.84393314888312,66.07309840699129,3.50521877831882
2012-05-04 09:05:00,66.61220808958686,65.52162009991287,4.299928770037911
2012-05-04 09:10:00,66.43189561999442,65.51118259200693,4.30806429473155
2012-05-04 09:15:00,66.38054344448234,65.50071695831336,4.31625382093739
2012-05-04 09:20:00,66.32389138618295,65.49022902087025,4.324493720428832
2012-05-04 09:25:00,66.1589298870879,65.4797134357779,4.332785737004705
2012-05-04 09:30:00,66.09167868198121,65.46917194683519,4.341131895721716
2012-05-04 09:35:00,66.0295442607845,65.45860559469624,4.349530227774735
2012-05-04 09:40:00,65.91697127403451,65.44801122927281,4.357982912912299
2012-05-04 09:45:00,65.93798708753914,65.43739287255256,4.3664857322662725
2012-05-04 09:50:00,65.78935187687821,65.42674543376792,4.375044901635708
2012-05-04 09:55:00,65.64351852905268,65.41607315991284,4.383658747536249
2012-05-04 10:00:00,65.6041667270864,65.54463965077805,4.28209565659574
2012-05-04 10:05:00,65.69097209070462,64.58712360782279,5.5283496569387465
2012-05-04 10:10:00,65.76273164862097,64.69205028982874,5.419814858269899
2012-05-04 10:15:00,65.62037031677211,64.9631419311927,5.1530373330264
2012-05-04 10:20:00,65.34953696857862,64.94086942937209,5.174211185331593
2012-05-04 10:25:00,65.2939816331782,64.69205028982874,5.419814858269899
2012-05-04 10:30:00,65.30439829987554,64.89603563014371,5.217237129247174
2012-05-04 10:35:00,65.13773161865535,64.89603563014371,5.217237129247174
2012-05-04 10:40:00,65.16550895587757,64.77457890243534,5.33651330683125
2012-05-04 10:45:00,64.9363422744734,65.05128488695492,5.0705568014537254
2012-05-04 10:50:00,64.96527738161659,64.67122360818287,5.4411265269343545
2012-05-04 10:55:00,64.94444404822194,64.66600491048145,5.446484292592564
2012-05-04 11:00:00,64.89004584991225,65.03426316029646,5.086322641381153
2012-05-04 11:05:00,64.72916606355466,64.53456621418604,5.761935898041087
2012-05-04 11:10:00,64.63888806519246,64.60461113971265,5.6876621619078405
2012-05-04 11:15:00,64.39583271869292,64.40003185307792,5.907669666515588
2012-05-04 11:20:00,64.6354160667944,64.07202232956448,6.279963685594013
2012-05-04 11:25:00,64.7002309458643,64.31412659904045,6.002846094235728
2012-05-04 11:30:00,64.68981427916698,64.67384616912227,5.615325139383278
2012-05-04 11:35:00,64.87731429378182,64.27074532798714,6.0515360795736415
2012-05-04 11:40:00,64.84953695655962,64.58911516671729,5.703999869411743
2012-05-04 11:45:00,64.84837983353178,64.29518392327726,6.0240555537880285
2012-05-04 11:50:00,64.86177258825582,64.48741579227294,5.812549518496446
2012-05-04 11:55:00,64.79927258807184,64.36795170630188,5.943018297006295
2012-05-04 12:00:00,64.5203374590984,64.67384616912227,5.615325139383278
2012-05-04 12:05:00,64.66038389799843,64.04537668262668,6.177060428999922
2012-05-04 12:10:00,64.55274521504846,64.28665705637488,5.905672173079893
2012-05-04 12:15:00,64.65691187850604,63.697895212278894,6.589115170870627
2012-05-04 12:20:00,64.54232853077251,64.51712815555658,5.6574145367602995
2012-05-04 12:25:00,64.59441187832206,64.35104079524659,5.835251107332759
2012-05-04 12:30:00,64.66732854520338,64.54051200568571,5.632816735449456
2012-05-04 12:35:00,64.489088074258,64.58702065337727,5.584210579021499
2012-05-04 12:40:00,64.52612495514971,64.41481085755855,5.766321214592858
2012-05-04 12:45:00,64.48561541138822,64.17799424318375,6.026424982639011
2012-05-04 12:50:00,64.33680598959889,64.40573718315645,5.776078022187192
2012-05-04 12:55:00,64.33680598959889,64.10645815871281,6.1072314110818695
2012-05-04 13:00:00,64.51157443753613,63.910395451973635,6.334108892444188
2012-05-04 13:05:00,64.3530095511588,64.40953595047063,5.378391563920722
2012-05-04 13:10:00,64.39583366442254,64.06516417267214,5.741169982159314
2012-05-04 13:15:00,64.1770836637786,63.989280720368356,5.824519769323705
2012-05-04 13:20:00,64.18750033047591,64.2884294028808,5.5031363790177465
2012-05-04 13:25:00,64.13541698292637,64.50489481611207,5.2822724863661135
2012-05-04 13:30:00,63.947916968311524,64.73736823230202,5.055500575147569
2012-05-04 13:35:00,63.91782409124739,64.21201078012191,5.583418149018626
2012-05-04 13:40:00,63.74884254520419,64.53376070569193,5.253536889497314
2012-05-04 13:45:00,63.613425879896766,64.11535419064039,5.686729707671378
2012-05-04 13:50:00,63.5995368878391,64.0902990358973,5.713838748054307
2012-05-04 13:55:00,63.807870235848604,64.14032716183209,5.659847614268632
2012-05-04 14:00:00,63.6979166740127,64.3613481229446,5.4276670437792065
2012-05-04 14:05:00,63.98148157482089,64.30511470293081,4.894109011958725
2012-05-04 14:10:00,63.84490746303904,64.44114439966275,4.767506713596701
2012-05-04 14:15:00,64.16782413065629,63.69987174145567,5.513845075767777
2012-05-04 14:20:00,64.08449079707763,64.58839388089416,4.635145828977312
2012-05-04 14:25:00,64.07407413038031,64.6621836284743,4.570579989693755
2012-05-04 14:30:00,64.1053241304723,64.58839388089416,4.635145828977312
2012-05-04 14:35:00,64.03240746359099,64.41301018838452,4.793343258971025
2012-05-04 14:40:00,64.05324079698566,64.41301018838452,4.793343258971025
2012-05-04 14:45:00,64.25115746247707,64.04962071631587,5.14386218078263
2012-05-04 14:50:00,64.37152801445684,64.32795666757305,4.872550230124372
2012-05-04 14:55:00,64.28819468087819,64.90207163510713,4.3684704425315015
2012-05-04 15:00:00,64.04398157500488,64.37343928653279,4.829986828848846
2012-05-04 15:05:00,63.167824111891825,64.69750289564276,4.106409569680654
2012-05-04 15:10:00,60.47106479762249,63.933776489524014,4.639806061040028
2012-05-04 15:15:00,56.84606471663711,64.28731452478591,4.369437589926975
2012-05-04 15:20:00,53.16435179752531,64.17725821944792,4.448465259184341
2012-05-04 15:25:00,49.424768382869296,64.39665916332017,4.2948299303803905
2012-05-04 15:30:00,45.72106469795133,64.41842517595761,4.280406407729299
2012-05-04 15:35:00,42.137731283755265,64.04457247495024,4.549676004320632
2012-05-04 15:40:00,38.51736093241594,64.24336578784194,4.400497572197907
2012-05-04 15:45:00,35.163194185561146,64.30924629675262,4.354174723459287
2012-05-04 15:50:00,31.70023101396119,64.37970568388535,4.306159799212569
2012-05-04 15:55:00,27.568286547978275,64.4618413511133,4.252033689772178
2012-05-04 16:00:00,23.99536980047954,63.646463043511154,4.901959425543413
2012-05-04 16:05:00,20.881943834137743,62.89406088282493,5.3641931600736195
2012-05-04 16:10:00,20.057869732637144,44.424105471462724,20.217157689926914
2012-05-04 16:15:00,20.026619732545154,42.82020048240175,22.394474023693448
2012-05-04 16:20:00,20.041665903882237,42.67543986617837,22.59361888783585
2012-05-04 16:25:00,19.864582570027626,42.73523191553178,22.511349946563328
2012-05-04 16:30:00,19.505786397678644,42.79768668944928,22.425433090638453
2012-05-04 16:35:00,19.15161972996941,42.721552207459666,22.530169698571783
2012-05-04 16:40:00,18.74421229636202,42.79768668944928,22.425433090638453
2012-05-04 16:45:00,18.21527715962121,43.27290393443099,21.77264571067026
2012-05-04 16:50:00,17.780092023156367,43.13929879309375,21.95592763060353
2012-05-04 16:55:00,17.870369951204093,42.329799812239436,23.069956101679995
2012-05-04 17:00:00,18.09953661854536,42.50814160633465,22.823931062254687
2012-05-04 17:05:00,18.04745328505871,42.049153390813515,22.33632665789604
2012-05-04 17:10:00,18.01041634791545,42.15063190751069,22.150451090333007
2012-05-04 17:15:00,18.12499968158608,42.18322035758323,22.091078227718082
2012-05-04 17:20:00,18.302083015440697,42.11906386101248,22.20812133026948
2012-05-04 17:25:00,18.923610945052264,41.984145920412985,22.456244778456412
2012-05-04 17:30:00,19.413194054820483,41.875098529265045,22.659179086214394
2012-05-04 17:35:00,20.009258921391332,41.83682540750497,22.731045198677084
2012-05-04 17:40:00,20.276619958287373,41.83931611475211,22.726359104952675
2012-05-04 17:45:00,20.576388427686926,41.977205713566775,22.469090275668147
2012-05-04 17:50:00,20.868055095212167,41.99315056006942,22.43959566223215
2012-05-04 17:55:00,21.805554872965587,41.907135826403675,22.59930119695723
2012-05-04 18:00:00,23.96180499181609,42.19431451825238,22.070889424872174
2012-05-04 18:05:00,27.99305508806025,42.002403606681945,21.14423247574987
2012-05-04 18:10:00,31.894675454290383,42.111286968236584,20.881931943062845
2012-05-04 18:15:00,35.759258855251474,42.30659547494968,20.426119241465464
2012-05-04 18:20:00,39.64120357363055,42.30659547494968,20.426119241465464
2012-05-04 18:25:00,43.28009237947862,42.72037643703464,19.51418197953773
2012-05-04 18:30:00,47.13425911374237,42.34388813175386,20.341049646766397
2012-05-04 18:35:00,50.91319431630179,42.41185533503561,20.18754843578064
2012-05-04 18:40:00,54.979166400488815,42.05784212162356,21.00989190131834
2012-05-04 18:45:00,58.790509344935394,42.270519427214154,20.508995137234496
2012-05-04 18:50:00,62.6967594126858,42.28241168523238,20.48161164541612
2012-05-04 18:55:00,66.09259281226703,43.13236421140505,18.66990321224701
2012-05-04 19:00:00,67.96759276153489,53.31585389784258,7.931195684325574
2012-05-04 19:05:00,67.9814814160831,65.42617298961282,2.8202807120992692
2012-05-04 19:10:00,68.15856472181194,65.4114498007577,2.8210322050182834
2012-05-04 19:15:00,68.15856472181194,65.61993125916472,2.813238380518255
2012-05-04 19:20:00,68.05787009894108,65.64508727298215,2.812568030496481
2012-05-04 19:25:00,67.80787012633094,65.72605636691762,2.81054340973864
2012-05-04 19:30:00,67.46180526049602,65.65012610627181,2.8124373862130567
2012-05-04 19:35:00,67.43055528852982,65.61993125916472,2.813238380518255
2012-05-04 19:40:00,67.36458330049496,65.56483900079431,2.8148386675185013
2012-05-04 19:45:00,67.41087910628879,65.49852588914449,2.8171240705790144
2012-05-04 19:50:00,67.35879580092795,65.65012610627181,2.8124373862130567
2012-05-04 19:55:00,67.10879582831781,65.69560925962149,2.8112905572234688
2012-05-04 20:00:00,66.98379585607562,65.7108200933821,2.810916582688581
2012-05-04 20:05:00,66.98379585607562,64.97951503500029,2.8270916106369772
2012-05-04 20:10:00,66.64583276398922,65.21229773641365,2.839285967739871
2012-05-04 20:15:00,66.38541611061885,65.16367369198477,2.836975392099452
2012-05-04 20:20:00,66.39351788436736,65.03649541968129,2.8302775592279157
2012-05-04 20:25:00,66.27893453663383,64.8982382730742,2.8225335876864173
2012-05-04 20:30:00,66.43749943004259,64.69181134720016,2.812687691659846
2012-05-04 20:35:00,66.38425894540231,65.11554284730444,2.8345352268926436
2012-05-04 20:40:00,66.09259226381415,65.00530726819623,2.828540735591742
2012-05-04 20:45:00,65.91203694210867,65.10491665755235,2.8339789691282884
2012-05-04 20:50:00,65.82175892968358,65.11554284730444,2.8345352268926436
2012-05-04 20:55:00,65.75925891543672,64.86827691219291,2.820892349539418
2012-05-04 21:00:00,65.55092556742721,65.06793265314137,2.8320016137565176
2012-05-04 21:05:00,65.4641202459977,64.73105748058241,2.8334080437656977
2012-05-04 21:10:00,65.47916668452976,64.4187506053831,2.8199660267246522
2012-05-04 21:15:00,65.52083336538197,64.49538973431679,2.8230033445909934
2012-05-04 21:20:00,65.21660076394234,64.81111843502478,2.836964394916498
2012-05-04 21:25:00,65.36822099256756,64.44353462753365,2.82091469547767
2012-05-04 21:30:00,65.23280431143937,64.6536480285149,2.829918167913901
2012-05-04 21:35:00,65.22354479589568,64.79505790715773,2.8362598158112093
2012-05-04 21:40:00,65.40525790158505,64.27470802645436,2.815341444097726
2012-05-04 21:45:00,65.561507902045,64.56526427382208,2.825983623360072
2012-05-04 21:50:00,65.40410079262008,64.73105748058241,2.8334080437656977
2012-05-04 21:55:00,65.26868412555478,64.49538973431679,2.8230033445909934
2012-05-04 22:00:00,65.29993413970966,64.47805021438418,2.822290637133086
2012-05-04 22:05:00,65.22933235171428,64.1302666941719,2.881601004247953
2012-05-04 22:10:00,65.22354545685168,63.95968026256215,2.882772021414881
2012-05-04 22:15:00,64.94229544371872,64.10882948605446,2.8817235904932286
2012-05-04 22:20:00,65.1724542552492,63.78296622381452,2.884768980460612
2012-05-04 22:25:00,65.01041735992666,64.2713882694289,2.880868355606634
2012-05-04 22:30:00,65.06134357038547,63.938528053050526,2.882958621952745
2012-05-04 22:35:00,64.8946768891653,64.36748699797617,2.8803631180209948
2012-05-04 22:40:00,64.82060246642591,64.11835373557398,2.8816693217860454
2012-05-04 22:45:00,64.70601913275527,64.4324693098597,2.8799774853471445
2012-05-04 22:50:00,64.79861137717317,63.98559101782707,2.8825583498064464
2012-05-04 22:55:00,64.86111137735716,63.75047006148257,2.8852672287880314
2012-05-04 23:00:00,64.70138903747397,64.06604230194985,2.881985300946891
2012-05-04 23:05:00,64.73032414461714,63.57830279888618,3.08238727529208
2012-05-04 23:10:00,64.88194438730527,63.535530535511896,3.084865775947394
2012-05-04 23:15:00,65.14004617409473,63.08060108560128,3.1137194308096645
2012-05-04 23:20:00,65.06018485649275,63.880841507188684,3.0652227961986394
2012-05-04 23:25:00,65.18518487092362,63.52486013202168,3.085487777740275
2012-05-04 23:30:00,64.97592520185721,63.64271331350769,3.078693220285166
2012-05-04 23:35:00,64.49259193741555,63.62121028401581,3.079922232826135
2012-05-04 23:40:00,64.61411993586974,63.556898357311304,3.0836247818209057
2012-05-04 23:45:00,64.47523123876489,63.81565483684815,3.0689017476576104
2012-05-04 23:50:00,64.14074076735956,63.79395864647845,3.0701261616323055
2012-05-04 23:55:00,64.48449075430858,63.45309670680953,3.089716321151938
2012-05-05 00:00:00,64.73796309446773,63.30332810073833,3.0988723900488195
2012-05-05 00:05:00,64.81087977541195,64.16553534898554,3.4473415888371455
2012-05-05 00:10:00,64.467129762095,64.43344372777126,3.391544990430646
2012-05-05 00:15:00,64.54120417077148,64.18638422187784,3.4430423371954446
2012-05-05 00:20:00,64.6453708377448,64.21914965346888,3.4362725726221086
2012-05-05 00:25:00,64.56203749010326,64.35313734770624,3.4084034047033707
2012-05-05 00:30:00,64.5953709483429,63.626450645605104,3.557151413835483
2012-05-05 00:35:00,65.02314886332124,62.927508147669464,3.7029887555228402
2012-05-05 00:40:00,64.8356488487064,64.37991644447476,3.4027954461015226
2012-05-05 00:45:00,65.03703754599525,63.99585328801336,3.482128730167003
2012-05-05 00:50:00,65.02893576521528,63.47367083294562,3.588230563830669
2012-05-05 00:55:00,64.89351912627578,64.83268782028107,3.3056435333744876
2012-05-05 01:00:00,64.78819532221173,64.43344372777126,3.391544990430646
2012-05-05 01:05:00,64.90277865588236,64.2676917252898,3.754941318160023
2012-05-05 01:10:00,64.95601943056982,63.43700063849411,3.9737591722665546
2012-05-05 01:15:00,64.54050989976736,64.29262984863064,3.74822959114941
2012-05-05 01:20:00,64.32175988506053,64.40801497819142,3.7170217797388267
2012-05-05 01:25:00,64.05787089226695,64.04368199142034,3.814759988571378
2012-05-05 01:30:00,63.61342656370496,63.60045436685153,3.9311627231905937
2012-05-05 01:35:00,63.49189857931367,63.89502482858219,3.8540372853263043
2012-05-05 01:40:00,63.63773192713919,63.793288264815175,3.880761677437949
2012-05-05 01:45:00,63.4293985791297,64.43608561112677,3.709391352001889
2012-05-05 01:50:00,63.61458369376428,63.3351466706582,4.0003138533757925
2012-05-05 01:55:00,63.65625036055358,64.40801497819142,3.7170217797388267
2012-05-05 02:00:00,63.795139029532656,64.0685227854732,3.8081663758058113
2012-05-05 02:05:00,62.8710317674341,64.56153558190773,3.931879424510339
2012-05-05 02:10:00,63.17195767276089,63.53370670475177,4.2772609883983
2012-05-05 02:15:00,62.99487435296916,63.150851361018915,4.404121875251563
2012-05-05 02:20:00,63.06894814287833,63.78266518999407,4.194495570722975
2012-05-05 02:25:00,63.07242046823867,63.30252939868483,4.353852289430184
2012-05-05 02:30:00,63.49603146340596,62.46189159194546,4.637996321299489
2012-05-05 02:35:00,63.76570766044583,63.5306292654494,4.27828260138147
2012-05-05 02:40:00,63.58862431252831,64.15460490852603,4.06983577988188
2012-05-05 02:45:00,63.45320764722087,63.83935131565369,4.1755818785839205
2012-05-05 02:50:00,63.545800524468994,63.78266518999407,4.194495570722975
2012-05-05 02:55:00,62.795800522261224,64.50317800397376,3.951758337428416
2012-05-05 03:00:00,62.249504096228215,64.42221374767375,3.979288533354941
2012-05-05 03:05:00,62.409028078994304,62.45863409662445,5.0312509148357
2012-05-05 03:10:00,61.86736139667024,64.59668959601112,4.113396465334299
2012-05-05 03:15:00,62.21111138361925,62.9622784548365,4.801428832265878
2012-05-05 03:20:00,62.00740782414417,64.22537110581285,4.266997297859752
2012-05-05 03:25:00,62.049074492691354,63.55515968088886,4.547405690745168
2012-05-05 03:30:00,61.757407839228996,63.745469764037644,4.467348392655165
2012-05-05 03:35:00,61.58148164246513,64.50652988064867,4.150557380949325
2012-05-05 03:40:00,61.900926308168586,63.91159910208563,4.397769947378884
2012-05-05 03:45:00,61.786342972740094,63.7180416295629,4.4788606994086395
2012-05-05 03:50:00,61.841898308140514,64.27619502278215,4.245892297482616
2012-05-05 03:55:00,62.30023162876015,62.79337905718745,4.876279512680262
2012-05-05 04:00:00,62.56875006994193,63.2076671070075,4.695090432602668
2012-05-05 04:05:00,62.937500002470806,63.37653641621634,4.900111561297774
2012-05-05 04:10:00,63.280092880454845,63.75179931784629,4.688741626692414
2012-05-05 04:15:00,62.93634289350586,64.43010990082054,4.332031093997478
2012-05-05 04:20:00,63.08680599646641,64.28014697016705,4.408583806448769
2012-05-05 04:25:00,63.31597266204981,64.26490348236702,4.4164315762094235
2012-05-05 04:30:00,63.14930599489253,63.59379702896163,4.776252005365614
2012-05-05 04:35:00,63.325232191656404,64.62418754572214,4.234715418872114
2012-05-05 04:40:00,63.422454179783266,65.36849038839267,3.879404242550777
2012-05-05 04:45:00,63.63310240667868,64.01969152430414,4.544513937892576
2012-05-05 04:50:00,63.38078752705684,65.02108084271526,4.041683357156174
2012-05-05 04:55:00,63.46759287661215,64.54086180610615,4.276259569730629
2012-05-05 05:00:00,63.50347264853888,64.50081771600377,4.296352407389229
2012-05-05 05:05:00,63.85879645158101,65.19270138922074,4.183315626401623
2012-05-05 05:10:00,63.58912024047826,65.52045961585338,3.997103843173558
2012-05-05 05:15:00,64.24537024241006,64.36649711088143,4.704113241517877
2012-05-05 05:20:00,64.40046310577925,65.5506871169999,3.980473346220689
2012-05-05 05:25:00,64.33796310559528,65.73941375346378,3.8786719032931227
2012-05-05 05:30:00,65.07754644110572,63.95969979504272,4.9912909770898155
2012-05-05 05:35:00,65.0578702588647,65.94837572688913,3.7699821034087844
2012-05-05 05:40:00,65.03703692547005,66.43657527291349,3.5322785423218654
2012-05-05 05:45:00,65.02777769821569,65.44762165898868,4.037550525799731
2012-05-05 05:50:00,65.16319436528097,65.22055797084953,4.167062549392625
2012-05-05 05:55:00,65.33912056204484,65.64093022532258,3.9313603490371976
2012-05-05 06:00:00,65.4566799837422,65.46890695972728,4.025675537015089
2012-05-05 06:05:00,65.3721895271357,66.76281843368231,3.6909342257730238
2012-05-05 06:10:00,65.9867728482153,65.4333515203203,4.531721964054653
2012-05-05 06:15:00,66.05968951509662,66.7600778850639,3.692420434578745
2012-05-05 06:20:00,65.98792999936894,66.60695718785864,3.7770395666635306
2012-05-05 06:25:00,65.93816155883111,66.24170977548094,3.99148172323765
2012-05-05 06:30:00,65.78191154430824,66.60978146694676,3.775449840896529
2012-05-05 06:35:00,65.76455019876447,66.55869373008976,3.804349495484427
2012-05-05 06:40:00,65.7159388812545,67.02420127817138,3.5535920391625155
2012-05-05 06:45:00,65.96246656366154,66.08578578102511,4.088551410224622
2012-05-05 06:50:00,66.3270498840052,66.24170977548094,3.99148172323765
2012-05-05 06:55:00,66.24371655042656,66.74084372770088,3.7028796134040403
2012-05-05 07:00:00,66.38657381022534,66.4363045059562,3.874997437897276
2012-05-05 07:05:00,66.43402735781436,66.64488818753829,4.258470670026574
2012-05-05 07:10:00,66.45486069120902,67.12481546128969,3.943893087490766
2012-05-05 07:15:00,66.4131940244197,67.02799162181215,4.004690718128388
2012-05-05 07:20:00,66.50694402469567,66.51010224126004,4.35294261708168
2012-05-05 07:25:00,66.90509223808014,66.1786694226655,4.597132673872072
2012-05-05 07:30:00,67.16997338209438,66.28709402449851,4.515369462386471
2012-05-05 07:35:00,67.28108472791415,66.60035260603591,4.289380418403016
2012-05-05 07:40:00,67.2567794066686,67.01163751697409,4.015090284346855
2012-05-05 07:45:00,67.31580739087592,66.8019462981277,4.151829861895036
2012-05-05 07:50:00,67.24289075212039,67.21942627942109,3.8857394496427244
2012-05-05 07:55:00,67.41881634417983,66.62415475694121,4.272823343818689
2012-05-05 08:00:00,67.50214964963267,66.87856265923634,4.101129726517004
2012-05-05 08:05:00,67.57969610241162,66.4296084309464,5.1603196057014715
2012-05-05 08:10:00,67.41302946338013,66.85795042265802,4.81275864484648
2012-05-05 08:15:00,67.39219612998546,66.60154665822289,5.0177595511003
2012-05-05 08:20:00,67.41302946338013,66.41454296531903,5.173016415937033
2012-05-05 08:25:00,67.27414016157086,66.86905051786839,4.804076129835503
2012-05-05 08:30:00,67.30092569914474,66.63895257757375,4.9872986481053525
2012-05-05 08:35:00,67.39351857639286,66.54874476711451,5.061088508188643
2012-05-05 08:40:00,67.48726854854304,66.62775696718869,4.996396932571599
2012-05-05 08:45:00,67.54282386988056,66.61903448543352,5.003495192281265
2012-05-05 08:50:00,67.41782386951262,66.7313345676664,4.91289515365099
2012-05-05 08:55:00,67.26967626156849,66.7341829505545,4.910621605609953
2012-05-05 09:00:00,67.31597271425545,66.75691204641109,4.892497882467356
2012-05-05 09:05:00,67.40972268640563,66.22784494347484,5.98548782846569
2012-05-05 09:10:00,67.41435244417748,66.03589004317257,6.178304066950445
2012-05-05 09:15:00,67.44213042829281,66.14623619881475,6.066986404415716
2012-05-05 09:20:00,67.52546376187145,66.06364068902235,6.150185395169864
2012-05-05 09:25:00,67.58680663902757,66.1218655694904,6.091460002248497
2012-05-05 09:30:00,67.58680663902756,66.30845114443574,5.905644764499871
2012-05-05 09:35:00,67.59606553580394,66.38511652879218,5.830280647832761
2012-05-05 09:40:00,67.46064889686443,66.46662067364814,5.750740962674942
2012-05-05 09:45:00,67.37731559141157,66.3616265741293,5.853311899025589
2012-05-05 09:50:00,67.53125069892272,66.00803173180786,6.206617875445427
2012-05-05 09:55:00,67.64699118374698,65.94886896882635,6.267041883120506
2012-05-05 10:00:00,67.64236139784936,66.47817575972458,5.739513682653052
2012-05-05 10:05:00,67.5081018819377,66.09799841988996,6.578710021683318
2012-05-05 10:10:00,67.5868054577445,65.6713623696997,7.065766634139677
2012-05-05 10:15:00,67.52777747353718,65.84480037647442,6.866824810057994
2012-05-05 10:20:00,67.58680542961872,65.90889426504197,6.793662858182981
2012-05-05 10:25:00,67.56250008024737,65.90889426504197,6.793662858182981
2012-05-05 10:30:00,67.58333338551626,65.93620325164899,6.762542110147929
2012-05-05 10:35:00,67.49074112703546,66.03848712214842,6.646225131055121
2012-05-05 10:40:00,67.32407444581527,65.74303267042909,6.983372054973921
2012-05-05 10:45:00,67.30324111242062,65.77091387618492,6.9513915719262585
2012-05-05 10:50:00,67.19212979472665,66.03848712214842,6.646225131055121
2012-05-05 10:55:00,67.15046312793733,65.88148942575079,6.82492554300518
2012-05-05 11:00:00,67.15046312793733,66.09799841988996,6.578710021683318
2012-05-05 11:05:00,67.19675955249849,65.53332346514152,7.281989504641529
2012-05-05 11:10:00,67.14467621901186,65.67093108887258,7.1106882702027185
2012-05-05 11:15:00,67.12037086964051,65.47326292701966,7.356714350282168
2012-05-05 11:20:00,66.98842624667769,65.85512270928012,6.881018826282229
2012-05-05 11:25:00,66.85648159558905,65.633610278155,7.157162112232096
2012-05-05 11:30:00,66.59606494221869,65.78193409415847,6.972344468044027
2012-05-05 11:35:00,66.44791674363304,65.58360628414599,7.219414380478855
2012-05-05 11:40:00,66.4212965153758,65.06576066731937,7.86398652727134
2012-05-05 11:45:00,66.37962984858648,65.50175924375041,7.321259629320617
2012-05-05 11:50:00,66.314815574221,65.53332346514152,7.281989504641529
2012-05-05 11:55:00,66.28356557412901,65.5584980419788,7.250660471086367
2012-05-05 12:00:00,66.09606560170286,65.89146806143198,6.835630625591505
2012-05-05 12:05:00,66.05902872081118,65.758918818413,6.360880381187177
2012-05-05 12:10:00,65.88194537289367,65.62567874979887,6.533421161274414
2012-05-05 12:15:00,65.95833405575165,65.49696167346684,6.699946102587958
2012-05-05 12:20:00,66.06250069459915,65.59614332584506,6.571643881623097
2012-05-05 12:25:00,65.45370424025636,65.35628143400602,6.881738199551798
2012-05-05 12:30:00,65.70370425505519,65.14149888508742,7.158849096972635
2012-05-05 12:35:00,65.73545016903422,65.25454768984922,7.013058683161897
2012-05-05 12:40:00,65.87665374502501,65.0620299784741,7.261257958472211
2012-05-05 12:45:00,65.91137573296787,65.47699178768875,6.725764056816675
2012-05-05 12:50:00,65.89169955072686,65.44361516867018,6.768907102448947
2012-05-05 12:55:00,65.8396162172402,65.56650535526963,6.609997921274108
2012-05-05 13:00:00,65.7666995503589,65.47699178768875,6.725764056816675
2012-05-05 13:05:00,65.859292427607,65.97401834495791,4.964551818939677
2012-05-05 13:10:00,65.88012576100166,65.41442162772758,5.607233012779911
2012-05-05 13:15:00,65.71345909384439,66.03337281330775,4.897308601556651
2012-05-05 13:20:00,65.38012577359271,66.20781108559285,4.700960368853161
2012-05-05 13:25:00,66.06531088266769,63.67704965559275,7.679059276888972
2012-05-05 13:30:00,65.90906088220774,66.17912188221071,4.733116609947568
2012-05-05 13:35:00,65.96412031778402,65.65963954142599,5.323853060119576
2012-05-05 13:40:00,66.07870365145466,65.79244846984194,5.171462958373149
2012-05-05 13:45:00,66.10648166369576,65.89396138437736,5.055564983201184
2012-05-05 13:50:00,66.20023166397172,65.69974708330524,5.2777437845491315
2012-05-05 13:55:00,66.2465280885329,65.73078684313488,5.242113825867907
2012-05-05 14:00:00,66.1736114075887,65.57423882182945,5.422266076911235
2012-05-05 14:05:00,66.06018519694591,66.69927924189791,3.1151228794853587
2012-05-05 14:10:00,66.18055542547913,65.98582957258205,3.667374828540551
2012-05-05 14:15:00,66.24305542566312,66.04755003843678,3.617533457835457
2012-05-05 14:20:00,66.45138877367262,65.73156423990427,3.8765863902051176
2012-05-05 14:25:00,66.48958345261104,66.38290193240194,3.353405831796938
2012-05-05 14:30:00,66.52662033350273,66.22816096482437,3.4738591720325327
2012-05-05 14:35:00,66.53240721430242,66.31587913681638,3.4052720623290664
2012-05-05 14:40:00,66.24074053271428,66.59569053173409,3.1919210878737583
2012-05-05 14:45:00,66.19444408002734,66.4582078849403,3.2956952172923533
2012-05-05 14:50:00,66.04861074626471,66.4582078849403,3.2956952172923533
2012-05-05 14:55:00,66.08564765528219,66.35749424903703,3.3730116573802658
2012-05-05 15:00:00,66.18981433631838,65.86015663461986,3.7700028039884614
2012-05-05 15:05:00,66.19212920114141,66.29282971636476,3.2134216774535562
2012-05-05 15:10:00,65.50925898501525,66.22513811767575,3.2622017918778496
2012-05-05 15:15:00,65.66666610850304,66.12475737859457,3.3356768962720555
2012-05-05 15:20:00,65.68749944189771,66.23752668334205,3.2532278937072854
2012-05-05 15:25:00,65.6400458661829,66.3744272107098,3.155447636822265
2012-05-05 15:30:00,65.67592565217252,66.22513811767575,3.2622017918778496
2012-05-05 15:35:00,65.59259231859389,66.22513811767575,3.2622017918778496
2012-05-05 15:40:00,65.9363423055429,65.67683578859653,3.6798584593689614
2012-05-05 15:45:00,65.97337921456038,66.22513811767575,3.2622017918778496
2012-05-05 15:50:00,66.15046254841498,65.95025084502295,3.4666098205918527
2012-05-05 15:55:00,66.181712548507,66.34740898849505,3.1745438934486625
2012-05-05 16:00:00,66.31712921557228,66.06729690078204,3.3783434207478344
2012-05-05 16:05:00,66.37731435093325,66.29009158656407,2.82156964663073
2012-05-05 16:10:00,67.16898101993034,64.2568664717602,4.336334536381533
2012-05-05 16:15:00,67.17824053547402,66.51551898669484,2.700529068075733
2012-05-05 16:20:00,67.24074053565799,66.28429508674502,2.8247811615626017
2012-05-05 16:25:00,67.20370362664052,66.24350746332149,2.847521535860021
2012-05-05 16:30:00,67.24537029342984,66.31031501225452,2.8104052980586065
2012-05-05 16:35:00,67.28125007941946,66.00322334715894,2.9866125980066918
2012-05-05 16:40:00,67.18634295611564,66.58608847222315,2.6641651388411733
2012-05-05 16:45:00,67.20601916648245,66.3131952335342,2.808820269298135
2012-05-05 16:50:00,67.04513938012485,66.41281252623662,2.754748161369946
2012-05-05 16:55:00,67.00347271333554,66.41281252623662,2.754748161369946
2012-05-05 17:00:00,67.0462965031527,66.41281252623662,2.754748161369946
2012-05-05 17:05:00,66.96296316957407,66.37983169330123,2.5084524745219636
2012-05-05 17:10:00,66.95601849072762,66.42827664677752,2.4894431828308403
2012-05-05 17:15:00,66.93750005028177,66.47620791086901,2.4709289964103722
2012-05-05 17:20:00,66.86458338340047,66.37983169330123,2.5084524745219636
2012-05-05 17:25:00,66.93865720143542,66.10158105458926,2.6236699954829565
2012-05-05 17:30:00,66.88657386794877,66.35541676586138,2.5181461186287835
2012-05-05 17:35:00,67.00810185234006,66.05279774788808,2.644982592298404
2012-05-05 17:40:00,66.98842567009903,66.30346219223038,2.53903550671814
2012-05-05 17:45:00,66.80208277851204,66.30621092545302,2.5379212825478334
2012-05-05 17:50:00,66.81712923110702,65.96279742136402,2.6852266004990963
2012-05-05 17:55:00,66.7534720797694,66.25650205533333,2.5582236643555363
2012-05-05 18:00:00,66.60648162297892,66.45496796296295,2.479097589998787
2012-05-05 18:05:00,66.80092624612574,65.84406695437396,2.6580084039344727
2012-05-05 18:10:00,66.83912089693838,66.07441213440454,2.5795611876502478
2012-05-05 18:15:00,66.89930600417355,66.09601785817837,2.572467329626342
2012-05-05 18:20:00,67.06944465918173,65.86902783147697,2.649246166378528
2012-05-05 18:25:00,67.11111132597104,65.94352610983557,2.6234819605299244
2012-05-05 18:30:00,67.20486132624701,65.89392694435041,2.6405703874936814
2012-05-05 18:35:00,67.31249998107118,66.00923084663661,2.6012266857542206
2012-05-05 18:40:00,67.44328689036463,65.9187577396858,2.6319838798586925
2012-05-05 18:45:00,67.84540365238016,65.51782325921515,2.7792739325387337
2012-05-05 18:50:00,68.01554230738833,65.66778846805744,2.7218947241894966
2012-05-05 18:55:00,68.20419943096812,65.76603921311751,2.6858441302917484
2012-05-05 19:00:00,68.39169940339428,65.7688347476507,2.684834794214867
2012-05-05 19:05:00,68.35003273660496,65.70081897113374,2.7498498867038363
2012-05-05 19:10:00,68.3118380857923,65.55865969494305,2.7895085832015787
2012-05-05 19:15:00,68.22850478033943,65.63409173538723,2.7683585956271695
2012-05-05 19:20:00,67.97503279175265,65.66749500358956,2.759069941767519
2012-05-05 19:25:00,67.90558811272221,65.43225460054082,2.8255267621291122
2012-05-05 19:30:00,67.79100477905159,65.5081874206333,2.803799633393051
2012-05-05 19:35:00,67.81183811244624,65.65915243091047,2.7613858472446893
2012-05-05 19:40:00,67.82688450878963,65.62293858087857,2.771470334327512
2012-05-05 19:45:00,67.71180526123194,65.8753798999786,2.702243587962337
2012-05-05 19:50:00,67.72916660677573,65.46603180108939,2.8158273733301744
2012-05-05 19:55:00,67.66087972579204,65.6089880917863,2.7753697778984114
2012-05-05 20:00:00,67.48148152711441,65.6089880917863,2.7753697778984114
2012-05-05 20:05:00,67.3287035707569,65.15711872405139,2.7774345482180585
2012-05-05 20:10:00,67.32870357075691,65.01986631495491,2.8058883387579496
2012-05-05 20:15:00,67.16203690359963,64.98552145163514,2.813039559325676
2012-05-05 20:20:00,67.12037022274741,64.60075223946457,2.8943607178074924
2012-05-05 20:25:00,67.04629643283825,64.8139214369546,2.8489988569168596
2012-05-05 20:30:00,67.13425952418874,64.77967747489787,2.8562276202810124
2012-05-05 20:35:00,66.84259288478928,65.26828002126992,2.7545100625149774
2012-05-05 20:40:00,66.66087979316282,65.21702829700827,2.765067400339013
2012-05-05 20:45:00,66.51851850350265,65.15711872405139,2.7774345482180585
2012-05-05 20:50:00,66.45486135216503,65.06278930442498,2.796969060866914
2012-05-05 20:55:00,66.20023157959436,64.99697057380676,2.8106542956562723
2012-05-05 21:00:00,66.17129647245119,64.72269803243074,2.868302766233144
2012-05-05 21:05:00,66.19444467066887,64.78106326057893,2.912832413194337
2012-05-05 21:10:00,66.09722268254203,65.00681115405946,2.871697759740455
2012-05-05 21:15:00,66.10185244031386,64.58819521439342,2.947773852594994
2012-05-05 21:20:00,66.1377322122406,64.51623488054224,2.9608117864455203
2012-05-05 21:25:00,66.16666734750956,64.64165042535919,2.9380940534071236
2012-05-05 21:30:00,66.16203758973772,64.98531451615284,2.8756336121434085
2012-05-05 21:35:00,66.20370425652705,64.56418013721307,2.9521237165914904
2012-05-05 21:40:00,66.28125070930598,64.77032172697189,2.914782120916892
2012-05-05 21:45:00,66.23958404251665,64.80523610936486,2.9084456200387154
2012-05-05 21:50:00,66.07407451245014,64.89929964185815,2.8913383487972637
2012-05-05 21:55:00,66.18981498321149,64.39697057204054,2.9824787822476826
2012-05-05 22:00:00,66.11689830226729,64.66038450621859,2.9347029553213946
2012-05-05 22:05:00,66.13541677083892,64.87354315653825,3.010277101307444
2012-05-05 22:10:00,66.21875010441757,64.82114619239402,3.0195943590930887
2012-05-05 22:15:00,66.29745368022436,64.64267402121037,3.0510644575359804
2012-05-05 22:20:00,66.380787013803,64.64267402121037,3.0510644575359804
2012-05-05 22:25:00,66.490740561576,64.75032918587188,3.0321257334459575
2012-05-05 22:30:00,66.43865722808935,65.00945502028301,2.9858902012149553
2012-05-05 22:35:00,66.34490721375049,64.70307876272093,3.0404527385016102
2012-05-05 22:40:00,66.25115721347451,64.98596917198513,2.9901285464635983
2012-05-05 22:45:00,66.25925898722303,64.75032918587188,3.0321257334459575
2012-05-05 22:50:00,66.31134233477258,64.56123702667232,3.0653263412857075
2012-05-05 22:55:00,66.26504652897873,64.70570320808814,3.0399907583773076
2012-05-05 23:00:00,66.50462987708022,64.53759613497024,3.0694606351831055
2012-05-05 23:05:00,66.57870366698938,64.93805139420881,3.1599904999733055
2012-05-05 23:10:00,66.24537031861193,65.03414657890683,3.140730030935977
2012-05-05 23:15:00,66.29745365209858,64.84150277962588,3.179169783924712
2012-05-05 23:20:00,66.30671254887496,64.85225204782452,3.1770418571489993
2012-05-05 23:25:00,66.24189765574215,65.02349350090181,3.1428732581401477
2012-05-05 23:30:00,66.05439764112731,64.91395568039538,3.1647918953640097
2012-05-05 23:35:00,66.23263811207266,64.50068778892792,3.245933273811456
2012-05-05 23:40:00,66.26736010001554,64.79307319689251,3.188733507987138
2012-05-05 23:45:00,66.15624876825866,64.7876857163397,3.189795636167354
2012-05-05 23:50:00,65.94791542024917,64.69592949689546,3.2078248988522806
2012-05-05 23:55:00,65.95717431702553,64.61471643987831,3.2237077983077183
2012-05-06 00:00:00,65.82175764996025,65.10589539277233,3.12622279187808
2012-05-06 00:05:00,65.69212851058775,65.06260626179923,3.5617026162825494
2012-05-06 00:10:00,66.02546185896523,64.1535782047753,3.8532282048571695
2012-05-06 00:15:00,65.82754517765305,64.90655570129918,3.6129228115362895
2012-05-06 00:20:00,65.77198985631553,64.81237405456085,3.6435662227670065
2012-05-06 00:25:00,65.685184534886,64.81237405456085,3.6435662227670065
2012-05-06 00:30:00,65.5810178679127,64.38884321788821,3.7791369488339046
2012-05-06 00:35:00,65.3680553808987,64.85808598306691,3.6287177616538866
2012-05-06 00:40:00,64.98842593668022,64.81237405456085,3.6435662227670065
2012-05-06 00:45:00,65.25959049414853,64.44388261384078,3.7616996636635913
2012-05-06 00:50:00,65.62764583046885,64.10121032269545,3.8696470693212057
2012-05-06 00:55:00,65.66352561645847,64.55950716416858,3.7249079130737734
2012-05-06 01:00:00,65.73644228333978,64.72643319327624,3.6713579322666803
2012-05-06 01:05:00,65.8290345136948,64.54922619033353,4.08795166999263
2012-05-06 01:10:00,65.71445118002414,64.80711678234174,3.987656123922109
2012-05-06 01:15:00,65.77232140837339,64.19808677145868,4.22139475054169
2012-05-06 01:20:00,65.81861783293455,64.47534943562944,4.1163283677486975
2012-05-06 01:25:00,65.68320115180637,64.39218548960665,4.148080328772072
2012-05-06 01:30:00,65.80820115217435,63.89378931195284,4.334194782712132
2012-05-06 01:35:00,65.98875651606852,64.10572740856216,4.255900493366561
2012-05-06 01:40:00,66.23991395800526,63.61619783271491,4.435092220637397
2012-05-06 01:45:00,65.87615717018194,64.9485298673244,3.931870888333801
2012-05-06 01:50:00,65.64467562395477,64.84383599652533,3.9732242338492045
2012-05-06 01:55:00,65.60300895716544,64.44763367981919,4.126932056870706
2012-05-06 02:00:00,65.60300895716544,64.72437037769883,4.0200443605755725
2012-05-06 02:05:00,64.87152773291295,64.69800283151743,4.375003894237381
2012-05-06 02:10:00,64.87152773291295,64.38597973145217,4.518182716165859
2012-05-06 02:15:00,65.0844908246314,64.22515563415404,4.5911903418442845
2012-05-06 02:20:00,65.06944440016223,64.48782829913684,4.471654028850651
2012-05-06 02:25:00,65.14351819007139,63.88566674621584,4.743218745962113
2012-05-06 02:30:00,65.18171285494694,64.09092465185388,4.651652741219444
2012-05-06 02:35:00,64.93171284014811,64.47468608892878,4.477670387951417
2012-05-06 02:40:00,64.94907417162902,64.1498067757267,4.625184856290756
2012-05-06 02:45:00,64.64616399550242,63.83379332954497,4.766178838912302
2012-05-06 02:50:00,64.73875688681345,64.09419295275094,4.650186965798418
2012-05-06 02:55:00,64.60036410359562,64.20876725804375,4.598594371053897
2012-05-06 03:00:00,63.73809563254026,64.6225133019634,4.409810062662552
2012-05-06 03:05:00,64.0436509673582,62.92199115225938,5.780214594273386
2012-05-06 03:10:00,63.94990095301933,64.62113810564135,4.882700236229421
2012-05-06 03:15:00,63.866567647566484,65.06989167049964,4.631737011645392
2012-05-06 03:20:00,63.64484153077004,64.68098494402899,4.849384368912067
2012-05-06 03:25:00,63.709656409839944,64.32613044612097,5.045803141090871
2012-05-06 03:30:00,63.181878424252766,64.43196995056365,4.987528506104552
2012-05-06 03:35:00,62.9272486516821,63.99817715308842,5.224211790183212
2012-05-06 03:40:00,62.85780398671457,64.43196995056365,4.987528506104552
2012-05-06 03:45:00,63.168815936589674,63.236241413910484,5.622628843908504
2012-05-06 03:50:00,63.2878637327784,64.59123057751752,4.899325473660007
2012-05-06 03:55:00,62.64500648557064,64.04843322446885,5.197108740593042
2012-05-06 04:00:00,62.246858258123275,62.54512396097805,5.966245275555067
2012-05-06 04:05:00,62.31167314554302,64.25799931168616,5.4665299914311385
2012-05-06 04:10:00,62.00611748596012,64.87669465103937,5.079075300934285
2012-05-06 04:15:00,61.98528415256546,65.34268431730922,4.783912907393421
2012-05-06 04:20:00,62.11326026908594,64.5771776683697,5.26759069867034
2012-05-06 04:25:00,62.14103828132706,65.03227077169122,4.980671495338066
2012-05-06 04:30:00,62.60400137378142,63.510957323170864,5.923432370417696
2012-05-06 04:35:00,62.98363114672005,63.829482166632225,5.72990400105368
2012-05-06 04:40:00,62.96048293443946,64.76006731794324,5.152651995673319
2012-05-06 04:45:00,62.78339960410057,64.61453158313925,5.244163408262248
2012-05-06 04:50:00,62.601851807727876,65.44198165105186,4.720985929627811
2012-05-06 04:55:00,63.49768517182406,62.88501372752483,6.305196398434248
2012-05-06 05:00:00,64.70138875094251,62.15109459516,6.788936460204924
2012-05-06 05:05:00,64.99421287197363,65.17946282006436,5.342879578855606
2012-05-06 05:10:00,65.48495365322255,64.7582759865307,5.64366819869737
2012-05-06 05:15:00,65.44328698643322,66.01489706780748,4.764055679457587
2012-05-06 05:20:00,65.65162032037983,65.6762515597364,4.996035263068788
2012-05-06 05:25:00,65.65162032037982,65.8467484529013,4.8787924955511786
2012-05-06 05:30:00,65.7928238963706,65.51651268189012,5.106699549494561
2012-05-06 05:35:00,65.99074057768279,65.61894003609505,5.035647284821999
2012-05-06 05:40:00,66.10763880430223,65.43926424995664,5.1605034780379375
2012-05-06 05:45:00,66.62847212159012,64.85743572892038,5.57223097636986
2012-05-06 05:50:00,66.69097212177411,65.6762515597364,4.996035263068788
2012-05-06 05:55:00,66.62847212159012,66.01489706780748,4.764055679457587
2012-05-06 06:00:00,66.59143524069843,65.94669177973364,4.810489920378017
2012-05-06 06:05:00,66.48379655774846,66.55889932959714,4.894157866451794
2012-05-06 06:10:00,66.31944478354,66.68734867655698,4.799959386429569
2012-05-06 06:15:00,66.19444476910914,66.47691319311899,4.954871485361842
2012-05-06 06:20:00,66.16319476901715,66.79866806882764,4.719181547849811
2012-05-06 06:25:00,66.00694475449431,66.42169040296831,4.996035881836115
2012-05-06 06:30:00,66.04166674243717,66.47691319311899,4.954871485361842
2012-05-06 06:35:00,65.97337983332771,66.71978572551483,4.776341501621772
2012-05-06 06:40:00,65.89004648568617,66.33801722549804,5.05883480289076
2012-05-06 06:45:00,65.76041672754634,66.85067236885112,4.6817056093507174
2012-05-06 06:50:00,65.86755946848349,66.42169040296831,4.996035881836115
2012-05-06 06:55:00,66.05803554299926,66.42169040296831,4.996035881836115
2012-05-06 07:00:00,66.00595220951261,66.42169040296831,4.996035881836115
2012-05-06 07:05:00,66.11359089246258,66.40710366637174,5.550550184868878
2012-05-06 07:10:00,66.27794266667105,66.38742765288545,5.568429354288251
2012-05-06 07:15:00,66.51173910584707,66.26813704677234,5.677679729245342
2012-05-06 07:20:00,66.56382241120792,66.8703822176599,5.140364148452428
2012-05-06 07:25:00,66.8034057593094,66.11609216094296,5.81912507450637
2012-05-06 07:30:00,66.84160043824785,66.71377656661566,5.276813735067508
2012-05-06 07:35:00,66.95271113717449,66.68881197690867,5.298765082582356
2012-05-06 07:40:00,67.08812781830268,66.23798780562983,5.705529040358031
2012-05-06 07:45:00,67.23627604501412,66.66373741537215,5.320870475035914
2012-05-06 07:50:00,67.28538330453692,66.85088457791859,5.157236625618954
2012-05-06 07:55:00,67.21527744449149,67.0652228237704,4.9734222704634306
2012-05-06 08:00:00,67.47569408379896,66.41691931311375,5.541645054249007
2012-05-06 08:05:00,67.50694408389094,66.56340946839431,5.944469475143554
2012-05-06 08:10:00,67.44675897665579,66.70240193559253,5.798625284826915
2012-05-06 08:15:00,67.56712919112611,66.77861190719607,5.719244383803019
2012-05-06 08:20:00,67.62268454058943,66.87868945028686,5.615595850088973
2012-05-06 08:25:00,67.65393454068142,66.65105094136352,5.852341095277727
2012-05-06 08:30:00,67.7083327389911,66.6799888329597,5.82204440469371
2012-05-06 08:35:00,67.81134225481077,66.85383426989362,5.641276170776046
2012-05-06 08:40:00,67.9571755604476,66.4745453674379,6.038485601621844
2012-05-06 08:45:00,67.80324045293646,66.92806770177326,5.564686290096436
2012-05-06 08:50:00,67.8865737583893,66.85072060457686,5.644496193758669
2012-05-06 08:55:00,67.93287018295048,66.75331689573629,5.74554562344015
2012-05-06 09:00:00,67.90046308795642,66.98916830339496,5.5018933738974445
2012-05-06 09:05:00,68.06712972698793,66.20322661033904,7.374140103879564
2012-05-06 09:10:00,68.2962963662034,66.08090606937883,7.536165706698385
2012-05-06 09:15:00,68.33275469964407,66.67430404876899,6.7563078605705895
2012-05-06 09:20:00,68.41261601724602,66.59786668017267,6.8559969584087765
2012-05-06 09:25:00,68.56192133885953,66.29379884662828,7.254642941982277
2012-05-06 09:30:00,68.63996367739973,66.38994176078788,7.1281975573893
2012-05-06 09:35:00,68.51496370515757,66.7027496265789,6.719253091677984
2012-05-06 09:40:00,68.58903752319252,66.44247595064982,7.059269549077171
2012-05-06 09:45:00,68.8598708291973,66.05005047720641,7.577156960824162
2012-05-06 09:50:00,68.88070416259198,66.64574037077692,6.793542001673642
2012-05-06 09:55:00,68.67700061454302,66.44247595064982,7.059269549077171
2012-05-06 10:00:00,67.84631245282925,66.46860671988829,7.025025305762555
2012-05-06 10:05:00,66.2166826621481,66.25031261013564,8.004585764463853
2012-05-06 10:10:00,64.44584937985356,66.30974982455261,7.911752861744311
2012-05-06 10:15:00,62.99272437557598,66.35406222793033,7.842542498650414
2012-05-06 10:20:00,61.385085350701,66.39814461861702,7.773697292656993
2012-05-06 10:25:00,61.371196668027004,66.28998065845776,7.942627804458589
2012-05-06 10:30:00,61.38458943681395,66.18189322856655,8.111455797764366
2012-05-06 10:35:00,61.48875607566148,65.91638801551404,8.526334621842688
2012-05-06 10:40:00,61.48875607566148,66.22376529798275,8.046054397582646
2012-05-06 10:45:00,61.39500607538551,66.39814461861702,7.773697292656993
2012-05-06 10:50:00,61.3950060753855,66.28008102811397,7.958089956194354
2012-05-06 10:55:00,61.58945010789078,65.39311670925217,9.345728704788995
2012-05-06 11:00:00,62.36921205914573,63.38891347931446,12.557829581193731
2012-05-06 11:05:00,63.88425854428204,61.0772925114783,16.86886328407745
2012-05-06 11:10:00,65.52314717548798,60.81377870350739,17.42208216958471
2012-05-06 11:15:00,66.78356387399072,61.611113835827986,15.830260412639797
2012-05-06 11:20:00,68.23726779135455,61.252716168974274,16.516344112502967
2012-05-06 11:25:00,68.10763803321474,66.13414961972997,8.1077053646162
2012-05-06 11:30:00,67.89930472739393,66.10322171615763,8.160528096933195
2012-05-06 11:35:00,67.73263808836244,66.10322171615763,8.160528096933195
2012-05-06 11:40:00,67.65856427032746,66.10666186561694,8.154652844908844
2012-05-06 11:45:00,67.63773093693281,66.00982317572357,8.320027835270375
2012-05-06 11:50:00,67.36540924237374,66.16497435791337,8.055054452735684
2012-05-06 11:55:00,67.18022410664484,65.8557091319517,8.583088945505812
2012-05-06 12:00:00,67.11077942761442,65.75645072429909,8.752385626936237
2012-05-06 12:05:00,67.2068443208392,66.07263852223818,7.233645508679835
2012-05-06 12:10:00,67.14087233280434,66.08363297699026,7.215607752007052
2012-05-06 12:15:00,67.17212233289634,65.93953700125378,7.452328133999562
2012-05-06 12:20:00,67.08647413449467,66.11288328983512,7.167644044819564
2012-05-06 12:25:00,66.96610392002432,66.02481514866794,7.3121500664135395
2012-05-06 12:30:00,67.09226104342014,65.73609057915509,7.787543983530097
2012-05-06 12:35:00,67.0401777099335,65.87221438477235,7.563139152659271
2012-05-06 12:40:00,67.02165926948766,66.1710627471562,7.072347674678184
2012-05-06 12:45:00,67.000825936093,66.23599394042074,6.966163713714711
2012-05-06 12:50:00,67.10648099162056,65.5931085533625,8.023624053841996
2012-05-06 12:55:00,67.28009233762428,65.5400332795986,8.111327150411865
2012-05-06 13:00:00,67.39120365531824,65.81573313438109,7.656202264950356
2012-05-06 13:05:00,67.24305542860681,66.87476849048845,4.644044504728927
2012-05-06 13:10:00,67.25347209530413,66.39494651968586,5.255266147296623
2012-05-06 13:15:00,67.15972209502816,66.55779398614428,5.045409098806526
2012-05-06 13:20:00,67.08680542814686,66.3617776658603,5.298289166130293
2012-05-06 13:25:00,67.15972209502817,66.15867820347752,5.563654762773134
2012-05-06 13:30:00,67.06481497172435,66.65655839246338,4.919296540721172
2012-05-06 13:35:00,67.15509295602365,66.22714705830701,5.4738335975161085
2012-05-06 13:40:00,67.20486139656148,66.62854260481386,4.954976830499315
2012-05-06 13:45:00,67.103009622537,66.6844103192743,4.883899449498422
2012-05-06 13:50:00,66.97800962216904,66.4606882137718,5.170267260827597
2012-05-06 13:55:00,66.79050962161709,66.62151371735932,4.963940504946085
2012-05-06 14:00:00,66.73495430027957,66.6844103192743,4.883899449498422
2012-05-06 14:05:00,66.74537096697689,66.80127161673464,3.765133400443329
2012-05-06 14:10:00,66.79745430046354,66.80127161673464,3.765133400443329
2012-05-06 14:15:00,66.87731561806551,66.64740077664818,3.9141761678295404
2012-05-06 14:20:00,67.00231561843349,66.5200067092393,4.039495916213888
2012-05-06 14:25:00,67.05902870969199,66.77097516521981,3.794273741458655
2012-05-06 14:30:00,67.20486201532883,66.74043989764243,3.8237460652079753
2012-05-06 14:35:00,67.16666736451617,66.88089237447522,3.689036213248086
2012-05-06 14:40:00,67.15625069781883,67.11880031159778,3.466013244510967
2012-05-06 14:45:00,67.0810191661145,66.74724619761388,3.8171679075626983
2012-05-06 14:50:00,67.21412094023096,66.45488575128577,4.1042134941215735
2012-05-06 14:55:00,67.2835655911356,66.42197194210222,4.137091611680646
2012-05-06 15:00:00,67.2662042737176,66.88089237447522,3.689036213248086
2012-05-06 15:05:00,66.89467658742687,66.55103772194899,3.8630945061426485
2012-05-06 15:10:00,65.8068790977701,66.66971394835768,3.752142535098359
2012-05-06 15:15:00,65.24206420316547,66.6009137436244,3.8162225295268297
2012-05-06 15:20:00,65.2837308699548,66.61081683344008,3.8069578810269005
2012-05-06 15:25:00,65.3763231003098,66.65344228020307,3.767238010941117
2012-05-06 15:30:00,64.85317489578613,66.8689011699362,3.570411457030726
2012-05-06 15:35:00,63.72817486434869,66.49038181715511,3.9205635341946006
2012-05-06 15:40:00,63.74900819774334,66.81309271651021,3.620755013673504
2012-05-06 15:45:00,64.01868440884608,66.23908760830255,4.164100116435782
2012-05-06 15:50:00,64.12516594064242,66.57438910085634,3.841105202877429
2012-05-06 15:55:00,64.32886951681718,66.35597104075772,4.049738484285945
2012-05-06 16:00:00,64.34970285021184,66.55103772194899,3.8630945061426485
2012-05-06 16:05:00,64.85664717544206,65.3906317396657,4.19734713182508
2012-05-06 16:10:00,65.97569463706503,63.36347356291799,6.77419567866965
2012-05-06 16:15:00,66.57225544564872,64.82823822224172,4.752542416427332
2012-05-06 16:20:00,66.61970902136353,66.66430825635737,3.181157573963685
2012-05-06 16:25:00,66.62896859315879,66.832208520559,3.066256447018906
2012-05-06 16:30:00,67.24586679795841,65.27233688487404,4.307122558985177
2012-05-06 16:35:00,68.42295016288251,63.00016967586316,7.26170406158941
2012-05-06 16:40:00,68.37202398054951,66.79748315752164,3.089683906181723
2012-05-06 16:45:00,68.28984774187295,66.92319932481938,3.0057080811739305
2012-05-06 16:50:00,68.25859774178095,66.79748315752164,3.089683906181723
2012-05-06 16:55:00,68.29563462267264,66.85517809189962,3.05085956117328
2012-05-06 17:00:00,68.27364413812434,66.55442176046203,3.2585960799698026
2012-05-06 17:05:00,68.1278108324875,66.78321559236281,2.6818774660884745
2012-05-06 17:10:00,68.11739419391596,66.63551349689435,2.752990932474864
2012-05-06 17:15:00,68.09490717671328,66.57796942924107,2.7814263006238753
2012-05-06 17:20:00,67.89120360053853,66.72363234885658,2.710244812020163
2012-05-06 17:25:00,67.7337958301576,66.78859135852508,2.679338101228783
2012-05-06 17:30:00,67.65046249657897,66.94926360469593,2.6050457950442722
2012-05-06 17:35:00,67.65509225435082,66.53435867988671,2.8032557087865615
2012-05-06 17:40:00,67.71990711935783,66.6132188319531,2.763959624005515
2012-05-06 17:45:00,67.79282378623913,66.66047181455072,2.7407870899501
2012-05-06 17:50:00,67.74074048087827,66.66047181455072,2.7407870899501
2012-05-06 17:55:00,67.69444402819131,66.87367453797954,2.639619250702802
2012-05-06 18:00:00,67.79976781819246,66.454239505064,2.843997318421559
2012-05-06 18:05:00,67.95601779052664,66.35046502407303,2.601627014152093
2012-05-06 18:10:00,68.02893442928216,66.51352464334737,2.545171013686646
2012-05-06 18:15:00,68.10300883795865,66.43373552464219,2.572511142571983
2012-05-06 18:20:00,68.34259214387147,66.16009481502181,2.6706569643813975
2012-05-06 18:25:00,68.48148144568076,66.32951066541432,2.609052165828198
2012-05-06 18:30:00,68.3981481402279,66.65028448552552,2.4994909095092637
2012-05-06 18:35:00,68.50925883915454,66.45441233802882,2.5653752013383735
2012-05-06 18:40:00,68.52662015657252,66.65779350830026,2.497023827923717
2012-05-06 18:45:00,68.46180529156551,66.71753630939955,2.4775385143088284
2012-05-06 18:50:00,68.5243052636237,66.44408077996478,2.5689367346655403
2012-05-06 18:55:00,68.52083324764705,66.65779350830026,2.497023827923717
2012-05-06 19:00:00,68.54513859701835,66.60502370871554,2.514450537797891
2012-05-06 19:05:00,68.47222193013705,66.21673236041481,2.670048835633253
2012-05-06 19:10:00,68.32638862450021,66.19381653745431,2.6767322751329825
2012-05-06 19:15:00,68.18749932269094,66.11706288031347,2.699263365444834
2012-05-06 19:20:00,67.97916601687011,66.21673236041481,2.670048835633253
2012-05-06 19:25:00,67.83911959203297,66.15806605977319,2.68719723380763
2012-05-06 19:30:00,67.74073980585938,65.98540283406962,2.7384877013417
2012-05-06 19:35:00,67.6547609606986,66.21927608477158,2.669307974261954
2012-05-06 19:40:00,67.47999251979282,66.21673236041481,2.670048835633253
2012-05-06 19:45:00,67.37814074576833,66.09650332333534,2.7053381558693483
2012-05-06 19:50:00,67.24272410682883,66.10164581421523,2.70381726796751
2012-05-06 19:55:00,67.03323364985437,66.17084863959805,2.683450246068444
2012-05-06 20:00:00,66.65476164683672,66.17851041352527,2.681206342607542
2012-05-06 20:05:00,66.63392834156782,65.4221163369521,2.9208242151133152
2012-05-06 20:10:00,66.45800211667819,65.22165632504418,2.9770019460676473
2012-05-06 20:15:00,66.39318725167115,65.15461379921861,2.9960310664390324
2012-05-06 20:20:00,66.49735391864448,65.09591307261299,3.0128086050094987
2012-05-06 20:25:00,66.42443725176317,65.19652344468705,2.984119050055009
2012-05-06 20:30:00,66.33531703738483,65.10989172968151,3.0088028740872423
2012-05-06 20:35:00,66.11805542529517,65.39356435928767,2.9287681610046836
2012-05-06 20:40:00,66.12615722716946,65.17696841427615,2.9896707992703297
2012-05-06 20:45:00,66.10532389377478,65.22165632504418,2.9770019460676473
2012-05-06 20:50:00,66.06365722698546,65.14622906598389,2.9984203239702762
2012-05-06 20:55:00,66.1469905605641,65.04279854931248,3.0280923830002724
2012-05-06 21:00:00,66.06365722698546,64.64517737099904,3.1465752024304847
2012-05-06 21:05:00,65.93865722661751,65.02561114770214,2.94743617438901
2012-05-06 21:10:00,65.94791677028698,64.44168786019374,3.092587640619835
2012-05-06 21:15:00,66.05902808798095,64.64547586998289,3.0414578978990328
2012-05-06 21:20:00,65.94444475431031,65.00014179854789,2.953703401452316
2012-05-06 21:25:00,65.953704269854,64.66817605252983,3.0358038411312998
2012-05-06 21:30:00,66.01620427003799,64.54060923653346,3.067678360274163
2012-05-06 21:35:00,66.05489483473768,64.51514188431014,3.074073658111327
2012-05-06 21:40:00,66.11160792599618,64.84703620489059,2.991454396091292
2012-05-06 21:45:00,66.16369125948285,64.82148683787061,2.9977701682640028
2012-05-06 21:50:00,66.29910792654813,64.69372113036718,3.02944746938418
2012-05-06 21:55:00,66.27595972833045,64.89527765423067,2.9795430266003824
2012-05-06 22:00:00,66.45998772696862,64.0872171527205,3.1839378502571054
2012-05-06 22:05:00,66.55026571126793,64.74530622958932,3.158211614221768
2012-05-06 22:10:00,66.60234905881747,64.49953195968631,3.219215519385685
2012-05-06 22:15:00,66.43799728460898,64.93576637084641,3.110770076344058
2012-05-06 22:20:00,66.43568239166018,64.74530622958932,3.158211614221768
2012-05-06 22:25:00,66.52017287639246,64.71803228771365,3.164986610191598
2012-05-06 22:30:00,66.6856824205219,64.72075932189115,3.1643095240436936
2012-05-06 22:35:00,66.73032518940083,64.64004344442148,3.1843470945296493
2012-05-06 22:40:00,66.68402876483967,65.00082628177795,3.0944958065540984
2012-05-06 22:45:00,66.47569541683018,64.96560383763331,3.1033125518864213
2012-05-06 22:50:00,66.19444540193936,65.03870751287641,3.0850014828725882
2012-05-06 22:55:00,66.23611206872869,64.85969489062104,3.129749920335559
2012-05-06 23:00:00,66.17708407045846,64.56511554465722,3.202938985469823
2012-05-06 23:05:00,66.14930608634315,64.89463579563174,3.3179828226609103
2012-05-06 23:10:00,66.36574119403825,64.55251346207432,3.411274260095773
2012-05-06 23:15:00,66.26157451300207,64.4769421849186,3.431641253869051
2012-05-06 23:20:00,65.95138939272594,64.67256436447796,3.3787600339767323
2012-05-06 23:25:00,65.83912092387834,64.85314318527901,3.329409219196148
2012-05-06 23:30:00,65.59027803210738,65.04884460924495,3.2752148344063463
2012-05-06 23:35:00,65.68402803238335,64.67813795336737,3.3772448134210955
2012-05-06 23:40:00,65.49884291071733,64.82821293715867,3.3362568500124676
2012-05-06 23:45:00,65.36342624365203,64.40125542327898,3.4519754951626633
2012-05-06 23:50:00,65.6006946988047,64.30020136690544,3.4790454125750343
2012-05-06 23:55:00,64.958333365484,64.89463579563174,3.3179828226609103
2012-05-07 00:00:00,64.88958330903004,64.35074547447674,3.4655158399571753
2012-05-07 00:05:00,64.52499996231846,63.52317433559568,4.282778817913768
2012-05-07 00:10:00,64.20439817358715,63.76366681462426,4.1881988678342585
2012-05-07 00:15:00,64.11180561626986,62.93888285164388,4.515782011439058
2012-05-07 00:20:00,64.59097226852629,62.654179445321375,4.63237338571574
2012-05-07 00:25:00,64.37800916977639,63.2835700021409,4.37761208289934
2012-05-07 00:30:00,64.27384250280309,63.15632955075247,4.4283275749574065
2012-05-07 00:35:00,63.82592582251288,63.59691420912295,4.253727635645149
2012-05-07 00:40:00,63.865277610416264,63.08893637545924,4.455315533824696
2012-05-07 00:45:00,64.14999961315796,62.79564465266205,4.57408879420061
2012-05-07 00:50:00,63.787731157637324,63.56686441373395,4.265559001333215
2012-05-07 00:55:00,63.457870162745984,62.13536465428473,4.8550533464101235
2012-05-07 01:00:00,63.891203539543596,62.90053232771632,4.53133098748116
2012-05-07 01:05:00,63.90393509040043,62.42189673779213,5.036868675274527
2012-05-07 01:10:00,64.02893510483129,62.75424516327635,4.891339437527488
2012-05-07 01:15:00,63.90277766150464,62.47107811579673,5.015344966297319
2012-05-07 01:20:00,63.66898123639154,63.527005081930334,4.550965402927587
2012-05-07 01:25:00,63.931712803805056,62.533708271578575,4.987933995584451
2012-05-07 01:30:00,64.13657413583788,62.65788314395772,4.933566285628535
2012-05-07 01:35:00,64.24074080105332,62.30691841171288,5.08720618487297
2012-05-07 01:40:00,63.80324078570256,62.92516615816108,4.816332462111384
2012-05-07 01:45:00,63.16435212931453,63.20692846845236,4.692331124083906
2012-05-07 01:50:00,62.75810214218154,62.46848072216363,5.016482429399634
2012-05-07 01:55:00,63.494213138268776,61.30601760571202,5.540977685560719
2012-05-07 02:00:00,62.12962980091851,63.67977923427508,4.483350334506639
2012-05-07 02:05:00,62.12037057717987,62.42277455153366,5.699389152798105
2012-05-07 02:10:00,61.9165013823048,62.99653267225855,5.42405856148108
2012-05-07 02:15:00,61.9037698296901,62.18054341805592,5.809803316594709
2012-05-07 02:20:00,61.29265881990795,62.914059843635954,5.4647655482715365
2012-05-07 02:25:00,60.53224215100284,63.09322305311603,5.375902150459818
2012-05-07 02:30:00,60.59705701600985,63.085129738198134,5.379950463824508
2012-05-07 02:35:00,60.274140362455505,62.507032568721,5.66016138555515
2012-05-07 02:40:00,60.451223698067984,61.95603630424274,5.909245385640362
2012-05-07 02:45:00,60.84011268419808,61.80160905345795,5.9763942410059725
2012-05-07 02:50:00,61.24636267133107,61.65517175707947,6.039560794230401
2012-05-07 02:55:00,60.819279350803434,62.735978448629574,5.551423490574007
2012-05-07 03:00:00,61.360946047190396,61.01305219478689,6.332213495617498
2012-05-07 03:05:00,60.85300957777094,62.726763920283155,5.6244613795998974
2012-05-07 03:10:00,60.09110484375813,62.85483402967008,5.5704073284273505
2012-05-07 03:15:00,60.054067955834995,62.49396347281621,5.718923074805422
2012-05-07 03:20:00,60.52397540368926,62.041091987224114,5.892759961499959
2012-05-07 03:25:00,60.89897539424599,61.928090614845225,5.935928123460564
2012-05-07 03:30:00,60.40823431064484,63.51738791887147,5.2672143475064
2012-05-07 03:35:00,60.34573431046085,62.21675711515385,5.826189119195416
2012-05-07 03:40:00,60.37698431055284,62.63788690519558,5.661082026960821
2012-05-07 03:45:00,60.35846553962899,62.89556282800883,5.552894553643104
2012-05-07 03:50:00,60.27513220605035,62.761435540214,5.60997755526018
2012-05-07 03:55:00,60.11888220559041,62.21675711515385,5.826189119195416
2012-05-07 04:00:00,60.52513219272339,62.1810928078545,5.839729154606264
2012-05-07 04:05:00,60.96709633308279,62.48015527867543,5.9145830976120095
2012-05-07 04:10:00,61.349536926920194,62.17980988872588,6.078741478904905
2012-05-07 04:15:00,61.469907150619285,63.087248615501686,5.64857361731353
2012-05-07 04:20:00,61.67592560567997,63.558514943205466,5.458896680800971
2012-05-07 04:25:00,61.811342269229534,63.237681531581785,5.588116955599041
2012-05-07 04:30:00,62.05208336615764,63.155556334178264,5.621051465362261
2012-05-07 04:35:00,62.43750001989597,62.76759094178259,5.781697723305364
2012-05-07 04:40:00,62.32291668446749,63.35623955585232,5.5406190817687575
2012-05-07 04:45:00,62.387731577600285,63.508544425915126,5.479222174974638
2012-05-07 04:50:00,62.58564824484955,63.25729092914014,5.580262970039326
2012-05-07 04:55:00,63.28472203659852,62.60801457913174,5.853256252154814
2012-05-07 05:00:00,63.461805384516026,63.599644354715686,5.442082241197166
2012-05-07 05:05:00,63.56481461204637,64.25878568058181,4.84533529615111
2012-05-07 05:10:00,64.01273126596867,63.77034872478428,5.080718071936709
2012-05-07 05:15:00,64.3483794980662,64.31541966806266,4.8208528386952345
2012-05-07 05:20:00,64.4039348475295,64.96733280011186,4.564002971142876
2012-05-07 05:25:00,64.65393486232831,64.50348735951164,4.742656005203716
2012-05-07 05:30:00,64.86689732121654,64.6235636313757,4.694818371859166
2012-05-07 05:35:00,65.08680445895122,64.48309468689428,4.750928446231415
2012-05-07 05:40:00,65.40972112656846,64.13650655484385,4.899924046671814
2012-05-07 05:45:00,65.6597211273044,64.64168337471936,4.687716694866306
2012-05-07 05:50:00,65.83680447522188,64.64621362345466,4.68594561402083
2012-05-07 05:55:00,65.79976756620442,64.91315136724724,4.584177204830804
2012-05-07 06:00:00,65.81018423290175,64.95153623276146,4.569872935519157
2012-05-07 06:05:00,66.24884165956968,65.33591691530205,4.167391705484965
2012-05-07 06:10:00,66.39467500739521,65.52690878863672,4.0854893276022946
2012-05-07 06:15:00,66.40955613661063,65.85145372841286,3.9611808278483847
2012-05-07 06:20:00,66.37251922759314,65.95222029704841,3.9258739641522706
2012-05-07 06:25:00,66.41418589438247,65.87127996173075,3.954122661448949
2012-05-07 06:30:00,66.4049269976061,65.91733065128562,3.937940770808377
2012-05-07 06:35:00,66.4790014062826,65.79387332224199,3.982007045418781
2012-05-07 06:40:00,66.54150142052947,65.65022927166073,4.036199841101583
2012-05-07 06:45:00,66.49520496784253,66.00423595989007,3.9081804671197715
2012-05-07 06:50:00,66.39914007461773,65.87127996173075,3.954122661448949
2012-05-07 06:55:00,66.62251983303352,65.72239267369842,4.008562682804798
2012-05-07 07:00:00,66.56001983284953,65.85145372841286,3.9611808278483847
2012-05-07 07:05:00,66.47321451142001,66.49947851251436,3.7470086085208023
2012-05-07 07:10:00,66.41071451123604,66.12789950720841,3.8803061943705828
2012-05-07 07:15:00,66.55092625945271,66.19701351135399,3.8534470375476286
2012-05-07 07:20:00,66.65972271232364,66.1995550981509,3.8524793979508716
2012-05-07 07:25:00,66.75347268447382,66.26802417798667,3.826879559205031
2012-05-07 07:30:00,66.80092626018863,66.21731380482196,3.845747940700255
2012-05-07 07:35:00,66.81944472876027,66.25264437855701,3.832547411671584
2012-05-07 07:40:00,67.02777803458109,66.08714847543457,3.896618518351172
2012-05-07 07:45:00,67.08680604691419,66.2350088065841,3.839104390598795
2012-05-07 07:50:00,67.30787094050693,66.00005798664453,3.932703425709798
2012-05-07 07:55:00,67.20370430165943,66.46165177512935,3.7593989320488337
2012-05-07 08:00:00,67.3935191670344,66.04607669717888,3.9134245342815874
2012-05-07 08:05:00,67.41782451640573,66.08632005848646,4.159221445443634
2012-05-07 08:10:00,67.46990784989238,65.74279628724717,4.311045515714513
2012-05-07 08:15:00,67.24768518637866,66.20855062505213,4.1130806268023905
2012-05-07 08:20:00,67.20601851958934,66.15218755922037,4.133876257578766
2012-05-07 08:25:00,67.07060188064982,66.19127807261982,4.119368779451675
2012-05-07 08:30:00,66.96759233670437,66.0530425828692,4.172465274122321
2012-05-07 08:35:00,66.87499945945625,66.03296597379001,4.18060086913043
2012-05-07 08:40:00,66.61458280608589,66.23005309905969,4.1053584949349675
2012-05-07 08:45:00,66.53124947250724,66.09294694405875,4.156620189788318
2012-05-07 08:50:00,66.33333280525797,66.17177326080265,4.126558630788677
2012-05-07 08:55:00,66.20486078891335,66.01280647801481,4.188882732296977
2012-05-07 09:00:00,66.04745304665822,66.15654621252548,4.132240307079837
2012-05-07 09:05:00,65.82870303195138,65.59414654961692,4.956988710275372
2012-05-07 09:10:00,65.77430480551591,65.30044986118264,5.117254032551155
2012-05-07 09:15:00,65.89467504811203,65.22546278476126,5.163401306060652
2012-05-07 09:20:00,65.83217504792806,65.5326577840005,4.987911902778287
2012-05-07 09:25:00,65.81944348828192,65.38614716720946,5.067159979770219
2012-05-07 09:30:00,65.55786968375791,65.30284894867664,5.115813598464761
2012-05-07 09:35:00,65.43749944116179,65.30284894867664,5.115813598464761
2012-05-07 09:40:00,65.48958278871133,65.16910355809951,5.199522636314228
2012-05-07 09:45:00,65.38425898464727,65.38614716720946,5.067159979770219
2012-05-07 09:50:00,65.4259256514366,65.23520112777604,5.1572871254705985
2012-05-07 09:55:00,65.23148098610112,65.20593111281696,5.17577893079558
2012-05-07 10:00:00,65.31481431967974,65.30284894867664,5.115813598464761
2012-05-07 10:05:00,65.21064765270646,64.70116720762927,5.577108409827354
2012-05-07 10:10:00,65.44212918487075,64.7396015464039,5.552520930680562
2012-05-07 10:15:00,65.4409720618429,65.01938546242712,5.39468846090681
2012-05-07 10:20:00,65.11805538192063,64.95540925215492,5.42754416221316
2012-05-07 10:25:00,64.9050925925544,64.90923431693331,5.45243475297297
2012-05-07 10:30:00,65.0092592595277,64.29640311991835,5.879600467995403
2012-05-07 10:35:00,64.90740747847177,64.60387572068126,5.642539060828185
2012-05-07 10:40:00,64.69907413046226,64.82980155195708,5.497600942759237
2012-05-07 10:45:00,64.67129614634693,64.7204181420246,5.5647051343741305
2012-05-07 10:50:00,64.40939141732171,64.87200201806934,5.473235319825071
2012-05-07 10:55:00,64.55522475108432,64.34278596096193,5.840883465055355
2012-05-07 11:00:00,64.32490094665232,65.01938546242712,5.39468846090681
2012-05-07 11:05:00,64.35615094674431,64.1797179742658,5.784550325061612
2012-05-07 11:10:00,63.97652118786858,64.87310606773597,5.451067853758269
2012-05-07 11:15:00,63.55985450591248,64.69719383542567,5.512048414518475
2012-05-07 11:20:00,63.68369738149473,63.98236346416482,5.927556820289433
2012-05-07 11:25:00,63.982308397388415,64.16530200338867,5.794247196602558
2012-05-07 11:30:00,63.940641730599104,64.22277328150362,5.7562776645938944
2012-05-07 11:35:00,64.09804949394858,64.08786240047685,5.848355924306209
2012-05-07 11:40:00,64.18832747824787,64.0927292164495,5.84485783572443
2012-05-07 11:45:00,64.15922704772515,64.35484764872469,5.676019492128816
2012-05-07 11:50:00,64.16071509525425,64.02356626640209,5.895870279848029
2012-05-07 11:55:00,64.09821509507027,64.35017848672442,5.678689023133541
2012-05-07 12:00:00,63.99404842809697,64.24419002811057,5.742604200446649
2012-05-07 12:05:00,64.03918711086295,64.03066303544499,6.219745305552113
2012-05-07 12:10:00,64.10631688288167,63.912490991904924,6.297470413333922
2012-05-07 12:15:00,64.31465021682828,63.63414141018791,6.512743082227334
2012-05-07 12:20:00,64.16650167941478,64.02826774493231,6.221243819389911
2012-05-07 12:25:00,64.00677966297815,64.55245338539201,5.964354491357542
2012-05-07 12:30:00,64.04844632976746,63.9221984668678,6.290789076236816
2012-05-07 12:35:00,63.77728207113565,64.19900230803391,6.122327730698256
2012-05-07 12:40:00,63.70320764839627,64.06651568708104,6.197707822812725
2012-05-07 12:45:00,63.65707651908886,64.08285339458494,6.187901570083784
2012-05-07 12:50:00,63.62582652075472,63.812402156310405,6.369578970085772
2012-05-07 12:55:00,63.551752414430446,64.00907794193634,6.233352730350062
2012-05-07 13:00:00,63.64550241470642,63.812402156310405,6.369578970085772
2012-05-07 13:05:00,63.53786373175644,64.10339770738616,6.907853949619676
2012-05-07 13:10:00,63.31911373462824,64.0251694292641,6.96647785063647
2012-05-07 13:15:00,63.21494706765495,64.04867423434284,6.948618313016847
2012-05-07 13:20:00,63.32258606130697,63.6614619072735,7.272396529759994
2012-05-07 13:25:00,62.95105806211686,64.22781017411396,6.8191760976287865
2012-05-07 13:30:00,62.84920628106092,63.978069612674346,7.002913795950193
2012-05-07 13:35:00,62.9861109956553,63.57039197814115,7.358570145999909
2012-05-07 13:40:00,63.00115743418738,63.87299622656024,7.087455132106463
2012-05-07 13:45:00,62.86342588340204,63.95447449569161,7.021500778940429
2012-05-07 13:50:00,62.91699726617563,63.693288559841584,7.243241253951449
2012-05-07 13:55:00,62.98181215227698,63.809711995040466,7.1406533155621945
2012-05-07 14:00:00,62.81514548687756,63.978069612674346,7.002913795950193
2012-05-07 14:05:00,62.898478820456205,64.18038748051394,7.068683868955838
2012-05-07 14:10:00,63.235284153168834,63.81361468010838,7.461799717981794
2012-05-07 14:15:00,63.20403415307684,64.12790724997551,7.122418664313283
2012-05-07 14:20:00,62.912367485551606,64.23286243746719,7.015701100907372
2012-05-07 14:25:00,62.913524932026,63.65745120511827,7.6432553742743075
2012-05-07 14:30:00,63.17162672760478,64.05503107016544,7.198337252757235
2012-05-07 14:35:00,63.15773773554712,64.20662660434915,7.042099796398555
2012-05-07 14:40:00,63.04315440363434,64.23286243746719,7.015701100907372
2012-05-07 14:45:00,63.16005262102502,63.93854020339077,7.323051607626283
2012-05-07 14:50:00,63.13773123658555,64.13165572838143,7.118554490480041
2012-05-07 14:55:00,63.19328689543253,64.28822847225415,6.960563081880534
2012-05-07 15:00:00,63.18402766993602,63.89200899881758,7.374103287223587
2012-05-07 15:05:00,63.24652767012,64.64296686691091,6.0164172367676665
2012-05-07 15:10:00,63.1817127910501,64.89550762473301,5.80943399687767
2012-05-07 15:15:00,63.369212791602045,64.3315208376928,6.289260917818883
2012-05-07 15:20:00,63.738425897843335,63.849349467115736,6.77669324860896
2012-05-07 15:25:00,64.11226846653572,63.98700080183642,6.627355216704473
2012-05-07 15:30:00,63.96527799568236,64.93649187553767,5.776651506996455
2012-05-07 15:35:00,64.20601877619535,64.44230495403669,6.189359695290581
2012-05-07 15:40:00,64.56018545620962,64.2375978075715,6.376966826967512
2012-05-07 15:45:00,64.81018547100844,64.49815040693626,6.140284161656179
2012-05-07 15:50:00,65.07060215250458,64.35515566828765,6.267643465591587
2012-05-07 15:55:00,65.02430571388052,64.67806166216849,5.987044182985696
2012-05-07 16:00:00,65.20949114844592,64.17038759580022,6.441638419212463
2012-05-07 16:05:00,65.18981493807911,65.23406069740314,5.190020282720355
2012-05-07 16:10:00,65.23032449590347,65.18960503532624,5.231028187312396
2012-05-07 16:15:00,65.20949116250883,65.2105111441963,5.211689767654721
2012-05-07 16:20:00,62.95949126838864,65.12707212797075,5.289462576772309
2012-05-07 16:25:00,59.27083374074488,65.28125640183427,5.146938016915096
2012-05-07 16:30:00,55.428240782143405,65.04417460347105,5.368384549319856
2012-05-07 16:35:00,51.68750017414508,65.44187854191449,5.003497920482662
2012-05-07 16:40:00,47.69791674469024,65.49467531412957,4.9573200883049315
2012-05-07 16:45:00,43.78124998211671,65.51844157652984,4.936676477410559
2012-05-07 16:50:00,40.25347218457894,65.39967425069513,5.040740864957237
2012-05-07 16:55:00,36.46180543643628,65.02354512578493,5.3883012070449
2012-05-07 17:00:00,32.73379581150544,65.04417460347105,5.368384549319856
2012-05-07 17:05:00,28.80555527326963,65.5340655077959,4.449199131297421
2012-05-07 17:10:00,25.18171261063286,65.61475692989328,4.3772861331467885
2012-05-07 17:15:00,21.72337919680476,65.51107582651717,4.47015842603187
2012-05-07 17:20:00,21.149304871033788,49.433116988529825,15.80419832657467
2012-05-07 17:25:00,21.11921230335331,44.19252437401031,21.768523482735745
2012-05-07 17:30:00,21.087962303261317,43.75403006987904,22.53568415299274
2012-05-07 17:35:00,20.80092514037583,44.22736468714164,21.710120059767984
2012-05-07 17:40:00,21.446758475610306,43.835339359278485,22.389072522435512
2012-05-07 17:45:00,22.592591812316627,43.97219932926051,22.146674697082883
2012-05-07 17:50:00,22.15740667585179,44.62703741665455,21.06745436323672
2012-05-07 17:55:00,22.30092514479138,43.81882423430637,22.418700564607907
2012-05-07 18:00:00,23.07919898874995,43.93717102336483,22.208186357090426
2012-05-07 18:05:00,26.322254741357344,43.56033350830515,22.157435960929945
2012-05-07 18:10:00,30.0815140710594,44.16177872554166,21.135264399617345
2012-05-07 18:15:00,33.69609749941035,44.4006891782376,20.758407534015785
2012-05-07 18:20:00,36.63012529520029,46.267547218258024,18.28120932767408
2012-05-07 18:25:00,40.60466230018596,43.97901645766017,21.4347823245009
2012-05-07 18:30:00,44.79216239689006,43.54462041829237,22.185504034418624
2012-05-07 18:35:00,48.84308839411736,43.57794778905686,22.126059057284277
2012-05-07 18:40:00,52.32109803237517,45.05177922317541,19.809802570284464
2012-05-07 18:45:00,55.21577433558247,47.311994347102086,17.140964247455386
2012-05-07 18:50:00,59.29910748405541,43.64999728165473,21.998552036712372
2012-05-07 18:55:00,63.238922444846615,43.8991099700433,21.568813290262483
2012-05-07 19:00:00,66.43981536364555,45.6586256041604,19.01350527161611
2012-05-07 19:05:00,67.2453710247003,63.54303927351304,4.857455541803666
2012-05-07 19:10:00,67.35995433024516,64.94933668366762,3.7003380828587034
2012-05-07 19:15:00,67.58564895348397,64.88753731091577,3.7311503191295183
2012-05-07 19:20:00,67.80439892600212,64.76535634417654,3.794408478044177
2012-05-07 19:25:00,67.52777866888316,65.19050006820228,3.5863328888151824
2012-05-07 19:30:00,67.41782509298436,65.09494717681504,3.6304254047854214
2012-05-07 19:35:00,67.60532506541053,64.86703216327378,3.741540294454412
2012-05-07 19:40:00,67.63773216040458,65.13450590020075,3.612014011087202
2012-05-07 19:45:00,67.60995414816348,65.13450590020075,3.612014011087202
2012-05-07 19:50:00,67.61921369183295,65.02308034714477,3.664490247763799
2012-05-07 19:55:00,67.65162081495278,65.0323320296566,3.660058256467497
2012-05-07 20:00:00,67.46263243990948,64.97002740525623,3.6901843922754782
2012-05-07 20:05:00,67.72189136554756,64.4692690481732,3.512203395783669
2012-05-07 20:10:00,67.72189136554756,64.82312290087268,3.3767982884170813
2012-05-07 20:15:00,67.39781695613513,64.99019095114487,3.316783665643484
2012-05-07 20:20:00,67.33531698407694,64.84490878437906,3.3688490689405364
2012-05-07 20:25:00,67.46378898635868,64.2635973594636,3.5978183495043905
2012-05-07 20:30:00,67.53207589546815,64.50749091068535,3.496925482019611
2012-05-07 20:35:00,67.423279470723,64.88849057823506,3.353062233112663
2012-05-07 20:40:00,67.09457592230608,64.84490878437906,3.3688490689405364
2012-05-07 20:45:00,66.92559439032574,64.71914672985882,3.4152937726539556
2012-05-07 20:50:00,66.81679796558059,64.68052480614377,3.4298452535757558
2012-05-07 20:55:00,66.9302241480976,64.73847321011966,3.408065585868449
2012-05-07 21:00:00,67.01504585616762,64.21862353600167,3.6174097606215714
2012-05-07 21:05:00,66.85763870455403,64.66937954091854,3.1631767860736955
2012-05-07 21:10:00,66.69097206552253,64.47637378032972,3.2217459683707053
2012-05-07 21:15:00,66.78935185169614,63.948641674933576,3.3922643918260036
2012-05-07 21:20:00,66.66203695837935,64.36342252986223,3.2568258007092723
2012-05-07 21:25:00,66.4874338267902,64.16789096455908,3.319226066850407
2012-05-07 21:30:00,66.44692428302874,64.29567411708224,3.2781897974015677
2012-05-07 21:35:00,66.13905405394357,64.308216896442,3.2742152157890825
2012-05-07 21:40:00,66.1575725084523,63.790897126371895,3.4473073456907373
2012-05-07 21:45:00,66.03257249402145,64.00324744155579,3.3737272055427208
2012-05-07 21:50:00,65.95965582714014,64.09292267616382,3.3437977955561404
2012-05-07 21:55:00,65.66798918774067,64.6343363986699,3.1736943540340583
2012-05-07 22:00:00,65.78951717213197,64.02563293872811,3.3661983822135055
2012-05-07 22:05:00,65.21544305730438,64.26296195573293,3.581957570980904
2012-05-07 22:10:00,65.06960970947887,64.04937910525317,3.653448907323764
2012-05-07 22:15:00,65.15294304305752,64.0946772049833,3.638110115292436
2012-05-07 22:20:00,65.19923946761868,64.02168504848807,3.6628773322849164
2012-05-07 22:25:00,65.21412059683412,63.722481140991654,3.767611732343917
2012-05-07 22:30:00,64.86921345873147,64.14245876957027,3.622038618368214
2012-05-07 22:35:00,64.83449113327914,63.57423187941968,3.8218355788962346
2012-05-07 22:40:00,64.21759291925075,63.759828094628794,3.754219582324295
2012-05-07 22:45:00,63.957176251817486,63.6643808436998,3.788653829397074
2012-05-07 22:50:00,63.52116428751154,63.86804822901737,3.715955165495488
2012-05-07 22:55:00,63.37533093968602,63.93605395056525,3.6922933200816654
2012-05-07 23:00:00,63.1253309248872,64.22283414922371,3.595237386604832
2012-05-07 23:05:00,63.39269193365745,62.782986726327835,4.457260600792297
2012-05-07 23:10:00,63.18320115851004,63.50991545962061,4.158969466512482
2012-05-07 23:15:00,62.7873678099486,64.06961701572423,3.9495594492905766
2012-05-07 23:20:00,62.11838627649643,63.9119841968538,4.007439718545993
2012-05-07 23:25:00,61.80588627557652,63.53325842891747,4.149981238253132
2012-05-07 23:30:00,61.873016047595236,63.161488312400486,4.296872256321529
2012-05-07 23:35:00,61.65773837231163,63.2694057640943,4.253333818367106
2012-05-07 23:40:00,62.241071693299226,62.22599813447647,4.726234229720663
2012-05-07 23:45:00,62.25843270133356,62.86504979738228,4.421310640962599
2012-05-07 23:50:00,62.47569465093269,62.69028169750164,4.498808239248473
2012-05-07 23:55:00,62.16319465001278,63.393341917093274,4.204287310545513
2012-05-08 00:00:00,61.708333345369816,63.45548109154807,4.180038142434925
2012-05-08 00:05:00,61.47916667802855,62.03604080407689,4.481504720324009
2012-05-08 00:10:00,61.34027768032934,61.776443018070815,4.563070348151686
2012-05-08 00:15:00,61.16319434647473,61.886656782993946,4.527722533308821
2012-05-08 00:20:00,60.78819431724506,61.33651887624362,4.720016264974347
2012-05-08 00:25:00,60.67708330893475,61.62264921275875,4.61462545122133
2012-05-08 00:30:00,60.37037020287743,61.987721082427754,4.496264739898005
2012-05-08 00:35:00,60.567129430683735,61.58915961772495,4.626257714458942
2012-05-08 00:40:00,60.587962764078384,62.112743563210394,4.458403464045832
2012-05-08 00:45:00,59.819444307361884,61.6679469398222,4.599137705018847
2012-05-08 00:50:00,59.442129427372066,61.86838306151032,4.533503338938394
2012-05-08 00:55:00,59.08796274559995,61.52344070904268,4.649569098496316
2012-05-08 01:00:00,59.24652762494583,61.35150882061557,4.714108752671613
2012-05-08 01:05:00,58.56018509752223,61.32904907136399,4.969031469383074
2012-05-08 01:10:00,58.18981485419019,61.24565612166279,4.994934532245083
2012-05-08 01:15:00,57.158564893343176,61.282690756007185,4.983356411148612
2012-05-08 01:20:00,56.929398226001915,60.628585338348806,5.2267889842272295
2012-05-08 01:25:00,56.929398226001915,61.15439526062129,5.02409425192807
2012-05-08 01:30:00,56.62731487771645,61.17841655711643,5.0163232936933655
2012-05-08 01:35:00,56.524305650186115,61.59084425747795,4.8905826007088296
2012-05-08 01:40:00,56.54513898358078,61.80776601688668,4.827167865534576
2012-05-08 01:45:00,57.06712977898457,60.456008697882375,5.314786670296472
2012-05-08 01:50:00,56.944444671565435,60.99628589598429,5.07747024661304
2012-05-08 01:55:00,57.3425929130757,60.780069163935586,5.1596752298445505
2012-05-08 02:00:00,57.39236135361353,61.286090738326074,4.982299612805147
2012-05-08 02:05:00,57.46412053183175,60.53086961608346,5.604592310707481
2012-05-08 02:10:00,57.21412053109582,60.7821603303069,5.488706415561293
2012-05-08 02:15:00,58.99537048008771,60.17525822510521,5.821955260009896
2012-05-08 02:20:00,59.30555561618459,60.42453495714998,5.664329430397675
2012-05-08 02:25:00,58.81481486306145,61.13130962118669,5.3709203140787345
2012-05-08 02:30:00,58.30439825114385,60.803811406913276,5.480237994045563
2012-05-08 02:35:00,57.39814823441322,61.379004330414524,5.3004114958742745
2012-05-08 02:40:00,56.731481579846985,61.763838831327426,5.193488136080458
2012-05-08 02:45:00,56.79398158003096,61.000034019302156,5.411380778340834
2012-05-08 02:50:00,56.950231580490914,60.84795712281076,5.463582268261213
2012-05-08 02:55:00,56.406250005218034,61.25218319936206,5.335910627454454
2012-05-08 03:00:00,55.48611096830396,61.320285206028075,5.3167462782962644
2012-05-08 03:05:00,55.89583332298596,60.891497519023154,5.570683383032691
2012-05-08 03:10:00,56.500000005494,60.82879471784765,5.606493613949568
2012-05-08 03:15:00,55.6689815767193,62.728217557668955,4.9870212012735236
2012-05-08 03:20:00,55.629629774753006,61.017148856380466,5.506740951831396
2012-05-08 03:25:00,55.768518457794976,60.89383229690381,5.569401100249999
2012-05-08 03:30:00,55.98726840218733,60.58911533776011,5.7664558527381224
2012-05-08 03:35:00,56.32060173650189,60.66271848480238,5.713769530491011
2012-05-08 03:40:00,56.508101737053835,61.16452329345477,5.443768100906201
2012-05-08 03:45:00,56.895833283740984,61.38015533256786,5.369315962902179
2012-05-08 03:50:00,57.66782374237126,61.33051678394863,5.385014371253823
2012-05-08 03:55:00,57.761573742647236,60.93371434731236,5.548056327533533
2012-05-08 04:00:00,58.76157378646122,60.60675682317987,5.753579473411598
2012-05-08 04:05:00,59.16435144823387,62.10160898930017,4.820618944645513
2012-05-08 04:10:00,58.84143476655375,62.278850010382996,4.7531606493646725
2012-05-08 04:15:00,58.766203220786515,62.22535075794957,4.772514706960258
2012-05-08 04:20:00,59.382274621915634,61.68287917535156,5.029547729641499
2012-05-08 04:25:00,59.855654367004455,61.755778531689536,4.987167849130095
2012-05-08 04:30:00,60.848709733290384,61.473671713020536,5.166763012698335
2012-05-08 04:35:00,61.57093208186084,61.70908622875745,5.013995434756462
2012-05-08 04:40:00,62.051255858902984,62.152306762112055,4.800304728912676
2012-05-08 04:45:00,62.18435764708236,62.69920973657552,4.621146752586965
2012-05-08 04:50:00,62.063987404486234,63.24316543436595,4.469178931415637
2012-05-08 04:55:00,62.70982075378361,61.74847276782929,4.991290723957726
2012-05-08 05:00:00,62.6542654091544,62.52234986034557,4.673366946156102
2012-05-08 05:05:00,62.72718207603572,63.64321780927566,4.0942141156720435
2012-05-08 05:10:00,63.49222853083845,62.67195795957835,4.570676686151541
2012-05-08 05:15:00,64.02347853240228,63.01579534125983,4.371854227912453
2012-05-08 05:20:00,64.3356476184892,63.459259189924076,4.166050330422514
2012-05-08 05:25:00,64.68981430026133,63.321422407822816,4.224639214833742
2012-05-08 05:30:00,64.93981428693435,63.8018721989406,4.037193187668211
2012-05-08 05:35:00,65.14467530255207,63.66584620074974,4.085823771342704
2012-05-08 05:40:00,65.32060152744174,63.83217084426686,4.026753064064018
2012-05-08 05:45:00,65.4004628450437,63.89855022027228,4.004320076499332
2012-05-08 05:50:00,65.46759263112531,64.0451272631422,3.9567143121477977
2012-05-08 05:55:00,65.83680573736663,63.5923414236496,4.1134166877755876
2012-05-08 06:00:00,66.35416675741997,63.394777183066196,4.19291152636507
2012-05-08 06:05:00,66.54166677203482,64.72312008799955,3.5734649331620454
2012-05-08 06:10:00,66.58796319659596,64.89776788333943,3.5040773776062397
2012-05-08 06:15:00,66.7337965303586,64.85289837842369,3.521388335801525
2012-05-08 06:20:00,66.88194472894425,64.94646016092902,3.4856814671540968
2012-05-08 06:25:00,67.15277803494904,64.87128126663619,3.5142539344547874
2012-05-08 06:30:00,67.18981559085964,65.20193190707742,3.395333548083913
2012-05-08 06:35:00,67.37731556328579,64.98079513803445,3.472947108992083
2012-05-08 06:40:00,67.45138935319494,65.10693707350497,3.427771651758801
2012-05-08 06:45:00,67.59027800811113,65.01098473968216,3.4619068795206593
2012-05-08 06:50:00,67.7465279804453,65.14267090071979,3.415415866697949
2012-05-08 06:55:00,67.74189822267344,65.18616471711219,3.4006274963300474
2012-05-08 07:00:00,67.75231486124498,65.23142718146943,3.385521501442724
2012-05-08 07:05:00,67.87615773858509,65.57534091675386,3.321758681521073
2012-05-08 07:10:00,68.07060179921616,65.49656997968576,3.355559324913584
2012-05-08 07:15:00,68.185185104761,65.63206269888073,3.29811392252322
2012-05-08 07:20:00,68.09259287440601,65.73137056573083,3.2580833468617665
2012-05-08 07:25:00,68.01967623565048,65.8708385556201,3.2046925861383038
2012-05-08 07:30:00,67.98263867973989,65.79652209641547,3.2327414637769434
2012-05-08 07:35:00,67.9201387076817,65.83481963135917,3.2181741058480404
2012-05-08 07:40:00,67.7939815842859,65.76404938395895,3.245282879035988
2012-05-08 07:45:00,67.77546314384004,65.78031210811308,3.238979144700371
2012-05-08 07:50:00,67.6296298382032,65.94212943947468,3.178620501355684
2012-05-08 07:55:00,67.6608798382952,65.70672433181373,3.267858576846981
2012-05-08 08:00:00,67.67129650499253,65.78031210811308,3.238979144700371
2012-05-08 08:05:00,67.69907387034053,65.93459223466077,3.042895842853224
2012-05-08 08:10:00,67.65162029462572,65.98178789690323,3.025269327383905
2012-05-08 08:15:00,67.5277774454114,65.97199916653997,3.0288874005756052
2012-05-08 08:20:00,67.4398143540609,65.70706300848518,3.1343200514376828
2012-05-08 08:25:00,67.3668976871796,65.88285965787134,3.062735407794442
2012-05-08 08:30:00,66.9780090174646,65.87083045539326,3.0674271829279576
2012-05-08 08:35:00,66.93634235067528,65.86480433664418,3.0697888349986666
2012-05-08 08:40:00,66.91550901728061,65.67983387098917,3.145995473696374
2012-05-08 08:45:00,66.69444413775076,65.886861760567,3.061181289274549
2012-05-08 08:50:00,66.5613423355085,65.82845732507087,3.0841942587054345
2012-05-08 08:55:00,66.38425900165389,65.90083988324555,3.0557782410982957
2012-05-08 09:00:00,66.25347212048622,65.93656959003253,3.0421487516199703
2012-05-08 09:05:00,66.04976854431148,65.51645368805062,3.516574129114568
2012-05-08 09:10:00,65.97685187743016,65.43297030339511,3.558433527863451
2012-05-08 09:15:00,65.78240784492489,65.2841526126242,3.637770665161833
2012-05-08 09:20:00,65.71990783067801,65.06476736294142,3.7659696363603956
2012-05-08 09:25:00,65.54513937570931,65.28201783721921,3.6389542264300325
2012-05-08 09:30:00,65.81365783095397,64.6383982827271,4.053911915216797
2012-05-08 09:35:00,65.78240783086198,65.32029309653915,3.617942533353276
2012-05-08 09:40:00,65.782407830862,65.16496129054134,3.7057472202679733
2012-05-08 09:45:00,65.85532451180619,65.00345818047883,3.8042158839304103
2012-05-08 09:50:00,65.655092965671,65.10959984025776,3.7386736719930447
2012-05-08 09:55:00,65.49537062578781,65.10513948410464,3.7413640442063856
2012-05-08 10:00:00,65.30324085340114,65.23257434796847,3.6666990221159828
2012-05-08 10:05:00,65.13657417218094,64.72596959591917,4.0068243263131995
2012-05-08 10:10:00,64.7662039288489,64.87915980600847,3.907888648010477
2012-05-08 10:15:00,64.82407417126105,64.49393300133649,4.172306082164478
2012-05-08 10:20:00,64.70601851223009,64.52593176614609,4.148367113365384
2012-05-08 10:25:00,64.76620363352815,64.53048382642967,4.144989360965875
2012-05-08 10:30:00,64.48842595454484,64.76052443230628,3.9837922594725295
2012-05-08 10:35:00,64.12384260783325,64.84141467559621,3.931504676516292
2012-05-08 10:40:00,63.84259259294243,64.74544413032594,3.9937922426264945
2012-05-08 10:45:00,63.59259257814361,64.72596959591917,4.0068243263131995
2012-05-08 10:50:00,63.863425926337094,64.29443892741517,4.329603922904543
2012-05-08 10:55:00,63.8564815850001,64.37295494640735,4.266041147647232
2012-05-08 11:00:00,63.82638903138252,64.44315768572817,4.21102371793475
2012-05-08 11:05:00,63.863425926337094,64.11902502780963,4.375724814425268
2012-05-08 11:10:00,63.900462821291676,63.879949568149264,4.5843150774416435
2012-05-08 11:15:00,63.95370327780617,64.3160899196442,4.221684418028233
2012-05-08 11:20:00,64.05555537527721,64.01018872069767,4.467727162636838
2012-05-08 11:25:00,63.97222202763569,64.35441701479068,4.1936022675828575
2012-05-08 11:30:00,63.86689792121942,63.93619339470448,4.53309686505593
2012-05-08 11:35:00,64.03009257064218,63.84921927636065,4.61285898300502
2012-05-08 11:40:00,64.2268521148636,63.91283551874019,4.55420661869117
2012-05-08 11:45:00,64.27893544835024,63.95480063529323,4.5164440643534896
2012-05-08 11:50:00,63.921296439899386,64.522531709997,4.077608805361975
2012-05-08 11:55:00,64.03587977357003,64.07851644032495,4.409391747823506
2012-05-08 12:00:00,64.10069434325628,64.10106560145535,4.390566933173282
2012-05-08 12:05:00,64.17824079603521,64.02661616352692,4.518228448696504
2012-05-08 12:10:00,64.41898126716457,63.802362445481435,4.7125375055470675
2012-05-08 12:15:00,64.45949081092603,64.24028540939476,4.35563812225126
2012-05-08 12:20:00,64.57986105352215,64.0434281702501,4.504643355773912
2012-05-08 12:25:00,64.704861067953,64.03503051321597,4.511412839089373
2012-05-08 12:30:00,65.0902777463014,63.5792627285014,4.930317025889697
2012-05-08 12:35:00,65.1770831099196,64.00974355979434,4.531999593704101
2012-05-08 12:40:00,65.24189737022218,64.12654185549043,4.439478845038292
2012-05-08 12:45:00,65.27314737031415,63.90069251932545,4.624327526032984
2012-05-08 12:50:00,65.62036971206767,63.695333234285975,4.813942895196476
2012-05-08 12:55:00,65.73032327390356,64.12859917247637,4.437907260404297
2012-05-08 13:00:00,65.71643459122957,64.06017550172467,4.491245439967832
2012-05-08 13:05:00,65.5497679100094,64.14851642084294,4.665274819552736
2012-05-08 13:10:00,65.55902745367888,64.22023608232959,4.613325027305634
2012-05-08 13:15:00,65.52777745358689,64.28714754198491,4.567174083380853
2012-05-08 13:20:00,65.58333277492443,64.23560945501679,4.602525582701895
2012-05-08 13:25:00,65.61458277501642,64.23560945501679,4.602525582701895
2012-05-08 13:30:00,65.5567125326043,64.27002824696926,4.5787714847047285
2012-05-08 13:35:00,65.58796253269627,64.14851642084294,4.665274819552736
2012-05-08 13:40:00,65.58680540966841,64.22023608232959,4.613325027305634
2012-05-08 13:45:00,65.74421254721909,63.951496403702514,4.821678668070889
2012-05-08 13:50:00,65.74884230499094,64.30421045885932,4.555756912103949
2012-05-08 13:55:00,65.67013875730994,64.29663396232013,4.560809316086134
2012-05-08 14:00:00,65.75810186272334,64.02401525944394,4.761734739464435
2012-05-08 14:05:00,65.94560187733818,64.05881456517695,4.962310362422296
2012-05-08 14:10:00,66.02893521091683,64.41047227200288,4.696850206881527
2012-05-08 14:15:00,66.01851854421948,64.41047227200288,4.696850206881527
2012-05-08 14:20:00,65.97486825000776,64.49718577679876,4.640732397917687
2012-05-08 14:25:00,65.98065513080745,64.4593585612754,4.664802559453063
2012-05-08 14:30:00,65.9760253730356,64.35214625120261,4.736539602676441
2012-05-08 14:35:00,66.0524140277678,64.37771728914196,4.718940622353187
2012-05-08 14:40:00,66.10449736125445,64.39411144510157,4.707822807896655
2012-05-08 14:45:00,66.11375690492393,64.39592993196204,4.706595679783457
2012-05-08 14:50:00,66.00496048017878,64.48279520350785,4.649814130357929
2012-05-08 14:55:00,66.02810867839646,64.3448236742739,4.741636529780403
2012-05-08 15:00:00,66.09639558750594,64.35214625120261,4.736539602676441
2012-05-08 15:05:00,66.17972892108457,64.70097623353145,4.636418239608555
2012-05-08 15:10:00,66.11722892090059,64.86946699864382,4.527437112816206
2012-05-08 15:15:00,66.09060867858045,64.73166903364519,4.615809631256858
2012-05-08 15:20:00,66.10995365154663,64.76451427215856,4.594145912108952
2012-05-08 15:25:00,66.14583343753625,64.80145875983796,4.570240286431064
2012-05-08 15:30:00,66.15046319530809,64.68561256424097,4.646872257351824
2012-05-08 15:35:00,66.1134263144164,64.8286669154964,4.552934587758059
2012-05-08 15:40:00,66.1759263146004,64.80826172690355,4.565890197428268
2012-05-08 15:45:00,66.25925964817905,64.7470001473365,4.605648487339917
2012-05-08 15:50:00,66.48842628739452,64.65484179944397,4.668087510816371
2012-05-08 15:55:00,66.55902808945281,64.71973890425396,4.623777920017399
2012-05-08 16:00:00,66.59027808954478,64.79295383104993,4.575700992471908
2012-05-08 16:05:00,66.52893521238865,65.09322683489042,4.323402074234524
2012-05-08 16:10:00,64.9664352359149,65.0501775887598,4.353904364325934
2012-05-08 16:15:00,64.51388879609497,64.97062714548822,4.41184088515656
2012-05-08 16:20:00,61.1863425306295,65.06451785907957,4.343677940455963
2012-05-08 16:25:00,57.74884243613318,65.12199175289278,4.303349470515093
2012-05-08 16:30:00,53.71180514970566,64.97062714548822,4.41184088515656
2012-05-08 16:35:00,49.328703278701106,65.04699255425696,4.356184381298121
2012-05-08 16:40:00,45.297453182456934,65.16525897387733,4.273663165773675
2012-05-08 16:45:00,41.390045654169235,65.1363979922474,4.293402040395269
2012-05-08 16:50:00,36.97337914325595,65.25230138163347,4.215602314898942
2012-05-08 16:55:00,32.94212904701179,65.09322683489042,4.323402074234524
2012-05-08 17:00:00,29.077545617924915,65.10760189680946,4.313348511455174
2012-05-08 17:05:00,25.170138399020868,65.51504656895963,3.7601216663500217
2012-05-08 17:10:00,22.8888882798024,57.606817882465116,7.877379296058289
2012-05-08 17:15:00,19.591434596080315,64.75073176433276,4.358038250399413
2012-05-08 17:20:00,18.741897656545294,45.20881820822925,19.32313351711841
2012-05-08 17:25:00,18.18981432158679,45.02175426988833,19.647876223370105
2012-05-08 17:30:00,18.27314765516543,43.591788039124594,22.416402575257447
2012-05-08 17:35:00,20.5543977743839,43.191463803867606,23.26516661814908
2012-05-08 17:40:00,20.4502311074106,43.827361198366496,21.927680452099384
2012-05-08 17:45:00,20.40972187303279,44.00827053936057,21.560037707020324
2012-05-08 17:50:00,21.034721649866302,43.340068427734515,22.948319720503267
2012-05-08 17:55:00,22.263888320151267,43.74101761799208,22.105604521997083
2012-05-08 18:00:00,24.38740035973919,44.04874771034051,21.478783769170878
2012-05-08 18:05:00,28.283233788918054,43.84756766420702,20.506826301500716
2012-05-08 18:10:00,32.28207676204237,44.016997296235445,20.149090471344433
2012-05-08 18:15:00,36.15244712818051,44.08515642989183,20.007493556214
2012-05-08 18:20:00,40.39203033336498,43.480100311539466,21.30868159330924
2012-05-08 18:25:00,44.38161376281982,43.84756766420702,20.506826301500716
2012-05-08 18:30:00,48.34457661244505,43.721955084185026,20.77713368340309
2012-05-08 18:35:00,50.27165990926246,52.05783112575182,10.104419603492454
2012-05-08 18:40:00,54.29365046183713,43.65613106591874,20.920424333463085
2012-05-08 18:45:00,58.03323387649314,43.940185770286625,20.310270922371515
2012-05-08 18:50:00,61.74156730512007,44.41843137507132,19.334908884363355
2012-05-08 18:55:00,64.33531738306978,47.344247425283214,14.693471710459868
2012-05-08 19:00:00,66.06597210587141,56.44688885728803,7.434000161387378
2012-05-08 19:05:00,66.29976853098451,64.80651324512841,3.114953548181083
2012-05-08 19:10:00,65.98842563902956,65.07445817337515,3.029048561338581
2012-05-08 19:15:00,66.0069440794754,64.94691271891446,3.0668294255639914
2012-05-08 19:20:00,65.89236074580477,64.96113650628489,3.0623606598003956
2012-05-08 19:25:00,65.78819407883145,64.93272086837588,3.0713575226765393
2012-05-08 19:30:00,65.90856494019489,64.79727333325869,3.118400785338872
2012-05-08 19:35:00,66.16898162169105,64.62878315878784,3.18823940821339
2012-05-08 19:40:00,66.34490780439202,64.82194503507647,3.109281097148257
2012-05-08 19:45:00,66.58101913651684,64.66938669893149,3.170131646455259
2012-05-08 19:50:00,66.68816187745398,64.94691271891446,3.0668294255639914
2012-05-08 19:55:00,67.01107853100832,64.62878315878784,3.18823940821339
2012-05-08 20:00:00,66.98677318163699,64.90443889827246,3.080595240734837
2012-05-08 20:05:00,66.90922675698384,64.51355924624161,2.9539062446325226
2012-05-08 20:10:00,67.26339341063017,63.953718435847854,3.0946540141093757
2012-05-08 20:15:00,67.3189487600935,64.32999937672807,2.9944342248477676
2012-05-08 20:20:00,67.4231154270668,64.13223333713431,3.04359722968162
2012-05-08 20:25:00,67.41269876036945,64.11573476418819,3.048019222260429
2012-05-08 20:30:00,67.24718923030294,64.31487300470761,2.997971169205121
2012-05-08 20:35:00,67.21709635323879,64.33378555775228,2.9935547314693642
2012-05-08 20:40:00,67.02959638081263,64.43665472589178,2.970385382659396
2012-05-08 20:45:00,67.02959638081262,64.34515519644812,2.990923831233913
2012-05-08 20:50:00,66.88078697308616,64.47613865929253,2.9618415559070965
2012-05-08 20:55:00,66.87152745754247,64.43665472589178,2.970385382659396
2012-05-08 21:00:00,67.0289345810303,64.2098649829239,3.0234981762239594
2012-05-08 21:05:00,66.79976789962613,64.00782856984087,3.154119424628414
2012-05-08 21:10:00,66.53472147442103,64.1604489655362,3.123407498979091
2012-05-08 21:15:00,66.36805480726375,64.04799994319508,3.1458616793247374
2012-05-08 21:20:00,66.3159714737771,63.913075772733634,3.1741506527492653
2012-05-08 21:25:00,66.32986012832528,63.68877445882408,3.225232089429857
2012-05-08 21:30:00,66.41319347596684,63.63360015753124,3.238730864310289
2012-05-08 21:35:00,66.40161968624165,63.89629480281709,3.177784898268838
2012-05-08 21:40:00,66.43286968633365,63.72578139981487,3.2164018296565904
2012-05-08 21:45:00,66.62731369071314,63.96353695142017,3.163382399643981
2012-05-08 21:50:00,66.59606369062115,63.837752565024594,3.1906854657727024
2012-05-08 21:55:00,66.57407323419864,64.04799994319508,3.1458616793247374
2012-05-08 22:00:00,66.56481433742228,64.0988568939019,3.1355910979682267
2012-05-08 22:05:00,66.67046937888693,63.16598490863092,3.57922177562058
2012-05-08 22:10:00,66.71676583157391,63.25578285956599,3.5561545374825116
2012-05-08 22:15:00,66.44477536211043,63.32649561785639,3.538554347750391
2012-05-08 22:20:00,66.13574767600367,63.40437813863996,3.5196968228091827
2012-05-08 22:25:00,65.9875997868017,63.29107587131171,3.5473110023374956
2012-05-08 22:30:00,65.81051643888419,63.36425943082306,3.5293450648633615
2012-05-08 22:35:00,65.41468309208061,63.464790010037696,3.5054212699266807
2012-05-08 22:40:00,65.34871107591995,63.36425943082306,3.5293450648633615
2012-05-08 22:45:00,64.75744159109485,63.9404034489265,3.4015354248797194
2012-05-08 22:50:00,64.33961746969578,63.36425943082306,3.5293450648633615
2012-05-08 22:55:00,63.89170078940555,63.60664612539525,3.472982224037908
2012-05-08 23:00:00,63.36392278272404,63.68586575315302,3.4554590427122487
2012-05-08 23:05:00,63.258267741259374,62.79096010234022,3.8551541744149866
2012-05-08 23:10:00,62.8045641643487,62.767220805538784,3.861238091657578
2012-05-08 23:15:00,62.8983141628668,62.23062883094647,4.009203557001162
2012-05-08 23:20:00,63.467758488281014,62.236909320197555,4.007324079370255
2012-05-08 23:25:00,63.28951771146771,62.4253674441618,3.9527979649785485
2012-05-08 23:30:00,63.039517710731786,62.44288090802786,3.9478987340356606
2012-05-08 23:35:00,62.95618437539528,62.13766411320759,4.037563829297267
2012-05-08 23:40:00,62.79298971015177,62.657360004308266,3.889810207385923
2012-05-08 23:45:00,62.68287052434198,62.222569616788185,4.011621165326311
2012-05-08 23:50:00,62.89583363012333,62.00966463382586,4.078449667971102
2012-05-08 23:55:00,62.52083364132448,62.174566378806226,4.026181857443552
2012-05-09 00:00:00,62.178241093818436,62.1051881636487,4.047722976283288
2012-05-09 00:05:00,61.938657761537705,62.003159933706364,3.8121583110292474
2012-05-09 00:10:00,61.97569465649227,61.407694317803,3.930768498088629
2012-05-09 00:15:00,61.802083651513726,61.837901589775335,3.843175963989836
2012-05-09 00:20:00,60.916667010366446,62.73974682603023,3.6804212563789345
2012-05-09 00:25:00,61.168981900535464,61.56133982638422,3.897962101287949
2012-05-09 00:30:00,61.533565249004916,61.46381613469157,3.9185341461157606
2012-05-09 00:35:00,61.60648191588623,61.46381613469157,3.9185341461157606
2012-05-09 00:40:00,61.73263903928205,61.78430295399249,3.8534671052970855
2012-05-09 00:45:00,61.7222223725847,61.49593399111736,3.9116678538393646
2012-05-09 00:50:00,61.2291667194813,61.82592405788481,3.845464249943577
2012-05-09 00:55:00,61.305555711722945,61.08229106336651,4.009696123919485
2012-05-09 01:00:00,61.16666669117152,61.0733633618021,4.012109625879645
2012-05-09 01:05:00,60.870370250053675,61.337605115255265,4.152689850039736
2012-05-09 01:10:00,60.464120234794905,61.21508038459277,4.1770551635902375
2012-05-09 01:15:00,60.15856458575917,61.29607711211457,4.160863850810818
2012-05-09 01:20:00,60.33564790555089,60.97536526717635,4.22798967115638
2012-05-09 01:25:00,59.8958330113142,61.70949234755185,4.081464527396041
2012-05-09 01:30:00,58.623842269954196,61.79516209118574,4.065223825733588
2012-05-09 01:35:00,58.353008949886494,61.32195035109455,4.155762086071387
2012-05-09 01:40:00,58.081018496243786,61.72528518208285,4.078470931066532
2012-05-09 01:45:00,57.95949082123615,61.23005609028474,4.174033272718398
2012-05-09 01:50:00,57.75115745916377,60.8595952502751,4.255159997630502
2012-05-09 01:55:00,57.29745357286942,60.95335964392288,4.232990408066734
2012-05-09 02:00:00,57.49537026824448,60.69351927387765,4.298886568978213
2012-05-09 02:05:00,57.76388903638853,60.931686963195894,4.461963569989279
2012-05-09 02:10:00,58.0272818059114,60.71291646236852,4.521098235308976
2012-05-09 02:15:00,58.56431868827494,60.887945130092696,4.4728135988220235
2012-05-09 02:20:00,58.88723535589218,61.202001643740154,4.401710454599685
2012-05-09 02:25:00,58.7992722504788,61.03935427819764,4.436784043013405
2012-05-09 02:30:00,59.623346309790726,60.21629667430259,4.724237073794417
2012-05-09 02:35:00,59.63607784131108,60.949721464308766,4.457605057313093
2012-05-09 02:40:00,58.761077821156725,61.27324571222129,4.387082288717981
2012-05-09 02:45:00,58.55968884261001,61.05685609095617,4.432862323818722
2012-05-09 02:50:00,59.36177219236733,60.63590941297571,4.545469342771725
2012-05-09 02:55:00,60.28075374061831,60.46612623276564,4.607919869695309
2012-05-09 03:00:00,60.82242039481659,60.924790660704126,4.463648389044171
2012-05-09 03:05:00,61.3144835908314,61.4502019597046,4.755834624243842
2012-05-09 03:10:00,61.66567417051391,61.18516118075137,4.840427852478242
2012-05-09 03:15:00,60.50363731443634,61.78036386888181,4.665604425657678
2012-05-09 03:20:00,60.32357788200784,61.83379997628527,4.651901710691323
2012-05-09 03:25:00,60.18468919896588,61.09492127173703,4.872992423757095
2012-05-09 03:30:00,60.49950409283459,61.26311253940011,4.813990174645441
2012-05-09 03:35:00,61.0087630051457,61.13048256833926,4.859892500670688
2012-05-09 03:40:00,61.935846357028844,60.35964029928354,5.245280086407522
2012-05-09 03:45:00,62.10019813123731,60.969467440691716,4.922239552821674
2012-05-09 03:50:00,61.996031464264,61.83379997628527,4.651901710691323
2012-05-09 03:55:00,61.58978147713103,61.75643935322182,4.671796458427822
2012-05-09 04:00:00,61.61871659833708,61.83379997628527,4.651901710691323
2012-05-09 04:05:00,61.3210977406955,62.824844184397385,4.231826731730371
2012-05-09 04:10:00,61.310681073998175,62.29110011103905,4.394623599896892
2012-05-09 04:15:00,61.92526438101487,60.68185369916034,5.224081258402937
2012-05-09 04:20:00,62.14351847831892,62.19138312824034,4.428395414357109
2012-05-09 04:25:00,62.578703602478726,61.455522261813734,4.737764480726631
2012-05-09 04:30:00,62.56944437522436,62.32656652353895,4.382939725839026
2012-05-09 04:35:00,62.60648191707207,62.469676478597556,4.337322623425878
2012-05-09 04:40:00,62.67939858219552,62.1328420541523,4.44892200791215
2012-05-09 04:45:00,62.99421346200134,61.75613830006488,4.596357977178285
2012-05-09 04:50:00,63.129630143129525,62.30704583119897,4.389349030318418
2012-05-09 04:55:00,63.552083691822425,61.774992838399015,4.5882537283604625
2012-05-09 05:00:00,63.58564858486324,62.51302928547485,4.323928926487939
2012-05-09 05:05:00,63.59606525156057,63.29226599291987,3.891570741061049
2012-05-09 05:10:00,63.6574081287167,63.20230305963043,3.9270121022734883
2012-05-09 05:15:00,64.13078788786841,62.38195417475154,4.313378859179999
2012-05-09 05:20:00,64.13425990384506,63.4827967826397,3.820349777914433
2012-05-09 05:25:00,64.40509325028067,63.00250331816514,4.01025127071523
2012-05-09 05:30:00,64.50694470789007,63.24434544475346,3.910297227957806
2012-05-09 05:35:00,64.58333339074804,63.4827967826397,3.820349777914433
2012-05-09 05:40:00,64.68402804174468,63.16618012269124,3.941589613611717
2012-05-09 05:45:00,64.9340280565435,63.148087204317505,3.948967598342008
2012-05-09 05:50:00,65.10763937442145,63.47093390903808,3.8246399730525265
2012-05-09 05:55:00,65.362269161055,63.35596569857413,3.867195949120125
2012-05-09 06:00:00,65.46759295105615,63.52427123779654,3.80549427129152
2012-05-09 06:05:00,65.7905096046105,64.17299575633642,3.595211623383386
2012-05-09 06:10:00,66.04166674243716,64.17070773757766,3.596239114656166
2012-05-09 06:15:00,66.35995365228256,64.07845604019606,3.638318696133314
2012-05-09 06:20:00,66.5474536528345,64.37583035817732,3.5070117832157344
2012-05-09 06:25:00,66.85069411008493,64.35582594799494,3.515453344604302
2012-05-09 06:30:00,67.16203697391408,64.29769291228634,3.540302337324245
2012-05-09 06:35:00,67.27662030758474,64.51422222730703,3.4501145664886828
2012-05-09 06:40:00,67.57175900514953,64.20724355756316,3.579910702725067
2012-05-09 06:45:00,67.67361077917401,64.47496858433948,3.465987214094538
2012-05-09 06:50:00,67.71874946194,64.68181203906506,3.384652231788115
2012-05-09 06:55:00,67.65856432657905,64.70724805916102,3.375037079723054
2012-05-09 07:00:00,67.81365717588537,64.61353861627077,3.4108750848551916
2012-05-09 07:05:00,67.73032387043251,65.34290327656572,3.253388379451359
2012-05-09 07:10:00,67.64583338570024,65.19946132383133,3.3162290673005974
2012-05-09 07:15:00,67.47916671854296,65.24087378975227,3.2977993355888597
2012-05-09 07:20:00,67.35416671817498,65.2819400412907,3.279754800601264
2012-05-09 07:25:00,67.18750005101771,65.48445412165607,3.1940926799347285
2012-05-09 07:30:00,67.06250007877553,65.44285636304637,3.2112410851405517
2012-05-09 07:35:00,67.0208334119862,65.2819400412907,3.279754800601264
2012-05-09 07:40:00,66.86458341152625,65.3226664348746,3.2620849011045645
2012-05-09 07:45:00,66.67939828986023,65.21560755097322,3.309015140289406
2012-05-09 07:50:00,66.46759293993696,65.3226664348746,3.2620849011045645
2012-05-09 07:55:00,66.25694472710444,65.14136352973456,3.342479947715022
2012-05-09 08:00:00,66.02777808788896,65.46260409729108,3.2030710501055224
2012-05-09 08:05:00,65.93518521064084,65.35667962484403,3.255742451622309
2012-05-09 08:10:00,65.95717569518915,65.20415814754371,3.3313218430677463
2012-05-09 08:15:00,66.05092569546511,65.07388757145911,3.3986998251620797
2012-05-09 08:20:00,65.88425901424493,65.20658050912697,3.3300932805393795
2012-05-09 08:25:00,65.81944473987946,65.3378950019443,3.264858806907092
2012-05-09 08:30:00,65.70486140620882,65.37771822023664,3.245597648787967
2012-05-09 08:35:00,65.5277780582913,65.37771822023664,3.245597648787967
2012-05-09 08:40:00,65.41319471055778,65.18472702529009,3.341205793284947
2012-05-09 08:45:00,65.50694472489664,65.00610767185991,3.434786546634007
2012-05-09 08:50:00,65.50694472489666,65.06640407283662,3.402648770119163
2012-05-09 08:55:00,65.55092628463478,64.86763302853727,3.510705346021366
2012-05-09 09:00:00,65.49884295114815,65.18472702529009,3.341205793284947
2012-05-09 09:05:00,65.31018581350544,64.76882996332311,3.8852004048603828
2012-05-09 09:10:00,65.0567134733463,64.85480924443358,3.828540935415956
2012-05-09 09:15:00,64.69213012663472,64.87666316422015,3.814369912023086
2012-05-09 09:20:00,64.67245423971447,64.44347770093955,4.112708114808458
2012-05-09 09:25:00,64.60069472398679,64.80833104290711,3.8589884083473236
2012-05-09 09:30:00,64.40277804267463,64.74397559857773,3.901848297612886
2012-05-09 09:35:00,64.28819470900399,64.60751100685496,3.9954159021562403
2012-05-09 09:40:00,64.256944708912,64.53784852172532,4.044585727493587
2012-05-09 09:45:00,64.15393515090365,64.81078840703303,3.8573689676857175
2012-05-09 09:50:00,63.9699071522655,64.66863190123243,3.953057369117627
2012-05-09 09:55:00,64.09953692446818,64.56634534472025,4.024357759488439
2012-05-09 10:00:00,64.026620243524,64.67621836836334,3.947850906133839
2012-05-09 10:05:00,63.9837961372917,63.88528024867401,4.860659575276034
2012-05-09 10:10:00,63.914351797528575,63.82919311791301,4.9142017089883865
2012-05-09 10:15:00,64.01504613738369,63.59139298693435,5.149921797344731
2012-05-09 10:20:00,63.866897915945835,63.935574395339415,4.813317265176995
2012-05-09 10:25:00,63.57523123787342,64.18798363697867,4.585286795277603
2012-05-09 10:30:00,63.554397904478755,63.83723664315539,4.906474176969743
2012-05-09 10:35:00,63.54861100961617,63.88528024867401,4.860659575276034
2012-05-09 10:40:00,63.42361100924821,64.0036883308551,4.750207835427192
2012-05-09 10:45:00,63.247685438283106,64.12217150185768,4.643200688912101
2012-05-09 10:50:00,63.38310210534841,63.78880929642213,4.953237911491963
2012-05-09 10:55:00,63.24421278947622,64.38038388100186,4.422238707576195
2012-05-09 11:00:00,63.337962803815095,64.0503613737752,4.70763557452857
2012-05-09 11:05:00,63.52314824189622,63.42913711126095,5.5800726990861795
2012-05-09 11:10:00,63.65856490720366,63.31150353592458,5.717332870900033
2012-05-09 11:15:00,63.760417004674686,63.47141861479877,5.531755577314542
2012-05-09 11:20:00,64.15740779443696,63.23565346893067,5.808052317561582
2012-05-09 11:25:00,64.41898158138234,63.16456668688528,5.894651139458509
2012-05-09 11:30:00,64.6793982628785,63.43178702452882,5.577029291986821
2012-05-09 11:35:00,64.71643515783306,63.51342994202084,5.484277954051335
2012-05-09 11:40:00,64.94560183923723,63.359862568635464,5.660402339177562
2012-05-09 11:45:00,65.30787030178931,63.36521597128086,5.654143029523467
2012-05-09 11:50:00,65.45370364961482,63.73441449430131,5.243315922030138
2012-05-09 11:55:00,65.575231648069,63.719267295135126,5.2593608119592865
2012-05-09 12:00:00,65.54398164797702,63.890940247014385,5.08156988954011
2012-05-09 12:05:00,65.46064830033548,63.68913246845879,5.369184868606154
2012-05-09 12:10:00,65.52314830051948,63.475405965518824,5.607251378919218
2012-05-09 12:15:00,65.56944473914353,63.55248628258835,5.51959277734534
2012-05-09 12:20:00,65.43402807207825,63.94984802160547,5.099837110451067
2012-05-09 12:25:00,65.33217661446888,63.61146067310738,5.453896365777432
2012-05-09 12:30:00,65.33217661446886,63.84578952641129,5.2045731839944285
2012-05-09 12:35:00,65.37847305309292,63.452841053947374,5.633298389562189
2012-05-09 12:40:00,65.1597230383861,63.71797065413787,5.338254630593441
2012-05-09 12:45:00,65.15856588723246,63.99084613842344,5.059577576815617
2012-05-09 12:50:00,64.88773253903898,63.88768118543856,5.161967200276469
2012-05-09 12:55:00,64.98148253931494,63.82470999393484,5.226237071897061
2012-05-09 13:00:00,64.85648252488409,63.67465348878599,5.38481993768411
2012-05-09 13:05:00,64.87037120755808,63.57308040615943,5.57747202000951
2012-05-09 13:10:00,64.78819532045387,63.66669727301977,5.475125879016294
2012-05-09 13:15:00,64.60185244292978,63.7070343283573,5.432002352680617
2012-05-09 13:20:00,64.53472265684816,63.73062576086187,5.407050813339068
2012-05-09 13:25:00,64.66666700558456,63.455826057848775,5.7101545792617365
2012-05-09 13:30:00,64.63541700549258,63.89752260946489,5.2361930663192116
2012-05-09 13:35:00,64.73495391469403,63.61166811485386,5.534903415463276
2012-05-09 13:40:00,64.9583336871727,63.313778314468834,5.877651829052778
2012-05-09 13:45:00,64.77199082371149,64.0370540370681,5.100861142251972
2012-05-09 13:50:00,65.11574083878631,63.38143398949563,5.796944290879137
2012-05-09 13:55:00,64.93865749086879,64.05919867905827,5.080002523774255
2012-05-09 14:00:00,65.09490750539165,63.470602017712885,5.693155887623331
2012-05-09 14:05:00,65.32175929384698,63.90319904029667,5.1837540259967225
2012-05-09 14:10:00,65.51851852868474,63.801119609115865,5.285791852106214
2012-05-09 14:15:00,65.82523163474205,63.627760389703674,5.468069653296202
2012-05-09 14:20:00,65.84027807327412,63.89399109338456,5.192798098007361
2012-05-09 14:25:00,66.00462984748258,64.02602792674206,5.066074296242886
2012-05-09 14:30:00,66.09837984775855,64.12635349709085,4.973999861637684
2012-05-09 14:35:00,66.20254651473185,64.10643443461095,4.991995471817741
2012-05-09 14:40:00,66.38541675751196,64.07530450350626,5.020400407864563
2012-05-09 14:45:00,66.52546319641199,63.96494837727238,5.123903868766144
2012-05-09 14:50:00,66.51504652971467,64.35983260706818,4.773289150521957
2012-05-09 14:55:00,66.49421319632,64.0057421180547,5.0851306423766705
2012-05-09 15:00:00,66.51620365274252,64.08644359512111,5.0101975815303925
2012-05-09 15:05:00,66.45601854550735,64.69635568695504,4.2805435912583425
2012-05-09 15:10:00,66.45370365255853,64.55973226890967,4.378055176557267
2012-05-09 15:15:00,66.36574056120803,64.60297929557872,4.346524931117583
2012-05-09 15:20:00,66.63657390940152,64.32439155523943,4.560997561982572
2012-05-09 15:25:00,66.659722135745,64.69635568695504,4.2805435912583425
2012-05-09 15:30:00,66.69097213583699,64.66537669288951,4.302122215835849
2012-05-09 15:35:00,66.59722213556101,64.66537669288951,4.302122215835849
2012-05-09 15:40:00,66.52430546867971,64.7693809193765,4.2308631984986045
2012-05-09 15:45:00,66.39467569647701,64.60297929557872,4.346524931117583
2012-05-09 15:50:00,66.41550902987166,64.70022094363111,4.277873118039731
2012-05-09 15:55:00,66.48148103196941,64.36123403068719,4.531055270385269
2012-05-09 16:00:00,62.282407370546416,64.50823559716376,4.4164251635298495
2012-05-09 16:05:00,59.199073943759316,65.09836142242396,3.835455238411793
2012-05-09 16:10:00,56.5243054111169,65.06130482535518,3.8583619486171066
2012-05-09 16:15:00,52.6400460810469,64.96370094528423,3.9206780342759404
2012-05-09 16:20:00,48.660879318289396,65.27843542752619,3.729952652778836
2012-05-09 16:25:00,44.650462555439894,65.22983582440675,3.7574921161523758
2012-05-09 16:30:00,40.64699038705948,65.21355599977373,3.766869675626644
2012-05-09 16:35:00,36.92824029173523,65.01461774766706,3.887811715484768
2012-05-09 16:40:00,32.95949019567505,65.14800263596157,3.80541646130011
2012-05-09 16:45:00,29.033564212878613,64.89492513967171,3.966305416664456
2012-05-09 16:50:00,25.106480783607754,65.22983582440675,3.7574921161523758
2012-05-09 16:55:00,20.97800869923675,64.98639599487494,3.9059322041617914
2012-05-09 17:00:00,20.90856410458368,43.89815279323954,23.465254258692
2012-05-09 17:05:00,20.002314101915953,46.30061583177655,17.677780004876777
2012-05-09 17:10:00,18.50115666508888,48.04301253651323,15.254279214720787
2012-05-09 17:15:00,19.260415901582473,43.96500509030064,21.640616288457796
2012-05-09 17:20:00,18.895832792182215,44.16146574177719,21.27804541040594
2012-05-09 17:25:00,18.885416125484884,44.040531942774834,21.50076845980693
2012-05-09 17:30:00,18.763888197345164,44.033973796627436,21.512891124277218
2012-05-09 17:35:00,18.87268459396453,44.353556883394596,20.927669536350095
2012-05-09 17:40:00,19.14814765774117,44.020903180611704,21.537059051050317
2012-05-09 17:45:00,19.553240226525535,43.81627592544623,21.917518267528305
2012-05-09 17:50:00,19.688656893590828,44.203012255201855,21.201895515484726
2012-05-09 17:55:00,22.23379597747709,43.57395561476422,22.37196203079138
2012-05-09 18:00:00,23.00115701584498,43.39095551522275,22.716718484986927
2012-05-09 18:05:00,23.324073683462217,43.927778360342614,19.496993973222963
2012-05-09 18:10:00,25.283564454971813,43.566979406909866,20.26373354418794
2012-05-09 18:15:00,28.533564548916207,45.924812333172376,15.810043427754712
2012-05-09 18:20:00,32.731481087311344,43.51938798671001,20.366757291656132
2012-05-09 18:25:00,36.67939784997686,44.02624303014323,19.29255876093524
2012-05-09 18:30:00,40.81944437096617,43.814440999062874,19.734958836939622
2012-05-09 18:35:00,44.5046296013754,44.616195600551784,18.1156967178338
2012-05-09 18:40:00,48.13425948232131,44.616195600551784,18.1156967178338
2012-05-09 18:45:00,51.50925956257077,44.65496958633753,18.041333260438098
2012-05-09 18:50:00,55.113426324224385,44.50810347365405,18.324957977765063
2012-05-09 18:55:00,56.65972244381745,57.540889995665204,5.98373268087889
2012-05-09 19:00:00,60.22222253868174,44.88944808992583,17.59965174205544
2012-05-09 19:05:00,63.81944462148891,45.17252784199218,14.972618239884392
2012-05-09 19:10:00,66.15277804606824,52.62293568784302,7.341476164193104
2012-05-09 19:15:00,66.23611135152109,65.25554199269263,2.6709810578319684
2012-05-09 19:20:00,66.27777801831043,65.1521990878496,2.6892857985435907
2012-05-09 19:25:00,66.29976847473291,65.21136339774942,2.6784586219132733
2012-05-09 19:30:00,66.35763868901927,65.32070310020795,2.660858980634011
2012-05-09 19:35:00,66.36574049089357,65.22938150855957,2.675346911338718
2012-05-09 19:40:00,66.33796250677825,65.15055173234379,2.689600652672933
2012-05-09 19:45:00,66.64120297809158,64.80294939845523,2.773649295344835
2012-05-09 19:50:00,66.56828629714737,65.04782135090322,2.7107678954180376
2012-05-09 19:55:00,66.4293976141054,65.04448649032979,2.711506028587939
2012-05-09 20:00:00,66.35648094722409,65.21136339774942,2.6784586219132733
2012-05-09 20:05:00,66.36342562607054,64.47076064306724,2.7466493689549183
2012-05-09 20:10:00,66.18634229221593,64.73152739217882,2.7120368887660873
2012-05-09 20:15:00,66.17708277667224,64.781587778392,2.7064948429474907
2012-05-09 20:20:00,65.9895827620574,64.59814940876517,2.7284521671922035
2012-05-09 20:25:00,66.07291609563605,64.63331586852955,2.7238785344295233
2012-05-09 20:30:00,65.93749945669656,64.81495995353613,2.702971511471338
2012-05-09 20:35:00,65.9270827899992,64.63146412292521,2.724114467598847
2012-05-09 20:40:00,66.133101230997,64.48549906203635,2.7444070686639095
2012-05-09 20:45:00,66.22569408011934,64.63331586852955,2.7238785344295233
2012-05-09 20:50:00,66.46296253527201,64.30013788700282,2.7755229790634943
2012-05-09 20:55:00,66.89583275066224,64.19257023572943,2.796735940276351
2012-05-09 21:00:00,67.03124941772752,64.48181437291672,2.7449636217490347
2012-05-09 21:05:00,67.14467560024453,63.914923721356644,2.955867849563235
2012-05-09 21:10:00,67.38425890615733,63.87860798565915,2.961438893068852
2012-05-09 21:15:00,67.29976844955084,64.22878930661068,2.91362114465614
2012-05-09 21:20:00,67.64351843649983,63.71663127952206,2.9883413214160366
2012-05-09 21:25:00,67.45833330077092,64.22878930661068,2.91362114465614
2012-05-09 21:30:00,67.19196410571188,64.04275514476278,2.937458888745643
2012-05-09 21:35:00,67.17113077231721,64.0610942622183,2.9349613469321203
2012-05-09 21:40:00,67.11326055803086,64.28210043971372,2.9073577989515225
2012-05-09 21:45:00,66.89451058551272,64.24518819824979,2.911669735323434
2012-05-09 21:50:00,66.82043679560356,64.13051334678202,2.9258095953436367
2012-05-09 21:55:00,66.71627015675604,64.35594638261749,2.8990527460730955
2012-05-09 22:00:00,66.50644844831807,64.15301109397265,2.922942747875968
2012-05-09 22:05:00,66.40459605552626,63.56019493868778,3.2484279889833236
2012-05-09 22:10:00,66.05042940187992,63.75492907462931,3.219786374433806
2012-05-09 22:15:00,65.69973504898385,63.52401808812948,3.25405794195108
2012-05-09 22:20:00,65.39765172882419,63.774262459771016,3.2170825721568845
2012-05-09 22:25:00,65.2495038396222,63.34031794476598,3.284370847051653
2012-05-09 22:30:00,65.2242063530931,63.009009389416796,3.3479151155407205
2012-05-09 22:35:00,64.75545633765034,63.466730956577415,3.263191130519744
2012-05-09 22:40:00,64.35730811723444,63.628488387042864,3.2380753787672645
2012-05-09 22:45:00,64.2427247695009,63.29641060194988,3.292083177082095
2012-05-09 22:50:00,64.09457654278945,63.44134465584251,3.26732874326008
2012-05-09 22:55:00,63.91749320893484,63.61993823198836,3.2393525848452938
2012-05-09 23:00:00,63.855324446151485,63.21894310528819,3.3061811578045543
2012-05-09 23:05:00,63.71875064199546,62.75382803147824,3.6431292183420965
2012-05-09 23:10:00,63.67129708034354,62.49114470857976,3.6951907824691403
2012-05-09 23:15:00,63.73032475165147,62.282176902569205,3.7417445298611036
2012-05-09 23:20:00,63.532408086160046,62.60162813388623,3.67252699469137
2012-05-09 23:25:00,63.08333398576334,62.456768261758384,3.7024987902398703
2012-05-09 23:30:00,63.221065545777456,62.346968947894226,3.7267400690670347
2012-05-09 23:35:00,62.86689886400534,62.03721058283023,3.8040284677447045
2012-05-09 23:40:00,63.14583399297877,62.29780731155574,3.738073805195009
2012-05-09 23:45:00,62.67361165217569,62.472919693928844,3.699048993635411
2012-05-09 23:50:00,61.88773186397828,62.55433769125525,3.6820808887910275
2012-05-09 23:55:00,61.89351874477797,62.67630254295823,3.6578586651849654
2012-05-10 00:00:00,61.56134253349126,62.489116443774584,3.6956186600759735
2012-05-10 00:05:00,61.03124997840183,62.36140750202094,3.7435980192642635
2012-05-10 00:10:00,60.589120219342114,62.2568970579404,3.7611063923627484
2012-05-10 00:15:00,60.5474535525528,62.22998601431289,3.7657441941098493
2012-05-10 00:20:00,60.61689789231591,62.1012147694718,3.788774699969306
2012-05-10 00:25:00,60.64930532481943,61.55262398934636,3.909022173502528
2012-05-10 00:30:00,60.7749665202653,62.44184552747165,3.7306115274792666
2012-05-10 00:35:00,60.785383215088416,61.32004990568897,3.9761767665288104
2012-05-10 00:40:00,59.93237395019306,62.650706462520766,3.698494957808277
2012-05-10 00:45:00,60.092096290076235,61.53131988827664,3.9146770599809955
2012-05-10 00:50:00,60.83167963964957,61.14409481670979,4.035943193289689
2012-05-10 00:55:00,60.28538352300023,62.54460133286636,3.7145509996122104
2012-05-10 01:00:00,60.2124668701818,61.766997214888654,3.8568054956568414
2012-05-10 01:05:00,60.74024454638532,61.1725667202569,4.25317665146597
2012-05-10 01:10:00,61.26107786718893,61.21476613516787,4.2411671651650025
2012-05-10 01:15:00,60.51107785091827,61.805118766779316,4.104666839629083
2012-05-10 01:20:00,59.94626327976018,61.868500876039946,4.092377276735146
2012-05-10 01:25:00,59.89302251386201,61.29080703563066,4.220497326973689
2012-05-10 01:30:00,59.51736131064877,62.295687165954945,4.015181833785509
2012-05-10 01:35:00,59.621527977622065,61.04308894684186,4.2927200181716385
2012-05-10 01:40:00,60.089120560653306,60.948661811197844,4.324428131092136
2012-05-10 01:45:00,60.25347234409055,61.458754315601986,4.1786837873214955
2012-05-10 01:50:00,59.753472356681584,61.962158852254596,4.074717516584878
2012-05-10 01:55:00,59.151620581185256,61.29080703563066,4.220497326973689
2012-05-10 02:00:00,58.97337978679334,61.33457482180438,4.209122470944236
2012-05-10 02:05:00,58.03819464885664,61.87715430898655,4.402438293731323
2012-05-10 02:10:00,57.44097233581139,61.914240281682645,4.39386305047427
2012-05-10 02:15:00,58.128472353655944,60.66862056531239,4.802280227982464
2012-05-10 02:20:00,58.758102127330496,60.95203694086768,4.676399271695144
2012-05-10 02:25:00,58.86689855207564,61.14088638858312,4.606533352743752
2012-05-10 02:30:00,57.510417037694026,61.56190612505474,4.480157860732976
2012-05-10 02:35:00,57.65856525034257,61.112502560939895,4.616413154407282
2012-05-10 02:40:00,57.460648597156194,61.52732397676997,4.489374765708446
2012-05-10 02:45:00,57.775463495859036,61.61775485460857,4.465614465975112
2012-05-10 02:50:00,57.27546346626139,61.112502560939895,4.616413154407282
2012-05-10 02:55:00,58.13657446447444,60.44540442515028,4.921858645280142
2012-05-10 03:00:00,57.99189856312333,61.013055218309056,4.652722646179933
2012-05-10 03:05:00,58.57523191223671,60.64062507745007,5.392313969414058
2012-05-10 03:10:00,58.31828754203801,61.15607786477042,5.082460548856194
2012-05-10 03:15:00,57.891204219752495,61.74894134872438,4.8124913795497655
2012-05-10 03:20:00,56.68402804807872,62.003541443315534,4.718171691445858
2012-05-10 03:25:00,56.276620614471334,61.42770560825618,4.948730304015687
2012-05-10 03:30:00,57.151620560795486,59.75589176285982,6.111407274893348
2012-05-10 03:35:00,57.44791667670892,61.455169648814525,4.936212275349036
2012-05-10 03:40:00,57.760416663565934,61.37465426953753,4.973411554538353
2012-05-10 03:45:00,57.28819432276285,62.25198995177698,4.634855542723443
2012-05-10 03:50:00,58.419146530253755,60.52382330118777,5.473785994620585
2012-05-10 03:55:00,58.141368867091195,61.73311520710831,4.818717163265036
2012-05-10 04:00:00,58.72470221796245,60.92097618513757,5.214083328431468
2012-05-10 04:05:00,58.839285551633075,61.86652538927519,4.983463345393085
2012-05-10 04:10:00,59.370535567259815,61.052662486804145,5.525095587690228
2012-05-10 04:15:00,60.12053556946759,61.44308166695608,5.2469555677009305
2012-05-10 04:20:00,61.03720219664396,60.39839980380439,6.075430201804399
2012-05-10 04:25:00,61.82539652621784,61.111851329422244,5.480641936607143
2012-05-10 04:30:00,62.53835964753392,61.301230378686824,5.343953787061598
2012-05-10 04:35:00,62.70849865411443,62.33277700682576,4.735079086777696
2012-05-10 04:40:00,62.74669299554342,62.26884905161578,4.766747120450858
2012-05-10 04:45:00,63.041831988429,61.91333289719116,4.956632328420629
2012-05-10 04:50:00,63.23495360265267,62.64503408971279,4.590134584154961
2012-05-10 04:55:00,63.77314793149062,61.67879485394729,5.095586938308736
2012-05-10 05:00:00,63.93981459689005,62.19906829403354,4.802146630491341
2012-05-10 05:05:00,64.26273127857017,62.86860377410134,4.503657378163638
2012-05-10 05:10:00,64.72106462731558,62.74263694934499,4.581246300881866
2012-05-10 05:15:00,64.67939796052627,63.61139632833679,4.0963026241564275
2012-05-10 05:20:00,65.17361106713554,62.74263694934499,4.581246300881866
2012-05-10 05:25:00,65.31944441496104,63.316861934413,4.247732905275053
2012-05-10 05:30:00,65.46064799095183,63.385220975620506,4.211429601175675
2012-05-10 05:35:00,65.55439799122779,63.51410311868426,4.14489658805546
2012-05-10 05:40:00,65.79513877174081,63.18993684341809,4.317034424046576
2012-05-10 05:45:00,65.94097211956633,63.276955667701316,4.269255039208155
2012-05-10 05:50:00,65.86689832965716,63.90087792451735,3.9597146024147567
2012-05-10 05:55:00,65.87500011746857,63.47494666437578,4.164848459266584
2012-05-10 06:00:00,66.10300964771908,63.3566100814625,4.226537874251794
2012-05-10 06:05:00,66.12384298111375,64.25618296238555,3.9986504802339478
2012-05-10 06:10:00,66.2800929534479,64.41244764450663,3.9075586200187225
2012-05-10 06:15:00,66.25925962005324,64.30123116449282,3.972027115951379
2012-05-10 06:20:00,66.20671344860578,64.48791240930468,3.864833776722344
2012-05-10 06:25:00,66.26712997482136,64.36819952261645,3.9329929947560838
2012-05-10 06:30:00,66.381713308492,64.43445255758395,3.8950149125079885
2012-05-10 06:35:00,66.45909443789138,64.47822660526116,3.870271194611051
2012-05-10 06:40:00,66.57946465236172,64.42956945678027,3.897791602763489
2012-05-10 06:45:00,66.76696465291367,64.32363454966604,3.9588978576684997
2012-05-10 06:50:00,66.73571465282167,64.56484691525982,3.8221309137289796
2012-05-10 06:55:00,66.96719618498597,64.2511574607192,4.001639407682714
2012-05-10 07:00:00,67.01904748072486,64.5839300230805,3.8116722974194364
2012-05-10 07:05:00,67.18293638884673,64.58208346668398,4.279959432712683
2012-05-10 07:10:00,67.11626946885173,65.06392211270942,3.949198117297217
2012-05-10 07:15:00,67.20257887639421,64.53161392057562,4.3166350941141625
2012-05-10 07:20:00,67.35697682186617,64.66693981166144,4.219159580137839
2012-05-10 07:25:00,67.45281029611054,64.79924407907036,4.126525301730364
2012-05-10 07:30:00,67.36369005360642,64.99431407910458,3.9947950675835444
2012-05-10 07:35:00,67.41130889644917,64.9574777491414,4.0192261814141474
2012-05-10 07:40:00,67.4390868805645,65.00209465635866,3.9896613660122893
2012-05-10 07:45:00,67.49117018592537,65.04082447059496,3.964245244911083
2012-05-10 07:50:00,67.56871661057853,64.804085342765,4.123185673835954
2012-05-10 07:55:00,67.61038327736786,65.06392211270942,3.949198117297217
2012-05-10 08:00:00,67.4242724657173,65.01451979961173,3.981482443228375
2012-05-10 08:05:00,67.38538355796341,65.00534262231126,4.349415671441821
2012-05-10 08:10:00,67.36871717250555,64.95412237080595,4.390517572416036
2012-05-10 08:15:00,67.40740776533103,64.77454437803102,4.538176129165277
2012-05-10 08:20:00,67.36111134076987,65.06443061288643,4.302563537569157
2012-05-10 08:25:00,67.2361113404019,65.05918505505787,4.30670002527799
2012-05-10 08:30:00,67.19907443138443,64.82818056437715,4.493496796762449
2012-05-10 08:35:00,67.03240779235294,65.10619649339154,4.2698133642178995
2012-05-10 08:40:00,66.84722268474981,65.10619649339154,4.2698133642178995
2012-05-10 08:45:00,64.08680595370572,65.1988269045032,4.198264159067041
2012-05-10 08:50:00,59.70717632368413,65.02229852056384,4.335909471353461
2012-05-10 08:55:00,55.13425958730459,65.1988269045032,4.198264159067041
2012-05-10 09:00:00,50.711640731583124,64.61539496044136,4.673625590898916
2012-05-10 09:05:00,46.27645572397241,64.60973325345941,4.987142057782861
2012-05-10 09:10:00,42.016038960386986,64.60973325345941,4.987142057782861
2012-05-10 09:15:00,38.23131679265051,64.5619870007988,5.034763797581755
2012-05-10 09:20:00,34.61756029058094,64.6518043128229,4.94557779698621
2012-05-10 09:25:00,31.42080096253471,64.46519132929755,5.132779467309029
2012-05-10 09:30:00,30.369874749132208,64.43799919127514,5.160665229442454
2012-05-10 09:35:00,30.224041401306696,64.41614994036931,5.183184197539847
2012-05-10 09:40:00,30.127976522144795,64.3722036925575,5.2287742710711065
2012-05-10 09:45:00,32.68931946291176,58.242139542091735,15.824599310362274
2012-05-10 09:50:00,36.87681933460957,51.32828177747256,23.059183475014738
2012-05-10 09:55:00,41.22288429659667,50.90087966520531,23.36729979067856
2012-05-10 10:00:00,45.447586471005955,50.54571509455186,23.617260527814988
2012-05-10 10:05:00,49.57027146363385,50.390076323708136,24.09568028747654
2012-05-10 10:10:00,53.42443821371836,51.02821151837202,23.681035976215266
2012-05-10 10:15:00,57.007771684165995,52.91139370926672,22.36219866988854
2012-05-10 10:20:00,60.38425973108292,53.87624806552887,21.620741144395257
2012-05-10 10:25:00,63.4583339376471,55.46632540487496,20.25381402891231
2012-05-10 10:30:00,64.40277860519038,61.40983230306352,9.756699028792804
2012-05-10 10:35:00,64.62268574292506,63.71160254690589,6.189708342553732
2012-05-10 10:40:00,64.65393574301704,63.78663510975724,6.0938105446331035
2012-05-10 10:45:00,64.5613428798318,64.07603725058783,5.736646314858315
2012-05-10 10:50:00,64.47800953219028,63.90993983530878,5.939141775952295
2012-05-10 10:55:00,64.25578721321746,64.01227781982358,5.813575547228271
2012-05-10 11:00:00,64.17245388139668,63.48213078508357,6.491234758055945
2012-05-10 11:05:00,63.846064874356216,63.357282618264264,6.393534687791385
2012-05-10 11:10:00,63.991898206360986,63.13194436633302,6.711980705217257
2012-05-10 11:15:00,64.09953690337385,63.56842472344285,6.1081975881376716
2012-05-10 11:20:00,63.95370357136909,63.57641903558837,6.097648898993324
2012-05-10 11:25:00,63.85185178328171,63.65320207714581,5.997245771785213
2012-05-10 11:30:00,63.62615713367497,63.66372037637666,5.9836241997160995
2012-05-10 11:35:00,63.479166662821605,64.03979568259224,5.518261386937492
2012-05-10 11:40:00,63.38541666254563,63.69516631476799,5.943100143048224
2012-05-10 11:45:00,63.061342555485446,63.69516631476799,5.943100143048224
2012-05-10 11:50:00,62.93634255511748,63.55240412013131,6.129399988117282
2012-05-10 11:55:00,62.9270833278631,63.32977987310644,6.431635426599225
2012-05-10 12:00:00,63.072916659867865,63.13194436633302,6.711980705217257
2012-05-10 12:05:00,63.350694662297734,62.521924861237316,7.342140523422116
2012-05-10 12:10:00,63.38194466238972,63.42532309273846,6.019418427059828
2012-05-10 12:15:00,63.017361313920276,63.74763157535599,5.6121497942142655
2012-05-10 12:20:00,62.87268542487419,63.1849648405155,6.345367420216106
2012-05-10 12:25:00,62.62847231900085,63.36464990816382,6.099916287486875
2012-05-10 12:30:00,62.4930556501777,63.08674269234998,6.483986855093327
2012-05-10 12:35:00,62.32638898302042,63.657348992490405,5.722756788410687
2012-05-10 12:40:00,62.37847231650707,63.42532309273846,6.019418427059828
2012-05-10 12:45:00,62.629629756685965,62.884433879256115,6.779382158281346
2012-05-10 12:50:00,62.594907429915246,63.20934401304785,6.311449745421373
2012-05-10 12:55:00,62.19907410947959,63.25788382777429,6.244490795373668
2012-05-10 13:00:00,62.29282410975555,63.42532309273846,6.019418427059828
2012-05-10 13:05:00,62.16435178051154,63.26480417781446,6.10785976930275
2012-05-10 13:10:00,61.949074108743666,63.56588206083456,5.723251071002056
2012-05-10 13:15:00,62.07407410911162,62.98577301685497,6.492699211564953
2012-05-10 13:20:00,62.1041666627292,62.91344499985603,6.596982516179453
2012-05-10 13:25:00,62.29166666328115,62.86032805246419,6.674771244492825
2012-05-10 13:30:00,62.38541666707285,62.83509489400601,6.71208164866897
2012-05-10 13:35:00,62.53125000083548,63.353230423540886,5.991626914440668
2012-05-10 13:40:00,62.218749999915566,63.612235826845215,5.6668331598844714
2012-05-10 13:45:00,62.11458333294227,63.542578200445384,5.751894935614582
2012-05-10 13:50:00,62.30902767614961,63.19989272182138,6.194929473135757
2012-05-10 13:55:00,62.746527663374586,62.37524471889828,7.4336223758082705
2012-05-10 14:00:00,62.559027662822636,63.70391124793312,5.55743824650488
2012-05-10 14:05:00,62.52777766273064,63.243887926082216,5.903850803326178
2012-05-10 14:10:00,62.59722200249376,63.35098434033144,5.766747264023497
2012-05-10 14:15:00,62.67361100176685,63.56146831614297,5.510067219976695
2012-05-10 14:20:00,62.93849213171819,63.26870485892002,5.871684746331897
2012-05-10 14:25:00,63.15261236052739,63.5854141406028,5.481922503716792
2012-05-10 14:30:00,63.423445691142255,63.342787452200696,5.777084587873993
2012-05-10 14:35:00,63.19312158260016,63.95792553686218,5.071110724777709
2012-05-10 14:40:00,63.463954916730756,63.169087664657845,6.002257196494857
2012-05-10 14:45:00,63.495204916822736,63.5854141406028,5.481922503716792
2012-05-10 14:50:00,63.03224211968913,63.92009712599282,5.110550335452902
2012-05-10 14:55:00,60.43849204173944,63.70401214919614,5.3456576472747
2012-05-10 15:00:00,57.329695790980814,63.56146831614297,5.510067219976695
2012-05-10 15:05:00,54.29844571174325,63.57418961690809,4.937742543201039
2012-05-10 15:10:00,51.17344563047185,63.88636475091828,4.611521320546535
2012-05-10 15:15:00,48.25677884974768,64.08678197647178,4.423442660040409
2012-05-10 15:20:00,46.63773109133209,64.21458025363724,4.312001539360989
2012-05-10 15:25:00,43.82986078457321,64.38126662290874,4.1761447459083625
2012-05-10 15:30:00,40.15277737010117,64.28835242260014,4.250577688062345
2012-05-10 15:35:00,36.71643473086855,63.81824253235811,4.6792402575011085
2012-05-10 15:40:00,33.40393465080307,64.14298946450941,4.373631805814866
2012-05-10 15:45:00,29.831017903304343,64.01586969384414,4.4881045488886375
2012-05-10 15:50:00,27.15509193825041,63.26667938384137,5.297347078811575
2012-05-10 15:55:00,25.946758601360106,49.61675768100978,18.482617867706068
2012-05-10 16:00:00,25.3784714376467,47.05389923842932,21.153310354957217
2012-05-10 16:05:00,25.6342586004402,45.473192961500565,21.39034020499074
2012-05-10 16:10:00,25.21759193254699,45.625333784391444,21.190665451009863
2012-05-10 16:15:00,24.48611039891085,46.65399002729422,19.866005094120577
2012-05-10 16:20:00,22.527776947309615,56.330115902926565,10.355389100127118
2012-05-10 16:25:00,21.361110277208628,47.74434434792479,18.52267720198535
2012-05-10 16:30:00,20.75231410412372,44.69764518137981,22.417443679411424
2012-05-10 16:35:00,20.68981410393974,44.72165942884942,22.38551011017749
2012-05-10 16:40:00,19.991897435218615,45.44347964194015,21.429439774893794
2012-05-10 16:45:00,19.5023143254504,44.626637355451656,22.511877811345098
2012-05-10 16:50:00,18.4710643224147,46.155339276105344,20.502054142866225
2012-05-10 16:55:00,18.12036995194002,44.19100186887568,23.090353485366787
2012-05-10 17:00:00,17.99536995157206,44.31513942009254,22.925836190898256
2012-05-10 17:05:00,16.749999677538494,45.5002044054005,18.980069672820925
2012-05-10 17:10:00,16.374999901440905,43.93494638606844,21.48256094994306
2012-05-10 17:15:00,16.08796296356172,43.91691415611293,21.512368547143524
2012-05-10 17:20:00,15.327546294656614,44.19124082556718,21.060376340031233
2012-05-10 17:25:00,15.150462960802,43.59316485267943,22.048862658057867
2012-05-10 17:30:00,15.307870168667163,43.05699205076269,22.93505098643966
2012-05-10 17:35:00,15.12037016811522,43.955381458310626,21.448795604414
2012-05-10 17:40:00,14.943287059266908,43.3424133308987,22.464568211537042
2012-05-10 17:45:00,15.2627314296496,43.175839478840516,22.739698490994744
2012-05-10 17:50:00,15.45023143020154,43.19041606202776,22.715676143298296
2012-05-10 17:55:00,15.792823998801927,43.08139195903195,22.895027878174815
2012-05-10 18:00:00,16.16203706285454,43.50637204722539,22.192854990267023
2012-05-10 18:05:00,20.29745358876067,42.96152750247433,21.185812740119673
2012-05-10 18:10:00,24.811342115926596,43.29664569927029,20.50856920030701
2012-05-10 18:15:00,28.993055050573133,43.4156061930143,20.271249317151703
2012-05-10 18:20:00,33.56597181507846,42.94885132250397,21.211659776412777
2012-05-10 18:25:00,37.909721912242524,43.3119904539686,20.47785662776457
2012-05-10 18:30:00,42.34490739799162,43.27636441883475,20.54920286316918
2012-05-10 18:35:00,46.553240799964605,43.6096943780548,19.88807157454698
2012-05-10 18:40:00,51.11111091499445,43.093734567161306,20.91723453163924
2012-05-10 18:45:00,55.2291664170455,43.67566881303318,19.759051161595632
2012-05-10 18:50:00,59.47916651393359,43.472197190228805,20.158986810971076
2012-05-10 18:55:00,63.58101841223603,43.59593884285932,19.915053767627814
2012-05-10 19:00:00,67.42013877828218,44.19874152310879,18.76066006620608
2012-05-10 19:05:00,67.86805545857241,64.98460744791534,2.6504688365543925
2012-05-10 19:10:00,67.80208344241176,65.88222146968769,2.5421806869799455
2012-05-10 19:15:00,67.76851854937095,65.54040373841003,2.55586942342986
2012-05-10 19:20:00,67.8206018828576,65.61240804693011,2.550592660039953
2012-05-10 19:25:00,67.78935188276562,65.66932782053884,2.5473979221403873
2012-05-10 19:30:00,67.58564830659085,65.75980949179197,2.543960557134049
2012-05-10 19:35:00,67.33564833398071,65.73965881345116,2.5445595379697754
2012-05-10 19:40:00,67.19675962281296,65.74741745259091,2.5443180499574
2012-05-10 19:45:00,67.14467628932631,65.66932782053884,2.5473979221403873
2012-05-10 19:50:00,66.97916674519689,65.68346647115017,2.546731186282321
2012-05-10 19:55:00,66.86458341152625,65.58372036234051,2.5525256047930958
2012-05-10 20:00:00,66.75000007785563,65.65515290172438,2.54811590318347
2012-05-10 20:05:00,66.71759292660998,65.1759101674546,2.59916582491905
2012-05-10 20:10:00,66.66550959312333,65.35182251226807,2.594765545448272
2012-05-10 20:15:00,66.61921314043639,65.0095508307785,2.6072959494614696
2012-05-10 20:20:00,66.5567131402524,65.22423056588052,2.5975638784973345
2012-05-10 20:25:00,66.4606482470276,65.1597499055447,2.5997741153904745
2012-05-10 20:30:00,66.54513873175988,64.99497135063513,2.6082183065401825
2012-05-10 20:35:00,66.56018515622907,64.89797387660784,2.6152998173433306
2012-05-10 20:40:00,66.48495362452474,65.08218782889075,2.6032212822337932
2012-05-10 20:45:00,66.28009229249191,65.12735131860141,2.601105618301475
2012-05-10 20:50:00,66.26157382392027,64.96576173580492,2.610175059772533
2012-05-10 20:55:00,66.31365715740692,64.93099301686595,2.612699757033988
2012-05-10 21:00:00,66.04282380921344,65.01319264213491,2.60707071815433
2012-05-10 21:05:00,66.0856476271564,64.50275229205258,2.7351409716859187
2012-05-10 21:10:00,65.81481430708871,64.67169287288614,2.7254876529270775
2012-05-10 21:15:00,65.74884230499096,64.28661242074996,2.750903956845903
2012-05-10 21:20:00,65.50694407800354,64.5048230109763,2.735009188308096
2012-05-10 21:25:00,65.4606476253166,64.36990059837659,2.7443269382950235
2012-05-10 21:30:00,65.38773095843528,64.5048230109763,2.735009188308096
2012-05-10 21:35:00,65.33101785311389,64.26994453056246,2.7523016819238197
2012-05-10 21:40:00,65.22106427721509,64.31786033953365,2.748358094929276
2012-05-10 21:45:00,65.13425892765979,64.13658143975333,2.7645472560859425
2012-05-10 21:50:00,64.9537035918914,64.28661242074996,2.750903956845903
2012-05-10 21:55:00,64.85879645452468,64.3740614008288,2.7440157123922826
2012-05-10 22:00:00,65.20254646959948,63.88764062453712,2.7931584525961655
2012-05-10 22:05:00,64.87268545361378,63.94824294970561,2.9365601854543057
2012-05-10 22:10:00,64.8726854536138,63.52380762989227,2.9776849245680563
2012-05-10 22:15:00,65.05902831707499,63.50370733186852,2.979912065059546
2012-05-10 22:20:00,65.14467654360244,63.39910483472193,2.9919878438418976
2012-05-10 22:25:00,65.05208431324743,63.63130249865876,2.9662564748503226
2012-05-10 22:30:00,64.9293991917654,63.725640032574915,2.9568379079777256
2012-05-10 22:35:00,64.60648252414816,63.50370733186852,2.979912065059546
2012-05-10 22:40:00,64.41435275351934,63.45243508984481,2.9857254544140606
2012-05-10 22:45:00,64.44560275361134,63.30407653849367,3.0037303179782397
2012-05-10 22:50:00,64.39467686308338,63.28428473465552,3.0062751954923006
2012-05-10 22:55:00,64.16666732052782,63.54169229790313,2.9757292401156348
2012-05-10 23:00:00,63.92708397242634,63.86732563534511,2.943642061892692
2012-05-10 23:05:00,63.954861640126545,62.73750715022678,3.3350820077384253
2012-05-10 23:10:00,63.80671342044656,62.950818542909616,3.305729977982691
2012-05-10 23:15:00,63.47453722322273,63.29584402202147,3.263396631586879
2012-05-10 23:20:00,63.458912209113855,62.991287233964584,3.3004713838515762
2012-05-10 23:25:00,63.66261578528861,62.879215575315754,3.3152608370623007
2012-05-10 23:30:00,63.32002321668822,62.914959893449385,3.3104658262253825
2012-05-10 23:35:00,63.48668988384551,62.328423138420256,3.401582113687143
2012-05-10 23:40:00,63.55960654896895,62.51676463089583,3.368989050985446
2012-05-10 23:45:00,63.531828881268744,62.79039312161934,3.327526282093366
2012-05-10 23:50:00,63.3015047709688,62.61544979105049,3.3533234513650427
2012-05-10 23:55:00,63.79108808992256,62.5359518023728,3.365873993442165
2012-05-11 00:00:00,63.696180650203615,62.8302620689266,3.3219576855312716
2012-05-11 00:05:00,63.217013996189316,63.07660429867949,3.618333538052559
2012-05-11 00:10:00,63.05960655628641,62.93707912554831,3.645802686957087
2012-05-11 00:15:00,63.32299931174639,62.91973392596447,3.649279610883692
2012-05-11 00:20:00,63.19279097802976,63.26900471145738,3.5816492982858605
2012-05-11 00:25:00,62.75760584859638,63.623027477090055,3.5165285372128605
2012-05-11 00:30:00,62.85681214268026,62.4909008623959,3.7409773708783938
2012-05-11 00:35:00,62.96792346037423,62.8974703505657,3.653762889553692
2012-05-11 00:40:00,62.83250679330894,62.91973392596447,3.649279610883692
2012-05-11 00:45:00,62.96445114204534,63.01664818457555,3.6300363126396955
2012-05-11 00:50:00,62.90195115592425,62.39960076148603,3.7623276703121262
2012-05-11 00:55:00,62.418154732712004,63.852185291839675,3.475209800479105
2012-05-11 01:00:00,61.77347882285759,62.917258005850165,3.649777099814846
2012-05-11 01:05:00,62.346395477147865,61.81949594516389,4.259771923653005
2012-05-11 01:10:00,62.23528446883756,62.3016512436112,4.119188915039942
2012-05-11 01:15:00,61.409391697658855,63.16076314521866,3.9049971623528674
2012-05-11 01:20:00,61.02397504392053,62.667296334410224,4.024821525600255
2012-05-11 01:25:00,61.07027116481109,62.37508079301881,4.099632492402541
2012-05-11 01:30:00,61.08217588079537,62.388283424450094,4.096153641859485
2012-05-11 01:35:00,61.02314789658806,62.812543371188404,3.9889530743030357
2012-05-11 01:40:00,61.12037022574008,62.32908432382993,4.111839449858283
2012-05-11 01:45:00,60.42245355701895,62.97477642102729,3.9495675213916184
2012-05-11 01:50:00,60.599536876810674,61.989451636650095,4.207291004032773
2012-05-11 01:55:00,60.37731487161617,62.48681524896326,4.070518674004926
2012-05-11 02:00:00,60.86458333453621,61.420922283537486,4.402446815844967
2012-05-11 02:05:00,60.446759220168595,62.82990149457165,4.271144726499962
2012-05-11 02:10:00,60.36342590065285,62.00825768261068,4.538015024653875
2012-05-11 02:15:00,60.6967592490303,61.501252057226345,4.735941873438262
2012-05-11 02:20:00,61.28124970710865,61.843838705348446,4.597710293172113
2012-05-11 02:25:00,60.66087945029619,62.36833736736662,4.4165860430349495
2012-05-11 02:30:00,60.18171276639825,62.31538964844418,4.433845376347087
2012-05-11 02:35:00,59.74421277917327,62.577993110805544,4.349616405187956
2012-05-11 02:40:00,59.72569401440194,62.42176765800564,4.399326737848599
2012-05-11 02:45:00,59.652777319394836,61.56720605882004,4.70751803686217
2012-05-11 02:50:00,59.59259221215968,62.23688852205655,4.459758001976882
2012-05-11 02:55:00,59.60069398590818,61.975290996946434,4.549719571165631
2012-05-11 03:00:00,59.20717552326411,62.193762859918884,4.474177305759832
2012-05-11 03:05:00,57.94791634155025,62.31244931708281,4.523728165204756
2012-05-11 03:10:00,57.97569398815612,62.152059040722,4.591550492554564
2012-05-11 03:15:00,58.01851810141985,62.35119541790798,4.5078687929706485
2012-05-11 03:20:00,57.61111096313323,63.219265236965065,4.1836974339683595
2012-05-11 03:25:00,57.21412025247474,61.59531122846471,4.866111759203234
2012-05-11 03:30:00,57.184027684794266,61.77354041569566,4.7700237747068215
2012-05-11 03:35:00,57.09027768451829,62.06376356936078,4.6306090269335005
2012-05-11 03:40:00,56.85879644503797,62.663900345074246,4.385588528138288
2012-05-11 03:45:00,56.85879644503797,61.74037321777587,4.78723073780244
2012-05-11 03:50:00,57.11805566599682,62.4108229147042,4.48381064114658
2012-05-11 03:55:00,57.52430566719269,62.2779961993644,4.5379917927533135
2012-05-11 04:00:00,57.528935453090334,61.80690728912884,4.753003088702511
2012-05-11 04:05:00,58.87268541485725,60.500015665753885,6.5333442653711025
2012-05-11 04:10:00,59.074074425045474,62.78962407996672,4.620731840968219
2012-05-11 04:15:00,59.17592620434355,63.039280605947624,4.482694694271783
2012-05-11 04:20:00,59.378307024727256,63.05712120260716,4.473221478993868
2012-05-11 04:25:00,60.34937187130765,61.312083473230416,5.7074425220661515
2012-05-11 04:30:00,60.88988112297807,62.23615047677975,4.968532714791478
2012-05-11 04:35:00,61.297619162034785,62.455054872176866,4.823473937093706
2012-05-11 04:40:00,61.742063504659654,62.8431169091734,4.590262387733837
2012-05-11 04:45:00,62.23164685349707,62.254027828570095,4.956292062642186
2012-05-11 04:50:00,62.27794296867456,63.52248425884961,4.241943690034985
2012-05-11 04:55:00,62.23627630188523,63.662112987615046,4.177719241561375
2012-05-11 05:00:00,62.70039653318821,62.34339864020026,4.89616556954839
2012-05-11 05:05:00,62.78257242556605,63.92394453685665,4.241694045544204
2012-05-11 05:10:00,62.93303552764769,64.03909826149992,4.17004821425003
2012-05-11 05:15:00,63.37169298419928,64.10493097766599,4.130055397458436
2012-05-11 05:20:00,63.7318121795343,64.34089341187124,3.9924218839399166
2012-05-11 05:25:00,63.98991396105018,64.04418039443959,4.166935927096827
2012-05-11 05:30:00,64.2919973075778,64.15271967214012,4.101463340546679
2012-05-11 05:35:00,64.59490746876254,64.11069520314378,4.126588134739873
2012-05-11 05:40:00,64.63657414961477,64.61418629690773,3.8439085141908973
2012-05-11 05:45:00,65.03587948602708,64.0619439809348,4.156090482767462
2012-05-11 05:50:00,65.33217591132417,64.51852935416927,3.894586753643279
2012-05-11 05:55:00,65.51967592593901,64.48480739266756,3.9127847569909417
2012-05-11 06:00:00,65.92592593943992,64.10745299594619,4.128537589330341
2012-05-11 06:05:00,66.25925957786457,64.77684468775898,4.102709059805485
2012-05-11 06:10:00,66.59837982110461,65.07072713295753,3.9029410407129093
2012-05-11 06:15:00,66.56712982101264,65.77594805465674,3.481620103423957
2012-05-11 06:20:00,66.53587982092064,65.83990688319221,3.447526051815153
2012-05-11 06:25:00,66.75462983562747,65.32587179025897,3.7409631251669726
2012-05-11 06:30:00,66.78587983571947,65.53364537884357,3.617024985784243
2012-05-11 06:35:00,66.73958341115828,65.49329911934204,3.640528722083047
2012-05-11 06:40:00,66.90625007831558,65.4423889124564,3.670573911874302
2012-05-11 06:45:00,66.78587986384525,65.65268164345937,3.549271186915934
2012-05-11 06:50:00,66.51504654377756,65.88205756666042,3.425434187865432
2012-05-11 06:55:00,66.40046319604403,65.62320188043923,3.5658295130978086
2012-05-11 07:00:00,66.37268518380293,65.71109454481756,3.516893764627803
2012-05-11 07:05:00,66.55092564068538,65.89192859307822,3.7063246145617126
2012-05-11 07:10:00,66.48958276352926,66.16408940813216,3.5319183072342217
2012-05-11 07:15:00,66.39583276325328,66.05411898488661,3.6006912862050746
2012-05-11 07:20:00,66.20717562561059,66.12049741867814,3.5589023988057176
2012-05-11 07:25:00,66.18402739926711,66.14235855272925,3.5453239435690005
2012-05-11 07:30:00,66.18402739926711,65.94079883658888,3.6739734758220988
2012-05-11 07:35:00,66.22800895900524,65.72275656513845,3.821763169056046
2012-05-11 07:40:00,66.12152739908312,66.14235855272925,3.5453239435690005
2012-05-11 07:45:00,66.19560180775962,65.72275656513845,3.821763169056046
2012-05-11 07:50:00,66.2268518078516,65.62999214871174,3.887312989018959
2012-05-11 07:55:00,66.34143515558513,65.70382346620595,3.8350141698105733
2012-05-11 08:00:00,66.37847268336994,65.99410271675443,3.6391989489079832
2012-05-11 08:05:00,66.28472271121976,65.95821553368268,4.050247771985
2012-05-11 08:10:00,66.29398225488923,65.71726283942296,4.240748344061779
2012-05-11 08:15:00,66.30439892158657,65.52743298300321,4.400491173581227
2012-05-11 08:20:00,66.35763939216396,65.37847339763384,4.531676681536609
2012-05-11 08:25:00,66.2974542849288,65.77772793887372,4.191643686174312
2012-05-11 08:30:00,66.25694474116733,65.62216721709062,4.319719339857122
2012-05-11 08:35:00,66.32986140804863,65.50340863837583,4.421304622044051
2012-05-11 08:40:00,66.2384262866586,65.59345267237384,4.343981305201068
2012-05-11 08:45:00,66.28472209245244,65.57244149962415,4.361856747953585
2012-05-11 08:50:00,66.3472221066993,65.38122705286928,4.529205184202411
2012-05-11 08:55:00,66.38888877348863,65.64550923011068,4.300139052488939
2012-05-11 09:00:00,66.35879592455028,65.75767951183376,4.207829022223865
2012-05-11 09:05:00,66.17245303296329,65.2602229393979,4.931551185449798
2012-05-11 09:10:00,66.15161969956863,65.2379740632389,4.953363043121017
2012-05-11 09:15:00,66.19328636635792,65.05562601789437,5.137737396770649
2012-05-11 09:20:00,66.12036968541373,65.008822443194,5.186657394799595
2012-05-11 09:25:00,66.07870301862441,65.14777248264161,5.043324527932405
2012-05-11 09:30:00,66.12962922908322,65.0348845573849,5.159338761047434
2012-05-11 09:35:00,66.26504586802274,65.1705051926619,5.020422064721019
2012-05-11 09:40:00,66.34722206451063,64.88967932871107,5.314078997354547
2012-05-11 09:45:00,66.18750006213689,65.17805534940102,5.012848690144238
2012-05-11 09:50:00,66.17013871659312,65.03228479239634,5.162053687073354
2012-05-11 09:55:00,66.05555538292249,65.2379740632389,4.953363043121017
2012-05-11 10:00:00,65.88194405098166,65.19311586488979,4.997795796743912
2012-05-11 10:05:00,66.04745360917399,64.39512494379503,6.04947769380778
2012-05-11 10:10:00,65.98495360899,64.73471439548678,5.650642465872379
2012-05-11 10:15:00,65.80439824509583,64.69047625825122,5.700298628266094
2012-05-11 10:20:00,65.89814825943469,64.39250291724557,6.052712693772302
2012-05-11 10:25:00,65.87037024719358,64.60071501498469,5.803189678268367
2012-05-11 10:30:00,65.79745358031228,64.69047625825122,5.700298628266094
2012-05-11 10:35:00,65.53703692694191,64.99124929640665,5.376582147626739
2012-05-11 10:40:00,65.23611073156793,64.62081027146102,5.779906251263874
2012-05-11 10:45:00,65.1617060136418,64.36883852644795,6.082019989462851
2012-05-11 10:50:00,65.27281735946156,64.53992137820889,5.8744865247899405
2012-05-11 10:55:00,65.4186506932242,64.53226949049603,5.88355045360663
2012-05-11 11:00:00,65.39434534385286,64.35300339864277,6.1017350696681305
2012-05-11 11:05:00,65.30059534357689,64.43386201448452,6.166993534597245
2012-05-11 11:10:00,65.11309532896205,64.27850624531568,6.354806490787868
2012-05-11 11:15:00,65.13740067833336,63.96966050141322,6.754394589805876
2012-05-11 11:20:00,65.02628934657652,64.27850624531568,6.354806490787868
2012-05-11 11:25:00,64.94295602706076,64.21808358767841,6.4302577411449775
2012-05-11 11:30:00,64.72420601235393,64.21048360610654,6.43984194078078
2012-05-11 11:35:00,64.59920601198597,64.11845203520166,6.557576628323596
2012-05-11 11:40:00,64.60383578206286,63.61139850105388,7.260365358476783
2012-05-11 11:45:00,64.50115716789222,63.87839200422039,6.8790325550357885
2012-05-11 11:50:00,64.28819404804797,64.45567111582857,6.141343828829979
2012-05-11 11:55:00,63.94444403297319,64.52052155995689,6.066112606509303
2012-05-11 12:00:00,63.746527367481775,63.97758418267463,6.7437145532334135
2012-05-11 12:05:00,63.54861068616961,64.1249581064533,6.422073136951966
2012-05-11 12:10:00,63.527777352774955,63.749784548145556,6.903659438411014
2012-05-11 12:15:00,63.21527735185504,63.916688941491124,6.68306582051537
2012-05-11 12:20:00,63.118055335602406,63.92453138141503,6.672950662261164
2012-05-11 12:25:00,63.10879642476314,63.92453138141503,6.672950662261164
2012-05-11 12:30:00,63.099537201024496,63.60348441420177,7.105362427313441
2012-05-11 12:35:00,63.13078720111648,63.72560373976173,6.936460913198864
2012-05-11 12:40:00,63.08449076425028,63.51546100006832,7.230460474176994
2012-05-11 12:45:00,63.126157429281754,63.52927633068824,7.210638487853028
2012-05-11 12:50:00,63.09838007799666,63.88259339218413,6.727303296794925
2012-05-11 12:55:00,63.087963411299334,63.65257073759145,7.036820361058825
2012-05-11 13:00:00,63.27314853120749,63.404139835873046,7.3926810449554905
2012-05-11 13:05:00,63.096065197352864,63.75561609972741,6.449737352256428
2012-05-11 13:10:00,63.18981519762883,63.77991646380289,6.419440478854792
2012-05-11 13:15:00,63.51504675819489,63.25501336262718,7.125043869076745
2012-05-11 13:20:00,63.593750319938785,63.77991646380289,6.419440478854792
2012-05-11 13:25:00,63.44328721434143,63.981916228984666,6.1762468343418755
2012-05-11 13:30:00,63.41087977304861,63.66038607831899,6.570638609722526
2012-05-11 13:35:00,62.67939822534958,63.876328365963694,6.30145465615445
2012-05-11 13:40:00,62.825231557354336,63.483449016138536,6.804612114794396
2012-05-11 13:45:00,62.51273157049732,63.70678171659594,6.511299807436391
2012-05-11 13:50:00,62.47569435912764,63.897579191518126,6.275921025512631
2012-05-11 13:55:00,61.91319434340892,63.70678171659594,6.511299807436391
2012-05-11 14:00:00,60.44675926015995,63.91876137608789,6.2506383893993975
2012-05-11 14:05:00,59.37037022278593,63.54919435251398,6.251482697417508
2012-05-11 14:10:00,57.5057869261525,64.21345945506407,5.488125843053553
2012-05-11 14:15:00,55.33912015466756,64.24229830169917,5.458845435615955
2012-05-11 14:20:00,52.24999984708075,64.17922054158622,5.523281502515503
2012-05-11 14:25:00,49.13541643426455,63.85022191850007,5.883573741758766
2012-05-11 14:30:00,46.038194280856914,63.800610103441954,5.941592235197366
2012-05-11 14:35:00,43.788194217982,62.31496665241935,8.223912118747384
2012-05-11 14:40:00,40.38194413764055,64.04600934409305,5.664169169659903
2012-05-11 14:45:00,38.600694048019726,63.16482856345687,6.78038669891144
2012-05-11 14:50:00,35.52132881125986,64.0298674694168,5.681695051061172
2012-05-11 14:55:00,32.656745413242476,62.54824358193037,7.787507476257787
2012-05-11 15:00:00,30.465773222071743,60.24133308320825,12.085764280725739
2012-05-11 15:05:00,27.854662178276403,60.53770850681127,9.294028978919485
2012-05-11 15:10:00,26.833828729434888,56.38388748681419,12.828666177915679
2012-05-11 15:15:00,25.966930528733453,53.66839599193397,15.001020560232968
2012-05-11 15:20:00,25.259754625726515,47.542750627707214,20.490712812775598
2012-05-11 15:25:00,24.895171291319954,46.87469381389991,21.145122825682293
2012-05-11 15:30:00,24.37781002868169,46.86169418737211,21.15790104601008
2012-05-11 15:35:00,23.74470822496757,47.85386712113483,20.18813862730774
2012-05-11 15:40:00,23.912532324536368,46.1540391896991,21.853297306652355
2012-05-11 15:45:00,22.350032319936833,53.09921485006154,15.469856064007146
2012-05-11 15:50:00,22.11342514423944,47.31214015118504,20.71602140957953
2012-05-11 15:55:00,22.002314107803347,45.92801912297191,22.074539927096982
2012-05-11 16:00:00,21.724536179203678,45.53076667373398,22.460671327412815
2012-05-11 16:05:00,21.922452846452952,43.877891538364764,23.43408481085571
2012-05-11 16:10:00,21.234952844429156,46.947757578650396,20.076448199646993
2012-05-11 16:15:00,20.745369509654633,46.39117153010267,20.685327737566364
2012-05-11 16:20:00,20.88425847395447,44.17274114502167,23.124399076243545
2012-05-11 16:25:00,20.83217514046782,44.549041682544406,22.719559864553926
2012-05-11 16:30:00,20.812499239484676,44.21224673879459,23.082346973660886
2012-05-11 16:35:00,20.53124923865676,44.47825402528164,22.79637071548385
2012-05-11 16:40:00,20.23842513872,45.40070909423892,21.78179435435921
2012-05-11 16:45:00,19.894675137708102,44.23341105645778,23.05976489129611
2012-05-11 16:50:00,19.627314100812058,45.15612668271143,22.052773042560144
2012-05-11 16:55:00,19.738425137248147,44.48603193058588,22.78793714181896
2012-05-11 17:00:00,19.780091804037465,43.877891538364764,23.43408481085571
2012-05-11 17:05:00,19.69675847045883,43.831117678558996,22.704737236976715
2012-05-11 17:10:00,19.43981410026011,44.2149462518889,22.216909851373945
2012-05-11 17:15:00,18.877314323610584,44.34978622780513,22.0440303102379
2012-05-11 17:20:00,18.716434593504577,44.01413622861714,22.473090662690755
2012-05-11 17:25:00,18.664351260017924,43.98518736796382,22.509872555192022
2012-05-11 17:30:00,18.525462295718086,43.759892721550536,22.794284907075077
2012-05-11 17:35:00,18.744212296362022,43.53609312950319,23.072867795715997
2012-05-11 17:40:00,19.06481409915623,44.150114848918776,22.299809710314022
2012-05-11 17:45:00,19.200230991227823,43.27966289870189,23.385650967065516
2012-05-11 17:50:00,19.019675360138663,44.03213088252042,22.450217647179
2012-05-11 17:55:00,19.36342536115056,44.25911363870574,22.160341579795826
2012-05-11 18:00:00,19.68286995653955,43.56868360463242,23.032597068017083
2012-05-11 18:05:00,21.89120340887671,43.63796304466067,21.330447915330332
2012-05-11 18:10:00,25.79861096529021,43.67750261438502,21.26876446301209
2012-05-11 18:15:00,30.090277503961318,43.31502162635035,21.83408638118989
2012-05-11 18:20:00,34.236110905750316,43.67180421731313,21.277654911970835
2012-05-11 18:25:00,38.225694335205155,43.83147768864035,21.028718741025273
2012-05-11 18:30:00,42.415509296732296,43.48912227668104,21.56268018101737
2012-05-11 18:35:00,46.46296296859927,43.84999930730018,20.999876195849104
2012-05-11 18:40:00,49.96527792810261,44.81920303535753,19.512658461874754
2012-05-11 18:45:00,54.30092602651187,43.4314068104781,21.652704864473506
2012-05-11 18:50:00,58.478009428392845,43.65481342902103,21.304157279115127
2012-05-11 18:55:00,61.91550952288919,45.02432856697624,19.206296520338576
2012-05-11 19:00:00,65.87847214750813,44.07843222909441,20.64492819376022
2012-05-11 19:05:00,67.81597209695998,57.03548143336274,6.471706236199849
2012-05-11 19:10:00,67.91550900616143,65.1720831477868,3.0549503022885722
2012-05-11 19:15:00,67.87615720419514,65.39988035646668,3.017654650088026
2012-05-11 19:20:00,67.67824056507165,65.55143302695008,2.996201410271661
2012-05-11 19:25:00,67.5057869889889,65.45041446532049,3.010276440351435
2012-05-11 19:30:00,67.41203698871293,65.43356876390376,3.0127078162496175
2012-05-11 19:35:00,67.01388906361775,65.56077876209568,2.9949368748609473
2012-05-11 19:40:00,66.95138906343378,65.39988035646668,3.017654650088026
2012-05-11 19:45:00,66.80324083672234,65.60560720336149,2.9889473055728764
2012-05-11 19:50:00,66.48263907611683,65.58506732037179,2.991676744505201
2012-05-11 19:55:00,66.38888907584085,65.41672493285189,3.0151660522749624
2012-05-11 20:00:00,66.27314861914236,65.62053774958572,2.9869761941259534
2012-05-11 20:05:00,66.10532482895722,65.24741622764729,2.90851161719933
2012-05-11 20:10:00,66.13541767789557,65.0520704542656,2.9271802493509838
2012-05-11 20:15:00,66.23726945192006,65.05602422279526,2.926783858563374
2012-05-11 20:20:00,65.99768610381857,64.94524246901756,2.9383120985755298
2012-05-11 20:25:00,65.9884265601491,64.88196500174969,2.9453382156399894
2012-05-11 20:30:00,65.87384321241557,64.9986582054404,2.932642994511428
2012-05-11 20:35:00,66.19791731947576,64.61465218651651,2.980059612941321
2012-05-11 20:40:00,65.88541730449298,65.01646481032778,2.930800544479904
2012-05-11 20:45:00,65.82986195502964,65.08765823832832,2.9236411533708786
2012-05-11 20:50:00,65.93171374311704,64.77146525118143,2.9585757300793603
2012-05-11 20:55:00,65.77546372859418,64.98085273964746,2.9345085780032574
2012-05-11 21:00:00,65.6226857159851,65.15875806370772,2.9167736235598283
2012-05-11 21:05:00,65.37384285233993,64.66851972152857,2.915207776586504
2012-05-11 21:10:00,65.20717619924552,64.82359949234363,2.9007577735063825
2012-05-11 21:15:00,65.20717619924552,64.96003739269398,2.8887880008175126
2012-05-11 21:20:00,65.33217619961349,64.20045489246054,2.9682975070052318
2012-05-11 21:25:00,65.01736163270705,64.5644055794636,2.9255954034081317
2012-05-11 21:30:00,65.10069498034859,64.49476902631015,2.932924139884326
2012-05-11 21:35:00,64.52314854016069,64.89200164686783,2.8946872722644783
2012-05-11 21:40:00,64.46990776547322,64.14179074344169,2.976402065206718
2012-05-11 21:45:00,64.31712976692704,64.70310823854635,2.9118884133220617
2012-05-11 21:50:00,64.27546310013771,64.65120190064108,2.916892637830078
2012-05-11 21:55:00,64.45717620582707,64.39665552103067,2.9438557335011257
2012-05-11 22:00:00,64.08912086950674,64.59916107928241,2.9220568840066723
2012-05-11 22:05:00,64.03703753777795,63.79359000178031,3.0798522136778925
2012-05-11 22:10:00,64.06481488906304,64.13379531329612,3.035778851369013
2012-05-11 22:15:00,63.762731568903355,64.62030968869324,2.9822049917682434
2012-05-11 22:20:00,63.91898158342621,64.0506972378679,3.0458941080634756
2012-05-11 22:25:00,64.05092592161544,63.54479031121911,3.117623332317898
2012-05-11 22:30:00,63.578703580812366,64.28504018922284,3.0182286692872538
2012-05-11 22:35:00,63.53703691402305,63.36955749598135,3.148003443987953
2012-05-11 22:40:00,63.265872984111375,63.62030663058585,3.1055572006806944
2012-05-11 22:45:00,63.16170631713806,64.02929984180281,3.048560165533433
2012-05-11 22:50:00,63.018187862261364,64.20009385578796,3.027959910540653
2012-05-11 22:55:00,62.69064142456725,64.37895943642573,3.0077995147402263
2012-05-11 23:00:00,62.79943786337529,63.47435887760353,3.12941089209177
2012-05-11 23:05:00,63.03902120971892,63.20352898185047,3.2893630337225743
2012-05-11 23:10:00,62.96031764797502,63.73346579390678,3.2083089436569607
2012-05-11 23:15:00,62.956845631998355,63.5403638044514,3.2363809969445856
2012-05-11 23:20:00,62.727678950594196,63.92369644983135,3.181789279153289
2012-05-11 23:25:00,62.82142895087017,63.337748221634286,3.267524526867598
2012-05-11 23:30:00,62.97883639297041,62.82372770313262,3.3582031630113334
2012-05-11 23:35:00,63.41633640832117,62.78810355066867,3.365323051451668
2012-05-11 23:40:00,63.97453755209633,62.57591779683125,3.4107609785348774
2012-05-11 23:45:00,63.87037088688089,63.337748221634286,3.267524526867598
2012-05-11 23:50:00,63.97222266090537,63.432668103498514,3.252687695767653
2012-05-11 23:55:00,63.84722265877954,63.22582993290526,3.285658797180547
2012-05-12 00:00:00,64.1550929019276,63.21343683898715,3.2877130906443113
2012-05-12 00:05:00,64.04050955419407,64.24846756664425,3.52495146526714
2012-05-12 00:10:00,63.82291699650883,64.07641111261957,3.5729465889593826
2012-05-12 00:15:00,63.97222236031101,64.04352025407873,3.5821690769036922
2012-05-12 00:20:00,64.04861104316899,63.928152625789274,3.614659677361145
2012-05-12 00:25:00,64.19328723984087,64.05174488126748,3.579860554445768
2012-05-12 00:30:00,64.3310187906262,63.62488250638009,3.7014862056345206
2012-05-12 00:35:00,64.03125032825811,64.24846756664425,3.52495146526714
2012-05-12 00:40:00,63.87037055596341,64.28382328483343,3.5151300527386784
2012-05-12 00:45:00,64.08333365998689,63.580725083123504,3.71434573761427
2012-05-12 00:50:00,64.25000034120707,64.17486834314934,3.545436207650226
2012-05-12 00:55:00,64.45833367515367,63.407041471424236,3.765605955863771
2012-05-12 01:00:00,64.15972265574426,64.41925353665414,3.4776085785894533
2012-05-12 01:05:00,64.47222267072705,63.77498407607214,3.9808112775587614
2012-05-12 01:10:00,64.8703705641807,63.35025497889155,4.1287716521347875
2012-05-12 01:15:00,64.82870389739138,64.20282112903463,3.8351353638293624
2012-05-12 01:20:00,64.34606522740042,63.90941124628798,3.934766972557684
2012-05-12 01:25:00,64.00347236523714,64.20003444006163,3.836077254267567
2012-05-12 01:30:00,63.88425926236855,63.74977672566087,3.9894795468583175
2012-05-12 01:35:00,63.55902772289685,63.328010054405674,4.136655057268338
2012-05-12 01:40:00,63.75694440420901,63.69937030085135,4.0068494567044235
2012-05-12 01:45:00,63.460647964849024,63.88701189716527,3.9424186493271574
2012-05-12 01:50:00,62.877314615735635,64.37795346138046,3.776083388325221
2012-05-12 01:55:00,63.168981297323775,63.69937030085135,4.0068494567044235
2012-05-12 02:00:00,62.98379586275836,63.50636788371554,4.073864728641806
2012-05-12 02:05:00,62.245369959659435,64.47049690755686,3.9463903339835187
2012-05-12 02:10:00,61.60648130327141,64.24823083188998,4.034852784630037
2012-05-12 02:15:00,61.498842606258556,64.03394702350009,4.121091399565109
2012-05-12 02:20:00,62.009259260364836,62.67784662408767,4.694678389814256
2012-05-12 02:25:00,61.86342592484434,63.29321755862902,4.427184964835958
2012-05-12 02:30:00,60.961805677311666,63.38302100112411,4.389322142065468
2012-05-12 02:35:00,60.948412908524716,62.48905540729975,4.780614427526275
2012-05-12 02:40:00,60.115079544612506,64.11111512818417,4.0899279706473655
2012-05-12 02:45:00,60.06299621112586,63.092895602149554,4.512577556079877
2012-05-12 02:50:00,60.28521854064585,62.895517291479756,4.598180556340867
2012-05-12 02:55:00,59.61739441147942,64.3423809918091,3.997259322527437
2012-05-12 03:00:00,59.25892891401531,62.98283328404551,4.5601132309687005
2012-05-12 03:05:00,59.57771203658424,62.8817571375026,5.138031395628482
2012-05-12 03:10:00,59.29646200763054,62.90300904589984,5.126505194735927
2012-05-12 03:15:00,58.76868403610626,63.96431854947909,4.573209807086383
2012-05-12 03:20:00,57.747850685705004,64.1005762549397,4.504607861029956
2012-05-12 03:25:00,57.699239677578674,63.14507570152953,4.99678582783681
2012-05-12 03:30:00,58.60548969606716,61.62343045924533,5.9034095659702315
2012-05-12 03:35:00,58.80522500486875,62.66007166334817,5.259896270703707
2012-05-12 03:40:00,59.25314168691685,62.34747873658389,5.438221723716314
2012-05-12 03:45:00,59.69064170226761,63.16956298958943,4.983806480001864
2012-05-12 03:50:00,59.81216937375953,63.62591562632611,4.7457645797529535
2012-05-12 03:55:00,60.032076824393585,62.92430496939682,5.114979190723887
2012-05-12 04:00:00,60.58498698016175,62.372980934021264,5.423319387657037
2012-05-12 04:05:00,60.45254641167036,64.13447036735586,5.060098185144182
2012-05-12 04:10:00,61.14120387423146,62.70581883434503,6.015001440871213
2012-05-12 04:15:00,61.53406109609322,63.17824012114888,5.681660343839268
2012-05-12 04:20:00,62.36739444594252,62.15326820700409,6.4421086823812175
2012-05-12 04:25:00,62.52480189287689,63.51469726540025,5.45654648998871
2012-05-12 04:30:00,62.85350545359884,64.0908394377489,5.087388468102437
2012-05-12 04:35:00,63.29216291542402,63.60484147642225,5.397576332400713
2012-05-12 04:40:00,63.29216291542401,63.86178149063962,5.232087713857258
2012-05-12 04:45:00,63.184524218411156,64.72504812480274,4.698509740853364
2012-05-12 04:50:00,62.98892243707926,64.42137552888867,4.882661141384651
2012-05-12 04:55:00,63.09308910053684,63.93812074945733,5.183586424428384
2012-05-12 05:00:00,63.2782742151714,64.1473955027352,5.052029459196105
2012-05-12 05:05:00,63.55952421599932,64.63952398221876,5.0656934449529265
2012-05-12 05:10:00,63.55836676952492,65.2130216941866,4.688872664736865
2012-05-12 05:15:00,63.67592620176945,64.97289191828354,4.842905706240441
2012-05-12 05:20:00,63.76157442829691,64.98027285622152,4.838093383981252
2012-05-12 05:25:00,63.95486132371144,64.73077054129726,5.003617244136575
2012-05-12 05:30:00,63.67824109471827,65.71617161511547,4.381469000279381
2012-05-12 05:35:00,63.782407761691566,65.50889942494652,4.505745717893298
2012-05-12 05:40:00,64.27893576124964,64.69258781581856,5.029490831173176
2012-05-12 05:45:00,64.4178244583545,65.30245162973804,4.63277699076787
2012-05-12 05:50:00,64.80671313510094,64.77759852918128,4.972088067476819
2012-05-12 05:55:00,65.01504648311042,65.03180014288723,4.804640740958776
2012-05-12 06:00:00,64.92245392930887,65.43509128310129,4.550777691421112
2012-05-12 06:05:00,65.04745394373973,66.0408305065201,4.542381946940553
2012-05-12 06:10:00,65.13078727731836,65.91332026554551,4.627823420803329
2012-05-12 06:15:00,65.35185215684822,65.96467726463017,4.5931458434790855
2012-05-12 06:20:00,65.50578727842226,65.89322285744643,4.641491850434593
2012-05-12 06:25:00,65.80324084081009,65.91332026554551,4.627823420803329
2012-05-12 06:30:00,66.07407418900357,65.75643155657484,4.736016969291167
2012-05-12 06:35:00,66.09490752239823,66.45273694111278,4.280858937588968
2012-05-12 06:40:00,66.05786999461343,66.58278990797865,4.20261000107591
2012-05-12 06:45:00,66.14120332819208,66.335010325671,4.353427027521599
2012-05-12 06:50:00,66.21874978097101,66.41901642808914,4.301474380507053
2012-05-12 06:55:00,66.37499978143097,66.23879107812384,4.414009355255106
2012-05-12 07:00:00,66.57175901626874,65.91618745052263,4.625878944477268
2012-05-12 07:05:00,66.81249947333518,66.27445491431622,5.251024862903175
2012-05-12 07:10:00,67.0937494601002,66.03428766080116,5.463961347626551
2012-05-12 07:15:00,67.12268459536915,66.434142082902,5.114406352807739
2012-05-12 07:20:00,67.20948991679869,66.1956072782253,5.319937683289999
2012-05-12 07:25:00,67.24652682581616,66.56690395687527,5.0037685608738895
2012-05-12 07:30:00,67.12003845095683,66.35209392906218,5.184114795474329
2012-05-12 07:35:00,67.09341820863669,66.45373785351626,5.097907090779835
2012-05-12 07:40:00,67.09341820863666,66.45652928168447,5.095563509527661
2012-05-12 07:45:00,67.15591820882067,66.47881528388314,5.076880926985356
2012-05-12 07:50:00,67.18022353006619,66.55325184020082,5.015022194758766
2012-05-12 07:55:00,67.30522350230838,66.55325184020082,5.015022194758766
2012-05-12 08:00:00,67.46031637974049,66.32634766746605,5.206198826392202
2012-05-12 08:05:00,67.46957589528417,66.49238755144657,5.8366433619449865
2012-05-12 08:10:00,67.27281637918853,66.36834011525322,5.961809416962968
2012-05-12 08:15:00,67.35614968464138,66.14241570432966,6.196346365937926
2012-05-12 08:20:00,67.37466815321301,66.04761244955948,6.297377907618491
2012-05-12 08:25:00,67.36309436348783,66.29686495123822,6.035076362403109
2012-05-12 08:30:00,67.50462916281634,65.65773407556735,6.729690979282062
2012-05-12 08:35:00,67.59722139317134,66.02439075865877,6.322363535414618
2012-05-12 08:40:00,67.74189757578033,66.09377690792519,6.2479828650368985
2012-05-12 08:45:00,67.67939757559634,66.2691134897406,6.063754259218637
2012-05-12 08:50:00,67.74421249685493,66.25239220274536,6.081096704233147
2012-05-12 08:55:00,67.66087919140207,66.48972569878185,5.8393052989870595
2012-05-12 09:00:00,67.67939760372214,66.34096753624041,5.989768024886288
2012-05-12 09:05:00,67.61689760353816,66.02316008669634,7.085883631849829
2012-05-12 09:10:00,67.76157381427295,65.38986518538742,7.873599949600462
2012-05-12 09:15:00,67.81365714775959,65.85097311495427,7.293060292781186
2012-05-12 09:20:00,67.84143513187492,65.59982511800858,7.604402383151187
2012-05-12 09:25:00,67.85185179857223,65.77576239633275,7.385124630228636
2012-05-12 09:30:00,67.89814822313339,65.53051319269564,7.6923515241110225
2012-05-12 09:35:00,67.87830736440594,65.75893276880366,7.405860226511369
2012-05-12 09:40:00,67.71511271322534,65.94993195484308,7.173398454397471
2012-05-12 09:45:00,67.85052935216483,65.62278087958747,7.575472648033446
2012-05-12 09:50:00,67.82539744214738,65.91437103090753,7.216210093874398
2012-05-12 09:55:00,67.7628974419634,65.80092715727012,7.354209777021744
2012-05-12 10:00:00,67.66104566793891,65.89239072789435,7.2427791472611025
2012-05-12 10:05:00,67.54761948542192,65.46119839855237,8.37027244539236
2012-05-12 10:10:00,67.48511948523795,65.33536795617957,8.539625519026933
2012-05-12 10:15:00,67.32886951290378,65.56044448710999,8.238360054582117
2012-05-12 10:20:00,67.26868440566861,65.25323505934169,8.651519071125763
2012-05-12 10:25:00,67.18650819511782,65.3859362941169,8.471272148681356
2012-05-12 10:30:00,67.09391534599548,65.23043474899089,8.682778774614476
2012-05-12 10:35:00,66.91236754962279,65.29541450142773,8.593917148727376
2012-05-12 10:40:00,66.89847889507458,65.13860748380716,8.809569093866639
2012-05-12 10:45:00,66.91931222846925,65.53575105812128,8.271050376257351
2012-05-12 10:50:00,66.76851854642725,65.43976702653588,8.398947220245462
2012-05-12 10:55:00,66.76851854642725,65.23328615540117,8.678861752426327
2012-05-12 11:00:00,66.83333282079273,65.23043474899089,8.682778774614476
2012-05-12 11:05:00,66.84259236446219,64.95860569166462,9.44395582418748
2012-05-12 11:10:00,66.81597212214206,64.9556831410746,9.448242278595822
2012-05-12 11:15:00,66.81597212214204,64.9556831410746,9.448242278595822
2012-05-12 11:20:00,66.73263878856342,64.87639363479752,9.565036833562159
2012-05-12 11:25:00,66.75115784777658,64.95860569166462,9.44395582418748
2012-05-12 11:30:00,66.74074118107926,64.76963032479809,9.723664025590475
2012-05-12 11:35:00,66.85879650260077,64.6072853677239,9.96805647554847
2012-05-12 11:40:00,66.78587983571946,64.87639363479752,9.565036833562159
2012-05-12 11:45:00,66.55555604535034,65.36694199347055,8.85438728328287
2012-05-12 11:50:00,66.590278061419,64.84093791537053,9.617540956957166
2012-05-12 11:55:00,66.4131947135015,65.00816442633008,9.37138707329884
2012-05-12 12:00:00,66.2245375899217,65.16663237014897,9.141337396855722
2012-05-12 12:05:00,66.18287092313237,64.96576536403154,9.44236525464685
2012-05-12 12:10:00,66.07407449838723,64.86890798455231,9.589938590259647
2012-05-12 12:15:00,66.06597269651293,64.93863217765995,9.483632591503758
2012-05-12 12:20:00,66.13541734741757,64.63467434407087,9.950059205946944
2012-05-12 12:25:00,66.04282449829525,64.98981295462237,9.405829912799733
2012-05-12 12:30:00,65.98032448404837,64.71855309292273,9.820533260089185
2012-05-12 12:35:00,66.02893582968414,64.89322029505607,9.552829932357993
2012-05-12 12:40:00,66.11226916326278,64.66271531836317,9.906683391296452
2012-05-12 12:45:00,66.09375010404962,64.7709937926667,9.739883801666949
2012-05-12 12:50:00,66.07291677065494,64.91141336232798,9.525090649326414
2012-05-12 12:55:00,65.94328699845225,64.52173217823277,10.125574302136288
2012-05-12 13:00:00,66.01620366533355,64.66271531836317,9.906683391296452
2012-05-12 13:05:00,66.03703699872823,65.00246356825177,8.900548816566683
2012-05-12 13:10:00,66.08101853034056,64.71609287402937,9.330280447192306
2012-05-12 13:15:00,66.05787033212287,65.06478907604945,8.80753498065548
2012-05-12 13:20:00,65.92824055992018,64.96483541299017,8.956777947397864
2012-05-12 13:25:00,65.95949056001217,64.8890605051322,9.07021090822967
2012-05-12 13:30:00,66.15740724132432,64.68693996078697,9.374296714152349
2012-05-12 13:35:00,66.08449057444301,65.16961886471711,8.651385895521452
2012-05-12 13:40:00,66.16782390802165,65.03056951311346,8.858584522692928
2012-05-12 13:45:00,66.26041678526978,64.86364964355327,9.108313165830042
2012-05-12 13:50:00,66.1724536657935,65.00246356825177,8.900548816566683
2012-05-12 13:55:00,66.4791667859137,64.28654227503567,9.985497107687507
2012-05-12 14:00:00,66.55208345279503,65.00246356825177,8.900548816566683
2012-05-12 14:05:00,66.38773166452367,65.34919576058631,7.553159335695018
2012-05-12 14:10:00,66.39583346639797,65.12519197532093,7.866628410626849
2012-05-12 14:15:00,66.32638878736753,65.29226300692662,7.632671556021241
2012-05-12 14:20:00,66.34490722781338,64.88767249751389,8.201332905212938
2012-05-12 14:25:00,66.37847209272839,65.26362292523253,7.67271058348187
2012-05-12 14:30:00,66.3129959904548,65.5171543998601,7.319038479621885
2012-05-12 14:35:00,66.32804241492397,65.26362292523253,7.67271058348187
2012-05-12 14:40:00,66.30720908152932,65.54473010331098,7.280655892296458
2012-05-12 14:45:00,66.23313526349436,65.40565619789476,7.474384545394007
2012-05-12 14:50:00,66.43419332808702,65.0468004691905,7.97678862668717
2012-05-12 14:55:00,66.37748020870274,65.43370909752102,7.435277437779878
2012-05-12 15:00:00,65.90873019677569,65.48945882430247,7.357603856440959
2012-05-12 15:05:00,66.19808195728922,65.18187449384833,6.763422151979189
2012-05-12 15:10:00,66.31960994168051,65.43900739120134,6.444610583691817
2012-05-12 15:15:00,66.52331416474841,65.39088319826978,6.5039291072850896
2012-05-12 15:20:00,66.75248084615255,65.23467178639041,6.697567054717614
2012-05-12 15:25:00,66.64599931435623,65.6435881685028,6.19401125054782
2012-05-12 15:30:00,66.68832719028636,65.62941609039291,6.211295559559351
2012-05-12 15:35:00,66.58994743223855,65.59383725033065,6.2547337431438566
2012-05-12 15:40:00,66.57953076554121,65.77528889869843,6.033895684028141
2012-05-12 15:45:00,66.6015212500895,65.49314160086855,6.378060273212227
2012-05-12 15:50:00,66.49884297167047,65.87944439973406,5.9078745206896075
2012-05-12 15:55:00,66.44097275738412,65.56881176829349,6.285329101466452
2012-05-12 16:00:00,66.87847276921914,64.43194602254987,7.729519077411922
2012-05-12 16:05:00,66.80555613046364,66.2204089633705,4.646525621082489
2012-05-12 16:10:00,66.77777814634831,66.03047484465608,4.8343802596903425
2012-05-12 16:15:00,66.66435193570554,66.19209999251099,4.674302072342388
2012-05-12 16:20:00,66.50925905827343,66.1177095343592,4.747663421988626
2012-05-12 16:25:00,66.59722214962392,65.62965849249338,5.242757625146182
2012-05-12 16:30:00,66.56828704248075,66.00696283937572,4.857881352165111
2012-05-12 16:35:00,66.6203703759674,65.60137846306931,5.272223339335414
2012-05-12 16:40:00,66.4537037088101,66.01284970735037,4.851991530982779
2012-05-12 16:45:00,66.54745370908607,65.82430638070721,5.0423412222719515
2012-05-12 16:50:00,66.61574059006976,65.87881736342518,4.986937639558549
2012-05-12 16:55:00,66.75115725713506,65.68587035409097,5.184456706611347
2012-05-12 17:00:00,66.71412034811756,65.9596279263588,4.905360789541617
2012-05-12 17:05:00,66.53703701426296,65.96299365498415,4.163596805466594
2012-05-12 17:10:00,66.41666677166684,65.88539990869333,4.224755810286258
2012-05-12 17:15:00,66.35416677148287,65.83317234616784,4.26633109639165
2012-05-12 17:20:00,66.41898163648987,65.65044782309333,4.414473782322932
2012-05-12 17:25:00,66.41435187871804,65.79228659187136,4.299110633065167
2012-05-12 17:30:00,66.39351854532337,65.85933478504315,4.245462352630395
2012-05-12 17:35:00,66.49537031934786,65.67425874924436,4.394926528692291
2012-05-12 17:40:00,66.43882250928023,65.51235539516135,4.5293591869524406
2012-05-12 17:45:00,66.23048916127071,65.988652023494,4.143530462299917
2012-05-12 17:50:00,66.1830356136817,65.9772597294762,4.152430192768567
2012-05-12 17:55:00,66.2142856137737,65.96299365498415,4.163596805466594
2012-05-12 18:00:00,66.32539631270033,65.79228659187136,4.299110633065167
2012-05-12 18:05:00,66.57539628531048,65.30996525107906,3.958480766301214
2012-05-12 18:10:00,66.77909983335944,65.37418905265955,3.917996240427818
2012-05-12 18:15:00,66.85201650024075,65.46718275050682,3.860249076462241
2012-05-12 18:20:00,66.77562784550855,65.60547468871317,3.776181392632131
2012-05-12 18:25:00,66.80687784560054,65.57105488423232,3.7969093808893173
2012-05-12 18:30:00,66.91104451257384,65.59688015116583,3.7813453575508493
2012-05-12 18:35:00,66.87400760355636,65.71937313132985,3.708477137338688
2012-05-12 18:40:00,67.14120361239365,65.16675042814245,4.050658633490331
2012-05-12 18:45:00,67.47453693264532,65.25728008198924,3.9920775680480585
2012-05-12 18:50:00,67.5682869047955,65.64834279070872,3.7505409402489884
2012-05-12 18:55:00,67.63078687685369,65.82624935230365,3.646145877817441
2012-05-12 19:00:00,67.63078687685369,65.85413809577055,3.630065493144336
2012-05-12 19:05:00,67.48495357121685,65.75341153606789,3.2768247123001664
2012-05-12 19:10:00,67.3368053726312,65.70571551606393,3.297129238699174
2012-05-12 19:15:00,67.35763870602587,65.48791010593379,3.391806757135885
2012-05-12 19:20:00,67.47222203969649,65.26584767503206,3.4919353625940786
2012-05-12 19:25:00,67.32523156884314,65.48791010593379,3.391806757135885
2012-05-12 19:30:00,67.27314823535646,65.68176528288689,3.307381060155352
2012-05-12 19:35:00,67.23611135446478,65.46886842739825,3.400244226222356
2012-05-12 19:40:00,67.26504646160798,65.66309163028215,3.3154002003398833
2012-05-12 19:45:00,67.02546315569516,65.89476152084603,3.217511068531044
2012-05-12 19:50:00,66.8125000639767,65.70571551606393,3.297129238699174
2012-05-12 19:55:00,66.6770834250372,65.80082455439695,3.256789349688537
2012-05-12 20:00:00,66.49884296815473,65.68442885122464,3.3062386328515245
2012-05-12 20:05:00,66.46759296806275,65.25578042905705,3.176144447643891
2012-05-12 20:10:00,66.60532452807685,65.20385824227047,3.193585586047107
2012-05-12 20:15:00,66.5023149841314,65.3717818930645,3.1376454476835662
2012-05-12 20:20:00,66.46064831734208,65.3717818930645,3.1376454476835662
2012-05-12 20:25:00,66.57175900220582,64.99429990370763,3.2654327557918497
2012-05-12 20:30:00,66.61342566899515,65.39483650272393,3.130066869836078
2012-05-12 20:35:00,66.51157388090776,65.22465196049329,3.1865848806317474
2012-05-12 20:40:00,66.33449057517893,65.5547029591428,3.0781393532127574
2012-05-12 20:45:00,66.28703699946414,65.185636641387,3.1997393818090027
2012-05-12 20:50:00,66.32291678545376,65.05744489851587,3.243525003247791
2012-05-12 20:55:00,66.23958345187513,65.3255243383418,3.1529234317620936
2012-05-12 21:00:00,65.9895834370763,65.11513218267963,3.2237101468109834
2012-05-12 21:05:00,65.95138875813785,65.00581357456181,3.0421582159475
2012-05-12 21:10:00,65.82638875776989,65.3201583880794,2.961914879835383
2012-05-12 21:15:00,65.9560185159097,64.9627184974603,3.0533589733516777
2012-05-12 21:20:00,65.95023160698422,65.09656917692332,3.0187424430494314
2012-05-12 21:25:00,66.02777805976315,65.06387827866946,3.027151364461483
2012-05-12 21:30:00,65.70486137808304,65.2980263183163,2.967492223517423
2012-05-12 21:35:00,65.85185184893642,64.8197822745128,3.0909297660694683
2012-05-12 21:40:00,65.98148160707623,64.9830175955823,3.0480761488545416
2012-05-12 21:45:00,66.09143518297502,64.90163742919809,3.0693316503211503
2012-05-12 21:50:00,66.11226851636967,64.96017939979558,3.0540203512472055
2012-05-12 21:55:00,66.10416671449536,64.96017939979558,3.0540203512472055
2012-05-12 22:00:00,66.52083339645147,64.3793050742296,3.2119576177055738
2012-05-12 22:05:00,66.64120425781489,64.72986489093638,3.0522725304280782
2012-05-12 22:10:00,66.44328757650273,64.85974456076194,3.0226650903951042
2012-05-12 22:15:00,66.33333402872974,65.05304969574973,2.979016539982208
2012-05-12 22:20:00,66.28703760416857,64.89262376116385,3.0152099003778385
2012-05-12 22:25:00,66.24537093737925,65.04060531445795,2.981814437081562
2012-05-12 22:30:00,66.41319474162728,64.39582991666133,3.130015990286301
2012-05-12 22:35:00,66.36408748210447,64.95055761004465,3.0021071084610944
2012-05-12 22:40:00,66.49371726837005,65.07292898836596,2.9745481398538502
2012-05-12 22:45:00,66.33746725384721,64.95055761004465,3.0021071084610944
2012-05-12 22:50:00,66.30621725375521,64.81406351437069,3.0330480342730954
2012-05-12 22:55:00,66.41848572260281,64.75032908743162,3.047588883647181
2012-05-12 23:00:00,66.48098569466102,65.10761797069708,2.966760488964202
2012-05-12 23:05:00,66.52728150045486,64.77594446567512,3.1041337826958006
2012-05-12 23:10:00,66.42311483348156,64.18433949118187,3.2412946704794083
2012-05-12 23:15:00,66.60019813921038,64.59095691360413,3.1465864668084205
2012-05-12 23:20:00,66.76686477824188,64.56732177362562,3.1520302551880195
2012-05-12 23:25:00,66.72519811145254,64.731896824399,3.1142224042694022
2012-05-12 23:30:00,66.78654098860868,64.54627950781776,3.156881447285679
2012-05-12 23:35:00,66.70023158106622,64.62128534413945,3.139608810476004
2012-05-12 23:40:00,66.36689823268875,65.14213911239065,3.0204373451991806
2012-05-12 23:45:00,66.5231482472116,64.37688216419349,3.196128804139699
2012-05-12 23:50:00,66.46990777663422,64.51993367474438,3.162961905056395
2012-05-12 23:55:00,66.45949110993688,64.77853037871328,3.103542677080604
2012-05-13 00:00:00,66.1574077897772,65.03161873155717,3.045694921235658
2012-05-13 00:05:00,66.16435246862363,64.78509571099941,3.666835629066379
2012-05-13 00:10:00,66.43518581681714,63.800573227018674,4.043461989775623
2012-05-13 00:15:00,66.10185249656546,64.8982371761685,3.62409395248612
2012-05-13 00:20:00,65.78703763082252,64.84986986392887,3.6423594577240324
2012-05-13 00:25:00,65.56828761611568,64.53124869316069,3.7629831558551508
2012-05-13 00:30:00,65.57870428281302,64.58071468304153,3.7442136224404643
2012-05-13 00:35:00,65.59490783031004,64.30690184360101,3.848365129614248
2012-05-13 00:40:00,65.8356482733136,64.27902383012207,3.859009657379859
2012-05-13 00:45:00,65.83564827331358,64.63002450448667,3.7255230099857983
2012-05-13 00:50:00,66.07638871631714,64.27902383012207,3.859009657379859
2012-05-13 00:55:00,65.77083304267133,64.65462123701757,3.7162050631183567
2012-05-13 01:00:00,65.64583304230338,64.23154564434313,3.8771578499576727
2012-05-13 01:05:00,65.42857140208791,64.66535077497623,4.07695990125325
2012-05-13 01:10:00,65.16815472059177,64.30758139075533,4.237138835172405
2012-05-13 01:15:00,65.44361782655712,63.94502957847175,4.400171045866709
2012-05-13 01:20:00,65.51884937232434,63.93925113540834,4.402777743861926
2012-05-13 01:25:00,65.7989422360615,63.84092404992925,4.447169771344369
2012-05-13 01:30:00,65.89269223633748,64.46163819854944,4.168091953218962
2012-05-13 01:35:00,65.99454401036196,64.19288655239976,4.288622864376772
2012-05-13 01:40:00,65.92162737160642,64.7159337664489,4.054359509000739
2012-05-13 01:45:00,66.05704401054594,64.48721431319343,4.156639526267296
2012-05-13 01:50:00,65.79778448020343,64.7159337664489,4.054359509000739
2012-05-13 01:55:00,65.92741392895957,63.754082636082785,4.486455843345028
2012-05-13 02:00:00,66.38574724957921,63.76276993247766,4.482522423822703
2012-05-13 02:05:00,66.38310175206,64.07502476442274,4.658988987280931
2012-05-13 02:10:00,66.77893510062144,63.58855386094609,4.911083515419787
2012-05-13 02:15:00,66.5937499930183,64.58959240508138,4.395635818867003
2012-05-13 02:20:00,66.16666665842776,64.07119268211316,4.660963445696578
2012-05-13 02:25:00,65.77199046277782,64.49542406184058,4.443544469825255
2012-05-13 02:30:00,65.59722199374625,64.6570402375692,4.361406622848758
2012-05-13 02:35:00,65.19791665733392,64.40091452467033,4.491763882610752
2012-05-13 02:40:00,64.71874997519384,64.49837101155133,4.4420442684402
2012-05-13 02:45:00,64.08333332071957,64.78835423818528,4.294979911142794
2012-05-13 02:50:00,64.1759262120306,64.02053093843521,4.6870860865824175
2012-05-13 02:55:00,64.36226910361758,64.02053093843521,4.6870860865824175
2012-05-13 03:00:00,64.11226913100745,64.86668870521844,4.255495003886662
2012-05-13 03:05:00,63.90856524896475,64.25717029003363,5.095413233444488
2012-05-13 03:10:00,63.33564856654869,64.79887072330281,4.770794786922433
2012-05-13 03:15:00,63.446759237349546,64.30527479491386,5.0664351219720665
2012-05-13 03:20:00,63.11342588897208,63.16454951257623,5.755804279462716
2012-05-13 03:25:00,63.363425902013034,63.666552263490324,5.452250725944672
2012-05-13 03:30:00,63.215277689364484,64.40142087322457,5.0085876614478915
2012-05-13 03:35:00,62.8715277024155,63.559660267465425,5.5169013363520705
2012-05-13 03:40:00,63.27777771767426,63.45332443428032,5.581207715244973
2012-05-13 03:45:00,62.77777770213953,63.347641724072105,5.64510632646918
2012-05-13 03:50:00,62.486111022309245,64.44944614776114,4.979730800245835
2012-05-13 03:55:00,62.454861022217244,64.691772435173,4.834618274167947
2012-05-13 04:00:00,62.18750000289982,64.42243602577321,4.995956960876095
2012-05-13 04:05:00,62.20486100741844,64.1919900358884,5.887441515692821
2012-05-13 04:10:00,62.207175900367254,63.782068438127,6.168442462671496
2012-05-13 04:15:00,62.12384256678862,65.04786670373572,5.297980246542134
2012-05-13 04:20:00,62.40509259574231,62.79793977669789,6.850037764971316
2012-05-13 04:25:00,62.44791638555947,64.7730371451991,5.487476502995121
2012-05-13 04:30:00,62.56249973329301,64.47835907772078,5.690546067665692
2012-05-13 04:35:00,63.13541638758326,63.15293704549844,6.600945242772461
2012-05-13 04:40:00,62.87384226664417,64.9595061528177,5.3588912522295935
2012-05-13 04:45:00,63.43187813625991,62.57620419908964,7.009802363850372
2012-05-13 04:50:00,63.797618605999354,64.15622100925036,5.9119977470895835
2012-05-13 04:55:00,63.110118603975565,65.06549901311728,5.285829400032666
2012-05-13 05:00:00,63.33234094052701,64.1919900358884,5.887441515692821
2012-05-13 05:05:00,63.63442428881246,64.96036279399365,5.813865749104777
2012-05-13 05:10:00,63.99669273027021,64.50458139639788,6.142466525893803
2012-05-13 05:15:00,64.02447074251133,65.54873189662297,5.401833029725768
2012-05-13 05:20:00,64.71197074453512,64.1949898691113,6.372879953148015
2012-05-13 05:25:00,64.78604515321162,65.59447109308012,5.370182349663558
2012-05-13 05:30:00,64.56729513850478,65.48843293619959,5.4436262344335224
2012-05-13 05:35:00,64.45965614617114,65.3320445568646,5.552416555882761
2012-05-13 05:40:00,64.7003969337156,65.011017998426,5.7779485276918505
2012-05-13 05:45:00,65.21527776205066,64.67820583495575,6.016010650382051
2012-05-13 05:50:00,65.3495372779623,65.79802218529737,5.229805531199426
2012-05-13 05:55:00,66.2060188400922,64.00056804191534,6.521460163831278
2012-05-13 06:00:00,66.15740750851931,65.47979540838588,5.449620880426257
2012-05-13 06:05:00,66.17129616306754,66.24803875271094,5.552034832693387
2012-05-13 06:10:00,66.24421284401174,65.96176174548704,5.7766332533602975
2012-05-13 06:15:00,66.42129614974056,66.14532512017688,5.63196874295317
2012-05-13 06:20:00,66.39699080036924,66.47329559806569,5.378968451950286
2012-05-13 06:25:00,66.51074760151953,66.30441200007779,5.508448074635859
2012-05-13 06:30:00,66.80935893382832,65.43961524572306,6.203255690669356
2012-05-13 06:35:00,67.12533127417144,65.57102380523703,6.093556906280483
2012-05-13 06:40:00,67.19940506408061,66.14532512017688,5.63196874295317
2012-05-13 06:45:00,67.13690506389663,66.4978217348697,5.360288681986741
2012-05-13 06:50:00,67.1600533183659,66.64286377772385,5.250415405211566
2012-05-13 06:55:00,67.23065506417261,66.69566212498297,5.21064689157612
2012-05-13 07:00:00,67.27926639574547,65.88161826998383,5.840588706801255
2012-05-13 07:05:00,67.28323497250231,66.36063384632999,6.227497785144362
2012-05-13 07:10:00,67.48693854867706,66.22008250735378,6.358717409680108
2012-05-13 07:15:00,67.28902190955358,66.65666006718557,5.957894138573647
2012-05-13 07:20:00,67.33531771534741,66.49790245588012,6.101404872921651
2012-05-13 07:25:00,67.15674604919012,66.66018900975635,5.954728243669272
2012-05-13 07:30:00,67.1602180651668,66.2907702055674,6.292447316422424
2012-05-13 07:35:00,67.16831983891531,66.45535733636655,6.140276595819315
2012-05-13 07:40:00,67.26091268803765,66.4067529659261,6.18491764902521
2012-05-13 07:45:00,67.42757932706913,66.42967714224551,6.16383056477478
2012-05-13 07:50:00,67.36276440581055,66.78412897731528,5.844293885557168
2012-05-13 07:55:00,67.27496660971381,66.94498181916833,5.7027665817510576
2012-05-13 08:00:00,67.4694106140933,66.07624143563035,6.4953781084569515
2012-05-13 08:05:00,67.69692362575235,66.01205281941016,7.442175652825205
2012-05-13 08:10:00,67.70155335539842,66.36714820062609,7.060130788819418
2012-05-13 08:15:00,67.92030332791656,65.80586747998872,7.671771829068985
2012-05-13 08:20:00,67.89252596256856,66.25518889043583,7.178945084719447
2012-05-13 08:25:00,68.17377593527068,65.85989562731088,7.610996867816169
2012-05-13 08:30:00,68.36127590769684,65.94018445688447,7.521496139657324
2012-05-13 08:35:00,68.56497945574581,66.11826791562049,7.326244334532035
2012-05-13 08:40:00,68.5962294558378,66.277736096824,7.154901811437021
2012-05-13 08:45:00,68.66914612271911,66.47717954432761,6.944649820637377
2012-05-13 08:50:00,68.6043312577121,66.277736096824,7.154901811437021
2012-05-13 08:55:00,68.67129572041418,66.39246759714372,7.0334494010370205
2012-05-13 09:00:00,68.77314752256446,66.20986069611297,7.227454530626726
2012-05-13 09:05:00,68.79861058560518,66.06373786361853,8.369614695723431
2012-05-13 09:10:00,68.8310177368508,65.87132188321718,8.613513144347937
2012-05-13 09:15:00,68.8622677369428,65.84551731686336,8.646476454917666
2012-05-13 09:20:00,68.9918975232084,65.67439417491167,8.866829934838739
2012-05-13 09:25:00,68.87731418953776,66.04974190919062,8.387248608274891
2012-05-13 09:30:00,68.89930467408605,65.89704619263607,8.580718250994389
2012-05-13 09:35:00,68.76041599104408,66.10836156321346,8.313464570229634
2012-05-13 09:40:00,68.27546244216721,65.84551731686336,8.646476454917666
2012-05-13 09:45:00,67.09837910536889,66.14997315971065,8.261225391753864
2012-05-13 09:50:00,64.75578647462953,65.6038068295082,8.958715420402811
2012-05-13 09:55:00,60.672453073024506,66.04974190919062,8.387248608274891
2012-05-13 10:00:00,56.77430508840629,65.9510948436574,8.512016908404567
2012-05-13 10:05:00,52.75942422867394,65.70415654584566,9.378550542647067
2012-05-13 10:10:00,49.35201701124174,65.52868512900447,9.607893783682917
2012-05-13 10:15:00,45.904100278173864,65.50010446303669,9.645358007791472
2012-05-13 10:20:00,43.28025730909713,65.5742543613271,9.548236991242122
2012-05-13 10:25:00,41.45734069331592,65.34441920026606,9.850278221160652
2012-05-13 10:30:00,38.142526043748184,65.52868512900447,9.607893783682917
2012-05-13 10:35:00,34.4862759767337,65.34441920026606,9.850278221160652
2012-05-13 10:40:00,31.13442405251325,64.14615632975345,11.5358237370217
2012-05-13 10:45:00,28.6969239890864,62.53106325043989,14.333133344924931
2012-05-13 10:50:00,29.585813068097167,59.43221055898957,21.46107813586103
2012-05-13 10:55:00,33.554563136031554,52.6165084953627,26.51930303104758
2012-05-13 11:00:00,37.119377772272315,53.29512980500697,26.289940045708835
2012-05-13 11:05:00,41.04050863172869,52.06310167334268,25.757169001551322
2012-05-13 11:10:00,44.425925364612596,54.841792516115675,24.718510441054207
2012-05-13 11:15:00,47.86342543098314,54.54960310270201,24.851560716853584
2012-05-13 11:20:00,50.35763861379428,58.832432729851085,21.93263115323359
2012-05-13 11:25:00,52.097221924122636,60.46711899572217,18.82869949651041
2012-05-13 11:30:00,55.20833299751561,55.36586374790283,24.46406352829166
2012-05-13 11:35:00,58.67708309210392,53.096496773947415,25.428085248737545
2012-05-13 11:40:00,62.288193913836665,52.36036869144422,25.669279177877545
2012-05-13 11:45:00,65.5486106744784,54.14595392121174,25.02556877709148
2012-05-13 11:50:00,67.09490707532932,61.07300152618135,17.245530581870558
2012-05-13 11:55:00,67.05324043666579,65.10592876401932,10.260648509611704
2012-05-13 12:00:00,67.29166666173944,64.43250688591193,11.126422241324697
2012-05-13 12:05:00,67.17476846324577,65.26094876753574,10.351458802567217
2012-05-13 12:10:00,67.04861133984996,65.26094876753574,10.351458802567217
2012-05-13 12:15:00,66.91319470091044,65.26094876753574,10.351458802567217
2012-05-13 12:20:00,66.86689827634929,65.02318102340149,10.697515849433188
2012-05-13 12:25:00,66.85648160965196,64.89766941495701,10.879498161098601
2012-05-13 12:30:00,66.86574115332144,64.77082742863301,11.06336301610577
2012-05-13 12:35:00,66.93865782020275,64.61045792843994,11.296306161074526
2012-05-13 12:40:00,67.16088045559069,64.59107940140913,11.324517226067387
2012-05-13 12:45:00,67.32754712274796,64.58138238923925,11.33864469667815
2012-05-13 12:50:00,67.25347271407146,65.19661084557204,10.445357194498591
2012-05-13 12:55:00,67.1284727137035,65.01069045956645,10.715638335041133
2012-05-13 13:00:00,67.02893580450205,65.06679026802622,10.63421356115778
2012-05-13 13:05:00,67.01041736405621,65.2155971584947,10.095798852711056
2012-05-13 13:10:00,67.03819472940421,65.1889241100083,10.138511967554004
2012-05-13 13:15:00,67.02777806270686,65.16217692194581,10.18130751908042
2012-05-13 13:20:00,66.86111138148668,65.16217692194581,10.18130751908042
2012-05-13 13:25:00,66.80671315505121,65.13200284573286,10.229551907565309
2012-05-13 13:30:00,66.6215280333852,65.05448762664105,10.35332492044901
2012-05-13 13:35:00,66.54861136650389,65.07138779364548,10.326358084048211
2012-05-13 13:40:00,66.16898162169105,65.4783461006135,9.672891635064085
2012-05-13 13:45:00,65.92939827358957,65.31168975562026,9.941618544583578
2012-05-13 13:50:00,65.75347270965591,65.26873180579622,10.010606010810706
2012-05-13 13:55:00,65.62847269522506,64.91832320738648,10.570299058863576
2012-05-13 14:00:00,65.60995425477921,65.05448762664105,10.35332492044901
2012-05-13 14:05:00,65.69328756023206,65.61415295673022,8.437260308749721
2012-05-13 14:10:00,65.50810245262893,65.72398758867324,8.264399696268734
2012-05-13 14:15:00,65.46643578583962,65.5829822432335,8.486276778230152
2012-05-13 14:20:00,65.67476913384911,65.10146642499818,9.242286164343366
2012-05-13 14:25:00,65.62847268116217,65.41825591791151,8.74506951893868
2012-05-13 14:30:00,65.77777804496434,64.92441283416396,9.520476079479876
2012-05-13 14:35:00,65.89120422748134,65.29711505686079,8.935217956154645
2012-05-13 14:40:00,66.17013934942334,64.7747870332636,9.756108499756253
2012-05-13 14:45:00,66.44097266949102,65.03540356254358,9.346027428779145
2012-05-13 14:50:00,66.63541667387052,65.18890196095057,9.105041546090058
2012-05-13 14:55:00,66.92708332733287,64.96893973886085,9.450462528269346
2012-05-13 15:00:00,67.08449045082068,65.44652264383802,8.700683960387385
2012-05-13 15:05:00,67.02199047876248,66.13388231224457,6.572946063400521
2012-05-13 15:10:00,67.29050894807004,65.44181807147116,7.53894445013638
2012-05-13 15:15:00,67.36342561495135,65.73679521451196,7.125545661253402
2012-05-13 15:20:00,67.38425894834602,66.01419923889121,6.739075978027153
2012-05-13 15:25:00,67.67129650499253,65.55674400536061,7.377540680355715
2012-05-13 15:30:00,67.91087981090533,65.67370091643589,7.213736965244515
2012-05-13 15:35:00,68.06828693439313,65.91954941029239,6.870712187666009
2012-05-13 15:40:00,68.20370357333265,65.92295175869317,6.865976423800682
2012-05-13 15:45:00,68.17592558921731,66.13388231224457,6.572946063400521
2012-05-13 15:50:00,68.22751300881693,66.0543461287473,6.683307702288771
2012-05-13 15:55:00,68.19047612792524,66.13388231224457,6.572946063400521
2012-05-13 16:00:00,68.15112435408474,66.18633175910847,6.500260984254346
2012-05-13 16:05:00,68.1580690048054,66.3283994999234,5.20211906839697
2012-05-13 16:10:00,68.02728209551195,66.59738496980837,4.89610798199827
2012-05-13 16:15:00,68.08978206757013,66.3283994999234,5.20211906839697
2012-05-13 16:20:00,67.98561540059684,66.44279990347145,5.071061364020463
2012-05-13 16:25:00,67.73677252288876,66.74094953691382,4.735852419370786
2012-05-13 16:30:00,67.66269876110539,66.71735517932738,4.762041408989584
2012-05-13 16:35:00,67.63144876101339,66.71735517932738,4.762041408989584
2012-05-13 16:40:00,67.59672674494475,66.66378025094667,4.821725722513551
2012-05-13 16:45:00,67.64533806245471,66.42391093389972,5.092609683061826
2012-05-13 16:50:00,67.64236196036511,66.56250041481314,4.935374070626835
2012-05-13 16:55:00,67.6793988412568,66.39861544430154,5.121521319235243
2012-05-13 17:00:00,67.70949171832093,66.44279990347145,5.071061364020463
2012-05-13 17:05:00,67.8483803732371,66.4065542291109,4.2258660054374895
2012-05-13 17:10:00,67.92129704011842,66.30763695913615,4.314858992815597
2012-05-13 17:15:00,67.96296370690774,66.54717096054328,4.101587558087636
2012-05-13 17:20:00,68.09722325094518,66.22540705645682,4.389846842696129
2012-05-13 17:25:00,68.38310300954495,66.14205884433653,4.466797591293604
2012-05-13 17:30:00,68.32176013238882,66.57022122476855,4.081462910163254
2012-05-13 17:35:00,68.30092679899415,66.6753502718163,3.9905536706869467
2012-05-13 17:40:00,68.18055596575648,66.615981965579,4.04171570181192
2012-05-13 17:45:00,68.08680599360632,66.59887366774628,4.056544095175583
2012-05-13 17:50:00,67.84375067171683,66.59887366774628,4.056544095175583
2012-05-13 17:55:00,67.8020840330533,66.54717096054328,4.101587558087636
2012-05-13 18:00:00,67.63657448892387,66.57022122476855,4.081462910163254
2012-05-13 18:05:00,67.55324115534522,66.48560524277197,3.5524548151293955
2012-05-13 18:10:00,67.58333403240935,66.23944519956616,3.7154154878829266
2012-05-13 18:15:00,67.48958406025919,66.38844034999396,3.61595742932702
2012-05-13 18:20:00,67.47106497292022,66.31165852487685,3.666892640037854
2012-05-13 18:25:00,67.16286349237156,66.59144871295068,3.484475658387901
2012-05-13 18:30:00,67.11309502370793,66.1635536118783,3.7670678499261085
2012-05-13 18:35:00,67.06101171834706,66.36387537147723,3.63218007423383
2012-05-13 18:40:00,67.1327712622005,66.06387254395248,3.8359553852298762
2012-05-13 18:45:00,67.20568790095604,66.1124678860151,3.802220598369041
2012-05-13 18:50:00,67.407076584182,65.73617969571312,4.071254022721855
2012-05-13 18:55:00,67.44874322284552,66.18895088870181,3.7497061387470887
2012-05-13 19:00:00,67.60499319517966,65.90448069613656,3.948655528665638
2012-05-13 19:05:00,67.71957652885031,65.83486992026741,3.443648574484374
2012-05-13 19:10:00,67.64550209204803,65.85712952641441,3.4321700608647028
2012-05-13 19:15:00,67.78091873098754,65.7084813497654,3.5096591510998283
2012-05-13 19:20:00,67.85499316778981,65.81254329036855,3.4552045887117875
2012-05-13 19:25:00,67.95949107216374,65.39425622553698,3.6803341508147223
2012-05-13 19:30:00,68.11342617967487,65.5859769786574,3.575051227582959
2012-05-13 19:35:00,68.06944461993673,65.78454828767609,3.4697566462122342
2012-05-13 19:40:00,68.10069459190294,65.78454828767609,3.4697566462122342
2012-05-13 19:45:00,68.08217615145709,65.83486992026741,3.443648574484374
2012-05-13 19:50:00,68.11342612342331,65.78454828767609,3.4697566462122342
2012-05-13 19:55:00,68.09490768297746,65.83486992026741,3.443648574484374
2012-05-13 20:00:00,68.10416725477273,65.83486992026741,3.443648574484374
2012-05-13 20:05:00,67.97916728253055,65.80950050203653,3.0757633148016885
2012-05-13 20:10:00,68.00231550887402,65.39650866517441,3.236822824942069
2012-05-13 20:15:00,67.88773220332918,65.73906254675394,3.1025187718457428
2012-05-13 20:20:00,67.79513929795529,65.69700847536616,3.1186270713630466
2012-05-13 20:25:00,67.8136577665269,65.37466557381605,3.245637263959809
2012-05-13 20:30:00,67.53240779382479,65.6679614416512,3.1298131330432004
2012-05-13 20:35:00,67.58680602026024,65.39650866517441,3.236822824942069
2012-05-13 20:40:00,67.44097271462341,65.57216703412581,3.167055191555466
2012-05-13 20:45:00,67.35763938104478,65.50500189392916,3.1935012930616558
2012-05-13 20:50:00,67.29513940898657,65.57216703412581,3.167055191555466
2012-05-13 20:55:00,67.33449118282708,65.50500189392916,3.1935012930616558
2012-05-13 21:00:00,67.09606497181633,65.56949035917104,3.1681035943513294
2012-05-13 21:05:00,66.93055542768691,65.38280964874912,3.1126752046932595
2012-05-13 21:10:00,66.9930553997451,65.3136739736842,3.136283287664076
2012-05-13 21:15:00,66.83912026410819,65.33677683313228,3.128372867711533
2012-05-13 21:20:00,66.86689824822349,65.34446418746333,3.125744808180629
2012-05-13 21:25:00,66.75578693052954,65.28278461650378,3.146896595805446
2012-05-13 21:30:00,66.77662026392419,64.88898283576971,3.2860495909364222
2012-05-13 21:35:00,66.76620359722686,65.38280964874912,3.1126752046932595
2012-05-13 21:40:00,66.7627315812502,65.10331374079097,3.2093886645173217
2012-05-13 21:45:00,66.81250004991381,65.17911709788311,3.18281536413669
2012-05-13 21:50:00,66.65162026355624,65.290515382988,3.1442364588137797
2012-05-13 21:55:00,66.48495362452474,65.45142307012689,3.089432742898413
2012-05-13 22:00:00,66.48792969848857,64.88898283576971,3.2860495909364222
2012-05-13 22:05:00,66.33052256093787,64.73906379540779,3.169200781325795
2012-05-13 22:10:00,66.17080057262704,65.18319658868334,3.0350315210665646
2012-05-13 22:15:00,66.38723568032215,64.7177671599768,3.1757679699139074
2012-05-13 22:20:00,66.35019879943047,65.13700804058054,3.048761377417957
2012-05-13 22:25:00,66.55853210525127,64.76033029405734,3.1626569230785013
2012-05-13 22:30:00,66.38144875733379,64.66438755112812,3.1922925170248675
2012-05-13 22:35:00,66.08978207574565,65.09060643963663,3.0626042009952665
2012-05-13 22:40:00,66.1974207586956,64.82393023754297,3.1431635022053364
2012-05-13 22:45:00,66.15575409190627,65.02062092983634,3.0835738600824474
2012-05-13 22:50:00,66.36871718362472,64.65368803744774,3.1956155507045927
2012-05-13 22:55:00,66.18121716900988,64.80805833527049,3.1480171693723036
2012-05-13 23:00:00,66.26851907934535,64.62308043034464,3.2051409955700874
2012-05-13 23:05:00,66.14351908073526,64.21039239417733,3.5144059965254733
2012-05-13 23:10:00,65.75115775166621,64.66729097618257,3.364045226606311
2012-05-13 23:15:00,65.43419330229112,65.05524525098176,3.239187950547549
2012-05-13 23:20:00,65.32539687754597,64.90107578534541,3.2885682833422236
2012-05-13 23:25:00,65.15873023851448,65.0785678572084,3.2317408466942195
2012-05-13 23:30:00,65.33118380053435,64.08621349805271,3.556141037104462
2012-05-13 23:35:00,65.5603504819385,64.25988967399688,3.497889169943209
2012-05-13 23:40:00,65.60201712060204,64.91422398634622,3.2843465182453735
2012-05-13 23:45:00,65.34160043910589,64.77143601442519,3.330324587016642
2012-05-13 23:50:00,64.813822780481,64.98496226878888,3.2616653346679687
2012-05-13 23:55:00,64.92096553548102,64.21039239417733,3.5144059965254733
2012-05-14 00:00:00,64.77281730876958,64.66729097618257,3.364045226606311
2012-05-14 00:05:00,64.74156730867759,62.94222853361407,4.521862019197173
2012-05-14 00:10:00,65.22652086810164,62.79266734116356,4.593330461148924
2012-05-14 00:15:00,65.21015199722507,63.299687020652364,4.354942051196722
2012-05-14 00:20:00,65.19973533052773,63.59080249657074,4.222439046972565
2012-05-14 00:25:00,65.37681863625657,63.634149193999626,4.202946132363576
2012-05-14 00:30:00,65.191633521622,63.45106752264266,4.285688036880463
2012-05-14 00:35:00,64.78538350812109,63.72077910895474,4.164161121269097
2012-05-14 00:40:00,64.22288352052816,63.915206301144686,4.0779346988629515
2012-05-14 00:45:00,64.2794313165329,63.15752667040815,4.4207228120016575
2012-05-14 00:50:00,64.13012565389421,62.79976193397366,4.589914612370104
2012-05-14 00:55:00,64.18964958011436,63.42353232735738,4.298226906755729
2012-05-14 01:00:00,63.680390034973044,63.296937190524034,4.356207486632639
2012-05-14 01:05:00,63.76372336679382,62.748521734253494,4.996612094846776
2012-05-14 01:10:00,63.26372336532197,63.66265401878112,4.541474496529271
2012-05-14 01:15:00,62.75330671121568,63.13125723400537,4.804245179881902
2012-05-14 01:20:00,61.89914001390881,63.433520870347245,4.6542179818037335
2012-05-14 01:25:00,61.69080670808799,63.867778896475265,4.441277559470092
2012-05-14 01:30:00,61.45353825996677,62.93408948968126,4.902965456840251
2012-05-14 01:35:00,61.22437160493053,62.748521734253494,4.996612094846776
2012-05-14 01:40:00,60.94312161816552,62.623139490369084,5.060372749082781
2012-05-14 01:45:00,60.25115713956074,63.14046372540798,4.7996526606528445
2012-05-14 01:50:00,61.01157379440295,62.376725663787056,5.187155840007528
2012-05-14 01:55:00,60.980323794310955,63.41185048538767,4.664925159761233
2012-05-14 02:00:00,60.68402765027175,62.14820737934852,5.3071080771482615
2012-05-14 02:05:00,60.48611098302248,62.94116818790564,5.320290493169714
2012-05-14 02:10:00,60.20833330755489,62.66722356860303,5.4643164075692745
2012-05-14 02:15:00,60.33333329385996,62.168935056464186,5.72940341828589
2012-05-14 02:20:00,60.60300919557903,61.82148098063354,5.92199418639431
2012-05-14 02:25:00,60.24884251380691,63.44489709750883,5.055043727979503
2012-05-14 02:30:00,60.85300919631496,62.49685166555935,5.55420743728271
2012-05-14 02:35:00,61.3310187273014,62.34068326767747,5.637150272426248
2012-05-14 02:40:00,61.79976871461836,62.13136752985347,5.749783026474908
2012-05-14 02:45:00,62.03935207678274,61.857027347716134,5.901781448503151
2012-05-14 02:50:00,61.780092560503114,63.937724214525055,4.794416117139211
2012-05-14 02:55:00,62.030092533113255,63.35993195495349,5.099881239811819
2012-05-14 03:00:00,62.585648221557875,61.68376252811538,6.0017798456276275
2012-05-14 03:05:00,62.856481555688454,62.79153155506133,5.887985130915648
2012-05-14 03:10:00,63.39930567042404,62.3913973235625,6.109963156328778
2012-05-14 03:15:00,63.4201390038187,62.63802018978731,5.972069648029639
2012-05-14 03:20:00,63.86458334644357,62.541132563660305,6.025737110251558
2012-05-14 03:25:00,63.827380832788684,62.96685706937932,5.792829488152549
2012-05-14 03:30:00,63.57159392312727,63.89923949894911,5.284325992307823
2012-05-14 03:35:00,63.33316771387439,63.485238202959785,5.5119900394463
2012-05-14 03:40:00,63.179232599331804,63.24477665175039,5.64255168930682
2012-05-14 03:45:00,63.4083992561259,62.524379610543924,6.035076249899959
2012-05-14 03:50:00,63.08432545317578,63.61248449748059,5.442452601568347
2012-05-14 03:55:00,62.90261236154932,64.06563431630629,5.191636868614519
2012-05-14 04:00:00,62.91187158528796,62.9167974566253,5.819937234749248
2012-05-14 04:05:00,62.94312158537995,63.783433009932786,5.568285125249414
2012-05-14 04:10:00,63.14103826669213,63.88195330550982,5.5161417713320136
2012-05-14 04:15:00,63.51603826779601,63.157688325130266,5.911619511497874
2012-05-14 04:20:00,63.414186486740086,63.853471740754664,5.531190839625224
2012-05-14 04:25:00,63.71180566782823,63.38020190069664,5.786122612840297
2012-05-14 04:30:00,63.82175924372702,63.8709983815522,5.52192865213171
2012-05-14 04:35:00,64.01388901435583,63.50863395029708,5.715689171746617
2012-05-14 04:40:00,64.31018546074726,63.434757926863455,5.756052995802506
2012-05-14 04:45:00,64.643518805609,63.430417456880036,5.75843533439
2012-05-14 04:50:00,64.95601881883394,63.46950845544932,5.7370178283867865
2012-05-14 04:55:00,64.81713014985488,64.16972289906177,5.364655463644481
2012-05-14 05:00:00,65.33449116990822,63.41739277027546,5.76559807246775
2012-05-14 05:05:00,65.38657450339488,64.50642713714656,5.193973952809756
2012-05-14 05:10:00,65.25694471712927,64.91634668172544,4.986876044083695
2012-05-14 05:15:00,65.5381947320201,64.52618911710266,5.183640707198462
2012-05-14 05:20:00,65.71759296585498,64.32300634613699,5.2920199702618556
2012-05-14 05:25:00,65.93055607163632,64.60499169568183,5.142839836528981
2012-05-14 05:30:00,66.0150465282428,64.74196342348093,5.073301892386851
2012-05-14 05:35:00,66.25000010450957,64.53496616288578,5.179065400951418
2012-05-14 05:40:00,66.4097221209462,64.65731106077806,5.1160825653716255
2012-05-14 05:45:00,66.53240722836533,64.72246868069573,5.083100973039955
2012-05-14 05:50:00,66.58449056185198,64.72246868069573,5.083100973039955
2012-05-14 05:55:00,66.769675683518,64.57001703972601,5.160870632069332
2012-05-14 06:00:00,66.60300901636072,65.05064352055727,4.921551399176346
2012-05-14 06:05:00,66.6030090163607,65.21659009723739,4.819906321564969
2012-05-14 06:10:00,66.68055546913966,65.28780338204399,4.782324109777411
2012-05-14 06:15:00,66.70023167950647,65.66507449830829,4.5957219968689635
2012-05-14 06:20:00,66.91898165202461,65.27672369209255,4.788117206376168
2012-05-14 06:25:00,66.80787033433064,65.61663612626629,4.618620297463785
2012-05-14 06:30:00,66.96296318363696,65.51444540837538,4.667884330126715
2012-05-14 06:35:00,67.1087964892738,65.58910767413859,4.631760637306981
2012-05-14 06:40:00,67.17129646133199,65.56998461363662,4.640943397576298
2012-05-14 06:45:00,67.28819465982566,65.56572847882731,4.642993204976939
2012-05-14 06:50:00,67.4756946322518,65.43464273304055,4.707327372147995
2012-05-14 06:55:00,67.5069446323438,65.53158138198309,4.659530577447049
2012-05-14 07:00:00,67.7465279382566,65.35612272018656,4.747025177553402
2012-05-14 07:05:00,67.84027795259549,65.49810930404136,4.817426555249212
2012-05-14 07:10:00,67.92361128617412,65.72297760570324,4.690675330841822
2012-05-14 07:15:00,67.78472195623904,65.99392428675787,4.5508614500166
2012-05-14 07:20:00,67.72222198418085,65.97700218163912,4.5592111807086395
2012-05-14 07:25:00,67.87037018276651,65.69844983760353,4.704009710493704
2012-05-14 07:30:00,67.81845217265939,66.09015492524902,4.5042654576916545
2012-05-14 07:35:00,67.74586615253715,66.14579898344645,4.477984074860573
2012-05-14 07:40:00,67.7776120665162,65.97700218163912,4.5592111807086395
2012-05-14 07:45:00,67.76785663708546,66.07146860197696,4.513195929646157
2012-05-14 07:50:00,67.76868314148003,66.07146860197696,4.513195929646157
2012-05-14 07:55:00,67.88425827479897,65.88076029283293,4.6076429713163405
2012-05-14 08:00:00,67.89583209264994,66.09015492524902,4.5042654576916545
2012-05-14 08:05:00,68.13673849186326,65.68090169464138,4.729102300660092
2012-05-14 08:10:00,68.28406015792856,65.87765312457306,4.624028155149719
2012-05-14 08:15:00,68.31993994391819,65.73198307507039,4.700884851113442
2012-05-14 08:20:00,68.2574399437342,65.85835382788596,4.633907591178009
2012-05-14 08:25:00,68.04910663791337,65.97294447426138,4.5765536538489355
2012-05-14 08:30:00,68.05704311640814,65.99206188148004,4.567286516216803
2012-05-14 08:35:00,67.87962916392023,66.01109747078256,4.5581434695595835
2012-05-14 08:40:00,67.56084636831356,66.03005357660935,4.549121096594082
2012-05-14 08:45:00,67.34143515852882,66.04892865204202,4.540215234703733
2012-05-14 08:50:00,67.04894200067193,66.06772573466564,4.531428091762865
2012-05-14 08:55:00,66.933366867353,66.08644299630409,4.522755997356193
2012-05-14 09:00:00,66.78637641056251,66.10508305265553,4.514194549797961
2012-05-14 09:05:00,66.642196085589,65.8740878856734,4.613620376201271
2012-05-14 09:10:00,66.33862441906375,65.89219895221157,4.606082116670315
2012-05-14 09:15:00,66.27496726772613,65.55673433008967,4.761900231598702
2012-05-14 09:20:00,65.92080058771187,65.49868703584454,4.792479459782105
2012-05-14 09:25:00,65.92080058771187,65.34010080902588,4.881682054592338
2012-05-14 09:30:00,65.65228213246719,65.75913770735502,4.663730263800629
2012-05-14 09:35:00,65.5793654655859,65.43987016379901,4.824591571515759
2012-05-14 09:40:00,65.39765236165441,65.18510822815239,4.976964404028597
2012-05-14 09:45:00,65.2934856806182,65.40022599427056,4.846880948808934
2012-05-14 09:50:00,65.33862434932131,65.2791751357402,4.918176473418491
2012-05-14 09:55:00,65.18237434886134,65.63295636765609,4.72340131601574
2012-05-14 10:00:00,64.88029100057588,65.59501108007633,4.742330392960614
2012-05-14 10:05:00,64.48148157980846,65.32085496539811,4.822957660136431
2012-05-14 10:10:00,64.4189815655616,65.04885525485555,4.963669512982513
2012-05-14 10:15:00,64.18749970995073,65.14383304420075,4.911220544257
2012-05-14 10:20:00,64.39583304213947,64.50913415982616,5.329326689959823
2012-05-14 10:25:00,64.31249969449794,65.04885525485555,4.963669512982513
2012-05-14 10:30:00,64.20535692543503,64.96963921313572,5.010147686383182
2012-05-14 10:35:00,63.999338463342895,65.00941872395411,4.986498258504586
2012-05-14 10:40:00,63.968088463250915,64.53097687148637,5.312317704283156
2012-05-14 10:45:00,63.72156079139103,64.90932368662344,5.0472037771878036
2012-05-14 10:50:00,63.63475545589861,65.07495796862086,4.948899621257067
2012-05-14 10:55:00,63.5811837479206,65.04885525485555,4.963669512982513
2012-05-14 11:00:00,63.687665307842714,64.72368195685854,5.170276907972746
2012-05-14 11:05:00,63.85433197324215,64.32720660906921,5.347594979650711
2012-05-14 11:10:00,63.84391530654481,64.69175294400218,5.108718896667226
2012-05-14 11:15:00,63.86243407043721,64.46522197234314,5.250287376626388
2012-05-14 11:20:00,63.84160073704254,64.69175294400218,5.108718896667226
2012-05-14 11:25:00,63.65178585277056,64.65252050787846,5.131616297236843
2012-05-14 11:30:00,63.75892862183347,64.52714387508871,5.209343964465326
2012-05-14 11:35:00,64.07374350867076,64.37359949101898,5.313955918907989
2012-05-14 11:40:00,64.30291017425417,64.24273690929397,5.411253312271409
2012-05-14 11:45:00,64.7195765151851,64.18574638526654,5.455954835920655
2012-05-14 11:50:00,64.66749318169843,64.67217687550215,5.120059495487375
2012-05-14 11:55:00,64.67939820882425,64.70846943555064,5.099170276152743
2012-05-14 12:00:00,64.68749998257276,64.69609217645096,5.106226867508075
2012-05-14 12:05:00,64.73842619303156,64.46459105467561,5.395935248945545
2012-05-14 12:10:00,64.7175928596369,64.483943945051,5.385461458773588
2012-05-14 12:15:00,64.80671308807813,64.31614887129501,5.482151278873171
2012-05-14 12:20:00,64.6608797543155,64.46459105467561,5.395935248945545
2012-05-14 12:25:00,64.86111130528481,64.10002849116319,5.626453332255436
2012-05-14 12:30:00,64.92592618435472,64.5415923734392,5.3553130614047175
2012-05-14 12:35:00,64.77777797170619,64.77419061187454,5.249322380853666
2012-05-14 12:40:00,64.70486130482487,64.50322767411468,5.37520342151835
2012-05-14 12:45:00,64.57638930254315,64.79040832070564,5.2428488089495975
2012-05-14 12:50:00,64.55555596914847,64.38649042544058,5.439992495178127
2012-05-14 12:55:00,64.62037084821837,64.5415923734392,5.3553130614047175
2012-05-14 13:00:00,64.68287086246526,64.52244497006804,5.365155258890219
2012-05-14 13:05:00,64.47569465330436,64.4522416963572,5.800072272221822
2012-05-14 13:10:00,64.51736132009368,64.3372748535097,5.857374598730641
2012-05-14 13:15:00,64.50099244921712,64.37651866651449,5.837159667028048
2012-05-14 13:20:00,64.71974246392394,64.07736229863058,6.009170402584978
2012-05-14 13:25:00,64.64682579704262,64.37651866651449,5.837159667028048
2012-05-14 13:30:00,64.58201091797274,64.55483101291007,5.7537376247153
2012-05-14 13:35:00,64.62136270587612,64.40040129936101,5.825192144402187
2012-05-14 13:40:00,64.5796960390868,64.2581852934567,5.900228623769487
2012-05-14 13:45:00,64.54844603899481,64.45439277065613,5.799056256270384
2012-05-14 13:50:00,64.6109460391788,64.23828746594647,5.911464960294986
2012-05-14 13:55:00,64.44196449313559,64.55483101291007,5.7537376247153
2012-05-14 14:00:00,64.34358470696198,64.53144984879364,5.763911706494539
2012-05-14 14:05:00,64.55076091612288,64.08282958610572,6.385116611435468
2012-05-14 14:10:00,64.48710379291104,64.45204940034736,6.169650802758575
2012-05-14 14:15:00,64.4930559970903,64.37934440814358,6.208317207406723
2012-05-14 14:20:00,64.23958365561275,64.5331168079734,6.1284119854503
2012-05-14 14:25:00,64.01041698827147,64.26827848547079,6.270753193298117
2012-05-14 14:30:00,64.06597232367189,64.47235311109854,6.1591412928363605
2012-05-14 14:35:00,64.20138899073719,64.51288764462228,6.138523937364719
2012-05-14 14:40:00,64.35763900526003,64.20663296077714,6.307301669888045
2012-05-14 14:45:00,64.28472233837873,64.43172199362012,6.180294416436088
2012-05-14 14:50:00,64.3784723527176,64.39099692194826,6.202005949422923
2012-05-14 14:55:00,64.31597235253362,64.26827848547079,6.270753193298117
2012-05-14 15:00:00,64.24322131138406,64.38193397753413,6.206909877372342
2012-05-14 15:05:00,64.16253347532462,64.56385566406436,6.027623478700428
2012-05-14 15:10:00,64.2127978297495,64.40207735723307,6.115362295020553
2012-05-14 15:15:00,64.27827391796022,64.46484048822298,6.080867029051565
2012-05-14 15:20:00,64.57192453767281,64.11809390954808,6.281987898527935
2012-05-14 15:25:00,65.02430568223902,63.90885780813384,6.42059130170622
2012-05-14 15:30:00,65.13541702805877,64.65421621161319,5.979987704133518
2012-05-14 15:35:00,64.84953724133321,64.8516210739054,5.8777198934587815
2012-05-14 15:40:00,64.89120390812253,64.58641625832742,6.015657137357645
2012-05-14 15:45:00,64.93865746977444,64.3640710366942,6.136584045542038
2012-05-14 15:50:00,64.94907413647176,64.64743014814593,5.983541228642664
2012-05-14 15:55:00,65.19907415127058,64.22397048377881,6.217477438920171
2012-05-14 16:00:00,65.2868716309522,64.31532716234723,6.164223791411281
2012-05-14 16:05:00,65.46015171142953,64.48770287218703,6.2076923649092945
2012-05-14 16:10:00,65.45271114682183,64.58816787612787,6.124940194479932
2012-05-14 16:15:00,65.45667972357865,64.68948396640162,6.0424707725933615
2012-05-14 16:20:00,65.40608477864627,64.79149539645947,5.960231419649397
2012-05-14 16:25:00,65.17592596711579,64.89405122926216,5.8781883003255535
2012-05-14 16:30:00,64.30092593641427,64.99698878525423,5.796343383426959
2012-05-14 16:35:00,62.23263896516584,64.36626707006461,6.309349255351466
2012-05-14 16:40:00,58.3472222026843,64.77232263769076,5.975635294753244
2012-05-14 16:45:00,54.50810189288973,64.54061117721281,6.163979322065422
2012-05-14 16:50:00,50.46412026512521,64.77232263769076,5.975635294753244
2012-05-14 16:55:00,46.370370168697065,64.81708982099117,5.93970299791816
2012-05-14 17:00:00,42.31828697812744,64.57241216148397,6.137848018437
2012-05-14 17:05:00,38.341435108318755,64.92860849852991,5.499234769761202
2012-05-14 17:10:00,34.28935191774913,64.62928213838575,5.782165820788472
2012-05-14 17:15:00,30.974536902546152,64.76167656300684,5.654950858395053
2012-05-14 17:20:00,27.58912014153647,64.74606241951484,5.6697762422994415
2012-05-14 17:25:00,24.569278746619403,64.45177899902534,5.9586027959181385
2012-05-14 17:30:00,22.017195349521916,63.24407405463421,7.444268070794068
2012-05-14 17:35:00,20.724371246641457,55.01029650034824,13.806447258664155
2012-05-14 17:40:00,21.22437124811331,46.61990427279276,20.764073192670907
2012-05-14 17:45:00,21.505621248941228,46.45735803351959,20.961014570109192
2012-05-14 17:50:00,21.99636201612726,46.219537848854365,21.255360500161675
2012-05-14 17:55:00,22.277612016955175,46.15059974338448,21.34204507758501
2012-05-14 18:00:00,23.19427846131393,45.98206597394284,21.55650949572002
2012-05-14 18:05:00,27.171130331122622,46.45878513598266,20.563330558786244
2012-05-14 18:10:00,31.212796854994917,45.95694975811486,21.16347220201884
2012-05-14 18:15:00,34.61441721975321,48.32880305198893,18.59217883573568
2012-05-14 18:20:00,38.041500647552205,48.03319506159503,18.87818096963731
2012-05-14 18:25:00,41.228008379148555,48.98235489086422,17.988668848179525
2012-05-14 18:30:00,44.54050847327693,48.43452203743171,18.491951354071166
2012-05-14 18:35:00,48.11458266725007,47.58846847669156,19.325367379673136
2012-05-14 18:40:00,51.66666609541704,48.189790727984644,18.725602621994447
2012-05-14 18:45:00,55.59490664771574,47.22274863545946,19.709480248464146
2012-05-14 18:50:00,59.21064750847821,47.58846847669156,19.325367379673136
2012-05-14 18:55:00,63.04166604452427,46.85256354418723,20.11429380943547
2012-05-14 19:00:00,66.50462923018712,48.825405627072826,18.1301960113567
2012-05-14 19:05:00,66.59027745671456,64.74749375490897,4.453870585549391
2012-05-14 19:10:00,66.87152747160538,64.43945540392839,4.676827557125896
2012-05-14 19:15:00,66.97569413857869,64.77472313147416,4.434866328374248
2012-05-14 19:20:00,67.09837924599782,64.66318577841245,4.5133951305368685
2012-05-14 19:25:00,67.2511572586069,64.64829048786298,4.524024751635048
2012-05-14 19:30:00,67.45949056442771,64.64084106363218,4.529353786801219
2012-05-14 19:35:00,67.61689768791551,64.70784457899033,4.481731681367086
2012-05-14 19:40:00,67.60995300906907,65.01833818466277,4.269366417327071
2012-05-14 19:45:00,67.50462921906791,65.2174281050791,4.139644237849192
2012-05-14 19:50:00,67.5277774172856,64.79698365170925,4.419411236211174
2012-05-14 19:55:00,67.56134231032642,64.74749375490897,4.453870585549391
2012-05-14 20:00:00,67.36921255200262,65.15946056150473,4.176933463307271
2012-05-14 20:05:00,67.46296252415281,64.67572864214956,3.8838000078326442
2012-05-14 20:10:00,67.51967561541132,64.78330328268116,3.8261784536345105
2012-05-14 20:15:00,67.59259225416683,64.74036247552465,3.8490430032842067
2012-05-14 20:20:00,67.60532381381297,64.67093094529993,3.886397100871394
2012-05-14 20:25:00,67.53240714693167,64.7188475136674,3.860565772830673
2012-05-14 20:30:00,67.42824050808416,64.82611763629659,3.8035593436703503
2012-05-14 20:35:00,67.46875002371983,64.78568608534415,3.824915746399992
2012-05-14 20:40:00,67.32986136880366,64.74752702771572,3.845215336723275
2012-05-14 20:45:00,67.08333336998152,64.74036247552465,3.8490430032842067
2012-05-14 20:50:00,67.07407382631204,64.59398963290418,3.928368848078865
2012-05-14 20:55:00,66.91782381178919,64.56746871680299,3.9429781696828754
2012-05-14 21:00:00,66.93402735928622,64.50222912427735,3.9792402273147296
2012-05-14 21:05:00,66.77777738695205,64.61173509232928,3.4592125415712665
2012-05-14 21:10:00,66.61111071979475,64.64195623704781,3.446714636905645
2012-05-14 21:15:00,66.44444408076326,64.6326643205968,3.4505514865362303
2012-05-14 21:20:00,66.28819408030331,64.44321884876906,3.5300639459316474
2012-05-14 21:25:00,66.3194440803953,64.31569326517733,3.5850429839440494
2012-05-14 21:30:00,65.87152739834721,64.35829938952422,3.5665387329580516
2012-05-14 21:35:00,65.69742016658222,64.61173509232928,3.4592125415712665
2012-05-14 21:40:00,65.62450348563802,64.20879563344772,3.6320877513360177
2012-05-14 21:45:00,65.72635527372539,63.97931584171305,3.736267637429494
2012-05-14 21:50:00,65.55621660465432,64.32280070795663,3.5819454909551283
2012-05-14 21:55:00,65.38260559967577,63.99370053671435,3.7296022054652798
2012-05-14 22:00:00,65.29348538529742,64.28486625583658,3.598517458143991
2012-05-14 22:05:00,65.0666335968421,64.07889330830024,3.6500911804850293
2012-05-14 22:10:00,64.82242049096875,64.08833731494772,3.6462223658968322
2012-05-14 22:15:00,64.77149428050997,64.07889330830024,3.6500911804850293
2012-05-14 22:20:00,64.65691093277643,63.90827626177069,3.7209061197617808
2012-05-14 22:25:00,64.35135525913063,64.16374077959168,3.6155092027128557
2012-05-14 22:30:00,64.72635527429742,63.220662860087,4.026797080921621
2012-05-14 22:35:00,64.24421251819349,64.04242929345048,3.6650796798946335
2012-05-14 22:40:00,63.99421251921543,63.844031970553935,3.7480344966236885
2012-05-14 22:45:00,63.846064925334225,63.97475773438512,3.6931038771546487
2012-05-14 22:50:00,63.721064924966264,63.75819963262081,3.7846997796095407
2012-05-14 22:55:00,64.06134261116499,63.42109720721373,3.9337802074253556
2012-05-14 23:00:00,64.08564793241051,63.88687523747902,3.729913600122746
2012-05-14 23:05:00,63.76041637184446,63.39624423469484,4.187584024054323
2012-05-14 23:10:00,63.88425924918457,63.36988177928097,4.199689559919961
2012-05-14 23:15:00,63.61226877972112,63.75983619485563,4.024401931037873
2012-05-14 23:20:00,64.03935210024876,63.456152510349774,4.160222582853428
2012-05-14 23:25:00,63.626157771778786,63.31955977402296,4.222908916380292
2012-05-14 23:30:00,62.94097263457801,63.77890289831069,4.016024341753213
2012-05-14 23:35:00,63.11805597019048,62.833242024249124,4.455929069755508
2012-05-14 23:40:00,62.805555981575615,63.1113524945828,4.3206374218161185
2012-05-14 23:45:00,62.69212977093283,63.45375654481819,4.161312907135717
2012-05-14 23:50:00,62.570602099440926,63.283622133288226,4.239582502039771
2012-05-14 23:55:00,62.15393542100054,63.9073084674821,3.9600344348085046
2012-05-15 00:00:00,61.65046341761492,63.72167612469883,4.041218916025455
2012-05-15 00:05:00,61.688657759043906,61.787450386954085,4.57201007349031
2012-05-15 00:10:00,61.30439821427054,62.52711896908997,4.292023567418967
2012-05-15 00:15:00,60.71527798259961,62.16552221626571,4.42468444168895
2012-05-15 00:20:00,60.33333334483796,63.15782759524118,4.0714312995611275
2012-05-15 00:25:00,60.6979166651816,61.592869676305014,4.65321060046909
2012-05-15 00:30:00,61.53935180284233,61.51789748369885,4.685831535826304
2012-05-15 00:35:00,61.71875002788789,62.16552221626571,4.42468444168895
2012-05-15 00:40:00,62.020833349805436,61.592869676305014,4.65321060046909
2012-05-15 00:45:00,62.000000018168635,62.183296049336896,4.418009798529293
2012-05-15 00:50:00,61.75000002797987,62.03087161215634,4.475893906954718
2012-05-15 00:55:00,61.75000002797987,62.04246366870163,4.471436869644554
2012-05-15 01:00:00,61.1354166787745,61.75441364434757,4.585483928922925
2012-05-15 01:05:00,61.10763900404283,61.695595796688764,4.943522842566437
2012-05-15 01:10:00,61.00347235113242,61.716877147512044,4.934732015147392
2012-05-15 01:15:00,61.28125002660002,61.1283411411855,5.200846798394664
2012-05-15 01:20:00,60.84027802339838,62.279433710126746,4.712994183960408
2012-05-15 01:25:00,59.97569467345707,62.01361347858483,4.815757402258016
2012-05-15 01:30:00,59.267361338038626,62.747377339902386,4.536031312854106
2012-05-15 01:35:00,58.47106489720679,62.29518464514461,4.706975659173998
2012-05-15 01:40:00,58.12731490849992,61.91278500948542,4.855537700598467
2012-05-15 01:45:00,57.74189825300374,61.97979687820251,4.829039186687077
2012-05-15 01:50:00,57.75925926103807,61.488280756882396,5.031734847137227
2012-05-15 01:55:00,57.27083334109645,61.879595623834916,4.868760111489895
2012-05-15 02:00:00,57.47222236183185,60.782201633026,5.393766919475937
2012-05-15 02:05:00,57.211805708461476,61.693807179414705,5.180504738132098
2012-05-15 02:10:00,56.565972345101216,61.6045531214446,5.21894692400146
2012-05-15 02:15:00,55.95486133531906,61.562168028873195,5.237620843801184
2012-05-15 02:20:00,56.29265880870517,61.61931504829858,5.2125096343634025
2012-05-15 02:25:00,56.733631163479146,60.856829645095644,5.611581147040471
2012-05-15 02:30:00,56.86904781648155,61.61931504829858,5.2125096343634025
2012-05-15 02:35:00,57.29844602995801,61.15227878104113,5.437414260479966
2012-05-15 02:40:00,57.095899604936896,61.44516304906903,5.290805948765679
2012-05-15 02:45:00,56.960482909745814,61.44516304906903,5.290805948765679
2012-05-15 02:50:00,56.70899485796508,61.56054523245354,5.238342804643213
2012-05-15 02:55:00,57.16617077429899,61.224160401359974,5.399348313271393
2012-05-15 03:00:00,58.13839310251103,61.09320914957383,5.469862447249711
2012-05-15 03:05:00,58.71547636722865,61.633115115405154,5.327503576407277
2012-05-15 03:10:00,58.65992068025589,61.033708441191344,5.70891400702206
2012-05-15 03:15:00,58.780290894726214,61.039781473754125,5.704396049255944
2012-05-15 03:20:00,57.60916011367948,62.41656437323585,4.974013446393096
2012-05-15 03:25:00,57.678604455200464,61.72404253820314,5.279838326014958
2012-05-15 03:30:00,57.53045624255193,62.11722973004722,5.096414173973771
2012-05-15 03:35:00,57.42513212910421,62.042084015394444,5.129073388527915
2012-05-15 03:40:00,57.981845209529524,61.47077901092262,5.418667382387195
2012-05-15 03:45:00,58.58601189203756,61.561894813214536,5.366499474657217
2012-05-15 03:50:00,58.97291659682071,61.51736609088861,5.391665810638705
2012-05-15 03:55:00,58.96018504420599,62.16267058748591,5.077101517537541
2012-05-15 04:00:00,58.59907371347108,62.791717215143166,4.830647166090232
2012-05-15 04:05:00,57.92824042035168,62.991595223643905,4.779318363107657
2012-05-15 04:10:00,58.80671279047644,61.32964367512401,5.820017140111833
2012-05-15 04:15:00,59.556712808504976,61.611545510416136,5.5872083239046795
2012-05-15 04:20:00,60.61921277120183,61.138933579992475,5.991866124264248
2012-05-15 04:25:00,61.06828687159855,62.31774708692033,5.111518425062261
2012-05-15 04:30:00,61.20601841754976,62.409562179790534,5.060144761448456
2012-05-15 04:35:00,61.66898121468336,62.39544423415354,5.067902106801961
2012-05-15 04:40:00,61.86689788017478,62.77810244072535,4.874366227852654
2012-05-15 04:45:00,61.95486098558816,62.95325906320449,4.795822856532056
2012-05-15 04:50:00,62.61111097345707,62.571773397865734,4.9745645430754255
2012-05-15 04:55:00,62.95717587444923,62.66343144161154,4.92893157771807
2012-05-15 05:00:00,63.06828688100168,62.762214081351395,4.8817692726597
2012-05-15 05:05:00,64.15162021752401,62.37980161857519,5.459710922352131
2012-05-15 05:10:00,64.56828689948013,63.211289948399134,4.886275417595023
2012-05-15 05:15:00,65.01620357977036,63.29996286079858,4.834727317846492
2012-05-15 05:20:00,65.39120359317928,63.317614295715714,4.824672967545088
2012-05-15 05:25:00,65.72453661811018,63.563942604961596,4.691287629237979
2012-05-15 05:30:00,66.1238419545225,63.13984082183202,4.929097547990726
2012-05-15 05:35:00,66.24536995297669,63.67107789959646,4.637094383542576
2012-05-15 05:40:00,66.4641199676835,63.648189991480166,4.648487915094997
2012-05-15 05:45:00,66.58449021027963,63.65582336539334,4.644678080283408
2012-05-15 05:50:00,66.48032357143211,64.17250898333033,4.409227380720743
2012-05-15 05:55:00,66.64351822261273,63.76796078916505,4.5899266502071985
2012-05-15 06:00:00,66.8344905625879,63.48688708077384,4.731659891030151
2012-05-15 06:05:00,66.6678239235564,64.90039844606541,4.073036016372922
2012-05-15 06:10:00,66.65509236391026,64.56517579009427,4.233141584175111
2012-05-15 06:15:00,66.58217569702896,64.7082131393111,4.1624050595942
2012-05-15 06:20:00,66.6874994870301,64.60120682250675,4.214967347117974
2012-05-15 06:25:00,66.72800900266579,64.78062594677037,4.1279941709880275
2012-05-15 06:30:00,67.00578698751703,64.46207743897448,4.286498818959748
2012-05-15 06:35:00,67.14120365458233,64.52896210881711,4.251652655664603
2012-05-15 06:40:00,67.21412029333784,64.67272087042309,4.179609041356333
2012-05-15 06:45:00,67.37152741682564,64.51078512949567,4.261038906007241
2012-05-15 06:50:00,67.45370362737646,64.67272087042309,4.179609041356333
2012-05-15 06:55:00,67.34259230968247,64.7023096208702,4.1652506861551215
2012-05-15 07:00:00,67.58217561559529,64.45596559282477,4.28972642184213
2012-05-15 07:05:00,67.69675892114013,65.01831163391925,4.172408192836377
2012-05-15 07:10:00,67.76157381427294,64.93660139735461,4.219503389765522
2012-05-15 07:15:00,67.91782378660709,64.97976477793132,4.194459850972717
2012-05-15 07:20:00,67.84374999669794,65.19039527151767,4.0775025883250855
2012-05-15 07:25:00,67.75000002454775,65.26213943056531,4.039618643088104
2012-05-15 07:30:00,67.57291671881892,65.35293740442586,3.9930579908152812
2012-05-15 07:35:00,67.38078693236935,65.16971352205529,4.088605692994698
2012-05-15 07:40:00,67.40856491648468,65.20688376136891,4.068710410868235
2012-05-15 07:45:00,67.32407445987818,65.19039527151767,4.0775025883250855
2012-05-15 07:50:00,67.18981491584073,65.22331784188404,4.059997435629281
2012-05-15 07:55:00,67.16898158244608,64.90181592950911,4.239953903065092
2012-05-15 08:00:00,67.1087964752109,65.28042828020692,4.030116050425035
2012-05-15 08:05:00,67.02546316975805,65.39768377464343,4.044595599645036
2012-05-15 08:10:00,67.0462965031527,65.22502308026075,4.146878218546946
2012-05-15 08:15:00,66.88541674492092,65.43515155666412,4.02324499082764
2012-05-15 08:20:00,66.82291674473693,65.22502308026075,4.146878218546946
2012-05-15 08:25:00,66.8125000780396,65.263976030433,4.123241208203578
2012-05-15 08:30:00,66.72106494258666,65.20542006725616,4.158896789477311
2012-05-15 08:35:00,66.7986113953656,64.97493586145745,4.306460506070747
2012-05-15 08:40:00,66.47916675778792,65.42892847302444,4.02677000985105
2012-05-15 08:45:00,66.34143519777383,65.20542006725616,4.158896789477311
2012-05-15 08:50:00,66.3310185310765,65.14609999674458,4.195774647165879
2012-05-15 08:55:00,66.34143519777382,65.02512482470866,4.273346778788909
2012-05-15 09:00:00,66.20254651473185,65.34510776173529,4.075062409055382
2012-05-15 09:05:00,65.75462983619948,65.14541880423171,4.210700496383595
2012-05-15 09:10:00,65.63194470065456,65.16475652074466,4.198176969125467
2012-05-15 09:15:00,65.58449115306554,65.0385577711832,4.281583148494005
2012-05-15 09:20:00,65.60069470056256,65.00753326959334,4.302690159864954
2012-05-15 09:25:00,65.60069470056256,65.14541880423171,4.210700496383595
2012-05-15 09:30:00,65.53587982149266,64.93126890271657,4.355592938173472
2012-05-15 09:35:00,65.48379648800599,65.02750328193748,4.289076350513219
2012-05-15 09:40:00,65.69212983601551,64.71830671102332,4.510899290333495
2012-05-15 09:45:00,65.49652804765215,64.83986362278715,4.420887825997535
2012-05-15 09:50:00,65.31944469973466,65.02750328193748,4.289076350513219
2012-05-15 09:55:00,65.29861136634,64.94707731102353,4.344507721504775
2012-05-15 10:00:00,65.15046315369145,64.9852388155955,4.318007210662464
2012-05-15 10:05:00,65.16087981687305,64.0004952664399,5.112188071939346
2012-05-15 10:10:00,65.06828695368783,64.69279815452116,4.524664528925696
2012-05-15 10:15:00,64.83912027228367,64.70836693111774,4.51298698317004
2012-05-15 10:20:00,64.7002316033046,64.79846033993589,4.446753734694118
2012-05-15 10:25:00,64.53356492208442,64.90369172266186,4.372309204715642
2012-05-15 10:30:00,64.43171314805994,64.56627737875449,4.622100385541496
2012-05-15 10:35:00,64.119213134835,64.68833945778952,4.528021454179485
2012-05-15 10:40:00,63.91550955866023,64.88456226354319,4.385608216189611
2012-05-15 10:45:00,64.03703754305154,64.20291587075018,4.926725081554683
2012-05-15 10:50:00,64.25578755775837,64.44096196174145,4.723024936726012
2012-05-15 10:55:00,64.15162087672216,64.66822201006676,4.543238039663669
2012-05-15 11:00:00,64.10300955921218,64.45504602019905,4.711464028611553
2012-05-15 11:05:00,64.22800955958014,63.856114938990736,5.1461928241725055
2012-05-15 11:10:00,64.19097266462556,64.32707108496164,4.727745372037095
2012-05-15 11:15:00,64.12847266619944,64.07200343606665,4.945797796896855
2012-05-15 11:20:00,64.19907445419484,64.34495669518638,4.713217080827175
2012-05-15 11:25:00,62.9016208888633,64.40041207153764,4.6688212001118305
2012-05-15 11:30:00,62.04513931267051,64.18156026960547,4.849649791969694
2012-05-15 11:35:00,62.22106552173941,63.87805022668086,5.125171807397157
2012-05-15 11:40:00,62.09143574953669,64.30911732595354,4.7424246143490905
2012-05-15 11:45:00,61.91782443341663,64.27300846948677,4.772260365462945
2012-05-15 11:50:00,61.613426199213784,64.66978954458735,4.467016634927471
2012-05-15 11:55:00,61.561342865727134,64.27979897682847,4.766617854331025
2012-05-15 12:00:00,61.71759288024999,64.17694471535638,4.853623459494081
2012-05-15 12:05:00,61.60300954833721,64.04577424063449,4.84246137504786
2012-05-15 12:10:00,61.67708397107659,64.17932820710115,4.732161964464685
2012-05-15 12:15:00,61.78125063629202,63.88362141081543,4.984806886141181
2012-05-15 12:20:00,61.71875062204516,64.39249612486785,4.569104876511243
2012-05-15 12:25:00,62.90393574665489,61.57480818674107,8.0533825434173
2012-05-15 12:30:00,63.758102429898855,62.299413408288984,6.874689652171724
2012-05-15 12:35:00,63.65625032891208,64.16201786767321,4.74610504241191
2012-05-15 12:40:00,63.875000343618915,63.98552938016354,4.894268428922868
2012-05-15 12:45:00,63.872685458141,63.86302004485403,5.003554383001279
2012-05-15 12:50:00,63.895833677453034,64.02131211812302,4.8633425504072365
2012-05-15 12:55:00,64.01851879893508,64.1053279661266,4.792501201015924
2012-05-15 13:00:00,63.914352117898886,64.39249612486785,4.569104876511243
2012-05-15 13:05:00,64.06018544990364,63.8325006613152,5.05387254205785
2012-05-15 13:10:00,63.936342572563525,64.30024925105884,4.676957259195435
2012-05-15 13:15:00,63.87384257237955,64.0821110003582,4.841935479071225
2012-05-15 13:20:00,63.81134257219557,64.26624770516547,4.701441685456444
2012-05-15 13:25:00,63.73611101236545,64.10498746127895,4.82375196050418
2012-05-15 13:30:00,63.7881943458521,64.10083643253793,4.827035983716496
2012-05-15 13:35:00,63.91203690326137,63.97044716562964,4.933673163621433
2012-05-15 13:40:00,63.8495368890145,64.37339666190167,4.625802329831832
2012-05-15 13:45:00,63.988425886274236,63.86730008658281,5.0228303071588964
2012-05-15 13:50:00,64.05787053717889,64.0633163224894,4.85702724231002
2012-05-15 13:55:00,64.01851874927549,64.31616379202534,4.665651930112943
2012-05-15 14:00:00,63.91435208230218,64.19342673627648,4.755407871668513
2012-05-15 14:05:00,64.04976876343038,64.17393306227122,4.958231729458567
2012-05-15 14:10:00,64.08101876352237,64.1561193415596,4.972064498066807
2012-05-15 14:15:00,64.18518543049565,64.04801299707624,5.058947896682719
2012-05-15 14:20:00,64.27662055188571,64.2270278975204,4.917804312996903
2012-05-15 14:25:00,64.443287219043,64.04801299707624,5.058947896682719
2012-05-15 14:30:00,64.59953723356584,64.2621382885272,4.891727685899585
2012-05-15 14:35:00,64.50578723328987,64.2621382885272,4.891727685899585
2012-05-15 14:40:00,64.52662056668453,64.33167934056887,4.841601316588692
2012-05-15 14:45:00,64.5173613464616,64.19365830994873,4.943071958065343
2012-05-15 14:50:00,64.7395833771451,64.25630284855522,4.896026881289711
2012-05-15 14:55:00,64.61226849085978,64.31437707324194,4.853885057444594
2012-05-15 15:00:00,64.52893515903901,64.08428274711102,5.029234548996519
2012-05-15 15:05:00,64.35185181112149,64.52930439965225,4.554310346595856
2012-05-15 15:10:00,64.45370359920885,64.35689322319429,4.66777388015879
2012-05-15 15:15:00,64.58912028033704,64.37270703165248,4.656893728607519
2012-05-15 15:20:00,64.61226850668052,64.51030481135787,4.566275787913435
2012-05-15 15:25:00,64.72685185441405,64.46698464357814,4.594041002921185
2012-05-15 15:30:00,64.84490717593557,64.63746602537115,4.488500334971811
2012-05-15 15:35:00,64.96990717630352,64.26133497384454,4.735710876344664
2012-05-15 15:40:00,65.07407385733973,64.49819404409571,4.573969343980652
2012-05-15 15:45:00,65.06134229769357,64.32870260564901,4.687422949140561
2012-05-15 15:50:00,64.70023127810018,64.72937402562822,4.435424245560072
2012-05-15 15:55:00,62.45552224542093,64.25777315222804,4.738317433710943
2012-05-15 16:00:00,59.15343883029494,64.11553212843566,4.846906824533531
2012-05-15 16:05:00,55.35135541545494,64.35434381742843,4.813256935362581
2012-05-15 16:10:00,51.85135534890042,64.60220506296042,4.626103894526532
2012-05-15 16:15:00,48.27843858733879,64.66836068426254,4.579656828246953
2012-05-15 16:20:00,44.69510515907984,64.63702270670693,4.601492508460275
2012-05-15 16:25:00,40.934688396966244,64.73105673524903,4.5368375104300105
2012-05-15 16:30:00,37.0180219437764,64.909022881325,4.420902774853647
2012-05-15 16:35:00,33.59093853004028,64.54299947846728,4.668851379081931
2012-05-15 16:40:00,29.707836632381774,64.74673835250547,4.5262995934623165
2012-05-15 16:45:00,26.108134234806,64.40164898742495,4.775811977418537
2012-05-15 16:50:00,22.006282318924942,64.28044800750324,4.8734878595057545
2012-05-15 16:55:00,20.690806156720143,53.87829747916848,13.244788330560858
2012-05-15 17:00:00,20.503306156168197,47.99149605014997,19.085194529126344
2012-05-15 17:05:00,20.367889714109204,46.36856210947233,20.37219816901671
2012-05-15 17:10:00,19.837466385694643,47.70676728315635,18.610182377387844
2012-05-15 17:15:00,19.199735077340772,47.61118916293765,18.729865703873287
2012-05-15 17:20:00,18.991401743394167,47.51008033159275,18.857485902614517
2012-05-15 17:25:00,19.07473507697281,47.15712622283875,19.31130921100303
2012-05-15 17:30:00,18.972883274822536,47.04532250450551,19.457781562660042
2012-05-15 17:35:00,18.660383273902635,47.82007769993157,18.469514063260974
2012-05-15 17:40:00,18.62681840898761,46.836238830797186,19.73519768112796
2012-05-15 17:45:00,18.37235405823675,46.98833105232709,19.532938617278802
2012-05-15 17:50:00,18.762400230677724,45.591215516479515,21.479086515148662
2012-05-15 17:55:00,18.30406712100149,47.00535187896035,19.510453850139136
2012-05-15 18:00:00,18.033233786870905,46.946069581381515,19.58890150940451
2012-05-15 18:05:00,18.449900229757812,46.055964455817865,19.656524003033393
2012-05-15 18:10:00,18.357638646161888,46.22289674291329,19.41205274461853
2012-05-15 18:15:00,18.672453286898527,45.9104699815443,19.872389647906875
2012-05-15 18:20:00,19.484953289290278,46.90180780442146,18.454486342440553
2012-05-15 18:25:00,21.130786739971608,47.43074119736344,17.74984243533695
2012-05-15 18:30:00,25.02893478084141,46.77345689771826,18.63094033367172
2012-05-15 18:35:00,28.93518487671761,46.87259186128906,18.494473224690964
2012-05-15 18:40:00,32.799768305804484,46.75767934340029,18.65277753267757
2012-05-15 18:45:00,36.879629719558615,46.327285041092914,19.26095887604544
2012-05-15 18:50:00,40.93402801402047,46.48344593905773,19.037519294079427
2012-05-15 18:55:00,45.36111119163109,45.869899432949516,19.933047521505888
2012-05-15 19:00:00,49.722222578087354,46.25142067916747,19.37062987215616
2012-05-15 19:05:00,53.58680600717423,47.585352926946996,15.851841610726874
2012-05-15 19:10:00,58.03472251817951,46.363442878618805,17.538956404907335
2012-05-15 19:15:00,62.10879640424084,47.07945151646832,16.521728119521015
2012-05-15 19:20:00,65.20254649772527,50.6642325508895,12.536761341220997
2012-05-15 19:25:00,67.35879647594682,58.186427996066946,7.611648542314973
2012-05-15 19:30:00,67.29861136871166,64.49979091381276,3.7316826137228336
2012-05-15 19:35:00,67.35069470219833,64.5730458917303,3.697529821406617
2012-05-15 19:40:00,67.53819467462448,64.43441032671387,3.762966097564968
2012-05-15 19:45:00,67.64004644864896,64.51519999218733,3.72442192758975
2012-05-15 19:50:00,67.78356488946277,64.5769071826703,3.69575426856091
2012-05-15 19:55:00,67.80439822285743,64.76440072835399,3.612336670122604
2012-05-15 20:00:00,67.72453690525546,64.93252360816452,3.5416734132184047
2012-05-15 20:05:00,67.73958332972464,64.24862114399174,3.3713604486415605
2012-05-15 20:10:00,67.47916669041716,64.50366543793585,3.285090684396717
2012-05-15 20:15:00,67.29398155468824,64.32362565136998,3.345405929651129
2012-05-15 20:20:00,67.48148152711441,64.17562617491774,3.3971269748676423
2012-05-15 20:25:00,67.50231483238328,64.30335901040688,3.3523687777563715
2012-05-15 20:30:00,67.56481483256727,63.97524400112703,3.4707107151164713
2012-05-15 20:35:00,67.65856480471744,64.24862114399174,3.3713604486415605
2012-05-15 20:40:00,67.59606483265925,64.33983677876677,3.339864066650152
2012-05-15 20:45:00,67.50347195541113,64.27497948600916,3.3621797696805253
2012-05-15 20:50:00,67.36805531647163,64.41272679646433,3.315221320330716
2012-05-15 20:55:00,67.24305534422945,64.39451371769451,3.3213364290717613
2012-05-15 21:00:00,66.98032381197316,64.39451371769451,3.3213364290717613
2012-05-15 21:05:00,66.81944405374136,63.92860222001986,3.390128983590787
2012-05-15 21:10:00,66.68981426747577,63.695096137412186,3.465469685539716
2012-05-15 21:15:00,66.69675894632222,63.64512582403383,3.4821453946961594
2012-05-15 21:20:00,66.46015171437325,64.16367756688405,3.318040621154438
2012-05-15 21:25:00,66.41848507570971,63.995282049751374,3.3693258713549077
2012-05-15 21:30:00,66.39765174231505,63.73260170642853,3.4530896419870536
2012-05-15 21:35:00,66.1059850888527,64.07020765726394,3.3462935935708322
2012-05-15 21:40:00,66.01223508857672,63.882732773040324,3.4046135813896616
2012-05-15 21:45:00,65.86061485995151,63.7617852767794,3.443532724365229
2012-05-15 21:50:00,65.5932538441498,63.82642777289707,3.422597899065996
2012-05-15 21:55:00,65.37450382944297,63.82642777289707,3.422597899065996
2012-05-15 22:00:00,65.20783715525424,63.578592649190334,3.504678017863435
2012-05-15 22:05:00,65.09325380752072,63.280183632703206,3.6976582859415017
2012-05-15 22:10:00,64.95436513151022,63.10122609304501,3.7587077970700196
2012-05-15 22:15:00,64.89186511726334,63.299204048143345,3.691303432986912
2012-05-15 22:20:00,64.57638903007457,63.380830209697386,3.6643076973393485
2012-05-15 22:25:00,64.28472234848643,63.56629276413235,3.60449640994724
2012-05-15 22:30:00,64.02430566699027,63.337274235314396,3.6786596961125624
2012-05-15 22:35:00,64.05208366516848,63.18527103541799,3.7297426234598965
2012-05-15 22:40:00,63.97685210533837,63.356325771938494,3.672366621450447
2012-05-15 22:45:00,63.89351877175972,63.12850363502148,3.7492483634280322
2012-05-15 22:50:00,63.85879643927595,62.984218893061495,3.799978354329608
2012-05-15 22:55:00,63.65046310884506,63.071897738170996,3.76894590720474
2012-05-15 23:00:00,64.0393517996544,62.9177716987507,3.823943128538829
2012-05-15 23:05:00,64.2328039903227,62.70080495917614,4.011106097777904
2012-05-15 23:10:00,64.06613733019687,62.482106903346185,4.089542112967215
2012-05-15 23:15:00,63.90988732973691,62.81385109023025,3.9717499644403205
2012-05-15 23:20:00,63.94738739488819,62.441400593332496,4.104519657382547
2012-05-15 23:25:00,63.84530419133611,62.66334710555848,4.024314530152891
2012-05-15 23:30:00,63.8223873997938,62.49640016492771,4.084312685277847
2012-05-15 23:35:00,63.58002600524648,62.864389558581145,3.9543879157518504
2012-05-15 23:40:00,63.332340885154345,62.847524358962154,3.9601661900605403
2012-05-15 23:45:00,63.20317428314834,62.6073943387163,4.0442104591724695
2012-05-15 23:50:00,63.09067441289894,62.55173818291448,4.064210847367212
2012-05-15 23:55:00,63.08859094947771,62.33250059889022,4.145254066815917
2012-05-16 00:00:00,62.56035041421902,63.25632577164413,3.823876386044842
2012-05-16 00:05:00,62.12731488951214,62.543367255925766,3.871583881370144
2012-05-16 00:10:00,62.59375001200609,61.76295022343598,4.09634664101403
2012-05-16 00:15:00,62.52083334688263,62.069089762943456,4.003646998276161
2012-05-16 00:20:00,61.84791659737346,62.04575305778686,4.0104611453423376
2012-05-16 00:25:00,61.848148019869605,62.02249569108245,4.0172871333650955
2012-05-16 00:30:00,61.92314814489857,61.99931761800474,4.024128562445248
2012-05-16 00:35:00,62.21064822221186,61.97622132592807,4.030984954444406
2012-05-16 00:40:00,62.3460648875193,61.953207052163776,4.03785549371473
2012-05-16 00:45:00,61.64189813967599,61.93027651062707,4.044742149061351
2012-05-16 00:50:00,61.12245368081147,61.907427667471886,4.0516450329874205
2012-05-16 00:55:00,61.10370380732232,61.88466428276448,4.05856518614708
2012-05-16 01:00:00,60.770833641446586,61.86198495900478,4.065504380464946
2012-05-16 01:05:00,60.864583643480415,61.68124987835926,4.269493545887045
2012-05-16 01:10:00,60.541666963558136,62.327028929944724,4.0791289901191226
2012-05-16 01:15:00,60.73379673418696,61.78950077357016,4.235874201321434
2012-05-16 01:20:00,61.33945146861874,60.941880388485565,4.5396203883587845
2012-05-16 01:25:00,61.19130324893876,61.855800421757046,4.215721821370475
2012-05-16 01:30:00,60.83482170234362,61.94773654955956,4.18824787701916
2012-05-16 01:35:00,60.230655033898465,62.25959861454896,4.098142444426812
2012-05-16 01:40:00,60.11011918490706,61.996018679335684,4.174013331534986
2012-05-16 01:45:00,60.30803585215633,60.811885174408786,4.5984289914227805
2012-05-16 01:50:00,60.085813498026276,61.02607039136597,4.503806107328493
2012-05-16 01:55:00,58.846230203232665,61.696586093365305,4.2646709577153805
2012-05-16 02:00:00,57.985118827079354,61.233252638781885,4.422255245539308
2012-05-16 02:05:00,57.45386880969476,61.840835982200865,4.451857608867619
2012-05-16 02:10:00,56.90294289132702,61.840835982200865,4.451857608867619
2012-05-16 02:15:00,55.700396491487986,62.09352072823475,4.36927295562923
2012-05-16 02:20:00,55.53224177240696,61.79784714586737,4.4664703899435025
2012-05-16 02:25:00,54.9026120268582,61.66203160679265,4.514005249184486
2012-05-16 02:30:00,55.26372334528808,61.45579998638771,4.591021952753894
2012-05-16 02:35:00,55.54497333381096,61.38781656155794,4.617944997303392
2012-05-16 02:40:00,55.80092586393055,61.83221654981576,4.454771187331392
2012-05-16 02:45:00,56.069444333238096,61.09604759702747,4.744222864705393
2012-05-16 02:50:00,56.434027695770446,60.774969076196236,4.9077189399517716
2012-05-16 02:55:00,57.33564788441476,60.118890321638,5.336974654125332
2012-05-16 03:00:00,58.68171282350786,60.18017316430049,5.291610852555356
2012-05-16 03:05:00,59.21891535797108,61.40719183654454,4.659799488102339
2012-05-16 03:10:00,59.363591287447974,61.37976465131513,4.6737646729186215
2012-05-16 03:15:00,59.91567459428069,60.713465910176545,5.0729211817258335
2012-05-16 03:20:00,59.56150791250857,61.874885101106116,4.447668807193842
2012-05-16 03:25:00,60.09854510425578,61.0965131069381,4.8290475962975705
2012-05-16 03:30:00,59.54183201152542,62.284586015148626,4.294589117386919
2012-05-16 03:35:00,59.449239455965994,62.09741155828319,4.361480481167007
2012-05-16 03:40:00,59.42840612257134,62.522702375783446,4.21515564926599
2012-05-16 03:45:00,59.99322101717598,61.768666777461625,4.4918509881749635
2012-05-16 03:50:00,60.37863767267217,61.55265028168419,4.588723204007162
2012-05-16 03:55:00,60.77910078076332,61.560744914998374,4.584911428516229
2012-05-16 04:00:00,60.53951744672472,62.262720496990404,4.302177370505343
2012-05-16 04:05:00,59.89930567769971,62.64804906779339,4.279648586508075
2012-05-16 04:10:00,60.371031767106295,62.00740489466761,4.597368002336963
2012-05-16 04:15:00,60.829365089483794,61.8910438846543,4.6638584330147435
2012-05-16 04:20:00,61.64533710785222,61.773703642825105,4.733752224621649
2012-05-16 04:25:00,62.02959632917902,62.30395777265394,4.440387153286098
2012-05-16 04:30:00,62.540012983285315,61.90772695397779,4.65415213933495
2012-05-16 04:35:00,62.60482786587094,62.43303765758318,4.37749384208825
2012-05-16 04:40:00,62.63607786596293,62.986568658471214,4.141461388734767
2012-05-16 04:45:00,62.450892744296915,63.08092961237912,4.105967994815258
2012-05-16 04:50:00,62.86755942449516,62.57529445642667,4.311819453012036
2012-05-16 04:55:00,63.068948105963244,62.607155961679716,4.297616099026314
2012-05-16 05:00:00,63.39186477358047,62.38296670486318,4.4015094677214615
2012-05-16 05:05:00,64.04927224308103,62.046413138380444,4.921938241259063
2012-05-16 05:10:00,64.3171294891849,63.32411309645126,4.140252373628785
2012-05-16 05:15:00,64.47337948788697,63.176952742325035,4.215920642563054
2012-05-16 05:20:00,64.60300927415258,63.65243144462834,3.9847269497091076
2012-05-16 05:25:00,64.7175926218861,63.49319656683303,4.05789629866626
2012-05-16 05:30:00,64.90509263650095,63.28379699482549,4.160610831225525
2012-05-16 05:35:00,65.26620365609433,63.09280771961047,4.260871782577293
2012-05-16 05:40:00,65.33912032297566,63.64679548680493,3.987245670240697
2012-05-16 05:45:00,65.62615721866615,63.39306367219223,4.106081510494032
2012-05-16 05:50:00,65.54282388508751,63.830964676896855,3.9075569324714654
2012-05-16 05:55:00,65.72685188372569,63.516130327014565,4.047100102590991
2012-05-16 06:00:00,65.91782388619141,63.475953736326765,4.066073365148192
2012-05-16 06:05:00,66.21412033258282,63.74662714019758,4.1870966885324945
2012-05-16 06:10:00,66.38078697161433,64.32199506938076,3.8718587546924064
2012-05-16 06:15:00,66.5925923074747,63.96132299840735,4.063337569787869
2012-05-16 06:20:00,66.5844905337262,64.4274048821033,3.8198010859869442
2012-05-16 06:25:00,66.85416674482893,64.22921230087763,3.9191390755555653
2012-05-16 06:30:00,67.0714283569186,64.13492841690133,3.96858904780035
2012-05-16 06:35:00,67.20105811505842,64.24788674100442,3.909512827867294
2012-05-16 06:40:00,67.27397478193973,64.32199506938076,3.8718587546924064
2012-05-16 06:45:00,67.30753967498053,64.4274048821033,3.8198010859869442
2012-05-16 06:50:00,67.43253967534851,64.24788674100442,3.909512827867294
2012-05-16 06:55:00,67.47999322293751,64.37696505088957,3.844491716459778
2012-05-16 07:00:00,67.51818790187595,64.34649042251026,3.8596055021902678
2012-05-16 07:05:00,67.72999322367342,64.65826107956889,3.9381995280543425
2012-05-16 07:10:00,67.57374325133927,64.99619759278602,3.75240297989158
2012-05-16 07:15:00,67.56448435456291,64.71173413634689,3.907615096600232
2012-05-16 07:20:00,67.50198435437892,64.78436808281118,3.8667831188096606
2012-05-16 07:25:00,67.28902123453467,65.0875014792511,3.705261023840542
2012-05-16 07:30:00,67.25925962299694,64.89827954766751,3.8044051423552037
2012-05-16 07:35:00,67.20254653173843,64.85166998465004,3.8296828564556056
2012-05-16 07:40:00,67.06712986467316,64.82355534891998,3.845095844314636
2012-05-16 07:45:00,66.9502316380537,64.86243965810762,3.8238118232993954
2012-05-16 07:50:00,66.8773149711724,64.84303574755349,3.834404444923982
2012-05-16 07:55:00,66.81944475688606,64.83438623815428,3.839143583883823
2012-05-16 08:00:00,66.81944475688606,64.78436808281118,3.8667831188096606
2012-05-16 08:05:00,66.64236145115723,65.09821076664267,3.981531016463569
2012-05-16 08:10:00,66.36805577760342,64.73223409478106,4.214303184769474
2012-05-16 08:15:00,66.35879623393394,64.72050714607948,4.222127469497479
2012-05-16 08:20:00,66.28587956705263,64.68989505291327,4.2426576069017585
2012-05-16 08:25:00,66.06249979457395,64.72050714607948,4.222127469497479
2012-05-16 08:30:00,65.74999977959116,64.87777040616368,4.119088084091378
2012-05-16 08:35:00,65.66666644601251,64.77423578188943,4.186466249003331
2012-05-16 08:40:00,65.38541643287958,64.58257434605505,4.315838937444432
2012-05-16 08:45:00,65.32060153974676,64.66385514403166,4.260241568054431
2012-05-16 08:50:00,65.1494703960085,64.73223409478106,4.214303184769474
2012-05-16 08:55:00,65.01289659185245,64.75327731686573,4.200321715122168
2012-05-16 09:00:00,64.76289657705364,64.81590239242719,4.15913810873496
2012-05-16 09:05:00,64.70965609241335,64.52393317580467,4.706637137194385
2012-05-16 09:10:00,64.97354509926983,63.90634386195469,5.229168482110176
2012-05-16 09:15:00,64.79067487055262,64.47113205815545,4.748567483242501
2012-05-16 09:20:00,64.551091524209,64.30482465574615,4.884014385529469
2012-05-16 09:25:00,64.63558198081549,64.00807863973418,5.1383048064097885
2012-05-16 09:30:00,64.72933198109148,63.984721804424034,5.159000098438884
2012-05-16 09:35:00,64.7084986476968,64.37141501734729,4.829168087171669
2012-05-16 09:40:00,64.7605819794256,63.72316587383807,5.397471001326132
2012-05-16 09:45:00,64.74437843192857,64.29489761682233,4.892261400845174
2012-05-16 09:50:00,64.74884289444665,64.13684874723874,5.025986273660249
2012-05-16 09:55:00,64.56250001692257,64.23500435682224,4.9423994704837115
2012-05-16 10:00:00,64.47800924390096,64.0545719307457,5.09740290791123
2012-05-16 10:05:00,64.31249971383441,64.18908921950076,5.1169888626256155
2012-05-16 10:10:00,64.23379613802763,64.256012210729,5.057409725484399
2012-05-16 10:15:00,64.17129613784364,63.858436996983954,5.425398867763602
2012-05-16 10:20:00,64.19328691243913,63.556785878770945,5.726884613376938
2012-05-16 10:25:00,64.08796312243798,63.97382749857016,5.315129579898951
2012-05-16 10:30:00,64.08912024546582,63.97134006797727,5.3174770987613895
2012-05-16 10:35:00,64.06828691207117,64.10435915930964,5.1937991229140055
2012-05-16 10:40:00,64.22453691253112,63.627376282853795,5.654624852390925
2012-05-16 10:45:00,64.33912024620176,64.0381935814787,5.2548477762060015
2012-05-16 10:50:00,64.40162026044862,63.92639887042896,5.3601128676884215
2012-05-16 10:55:00,64.58796313797272,63.60390792176435,5.678533065641273
2012-05-16 11:00:00,64.77662059203051,63.648182200636995,5.633527052215416
2012-05-16 11:05:00,64.81828725881984,63.708271047364086,5.487799865175215
2012-05-16 11:10:00,64.59490748634117,63.9567949153577,5.2464577975119004
2012-05-16 11:15:00,64.7569443816637,63.59675331907067,5.600953171300866
2012-05-16 11:20:00,65.02662028689849,63.4861060768722,5.716180360501348
2012-05-16 11:25:00,65.21412030151335,63.61919205835893,5.577943267580828
2012-05-16 11:30:00,65.41782451051832,63.84218059410057,5.355897740277446
2012-05-16 11:35:00,65.53240784418894,63.92596595830614,5.275580813042061
2012-05-16 11:40:00,65.59490785843583,63.839770403951896,5.358234318208507
2012-05-16 11:45:00,65.45949117730764,64.13608486491029,5.081685570904528
2012-05-16 11:50:00,65.39699116306078,63.92596595830614,5.275580813042061
2012-05-16 11:55:00,65.47106496703283,63.88062272371837,5.318835433673764
2012-05-16 12:00:00,65.45171999406664,63.92596595830614,5.275580813042061
2012-05-16 12:05:00,65.50148844866736,63.80488051208847,5.120363929012409
2012-05-16 12:10:00,65.75148846346619,63.5062353303943,5.408242137324646
2012-05-16 12:15:00,65.91236824982377,63.939850689307,4.9980983739669655
2012-05-16 12:20:00,65.96445158331044,64.04947465206939,4.902369133891452
2012-05-16 12:25:00,65.92278491652111,64.00946808176765,4.936934208065277
2012-05-16 12:30:00,65.7283402511856,64.23849787496354,4.7447825678787305
2012-05-16 12:35:00,65.72536414909597,64.14814459793082,4.818930187980356
2012-05-16 12:40:00,65.66402125787695,63.969156086506864,4.972195226727594
2012-05-16 12:45:00,65.60152125769297,63.867045956028896,5.063447122674291
2012-05-16 12:50:00,65.65360460524252,63.80488051208847,5.120363929012409
2012-05-16 12:55:00,65.55175281715515,64.02951034926014,4.919563806017887
2012-05-16 13:00:00,65.58151445681865,63.89055272288132,5.042194405660656
2012-05-16 13:05:00,65.61855133771034,63.892591054960604,5.038765197132721
2012-05-16 13:10:00,65.66600488529937,63.99547119918875,4.949997398873071
2012-05-16 13:15:00,65.59308821841803,64.22442709187767,4.763224759314377
2012-05-16 13:20:00,65.46577332510127,64.1302907276574,4.838239328693134
2012-05-16 13:25:00,65.42410664424905,63.9168450958639,5.01756338779465
2012-05-16 13:30:00,65.25743997709178,63.857121821092655,5.070073530108204
2012-05-16 13:35:00,65.2071755945411,64.12485821771863,4.842641886352707
2012-05-16 13:40:00,65.37268515273342,63.83930277054429,5.085939061889797
2012-05-16 13:45:00,65.69560180628777,63.73576610011898,5.179962135437624
2012-05-16 13:50:00,65.72106489745427,63.89700906774049,5.034888844833447
2012-05-16 13:55:00,65.91666668581763,63.821428213754075,5.101948822710226
2012-05-16 14:00:00,66.0729166862776,63.93661113999632,5.000411607494314
2012-05-16 14:05:00,66.12847268263403,64.05919946658031,4.938529333983498
2012-05-16 14:10:00,66.04976913495301,64.17733164181647,4.842807687870638
2012-05-16 14:15:00,66.20601910728718,64.1856734410364,4.836201305997498
2012-05-16 14:20:00,66.31713042498113,63.990549931691255,4.996058663724075
2012-05-16 14:25:00,66.25463042479716,63.93633597135329,5.042494114053372
2012-05-16 14:30:00,66.66203756308379,63.63485976038194,5.317257351982832
2012-05-16 14:35:00,66.85069468666357,64.12701628127576,4.883076081129184
2012-05-16 14:40:00,66.90277802015022,64.24163692380364,4.792406951501659
2012-05-16 14:45:00,66.80902804800006,64.42401431840754,4.655790466462931
2012-05-16 14:50:00,66.8182869447764,64.04211628507595,4.95271235302478
2012-05-16 14:55:00,66.82870361147374,64.2786232907808,4.7639538359806695
2012-05-16 15:00:00,66.59375003520698,64.31535054893963,4.7360795210428
2012-05-16 15:05:00,66.6215273724292,64.42730357301635,4.224023513217284
2012-05-16 15:10:00,66.60069403903454,64.30897208438635,4.304527167556578
2012-05-16 15:15:00,66.46527740009503,64.70845689144939,4.046585541306761
2012-05-16 15:20:00,66.5393511900042,64.45849732153313,4.203402909217172
2012-05-16 15:25:00,66.72685120461902,64.10886924185525,4.449292002648092
2012-05-16 15:30:00,66.59722206524656,64.64259760344545,4.086510335881031
2012-05-16 15:35:00,66.46180542630704,64.70845689144939,4.046585541306761
2012-05-16 15:40:00,66.32638875924175,64.5894334943814,4.1194467863235955
2012-05-16 15:45:00,66.31712921557227,64.52044172490876,4.163169377872362
2012-05-16 15:50:00,66.37615722790537,64.33281086913,4.288013195741755
2012-05-16 15:55:00,66.33449056111606,64.55502828718433,4.141110899232529
2012-05-16 16:00:00,66.51736080389612,64.17219664645897,4.402262507558792
2012-05-16 16:05:00,66.4930554826506,64.65167196692933,3.9886943592457533
2012-05-16 16:10:00,66.70138881659722,64.45287258589899,4.112751934785546
2012-05-16 16:15:00,66.67592569730492,64.66322142784824,3.9817852313948356
2012-05-16 16:20:00,66.35185190665983,64.75886883594471,3.9257508153912433
2012-05-16 16:25:00,62.50810181096761,64.61112791282649,4.01320111738212
2012-05-16 16:30:00,58.04513881924158,64.60532180805096,4.0167429696894095
2012-05-16 16:35:00,53.4826389464399,64.66322142784824,3.9817852313948356
2012-05-16 16:40:00,49.0486111462344,64.5411684615684,4.0564304669936595
2012-05-16 16:45:00,44.70601901587182,64.68243472993976,3.9703597348848017
2012-05-16 16:50:00,40.66286428626288,64.61112791282649,4.01320111738212
2012-05-16 16:55:00,36.40591981991201,64.66322142784824,3.9817852313948356
2012-05-16 17:00:00,32.17675328142487,64.66322142784824,3.9817852313948356
2012-05-16 17:05:00,28.051753184904744,64.75111885954756,3.673855966281486
2012-05-16 17:10:00,23.885086421595293,64.93862019607442,3.5822022793959594
2012-05-16 17:15:00,19.996197643137094,64.7606603642378,3.669013240045897
2012-05-16 17:20:00,16.251984456646337,64.35644160742272,3.892947245232218
2012-05-16 17:25:00,15.751984680180788,47.03426530112128,18.54582742525975
2012-05-16 17:30:00,16.114252924758016,45.489405678004346,20.701560817140376
2012-05-16 17:35:00,16.770502701683522,45.357180837819605,20.895051722955305
2012-05-16 17:40:00,17.298280406012818,45.47024200386506,20.729534275479555
2012-05-16 17:45:00,17.650131983892717,45.85119375913558,20.178662149438466
2012-05-16 17:50:00,17.939814545857164,46.47789829620741,19.298130479459754
2012-05-16 17:55:00,18.082175582385243,46.0228580412408,19.934143977209875
2012-05-16 18:00:00,18.957175359954682,46.089086508332834,19.84046620395647
2012-05-16 18:05:00,19.21759202738794,46.322112596249234,18.11664275682568
2012-05-16 18:10:00,19.42890174468204,46.507984338705164,17.844237753683732
2012-05-16 18:15:00,20.086309179025356,46.97120334770094,17.185110596183105
2012-05-16 18:20:00,20.367559179853274,46.702059585883354,17.56461691097704
2012-05-16 18:25:00,20.948577425074436,45.80897031425484,18.891420790391265
2012-05-16 18:30:00,24.65691084315419,46.374412610803596,18.039544010333824
2012-05-16 18:35:00,28.59325378796873,46.994640904021516,17.152517533481404
2012-05-16 18:40:00,32.614087217515554,46.787881826658726,17.442560555539796
2012-05-16 18:45:00,36.50992064669442,46.787881826658726,17.442560555539796
2012-05-16 18:50:00,40.24140232979061,47.36091842337024,16.652668286231116
2012-05-16 18:55:00,44.49718933560418,46.42734759313891,17.961860809975544
2012-05-16 19:00:00,47.903439430008525,48.92553759356264,14.71291090481453
2012-05-16 19:05:00,51.801587724010425,47.48560375242648,14.932821487958188
2012-05-16 19:10:00,55.77777807529464,47.55932076671988,14.836403700476325
2012-05-16 19:15:00,59.02430587200448,49.92403252936004,12.16694857912507
2012-05-16 19:20:00,62.743055967328736,48.025526903114034,14.246557108035452
2012-05-16 19:25:00,66.66203756659951,47.80877090830813,14.516570406702629
2012-05-16 19:30:00,67.09143577656025,63.93692988954725,3.5619462840434637
2012-05-16 19:35:00,66.9432875779746,64.69073989532136,3.271927154841641
2012-05-16 19:40:00,66.95023222869524,64.70950092068527,3.2660234535831267
2012-05-16 19:45:00,67.02662088342744,64.50596173973908,3.3330182077584514
2012-05-16 19:50:00,67.04861136797574,64.55513858246043,3.3162153419162466
2012-05-16 19:55:00,66.95949112547163,64.87000444025628,3.217550993086549
2012-05-16 20:00:00,66.99305599038665,64.72636892585156,3.2607595718039426
2012-05-16 20:05:00,66.83449111104076,64.19013670469279,3.114016340686515
2012-05-16 20:10:00,66.88657444452741,64.362294358817,3.0717560369611134
2012-05-16 20:15:00,66.8136577776461,64.16856841634224,3.119496805093151
2012-05-16 20:20:00,66.96990774998027,64.16856841634224,3.119496805093151
2012-05-16 20:25:00,66.93981490104191,64.39739151664074,3.0634441495162967
2012-05-16 20:30:00,67.0416666750664,64.19013670469279,3.114016340686515
2012-05-16 20:35:00,67.04513869104306,63.98605005529085,3.167727116621346
2012-05-16 20:40:00,66.99652737353308,64.26849045546908,3.094465135382715
2012-05-16 20:45:00,67.0891202507812,64.17445138889526,3.117997264664105
2012-05-16 20:50:00,67.21412025114917,64.13325903538812,3.128565037155342
2012-05-16 20:55:00,67.41203689027266,64.27436120736742,3.0930207074344813
2012-05-16 21:00:00,67.49305533090248,64.3310579856691,3.0792360339230456
2012-05-16 21:05:00,67.58680534524134,63.48448389746201,3.258282393060646
2012-05-16 21:10:00,67.3680553727232,64.02675081221935,3.1293475528180843
2012-05-16 21:15:00,67.44097203960452,63.61080936072809,3.2263163385420235
2012-05-16 21:20:00,67.33449050780818,64.00870948357154,3.133325903286108
2012-05-16 21:25:00,67.3080355607418,63.920395987096185,3.153072962511894
2012-05-16 21:30:00,67.19692424304783,63.93646499488819,3.149446423458125
2012-05-16 21:35:00,67.4885908824473,63.55661920886933,3.2398653460791174
2012-05-16 21:40:00,67.28720218515845,63.75553683774222,3.1912427641911982
2012-05-16 21:45:00,67.33697062569628,63.90432404015936,3.15671750206973
2012-05-16 21:50:00,67.23280395872298,63.9183882558738,3.1535280518182347
2012-05-16 21:55:00,67.04067420039918,64.18867617473116,3.0944290499972182
2012-05-16 22:00:00,66.7385908802395,64.04478508129448,3.1253890591561095
2012-05-16 22:05:00,66.58234086571666,63.22862637801083,3.4684222744708975
2012-05-16 22:10:00,66.50942418477244,63.22862637801083,3.4684222744708975
2012-05-16 22:15:00,66.44692418458847,63.31957252555191,3.4454298509278565
2012-05-16 22:20:00,66.54298904968748,63.40665813451781,3.4239069997871696
2012-05-16 22:25:00,66.25462973571535,63.457636665973006,3.411517337215147
2012-05-16 22:30:00,66.13657441419386,63.32564271037872,3.4439149397558846
2012-05-16 22:35:00,65.71180598661502,63.64806140389496,3.366489891939136
2012-05-16 22:40:00,65.87152801711456,62.98765933081012,3.532211279500808
2012-05-16 22:45:00,65.56250004623419,63.575019956956936,3.3835372552529903
2012-05-16 22:50:00,65.43750003180334,63.31957252555191,3.4454298509278565
2012-05-16 22:55:00,65.34490780144833,63.43909613975244,3.4160051441369514
2012-05-16 23:00:00,65.41782448239253,63.101778750708554,3.5014486149306467
2012-05-16 23:05:00,65.37037092074063,62.54374874356165,3.795387972660409
2012-05-16 23:10:00,65.045139367206,62.68540003287098,3.755654292812912
2012-05-16 23:15:00,64.94097268616981,62.792648816816694,3.7264505703352175
2012-05-16 23:20:00,64.52083370697916,63.15482527991751,3.6324565085373055
2012-05-16 23:25:00,64.34490749791026,62.54179350033254,3.7959470851922053
2012-05-16 23:30:00,63.76157416285977,62.70321842246335,3.750752727429653
2012-05-16 23:35:00,63.71759260312164,62.494969555530496,3.8094091559198127
2012-05-16 23:40:00,63.40972235997358,62.84655726078682,3.712030113394975
2012-05-16 23:45:00,63.55787057262211,62.620271333294426,3.773749018268489
2012-05-16 23:50:00,63.57870392007968,62.68540003287098,3.755654292812912
2012-05-16 23:55:00,63.29050925446822,62.85856165632023,3.7088412537850193
2012-05-17 00:00:00,62.79976845915638,62.810598673371764,3.721630513484438
2012-05-17 00:05:00,62.60763868676971,62.5329878980857,3.8310577152681997
2012-05-17 00:10:00,62.77430535392699,62.20134434702752,3.9269656384723652
2012-05-17 00:15:00,62.263888699820704,62.68687648554413,3.789570772261674
2012-05-17 00:20:00,61.8657407958199,62.50113468950053,3.8398612414803472
2012-05-17 00:25:00,62.00115746112733,62.311141343590464,3.894105296411059
2012-05-17 00:30:00,62.66782412975646,61.79100571590829,4.062094156843647
2012-05-17 00:35:00,61.93865744688045,62.48920367854163,3.843178354681782
2012-05-17 00:40:00,62.2777776901205,62.39005805002375,3.8711962236395863
2012-05-17 00:45:00,61.89699079415402,62.95040602901427,3.7219880906851515
2012-05-17 00:50:00,61.61574078102109,62.79529633060332,3.7612824597931547
2012-05-17 00:55:00,61.66319434267299,62.43559894561537,3.8582254541698604
2012-05-17 01:00:00,62.01851845685662,62.0460786049891,3.9756186946511547
2012-05-17 01:05:00,62.35185180523408,61.993742044489444,4.169318687571136
2012-05-17 01:10:00,62.166666690599506,62.25992287939105,4.085050509064083
2012-05-17 01:15:00,61.828703598513094,61.632664276608445,4.296180558826964
2012-05-17 01:20:00,62.05092560810224,61.63983120015498,4.293488808450029
2012-05-17 01:25:00,61.48958305292083,62.31493708914032,4.068390339405292
2012-05-17 01:30:00,60.80208305089703,62.678215697704076,3.9633296098956072
2012-05-17 01:35:00,61.39583307022347,61.13253132805431,4.506688466168025
2012-05-17 01:40:00,60.973379493404785,62.730711629463435,3.948734688694852
2012-05-17 01:45:00,60.546296172877135,62.07749339231279,4.142090984490301
2012-05-17 01:50:00,60.26504618435425,62.094312100004856,4.136706893094893
2012-05-17 01:55:00,59.20949086007301,62.290250053055246,4.0758375698246665
2012-05-17 02:00:00,59.251157526862336,62.41792323638567,4.037788216830779
2012-05-17 02:05:00,58.78587983677991,62.508155607688934,4.17336731031949
2012-05-17 02:10:00,58.65046318377751,61.953642782138935,4.365030714959004
2012-05-17 02:15:00,58.84490780692433,61.13557183116611,4.725929346183025
2012-05-17 02:20:00,57.93055606566532,61.98215986624812,4.354400489156389
2012-05-17 02:25:00,58.10648196710843,61.43521679320082,4.579299377612283
2012-05-17 02:30:00,58.6342599386327,61.5736065107078,4.517723534557422
2012-05-17 02:35:00,58.03588018966021,62.03398035370244,4.335338602242445
2012-05-17 02:40:00,57.26041706816014,62.025034171737694,4.3386063406237385
2012-05-17 02:45:00,57.08333370617974,61.41801152819965,4.587209727250358
2012-05-17 02:50:00,56.6875003435554,61.6520195066978,4.484363059740926
2012-05-17 02:55:00,57.363426218344564,60.69961657547941,4.977398525560278
2012-05-17 03:00:00,56.70717623047565,62.458435969787246,4.189482964730252
2012-05-17 03:05:00,55.846064868385234,61.98421804634416,4.6397093505193485
2012-05-17 03:10:00,55.46957681623653,61.946143286974745,4.6586014420535236
2012-05-17 03:15:00,55.36772504221205,61.60558021368278,4.839112071882512
2012-05-17 03:20:00,55.59689165330173,60.745255918359106,5.39918698375369
2012-05-17 03:25:00,54.94064162324415,61.897138582862844,4.683282973834065
2012-05-17 03:30:00,54.348048758587076,62.5901999293902,4.369102203972681
2012-05-17 03:35:00,54.71726185076548,61.29777683432116,5.021444999616207
2012-05-17 03:40:00,54.95833326397467,61.00806920524851,5.211073531648298
2012-05-17 03:45:00,55.66550917401306,61.3216272807195,5.006628953473303
2012-05-17 03:50:00,56.38425919194958,61.2225522848436,5.06895485503201
2012-05-17 03:55:00,56.504629420482814,61.88260958323466,4.690681068502494
2012-05-17 04:00:00,56.49421275378549,61.634820056703205,4.8227653078750015
2012-05-17 04:05:00,57.90162024658815,60.66550499447347,6.285802514723415
2012-05-17 04:10:00,58.746858286053815,61.51539420949825,5.565434773556174
2012-05-17 04:15:00,59.20056184890161,61.62240296094111,5.483641804987289
2012-05-17 04:20:00,59.90889519838296,61.22928306004386,5.793501075708977
2012-05-17 04:25:00,60.657737768179224,60.940054448291356,6.038576335412656
2012-05-17 04:30:00,61.05588598332156,61.87550267132958,5.297557037816045
2012-05-17 04:35:00,61.597552651582724,62.12229657134775,5.125950610455935
2012-05-17 04:40:00,62.363425906100794,61.55922353665312,5.531706554066748
2012-05-17 04:45:00,62.208333345083794,62.73071937108648,4.744022271588196
2012-05-17 04:50:00,62.35185179820264,62.645176286663464,4.7942012642476985
2012-05-17 04:55:00,62.6782407911802,62.33583811910842,4.985249220402842
2012-05-17 05:00:00,63.38310211062199,61.823084655912254,5.335252652779225
2012-05-17 05:05:00,63.293155363723294,63.791929747085184,4.269456701105281
2012-05-17 05:10:00,63.25148869693399,63.61208492496328,4.373994206588154
2012-05-17 05:15:00,63.64037736664898,62.987519163310814,4.774787242472941
2012-05-17 05:20:00,64.06299622465853,63.068670674952166,4.719464099512088
2012-05-17 05:25:00,64.68336677811017,62.84113632548858,4.876971800816368
2012-05-17 05:30:00,65.12086679170308,63.14894728738674,4.6656771589444235
2012-05-17 05:35:00,64.97503344387755,63.667787723868095,4.341087766360965
2012-05-17 05:40:00,65.20767214125837,63.51188333308624,4.43437281924204
2012-05-17 05:45:00,65.65558882330647,63.028203473685004,4.746932868718483
2012-05-17 05:50:00,65.8037370500179,63.495034819090755,4.444675238990119
2012-05-17 05:55:00,65.84771860975604,63.49925077621247,4.44209275729803
2012-05-17 06:00:00,66.11160726504018,63.66162163010557,4.344707527099921
2012-05-17 06:05:00,66.31845223855832,64.19204944458325,4.269811761048007
2012-05-17 06:10:00,66.4538689196865,64.0843794295059,4.340746600557317
2012-05-17 06:15:00,66.70386892042242,64.27829894419814,4.2142016506762205
2012-05-17 06:20:00,66.7812500779476,64.42417156968604,4.12263814912865
2012-05-17 06:25:00,66.74537032008377,64.5784487852147,4.029247877676142
2012-05-17 06:30:00,66.78406088478347,64.53103116831936,4.057571783328876
2012-05-17 06:35:00,67.13938468958344,63.93461417391914,4.442166418735767
2012-05-17 06:40:00,67.18105135637276,64.5115082294321,4.069330809491222
2012-05-17 06:45:00,67.34771799540425,64.43268741127967,4.1173896802810726
2012-05-17 06:50:00,67.41021799558825,64.33249802599447,4.179813965844821
2012-05-17 06:55:00,67.73081975619377,64.13114992828004,4.309728047571527
2012-05-17 07:00:00,67.50165311697829,64.72232286254989,3.9453949061086084
2012-05-17 07:05:00,67.47040311688629,64.83783800356387,4.246638474627773
2012-05-17 07:10:00,67.57109776788293,64.5792515936332,4.430512329886974
2012-05-17 07:15:00,67.27744747293528,65.01012808444328,4.129770722299194
2012-05-17 07:20:00,67.15244747256733,64.81676273214423,4.2612459399298
2012-05-17 07:25:00,67.14203080587001,64.75301982528022,4.30583974181252
2012-05-17 07:30:00,67.14203080587001,64.85284003147731,4.236281800235404
2012-05-17 07:35:00,67.10962368275015,64.88204809938918,4.216214444540374
2012-05-17 07:40:00,66.79563561672255,64.83783800356387,4.246638474627773
2012-05-17 07:45:00,66.50744096517397,65.0033520759451,4.134278526655985
2012-05-17 07:50:00,66.44494096498998,64.6885003513575,4.351602592057035
2012-05-17 07:55:00,66.19494099237986,65.0033520759451,4.134278526655985
2012-05-17 08:00:00,66.15327432559053,64.51267550586927,4.479468525804569
2012-05-17 08:05:00,65.95535764427838,64.84578553549315,4.4875668400812065
2012-05-17 08:10:00,65.71924631215354,64.86028807754452,4.476309212334492
2012-05-17 08:15:00,65.74900795181706,64.46614447005082,4.794564480668828
2012-05-17 08:20:00,65.53604483197282,64.62354679809182,4.664420161244789
2012-05-17 08:25:00,65.41699700765831,64.80204387466038,4.521729574863342
2012-05-17 08:30:00,65.34705644286662,64.92607762765807,4.425684397815664
2012-05-17 08:35:00,65.09242665623306,64.88917198169136,4.45399395931672
2012-05-17 08:40:00,64.95849804197043,64.22274213219387,5.003647423106676
2012-05-17 08:45:00,64.9538689170288,64.47057052680593,4.790850864176634
2012-05-17 08:50:00,64.78720223580864,64.62354679809182,4.664420161244789
2012-05-17 08:55:00,64.82886890259796,64.55517597569504,4.720457333575566
2012-05-17 09:00:00,64.79761888844307,64.48603740367399,4.777895423261152
2012-05-17 09:05:00,64.8728504342103,64.22070762522168,5.247094734098
2012-05-17 09:10:00,64.85201710081564,64.15072217167297,5.315069615719777
2012-05-17 09:15:00,64.75826708647678,64.33580072472974,5.137321922636149
2012-05-17 09:20:00,64.70039685812753,63.95016605394881,5.514955425610842
2012-05-17 09:25:00,64.6157411062673,64.34882764733443,5.125058319844172
2012-05-17 09:30:00,64.39699109156045,64.58187430926446,4.911161058216215
2012-05-17 09:35:00,64.32291730165129,64.1402955906355,5.325276576544726
2012-05-17 09:40:00,64.6562506482709,63.71739294342902,5.756269676870214
2012-05-17 09:45:00,64.42824110571534,64.26441844612832,5.20510793959416
2012-05-17 09:50:00,64.57407445354086,64.05636073083735,5.408181695007084
2012-05-17 09:55:00,64.40740777232068,64.44889285726737,5.031928127549647
2012-05-17 10:00:00,64.14930599080479,64.22070762522168,5.247094734098
2012-05-17 10:05:00,63.95486133953219,64.11196620045419,5.48188155257004
2012-05-17 10:10:00,63.975694672926856,63.83517811676058,5.77897849403394
2012-05-17 10:15:00,63.954861339532194,63.858225083237244,5.753585661084871
2012-05-17 10:20:00,63.98495390018122,63.55355573753624,6.0986868530590925
2012-05-17 10:25:00,64.10532414277733,63.89139389487409,5.717251221738614
2012-05-17 10:30:00,64.06597236893684,63.83517811676058,5.77897849403394
2012-05-17 10:35:00,64.08217593049675,63.70592312067772,5.92355657389576
2012-05-17 10:40:00,64.01967593031277,64.19525515154,5.395867578300568
2012-05-17 10:45:00,63.93634259497626,63.481807356104724,6.182900636292917
2012-05-17 10:50:00,63.967592595068254,64.10703029348427,5.487028262318064
2012-05-17 10:55:00,63.93634259497626,63.812062762431374,5.804564494892279
2012-05-17 11:00:00,63.93105161048499,63.36655927647549,6.320488642287091
2012-05-17 11:05:00,64.07109804938504,63.54445937968644,5.978918558569294
2012-05-17 11:10:00,63.70651471497848,63.73476909719998,5.7608049319957075
2012-05-17 11:15:00,63.64847886792893,63.66770307931031,5.836616079931009
2012-05-17 11:20:00,63.741071428761934,63.48341017442585,6.050835072443378
2012-05-17 11:25:00,63.470238080568464,63.99657962241536,5.475931992214836
2012-05-17 11:30:00,63.47023808056846,63.60506501666642,5.908458144845302
2012-05-17 11:35:00,63.324404748563694,63.60003115460972,5.914274810854072
2012-05-17 11:40:00,63.12648806725153,63.91049394848182,5.567642591631581
2012-05-17 11:45:00,63.56398808260229,63.159004910826674,6.44872651144991
2012-05-17 11:50:00,63.511904749115644,64.0179083212442,5.4535053329523615
2012-05-17 11:55:00,63.50496041481009,63.60003115460972,5.914274810854072
2012-05-17 12:00:00,63.7162698473306,63.2231767394674,6.367926355057687
2012-05-17 12:05:00,63.79960319497213,63.79626372704312,5.481044247873043
2012-05-17 12:10:00,64.16418652937868,62.895238541193464,6.547161227286709
2012-05-17 12:15:00,64.32291704148776,63.50122175757762,5.80475108136725
2012-05-17 12:20:00,64.34606525376834,63.640840617707305,5.648489099321778
2012-05-17 12:25:00,64.43981525404432,63.379790399329636,5.945152706776052
2012-05-17 12:30:00,64.45833369449016,63.562985301591794,5.734943326544628
2012-05-17 12:35:00,64.39583369254832,63.24356002510316,6.107644916411236
2012-05-17 12:40:00,64.51041702621895,63.44712197387441,5.866786837301027
2012-05-17 12:45:00,64.42708369264031,64.04594071717129,5.226418792610776
2012-05-17 12:50:00,64.29282445798653,63.85970795913715,5.414664660924212
2012-05-17 12:55:00,64.41435212596272,63.543388954398864,5.75697535288122
2012-05-17 13:00:00,64.37500035212221,63.645677690659596,5.643176672433186
2012-05-17 13:05:00,64.26041700438869,63.96933389070466,5.224328259069682
2012-05-17 13:10:00,64.29166700448069,63.69819485738859,5.496554297825097
2012-05-17 13:15:00,64.0787038916679,63.83875758027736,5.35267384999903
2012-05-17 13:20:00,64.00000032992399,63.69819485738859,5.496554297825097
2012-05-17 13:25:00,64.06250033010797,63.59076332086434,5.610551208824169
2012-05-17 13:30:00,64.02546343515337,63.612383016123204,5.587329180414017
2012-05-17 13:35:00,64.29629676928396,63.12288527163608,6.148336237137997
2012-05-17 13:40:00,64.24421343579732,63.69819485738859,5.496554297825097
2012-05-17 13:45:00,64.10879675466913,63.88720590181672,5.304459499855301
2012-05-17 13:50:00,64.03472264131341,63.593169102295796,5.607959867508984
2012-05-17 13:55:00,64.01388930791875,63.80391144510801,5.387787264527997
2012-05-17 14:00:00,64.02314852814166,63.573902515899675,5.628761756273103
2012-05-17 14:05:00,64.05439852823366,63.87472585702623,5.195349894465172
2012-05-17 14:10:00,64.09259319310921,63.8956526524131,5.175401482725923
2012-05-17 14:15:00,64.29861165520134,63.536120495001235,5.537221514751881
2012-05-17 14:20:00,64.48148189798142,63.671496348032996,5.396173080605531
2012-05-17 14:25:00,64.51273189807343,63.85373295197558,5.215496930516487
2012-05-17 14:30:00,64.73726880764285,63.671496348032996,5.396173080605531
2012-05-17 14:35:00,64.87268548877101,63.83267555449397,5.235842393999355
2012-05-17 14:40:00,65.01273192767106,63.72641706019335,5.340622793783981
2012-05-17 14:45:00,65.0231485943684,63.74779501430775,5.3192552673053415
2012-05-17 14:50:00,65.14351882290161,63.575032110812906,5.496075287536399
2012-05-17 14:55:00,64.93518549071287,63.8956526524131,5.175401482725923
2012-05-17 15:00:00,64.9131947108438,63.72879503928377,5.338238345762417
2012-05-17 15:05:00,64.82870425423731,64.18148475186577,4.634301689713928
2012-05-17 15:10:00,63.415509627502864,64.21510015882112,4.607120281679491
2012-05-17 15:15:00,60.65393543592146,64.20167472193187,4.617938134611217
2012-05-17 15:20:00,57.8206020098703,64.28184919205303,4.554112003541667
2012-05-17 15:25:00,53.966435261543644,64.16124080841327,4.65082904940365
2012-05-17 15:30:00,50.9039351681512,64.36110404735977,4.492805239896821
2012-05-17 15:35:00,47.63310174081215,64.34137629648718,4.507903247060464
2012-05-17 15:40:00,43.79050904940565,64.25077891574382,4.578628015062155
2012-05-17 15:45:00,40.78009230356276,64.01792912026413,4.771326983075492
2012-05-17 15:50:00,37.78009249161217,64.07057193191783,4.726345804720091
2012-05-17 15:55:00,35.13425907841796,63.723105529960755,5.039334350570694
2012-05-17 16:00:00,31.646990529320902,63.93479649230583,4.844102627257753
2012-05-17 16:05:00,28.106480904942003,64.28856914585653,4.360555789647923
2012-05-17 16:10:00,25.846064119118196,60.813606514798884,8.185189265643512
2012-05-17 16:15:00,24.55902717829531,51.88032629884416,16.014696108632197
2012-05-17 16:20:00,23.194443840945052,51.70638686552803,16.176745421489965
2012-05-17 16:25:00,22.502314334281504,47.251844762736674,20.766327980811607
2012-05-17 16:30:00,21.28356433069386,50.69733800918979,17.140864232154666
2012-05-17 16:35:00,20.05324022799738,49.669191405558415,18.167896379577986
2012-05-17 16:40:00,19.70370328993421,47.42307202635408,20.574110048143677
2012-05-17 16:45:00,18.662036845207496,50.09162447867794,17.740299355602627
2012-05-17 16:50:00,17.782407112985695,50.26585906400922,17.566232681223358
2012-05-17 16:55:00,16.42824044233277,51.18608752686497,16.668645196131624
2012-05-17 17:00:00,16.01157399944586,48.04110622688095,19.89020654683249
2012-05-17 17:05:00,15.324073997422069,47.37533677087641,19.03542853553203
2012-05-17 17:10:00,14.895833230420015,47.27733066391692,19.154335927789038
2012-05-17 17:15:00,14.631944490758515,46.21613564108254,20.476942314661112
2012-05-17 17:20:00,14.656250121387721,45.95676142784106,20.808880047394727
2012-05-17 17:25:00,15.739583457910063,45.09596022287345,21.927551860998452
2012-05-17 17:30:00,15.797619333085402,45.860452655911956,20.932866619383713
2012-05-17 17:35:00,15.830026990595208,45.36585201813818,21.574671891820575
2012-05-17 17:40:00,15.225860322150057,45.932478297841946,20.84010597181253
2012-05-17 17:45:00,15.069610096683803,45.98118878687902,20.77750179371126
2012-05-17 17:50:00,15.016369330785636,46.476467031127775,20.146904872641233
2012-05-17 17:55:00,15.133267754285598,45.76632149496236,21.054384084730444
2012-05-17 18:00:00,15.438823160736419,46.23918596155935,20.447586080100137
2012-05-17 18:05:00,15.703869332809433,45.475764671016,19.46787242023375
2012-05-17 18:10:00,15.517526764669006,45.99197255135616,18.73216875586552
2012-05-17 18:15:00,16.09623037007344,45.49791946641548,19.435862573863833
2012-05-17 18:20:00,16.999008075506623,45.903468685487404,18.856749006979268
2012-05-17 18:25:00,17.406415509114016,47.7787397110962,16.373821352696154
2012-05-17 18:30:00,19.796296420314427,45.88474624870406,18.88318690981837
2012-05-17 18:35:00,24.180555822170763,45.32426804116441,19.687720001613183
2012-05-17 18:40:00,29.199074136706173,44.63504145329114,20.70682337700754
2012-05-17 18:45:00,33.657407567540865,45.52020094036234,19.403709398480277
2012-05-17 18:50:00,37.76157433066634,46.2276770017746,18.403710295561776
2012-05-17 18:55:00,42.104166461028925,45.925416925102724,18.82579286511617
2012-05-17 19:00:00,46.1921293672737,46.96484061952583,17.40958903224009
2012-05-17 19:05:00,50.48842616998083,46.46331417530909,16.237516360755155
2012-05-17 19:10:00,54.78455739617633,45.91762101929441,17.016656703978256
2012-05-17 19:15:00,58.8427586627576,47.39458881624035,14.99956195688778
2012-05-17 19:20:00,62.36359206270678,49.29097358934623,12.823847105467467
2012-05-17 19:25:00,65.67956420093762,50.00996626075747,12.109215618682235
2012-05-17 19:30:00,67.6230163545687,59.450027549324,5.985062327487909
2012-05-17 19:35:00,67.87301636936752,64.65440549816377,3.163471024000724
2012-05-17 19:40:00,67.72949792855371,65.09554982806607,3.042267765890221
2012-05-17 19:45:00,67.6878312617644,64.94266305303631,3.0810582333874947
2012-05-17 19:50:00,67.80357171846288,64.85422348271801,3.104977739141565
2012-05-17 19:55:00,67.70866459515905,65.04943089128757,3.0536447594795306
2012-05-17 20:00:00,67.46329438032075,65.26957320279531,3.001655323934798
2012-05-17 20:05:00,67.46445147522282,64.80073308639196,2.991933434505776
2012-05-17 20:10:00,67.59540367977,64.41561085339829,3.0759570311638167
2012-05-17 20:15:00,67.42609152915642,64.94439920165358,2.964240179325613
2012-05-17 20:20:00,67.36359152897242,64.8900139833949,2.974519085915255
2012-05-17 20:25:00,67.09275820890475,64.80268425665547,2.9915450314418472
2012-05-17 20:30:00,66.85995424439595,64.7245350119966,3.007359219598167
2012-05-17 20:35:00,66.63194470008254,64.80073308639196,2.991933434505776
2012-05-17 20:40:00,66.66319470017451,64.57127377023066,3.0401032755906208
2012-05-17 20:45:00,66.57986136659588,64.58928345736743,3.0361297627580655
2012-05-17 20:50:00,66.52662091008139,64.76944216327901,2.998202714751578
2012-05-17 20:55:00,66.68287088241554,64.60726085610001,3.0321978198395887
2012-05-17 21:00:00,66.65509289830023,64.57928251793669,3.038331252531259
2012-05-17 21:05:00,66.33217624474588,64.4570485762765,3.108262606127511
2012-05-17 21:10:00,66.15509289682838,64.29425321283962,3.1411518052468987
2012-05-17 21:15:00,66.08101848815188,64.31044878667585,3.1377863438165723
2012-05-17 21:20:00,65.79976850138686,64.43909428287846,3.111791576824078
2012-05-17 21:25:00,65.76388872946013,63.98026950279337,3.211017344500156
2012-05-17 21:30:00,65.66203694137273,63.96573319573398,3.214484593155825
2012-05-17 21:35:00,65.62037026052053,64.05481203707875,3.193581549996585
2012-05-17 21:40:00,65.25578691380893,64.27600627062152,3.1449689387003725
2012-05-17 21:45:00,65.14814821679609,64.091941968623,3.1851041704175027
2012-05-17 21:50:00,64.92939820208926,64.33065625098185,3.133616934873349
2012-05-17 21:55:00,64.79398156314974,64.52852198242978,3.094443942601755
2012-05-17 22:00:00,64.71296312251992,64.18022991985177,3.165472890996392
2012-05-17 22:05:00,64.61805568280099,63.46867714857651,3.426747085567932
2012-05-17 22:10:00,64.78472236402116,63.56254709830518,3.4033201748579724
2012-05-17 22:15:00,64.64583368097921,63.76359538215518,3.35573738927491
2012-05-17 22:20:00,64.56250034740056,63.52503622757788,3.412583895206911
2012-05-17 22:25:00,64.61921345272195,63.49791401026345,3.4193628287870053
2012-05-17 22:30:00,64.59143546157519,63.364055427454105,3.4538622011209843
2012-05-17 22:35:00,64.62268547573008,63.56254709830518,3.4033201748579724
2012-05-17 22:40:00,64.81250036747296,63.20462530395698,3.4974032125849726
2012-05-17 22:45:00,64.8368057168443,63.4812111034704,3.423571895090752
2012-05-17 22:50:00,64.95138906457782,63.52503622757788,3.412583895206911
2012-05-17 22:55:00,64.56250005603499,63.87865016027764,3.329939052783048
2012-05-17 23:00:00,64.31547614255673,63.61870478963584,3.389685552423409
2012-05-17 23:05:00,64.5469573864317,62.88099928463985,3.749225286219303
2012-05-17 23:10:00,64.08515171232594,63.43488433821586,3.600898713888661
2012-05-17 23:15:00,63.895998041259816,63.094129793351165,3.689074661199742
2012-05-17 23:20:00,63.86243315525045,62.95684179282835,3.727320993147119
2012-05-17 23:25:00,63.74784982157983,63.17803603516044,3.6665226734277
2012-05-17 23:30:00,64.07308138917732,62.897396362165686,3.744440583483543
2012-05-17 23:35:00,63.83349804283369,63.196438077034266,3.661655027744292
2012-05-17 23:40:00,63.69460904337661,63.1268870825267,3.6801996532983963
2012-05-17 23:45:00,63.75363704164682,63.104367298781455,3.6862915301388797
2012-05-17 23:50:00,63.222387026020094,63.30668988472192,3.6330459125423524
2012-05-17 23:55:00,63.05919268554154,62.76627301395877,3.783499356931672
2012-05-18 00:00:00,62.85829991697171,62.75925366817767,3.785642626324524
2012-05-18 00:05:00,62.38607789961518,63.72890279269182,3.885086593860841
2012-05-18 00:10:00,62.50115746007225,62.990565557896154,4.148427105670346
2012-05-18 00:15:00,62.65327423618381,63.14683645054273,4.089314434716553
2012-05-18 00:20:00,62.27017246836284,63.299711433836016,4.033439463802893
2012-05-18 00:25:00,62.34656115122083,63.385432013952084,4.00287092341878
2012-05-18 00:30:00,62.252811150944844,63.92409800170099,3.8209488853162044
2012-05-18 00:35:00,62.42989448304161,63.16144995585763,4.083893287595976
2012-05-18 00:40:00,61.800265025782174,63.28162264995306,4.039956757243794
2012-05-18 00:45:00,62.00165370900811,63.6403515770596,3.914800982201182
2012-05-18 00:50:00,62.01207037570544,62.70911835574524,4.260779783126037
2012-05-18 00:55:00,61.83498705591372,62.83277507289187,4.2104117851738305
2012-05-18 01:00:00,61.88707038940036,62.75034130132001,4.243803732746655
2012-05-18 01:05:00,62.14632961035921,62.573040219815084,4.594445592375881
2012-05-18 01:10:00,61.9097223748945,62.97105157004081,4.417541363536736
2012-05-18 01:15:00,61.89004616452771,63.19315669061455,4.324501089385184
2012-05-18 01:20:00,61.75462949746241,62.31810068607996,4.716243359321882
2012-05-18 01:25:00,61.31944437506046,63.28116350350186,4.28856952382058
2012-05-18 01:30:00,61.14236102714296,63.49143844845992,4.204588565856549
2012-05-18 01:35:00,60.99884257929771,63.25478344134496,4.29928820522521
2012-05-18 01:40:00,61.16087948868315,61.833779719565676,4.971166638549097
2012-05-18 01:45:00,60.57060179823276,63.765093326445786,4.098683654894798
2012-05-18 01:50:00,60.84143513236334,62.497583838699065,4.629728071014142
2012-05-18 01:55:00,61.10185178573369,62.25841804955608,4.745879079834293
2012-05-18 02:00:00,60.66435177038294,62.617439941897764,4.5739666720308305
2012-05-18 02:05:00,59.27546309772425,62.96804801718249,4.753085750392282
2012-05-18 02:10:00,59.265046431026924,62.427801158895015,5.040309696633254
2012-05-18 02:15:00,58.81712977710462,63.0523422243481,4.7106250082415135
2012-05-18 02:20:00,58.81712977710462,61.978351330496345,5.304063826275276
2012-05-18 02:25:00,58.78935210237295,62.36040262827604,5.078258640565392
2012-05-18 02:30:00,58.35185211514797,63.0523422243481,4.7106250082415135
2012-05-18 02:35:00,57.64120387974926,62.88148303412378,4.797285650619596
2012-05-18 02:40:00,57.16435210462088,62.05632957036661,5.256400516562301
2012-05-18 02:45:00,56.5567130967525,62.55169818628665,4.971877349076084
2012-05-18 02:50:00,56.82754644494599,62.91612229357813,4.779524131369773
2012-05-18 02:55:00,56.233796429135275,62.662473873683545,4.91206293972155
2012-05-18 03:00:00,55.8379631508883,61.70687267829496,5.477062958260215
2012-05-18 03:05:00,57.08796314402076,60.46680314664309,7.04911979610421
2012-05-18 03:10:00,56.45403454059132,62.514178487577766,5.361152396798297
2012-05-18 03:15:00,55.77695123339063,62.315146778752485,5.495122892116524
2012-05-18 03:20:00,56.05820122015566,62.0751042103696,5.663714488177483
2012-05-18 03:25:00,55.86375687826671,62.41258921328686,5.428898868898936
2012-05-18 03:30:00,55.59292351601034,62.33509896110513,5.481462393957365
2012-05-18 03:35:00,56.05357175770458,61.63436815879482,5.995284954376554
2012-05-18 03:40:00,56.353340170852555,61.24241679032698,6.3173750894734475
2012-05-18 03:45:00,56.87764584514229,61.494864713713504,6.106765929297009
2012-05-18 03:50:00,56.138062509631844,63.52789137120218,4.747586877657658
2012-05-18 03:55:00,56.61722919177192,61.63436815879482,5.995284954376554
2012-05-18 04:00:00,57.93667381823041,61.043333887294665,6.492217782458521
2012-05-18 04:05:00,58.00611815799352,63.28018731014996,4.9792557275674
2012-05-18 04:10:00,58.83680598747142,61.65065057363709,6.255235915018648
2012-05-18 04:15:00,59.78703750065716,61.342974194511534,6.546261933353832
2012-05-18 04:20:00,60.25578751609992,63.06849580726237,5.122458737673219
2012-05-18 04:25:00,60.7928244195578,62.459951851298904,5.5699504812592835
2012-05-18 04:30:00,61.41782443546051,62.21654834973748,5.764668655816348
2012-05-18 04:35:00,61.44560209612927,62.96933661947808,5.1916908420009324
2012-05-18 04:40:00,61.88657443684036,62.21654834973748,5.764668655816348
2012-05-18 04:45:00,62.341435446162556,62.95080018028603,5.204788065011731
2012-05-18 04:50:00,62.94560210054481,62.562713607055535,5.4905143693143215
2012-05-18 04:55:00,63.206018767978065,63.006325780576454,5.165703261147171
2012-05-18 05:00:00,63.12268543439942,64.01458021085982,4.527429265721466
2012-05-18 05:05:00,63.29976876649618,64.0607008562799,4.664961104517793
2012-05-18 05:10:00,63.67939821071466,63.9931385377736,4.712208321328941
2012-05-18 05:15:00,63.79166665846793,63.93469946537005,4.7536355251625935
2012-05-18 05:20:00,63.62499997724775,64.63947672386414,4.288603977910395
2012-05-18 05:25:00,63.81481487777996,64.18441461516056,4.580250985510105
2012-05-18 05:30:00,64.12731489276275,64.12522219353602,4.620490802968445
2012-05-18 05:35:00,64.71180568835054,63.63522756130646,4.9740954049381765
2012-05-18 05:40:00,65.19791671182763,63.736386041697926,4.898101158125569
2012-05-18 05:45:00,65.31712981733301,64.4995920504315,4.3749421300078
2012-05-18 05:50:00,65.53587983203984,64.41825321489218,4.426489948498456
2012-05-18 05:55:00,65.8379631803253,64.16789320407493,4.591427610988519
2012-05-18 06:00:00,65.98611137891095,64.53317909253006,4.353945807673971
2012-05-18 06:05:00,66.16319472682846,65.00287916895233,4.299758580897113
2012-05-18 06:10:00,65.93055605757343,65.34933548949913,4.069372055958746
2012-05-18 06:15:00,66.18865784612076,64.73211409610825,4.493548716966368
2012-05-18 06:20:00,66.5428244997671,64.89175260708147,4.377847889502619
2012-05-18 06:25:00,66.74074116701637,65.15443178318414,4.196531990248715
2012-05-18 06:30:00,66.824074500595,65.34251324220612,4.073716435426658
2012-05-18 06:35:00,66.87615783408165,65.42372196785199,4.022506604525652
2012-05-18 06:40:00,66.84375068283603,65.32198397670125,4.086835287168124
2012-05-18 06:45:00,66.9537042587348,65.33112003410025,4.080988371874785
2012-05-18 06:50:00,66.86805603220735,65.44379996915764,4.010015112539606
2012-05-18 06:55:00,66.85763936551002,65.36295168954281,4.060725274760919
2012-05-18 07:00:00,66.74421318299302,65.42148654431605,4.023901488899019
2012-05-18 07:05:00,66.70949116692437,65.59731321798047,4.229448330753143
2012-05-18 07:10:00,66.81365783389768,65.0741149262632,4.63245382546829
2012-05-18 07:15:00,66.95138939391178,65.50559094636186,4.296521893385336
2012-05-18 07:20:00,66.94097272721446,65.84760122678148,4.054289785173267
2012-05-18 07:25:00,66.97222269918065,65.78645129252833,4.096015698934178
2012-05-18 07:30:00,66.95717624658569,65.74516134253817,4.124581486360313
2012-05-18 07:35:00,66.85763933738423,65.76585826586295,4.110223735863535
2012-05-18 07:40:00,66.733796474107,65.48603539562389,4.3110214681661105
2012-05-18 07:45:00,66.55671314025238,65.78645129252833,4.096015698934178
2012-05-18 07:50:00,66.57523158069823,65.50559094636186,4.296521893385336
2012-05-18 07:55:00,66.56944467177276,65.57576433642335,4.24506808533975
2012-05-18 08:00:00,66.79861131098825,65.42188390544332,4.359074376288988
2012-05-18 08:05:00,66.68749997923139,65.40319000227151,4.66170920095492
2012-05-18 08:10:00,66.92708329920708,65.18346191330072,4.853003004619519
2012-05-18 08:15:00,66.78124996544446,65.66874765585503,4.444404190774971
2012-05-18 08:20:00,66.76157378320345,65.71026401843538,4.411820451771867
2012-05-18 08:25:00,66.44907379634643,65.73086070145312,4.395795460837447
2012-05-18 08:30:00,66.42129643099842,65.5962419348564,4.502213175221704
2012-05-18 08:35:00,66.31250000625329,65.44248950433575,4.628587064062587
2012-05-18 08:40:00,66.41782381031733,65.08956918871557,4.937871556188783
2012-05-18 08:45:00,66.4803238105013,65.29838600495108,4.751665623124538
2012-05-18 08:50:00,66.50810179461664,65.42288272247565,4.645070013133681
2012-05-18 08:55:00,66.35763868901927,65.44248950433575,4.628587064062587
2012-05-18 09:00:00,66.07638870225425,65.77173638671762,4.364269504580373
2012-05-18 09:05:00,66.1504625062263,64.8777835268436,5.226785721635869
2012-05-18 09:10:00,65.92129586701083,65.39549388675762,4.746019343137078
2012-05-18 09:15:00,65.87962920022152,65.07889706955231,5.031582574123136
2012-05-18 09:20:00,65.69444406449259,65.37737871385445,4.761631883459164
2012-05-18 09:25:00,65.95486074598874,64.78574325100745,5.3196313653371945
2012-05-18 09:30:00,65.72685121573822,65.24829868829627,4.875446933115582
2012-05-18 09:35:00,65.82638809681389,64.92319463598834,5.181786824034275
2012-05-18 09:40:00,65.85648097387804,65.03737842878314,5.071012622030543
2012-05-18 09:45:00,65.75925895762539,65.1440763603893,4.970604122797001
2012-05-18 09:50:00,65.55902741149019,65.19175668620379,4.926710146761465
2012-05-18 09:55:00,65.71527742601305,64.83196580318747,5.272729842581498
2012-05-18 10:00:00,65.7361107734706,64.90053922969527,5.204169888325963
2012-05-18 10:05:00,65.62037030270923,64.72283341590939,5.327293279893356
2012-05-18 10:10:00,65.65162030280122,64.61238502302926,5.440905036356966
2012-05-18 10:15:00,65.68287030289322,64.67751960792687,5.373442972220588
2012-05-18 10:20:00,65.59160050488269,64.68470241375408,5.366085688069975
2012-05-18 10:25:00,65.43535050442274,65.01015630867114,5.049720472662685
2012-05-18 10:30:00,65.52447073286397,64.45705871562294,5.60706206424285
2012-05-18 10:35:00,65.50826718536695,64.81681508829786,5.233619725508093
2012-05-18 10:40:00,65.35201717084409,64.7841406858184,5.2658728318150105
2012-05-18 10:45:00,65.20386894413265,64.6269348445296,5.4257215267990055
2012-05-18 10:50:00,64.99553561018605,64.45705871562294,5.60706206424285
2012-05-18 10:55:00,64.81382249043381,64.84694729927597,5.204178691697483
2012-05-18 11:00:00,64.76173914288425,64.63419306965626,5.418173071670041
2012-05-18 11:05:00,64.74785046021027,64.1253193540693,6.194545978021765
2012-05-18 11:10:00,64.57076711229276,64.3220809936619,5.966436305904477
2012-05-18 11:15:00,64.41335997474205,64.38608431719335,5.895102361469054
2012-05-18 11:20:00,64.54166730053736,64.13802104412902,6.1794224045171875
2012-05-18 11:25:00,64.48958395298783,64.3435051092252,5.942401076597306
2012-05-18 11:30:00,64.20254705905519,64.29097910396743,6.001612215933503
2012-05-18 11:35:00,64.03356549894907,64.42830511825007,5.84882503431767
2012-05-18 11:40:00,63.74189883142383,64.10302741732944,6.221221234382465
2012-05-18 11:45:00,63.6400467326344,63.95483238930745,6.4028052567696045
2012-05-18 11:50:00,63.57754673245042,63.64051696372218,6.812073970623324
2012-05-18 11:55:00,63.37384317209641,64.11542165034196,6.206368062199921
2012-05-18 12:00:00,63.22800983833378,64.169651093926,6.1419975565112805
2012-05-18 12:05:00,63.106481853942505,64.01402021236571,6.119428074499347
2012-05-18 12:10:00,62.960648523695596,63.86618278263876,6.291266680236134
2012-05-18 12:15:00,62.868055646447466,63.97494040082845,6.164090109542797
2012-05-18 12:20:00,62.556712784376174,64.31725375067239,5.791501838474449
2012-05-18 12:25:00,62.21296278336427,64.15114632261295,5.967041516602158
2012-05-18 12:30:00,62.12962944802777,63.59170345695653,6.63100138755799
2012-05-18 12:35:00,61.861110992783104,63.9945123770264,6.141652509348944
2012-05-18 12:40:00,62.0277776599404,63.379627016629435,6.911871183989064
2012-05-18 12:45:00,62.01041665498233,63.653570683171004,6.552083211991769
2012-05-18 12:50:00,62.04166665507432,63.42716345091454,6.847519663207056
2012-05-18 12:55:00,62.152777661626764,63.59170345695653,6.63100138755799
2012-05-18 13:00:00,62.21527766181074,63.77583734566932,6.400124700456138
2012-05-18 13:05:00,62.09606455630536,63.701061574774506,6.628121925674582
2012-05-18 13:10:00,62.085647889608026,63.48931860081668,6.893423226766957
2012-05-18 13:15:00,61.92824044970512,63.72428339224123,6.59999374737779
2012-05-18 13:20:00,61.99074044813124,63.60754412554189,6.743325011075087
2012-05-18 13:25:00,62.12962944407258,63.34569891771468,7.082505190368523
2012-05-18 13:30:00,62.26504611289573,63.34569891771468,7.082505190368523
2012-05-18 13:35:00,62.515046113631655,63.34569891771468,7.082505190368523
2012-05-18 13:40:00,62.410879450174086,63.701061574774506,6.628121925674582
2012-05-18 13:45:00,62.37268511050295,63.56042541545431,6.802547372600536
2012-05-18 13:50:00,61.79976842808691,63.441645854901964,6.95536343940024
2012-05-18 13:55:00,60.855324069927285,63.78588907324104,6.526297602418797
2012-05-18 14:00:00,59.737268365763946,63.86222066778161,6.436841087998068
2012-05-18 14:05:00,57.95949074213238,63.55841129264669,6.783633483580968
2012-05-18 14:10:00,55.18865732681235,63.59403584414525,6.739218730462141
2012-05-18 14:15:00,53.08564802308013,63.49240763497499,6.8670978270782745
2012-05-18 14:20:00,51.473379592005664,63.88593844835554,6.391583770659963
2012-05-18 14:25:00,49.85532396723212,63.797575492682675,6.493787763922622
2012-05-18 14:30:00,48.37731476905355,63.789504811992366,6.503253103980008
2012-05-18 14:35:00,45.26273135623736,64.05234221674463,6.2060702663607605
2012-05-18 14:40:00,42.179397939997415,63.59403584414525,6.739218730462141
2012-05-18 14:45:00,39.72800886693429,63.60224300521992,6.729045323701805
2012-05-18 14:50:00,37.34259213699409,62.19111197631134,8.851735443398548
2012-05-18 14:55:00,34.71296256837555,61.684887796051974,9.816617081674663
2012-05-18 15:00:00,32.21643485825084,61.37163906645062,10.460849272072364
2012-05-18 15:05:00,30.401620100595505,58.027258440413355,12.971722821422802
2012-05-18 15:10:00,30.328703433714193,51.56761996714639,18.33524054070709
2012-05-18 15:15:00,29.635416494639127,55.54929068439699,15.034646401855516
2012-05-18 15:20:00,28.633101514369244,59.81683489522817,11.24770637513746
2012-05-18 15:25:00,28.18518473388089,59.592073112955404,11.48765343186136
2012-05-18 15:30:00,27.870369868137956,60.25131955543697,10.753486785534157
2012-05-18 15:35:00,30.012730966805012,50.81199143232313,18.99926529785493
2012-05-18 15:40:00,31.423610813093802,50.02519958108528,19.70763812187918
2012-05-18 15:45:00,30.798610811253983,53.483472904168174,16.716130863370086
2012-05-18 15:50:00,30.0393515747604,50.55766304162955,19.22635481953
2012-05-18 15:55:00,30.096064412886804,48.61064819448256,21.02114199135398
2012-05-18 16:00:00,30.111110809230194,48.589488433196955,21.041119625786546
2012-05-18 16:05:00,29.479166437927592,46.85386053675683,21.689645386416856
2012-05-18 16:10:00,27.989583100209373,49.776173182613086,18.79574619872107
2012-05-18 16:15:00,26.758101790107684,49.79880909773534,18.774278460061197
2012-05-18 16:20:00,25.456018452941404,51.7370026853611,17.000589116538514
2012-05-18 16:25:00,23.484953807329262,55.43824281847986,13.909070551168428
2012-05-18 16:30:00,21.559027788231536,57.606406964708206,12.168485878423974
2012-05-18 16:35:00,18.262731775990158,62.318207569346434,7.302638670378951
2012-05-18 16:40:00,16.112268819197222,57.89355182123444,11.933686853360115
2012-05-18 16:45:00,15.48726881735741,48.74063574076649,19.79581595361803
2012-05-18 16:50:00,15.423611384761912,46.51028221555248,22.039363792061653
2012-05-18 16:55:00,14.78819494123107,47.596021206940236,20.93678184152146
2012-05-18 17:00:00,14.408565435487425,47.43565240989185,21.098879868243362
2012-05-18 17:05:00,14.960648545439627,44.91593875674249,22.86866985257251
2012-05-18 17:10:00,15.708565439314237,44.74917769944201,23.041045492097826
2012-05-18 17:15:00,16.018750575411115,45.24206660178214,22.527915922959433
2012-05-18 17:20:00,16.21203773802063,45.86130149218187,21.87261342256046
2012-05-18 17:25:00,16.433102378481294,45.496135278952984,22.25998157000885
2012-05-18 17:30:00,16.72476904600654,46.2585532664009,21.449943474057722
2012-05-18 17:35:00,16.993287515314094,45.24206660178214,22.527915922959433
2012-05-18 17:40:00,17.06967625442365,45.78643840829515,21.95217396298979
2012-05-18 17:45:00,16.93425958735836,46.09493048448136,21.62408226295641
2012-05-18 17:50:00,18.034954185047116,45.86130149218187,21.87261342256046
2012-05-18 17:55:00,18.482870628026017,45.36672515508858,22.396669072661282
2012-05-18 18:00:00,18.84398166519803,45.83618358880663,21.89930547001636
2012-05-18 18:05:00,19.720139100185282,46.13025366113428,20.407049732463076
2012-05-18 18:10:00,20.149305543108984,46.39600669050139,20.10509746441074
2012-05-18 18:15:00,20.9826386538891,45.950656106874106,20.61179635347116
2012-05-18 18:20:00,24.73726823988221,46.36129316842059,20.144461529220425
2012-05-18 18:25:00,29.0347219124851,46.02661935906877,20.525135401709417
2012-05-18 18:30:00,32.90972198014352,47.09947049580867,19.314345108517102
2012-05-18 18:35:00,37.27083314159349,45.85164703432863,20.72484975679924
2012-05-18 18:40:00,41.56944424660791,45.98423334713567,20.573477442928873
2012-05-18 18:45:00,46.00694431592215,45.77905865164024,20.807802942232613
2012-05-18 18:50:00,49.30208312075832,49.71402599230882,16.551820799704632
2012-05-18 18:55:00,53.40509276085593,46.458078616198016,20.03478614548684
2012-05-18 19:00:00,57.34606492905235,46.80303363845406,19.64581797823318
2012-05-18 19:05:00,60.719907562827416,49.65178761820113,14.865086378675747
2012-05-18 19:10:00,64.35185230859635,48.18605033574266,16.391779780585
2012-05-18 19:15:00,67.81944528015681,49.11735017737962,15.403656172715323
2012-05-18 19:20:00,67.89682640955623,64.6175675509678,3.761252548018037
2012-05-18 19:25:00,67.683863289712,65.40900586669534,3.4454618018225767
2012-05-18 19:30:00,67.70469662310666,65.34104144786654,3.4695807756623402
2012-05-18 19:35:00,67.60284484908215,65.3920807661802,3.4514284345308552
2012-05-18 19:40:00,67.41534487665601,65.37935613954069,3.455930234031993
2012-05-18 19:45:00,67.13872466172573,65.47417667760737,3.422718614946396
2012-05-18 19:50:00,67.02414135618089,65.47417667760737,3.422718614946396
2012-05-18 19:55:00,66.9871038002703,65.35809772705507,3.463487014394088
2012-05-18 20:00:00,66.9558538001783,65.28315854884998,3.490470416883786
2012-05-18 20:05:00,66.7671966765985,65.18202694968001,3.189988100931934
2012-05-18 20:10:00,66.64566869220722,65.02346475634687,3.23291135759697
2012-05-18 20:15:00,66.55307581495909,65.14220184695992,3.2006226299800518
2012-05-18 20:20:00,66.61111135262497,64.56365433967669,3.368290322043979
2012-05-18 20:25:00,66.66666732085564,64.79783876002982,3.297038645537299
2012-05-18 20:30:00,66.33333400060395,65.16319205193494,3.1950057976922133
2012-05-18 20:35:00,66.30555601648864,64.98917677743252,3.242409886083728
2012-05-18 20:40:00,66.30555601648864,64.8154178976099,3.2918962812234613
2012-05-18 20:45:00,66.19444469879468,64.74488884290125,3.3126914338614477
2012-05-18 20:50:00,66.12500001976424,65.04907659074111,3.225868801009655
2012-05-18 20:55:00,65.93402803136142,65.07459688975962,3.2188951104132904
2012-05-18 21:00:00,65.78356491170115,65.0106254749342,3.236458835061781
2012-05-18 21:05:00,65.55555538145065,64.60087000213727,3.07513592692048
2012-05-18 21:10:00,65.503472047964,64.56333152594947,3.0837408006947764
2012-05-18 21:15:00,65.49305538126666,64.74064911948902,3.043817904611167
2012-05-18 21:20:00,65.44560181961474,64.44300802841235,3.111932430768403
2012-05-18 21:25:00,65.39930539505357,64.6710702804517,3.059268609151376
2012-05-18 21:30:00,65.42476850028298,64.30069204939599,3.1465833026573145
2012-05-18 21:35:00,65.1307869538718,64.70593817091778,3.0514929398472463
2012-05-18 21:40:00,64.8946759381621,64.58322600649099,3.0791692211145905
2012-05-18 21:45:00,65.01504615263241,64.29614240793015,3.1477163781367636
2012-05-18 21:50:00,65.00115749808421,64.68852435671722,3.0553684764986806
2012-05-18 21:55:00,65.11805569657787,64.48329373309316,3.102386622832681
2012-05-18 22:00:00,64.97685213464999,64.4944525690109,3.0997627681070257
2012-05-18 22:05:00,65.19560214935682,63.88786911843562,3.2945011369795894
2012-05-18 22:10:00,65.35069499866314,64.19683094097924,3.2184420883523397
2012-05-18 22:15:00,65.27777833178183,64.45717240005644,3.15865117809335
2012-05-18 22:20:00,65.23148189315776,64.08337493809594,3.245660341168538
2012-05-18 22:25:00,65.32523189343372,64.31792272253057,3.190201814729049
2012-05-18 22:30:00,65.3622687883883,64.08337493809594,3.245660341168538
2012-05-18 22:35:00,65.24768545471767,63.86699557922757,3.2998731624121143
2012-05-18 22:40:00,65.49421313712472,63.853063287519895,3.303477453967888
2012-05-18 22:45:00,65.49421313712473,64.26429604270068,3.2026111512895015
2012-05-18 22:50:00,65.37962978939122,64.397769147528,3.1719965268023977
2012-05-18 22:55:00,65.34259290849951,64.44181144490447,3.1620863211624677
2012-05-18 23:00:00,65.31134290840751,63.95030234799983,3.2786185187820274
2012-05-18 23:05:00,64.96759289333272,64.02537860777797,3.4643604185394747
2012-05-18 23:10:00,64.78125002987153,64.20259320468334,3.418366557138467
2012-05-18 23:15:00,64.27199079411388,64.02537860777797,3.4643604185394747
2012-05-18 23:20:00,64.43865747533405,63.69936037947977,3.553042348769567
2012-05-18 23:25:00,64.26157412741655,64.20478802864486,3.41780503985183
2012-05-18 23:30:00,64.15046312613768,63.86342529174902,3.5076860145961977
2012-05-18 23:35:00,64.37962979347894,63.34509284918047,3.6570896920889546
2012-05-18 23:40:00,64.37962979347894,64.04546321864369,3.4590780299920456
2012-05-18 23:45:00,64.18518546565289,63.97164235339528,3.478589141985615
2012-05-18 23:50:00,63.97685213346415,63.883789402629056,3.502162658363465
2012-05-18 23:55:00,63.81944436308323,64.07885577092095,3.4503362961352657
2012-05-19 00:00:00,63.84027769647789,63.59587124866698,3.5825098770721002
2012-05-19 00:05:00,64.24884257655968,63.76705015702405,4.2566170259315825
2012-05-19 00:10:00,64.0648149048838,64.3002051076352,4.019490479440271
2012-05-19 00:15:00,64.44907412621062,63.40302091821192,4.425940089350781
2012-05-19 00:20:00,64.09490744795421,64.49383073597274,3.9357083848575
2012-05-19 00:25:00,64.05787055299963,64.32190169176593,4.010050241648324
2012-05-19 00:30:00,64.17939822097581,64.0882488136413,4.112497157338528
2012-05-19 00:35:00,64.15856488758116,64.25668420610934,4.038470801570161
2012-05-19 00:40:00,64.10648155409451,64.51511443354143,3.926559473973564
2012-05-19 00:45:00,64.1307872128495,64.0290886944838,4.138730402884124
2012-05-19 00:50:00,64.27662054485425,63.90244436213221,4.195344758565234
2012-05-19 00:55:00,64.1840279910527,64.22514148688286,4.0522622252706215
2012-05-19 01:00:00,64.1527779909607,64.08087094141415,4.115760972172451
2012-05-19 01:05:00,64.06018511371258,64.45185199950707,4.146492937445442
2012-05-19 01:10:00,63.92129611777124,63.72568786750819,4.497341704431181
2012-05-19 01:15:00,63.84259255602732,64.05420689317981,4.336415566775622
2012-05-19 01:20:00,63.9363425527876,63.559062928472535,4.58064454965606
2012-05-19 01:25:00,64.12962946226502,64.06405211418748,4.331653617802033
2012-05-19 01:30:00,64.26736100821624,64.1645570356524,4.283223064728987
2012-05-19 01:35:00,64.16319434124294,64.03203110187988,4.347154104986302
2012-05-19 01:40:00,64.21412052357594,64.230329232155,4.251703774283574
2012-05-19 01:45:00,64.00578718962934,63.8982649544715,4.412296129154733
2012-05-19 01:50:00,63.576388976152884,64.03203110187988,4.347154104986302
2012-05-19 01:55:00,63.423611301053256,63.84592985299711,4.437961810369356
2012-05-19 02:00:00,63.57986130151321,63.83094683811607,4.445330569841313
2012-05-19 02:05:00,63.15393573684364,64.20579363102344,4.544121076891311
2012-05-19 02:10:00,63.21643574054334,63.3588389763,5.020205439904887
2012-05-19 02:15:00,63.20717619687385,63.82670712876675,4.753600649185964
2012-05-19 02:20:00,62.76967620964888,63.702914146573846,4.823212451646342
2012-05-19 02:25:00,61.96759287395445,64.41880484596449,4.428695769642941
2012-05-19 02:30:00,61.328703880056985,64.40178605845082,4.43785878560936
2012-05-19 02:35:00,61.04745387922907,63.748467593298194,4.7975234541537946
2012-05-19 02:40:00,61.19444436414533,64.28451097440326,4.5012810303689035
2012-05-19 02:45:00,61.12847203860102,63.38188742641194,5.006835453005897
2012-05-19 02:50:00,61.20254613789384,63.02998615993358,5.214065749814215
2012-05-19 02:55:00,61.51504615287664,63.45095493159915,4.966926929199754
2012-05-19 03:00:00,61.07754615158877,64.10931455745039,4.596929661937141
2012-05-19 03:05:00,61.322916380489964,63.408700115918045,5.431002987195442
2012-05-19 03:10:00,61.26041637679025,63.630452681502014,5.285184588226037
2012-05-19 03:15:00,61.16087948340955,63.94226478894014,5.084221898179159
2012-05-19 03:20:00,61.31712946980661,62.8609992462596,5.803628553058154
2012-05-19 03:25:00,61.62962945666362,62.79084130780269,5.85287253203452
2012-05-19 03:30:00,62.2766202524354,63.1391016770127,5.611989420973344
2012-05-19 03:35:00,62.74537026787815,63.25849072953494,5.531304636561874
2012-05-19 03:40:00,62.307870254285255,64.7344983191235,4.592398935063451
2012-05-19 03:45:00,61.728009230532194,63.36730753492893,5.458513832580095
2012-05-19 03:50:00,62.03356490417801,63.32587871034678,5.486145787606173
2012-05-19 03:55:00,62.04976845167502,64.26976752091817,4.8777611791712845
2012-05-19 04:00:00,62.57060180060443,63.28182642831572,5.5156351133941
2012-05-19 04:05:00,62.5937500269479,64.28387790511296,5.3997660374689005
2012-05-19 04:10:00,63.01041670890401,63.81343678450178,5.746049328170366
2012-05-19 04:15:00,63.30439825355733,64.05040983450725,5.5698506065875
2012-05-19 04:20:00,63.2314816007389,63.52493599781801,5.965906612946515
2012-05-19 04:25:00,63.418981601290845,63.81343678450178,5.746049328170366
2012-05-19 04:30:00,62.91087981200758,64.89460655887552,4.969417748950041
2012-05-19 04:35:00,62.89004646455004,64.62689503247724,5.155597468780238
2012-05-19 04:40:00,62.70254646224023,64.1208329885941,5.518194194430902
2012-05-19 04:45:00,63.640046479062846,62.3214478903584,6.964757958724434
2012-05-19 04:50:00,63.46064825577513,64.33525443755711,5.362772301535398
2012-05-19 04:55:00,63.5717595734691,64.63942515523256,5.146801663096787
2012-05-19 05:00:00,63.46759289243291,64.7615250915777,5.0615043901470615
2012-05-19 05:05:00,63.39351877556146,64.8080188466647,5.549365273562874
2012-05-19 05:10:00,63.476852109140104,65.22087669227467,5.2317223317504835
2012-05-19 05:15:00,63.41203723007019,65.1805294343077,5.26214416802645
2012-05-19 05:20:00,63.922453884176484,63.77441919775388,6.415056484215037
2012-05-19 05:25:00,63.724537216927196,64.70692094218829,5.629401224180087
2012-05-19 05:30:00,64.06597232499028,64.21835313819535,6.029864035192605
2012-05-19 05:35:00,64.06481520196245,65.0607999112161,5.353185908088164
2012-05-19 05:40:00,64.48726876471824,64.13651748874379,6.099280447806493
2012-05-19 05:45:00,64.43518543123157,64.96787572625288,5.424666866015397
2012-05-19 05:50:00,64.87268544306662,64.38849935200894,5.887737708362086
2012-05-19 05:55:00,64.96527770154741,65.3604414208104,5.127474550005729
2012-05-19 06:00:00,65.01736104909696,65.01447001696769,5.388732769129909
2012-05-19 06:05:00,65.23958337861696,65.07934010695865,5.862018053761049
2012-05-19 06:10:00,65.15625004503832,65.8648712478929,5.20993845923793
2012-05-19 06:15:00,65.16666671173564,65.4952765028396,5.507283020135905
2012-05-19 06:20:00,65.45833336519799,65.44740254504036,5.546997701013873
2012-05-19 06:25:00,65.89583338054875,64.65848051696379,6.244071102371031
2012-05-19 06:30:00,65.88541671385143,65.47138548850837,5.527066867891878
2012-05-19 06:35:00,65.94097204925184,65.51643405625087,5.489822474939242
2012-05-19 06:40:00,65.8101851540213,65.57946214622292,5.43812640542212
2012-05-19 06:45:00,66.07060183551745,65.30155071857239,5.669758944940065
2012-05-19 06:50:00,66.08101850221477,65.84246374229177,5.227513588893295
2012-05-19 06:55:00,66.05902804579226,66.02159106150901,5.0885621572191875
2012-05-19 07:00:00,66.20486137955488,65.58990232607869,5.429609776306435
2012-05-19 07:05:00,66.37152804671219,65.76110149203427,5.8405720282092055
2012-05-19 07:10:00,66.38194471340951,65.8456200181768,5.763612532491787
2012-05-19 07:15:00,66.60300959293936,65.67792985360859,5.917416517581109
2012-05-19 07:20:00,66.54513937865302,66.25289677937496,5.4081512066533195
2012-05-19 07:25:00,66.61805604553433,65.86914597384781,5.742390528838214
2012-05-19 07:30:00,66.42592627578445,65.60445188038403,5.986226594465812
2012-05-19 07:35:00,66.33333341259922,65.80352963639722,5.801797283027203
2012-05-19 07:40:00,66.6041667607927,65.42926322614854,6.153830665998178
2012-05-19 07:45:00,66.80208339991619,66.05352505262977,5.5790371075865695
2012-05-19 07:50:00,66.94791670555301,66.0308485238702,5.5988469716960765
2012-05-19 07:55:00,66.92708337215835,66.14317791317376,5.501470854253149
2012-05-19 08:00:00,67.0104166776112,66.07609580030214,5.559395604441665
2012-05-19 08:05:00,66.9826386934959,65.94675300957327,6.1920708524609624
2012-05-19 08:10:00,67.11805536056119,65.68508058197503,6.453267082349261
2012-05-19 08:15:00,67.07407382894884,65.98618443564426,6.153868438930931
2012-05-19 08:20:00,67.09027740457164,65.94675300957327,6.1920708524609624
2012-05-19 08:25:00,67.10069407126896,65.84675224988261,6.2902938092428835
2012-05-19 08:30:00,67.57291673288181,64.94904202385378,7.263110997862768
2012-05-19 08:35:00,67.85069470367017,65.4041902677819,6.749041380525257
2012-05-19 08:40:00,67.95138932654102,65.86943007242841,6.2678470119164835
2012-05-19 08:45:00,67.72222268732554,66.28097663756867,5.877407584713218
2012-05-19 08:50:00,67.60416736580403,66.1549219764171,5.993701275653887
2012-05-19 08:55:00,67.66815569829069,65.91447672761736,6.223558318577701
2012-05-19 09:00:00,67.68435930203928,66.06890431766944,6.074690127955152
2012-05-19 09:05:00,67.83250750062494,65.45769670986978,7.28673933140066
2012-05-19 09:10:00,67.85334080589382,65.55196734660008,7.181398019033828
2012-05-19 09:15:00,67.81167413910451,65.46269874056635,7.281091448243306
2012-05-19 09:20:00,67.86954438151663,65.55196734660008,7.181398019033828
2012-05-19 09:25:00,67.99454435375881,65.44014835596421,7.306587699713397
2012-05-19 09:30:00,67.8371365833779,65.61551601677492,7.1115979988027975
2012-05-19 09:35:00,67.84755325007522,65.59604385899718,7.132882076069613
2012-05-19 09:40:00,67.87185859944655,65.65424050117448,7.0695286832381266
2012-05-19 09:45:00,67.94477526632785,65.37193195820427,7.3844675274528235
2012-05-19 09:50:00,67.93551572265838,65.47768098198821,7.264226241592875
2012-05-19 09:55:00,67.77777738989575,65.62106585343669,7.105545019926571
2012-05-19 10:00:00,67.7037035718608,65.6734932778089,7.048743219933969
2012-05-19 10:05:00,67.52662026613197,65.42504826749229,7.576687007039073
2012-05-19 10:10:00,67.4328702939818,65.25514482844584,7.762736054460059
2012-05-19 10:15:00,67.34259228155669,65.03525989602049,8.015508470331767
2012-05-19 10:20:00,67.17013870547392,65.3313042017575,7.678375454614937
2012-05-19 10:25:00,66.96990717340161,65.36194761298822,7.644881101049443
2012-05-19 10:30:00,66.9930553997451,64.93985742134538,8.129601599650236
2012-05-19 10:35:00,66.90856494313859,65.2766707593603,7.738732579167092
2012-05-19 10:40:00,66.74189830410711,65.36194761298822,7.644881101049443
2012-05-19 10:45:00,66.745370291958,65.19006559509825,7.836096799401862
2012-05-19 10:50:00,66.64351851793351,65.11932203907045,7.917220430477329
2012-05-19 10:55:00,66.67824050587639,64.94491687083736,8.123483256443615
2012-05-19 11:00:00,66.7256940534654,65.17793232720605,7.849910189342441
2012-05-19 11:05:00,66.7986107203467,64.86401086304348,8.166015747478562
2012-05-19 11:10:00,66.83680537115934,64.86401086304348,8.166015747478562
2012-05-19 11:15:00,66.85532383973099,64.64746226779538,8.413198134938023
2012-05-19 11:20:00,66.7199071586028,64.77531139638482,8.265458322788392
2012-05-19 11:25:00,66.72222205155161,64.74795376622815,8.29663004881348
2012-05-19 11:30:00,66.80555538513025,64.79760653946444,8.24022923817476
2012-05-19 11:35:00,66.74999941689961,64.90545475953208,8.12038812602085
2012-05-19 11:40:00,66.73958275020227,64.81981965368455,8.215250613699746
2012-05-19 11:45:00,66.62152742868078,65.00186012947871,8.01625281930073
2012-05-19 11:50:00,66.74652742904873,64.70794704123456,8.342644231096033
2012-05-19 11:55:00,66.73726853227237,64.82720697617631,8.20697907269725
2012-05-19 12:00:00,66.63425901645269,65.0802388243129,7.9335895263601985
2012-05-19 12:05:00,66.5300923494794,64.94617991558131,8.02643592945779
2012-05-19 12:10:00,66.37731436499611,64.87311567269246,8.100290900739386
2012-05-19 12:15:00,66.44212923000313,64.61334997661332,8.374206989946186
2012-05-19 12:20:00,66.65046257801264,64.40141250580275,8.612094592124299
2012-05-19 12:25:00,66.73379591159126,64.67923889513447,8.30296586060986
2012-05-19 12:30:00,66.70138876034564,64.90244020949079,8.070491235011026
2012-05-19 12:35:00,66.70601854624327,64.71445522192029,8.265394195992656
2012-05-19 12:40:00,66.7476852130326,64.72448385118894,8.2547565731079
2012-05-19 12:45:00,66.7476852130326,64.67923889513447,8.30296586060986
2012-05-19 12:50:00,66.70601854624327,64.90244020949079,8.070491235011026
2012-05-19 12:55:00,66.88194411017692,64.73449798161407,8.244162770200235
2012-05-19 13:00:00,66.72453697262623,64.79426163798486,8.181512409555719
2012-05-19 13:05:00,66.85995361156573,64.79390840621834,8.009000050576857
2012-05-19 13:10:00,66.95717559969258,64.60478003506721,8.202432707885654
2012-05-19 13:15:00,66.99685863905948,64.82496333991038,7.97795255615562
2012-05-19 13:20:00,66.99454374611068,64.93260070094836,7.871776526664253
2012-05-19 13:25:00,67.07787705156352,64.93260070094836,7.871776526664253
2012-05-19 13:30:00,67.0582008693225,64.90712351876225,7.8967176594643895
2012-05-19 13:35:00,67.05357108342487,64.79390840621834,8.009000050576857
2012-05-19 13:40:00,66.9598210831489,64.88667227419218,7.916819525500809
2012-05-19 13:45:00,67.142691325929,64.74707361189373,8.056185728164728
2012-05-19 13:50:00,67.20519132611298,64.88667227419218,7.916819525500809
2012-05-19 13:55:00,67.16815444522129,65.18716007467262,7.6283419285289265
2012-05-19 14:00:00,67.39963599144849,64.50844109823089,8.30408062620158
2012-05-19 14:05:00,67.3058860192983,65.31718204692059,7.288662600882866
2012-05-19 14:10:00,67.38921935287695,65.03653825525582,7.569129636035438
2012-05-19 14:15:00,67.40856432584313,65.12948300016977,7.475341947204075
2012-05-19 14:20:00,67.43766472824007,65.14484981954843,7.459930225005489
2012-05-19 14:25:00,67.37516475618186,65.34068041119396,7.26550768060194
2012-05-19 14:30:00,66.94113706970715,65.07735453885691,7.527820813641814
2012-05-19 14:35:00,67.03951685588076,64.99274008971574,7.613687380658448
2012-05-19 14:40:00,67.18882217749427,64.87929198314733,7.730292874080507
2012-05-19 14:45:00,67.151785240351,65.37705549230328,7.229742225938928
2012-05-19 14:50:00,67.17261854561987,65.24615523608581,7.358922815250689
2012-05-19 14:55:00,67.13029066968976,65.33546587610913,7.27064291502862
2012-05-19 15:00:00,67.13839247156405,65.25144379824361,7.353676399585606
2012-05-19 15:05:00,67.05505913798541,65.32103214379713,6.452614226567378
2012-05-19 15:10:00,67.00992048334521,65.4517917992024,6.3318732860906275
2012-05-19 15:15:00,66.92311513378989,65.3948951449911,6.384256552976299
2012-05-19 15:20:00,66.7609129572765,65.43326420381268,6.3489057005483716
2012-05-19 15:25:00,66.75049629057916,65.41933870448271,6.361724731393969
2012-05-19 15:30:00,67.2261906438432,64.20057808341024,7.571737768445824
2012-05-19 15:35:00,67.11160731017257,65.44369296459867,6.339315060107207
2012-05-19 15:40:00,67.04563532213771,65.4517917992024,6.3318732860906275
2012-05-19 15:45:00,67.02480201686883,65.51621401415154,6.272819566787657
2012-05-19 15:50:00,66.95072822695965,65.51621401415154,6.272819566787657
2012-05-19 15:55:00,66.85995432877331,65.46103418614143,6.323385457781452
2012-05-19 16:00:00,66.76851919332037,65.49213140695514,6.294864643489697
2012-05-19 16:05:00,66.84143586020168,65.32834022188233,5.8019043860264015
2012-05-19 16:10:00,66.82060252680702,65.55874054251952,5.591584105814454
2012-05-19 16:15:00,66.83449120948102,65.39741127795021,5.7382252121970865
2012-05-19 16:20:00,67.01157454333561,65.24986900726984,5.874952512838978
2012-05-19 16:25:00,67.01157454333564,65.60886210232074,5.5465803424516045
2012-05-19 16:30:00,67.01157454333564,65.60886210232074,5.5465803424516045
2012-05-19 16:35:00,67.1111114244113,65.38020633991131,5.754035926818637
2012-05-19 16:40:00,67.15856497200032,65.50821705115054,5.637206130240432
2012-05-19 16:45:00,66.92939829059615,65.68327809868768,5.480211288610232
2012-05-19 16:50:00,66.87847210826314,65.5559448673574,5.594100463779884
2012-05-19 16:55:00,66.90046256468565,65.4573002347048,5.683459353591836
2012-05-19 17:00:00,66.99189770013861,65.48846228545895,5.655117700567125
2012-05-19 17:05:00,67.00231436683593,65.6250485212131,4.938124421082245
2012-05-19 17:10:00,66.95023103334928,65.6250485212131,4.938124421082245
2012-05-19 17:15:00,67.0231477002306,65.54929241544414,5.000200129697313
2012-05-19 17:20:00,66.93981436665196,65.79829116626712,4.7983667496435505
2012-05-19 17:25:00,66.90856436655997,65.72465886684601,4.857408023285508
2012-05-19 17:30:00,66.78356436619201,65.72465886684601,4.857408023285508
2012-05-19 17:35:00,66.5694441373828,65.738364675649,4.846380520732976
2012-05-19 17:40:00,66.43055545434085,65.738364675649,4.846380520732976
2012-05-19 17:45:00,66.62847213565303,65.23785085822628,5.262416453776252
2012-05-19 17:50:00,66.64236079020124,65.54929241544414,5.000200129697313
2012-05-19 17:55:00,66.64120366717337,65.62783684148178,4.935852307456374
2012-05-19 18:00:00,66.67245363913958,65.82262461330026,4.778965637605304
2012-05-19 18:05:00,66.62615718645262,65.60196630609313,4.359332219446856
2012-05-19 18:10:00,66.69907385333393,65.45425874015899,4.463083623229065
2012-05-19 18:15:00,66.70486073413362,65.67462749238274,4.308961816739807
2012-05-19 18:20:00,66.75694406762027,65.55307946836778,4.393465281523068
2012-05-19 18:25:00,66.8298607345016,65.60196630609313,4.359332219446856
2012-05-19 18:30:00,66.99768452468673,65.37926023060497,4.516499908104779
2012-05-19 18:35:00,67.16435120590691,65.17579649708401,4.664151981859975
2012-05-19 18:40:00,67.33911967493849,65.35969567961494,4.530520360093706
2012-05-19 18:45:00,67.3078696748465,65.67462749238274,4.308961816739807
2012-05-19 18:50:00,67.32374263183601,65.53670390355374,4.404942993557792
2012-05-19 18:55:00,67.47999260417019,65.57756798693087,4.376342541098433
2012-05-19 19:00:00,67.46957593747285,65.84092254757131,4.195222594206773
2012-05-19 19:05:00,67.46957593747284,65.35469741777389,3.9464442370554633
2012-05-19 19:10:00,67.39665927059154,65.48323569847412,3.8725841328176287
2012-05-19 19:15:00,67.33878905630519,65.54275280419078,3.8387637451222187
2012-05-19 19:20:00,67.46230066811889,65.5298595775175,3.8460713169432412
2012-05-19 19:25:00,67.44146733472424,65.6221173219434,3.7940277673831573
2012-05-19 19:30:00,67.47850483438324,65.62466131349515,3.792601283687415
2012-05-19 19:35:00,67.57225480653344,65.43628821818149,3.899429451753081
2012-05-19 19:40:00,67.53058813974411,65.6221173219434,3.7940277673831573
2012-05-19 19:45:00,67.45915983329127,65.45980106723546,3.88596566535243
2012-05-19 19:50:00,67.6192131152543,65.43292338958139,3.90135997768849
2012-05-19 19:55:00,67.62962978195164,65.78029454355872,3.706064226020068
2012-05-19 20:00:00,67.53587980980146,65.66774256677208,3.76849351797401
2012-05-19 20:05:00,67.62979510533118,65.20941345095765,3.450066077630851
2012-05-19 20:10:00,67.65525819649768,65.17412465808009,3.4655398875055776
2012-05-19 20:15:00,67.73859153007633,65.26452283793273,3.42604512216089
2012-05-19 20:20:00,67.6301263427318,65.63248112622291,3.269993324126188
2012-05-19 20:25:00,67.5988763426398,65.4199382197084,3.3592349856554047
2012-05-19 20:30:00,67.54332037440918,65.54304872966509,3.307251765909733
2012-05-19 20:35:00,67.53290373583762,65.48542194407044,3.331483608535155
2012-05-19 20:40:00,67.59424661299374,65.37590358660906,3.378028158794572
2012-05-19 20:45:00,67.6031749192626,65.15460934128127,3.4741294749143097
2012-05-19 20:50:00,67.44461002585383,65.61902120711808,3.275574225720361
2012-05-19 20:55:00,67.26058204127857,65.6355067859503,3.2687404749802247
2012-05-19 21:00:00,67.26058204127857,65.30929561826487,3.406659591808977
2012-05-19 21:05:00,67.20254653173846,65.27142638281481,3.159852599236679
2012-05-19 21:10:00,67.37847209567211,65.09879240793035,3.2206214853193695
2012-05-19 21:15:00,67.38541674639278,65.30131112905066,3.1494605144777155
2012-05-19 21:20:00,67.31828698843695,65.26876347543306,3.1607796673848156
2012-05-19 21:25:00,67.28703698834497,65.21728501513464,3.1787733509484224
2012-05-19 21:30:00,67.26273166709942,65.28738247963248,3.1543004703232262
2012-05-19 21:35:00,67.18055545654863,65.32214658594229,3.1422388528749328
2012-05-19 21:40:00,67.17129588475336,65.36131118266628,3.128708956810516
2012-05-19 21:45:00,67.23379588493735,65.04601137209347,3.239461966033289
2012-05-19 21:50:00,67.08680541408397,65.15355401954166,3.2012043978337634
2012-05-19 21:55:00,66.97916675925978,65.11788763796548,3.2138355202923736
2012-05-19 22:00:00,66.89583342568115,65.17486473192933,3.193684912266033
2012-05-19 22:05:00,66.79166675870785,64.99338947196286,3.2390127550165584
2012-05-19 22:10:00,66.5902781036077,65.28640270375838,3.142871654970254
2012-05-19 22:15:00,66.58333345288703,65.15172920437897,3.1867372520860973
2012-05-19 22:20:00,66.68750009173453,64.97246827360772,3.2459790344678883
2012-05-19 22:25:00,66.55208342466925,64.99338947196286,3.2390127550165584
2012-05-19 22:30:00,66.60416673003012,65.07645988567897,3.2114881701846607
2012-05-19 22:35:00,66.46759293993696,64.9957102150755,3.2382397880587077
2012-05-19 22:40:00,66.37500009081462,65.17889047434949,3.177847492209152
2012-05-19 22:45:00,66.32291675732797,65.01425003111994,3.2320788764725488
2012-05-19 22:50:00,66.12615721310657,64.692629202915,3.340647341709159
2012-05-19 22:55:00,66.11342565346041,64.73836637431545,3.3249760466167664
2012-05-19 23:00:00,65.98842563902954,64.84566501649327,3.288524871189056
2012-05-19 23:05:00,66.1134256393975,64.59909672748039,3.5306322696588848
2012-05-19 23:10:00,66.21296252047318,64.70551074332357,3.4925139522337907
2012-05-19 23:15:00,66.05522413145896,64.9553235106914,3.4042273862000596
2012-05-19 23:20:00,66.01355749279543,64.99617381243262,3.389934620335543
2012-05-19 23:25:00,66.06679794930993,64.53461478742123,3.5538957414170724
2012-05-19 23:30:00,65.95221464376509,64.99617381243262,3.389934620335543
2012-05-19 23:35:00,66.05175152484075,64.53461478742123,3.5538957414170724
2012-05-19 23:40:00,66.10267773529955,64.81288798301485,3.4543704762916847
2012-05-19 23:45:00,65.83994616788604,64.72663107225493,3.484986886766301
2012-05-19 23:50:00,66.17327951626349,64.09340451660991,3.717021779738826
2012-05-19 23:55:00,66.33184440967227,64.52981943907487,3.555629921229212
2012-05-20 00:00:00,66.45684442410314,64.4042639965904,3.601334846414155
2012-05-20 00:05:00,66.56101106295064,64.67217042063389,3.936206253486787
2012-05-20 00:10:00,66.41980751508565,64.72789860306204,3.9099141547306275
2012-05-20 00:15:00,66.3483792226957,64.44804054746267,4.042826206346816
2012-05-20 00:20:00,66.16385529610758,64.73755992360745,3.9053638944974476
2012-05-20 00:25:00,66.1360779307596,64.45370932808022,4.040111322509577
2012-05-20 00:30:00,66.22982793103557,64.58433303749108,3.977821604776622
2012-05-20 00:35:00,66.22982793103559,64.55243579271185,3.9929861716166335
2012-05-20 00:40:00,65.97982791623677,64.73755992360745,3.9053638944974476
2012-05-20 00:45:00,66.13839280261408,63.96878814846915,4.276007478296327
2012-05-20 00:50:00,66.03885589341263,64.60636220906024,3.967364197875948
2012-05-20 00:55:00,65.9659392265313,64.67217042063389,3.936206253486787
2012-05-20 01:00:00,65.83052254540313,64.47352325636605,4.030630527331904
2012-05-20 01:05:00,65.60482789403852,64.77399931433015,4.057921443120379
2012-05-20 01:10:00,65.50066121300232,64.3028528974061,4.296273739561299
2012-05-20 01:15:00,65.69857789431451,64.16507957762884,4.367243483173027
2012-05-20 01:20:00,65.92476845956614,64.2177107803637,4.340062412648042
2012-05-20 01:25:00,66.03472203546494,64.26725450992147,4.314554798359757
2012-05-20 01:30:00,65.84722203491297,64.66352946147408,4.113218443161654
2012-05-20 01:35:00,65.80092561035181,64.4292540120094,4.231678241634712
2012-05-20 01:40:00,65.68634227668117,64.07256761827166,4.415235414588377
2012-05-20 01:45:00,65.78009229102005,64.18812752850808,4.355330102688306
2012-05-20 01:50:00,65.57638841249307,64.26725450992147,4.314554798359757
2012-05-20 01:55:00,65.40740685238698,64.39398029455397,4.24965458565026
2012-05-20 02:00:00,65.58449020030449,64.04936208563595,4.427316734150888
2012-05-20 02:05:00,65.64351821263757,64.29326218665047,4.622975547548607
2012-05-20 02:10:00,65.47685154723816,64.075104381496,4.747939659411586
2012-05-20 02:15:00,64.9363423113885,64.60765266238424,4.445580214332093
2012-05-20 02:20:00,64.43634232573741,64.72088427070257,4.3824800098406245
2012-05-20 02:25:00,64.31712920616914,64.51634088663572,4.49677232598691
2012-05-20 02:30:00,64.55671251208196,64.26225042604239,4.640645629862926
2012-05-20 02:35:00,64.41782382903999,64.33452599372103,4.599510006069372
2012-05-20 02:40:00,64.27199049527736,63.81534127298932,4.8987346633655795
2012-05-20 02:45:00,64.19907382839607,64.40135843397609,4.561622235725275
2012-05-20 02:50:00,64.61689792166933,63.812708354728606,4.900274634614308
2012-05-20 02:55:00,64.87962948205141,64.02282924420078,4.778110416781604
2012-05-20 03:00:00,64.32870357950442,64.44745915930709,4.535569740553723
2012-05-20 03:05:00,64.2474536917684,64.56506363851621,5.157456245831467
2012-05-20 03:10:00,64.46620369065447,63.83282038823725,5.656463322623503
2012-05-20 03:15:00,64.42337957739075,63.52422404624065,5.870524782599499
2012-05-20 03:20:00,64.90486112259599,63.73715814378781,5.722570089432566
2012-05-20 03:25:00,64.83657422754942,64.39128547846619,5.274758105628834
2012-05-20 03:30:00,63.846990891303044,64.93209980879688,4.912235350799569
2012-05-20 03:35:00,63.71388910488154,64.16077846265372,5.431447149633297
2012-05-20 03:40:00,63.44189832427654,63.617419620444196,5.805625005839708
2012-05-20 03:45:00,62.796064989042065,64.3782532822763,5.283584062156596
2012-05-20 03:50:00,61.95231501468411,64.88676638307753,4.942325021523922
2012-05-20 03:55:00,61.76481500006927,64.74979194113995,5.033589686578192
2012-05-20 04:00:00,61.982407555996666,63.33252713675666,6.004786492322586
2012-05-20 04:05:00,62.11574077721934,64.7644327073745,5.468435232283491
2012-05-20 04:10:00,62.23032412495286,64.7134506812902,5.504250160206897
2012-05-20 04:15:00,62.69907414039562,63.812713768942736,6.149784827702796
2012-05-20 04:20:00,62.321759260405805,65.19781476991047,5.166432450316615
2012-05-20 04:25:00,62.12152770943649,64.62035708064533,5.569814718082516
2012-05-20 04:30:00,62.954861073348695,63.06316131481447,6.716508507009034
2012-05-20 04:35:00,63.162037282509594,64.24343641169462,5.837701735332556
2012-05-20 04:40:00,63.84027807837335,63.37517036956458,6.47601251928845
2012-05-20 04:45:00,64.42361139936095,63.281000947875604,6.547807389131143
2012-05-20 04:50:00,65.0532411589726,63.353647043801224,6.492368508554294
2012-05-20 04:55:00,64.9490744919993,64.7134506812902,5.504250160206897
2012-05-20 05:00:00,65.16782449088538,64.21966690076584,5.8547402812119955
2012-05-20 05:05:00,64.732639361452,65.58969766878518,5.297791325626794
2012-05-20 05:10:00,64.75578755966968,65.50150442411471,5.358386197461574
2012-05-20 05:15:00,64.76620422636701,65.41242756563797,5.419896619934466
2012-05-20 05:20:00,65.02662090786316,64.90720499916894,5.776178037487914
2012-05-20 05:25:00,65.38310247335531,64.71201096441139,5.918073817237434
2012-05-20 05:30:00,65.41550959647516,65.50150442411471,5.358386197461574
2012-05-20 05:35:00,65.33482176041572,65.25191985532463,5.531613035822961
2012-05-20 05:40:00,65.36607176050774,65.45707567841656,5.389025389824149
2012-05-20 05:45:00,65.52232177503058,65.16299587456642,5.594050287374796
2012-05-20 05:50:00,65.64269201762669,65.33251446846101,5.475366551380827
2012-05-20 05:55:00,65.95519203260949,65.02424596416047,5.692347243103906
2012-05-20 06:00:00,65.8984789272881,65.25444708390695,5.5298451331914835
2012-05-20 06:05:00,66.469080695661,65.0984961871353,6.056962106518369
2012-05-20 06:10:00,66.16352504310953,66.02670705789697,5.373482038939572
2012-05-20 06:15:00,66.29894171017482,65.91272072219404,5.452669462670534
2012-05-20 06:20:00,66.50843216714928,65.95662625792828,5.422039467440503
2012-05-20 06:25:00,66.62301550081993,65.9784616850095,5.4068673769523095
2012-05-20 06:30:00,66.70519171137072,66.04589705777346,5.360252793481756
2012-05-20 06:35:00,67.06365692757696,65.5534349642602,5.710141810154163
2012-05-20 06:40:00,67.15740692785293,66.00021906303014,5.391787651550608
2012-05-20 06:45:00,67.1157402610636,65.9784616850095,5.4068673769523095
2012-05-20 06:50:00,67.15277714195528,66.06502557467822,5.3470938906187415
2012-05-20 06:55:00,67.21527711401349,66.17149610929161,5.274344600299467
2012-05-20 07:00:00,67.53240687270524,65.60939099369375,5.669178822444928
2012-05-20 07:05:00,67.49074020591591,66.48804923308587,5.518538313442247
2012-05-20 07:10:00,67.98148096607049,65.49770252077523,6.287538916472776
2012-05-20 07:15:00,67.92824048143022,66.34283224783285,5.623443451094903
2012-05-20 07:20:00,67.57291667663023,66.53101064238182,5.487891892752256
2012-05-20 07:25:00,67.49074046607944,66.36384072050691,5.608132841102754
2012-05-20 07:30:00,67.41782379919813,66.36384072050691,5.608132841102754
2012-05-20 07:35:00,67.4085648461702,66.4584334537569,5.539760373347395
2012-05-20 07:40:00,67.45023148483374,66.34283224783285,5.623443451094903
2012-05-20 07:45:00,67.5752314852017,66.03922500218626,5.850473036716589
2012-05-20 07:50:00,67.58449102887118,66.29110343989895,5.661348096911563
2012-05-20 07:55:00,67.44907438993168,66.44699514595061,5.547983650498362
2012-05-20 08:00:00,67.37615775117615,66.4263384143763,5.562860392090918
2012-05-20 08:05:00,67.236111326339,66.1546687318255,6.437227789451847
2012-05-20 08:10:00,67.01736135382087,66.30101021419279,6.318323041018881
2012-05-20 08:15:00,67.1284720808733,65.97972872361532,6.58330550818297
2012-05-20 08:20:00,67.4409720677303,65.52508930331076,6.987392580060461
2012-05-20 08:25:00,67.51504647640678,65.94059396835198,6.616636760306143
2012-05-20 08:30:00,67.64004644864896,65.96019662978419,6.599910888807504
2012-05-20 08:35:00,67.6331017979283,66.18989563390745,6.408350649556927
2012-05-20 08:40:00,67.64004644864896,66.17583265572766,6.41985724677552
2012-05-20 08:45:00,67.61921311525431,66.04752444397006,6.526143782486387
2012-05-20 08:50:00,67.73958332972462,66.05713750066396,6.518096994652641
2012-05-20 08:55:00,67.96412023929405,65.9159873917954,6.6377208632230875
2012-05-20 09:00:00,68.02662021135224,66.02582801453116,6.544358520677673
2012-05-20 09:05:00,68.28124996986001,65.43871152197862,7.719804486624785
2012-05-20 09:10:00,68.47619050689389,65.426194815224,7.731790122257863
2012-05-20 09:15:00,68.56415357011859,65.78803028830735,7.398941507766878
2012-05-20 09:20:00,68.56415357011859,65.77625208035785,7.40936484027587
2012-05-20 09:25:00,68.67526491593834,65.67394118097651,7.500993368644385
2012-05-20 09:30:00,68.70651491603033,65.79743448290247,7.390634303265698
2012-05-20 09:35:00,68.68568158263567,65.75498954744435,7.428244922098737
2012-05-20 09:40:00,68.58498695976482,65.76917343838505,7.415640716018864
2012-05-20 09:45:00,68.6197089477077,65.58197100866596,7.585120496326598
2012-05-20 09:50:00,68.53637561412906,65.88137894765708,7.31716617406682
2012-05-20 09:55:00,68.36970891884597,65.9549627300946,7.25367763682589
2012-05-20 10:00:00,67.7551255977664,65.73364767168401,7.447279414495555
2012-05-20 10:05:00,66.0780423157478,65.58931001105462,8.0631133346581
2012-05-20 10:10:00,65.6111109910775,65.45818837676289,8.178261968533802
2012-05-20 10:15:00,65.34325375903653,65.58931001105462,8.0631133346581
2012-05-20 10:20:00,65.31200375894453,65.40071175474829,8.229771198443862
2012-05-20 10:25:00,65.23792932214225,65.52475353765834,8.11942172395875
2012-05-20 10:30:00,65.19626265535292,65.4852309840355,8.154256158800466
2012-05-20 10:35:00,65.19626265535292,65.33656254275651,8.288085490790703
2012-05-20 10:40:00,65.3212626275951,65.18428352380825,8.430383891189788
2012-05-20 10:45:00,65.47404061207838,65.27898575074936,8.34122359756411
2012-05-20 10:50:00,65.48330018387365,65.33656254275651,8.288085490790703
2012-05-20 10:55:00,65.5920966086188,65.24030546602502,8.377369594133414
2012-05-20 11:00:00,66.25876326318506,63.958558163171325,9.831365541549953
2012-05-20 11:05:00,67.81084654483568,61.40492401385914,14.237980149105356
2012-05-20 11:10:00,68.23677243998324,64.22022992278211,9.508399653804407
2012-05-20 11:15:00,68.4259261243432,64.81467674091783,8.898323335496663
2012-05-20 11:20:00,68.55092612471118,65.11633313974747,8.629766474489024
2012-05-20 11:25:00,68.65740765650752,65.15449413805526,8.597340900852513
2012-05-20 11:30:00,68.69097257767412,65.18060928341869,8.575322403019763
2012-05-20 11:35:00,68.76388924455541,65.11633313974747,8.629766474489024
2012-05-20 11:40:00,68.7395838951841,65.22313190230219,8.539753491360534
2012-05-20 11:45:00,68.72916722848676,65.36996396871976,8.419317462547209
2012-05-20 11:50:00,68.83101897438546,65.13544136389648,8.613492668774562
2012-05-20 11:55:00,68.75810233562993,65.24429624809117,8.522175295994321
2012-05-20 12:00:00,68.78935233572192,65.24429624809117,8.522175295994321
2012-05-20 12:05:00,68.85416725698049,65.04426289031834,8.63124940664049
2012-05-20 12:10:00,68.9814821221715,65.0831559888146,8.600810441759874
2012-05-20 12:15:00,69.02893566976051,65.14114556894351,8.555769608608964
2012-05-20 12:20:00,68.97800948742751,65.30320514771377,8.43154076108555
2012-05-20 12:25:00,68.92592615394086,65.30320514771377,8.43154076108555
2012-05-20 12:30:00,68.91319456616891,65.17957215906365,8.526121737756307
2012-05-20 12:35:00,68.94444456626091,65.19632629697884,8.513238495737605
2012-05-20 12:40:00,69.06481483698282,65.10253405176988,8.585718734772653
2012-05-20 12:45:00,69.10763865492576,65.28194216478765,8.447740849110701
2012-05-20 12:50:00,69.12152733759977,65.27484307536724,8.453150788104919
2012-05-20 12:55:00,69.10069400420512,65.0223008268784,8.648530256180146
2012-05-20 13:00:00,69.0162035757244,65.23924785203371,8.480337821296876
2012-05-20 13:05:00,69.03472198804445,65.24731053093745,8.358273112500717
2012-05-20 13:10:00,68.94444400374516,65.42178360888472,8.217671793999923
2012-05-20 13:15:00,68.91550892472776,65.31001808537108,8.30787856380501
2012-05-20 13:20:00,68.93518510696879,65.26742464575439,8.342118138238884
2012-05-20 13:25:00,68.92476844027146,65.26491392700937,8.344137091650522
2012-05-20 13:30:00,68.8726851067848,65.2195786871767,8.380533295226359
2012-05-20 13:35:00,68.71643513445065,65.33248596297528,8.289789913519558
2012-05-20 13:40:00,68.61458333230037,65.42671744860927,8.213672278876727
2012-05-20 13:45:00,68.35300954183926,65.44642532861292,8.197683865529088
2012-05-20 13:50:00,68.10300956922914,65.37724840708047,8.253692912072259
2012-05-20 13:55:00,68.05092623574248,65.03592916319944,8.52808038947932
2012-05-20 14:00:00,67.87500002491572,65.12566661204967,8.455907930938032
2012-05-20 14:05:00,67.79166669133707,65.51008748634075,7.922237114709255
2012-05-20 14:10:00,67.68055602053623,65.44545255605992,7.983446703757926
2012-05-20 14:15:00,67.65740776606695,65.46705428597194,7.96302350059812
2012-05-20 14:20:00,67.46990779364079,65.53419339575215,7.899324048075941
2012-05-20 14:25:00,67.39699115488527,65.46165876144389,7.968127543526346
2012-05-20 14:30:00,67.35532451622174,65.31469031308221,8.106460601634174
2012-05-20 14:35:00,67.32407451612976,65.1903280086966,8.222734576397732
2012-05-20 14:40:00,67.2777780634428,65.42379745746591,8.00389319506987
2012-05-20 14:45:00,67.36342626184447,65.06430712661594,8.34022054760076
2012-05-20 14:50:00,67.3958333849643,65.01344716644984,8.387623271891576
2012-05-20 14:55:00,67.43750005175362,65.11491076241673,8.293058270668178
2012-05-20 15:00:00,67.56712980989344,64.91098172992851,8.483258262452823
2012-05-20 15:05:00,67.5254631712299,65.454538549557,7.036534321798882
2012-05-20 15:10:00,67.6018518259621,65.31572193884577,7.17505866338821
2012-05-20 15:15:00,67.51388873461161,65.5573475706997,6.933637590387515
2012-05-20 15:20:00,67.58680540149292,65.2192118144032,7.27115384808625
2012-05-20 15:25:00,67.4490738414788,65.4286578888848,7.06239407094798
2012-05-20 15:30:00,67.55324048032632,65.35060491879689,7.140286611543402
2012-05-20 15:35:00,67.5995369048875,65.24561467251094,7.244879271695766
2012-05-20 15:40:00,67.50578693273731,65.454538549557,7.036534321798882
2012-05-20 15:45:00,67.385416718267,65.40848005509606,7.0825424570371
2012-05-20 15:50:00,67.51967623417865,65.22214796381152,7.268233350678724
2012-05-20 15:55:00,67.5798613414138,65.35060491879689,7.140286611543402
2012-05-20 16:00:00,67.59837978185965,65.3622063280455,7.128717828208413
2012-05-20 16:05:00,67.65046308722052,65.61725232008402,6.364332470043329
2012-05-20 16:10:00,67.58333332926468,65.77886772235352,6.1906933638872275
2012-05-20 16:15:00,67.57754644846499,65.60513924650732,6.377410961279581
2012-05-20 16:20:00,67.61921308712851,65.67152090070154,6.3058538387195116
2012-05-20 16:25:00,67.73958330159886,65.33409394237843,6.6725678140402875
2012-05-20 16:30:00,67.7499999682962,65.88456817290229,6.077925732624107
2012-05-20 16:35:00,67.74074042462671,65.62934427119426,6.351287560997476
2012-05-20 16:40:00,67.88657373026352,65.47991838839219,6.51314930297771
2012-05-20 16:45:00,68.129629052153,65.35907909203618,6.645146183653917
2012-05-20 16:50:00,68.11921238545567,65.83192721755059,6.134011773510849
2012-05-20 16:55:00,68.06944394491784,65.77294572527018,6.197029456941485
2012-05-20 17:00:00,68.07870286981999,65.67752579854384,6.299394948476572
2012-05-20 17:05:00,67.98495289766981,65.95794455578199,5.347688765089477
2012-05-20 17:10:00,68.17013800527293,65.8144955575378,5.491214167035715
2012-05-20 17:15:00,68.27430464412045,65.79967802072814,5.5061475117758265
2012-05-20 17:20:00,68.21643442983411,65.98393666488755,5.321882089301591
2012-05-20 17:25:00,68.27546241404141,65.86169037600662,5.4437842591711805
2012-05-20 17:30:00,68.27546241404143,66.11220825686972,5.195395711373181
2012-05-20 17:35:00,68.34953682271791,65.8144955575378,5.491214167035715
2012-05-20 17:40:00,68.33912015602057,66.06124092650943,5.245483295222968
2012-05-20 17:45:00,68.16203685029176,66.18779466569916,5.121520152015058
2012-05-20 17:50:00,67.95486066749878,66.00981922405042,5.29624619329604
2012-05-20 17:55:00,67.97569400089343,65.85286796332811,5.452634586693904
2012-05-20 18:00:00,68.01273150055245,65.90854259425664,5.396903099485709
2012-05-20 18:05:00,67.87731483348716,65.6982495819958,4.8262289986185385
2012-05-20 18:10:00,67.56134284471638,66.2253862293111,4.379693658377081
2012-05-20 18:15:00,67.35185238774191,66.0250266967794,4.546431863475138
2012-05-20 18:20:00,67.22222262960211,65.81184830215683,4.727827147764557
2012-05-20 18:25:00,67.11689883960095,65.97585874180695,4.587898738732207
2012-05-20 18:30:00,67.04398217271965,66.07378151205775,4.50552756022174
2012-05-20 18:35:00,67.05324112574759,65.9676238768315,4.594867183869185
2012-05-20 18:40:00,66.89699115341342,66.00049288163537,4.567095626496329
2012-05-20 18:45:00,66.97916736396422,65.72397301951527,4.803836287181702
2012-05-20 18:50:00,66.94676024084437,65.46555834564371,5.031757966534638
2012-05-20 18:55:00,66.93634357414705,65.8762972787929,4.672544815321518
2012-05-20 19:00:00,66.917825161827,65.9676238768315,4.594867183869185
2012-05-20 19:05:00,67.21064895238008,65.10267236033043,4.3710695746898525
2012-05-20 19:10:00,67.29398228595873,65.2063868771422,4.296823486205823
2012-05-20 19:15:00,67.45138940944652,65.25496244677613,4.262419882178638
2012-05-20 19:20:00,67.60763940990648,65.23213741385801,4.278557334074795
2012-05-20 19:25:00,67.49652809221251,65.45761762015502,4.121363952509893
2012-05-20 19:30:00,67.51736142560718,65.6332835408804,4.002243662103617
2012-05-20 19:35:00,67.37615784961639,65.71943756750925,3.9448641584336115
2012-05-20 19:40:00,67.42592629015424,65.35974148246005,4.18899554483106
2012-05-20 19:45:00,67.37500007969544,65.65492986422866,3.9877624534621483
2012-05-20 19:50:00,67.62500005230558,65.12870748782814,4.352331865603841
2012-05-20 19:55:00,67.64583335757445,65.58432197293737,4.035155854054373
2012-05-20 20:00:00,67.64699045247652,65.65492986422866,3.9877624534621483
2012-05-20 20:05:00,67.57291663444157,65.60417623360262,3.337631413504292
2012-05-20 20:10:00,67.57291663444157,65.23299624884542,3.5216516353621894
2012-05-20 20:15:00,67.51736131310402,65.44279514726965,3.4163245124552044
2012-05-20 20:20:00,67.39236131273606,65.41978449821623,3.4277086781203536
2012-05-20 20:25:00,67.60879642043118,65.02282940886776,3.6307115284227254
2012-05-20 20:30:00,67.53587978167566,65.48858366229535,3.3937935768351846
2012-05-20 20:35:00,67.6678244046385,65.20932029834913,3.533756566523394
2012-05-20 20:40:00,67.80555593652683,65.29838776281281,3.488449789987785
2012-05-20 20:45:00,67.930555908769,65.35029516949798,3.4623365149892167
2012-05-20 20:50:00,67.85185236108799,65.53406217489008,3.3715760749922334
2012-05-20 20:55:00,67.87963034520332,65.44279514726965,3.4163245124552044
2012-05-20 21:00:00,67.9763564475689,65.46572863322476,3.405020561536304
2012-05-20 21:05:00,67.90492816924184,65.30892278282438,3.2903004240347618
2012-05-20 21:10:00,67.97090015727672,65.11092871340762,3.3765147242264493
2012-05-20 21:15:00,67.95353883985872,65.19222739938515,3.340831157794051
2012-05-20 21:20:00,68.07043703835238,65.02127586692652,3.416337239374096
2012-05-20 21:25:00,67.94543706611022,65.37373123515182,3.2625845557213644
2012-05-20 21:30:00,67.99752037147105,65.19957472700695,3.3376242836171346
2012-05-20 21:35:00,68.0160388400427,65.36656101561458,3.2656391146955066
2012-05-20 21:40:00,67.73478886734057,65.45918959855005,3.2264105458676062
2012-05-20 21:45:00,67.55770556161174,65.48038153573668,3.217504233964656
2012-05-20 21:50:00,67.63640910929276,65.23133346634512,3.323806491990794
2012-05-20 21:55:00,67.5669644865139,65.36656101561458,3.2656391146955066
2012-05-20 22:00:00,67.32093306253479,65.52855930829362,3.1973518962023775
2012-05-20 22:05:00,67.33680601952432,65.01358681098532,3.4365455052650264
2012-05-20 22:10:00,67.3229173649761,65.10332175664045,3.398761322196678
2012-05-20 22:15:00,67.33101913872461,65.01050872478983,3.4378472089040604
2012-05-20 22:20:00,67.32870427390158,65.12222478910599,3.390846767753356
2012-05-20 22:25:00,67.42245424605177,64.96730395711667,3.4561744783715533
2012-05-20 22:30:00,67.4016209407829,65.15988852348893,3.375124944683531
2012-05-20 22:35:00,67.17939830539498,65.25321383843497,3.336431511153494
2012-05-20 22:40:00,67.43981494470245,64.72568503326306,3.5602571898688544
2012-05-20 22:45:00,67.37615779336481,64.96730395711667,3.4561744783715533
2012-05-20 22:50:00,67.13657448745201,65.2439347332802,3.3402628762554945
2012-05-20 22:55:00,67.0949078206627,65.07488183211385,3.410697962707749
2012-05-20 23:00:00,67.26504647567087,64.87291551552495,3.496507265620821
2012-05-20 23:05:00,66.91435180987541,64.87487006088297,3.619510700704078
2012-05-20 23:10:00,66.90972202397778,64.90340841160331,3.607137308900185
2012-05-20 23:15:00,66.71263187518595,64.85579097504991,3.6277971764997923
2012-05-20 23:20:00,66.40013186020315,64.9460410585679,3.588703723955545
2012-05-20 23:25:00,66.21494675260003,64.9884572916598,3.5704216104400515
2012-05-20 23:30:00,65.70453007388367,64.9460410585679,3.588703723955545
2012-05-20 23:35:00,65.74156760166848,64.62368724421223,3.7296096306732065
2012-05-20 23:40:00,65.46031762896635,65.09355026738497,3.5253753630750264
2012-05-20 23:45:00,65.33201030317103,64.66276867298227,3.7123334359514
2012-05-20 23:50:00,65.37251981880672,64.57708170318237,3.750281747053316
2012-05-20 23:55:00,65.3308531520174,64.81751129998135,3.6444607071902033
2012-05-21 00:00:00,65.25330672736423,65.05167718544043,3.5432811254265797
2012-05-21 00:05:00,65.23098534644048,63.38924032997114,4.545661807536304
2012-05-21 00:10:00,64.92311511735532,64.0412177610865,4.218738902732634
2012-05-21 00:15:00,65.21279811526948,63.65308601959898,4.410741926257477
2012-05-21 00:20:00,64.99404811462556,63.52286659729058,4.476850718123248
2012-05-21 00:25:00,64.64219633986514,63.79210370859724,4.34113631147037
2012-05-21 00:30:00,64.69427967159393,63.15883615082746,4.666833831959672
2012-05-21 00:35:00,64.26835345299979,63.87552641186599,4.299824367114321
2012-05-21 00:40:00,64.15377010526628,63.71252283322348,4.380863030185434
2012-05-21 00:45:00,64.05406790081106,63.60975988915229,4.432637317517883
2012-05-21 00:50:00,64.04480838526736,63.84220176930291,4.316288331278781
2012-05-21 00:55:00,63.04480835419789,63.90047966688059,4.287531738509536
2012-05-21 01:00:00,62.48925301732561,64.0412177610865,4.218738902732634
2012-05-21 01:05:00,62.565972624684825,63.2594905872214,4.9958132943530105
2012-05-21 01:10:00,62.38888929434594,63.395228816416385,4.919308001979622
2012-05-21 01:15:00,62.003968554494655,64.08394747014414,4.545126180037158
2012-05-21 01:20:00,62.014385221191986,63.03360688661757,5.12562128560887
2012-05-21 01:25:00,62.05142211790442,63.06114914147553,5.109612256058918
2012-05-21 01:30:00,62.23892211669851,63.16702497388861,5.048554518137526
2012-05-21 01:35:00,61.720403653686475,63.01029874407721,5.139209134858646
2012-05-21 01:40:00,61.824570320659774,63.41420390011833,4.908694117259606
2012-05-21 01:45:00,61.57457031992385,63.33825863436484,4.951290228826116
2012-05-21 01:50:00,60.82457031771607,63.73539126423187,4.731825045654966
2012-05-21 01:55:00,60.99123698487336,61.99180402303165,5.780805938957777
2012-05-21 02:00:00,60.557374618262465,62.942483627476186,5.1789635574745025
2012-05-21 02:05:00,59.37218949365274,63.43572610788163,5.150506419965885
2012-05-21 02:10:00,58.632606140563674,63.11300634362983,5.3406319909165285
2012-05-21 02:15:00,57.979332226658606,63.42621703925597,5.156016289883461
2012-05-21 02:20:00,58.16385612512092,63.094257299851414,5.351893387518783
2012-05-21 02:25:00,57.80968946971674,63.16925358571037,5.307000327255948
2012-05-21 02:30:00,57.61987458544474,63.54380298357103,5.0882223977049215
2012-05-21 02:35:00,58.55737461633026,62.124561057611594,5.979558054602066
2012-05-21 02:40:00,58.296957950654864,63.637203520936026,5.034883388430652
2012-05-21 02:45:00,58.3802912842335,62.925531012909325,5.45445640646022
2012-05-21 02:50:00,59.083994833754325,62.420907088008704,5.776781813770427
2012-05-21 02:55:00,58.86375681019137,62.34655314240279,5.826611006009487
2012-05-21 03:00:00,59.08697096396972,62.208916070972144,5.920672021244794
2012-05-21 03:05:00,60.24305534867307,61.51796659930616,6.86655736194366
2012-05-21 03:10:00,61.03769813305362,61.98345778521085,6.4694461322852845
2012-05-21 03:15:00,61.28769816191534,62.44705944378916,6.112665031989249
2012-05-21 03:20:00,60.96891504286213,63.610386348882514,5.345688838773154
2012-05-21 03:25:00,61.52678525862032,62.726350885181795,5.913714123278169
2012-05-21 03:30:00,61.28951682236467,63.39028516782343,5.479880346530379
2012-05-21 03:35:00,60.73743347334326,63.98220978486136,5.12678406192003
2012-05-21 03:40:00,60.91451680544002,63.3574331580267,5.500260404732
2012-05-21 03:45:00,61.27910015390947,63.26494478565812,5.55817393273126
2012-05-21 03:50:00,60.95502636326438,63.86443054607097,5.195214834433094
2012-05-21 03:55:00,61.82109773612469,62.14715877791428,6.339394065444588
2012-05-21 04:00:00,62.47619058690287,62.80080253801598,5.862489891973909
2012-05-21 04:05:00,62.48214310046578,63.90976883755159,5.392262471096953
2012-05-21 04:10:00,62.06018545236608,63.74218948858654,5.4978318273496845
2012-05-21 04:15:00,62.643518787416575,63.232891161499815,5.841715875865307
2012-05-21 04:20:00,62.51388900115098,63.38571037838773,5.734597744992327
2012-05-21 04:25:00,62.47685210619639,64.05744561981119,5.301905003321878
2012-05-21 04:30:00,62.87268542663205,63.308401433822205,5.788342356249647
2012-05-21 04:35:00,63.143518760762646,63.34604993105972,5.762056135783097
2012-05-21 04:40:00,63.06828720796397,64.01113736835633,5.329985789666555
2012-05-21 04:45:00,63.079860997689146,64.24548416591274,5.190066943401992
2012-05-21 04:50:00,63.2954696009897,63.63431674986355,5.567646782373934
2012-05-21 04:55:00,63.32093270621909,64.02927182148692,5.318962534107952
2012-05-21 05:00:00,63.21792317633654,64.29715237683726,5.159903723743053
2012-05-21 05:05:00,63.44477496479189,64.37292943631799,5.22515628225677
2012-05-21 05:10:00,64.07208984551762,63.40558228446897,5.917669480914827
2012-05-21 05:15:00,64.07208984551762,64.71510359163906,5.0177400739923845
2012-05-21 05:20:00,64.86722886800084,63.58330307523675,5.777685551577747
2012-05-21 05:25:00,65.05241398966686,64.44603091774964,5.179366459381941
2012-05-21 05:30:00,65.1357473232455,64.46421595510921,5.168103881496607
2012-05-21 05:35:00,65.33134911160884,64.28073742185768,5.284122445982928
2012-05-21 05:40:00,65.46908066459152,64.33206747643781,5.2511231062792785
2012-05-21 05:45:00,65.52000687505031,64.7170664622302,5.016598673279804
2012-05-21 05:50:00,65.6747685150818,64.46681176842462,5.166501470999397
2012-05-21 05:55:00,65.6747685150818,64.52658086713534,5.1298668169962465
2012-05-21 06:00:00,65.94560183514947,64.57257979117811,5.102035590764987
2012-05-21 06:05:00,66.02083339497962,65.18951620002608,4.821312610945211
2012-05-21 06:10:00,66.21875007629177,64.97839558646494,4.948592881417448
2012-05-21 06:15:00,66.34953695745943,65.14037343169642,4.850219845432869
2012-05-21 06:20:00,66.27662029057812,65.41809567123663,4.692302660786851
2012-05-21 06:25:00,66.46180542630704,65.18951620002608,4.821312610945211
2012-05-21 06:30:00,66.71180541298007,65.03286048507992,4.914978374487307
2012-05-21 06:35:00,67.02662027872302,65.04690436584991,4.906401162425122
2012-05-21 06:40:00,67.305555400665,64.99660350415273,4.937293908762954
2012-05-21 06:45:00,67.36111072200252,65.22854634142243,4.798655798362766
2012-05-21 06:50:00,67.34259225343091,65.1581116065425,4.839736351864189
2012-05-21 06:55:00,67.56712916300033,64.94996530908348,4.966359294554314
2012-05-21 07:00:00,67.47337919085014,65.45192268255501,4.673939840323824
2012-05-21 07:05:00,67.25925894797805,65.54752766290089,4.7617536962452816
2012-05-21 07:10:00,67.11342561421543,65.54752766290089,4.7617536962452816
2012-05-21 07:15:00,66.95601849072763,65.59195833521551,4.735814210488323
2012-05-21 07:20:00,66.60185180895552,65.53002987916143,4.7720770978309135
2012-05-21 07:25:00,66.2731482183499,65.72847142985897,4.658525193043325
2012-05-21 07:30:00,66.17939824619972,65.685283720476,4.68258857626389
2012-05-21 07:35:00,65.99189827377354,65.80265979016394,4.61799961758292
2012-05-21 07:40:00,65.85300959073159,65.69846914595672,4.675203869470361
2012-05-21 07:45:00,65.73495426921008,65.55334669147581,4.75833455674931
2012-05-21 07:50:00,65.81828760278871,65.3556225171169,4.878358824032101
2012-05-21 07:55:00,65.54745425459522,65.56496213549245,4.751527919268425
2012-05-21 08:00:00,65.37037090667773,65.53002987916143,4.7720770978309135
2012-05-21 08:05:00,65.25000036172939,65.16882966917981,5.178227899373909
2012-05-21 08:10:00,65.12500034729854,65.29263304385123,5.093320899852989
2012-05-21 08:15:00,65.07870390867448,65.3195049135302,5.0753629219767475
2012-05-21 08:20:00,65.21412057573976,64.8853112110784,5.386197763767296
2012-05-21 08:25:00,65.04745391034034,65.16032724358688,5.1841911569876755
2012-05-21 08:30:00,64.80787056223885,65.52923186618972,4.940949867390557
2012-05-21 08:35:00,64.52662054734805,65.49359356821246,4.963078449555997
2012-05-21 08:40:00,64.41550922965409,65.46568626172575,4.980608802957494
2012-05-21 08:45:00,64.42592589635142,65.348279309923,5.056320329353099
2012-05-21 08:50:00,64.13194434994024,65.49756754512053,4.960597108196135
2012-05-21 08:55:00,64.16898124489482,65.08316473593452,5.239078715875894
2012-05-21 09:00:00,63.93981457931142,65.21745341828792,5.144453300460721
2012-05-21 09:05:00,64.17013870015855,64.88172432938516,5.295138191956241
2012-05-21 09:10:00,64.30555538128674,65.00070268300429,5.2086730519278
2012-05-21 09:15:00,64.19444438000788,65.17104188894099,5.09134000063198
2012-05-21 09:20:00,64.09027771303458,65.07712781688302,5.1550892920497935
2012-05-21 09:25:00,64.10416670685011,64.78462986357931,5.368439197725173
2012-05-21 09:30:00,64.04166670666612,65.03905963367434,5.181585274640301
2012-05-21 09:35:00,64.09375004015277,64.92312768255094,5.26462728131093
2012-05-21 09:40:00,63.85648158675796,65.20400096657968,5.069516245752602
2012-05-21 09:45:00,63.43171313105335,65.2995091239017,5.0078888200032745
2012-05-21 09:50:00,63.52546313132931,64.90355597354797,5.278994411757875
2012-05-21 09:55:00,63.48842623637473,65.08765199440347,5.1478292668727175
2012-05-21 10:00:00,63.717592901958135,64.72421501084811,5.415286915849182
2012-05-21 10:05:00,63.59837978238986,65.13534400648271,5.030907105208017
2012-05-21 10:10:00,63.417824109112026,65.08184268328816,5.063477836034355
2012-05-21 10:15:00,63.53935177708822,64.81136224341465,5.240774194604288
2012-05-21 10:20:00,63.50115743917495,64.72861721693533,5.299212156039228
2012-05-21 10:25:00,63.52893511039088,64.65760259862948,5.350929038639175
2012-05-21 10:30:00,63.59027798754702,64.76696740335345,5.271883987645069
2012-05-21 10:35:00,63.67361132112566,64.86164480928701,5.206222452053789
2012-05-21 10:40:00,63.94444466756128,64.61194170436504,5.384938881639891
2012-05-21 10:45:00,64.2870368986522,64.35556699386846,5.586881249120622
2012-05-21 10:50:00,64.29745356534954,64.91762551909918,5.168607698729974
2012-05-21 10:55:00,64.44328691317506,64.86164480928701,5.206222452053789
2012-05-21 11:00:00,64.42592559575706,64.99129920561676,5.120482113571925
2012-05-21 11:05:00,64.6701387156933,64.64613124302275,5.53761912901125
2012-05-21 11:10:00,64.88310151209097,64.480899694178,5.649285480997809
2012-05-21 11:15:00,64.94560152633785,64.74491180760684,5.47496986527245
2012-05-21 11:20:00,65.13078632104158,64.37944500002294,5.722113101635563
2012-05-21 11:25:00,65.48263810986488,64.43038736874671,5.68514040379119
2012-05-21 11:30:00,65.58448989795227,64.59707636777937,5.569874654135901
2012-05-21 11:35:00,65.6770827611375,64.72690791438232,5.486161509921444
2012-05-21 11:40:00,65.64351786809668,64.81630440837232,5.431599366395815
2012-05-21 11:45:00,65.66319407846349,64.71085045222614,5.496225844877448
2012-05-21 11:50:00,65.64004586618292,64.65426529111255,5.532343068766032
2012-05-21 11:55:00,65.54050895698147,64.83399751164377,5.421097337933105
2012-05-21 12:00:00,65.33680539003547,64.67859153794406,5.516693880542697
2012-05-21 12:05:00,64.95370359408874,64.82701527080799,5.745272859551959
2012-05-21 12:10:00,64.68518545174345,64.62300840020261,5.849631288145151
2012-05-21 12:15:00,64.49189854226603,64.62106665207791,5.850686511444508
2012-05-21 12:20:00,63.75115806966483,64.48141751805362,5.929855906545618
2012-05-21 12:25:00,63.5243062812095,64.80639409022923,5.755239204263948
2012-05-21 12:30:00,63.31134316839671,64.54477750638229,5.893147028588976
2012-05-21 12:35:00,63.26504674383553,64.6540024275016,5.832935258107163
2012-05-21 12:40:00,63.21875030521149,64.52900096459268,5.902163115440949
2012-05-21 12:45:00,63.25463007713822,64.51516404743076,5.910139898189346
2012-05-21 12:50:00,63.43981518474134,64.38509881772147,5.988200996629884
2012-05-21 12:55:00,63.52893542724547,64.43344978887849,5.958525928140614
2012-05-21 13:00:00,63.964120540418634,64.08719351299601,6.188450838589919
2012-05-21 13:05:00,64.14004611138373,64.07119723849074,6.395839371079301
2012-05-21 13:10:00,64.4907404642798,64.05474091047762,6.406289844973332
2012-05-21 13:15:00,64.74999936179209,64.18551512097797,6.325802784848725
2012-05-21 13:20:00,65.53703627301734,63.02708776236367,7.258411122502423
2012-05-21 13:25:00,65.79745295451349,64.32218597316414,6.247761824472112
2012-05-21 13:30:00,66.05763819593489,64.07119723849074,6.395839371079301
2012-05-21 13:35:00,66.03911975548904,64.47203910074283,6.16896824614498
2012-05-21 13:40:00,66.16874952769174,64.34605286963249,6.234747994421563
2012-05-21 13:45:00,66.30995310368252,64.47203910074283,6.16896824614498
2012-05-21 13:50:00,66.31458288958015,64.59580762756339,6.108886135544025
2012-05-21 13:55:00,66.32731442110051,64.48178800499083,6.164077284183648
2012-05-21 14:00:00,66.30069420690614,64.73240557770809,6.047363872114551
2012-05-21 14:05:00,66.25439840111231,64.36430417134765,6.3653340293399365
2012-05-21 14:10:00,65.93148171943218,64.64532553764815,6.226118046507619
2012-05-21 14:15:00,65.87592639809465,64.61619312810491,6.239950983870583
2012-05-21 14:20:00,65.77407462407017,64.4436502385836,6.324587750824196
2012-05-21 14:25:00,65.50902817073928,64.74953027287496,6.177505153953529
2012-05-21 14:30:00,65.34143549015089,64.50828902209732,6.292290177647075
2012-05-21 14:35:00,65.19907415830204,64.42782795020047,6.332612403663096
2012-05-21 14:40:00,65.1805557178562,64.55377545210126,6.270003191045846
2012-05-21 14:45:00,65.08564856642658,64.69755854251353,6.201592753477221
2012-05-21 14:50:00,64.96064855199573,64.59283051294543,6.251130196921456
2012-05-21 14:55:00,64.9895836872647,64.49098626256912,6.300862636451157
2012-05-21 15:00:00,64.89583368698872,64.68017656670453,6.20971711223318
2012-05-21 15:05:00,65.01388905069892,64.3154402702021,6.231122046009333
2012-05-21 15:10:00,65.31597239898439,64.11777417559459,6.36488952939263
2012-05-21 15:15:00,65.39930573256304,64.56081332574495,6.07055153081225
2012-05-21 15:20:00,65.6400468083968,64.2990067943914,6.242063961790184
2012-05-21 15:25:00,65.83449145966941,64.33186492857838,6.220215906230318
2012-05-21 15:30:00,66.14004711925232,64.2496620969696,6.275095786778517
2012-05-21 15:35:00,66.44213046753778,64.21055061579551,6.30148272569048
2012-05-21 15:40:00,66.37731557440499,64.56081332574495,6.07055153081225
2012-05-21 15:45:00,66.40509293975299,64.57708824242802,6.060043286550479
2012-05-21 15:50:00,66.50925962078918,64.41385435577368,6.166149760969099
2012-05-21 15:55:00,66.56365781909886,64.5791229884694,6.0587310779297745
2012-05-21 16:00:00,66.56365781909885,64.56081332574495,6.07055153081225
2012-05-21 16:05:00,66.70486136696384,64.4975387694961,6.126521426259077
2012-05-21 16:10:00,66.69907445803835,64.63860964802096,6.005669445172863
2012-05-21 16:15:00,66.54282444351553,64.69888934227984,5.954473367781996
2012-05-21 16:20:00,66.45023159439317,64.7167272933575,5.939369594831894
2012-05-21 16:25:00,66.33912027669922,64.66318303614815,5.984767541108023
2012-05-21 16:30:00,62.05208298953577,64.78795240505777,5.8792761776643205
2012-05-21 16:35:00,57.86458289283167,64.73900647505265,5.9205380581184315
2012-05-21 16:40:00,53.762731247661314,64.4122357588857,6.200378731981044
2012-05-21 16:45:00,49.84606476634568,64.60954420597803,6.030446717134414
2012-05-21 16:50:00,45.714120300362744,64.57821521461155,6.057221538783235
2012-05-21 16:55:00,41.50115736562423,64.66318303614815,5.984767541108023
2012-05-21 17:00:00,37.08449082658515,64.53789698245737,6.091791619347252
2012-05-21 17:05:00,32.8715279480982,64.78623543822764,5.35241644279087
2012-05-21 17:10:00,28.445601921641224,64.63514325720182,5.485691190501115
2012-05-21 17:15:00,24.527777740719074,64.38970070283781,5.708993462372045
2012-05-21 17:20:00,20.4074071488387,64.54011229605517,5.571117026425983
2012-05-21 17:25:00,16.33912017170286,64.44470349307784,5.658185380221185
2012-05-21 17:30:00,16.2465278288447,49.06358092793236,19.762609186230797
2012-05-21 17:35:00,16.1261573331165,49.310371101283664,19.533818841927687
2012-05-21 17:40:00,16.09837940525275,49.033417764524984,19.79079977565028
2012-05-21 17:45:00,15.829860935945192,50.04372316855026,18.874334149415024
2012-05-21 17:50:00,16.200231207403018,49.21665828329892,19.620269300294993
2012-05-21 17:55:00,16.690971749582754,49.09389113295732,19.734318131497986
2012-05-21 18:00:00,19.116897545146028,48.27208599499437,20.520617500194877
2012-05-21 18:05:00,23.413193785337413,49.226617737192925,18.911817274052847
2012-05-21 18:10:00,27.98032335965938,48.302237120564634,19.78574512160509
2012-05-21 18:15:00,32.21180467859217,49.592514770886936,18.578524553375583
2012-05-21 18:20:00,36.498841909504044,49.130523621274826,19.00052612066168
2012-05-21 18:25:00,40.82638843104529,49.15041350325007,18.982125105379083
2012-05-21 18:30:00,45.30786986321716,48.70154618364382,19.402605067555758
2012-05-21 18:35:00,49.626157122346804,48.85117694874571,19.261230458650555
2012-05-21 18:40:00,53.89467537842287,48.88157344368704,19.232660508607854
2012-05-21 18:45:00,58.13448997446196,49.035939128880614,19.08832605431827
2012-05-21 18:50:00,61.87523083559239,50.59104953279958,17.704109904691474
2012-05-21 18:55:00,65.50486035090306,50.95951664471335,17.393715175225367
2012-05-21 19:00:00,67.61597130884917,60.35533757410707,10.019174053866132
2012-05-21 19:05:00,67.28263794640883,64.8916899147009,4.134377093478646
2012-05-21 19:10:00,67.00254508267166,64.86028864006028,4.154357315483677
2012-05-21 19:15:00,66.95624924875202,64.963075413705,4.089361039146614
2012-05-21 19:20:00,66.76180459747941,64.8197643161974,4.180299965391739
2012-05-21 19:25:00,66.52106349351986,64.90958847685083,4.123039785375647
2012-05-21 19:30:00,66.4747670408329,64.94528001694401,4.1005317160209485
2012-05-21 19:35:00,66.47129502485622,64.71774149519561,4.246434857988407
2012-05-21 19:40:00,66.42499921906239,64.63770585396206,4.299154396790681
2012-05-21 19:45:00,66.48958269321479,64.67253588711802,4.2761207830316925
2012-05-21 19:50:00,66.50810113366062,64.48990474165835,4.398509444649483
2012-05-21 19:55:00,66.63773091992621,64.43402430027899,4.436770064496964
2012-05-21 20:00:00,66.61921247948037,64.72912748903697,4.238995179343006
2012-05-21 20:05:00,66.81365713075299,64.16162718290475,4.2729573350708385
2012-05-21 20:10:00,66.7291666741465,64.23416014372869,4.228499211987524
2012-05-21 20:15:00,66.7291666741465,64.78158167509608,3.910155614617216
2012-05-21 20:20:00,66.83101847629678,64.36013157012754,4.152607525859415
2012-05-21 20:25:00,66.71296314071238,64.36013157012754,4.152607525859415
2012-05-21 20:30:00,66.50694469971458,64.76436935403791,3.919729112390834
2012-05-21 20:35:00,66.63657383908706,64.62554969167874,3.997940754109527
2012-05-21 20:40:00,66.68171252185304,64.46707018816113,4.0894580590509575
2012-05-21 20:45:00,66.45138871742104,64.71038000623976,3.9499355895111097
2012-05-21 20:50:00,66.4328702769752,64.44931540503744,4.099863278552733
2012-05-21 20:55:00,66.36805538384239,64.60805924876983,4.0079229898915125
2012-05-21 21:00:00,66.34953694339656,64.60805924876983,4.0079229898915125
2012-05-21 21:05:00,66.28472207838955,64.41734165108447,3.72226272493822
2012-05-21 21:10:00,66.47106494185074,63.966283364265315,3.945095760231643
2012-05-21 21:15:00,66.52662029131406,64.65175386922284,3.6126087308661057
2012-05-21 21:20:00,66.61921314043639,64.4342630179013,3.714212969833881
2012-05-21 21:25:00,66.78356492870775,64.02546023232932,3.9149145963202123
2012-05-21 21:30:00,66.88773159568105,64.25955715335719,3.7983698264735932
2012-05-21 21:35:00,66.73865766492217,64.73412890096623,3.5750026402848714
2012-05-21 21:40:00,66.60092610490807,64.43214996966722,3.7152161041745955
2012-05-21 21:45:00,66.85208321460895,64.16038139333149,3.847201636095504
2012-05-21 21:50:00,66.83356474603731,64.29814076623381,3.779582208177477
2012-05-21 21:55:00,66.91689807961596,64.36641373901553,3.746620486714749
2012-05-21 22:00:00,67.05578673453213,64.45116056920747,3.7061949687437488
2012-05-21 22:05:00,67.06504625007582,64.14100588982285,3.8185230080094996
2012-05-21 22:10:00,67.07430517497797,64.15778140333661,3.8108242346086816
2012-05-21 22:15:00,66.69467541610224,64.58550461717378,3.620297491486536
2012-05-21 22:20:00,66.4446754294292,64.439342696866,3.6841863149366567
2012-05-21 22:25:00,66.12060131401917,64.17453419121398,3.803151955699788
2012-05-21 22:30:00,66.09282330177805,64.29115066424039,3.7502372520573246
2012-05-21 22:35:00,65.71411986571708,64.30605899109243,3.743534370606914
2012-05-21 22:40:00,65.36226807689378,64.02293630852702,3.8732253867121256
2012-05-21 22:45:00,64.9814811949902,64.45772594368229,3.6760839786723913
2012-05-21 22:50:00,64.95370321087488,64.10738421081686,3.8340088135326376
2012-05-21 22:55:00,64.57407375786707,64.35725931547721,3.7206092942622937
2012-05-21 23:00:00,64.06018508954197,64.53701348115423,3.64135806718215
2012-05-21 23:05:00,64.03009224060362,63.988537781204506,4.087638165901093
2012-05-21 23:10:00,63.76157378535896,64.00520761207135,4.079653029793776
2012-05-21 23:15:00,63.24537023639008,63.7362239422368,4.210446576773098
2012-05-21 23:20:00,63.35648156814694,63.820786485236916,4.1688738782401655
2012-05-21 23:25:00,63.62500033409367,63.41119651512145,4.374435893956702
2012-05-21 23:30:00,63.18055600553169,64.0716885643587,4.047955548420992
2012-05-21 23:35:00,62.958333679527435,63.44565850828371,4.356712822658535
2012-05-21 23:40:00,63.03240778936743,63.203413956168475,4.483123106268579
2012-05-21 23:45:00,62.38425958930994,63.60004503117017,4.278315114791941
2012-05-21 23:50:00,61.89351913150756,63.888112462749966,4.136077606723023
2012-05-21 23:55:00,61.95833402112464,63.49724908148724,4.3303378372063035
2012-05-22 00:00:00,61.95370425016883,63.43704779137704,4.361134505853681
2012-05-22 00:05:00,61.40046345467303,63.10395489914711,4.2413709364962
2012-05-22 00:10:00,61.733796803050495,62.728126830909595,4.400722395681127
2012-05-22 00:15:00,62.07407446332076,62.08555679193984,4.699612890494801
2012-05-22 00:20:00,61.722222356324494,63.18377105376564,4.208586702816151
2012-05-22 00:25:00,61.2175925830179,63.0773512861989,4.252373350846188
2012-05-22 00:30:00,61.38425925017518,62.501311465349204,4.501729833561715
2012-05-22 00:35:00,61.76018526471017,62.305779361261436,4.592489500099539
2012-05-22 00:40:00,61.58194448789687,62.576796213519344,4.467645513475421
2012-05-22 00:45:00,61.64675935290388,61.75790302096664,4.870754567340528
2012-05-22 00:50:00,61.906018577378454,62.260831752791404,4.613903771637179
2012-05-22 00:55:00,60.9523146966437,62.81910911481418,4.3613126827181565
2012-05-22 01:00:00,60.10277778259766,62.65240697576513,4.433982433310085
2012-05-22 01:05:00,59.93611111544038,62.12927254189077,4.702431066287019
2012-05-22 01:10:00,59.498611103605334,63.173940240192685,4.2497810532542255
2012-05-22 01:15:00,59.461574206453434,62.55143967162561,4.5096281453626945
2012-05-22 01:20:00,59.316898313891635,62.5220965735653,4.52249735261338
2012-05-22 01:25:00,59.617824208671244,62.17982229922965,4.678375867670648
2012-05-22 01:30:00,59.312268858472,62.683863095691585,4.452368204415797
2012-05-22 01:35:00,59.11226873307508,62.82575514701639,4.3923469861450055
2012-05-22 01:40:00,58.99421305998123,62.212382316767695,4.663037160016683
2012-05-22 01:45:00,58.74421305924531,61.80024293121814,4.867060948283322
2012-05-22 01:50:00,58.480324062936,62.59551348394709,4.490427120177469
2012-05-22 01:55:00,59.4155091727469,61.25822385562757,5.176822594396233
2012-05-22 02:00:00,59.718749939380984,61.2616197210343,5.174703203797058
2012-05-22 02:05:00,59.30208327148778,61.939787804705674,5.0044423703675385
2012-05-22 02:10:00,59.248842495042446,62.5308652633527,4.703523893764405
2012-05-22 02:15:00,58.46180530607504,62.5487215876011,4.695144856001683
2012-05-22 02:20:00,57.25462944378493,62.354599912657925,4.78823426590418
2012-05-22 02:25:00,57.24537021653055,62.70628556069599,4.622642200713915
2012-05-22 02:30:00,56.82870356270024,62.26415061594418,4.83322427575689
2012-05-22 02:35:00,56.30092589880177,62.56301362307405,4.688462815759887
2012-05-22 02:40:00,56.13425925977027,62.09453151806327,4.920717582077013
2012-05-22 02:45:00,56.32870357353343,61.49436750076665,5.269520943347872
2012-05-22 02:50:00,56.81828692237085,62.24290204748422,4.843955923149607
2012-05-22 02:55:00,56.37384257974599,62.74939220101192,4.603225619492486
2012-05-22 03:00:00,57.20601851124667,61.78580751839033,5.0918256486065525
2012-05-22 03:05:00,57.016203589620126,61.6284417767254,5.150476972266262
2012-05-22 03:10:00,55.94212942410058,62.7735862109373,4.4917472321444905
2012-05-22 03:15:00,56.530092502860015,61.67107448785196,5.121225534389897
2012-05-22 03:20:00,57.79976836533411,60.84122207600652,5.766654392672824
2012-05-22 03:25:00,57.46643504508243,63.01163916637861,4.382982392658822
2012-05-22 03:30:00,57.6053237281244,61.95532581520633,4.93623840420572
2012-05-22 03:35:00,58.03935138998904,62.08303455041121,4.85861544928449
2012-05-22 03:40:00,58.50231447892768,62.16804127870139,4.808754024892834
2012-05-22 03:45:00,58.75115707537788,62.11138447241748,4.8418270260342195
2012-05-22 03:50:00,58.201388605242414,63.31075908499964,4.256118271339986
2012-05-22 03:55:00,58.681712719794014,62.394110593682676,4.682886090845174
2012-05-22 04:00:00,57.94212938428357,63.37376685409013,4.230559327489323
2012-05-22 04:05:00,58.67476843470859,61.596830936841336,5.621825177653483
2012-05-22 04:10:00,59.96875004031503,61.36915040799133,5.821465730676633
2012-05-22 04:15:00,60.18750004271683,62.92705241410681,4.668523376146884
2012-05-22 04:20:00,60.52083337703139,63.139820015780636,4.5485778329436
2012-05-22 04:25:00,60.78125003215962,62.8609002021775,4.70758472310458
2012-05-22 04:30:00,61.21643544988233,62.50249206637827,4.934175940200657
2012-05-22 04:35:00,61.347222347749685,63.10730478768041,4.566352683816747
2012-05-22 04:40:00,61.60648157222425,63.23871241201197,4.495715668272383
2012-05-22 04:45:00,62.09606489293588,62.84430937840589,4.717516163714151
2012-05-22 04:50:00,62.47569435649084,62.83139277920309,4.725283606225407
2012-05-22 04:55:00,62.423611023004185,63.49278971676815,4.367892316967283
2012-05-22 05:00:00,63.03819434408377,62.592970742235025,4.8745734024041525
2012-05-22 05:05:00,63.486110998006076,63.269440478347654,4.632799097636927
2012-05-22 05:10:00,63.497685111177816,63.97380989885857,4.212912505201353
2012-05-22 05:15:00,63.65393510987991,63.75724899154694,4.331722075969064
2012-05-22 05:20:00,63.86226845788941,64.15250165509748,4.121680494186492
2012-05-22 05:25:00,64.11111133383963,63.75724899154694,4.331722075969064
2012-05-22 05:30:00,64.45023157707968,63.67990915080373,4.376366363640535
2012-05-22 05:35:00,64.65277801352691,63.800301057287754,4.3073740035263635
2012-05-22 05:40:00,64.67129646803564,64.13642218451248,4.129642651525335
2012-05-22 05:45:00,64.78587981576918,64.10416337570213,4.1457620185400605
2012-05-22 05:50:00,65.00810215583633,63.91885303802969,4.2421993815701
2012-05-22 05:55:00,65.36226883760845,63.90781536800494,4.248152935787143
2012-05-22 06:00:00,65.64583371732228,64.05553083025394,4.170434971955384
2012-05-22 06:05:00,65.84953727943416,64.45251253362896,4.086261211717322
2012-05-22 06:10:00,66.14004651454788,64.43711778534319,4.095069308369957
2012-05-22 06:15:00,66.42708341023838,64.45251253362896,4.086261211717322
2012-05-22 06:20:00,66.48958338229657,64.93303587719707,3.8348484948586865
2012-05-22 06:25:00,66.74884229387176,64.60421881310135,4.00195582279327
2012-05-22 06:30:00,66.9675922663899,64.6730272165017,3.96521746901122
2012-05-22 06:35:00,67.2557869038756,64.57231912137857,4.019305102374166
2012-05-22 06:40:00,67.51851843613188,64.61916762702465,3.9938932845184643
2012-05-22 06:45:00,67.65624996802019,64.73917594698587,3.930784614164926
2012-05-22 06:50:00,67.72916663490152,64.72271208126165,3.9392742425245104
2012-05-22 06:55:00,67.67708330141487,64.917135975703,3.842438983977225
2012-05-22 07:00:00,67.68634222631702,64.95240790717092,3.8256659877214574
2012-05-22 07:05:00,67.56597199778379,65.06057843470161,3.9260064647376773
2012-05-22 07:10:00,67.4050922114262,65.18631639948474,3.8570758688530886
2012-05-22 07:15:00,67.23263866346922,65.19556382093975,3.8521333804488633
2012-05-22 07:20:00,67.06597202443771,65.3177150165328,3.788466863223972
2012-05-22 07:25:00,66.89930535728044,65.29788415652284,3.798597434409784
2012-05-22 07:30:00,66.72222205155161,65.30149626704758,3.7967455200507314
2012-05-22 07:35:00,66.45370362443272,65.31231493562713,3.791217649629088
2012-05-22 07:40:00,66.24189830263526,65.3177150165328,3.788466863223972
2012-05-22 07:45:00,66.15625010423359,65.23969837089957,3.828779104585393
2012-05-22 07:50:00,66.12037031824396,65.11917889287444,3.893484954039647
2012-05-22 07:55:00,65.91203697023447,65.11917889287444,3.893484954039647
2012-05-22 08:00:00,65.75462984674665,65.25431386611397,3.8211334467344673
2012-05-22 08:05:00,65.74421318004933,64.76866480869829,4.495783901433112
2012-05-22 08:10:00,65.69791674142527,64.83566809905015,4.4488448026251755
2012-05-22 08:15:00,65.64583339387572,64.825256044982,4.456079880228645
2012-05-22 08:20:00,65.58680538154262,64.97316639784476,4.355375807093163
2012-05-22 08:25:00,65.46643515300941,64.95085221360692,4.370283374548934
2012-05-22 08:30:00,65.35185180527587,64.93659795194566,4.379857927039588
2012-05-22 08:35:00,65.09259226262832,64.78549706598855,4.483907618862243
2012-05-22 08:40:00,64.84606426380618,64.89359065542725,4.409000827501587
2012-05-22 08:45:00,64.53356424882338,65.02750970867991,4.319504627594546
2012-05-22 08:50:00,64.13194402297796,64.98327699972138,4.3486548688871105
2012-05-22 08:55:00,64.11921247739471,64.67299114517908,4.5643622499537395
2012-05-22 09:00:00,63.83349831464306,64.91821071829897,4.392271496531074
2012-05-22 09:05:00,63.65343888221455,64.54508508999552,4.9756759054468445
2012-05-22 09:10:00,63.40228175845078,64.54725966338998,4.973930672200176
2012-05-22 09:15:00,63.298115091477484,64.5254844817458,4.991450253425021
2012-05-22 09:20:00,62.94626331671706,64.6676943984171,4.878862106875501
2012-05-22 09:25:00,62.839781756794956,64.52984649608256,4.987932111156682
2012-05-22 09:30:00,62.56894842266437,64.5254844817458,4.991450253425021
2012-05-22 09:35:00,62.68353175457713,64.07836481420397,5.373071261811603
2012-05-22 09:40:00,62.7495040871529,64.22381653728037,5.244392042789688
2012-05-22 09:45:00,63.02033743534637,64.24436000630799,5.2265685905555594
2012-05-22 09:50:00,63.239087432474584,64.01517801041247,5.4303133428833705
2012-05-22 09:55:00,63.26223564475516,64.44200596285155,5.059540732033853
2012-05-22 10:00:00,63.32572746743966,64.1736758097549,5.288263096308325
2012-05-22 10:05:00,63.3807868995002,64.05030333621248,5.464968532080682
2012-05-22 10:10:00,63.45370356638151,63.911835436047426,5.59352709147377
2012-05-22 10:15:00,63.18981457358793,64.1776696153432,5.350478744779622
2012-05-22 10:20:00,63.173611012028005,63.83989059247378,5.661996002554827
2012-05-22 10:25:00,63.011574116705454,64.1776696153432,5.350478744779622
2012-05-22 10:30:00,63.05324078525265,63.84920812448586,5.653062774273139
2012-05-22 10:35:00,63.11574078543663,64.15755886155792,5.368314009844544
2012-05-22 10:40:00,63.00462945939282,64.20439274179442,5.326918841282972
2012-05-22 10:45:00,62.73379611119933,64.60451649643737,4.993597797937588
2012-05-22 10:50:00,62.421296110279435,64.29708460775201,5.246444550265939
2012-05-22 10:55:00,62.38888898715959,64.33640229313794,5.2128966452008445
2012-05-22 11:00:00,62.49652797949323,64.1508425781697,5.374291189723174
2012-05-22 11:05:00,62.38194464758045,64.0695729039421,5.362640363465744
2012-05-22 11:10:00,62.31018542365782,63.97087469166413,5.4502582388991705
2012-05-22 11:15:00,62.49074108463063,63.57722739533421,5.822918315103273
2012-05-22 11:20:00,62.61805597091597,63.72862922370294,5.675209919458396
2012-05-22 11:25:00,62.696759534417716,63.778556265557086,5.627699389023692
2012-05-22 11:30:00,62.86342619981715,63.85065978779295,5.560135847045636
2012-05-22 11:35:00,62.946759533395785,64.1861313147957,5.262192178745891
2012-05-22 11:40:00,63.14814852732379,63.904322152215876,5.510662024132962
2012-05-22 11:45:00,63.435185423014296,64.01052015497879,5.414780764175444
2012-05-22 11:50:00,63.750661526023826,63.60492740070339,5.795485715659737
2012-05-22 11:55:00,63.85598533008787,64.18399400806983,5.264004379492846
2012-05-22 12:00:00,63.928902011032086,64.26265508581155,5.198040351055877
2012-05-22 12:05:00,64.0677910087313,63.77525402386585,5.606968320992763
2012-05-22 12:10:00,64.43121691424206,63.75782396702295,5.622827693226871
2012-05-22 12:15:00,64.59788357964149,63.85321123970986,5.536999124149289
2012-05-22 12:20:00,64.72751334481275,63.896175349081396,5.49911444764183
2012-05-22 12:25:00,64.95436513151022,63.85321123970986,5.536999124149289
2012-05-22 12:30:00,65.15228181282238,64.08209352018122,5.340740668959833
2012-05-22 12:35:00,65.15228181282238,64.24845753980097,5.2067108282297605
2012-05-22 12:40:00,65.26570800940227,64.19352805942633,5.250156732342964
2012-05-22 12:45:00,65.06200444729039,64.43740410586099,5.063352282518488
2012-05-22 12:50:00,65.04861167850345,64.1247897314258,5.305647814381606
2012-05-22 12:55:00,64.9236116640726,64.28477719904585,5.178419717245374
2012-05-22 13:00:00,64.90046343772913,64.30284735662593,5.164472898568397
2012-05-22 13:05:00,65.01157443900797,63.96179889376507,5.575894613337479
2012-05-22 13:10:00,64.96990777221866,64.33109173661423,5.290727280937749
2012-05-22 13:15:00,65.00115777231063,64.08346833680511,5.477649690315439
2012-05-22 13:20:00,65.11921313602083,64.05932234814635,5.4968097924796995
2012-05-22 13:25:00,65.0358798024422,64.18698456681427,5.397389070906839
2012-05-22 13:30:00,65.06712980253418,64.3483553028574,5.278344340428963
2012-05-22 13:35:00,64.95254646886356,64.17315656552704,5.407934019321435
2012-05-22 13:40:00,64.94328695331986,64.31184156161517,5.304634357876839
2012-05-22 13:45:00,65.12037030123737,64.01074765041184,5.535861661046973
2012-05-22 13:50:00,65.27662031576023,64.02900663046701,5.5211031321397215
2012-05-22 13:55:00,65.40162033019108,63.99243403601423,5.5507591313449955
2012-05-22 14:00:00,65.41087987386057,64.18698456681427,5.397389070906839
2012-05-22 14:05:00,65.42129654055789,64.18407284465248,5.461544133062428
2012-05-22 14:10:00,65.45138938949623,64.28748199978823,5.386202263893313
2012-05-22 14:15:00,65.59722273732176,64.16666544313149,5.474526012218258
2012-05-22 14:20:00,65.64930607080841,64.28748199978823,5.386202263893313
2012-05-22 14:25:00,65.76620429742785,64.07496489868382,5.544366224199776
2012-05-22 14:30:00,65.72453763063854,64.42256951076116,5.292289584061835
2012-05-22 14:35:00,65.88425963301226,64.0078126682237,5.597067959378495
2012-05-22 14:40:00,65.95717629989358,64.32155283355935,5.362040496667707
2012-05-22 14:45:00,65.91898162095514,64.33851368195054,5.35013305072417
2012-05-22 14:50:00,65.9398149543498,64.32155283355935,5.362040496667707
2012-05-22 14:55:00,66.13078694275262,64.23600093785446,5.423331228613619
2012-05-22 15:00:00,66.15509229212394,64.23025278626427,5.427523630388209
2012-05-22 15:05:00,66.1817125203812,64.38815368607929,4.830342085672083
2012-05-22 15:10:00,66.24536967171882,64.5175585785472,4.743115721202116
2012-05-22 15:15:00,66.19328633823217,64.5839951764675,4.699791967384481
2012-05-22 15:20:00,66.26388811216465,64.55175873468973,4.720694040204049
2012-05-22 15:25:00,66.43055477932195,64.45408486359632,4.785420308980103
2012-05-22 15:30:00,66.49305477950593,64.53558196294252,4.731267480041487
2012-05-22 15:35:00,66.45601789861423,64.45954894473168,4.781741709093478
2012-05-22 15:40:00,66.34143456494361,64.6160722434698,4.679213509877095
2012-05-22 15:45:00,65.54513844755833,64.45954894473168,4.781741709093478
2012-05-22 15:50:00,64.01388847117657,64.53558196294252,4.731267480041487
2012-05-22 15:55:00,61.81249983831481,64.71661248389246,4.616074463672944
2012-05-22 16:00:00,58.37152767159022,64.45408486359632,4.785420308980103
2012-05-22 16:05:00,54.17824069408642,64.39282888106099,4.792249418965285
2012-05-22 16:10:00,50.24074059811823,64.58368328960874,4.660351569187234
2012-05-22 16:15:00,46.35532383563669,64.4673575071444,4.73987925869664
2012-05-22 16:20:00,42.2905091276096,64.62948838478626,4.629734736825803
2012-05-22 16:25:00,38.127314661534704,64.68237418918193,4.59485074434633
2012-05-22 16:30:00,33.73148145589029,64.60019612232917,4.649270318254589
2012-05-22 16:35:00,29.369212918280382,64.36287082495976,4.813627267607975
2012-05-22 16:40:00,25.171296154878945,64.40030453258873,4.786944136026746
2012-05-22 16:45:00,21.578703745466253,63.06410198529665,5.970759351962492
2012-05-22 16:50:00,18.87037029165725,61.69360808751143,7.6571840799440665
2012-05-22 16:55:00,16.756944272007576,59.94380209052713,9.597794291492406
2012-05-22 17:00:00,16.322916342947952,52.2657290725063,16.02509803741682
2012-05-22 17:05:00,16.23958300936931,48.933920709564575,18.790194168247876
2012-05-22 17:10:00,16.052083008817366,50.181966083508804,17.513411327069957
2012-05-22 17:15:00,15.968749675238726,50.10571471074591,17.588591332331404
2012-05-22 17:20:00,16.056712513457125,49.82953652069364,17.86388845396118
2012-05-22 17:25:00,15.973379179878483,49.60758535540767,18.08860663423172
2012-05-22 17:30:00,16.077545846851788,48.71872187086362,19.020611870621803
2012-05-22 17:35:00,16.59722174930678,48.396154075515845,19.371770541598263
2012-05-22 17:40:00,16.409721748754837,48.933920709564575,18.790194168247876
2012-05-22 17:45:00,16.430555082149496,48.424726275621545,19.34039318794
2012-05-22 17:50:00,16.649305082793433,48.99689941065358,18.723338608595405
2012-05-22 17:55:00,16.68981431717124,49.128521740216264,18.584467194787035
2012-05-22 18:00:00,15.762731206115149,50.03034474391499,17.663251010522163
2012-05-22 18:05:00,15.502314763688195,48.650045503973196,17.95546916849077
2012-05-22 18:10:00,15.148148095978968,49.50014501551188,17.047355551136338
2012-05-22 18:15:00,15.168981429373625,49.78812664234514,16.752977670189136
2012-05-22 18:20:00,15.053240663291477,50.12877453773896,16.41309845257057
2012-05-22 18:25:00,15.185185033122233,49.30409826312573,17.251541118933286
2012-05-22 18:30:00,15.513888637790743,48.99467797969698,17.58015562110666
2012-05-22 18:35:00,15.504629403504927,50.00894872601351,16.531643809689523
2012-05-22 18:40:00,18.22337952401126,48.35405579038994,18.285675027726825
2012-05-22 18:45:00,22.629629396353007,48.441205343333955,18.187691533900573
2012-05-22 18:50:00,26.731481266529656,49.67855301771112,16.864220672820675
2012-05-22 18:55:00,30.929398029931097,49.225205541397294,17.334582056823987
2012-05-22 19:00:00,35.83415951519043,47.33401391371478,19.478015479269267
2012-05-22 19:05:00,40.45452960227848,48.251165752916016,16.9312403745696
2012-05-22 19:10:00,44.90244636641584,48.74801375362256,16.368013265052607
2012-05-22 19:15:00,48.8688815695272,50.27033415807502,14.796267076532708
2012-05-22 19:20:00,53.04712240381971,50.11131213624031,14.950088133975106
2012-05-22 19:25:00,57.044807607023046,50.153914885492696,14.908648723549634
2012-05-22 19:30:00,60.934853874144345,50.53204016786366,14.548009637093628
2012-05-22 19:35:00,64.92443730359919,50.388833838914906,14.683105895186527
2012-05-22 19:40:00,66.62351107016606,61.101530845887076,6.613309001494101
2012-05-22 19:45:00,66.71726107044204,64.25775684630268,3.9952533772925656
2012-05-22 19:50:00,66.6987426299962,64.41426973146793,3.9140068646510535
2012-05-22 19:55:00,66.65476107025806,64.34710279122089,3.948537850370299
2012-05-22 20:00:00,66.55208279183903,64.36236865308496,3.940645487173398
2012-05-22 20:05:00,66.70023101855047,64.13849314602113,3.6122472301180206
2012-05-22 20:10:00,66.77314768543178,64.14633313900151,3.6089642475598454
2012-05-22 20:15:00,66.74536970131645,64.10709500740582,3.6254495029455227
2012-05-22 20:20:00,66.76620303471113,64.39103927235296,3.5089460920695767
2012-05-22 20:25:00,66.86805480873561,64.10709500740582,3.6254495029455227
2012-05-22 20:30:00,67.02430478106976,64.09333737683916,3.6312595875199936
2012-05-22 20:35:00,67.14930475331194,64.19914099277686,3.5869787694017394
2012-05-22 20:40:00,67.2604160710059,64.05987735079745,3.6454590179583435
2012-05-22 20:45:00,66.58333273567943,64.25175183947293,3.5653001013977224
2012-05-22 20:50:00,66.58333273567943,64.21669978134962,3.579719377054886
2012-05-22 20:55:00,66.61111071979475,64.10709500740582,3.6254495029455227
2012-05-22 21:00:00,66.75694405355739,64.02239786844912,3.661479283760443
2012-05-22 21:05:00,66.59259227934892,64.15801912249344,3.482000476575525
2012-05-22 21:10:00,66.65393515650504,64.04105399868818,3.524984316187062
2012-05-22 21:15:00,66.67361136687187,63.83365677533042,3.603368143977472
2012-05-22 21:20:00,66.50231494194271,64.19615289503882,3.468166175111861
2012-05-22 21:25:00,66.51736139453769,64.05067705409955,3.5214163631488744
2012-05-22 21:30:00,66.39699118006736,64.12743414258648,3.493157807763641
2012-05-22 21:35:00,66.1678245408519,64.1790053898582,3.4743761943231792
2012-05-22 21:40:00,65.87847275221257,64.0198610349103,3.5328639805908604
2012-05-22 21:45:00,66.39583407110241,62.86665248210591,4.015482189071341
2012-05-22 21:50:00,66.26041740403711,63.988979145126486,3.5443983942133954
2012-05-22 21:55:00,66.25578764626526,63.927030030681415,3.567723573949587
2012-05-22 22:00:00,66.15046382813831,64.04105399868818,3.524984316187062
2012-05-22 22:05:00,66.25463049511161,63.62892834467547,3.652813180146532
2012-05-22 22:10:00,66.05787095089019,63.8857795411713,3.560827102703092
2012-05-22 22:15:00,65.86226916252684,63.61156178179809,3.6591633782832726
2012-05-22 22:20:00,65.56481560013901,63.65591710512771,3.6429796172778257
2012-05-22 22:25:00,65.55902869121353,63.81902256240439,3.5843995362381196
2012-05-22 22:30:00,65.33564891873486,63.671323602961245,3.637384005896736
2012-05-22 22:35:00,65.27430602751585,63.54195823425636,3.684786462992569
2012-05-22 22:40:00,65.36805602779181,63.27929699185904,3.7841717741988354
2012-05-22 22:45:00,65.37152804376848,63.50126424861124,3.699900136219908
2012-05-22 22:50:00,65.37731492456817,63.50708094274581,3.6977341693164596
2012-05-22 22:55:00,65.40856492466017,63.66362303654147,3.640179835750702
2012-05-22 23:00:00,65.46875006002112,63.609630060516714,3.6598703058918267
2012-05-22 23:05:00,65.12500004494632,63.55222179822888,3.770891958574907
2012-05-22 23:10:00,64.90509259079653,63.31131317707835,3.859623094870414
2012-05-22 23:15:00,65.01736103151835,63.03838880841607,3.9637901134160614
2012-05-22 23:20:00,65.25694437961984,62.91319394556013,4.013058280569768
2012-05-22 23:25:00,64.97106460695717,63.55984301477037,3.7681300624836864
2012-05-22 23:30:00,64.9814812736545,63.05186430217581,3.9585466790844652
2012-05-22 23:35:00,64.54282414933878,63.19228581251645,3.904540512065316
2012-05-22 23:40:00,64.4976854665728,63.19036559468221,3.90527144503359
2012-05-22 23:45:00,64.14351878480069,63.259511591911156,3.879079516269986
2012-05-22 23:50:00,64.1157414335156,63.2691074918746,3.8754641150281084
2012-05-22 23:55:00,63.376158098005135,63.46635908444515,3.802199560279913
2012-05-23 00:00:00,63.265046780311174,63.46062755519546,3.8043015550794546
2012-05-23 00:05:00,63.22338011352185,62.60002860628225,3.9555235506779716
2012-05-23 00:10:00,62.88078756601581,62.56603210193629,3.967515120852234
2012-05-23 00:15:00,62.41666733647069,62.825841574045974,3.877855650748149
2012-05-23 00:20:00,61.47916730558518,62.906617380537575,3.850833097162104
2012-05-23 00:25:00,60.72800985690299,62.696731940822765,3.9218573766759985
2012-05-23 00:30:00,60.55092652304838,62.68060637207187,3.9274265357538454
2012-05-23 00:35:00,60.99884319103358,62.118746099365474,4.134246758578886
2012-05-23 00:40:00,60.80439854151883,62.7236143471249,3.9126078739126946
2012-05-23 00:45:00,61.35648189054024,62.31073968668858,4.060466855024406
2012-05-23 00:50:00,61.347222346870744,62.82404668472128,3.8784602145527143
2012-05-23 00:55:00,61.336805680173406,61.91179435947868,4.218227660291341
2012-05-23 01:00:00,61.13888899886124,62.874301560755754,3.8615998736635393
2012-05-23 01:05:00,61.118055667224446,62.411485337648536,4.259044647037119
2012-05-23 01:10:00,61.305555653713505,61.92629195139142,4.464924737285678
2012-05-23 01:15:00,61.24074076058071,61.99558586389526,4.4337839777527455
2012-05-23 01:20:00,61.82870388152883,61.36947745464959,4.741202323871359
2012-05-23 01:25:00,61.81944464724301,61.44449693197828,4.701018026717752
2012-05-23 01:30:00,61.73611131366437,62.285860438531564,4.309809752984519
2012-05-23 01:35:00,61.52314821051982,62.67944629583632,4.155608772403154
2012-05-23 01:40:00,61.74189820940589,62.30154696769313,4.303383460529414
2012-05-23 01:45:00,61.387731527633775,63.02832725791305,4.028901199218126
2012-05-23 01:50:00,60.960648193043234,62.67944629583632,4.155608772403154
2012-05-23 01:55:00,61.378472289832224,61.786278977784,4.529874071683229
2012-05-23 02:00:00,60.55555560668025,62.4429383540701,4.246577132285007
2012-05-23 02:05:00,60.23263895136804,62.40430827255825,4.430522033283698
2012-05-23 02:10:00,60.17013895118405,62.2344732288353,4.507264144788721
2012-05-23 02:15:00,60.5011574066127,61.929049526658524,4.655441537941906
2012-05-23 02:20:00,60.60300918766865,62.272212171574296,4.489883645583581
2012-05-23 02:25:00,60.26967585335408,61.4621317375235,4.910817923607435
2012-05-23 02:30:00,60.03009253337837,62.18815884420089,4.528861880838904
2012-05-23 02:35:00,59.761574089559815,62.38200338037749,4.440389206468592
2012-05-23 02:40:00,59.07407407347312,62.6515889899685,4.325043945211745
2012-05-23 02:45:00,58.74074073915855,62.51243836882978,4.383543220863663
2012-05-23 02:50:00,58.612268399367366,62.0646315751128,4.58795736693647
2012-05-23 02:55:00,58.121527635697056,62.436911987462544,4.41620851058793
2012-05-23 03:00:00,59.01736098573034,61.246471431993875,5.041738599146731
2012-05-23 03:05:00,59.22867040770368,62.00964454234528,5.089314831421281
2012-05-23 03:10:00,58.81200372574759,62.232773487292214,4.953216564019171
2012-05-23 03:15:00,59.07242040724373,62.51649259827811,4.792119112191312
2012-05-23 03:20:00,58.51686473989346,62.51997348266719,4.790223743490409
2012-05-23 03:25:00,59.37797576447443,61.00318934594184,5.807951261606718
2012-05-23 03:30:00,59.31547576429043,61.91336297332635,5.150638301783964
2012-05-23 03:35:00,59.432373976846996,62.07006789785364,5.051629960508966
2012-05-23 03:40:00,59.349040643268346,61.703538290586344,5.289717058898558
2012-05-23 03:45:00,59.578207312367475,62.105537840139874,5.029796924119679
2012-05-23 03:50:00,59.54001299906427,61.956202193653745,5.123159829180845
2012-05-23 03:55:00,59.85482787887011,61.78442308889959,5.235221264105888
2012-05-23 04:00:00,59.74024454695734,62.67272099813317,4.7089185885817395
2012-05-23 04:05:00,59.74421278620472,62.517012791751306,5.198471266247771
2012-05-23 04:10:00,60.6712961503929,61.720197155911734,5.791148072317956
2012-05-23 04:15:00,60.19097202177841,63.11607357854487,4.81915617868376
2012-05-23 04:20:00,60.89004613697394,61.80608628947828,5.72261196873031
2012-05-23 04:25:00,61.12152800664768,62.523387435592134,5.194128335257919
2012-05-23 04:30:00,61.809028008671476,61.965285794701,5.5985164655659325
2012-05-23 04:35:00,61.99768545218209,62.42821556776531,5.259644460527281
2012-05-23 04:40:00,62.70601880166345,61.702592894971865,5.805331991384442
2012-05-23 04:45:00,62.73726880175544,62.64544851176705,5.1122276449225055
2012-05-23 04:50:00,63.19212979701475,62.0520870343756,5.5324683691498135
2012-05-23 04:55:00,63.3296957225078,62.44880387105622,5.24534927584503
2012-05-23 05:00:00,63.34242727336463,62.695021746154936,5.07965171082546
2012-05-23 05:05:00,63.81464961416771,63.077691986169185,4.717803496760323
2012-05-23 05:10:00,63.40839960242467,63.796484205092156,4.2838636014158995
2012-05-23 05:15:00,63.82506659376444,62.90224685023972,4.836434693783044
2012-05-23 05:20:00,63.83548326046176,63.51573163694383,4.443131020747464
2012-05-23 05:25:00,63.94080706452579,63.46322567834118,4.474388614802107
2012-05-23 05:30:00,63.899140383673576,63.649129695138384,4.365794723853502
2012-05-23 05:35:00,64.2104829556977,63.295865373009974,4.577080590479713
2012-05-23 05:40:00,64.48015915273756,63.43117151276144,4.493698796169027
2012-05-23 05:45:00,64.66881627455948,63.25926403400225,4.600153833473436
2012-05-23 05:50:00,64.99520528159995,63.35713773178514,4.538947844525577
2012-05-23 05:55:00,65.4490744789688,63.23190705073869,4.6175392828171935
2012-05-23 06:00:00,65.84722269938472,63.280475511579816,4.5867547363842744
2012-05-23 06:05:00,65.82638936599007,64.28476801597618,4.13101215237539
2012-05-23 06:10:00,66.28472271121976,63.52532594076883,4.6112505535892625
2012-05-23 06:15:00,66.50462984895444,64.02152651397049,4.287111848626383
2012-05-23 06:20:00,66.85069475697804,63.951958960405456,4.330244684597758
2012-05-23 06:25:00,67.07986139619352,64.05897704785194,4.2642132105221116
2012-05-23 06:30:00,67.29861141090036,64.00569087286968,4.296861343515938
2012-05-23 06:35:00,67.48611138332652,64.23339537895363,4.160580483500699
2012-05-23 06:40:00,67.48726853448015,64.2999058070664,4.122383470121886
2012-05-23 06:45:00,67.53819475900184,63.989817058043634,4.3066751620817465
2012-05-23 06:50:00,67.61111139775737,64.3187744838824,4.111682311082935
2012-05-23 06:55:00,67.0567131628186,64.4029501707369,4.0646667382585
2012-05-23 07:00:00,66.83449051336778,64.36007640139516,4.088464923427737
2012-05-23 07:05:00,66.45949049995885,64.40327403918116,4.411974454521896
2012-05-23 07:10:00,65.94907381772678,64.47659135790691,4.363637194686334
2012-05-23 07:15:00,65.79398094029467,64.54900133872452,4.316746950371466
2012-05-23 07:20:00,65.51041604651795,64.69499926459622,4.2247967473701165
2012-05-23 07:25:00,65.39814760579613,64.60271491317523,4.282510891661045
2012-05-23 07:30:00,65.21064760524418,64.5309843248201,4.328334240474698
2012-05-23 07:35:00,65.00810118022306,64.70861218798564,4.2164023810531495
2012-05-23 07:40:00,64.87268451315778,64.45834658137447,4.375585001135085
2012-05-23 07:45:00,64.77893449881891,64.21604583217776,4.53925089988702
2012-05-23 07:50:00,64.60185119309008,64.60271491317523,4.282510891661045
2012-05-23 07:55:00,64.81249941295405,63.53501985910207,5.046542033657037
2012-05-23 08:00:00,64.8738423041731,64.12249292335842,4.604877784507969
2012-05-23 08:05:00,65.15509231730603,63.73630669885109,5.204824741038767
2012-05-23 08:10:00,65.60763875712598,63.5452191978386,5.368465973474972
2012-05-23 08:15:00,65.52430540948444,64.32783236565474,4.732708786027298
2012-05-23 08:20:00,65.35763872826426,64.24700916017959,4.794066063586681
2012-05-23 08:25:00,65.1053238486424,64.46536534354547,4.6306719724461605
2012-05-23 08:30:00,64.90740716733023,64.24700916017959,4.794066063586681
2012-05-23 08:35:00,64.76620360540235,64.41413112758661,4.66833178328172
2012-05-23 08:40:00,64.5856479321245,64.26675578345565,4.778981444297939
2012-05-23 08:45:00,64.5127312652432,64.0870709830023,4.918466365911334
2012-05-23 08:50:00,64.36458303853176,64.34518243275771,4.719671977208275
2012-05-23 08:55:00,64.36458303853176,63.98538986922558,4.9995837811877415
2012-05-23 09:00:00,64.12499969043027,64.28644639422572,4.763999821643404
2012-05-23 09:05:00,63.9340273504551,64.0986018809014,5.295340725752784
2012-05-23 09:10:00,63.7314809113711,64.24667347890453,5.168996115856796
2012-05-23 09:15:00,63.636573788067274,63.9794578382675,5.399628980505902
2012-05-23 09:20:00,63.60532378797529,63.72927722778646,5.626093350299882
2012-05-23 09:25:00,63.58912022641536,63.79185832164756,5.5685049001537585
2012-05-23 09:30:00,63.474536896260446,63.666317764736164,5.6846568089991125
2012-05-23 09:35:00,63.45370356286579,63.956787602652916,5.41973312473112
2012-05-23 09:40:00,63.561342555199424,63.722298678460284,5.632553731209563
2012-05-23 09:45:00,63.72337945052197,63.75017965920983,5.60678963786411
2012-05-23 09:50:00,63.6944443293159,63.870105992500164,5.497377736508805
2012-05-23 09:55:00,63.829861010444084,63.79185832164756,5.5685049001537585
2012-05-23 10:00:00,63.9895830268807,63.62414382124161,5.724238764285374
2012-05-23 10:05:00,63.98263868554371,63.484531507388986,6.2206682813981535
2012-05-23 10:10:00,64.11111068782543,63.616082668161845,6.086760506586284
2012-05-23 10:15:00,64.18402735470674,63.55394910480167,6.149639333003514
2012-05-23 10:20:00,64.44444403620288,63.428725986076365,6.278360993838927
2012-05-23 10:25:00,64.43981426436817,63.52160393224475,6.182631641260264
2012-05-23 10:30:00,64.51736069956848,63.19625206713795,6.5243561355520105
2012-05-23 10:35:00,64.54861069966047,63.677871971881736,6.024887317704866
2012-05-23 10:40:00,64.45023092754977,63.69838934720989,6.004488218345036
2012-05-23 10:45:00,63.99652736470198,63.83185233378513,5.87356824595043
2012-05-23 10:50:00,63.934027364517995,63.57469825771404,6.1285689835967085
2012-05-23 10:55:00,63.777777349995155,63.82061459097025,5.884473148194793
2012-05-23 11:00:00,63.67013866704519,63.705217381383704,5.997714066148833
2012-05-23 11:05:00,63.73263866722917,63.40745009341375,6.278949666573496
2012-05-23 11:10:00,63.417824107354164,63.79704229806416,5.88629190225026
2012-05-23 11:15:00,63.10532410643426,63.630968346723414,6.050142587426759
2012-05-23 11:20:00,62.90046309081654,63.86912469080209,5.816829616476788
2012-05-23 11:25:00,62.83796309063256,63.44842042898498,6.236304531759191
2012-05-23 11:30:00,62.937499985771126,63.29295255042674,6.3997905942251805
2012-05-23 11:35:00,62.827546423935225,63.671099528327126,6.01006387447982
2012-05-23 11:40:00,62.99421309109251,63.439327432166806,6.2457420835384205
2012-05-23 11:45:00,63.306713092012416,62.86465511523627,6.873484237166557
2012-05-23 11:50:00,63.31712975870975,63.38691359255002,6.300442859071153
2012-05-23 11:55:00,63.28472231917479,63.44842042898498,6.236304531759191
2012-05-23 12:00:00,63.326388985964115,63.42795268864052,6.257570046006187
2012-05-23 12:05:00,63.12847232223057,63.533997743370456,6.009390824382436
2012-05-23 12:10:00,63.04398154569324,63.19319177753457,6.358727928724673
2012-05-23 12:15:00,63.100694651014635,63.026395584093926,6.538395263063907
2012-05-23 12:20:00,62.88888898467625,63.48087010642147,6.062275180300073
2012-05-23 12:25:00,62.76388898430829,63.333387863203285,6.212132076734296
2012-05-23 12:30:00,62.670138985790175,63.49417887051231,6.048972273404522
2012-05-23 12:35:00,62.59259254883199,63.46309973458,6.080094863678663
2012-05-23 12:40:00,62.24074076704013,63.760747628581576,5.790259972448545
2012-05-23 12:45:00,62.1053241017327,63.49417887051231,6.048972273404522
2012-05-23 12:50:00,62.0740741016407,63.4140759523948,6.129590793460394
2012-05-23 12:55:00,61.990740766304214,63.39171904508558,6.152326808260734
2012-05-23 13:00:00,62.02199076639621,63.51410814968452,6.029121486274049
2012-05-23 13:05:00,62.08449076482233,63.185590361547554,6.278884414746252
2012-05-23 13:10:00,62.14699076852204,63.06356654413086,6.407502994570091
2012-05-23 13:15:00,62.211805336889874,63.17433365140466,6.290611236881791
2012-05-23 13:20:00,62.34722200395516,63.10435015259819,6.3641461367004455
2012-05-23 13:25:00,62.357638670652484,63.124701789691436,6.342648950340948
2012-05-23 13:30:00,62.54629579247442,63.34659986052185,6.114242523038642
2012-05-23 13:35:00,62.51273090690452,63.34659986052185,6.114242523038642
2012-05-23 13:40:00,62.70254579337384,63.12018174358559,6.3474153150631905
2012-05-23 13:45:00,62.85879579207593,63.266354984522856,6.1955788413199775
2012-05-23 13:50:00,62.89004579216792,63.3865148462277,6.074316645621548
2012-05-23 13:55:00,62.96411990025005,63.264117606244696,6.197865974116429
2012-05-23 14:00:00,62.79745323485063,63.60328838800934,5.863653371429758
2012-05-23 14:05:00,62.7870365681533,63.40446181988954,5.9591205072905815
2012-05-23 14:10:00,63.00347168639559,63.28452537537854,6.077837347336559
2012-05-23 14:15:00,63.121527346744955,63.39783307098381,5.965591941634792
2012-05-23 14:20:00,63.121527346744955,63.46393532360397,5.901506068916713
2012-05-23 14:25:00,63.377314242343466,63.24427002193827,6.118443756310541
2012-05-23 14:30:00,63.36574045261829,63.795968223455645,5.59505038413045
2012-05-23 14:35:00,63.42129611278366,63.38013578400142,5.982924148862614
2012-05-23 14:40:00,63.53703656948215,63.581807324757584,5.789766786762893
2012-05-23 14:45:00,63.47453656929816,63.659547339206824,5.717849429115183
2012-05-23 14:50:00,63.54629611315162,63.542681165438076,5.826496055915547
2012-05-23 14:55:00,63.53587944645431,63.503387977613166,5.863743092692218
2012-05-23 15:00:00,63.55076026277033,63.384562522806895,5.978583805445222
2012-05-23 15:05:00,63.73826026156443,63.56678819636527,5.496512671659443
2012-05-23 15:10:00,63.761408473845,63.8700411414654,5.234562220650733
2012-05-23 15:15:00,63.88640848827586,63.798444741242946,5.294439322385837
2012-05-23 15:20:00,64.11094538378238,63.64469736633262,5.427122416028027
2012-05-23 15:25:00,64.04265848873581,63.90350335428712,5.206990342306976
2012-05-23 15:30:00,63.938491821762504,63.94926784989019,5.169704998207589
2012-05-23 15:35:00,64.20701057584365,63.66621859320909,5.408210214555715
2012-05-23 15:40:00,64.08085345244784,63.969974490674595,5.152993920873232
2012-05-23 15:45:00,63.070436768743924,63.72192411328387,5.359772461281042
2012-05-23 15:50:00,62.696593890667884,63.85325501046682,5.248492782622473
2012-05-23 15:55:00,61.54960316373873,63.66406854550141,5.410094276690001
2012-05-23 16:00:00,59.138888934964406,63.59468868937995,5.4714956836101365
2012-05-23 16:05:00,55.66203705256467,64.05186047825454,4.768012809018863
2012-05-23 16:10:00,51.78703697084336,64.05186047825454,4.768012809018863
2012-05-23 16:15:00,47.858796109161,64.16207565210384,4.68790840023462
2012-05-23 16:20:00,44.14467579973439,64.19038674646032,4.6677633892400126
2012-05-23 16:25:00,40.665509052511624,63.92125596469372,4.866464822215037
2012-05-23 16:30:00,36.47569433005368,63.90242387952739,4.880984422556587
2012-05-23 16:35:00,32.43518471826583,64.28661981783209,4.600574004614463
2012-05-23 16:40:00,28.59143463663651,63.883548438459485,4.895617229193246
2012-05-23 16:45:00,25.872684572381754,61.84614127041298,6.984479620364013
2012-05-23 16:50:00,22.172453184698327,63.29825113942784,5.3916820673439405
2012-05-23 16:55:00,19.26736072105786,61.46177934777273,7.470844886898149
2012-05-23 17:00:00,17.2465276067821,56.20918145703109,12.69260559906896
2012-05-23 17:05:00,16.311342243839107,51.300690942347956,16.311114121709103
2012-05-23 17:10:00,15.603009133426953,49.850710007363595,17.731930358746084
2012-05-23 17:15:00,14.95089272224786,49.88114362834457,17.700793086810812
2012-05-23 17:20:00,14.340938891745134,50.68691987995151,16.89736185087121
2012-05-23 17:25:00,14.007605557430567,51.00312477836945,16.592700394453626
2012-05-23 17:30:00,14.266864567446008,48.666073490303994,18.991493692727108
2012-05-23 17:35:00,13.881448124651088,49.749045297952456,17.836397746640454
2012-05-23 17:40:00,13.568948348737484,49.648978077025724,17.93987555682374
2012-05-23 17:45:00,13.045800374054243,49.98880593695612,17.591099477566853
2012-05-23 17:50:00,13.11987424834077,49.1341054403263,18.48271495792488
2012-05-23 17:55:00,13.276124023794424,48.901951364328795,18.733250811166254
2012-05-23 18:00:00,13.849040467141284,47.83627933487504,19.928970407334685
2012-05-23 18:05:00,14.48792943291297,48.20652062147092,18.025567631454074
2012-05-23 18:10:00,14.737929433648896,47.78339616024048,18.531125626066093
2012-05-23 18:15:00,15.454860709835001,47.941311544836104,18.34064091693352
2012-05-23 18:20:00,15.689814539233842,48.651403079489306,17.510982721561856
2012-05-23 18:25:00,16.21874967597465,49.745235041254055,16.32096050993696
2012-05-23 18:30:00,17.39930531000751,49.331855152900346,16.758258455566672
2012-05-23 18:35:00,19.836805204679624,48.524297470158096,17.656189975292396
2012-05-23 18:40:00,24.29513841050802,48.63856765130953,17.525584955467387
2012-05-23 18:45:00,28.922453148316734,48.350970053980234,17.856550435975077
2012-05-23 18:50:00,33.14467554234738,49.27447972746955,16.820130913177614
2012-05-23 18:55:00,37.519675611477645,49.27805046496071,16.816269017533173
2012-05-23 19:00:00,41.64467570799778,49.27805046496071,16.816269017533173
2012-05-23 19:05:00,45.7928239746098,50.49161238576675,13.862985829410563
2012-05-23 19:10:00,50.29745360499936,48.68895258098588,15.73730597839202
2012-05-23 19:15:00,54.42129624098218,50.38952725208251,13.960265841037248
2012-05-23 19:20:00,58.5752314446455,49.66551395882908,14.679607834730538
2012-05-23 19:25:00,62.19212973781947,52.2177363535689,12.353241420873013
2012-05-23 19:30:00,65.09837983075197,54.93725051109553,10.356658191915423
2012-05-23 19:35:00,67.1712964753949,59.99861614266943,6.95592578639761
2012-05-23 19:40:00,67.291666717991,64.3510432703159,3.712776220225662
2012-05-23 19:45:00,67.19791671771503,64.45460827044074,3.6685264389140317
2012-05-23 19:50:00,67.26273161084784,64.32015105836804,3.726217126298098
2012-05-23 19:55:00,67.23148161075585,64.57405079799562,3.6189661854560486
2012-05-23 20:00:00,67.3738429285418,64.15841296438155,3.798495984693894
2012-05-23 20:05:00,67.28009295639161,64.4271904651615,3.461336249478839
2012-05-23 20:10:00,67.35416674630078,64.09605872609184,3.5814065024243624
2012-05-23 20:15:00,67.06250009283842,64.34350969372858,3.490794074384649
2012-05-23 20:20:00,67.15509297008654,64.0501262386751,3.5988443782362154
2012-05-23 20:25:00,67.11226915214358,64.24218818220926,3.5272418184662713
2012-05-23 20:30:00,67.23726915251154,63.93258678628694,3.6444238061568655
2012-05-23 20:35:00,67.19560248572223,64.17410601477064,3.5522344214577237
2012-05-23 20:40:00,66.87152866695133,64.35284118316277,3.4874811097368856
2012-05-23 20:45:00,66.85069533355669,64.1056048996628,3.577807934466366
2012-05-23 20:50:00,66.91898221454035,64.23275908222921,3.5306783678247684
2012-05-23 20:55:00,66.64814889447267,64.32668998757104,3.4967839811821713
2012-05-23 21:00:00,66.60995424366001,64.20252542153521,3.541751026329301
2012-05-23 21:05:00,66.44444469953058,64.01412223514451,3.5642645380238993
2012-05-23 21:10:00,66.36574115184958,63.95633509037187,3.584201826014151
2012-05-23 21:15:00,66.5844911665564,63.606349039732216,3.710815177810702
2012-05-23 21:20:00,66.65046315459126,63.94138051066212,3.5894032826077464
2012-05-23 21:25:00,66.48379650149688,63.91142034512678,3.5998761165029243
2012-05-23 21:30:00,66.35879650112894,63.87951334069925,3.6111075872671665
2012-05-23 21:35:00,66.41087983461559,63.84564890802044,3.6231192533166734
2012-05-23 21:40:00,66.53125007721168,63.562266023246735,3.727545661938507
2012-05-23 21:45:00,66.44444472765637,63.811701335513476,3.6352552775360754
2012-05-23 21:50:00,66.28819475532221,64.08090220674279,3.5415359624943807
2012-05-23 21:55:00,66.16319475495426,63.62356747814918,3.7043320572017415
2012-05-23 22:00:00,66.0069447404314,63.87951334069925,3.6111075872671665
2012-05-23 22:05:00,65.7245376042706,63.44848206664852,3.7343890035722165
2012-05-23 22:10:00,65.49768581581526,63.53054477558343,3.7058148065355874
2012-05-23 22:15:00,65.22685246762177,63.66409917799982,3.6603467848596405
2012-05-23 22:20:00,64.99421381242963,63.74708425104492,3.6327009497573783
2012-05-23 22:25:00,64.81828760160288,63.343580817386005,3.7716707616336858
2012-05-23 22:30:00,64.83333402607207,63.379227813263064,3.7589037353693686
2012-05-23 22:35:00,64.70833402570409,63.63079896268329,3.671567553761699
2012-05-23 22:40:00,64.86574114919188,63.46342642966593,3.7291478333665222
2012-05-23 22:45:00,64.78240780155035,63.3736032534151,3.7609116494093726
2012-05-23 22:50:00,64.27645527245271,63.53054477558343,3.7058148065355874
2012-05-23 22:55:00,64.63293681904787,63.12481215352415,3.852398142550481
2012-05-23 23:00:00,64.40377015346446,63.3285556771066,3.7770823319235833
2012-05-23 23:05:00,64.51835348537723,62.70653759236299,4.0629767159328996
2012-05-23 23:10:00,64.57390882077766,62.87686096523911,3.9971606010129435
2012-05-23 23:15:00,64.35069467403075,62.939701691761314,3.9735359800790166
2012-05-23 23:20:00,64.1770833420899,63.08359828378948,3.920659893142935
2012-05-23 23:25:00,64.20486101682155,62.77322876381836,4.036883241488805
2012-05-23 23:30:00,64.08564791131619,63.11306331592834,3.9100316502083476
2012-05-23 23:35:00,64.03356456376663,63.1388308124941,3.9007880679233335
2012-05-23 23:40:00,63.64699075887467,63.42116047265722,3.8024867386342525
2012-05-23 23:45:00,63.640046108154,62.95078418022862,3.9694053987855806
2012-05-23 23:50:00,63.979331956031494,62.42989354346451,4.176142200524584
2012-05-23 23:55:00,63.247850422395345,63.40654831738012,3.8074498010521096
2012-05-24 00:00:00,62.912202207436984,62.673173014697234,4.076192657893177
2012-05-24 00:05:00,62.7455355402797,63.02864884113708,3.9302385519985794
2012-05-24 00:10:00,62.458498644589206,63.10640607559977,3.901723925380098
2012-05-24 00:15:00,62.28587945683756,62.711036164430006,4.052205579934385
2012-05-24 00:20:00,61.9131943346196,62.94294532282691,3.9622513515762
2012-05-24 00:25:00,61.697916659335995,62.95439363638213,3.9579385854935545
2012-05-24 00:30:00,61.572916660725895,63.06282527317777,3.917645188409827
2012-05-24 00:35:00,61.25694433444567,63.198904731459415,3.8684285336361195
2012-05-24 00:40:00,61.329861001326975,62.94294532282691,3.9622513515762
2012-05-24 00:45:00,60.892361014102,63.07989094637936,3.9113925305045014
2012-05-24 00:50:00,60.86111101401,63.113974387534775,3.898974826522237
2012-05-24 00:55:00,61.01736100040706,62.35179858597035,4.202463465722489
2012-05-24 01:00:00,61.30439820899696,62.24248911345992,4.251161551287233
2012-05-24 01:05:00,61.305555651955636,62.60845619179116,4.240125667249996
2012-05-24 01:10:00,61.2951389852583,62.489977153521515,4.2917672852423125
2012-05-24 01:15:00,61.26388899922921,62.285850051326626,4.384510466699393
2012-05-24 01:20:00,61.18981489993639,62.18718249967285,4.4311664513293
2012-05-24 01:25:00,60.88773157977672,62.456040219593724,4.3068467293861366
2012-05-24 01:30:00,60.13773156174818,62.70961767197367,4.197217443818434
2012-05-24 01:35:00,60.174768773117876,62.53516918035942,4.271887219166943
2012-05-24 01:40:00,59.29976875647923,62.91077351059334,4.114896441713053
2012-05-24 01:45:00,59.549768744910125,62.21756369770147,4.4166676359447905
2012-05-24 01:50:00,58.928241082493535,62.91077351059334,4.114896441713053
2012-05-24 01:55:00,58.78240776279381,62.47301413505004,4.299288767740962
2012-05-24 02:00:00,58.1342595170319,62.58029092261196,4.25226388528083
2012-05-24 02:05:00,57.76851875372956,62.591930859794935,4.456875558759987
2012-05-24 02:10:00,57.164352071221515,62.45662015136086,4.523668510409245
2012-05-24 02:15:00,56.505787176340895,62.22119315041104,4.645559542466944
2012-05-24 02:20:00,56.62962974429734,62.05362753825644,4.736941998319703
2012-05-24 02:25:00,57.24884283721166,61.94963886533,4.795668249077592
2012-05-24 02:30:00,57.94675952175354,61.47107153493446,5.0868842571080455
2012-05-24 02:35:00,57.87152796895486,62.57714294383428,4.464063975681821
2012-05-24 02:40:00,58.090277969598795,61.47107153493446,5.0868842571080455
2012-05-24 02:45:00,58.24652796830089,62.60670949776139,4.449718952103934
2012-05-24 02:50:00,58.076388947657485,61.887117997569476,4.831737377869371
2012-05-24 02:55:00,58.45486126709026,62.22119315041104,4.645559542466944
2012-05-24 03:00:00,58.82870386390842,61.50716657988165,5.063677275994261
2012-05-24 03:05:00,58.12037055661575,62.09804602155784,5.080172319154026
2012-05-24 03:10:00,56.912037163473876,61.549429184648055,5.462749604319171
2012-05-24 03:15:00,57.421296399231544,61.2065871596481,5.724180290772945
2012-05-24 03:20:00,57.20254639858761,62.35852428973954,4.913598860856864
2012-05-24 03:25:00,56.813657405426056,63.05427628182772,4.515444586365164
2012-05-24 03:30:00,56.73032407008955,62.71563199019696,4.700864263036915
2012-05-24 03:35:00,56.37037050751774,62.563727239346484,4.7891612918636355
2012-05-24 03:40:00,56.599537202984784,61.92228421826466,5.1980338821247285
2012-05-24 03:45:00,56.31233468859397,62.964950583960864,4.56285541088281
2012-05-24 03:50:00,56.87136237895237,61.69190338704043,5.359225049076888
2012-05-24 03:55:00,56.01951030036789,62.93748394176715,4.577645693804269
2012-05-24 04:00:00,56.31233439678892,62.22011866709969,5.000906761985097
2012-05-24 04:05:00,57.599371253234445,61.03526695436555,6.300963045512905
2012-05-24 04:10:00,59.26488054864734,59.59820923165978,7.814965248281228
2012-05-24 04:15:00,59.705852862990504,62.30541759595516,5.257036496871622
2012-05-24 04:20:00,60.42113084912963,62.21831806120866,5.321641712257827
2012-05-24 04:25:00,60.63409363410121,62.68009598219351,4.990739767904334
2012-05-24 04:30:00,60.671130529055795,62.839059337151006,4.883562122864784
2012-05-24 04:35:00,61.115574868164934,62.18917124423076,5.34348605521373
2012-05-24 04:40:00,61.28224152125932,62.55114170703172,5.080245164943922
2012-05-24 04:45:00,61.542823807392885,62.757623576631865,4.938030326259812
2012-05-24 04:50:00,61.84837946697579,62.886248965533106,4.852424372791124
2012-05-24 04:55:00,62.839120545017344,61.71678688043352,5.713247403369915
2012-05-24 05:00:00,63.19097263267714,62.96437790776799,4.801563639165868
2012-05-24 05:05:00,63.20023217634662,63.66831193932894,4.61026876672134
2012-05-24 05:10:00,63.66319497348022,62.865664851666146,5.185367068041647
2012-05-24 05:15:00,63.94444498661318,63.4035142269479,4.7903384967038365
2012-05-24 05:20:00,63.898148547989116,63.79412704611601,4.528219937862612
2012-05-24 05:25:00,64.13888964931188,63.37670912437299,4.8091113348985655
2012-05-24 05:30:00,64.5555563172051,63.22656241982329,4.916076292732249
2012-05-24 05:35:00,64.98148222289984,63.29364343930492,4.867911612729432
2012-05-24 05:40:00,65.22106555693843,63.15893085562791,4.965244669591534
2012-05-24 05:45:00,65.34143578547166,63.540161780434765,4.696181038142833
2012-05-24 05:50:00,65.60995424071632,63.74722011617765,4.5585404369258375
2012-05-24 05:55:00,65.71180601474082,63.79412704611601,4.528219937862612
2012-05-24 06:00:00,65.78587983277576,63.90230371209986,4.459530436229371
2012-05-24 06:05:00,65.92476851581772,64.09058116567276,4.498874109843045
2012-05-24 06:10:00,66.1562500620449,64.10740146950329,4.487304876495455
2012-05-24 06:15:00,66.22916672892622,64.30575732092602,4.3539125067414455
2012-05-24 06:20:00,66.47916671559925,64.12417872681587,4.4758045794532855
2012-05-24 06:25:00,66.72916668820939,64.20738946008633,4.419358430044946
2012-05-24 06:30:00,66.77546314089635,64.3704311069824,4.31165171081476
2012-05-24 06:35:00,66.84837980777765,64.4502574361046,4.260341667732518
2012-05-24 06:40:00,67.25694471598526,63.986582887789865,4.571283921905929
2012-05-24 06:45:00,67.50694470265826,64.15759737982403,4.453016813203752
2012-05-24 06:50:00,67.48842623408665,64.6219160649265,4.1532453062191435
2012-05-24 06:55:00,67.69212978213561,64.38648690971714,4.3012561103323455
2012-05-24 07:00:00,67.83101843705178,64.4502574361046,4.260341667732518
2012-05-24 07:05:00,67.9236113142999,64.4037956319123,4.73825029745593
2012-05-24 07:10:00,67.95138929841522,64.59133588046632,4.597360352122734
2012-05-24 07:15:00,68.00347263190187,64.50467899288087,4.661823785413621
2012-05-24 07:20:00,68.03125064414299,64.64147125002924,4.560570725029881
2012-05-24 07:25:00,67.88888935448283,64.7240548626135,4.500787394670652
2012-05-24 07:30:00,67.95370421948984,64.5238087473203,4.647497999874457
2012-05-24 07:35:00,67.88078755260852,64.65601052435922,4.5499708469520925
2012-05-24 07:40:00,67.7604173100124,64.78923932859541,4.45432992184966
2012-05-24 07:45:00,67.72338042912072,64.67465070727671,4.53642746457252
2012-05-24 07:50:00,67.77893577858404,64.67465070727671,4.53642746457252
2012-05-24 07:55:00,67.53935247267123,64.82153619862784,4.4315482026444615
2012-05-24 08:00:00,67.4837971232079,64.77301679619175,4.4658296001245015
2012-05-24 08:05:00,67.4467595954231,64.46959610889435,5.130133196330651
2012-05-24 08:10:00,67.3819447304161,64.53925987374734,5.070757464885392
2012-05-24 08:15:00,67.46527803586896,64.49580615066517,5.107705946426637
2012-05-24 08:20:00,67.26851849164753,64.59102011224887,5.027123539882051
2012-05-24 08:25:00,67.20717561449139,64.3570649592534,5.227618104320034
2012-05-24 08:30:00,66.98495361193369,64.53925987374734,5.070757464885392
2012-05-24 08:35:00,66.91203694505238,64.41686782297214,5.17557378130079
2012-05-24 08:40:00,66.93981428227458,64.46959610889435,5.130133196330651
2012-05-24 08:45:00,66.93518452450274,64.50451991342618,5.100271878875863
2012-05-24 08:50:00,66.7025458693106,64.67634139055832,4.9561120576015165
2012-05-24 08:55:00,66.74421253609992,64.27654831080024,5.298538768432392
2012-05-24 09:00:00,66.69212923073906,64.57381343041112,5.041580672849329
2012-05-24 09:05:00,66.66435186539105,64.31606009224645,5.435602734751914
2012-05-24 09:10:00,66.50810185086821,64.33364402527332,5.419331235352033
2012-05-24 09:15:00,66.2997685450474,64.56672089429925,5.208668017411818
2012-05-24 09:20:00,66.19560186401121,64.13341374479857,5.60769770704272
2012-05-24 09:25:00,66.34027807474598,64.15591624524733,5.586194248632587
2012-05-24 09:30:00,66.22916675705201,64.02910932474902,5.708462447502065
2012-05-24 09:35:00,66.1562500901707,64.19403028755269,5.549963593442591
2012-05-24 09:40:00,66.04861143534652,64.43823557445707,5.323636927504726
2012-05-24 09:45:00,65.84027808733701,64.41223672922538,5.347248526198992
2012-05-24 09:50:00,65.70254652732291,64.15367055579891,5.5883355210945185
2012-05-24 09:55:00,65.55671317949738,64.2741275101982,5.474616633505921
2012-05-24 10:00:00,65.44212984582676,64.39267015317866,5.365095435339984
2012-05-24 10:05:00,65.37202398578131,64.15186199734144,5.608386170071711
2012-05-24 10:10:00,65.2261906520187,63.9247543837535,5.832395158607787
2012-05-24 10:15:00,65.0907739708905,64.06443705777954,5.6934723589854626
2012-05-24 10:20:00,65.03869063740385,63.8235692893355,5.935288880559881
2012-05-24 10:25:00,64.54216295074517,64.31723766272187,5.451414715033906
2012-05-24 10:30:00,64.49586650508965,63.705272993097225,6.057960768858852
2012-05-24 10:35:00,64.3708664906588,63.94485378878351,5.812182336339265
2012-05-24 10:40:00,64.10003314246532,64.1235607891993,5.63577151819207
2012-05-24 10:45:00,64.05373670384127,63.90460803678397,5.852731621838619
2012-05-24 10:50:00,63.91021825072241,63.77823835274834,5.981993494676556
2012-05-24 10:55:00,63.79100514521704,63.88441628073037,5.873187507163624
2012-05-24 11:00:00,63.530588463720896,64.06443705777954,5.6934723589854626
2012-05-24 11:05:00,63.28356455101169,63.91032093269937,5.799238455122489
2012-05-24 11:10:00,63.42824076174647,63.53770352683079,6.184731231304966
2012-05-24 11:15:00,63.30324076137851,63.69887006614018,6.014534749677487
2012-05-24 11:20:00,63.23958332175156,63.61861625668791,6.098631192125424
2012-05-24 11:25:00,63.25694432627017,63.256831740500246,6.493805061282
2012-05-24 11:30:00,63.27546277374745,63.51285487865176,6.211438185428297
2012-05-24 11:35:00,63.212962773563476,63.59844844974245,6.119969636539679
2012-05-24 11:40:00,63.19328688312749,63.4970129514374,6.228529973423671
2012-05-24 11:45:00,63.07291665459427,63.70996104156389,6.003014595829267
2012-05-24 11:50:00,63.27199044311354,63.39464157458125,6.34018563761094
2012-05-24 11:55:00,63.20370354982483,63.54897858553437,6.172654918132648
2012-05-24 12:00:00,63.23263866399946,63.45617251481621,6.272823813781586
2012-05-24 12:05:00,63.315971997578096,63.33117047532864,6.429565959273049
2012-05-24 12:10:00,63.075230902847316,63.706717849963745,6.03024654590403
2012-05-24 12:15:00,63.09606423624197,63.35139470963549,6.40727391003005
2012-05-24 12:20:00,63.23263834275022,63.389499245424666,6.3655171844688185
2012-05-24 12:25:00,63.35763834311819,63.18869546256203,6.589147740532671
2012-05-24 12:30:00,63.440971676696826,63.44307754889988,6.307339499072374
2012-05-24 12:35:00,63.597221677156774,63.371583821865066,6.385110817523221
2012-05-24 12:40:00,63.38425857489116,63.35363963265619,6.404806490935052
2012-05-24 12:45:00,63.50925857525913,63.371583821865066,6.385110817523221
2012-05-24 12:50:00,63.33101811837667,63.67200325910301,6.0658587994019575
2012-05-24 12:55:00,63.38078656418809,63.31091254632825,6.4519849683212955
2012-05-24 13:00:00,63.37152734396515,63.40738802683194,6.3460227510672995
2012-05-24 13:05:00,63.38194401066249,63.49076846407337,6.195456409766533
2012-05-24 13:10:00,63.34490711351058,63.24531779190392,6.457885336673978
2012-05-24 13:15:00,63.24074044653728,63.39100625325031,6.300415858315053
2012-05-24 13:20:00,62.817129437307074,63.64829146229039,6.034468367252455
2012-05-24 13:25:00,62.66087943684712,63.431024854357695,6.258033333979614
2012-05-24 13:30:00,62.5034723133593,63.60044636506496,6.082752356846293
2012-05-24 13:35:00,62.190972312439406,63.667787850434145,6.014946229950145
2012-05-24 13:40:00,62.29282440991045,62.93551261410324,6.809396226888616
2012-05-24 13:45:00,62.06365774608491,63.609166540505534,6.07391315307257
2012-05-24 13:50:00,62.09375030673393,63.33070454353119,6.364989825951227
2012-05-24 13:55:00,62.01273186083051,63.40658573874051,6.2838719044106455
2012-05-24 14:00:00,62.04050952853073,63.38877793850719,6.302787368474317
2012-05-24 14:05:00,62.113426195412046,63.6087747482842,5.9283237823916295
2012-05-24 14:10:00,62.354166659509936,63.27036977898016,6.273331118612614
2012-05-24 14:15:00,62.312499992720625,63.28627591033617,6.256485290629843
2012-05-24 14:20:00,62.60069433488554,62.92078906137075,6.659562337348656
2012-05-24 14:25:00,62.631944334977526,63.22481290090974,6.321927163819929
2012-05-24 14:30:00,62.62268479394484,63.397071825447945,6.1408746906927325
2012-05-24 14:35:00,62.747684796070665,63.16307842841278,6.388603562205354
2012-05-24 14:40:00,62.747684796070665,63.23393728962261,6.312154605784538
2012-05-24 14:45:00,62.98726812659353,63.26581952577843,6.278162088268985
2012-05-24 14:50:00,63.098379127872384,63.48673779260897,6.049519516853949
2012-05-24 14:55:00,63.29629579336379,63.34745191016301,6.192277942635097
2012-05-24 15:00:00,63.436342232263826,63.54017581168704,5.996005649558142
2012-05-24 15:05:00,63.521990444728395,64.10128288019602,4.743348152710883
2012-05-24 15:10:00,63.54976842884372,64.08859649056477,4.752911089251256
2012-05-24 15:15:00,63.43518509517309,63.57068555511217,5.173898609391046
2012-05-24 15:20:00,61.508101798355675,63.84992884779323,4.939383204769394
2012-05-24 15:25:00,58.93518505380064,63.65128745985902,5.104350568091167
2012-05-24 15:30:00,55.83564807687972,63.74230777861774,5.0276349792038575
2012-05-24 15:35:00,52.43832669481029,63.770987482515125,5.003858647771588
2012-05-24 15:40:00,49.22536350988338,63.59986233308535,5.1485471776013325
2012-05-24 15:45:00,45.87119676302857,64.08224529396257,4.757712358075916
2012-05-24 15:50:00,42.532076454705845,64.05465623076259,4.778667054244091
2012-05-24 15:55:00,38.73925227415166,64.08224529396257,4.757712358075916
2012-05-24 16:00:00,35.0517521929823,64.15808499660375,4.700952803016295
2012-05-24 16:05:00,30.85152056475783,64.33117815309664,4.464768470409746
2012-05-24 16:10:00,26.768187374096218,64.21221261077376,4.547365105233655
2012-05-24 16:15:00,23.091103959624178,63.40662424294374,5.187893213781164
2012-05-24 16:20:00,21.146659471954823,59.14690581102304,10.171675055593086
2012-05-24 16:25:00,19.865409468183206,55.202630142506386,13.625152031864141
2012-05-24 16:30:00,18.96494662757305,52.70493642160494,15.74430491188276
2012-05-24 16:35:00,18.299767925611363,51.44171459767543,16.87533238398129
2012-05-24 16:40:00,17.560184590100917,51.848848479872565,16.50492667403108
2012-05-24 16:45:00,16.7268512543145,52.363312786387546,16.045048896099594
2012-05-24 16:50:00,15.843749674870763,52.363312786387546,16.045048896099594
2012-05-24 16:55:00,15.538194268419943,50.53561023033591,17.722466931242256
2012-05-24 17:00:00,14.82986093300149,51.10623571577921,17.185180685645815
2012-05-24 17:05:00,14.650462959330142,49.045746928527876,18.666088792932044
2012-05-24 17:10:00,14.775462734691807,49.206403114874,18.50054940734196
2012-05-24 17:15:00,14.424768364217124,49.173956700028874,18.53388341579232
2012-05-24 17:20:00,14.1747683634812,49.382219663254894,18.320894026462465
2012-05-24 17:25:00,14.091435029902557,49.109536046060946,18.600213585732334
2012-05-24 17:30:00,13.87731453389838,48.813714524687555,18.90747453994351
2012-05-24 17:35:00,14.072916561330926,48.67578262468834,19.05222379334869
2012-05-24 17:40:00,14.281249895277531,48.735964216200045,18.98894549637011
2012-05-24 17:45:00,14.125000119823879,48.79673121785496,18.925240137432535
2012-05-24 17:50:00,14.439814760560514,48.65253126108171,19.076720116817853
2012-05-24 17:55:00,14.704860932633528,49.063405648024,18.64783785685211
2012-05-24 18:00:00,14.819444491310458,48.32639323450693,19.42306927811389
2012-05-24 18:05:00,15.300925799204379,48.45491132089166,18.244533863153116
2012-05-24 18:10:00,15.196759357237376,49.52685466971082,17.110271587970576
2012-05-24 18:15:00,16.03935192730961,48.1076675345435,18.627541388491252
2012-05-24 18:20:00,17.68749990530451,48.55797916959483,18.132275069576448
2012-05-24 18:25:00,18.09374990650039,48.78639454089758,17.88588844502569
2012-05-24 18:30:00,20.010416578809153,48.15299893520616,18.57712625171902
2012-05-24 18:35:00,24.23263843844983,49.18699907775385,17.46185743340918
2012-05-24 18:40:00,28.56597184079078,49.29219267348418,17.352229638508224
2012-05-24 18:45:00,33.302083003344634,48.29113902228522,18.424261358552037
2012-05-24 18:50:00,37.27662003645609,49.54204248251429,17.094735690419707
2012-05-24 18:55:00,41.45370343833708,49.84152991904409,16.79141358400787
2012-05-24 19:00:00,46.09953661659163,48.57750262880916,18.111087688767416
2012-05-24 19:05:00,50.1724533796251,50.24548232465053,14.639403821399819
2012-05-24 19:10:00,54.50347169213671,49.45710356022443,15.420892555384775
2012-05-24 19:15:00,58.40740689506409,51.14308454765498,13.809370484273074
2012-05-24 19:20:00,61.25578671745867,56.191888850912214,9.96380101575807
2012-05-24 19:25:00,65.14004632878655,50.399081469628726,14.493003134249628
2012-05-24 19:30:00,67.86921308786444,56.89600222128423,9.483911402436286
2012-05-24 19:35:00,67.73958394849195,64.56645061954325,3.6454594820338393
2012-05-24 19:40:00,67.64583397634178,64.81384933649808,3.5432427759151808
2012-05-24 19:45:00,67.38657446006216,64.91212393222604,3.5045409890262236
2012-05-24 19:50:00,67.50115779373279,64.32455551451827,3.7526922254913075
2012-05-24 19:55:00,67.25347268594568,64.83130318775729,3.5362941875842533
2012-05-24 20:00:00,67.05704440725067,64.93502221875798,3.49566931403071
2012-05-24 20:05:00,67.02116462126104,64.58255100165134,3.3333674034744596
2012-05-24 20:10:00,66.85681284705257,64.63048424861084,3.3176440616121035
2012-05-24 20:15:00,66.7005628747184,64.68565835302319,3.2997829067596904
2012-05-24 20:20:00,66.55472954095579,64.54782642613601,3.3448821852972457
2012-05-24 20:25:00,66.56398846585793,64.33380297816196,3.4182576400259665
2012-05-24 20:30:00,65.26190510056587,64.54782642613601,3.3448821852972457
2012-05-24 20:35:00,64.46560867379694,64.22139266393603,3.458552654342481
2012-05-24 20:40:00,64.22602532569545,64.53039794433722,3.350700890425617
2012-05-24 20:45:00,64.23528486936492,64.34972729283965,3.4126498501788434
2012-05-24 20:50:00,64.27695153615424,64.40716833573295,3.3926254988130613
2012-05-24 20:55:00,64.3058866714232,64.28582708547701,3.435300559465379
2012-05-24 21:00:00,64.02314829610391,64.4803601290686,3.3675577999687047
2012-05-24 21:05:00,63.986111415212235,64.3038845583269,3.30928147743513
2012-05-24 21:10:00,64.00231496270926,64.13795557432691,3.3603201347927745
2012-05-24 21:15:00,63.70023161442379,64.2078398594176,3.3385700835398158
2012-05-24 21:20:00,63.58101849485553,64.08514684865214,3.3770124381639044
2012-05-24 21:25:00,63.614583387896324,64.13405511822766,3.361545673798974
2012-05-24 21:30:00,64.75000008603111,61.97325335922252,4.313509869098661
2012-05-24 21:35:00,65.50810184792452,62.56430267318493,3.984130598634522
2012-05-24 21:40:00,65.50231495306193,63.906727965288844,3.435113790172789
2012-05-24 21:45:00,65.46412030224927,64.14964465165548,3.3566561462528104
2012-05-24 21:50:00,65.34259228973218,64.25985169715217,3.3226236619930725
2012-05-24 21:55:00,65.30092562294286,64.12039006369092,3.365847583327604
2012-05-24 22:00:00,65.53009230434702,63.77972943083103,3.478177999222407
2012-05-24 22:05:00,65.5115738357754,63.97345403381519,3.4371497034343528
2012-05-24 22:10:00,65.1724536083561,63.897141121829,3.4606086916050764
2012-05-24 22:15:00,65.27314825935274,63.428695202401826,3.6142831011909036
2012-05-24 22:20:00,65.48611137919697,63.617357522220885,3.550264055344172
2012-05-24 22:25:00,65.41319471231566,63.92201099794624,3.4529200434877967
2012-05-24 22:30:00,65.47569471249965,63.783448799046795,3.496327893410371
2012-05-24 22:35:00,65.46759293875114,63.678238735667826,3.5302414618401152
2012-05-24 22:40:00,65.50462983370569,63.633102752977436,3.5450568892156924
2012-05-24 22:45:00,65.37962981927484,63.81827451489435,3.4852861170206295
2012-05-24 22:50:00,65.38657449812129,63.78926054304274,3.494478440057733
2012-05-24 22:55:00,65.33449115057174,63.783448799046795,3.496327893410371
2012-05-24 23:00:00,65.1724542411863,63.90480028005798,3.458236618930059
2012-05-24 23:05:00,65.1076393761793,63.66905260733544,3.732416092074887
2012-05-24 23:10:00,65.39930605600959,63.057644299189,3.957946418525402
2012-05-24 23:15:00,65.21527807319217,63.33321355011888,3.852263124707085
2012-05-24 23:20:00,64.63194472407878,63.69910577078749,3.722114797358312
2012-05-24 23:25:00,64.45486137616126,63.52900674501405,3.7813014953850796
2012-05-24 23:30:00,64.01620392136753,63.614374740256714,3.751326620062836
2012-05-24 23:35:00,63.67013902740683,63.39497400732785,3.8295319194164246
2012-05-24 23:40:00,63.81597237523234,63.42574020871581,3.818330149483892
2012-05-24 23:45:00,63.4143521458712,63.33901671574961,3.8501133863830836
2012-05-24 23:50:00,63.10185213264628,63.52900674501405,3.7813014953850796
2012-05-24 23:55:00,62.643518797963736,63.42574020871581,3.818330149483892
2012-05-25 00:00:00,61.93055567664765,63.3641316448228,3.840842718964607
2012-05-25 00:05:00,61.69097232854617,63.92309099654875,3.989511807136701
2012-05-25 00:10:00,60.503472296924734,63.90487514738885,3.997114066897352
2012-05-25 00:15:00,60.07638897463923,63.33995104035094,4.244394936802109
2012-05-25 00:20:00,59.576388959104484,63.0053351929738,4.40322556265217
2012-05-25 00:25:00,59.232638958092586,63.570106613900116,4.140789393354418
2012-05-25 00:30:00,59.501157715689466,63.18146393583924,4.318333188540805
2012-05-25 00:35:00,59.85532438339869,63.10470577857239,4.354963370543726
2012-05-25 00:40:00,58.98032435269718,64.03152209543869,3.94466928891419
2012-05-25 00:45:00,59.3877314769209,62.9342359090158,4.4383591996224245
2012-05-25 00:50:00,59.34606480837372,63.32053376301628,4.253334577763371
2012-05-25 00:55:00,58.92476839677156,62.925323254747745,4.442800739623619
2012-05-25 01:00:00,59.026620198921826,62.35567606505899,4.745204173434927
2012-05-25 01:05:00,58.873346300551496,63.412321272399225,4.540720922301974
2012-05-25 01:10:00,59.20089275406636,61.593567106186676,5.693824465720488
2012-05-25 01:15:00,59.784226075053965,62.45726429078538,5.094764877788622
2012-05-25 01:20:00,60.06200377864733,61.974471845687475,5.416396928182794
2012-05-25 01:25:00,59.72867043026988,62.85429420263927,4.852368064964339
2012-05-25 01:30:00,58.66964242905596,63.592531494206526,4.446390068260387
2012-05-25 01:35:00,58.3988090984411,63.67229867479739,4.405511964178143
2012-05-25 01:40:00,58.887235006077695,62.33690484585492,5.17204450122056
2012-05-25 01:45:00,58.39186479050349,63.608946533563454,4.4379357096384595
2012-05-25 01:50:00,58.285383244644265,63.165219714937614,4.674867119415368
2012-05-25 01:55:00,58.47751300296806,62.04609451539556,5.366663082363715
2012-05-25 02:00:00,58.357142788497725,62.492842497138476,5.072271476032161
2012-05-25 02:05:00,57.72619056841578,63.07024835936634,5.041679225609097
2012-05-25 02:10:00,57.90211646985887,62.167438595808875,5.6652496499165315
2012-05-25 02:15:00,57.47503314933123,63.479258635904934,4.788924753989879
2012-05-25 02:20:00,57.58267214166485,62.45180172053218,5.458440452400233
2012-05-25 02:25:00,57.244709077704236,62.158517143442886,5.6719010611756255
2012-05-25 02:30:00,57.9217924270936,61.536508002699726,6.16177158836738
2012-05-25 02:35:00,57.397486777413924,63.12214410791256,5.008650297576888
2012-05-25 02:40:00,56.63822753564674,63.19612197833882,4.962061308573055
2012-05-25 02:45:00,55.941798861718844,62.636724219414305,5.3292116554885185
2012-05-25 02:50:00,55.812169412962696,62.90624750885197,5.147977714779697
2012-05-25 02:55:00,55.78670632179618,62.3587778894192,5.524996669295223
2012-05-25 03:00:00,55.80522473411625,62.203107007715346,5.638758870596732
2012-05-25 03:05:00,55.64570077947595,61.79749228895768,6.33863171597156
2012-05-25 03:10:00,56.402645123020726,62.4444531861383,5.80674396217378
2012-05-25 03:15:00,56.16306176085632,62.63923595947697,5.656436743754217
2012-05-25 03:20:00,56.381811747437375,62.599107651977185,5.6870376569198635
2012-05-25 03:25:00,56.63644147781937,61.42537791455828,6.668573558439373
2012-05-25 03:30:00,56.55542302312664,62.77889799796423,5.55139224282398
2012-05-25 03:35:00,56.72556201564425,62.06360573623004,6.113655790983416
2012-05-25 03:40:00,56.670006384923056,61.68009475577804,6.440736650210276
2012-05-25 03:45:00,57.595601712129316,61.21415168163323,6.864428633583
2012-05-25 03:50:00,57.49837938649302,62.60580232772906,5.681918172934242
2012-05-25 03:55:00,57.86759246460853,62.24556990500458,5.9648435988039905
2012-05-25 04:00:00,58.52499992707764,62.17289253232422,6.023798652844044
2012-05-25 04:05:00,58.86458331766218,61.39003433967789,7.428473134739363
2012-05-25 04:10:00,58.04282408098461,63.84759812002599,5.250290948601414
2012-05-25 04:15:00,58.08912053367157,62.10824385380685,6.721005904824412
2012-05-25 04:20:00,58.22453720073687,62.98728100556746,5.934331056862999
2012-05-25 04:25:00,58.79745388315292,61.851527175921696,6.9670108061857965
2012-05-25 04:30:00,58.89930567124029,62.57870537791908,6.289231301364535
2012-05-25 04:35:00,59.47222232553056,62.34226182135426,6.503161245157689
2012-05-25 04:40:00,60.5486113207159,61.480830144337055,7.335650582309661
2012-05-25 04:45:00,60.768518767834244,62.98728100556746,5.934331056862999
2012-05-25 04:50:00,61.497685436647366,62.36343903732788,6.4837474483892334
2012-05-25 04:55:00,61.74884288385769,62.926080669023996,5.9862841679530385
2012-05-25 05:00:00,61.72685210398863,63.409036212048484,5.588109361636388
2012-05-25 05:05:00,62.292824448583396,62.24209429595856,7.16575029335145
2012-05-25 05:10:00,62.978009881104946,62.42331217156906,6.978515181467167
2012-05-25 05:15:00,63.7337967922382,62.363831267256785,7.039549096846458
2012-05-25 05:20:00,63.879630126000826,63.45876069901173,5.982272839999049
2012-05-25 05:25:00,64.25578726419545,63.20681869350333,6.2129112735540994
2012-05-25 05:30:00,64.49537059823405,62.97089179359394,6.435866163822322
2012-05-25 05:35:00,64.52083370346345,63.68421981448376,5.782598395401835
2012-05-25 05:40:00,64.47916702261124,63.844711099337154,5.64442796059794
2012-05-25 05:45:00,64.61805601503686,63.625536539929335,5.833946661429433
2012-05-25 05:50:00,64.62847268173418,64.00220333848971,5.512111767855054
2012-05-25 05:55:00,64.65856523535177,63.625536539929335,5.833946661429433
2012-05-25 06:00:00,64.45833368218513,63.58241430034843,5.871961700962442
2012-05-25 06:05:00,64.51736135349304,63.79517941464795,6.1609020515177875
2012-05-25 06:10:00,64.34143514266628,64.21149268905134,5.764021397066197
2012-05-25 06:15:00,63.92476846071019,64.29624624833798,5.686210505632192
2012-05-25 06:20:00,63.924768460710176,64.13040969973896,5.839425986741671
2012-05-25 06:25:00,63.69328721683521,64.33937940775593,5.647007320327604
2012-05-25 06:30:00,63.724537216927196,63.83146717221822,6.125360562501474
2012-05-25 06:35:00,63.75231456821229,64.11875514681468,5.850341267401659
2012-05-25 06:40:00,63.64814790123901,64.1513435968872,5.819868889085367
2012-05-25 06:45:00,63.52893479573364,64.28485282928871,5.696610184353808
2012-05-25 06:50:00,63.451388342954694,64.41813420062194,5.576131038708087
2012-05-25 06:55:00,63.71180502445085,64.06726467680495,5.8987914804002415
2012-05-25 07:00:00,63.87036991082817,63.53981627271265,6.41596134705386
2012-05-25 07:05:00,63.913194024091894,64.06855652235542,6.522780753936687
2012-05-25 07:10:00,64.17361070558805,64.00128704251823,6.596389118312566
2012-05-25 07:15:00,64.39236070623197,63.56609394997122,7.0879439020434605
2012-05-25 07:20:00,64.5717589189725,64.28944263437926,6.285698843070304
2012-05-25 07:25:00,64.91666637349026,64.02126447303881,6.574461635528501
2012-05-25 07:30:00,65.08333305471045,64.0461824161271,6.547190646860543
2012-05-25 07:35:00,65.32175927978409,64.33537419716073,6.23730513477902
2012-05-25 07:40:00,65.58217596128024,64.09088167565044,6.498498523962771
2012-05-25 07:45:00,65.4050926291835,64.20172963753217,6.378989549234691
2012-05-25 07:50:00,65.12847240194816,64.43122927200999,6.137331263341335
2012-05-25 07:55:00,64.72222238844726,64.75488736351427,5.81023980069255
2012-05-25 08:00:00,64.98561514390722,64.02375873819811,6.571727977728037
2012-05-25 08:05:00,65.24487437892897,63.78683848029596,7.460445067547595
2012-05-25 08:10:00,65.24371722777532,64.18634317229085,6.991379972969198
2012-05-25 08:15:00,65.04431250948126,63.670146725083335,7.6020237571676565
2012-05-25 08:20:00,64.90542384050218,64.29998211232817,6.8625013139873765
2012-05-25 08:25:00,64.75959050673954,64.3812594508329,6.771596096498698
2012-05-25 08:30:00,64.8961642968327,64.03180665106335,7.169906356608453
2012-05-25 08:35:00,64.75959047861376,64.46643419378891,6.677482204782694
2012-05-25 08:40:00,64.63343334115507,64.27351765874555,6.892334955667162
2012-05-25 08:45:00,64.95635002107734,63.43917993350516,7.888161176107668
2012-05-25 08:50:00,65.29778514144543,63.46241793736268,7.859020750714978
2012-05-25 08:55:00,65.43320180675288,63.53195384941665,7.772290750144663
2012-05-25 09:00:00,65.28439238496354,64.21445533295159,6.959307659225004
2012-05-25 09:05:00,65.10730903704604,64.17377707665318,7.506511423166155
2012-05-25 09:10:00,65.16286438650936,64.01959173400971,7.697679926446973
2012-05-25 09:15:00,65.50810243856606,63.07121876935317,8.958053704997832
2012-05-25 09:20:00,65.50925956159391,63.84345645717224,7.920932921938018
2012-05-25 09:25:00,65.55092622838323,63.91226943804451,7.833103062443414
2012-05-25 09:30:00,65.39351909083253,64.15463505937034,7.530024947239042
2012-05-25 09:35:00,65.2361113485774,64.01959173400971,7.697679926446973
2012-05-25 09:40:00,65.26851848576014,63.84345645717224,7.920932921938018
2012-05-25 09:45:00,65.30671313657278,63.97824723405452,7.749621899725121
2012-05-25 09:50:00,65.29861136282426,64.03899142569568,7.673405206058344
2012-05-25 09:55:00,65.46412089289079,63.66733392834799,8.149237927650221
2012-05-25 10:00:00,65.26620422739938,63.73457202683767,8.061487298499301
2012-05-25 10:05:00,65.41550956307579,63.72080088886153,8.254306982393038
2012-05-25 10:10:00,65.26736135042725,64.04783552335645,7.831401789802773
2012-05-25 10:15:00,65.33217622949715,63.742574966568554,8.225529660918326
2012-05-25 10:20:00,65.29050956270783,63.76431133462583,8.196892743375338
2012-05-25 10:25:00,65.14236133599638,63.915351785296814,8.000312922936711
2012-05-25 10:30:00,65.18402801684861,63.742574966568554,8.225529660918326
2012-05-25 10:35:00,65.25810243958797,63.606505018318835,8.406760423413152
2012-05-25 10:40:00,65.24768577289068,63.8292882252638,8.111804951291695
2012-05-25 10:45:00,65.1053244410418,63.972344615638825,7.927243308022405
2012-05-25 10:50:00,65.10532444104182,63.936760009790106,7.972793442935264
2012-05-25 10:55:00,64.94791669878667,63.93438495578161,7.975843150211045
2012-05-25 11:00:00,65.23958337861696,63.233738000838805,8.920159915735189
2012-05-25 11:05:00,65.04861137615123,63.98040550855504,7.851451960641577
2012-05-25 11:10:00,65.26736139085806,63.695773712245675,8.20237825636085
2012-05-25 11:15:00,65.09143551050931,63.829615173481805,8.035323959598797
2012-05-25 11:20:00,65.13310217729862,63.63065726496534,8.284954724995044
2012-05-25 11:25:00,65.22916707052342,63.56032014063131,8.375101277488874
2012-05-25 11:30:00,65.22453728462578,63.78201061150768,8.094328852534487
2012-05-25 11:35:00,65.15277774077232,63.71499642241312,8.178163556402973
2012-05-25 11:40:00,65.0381943930388,63.760515801777245,8.12112043715272
2012-05-25 11:45:00,65.22569440765362,63.63065726496534,8.284954724995044
2012-05-25 11:50:00,64.97453695341186,63.88880420594894,7.962600010614154
2012-05-25 11:55:00,64.8518518319298,63.56032014063131,8.375101277488874
2012-05-25 12:00:00,64.79050894071078,63.803459639487365,8.067687712754152
2012-05-25 12:05:00,64.99884228872028,63.63922324780682,8.019858967158484
2012-05-25 12:10:00,64.88425895504965,64.18853145700676,7.388239786212172
2012-05-25 12:15:00,64.98611041265903,63.51541797464472,8.171307417535902
2012-05-25 12:20:00,65.09027709369524,63.768863219123254,7.864869001983229
2012-05-25 12:25:00,65.14236042718188,63.81172070363399,7.814438508530963
2012-05-25 12:30:00,65.14236042718188,63.82359107978945,7.800544791340986
2012-05-25 12:35:00,65.15277709387921,63.61746830969826,8.04622886184316
2012-05-25 12:40:00,65.06944376030056,63.573835896455996,8.099426032770536
2012-05-25 12:45:00,64.88194374568572,64.06479497952115,7.524802382241849
2012-05-25 12:50:00,65.01851785219397,63.41746751455602,8.293504823797981
2012-05-25 12:55:00,65.40972141485777,63.35343511599163,8.374525289484511
2012-05-25 13:00:00,65.43981430598483,63.72821887549324,7.913064873484501
2012-05-25 13:05:00,65.18171251743749,64.21029585241139,6.7522170350779325
2012-05-25 13:10:00,65.07754583640128,64.11129053465855,6.855483311212641
2012-05-25 13:15:00,63.98263869609087,63.89121005769487,7.09438057291419
2012-05-25 13:20:00,61.15972193673702,64.13119802337685,6.834508308225815
2012-05-25 13:25:00,58.11805517673923,64.07131678715096,6.897914746292726
2012-05-25 13:30:00,54.533399217695525,63.98174987901388,6.994537177005205
2012-05-25 13:35:00,50.92923247010481,63.806636278442596,7.189623405618865
2012-05-25 13:40:00,47.89798239086725,63.57680945316184,7.458100895653882
2012-05-25 13:45:00,44.160713841034244,63.84787711377613,7.142942332786416
2012-05-25 13:50:00,40.82969529239714,63.868429730716166,7.119848501716166
2012-05-25 13:55:00,36.615574981498675,64.29930747312379,6.6615894191129135
2012-05-25 14:00:00,32.60515821864918,63.95016978061566,7.029114345267698
2012-05-25 14:05:00,28.904926577833667,63.864570774216524,6.785020141161464
2012-05-25 14:10:00,25.46974136222326,64.06838955361731,6.576094084366875
2012-05-25 14:15:00,22.782241298060484,61.763276438625645,9.657312508177673
2012-05-25 14:20:00,21.657241294748818,57.53804615509181,15.949945032911474
2012-05-25 14:25:00,20.698907958594443,56.45307816185676,16.933020399415536
2012-05-25 14:30:00,20.16319383202196,53.873280794936555,19.06971657069795
2012-05-25 14:35:00,19.88194383119404,53.42724613590315,19.42948027014054
2012-05-25 14:40:00,19.70486049733943,55.38493117559693,17.837366061256116
2012-05-25 14:45:00,19.454860721609805,52.98062218536784,19.78975428387343
2012-05-25 14:50:00,18.952545855314924,54.70766541641206,18.39352819793307
2012-05-25 14:55:00,19.0462958555909,52.07057160127264,20.527034342385342
2012-05-25 15:00:00,18.942129188617596,52.146103516388614,20.46558838421764
2012-05-25 15:05:00,18.84837918834162,51.75432738300362,19.953450642853344
2012-05-25 15:10:00,18.496527385455426,53.23989081440265,18.742479219588855
2012-05-25 15:15:00,18.27777738481149,51.79361888328129,19.921031060009597
2012-05-25 15:20:00,17.749999680482194,51.63743064705093,20.050061823250786
2012-05-25 15:25:00,17.74999968048219,51.332816498208096,20.3029435921847
2012-05-25 15:30:00,17.552082788226617,50.75352838268565,20.788831085964794
2012-05-25 15:35:00,16.906249677998442,51.258254754009776,20.365125208452994
2012-05-25 15:40:00,15.864583233271725,53.50367464487638,18.529658809990924
2012-05-25 15:45:00,15.494212511801294,50.97418407419454,20.60295686843956
2012-05-25 15:50:00,14.90046251005347,51.56031311253295,20.113920298976076
2012-05-25 15:55:00,14.122684804988246,51.332816498208096,20.3029435921847
2012-05-25 16:00:00,14.31018480554019,50.71860414220411,20.818340774822946
2012-05-25 16:05:00,14.26851813875087,50.48660307049118,20.316750653823068
2012-05-25 16:10:00,13.953703498014235,50.87662454849064,19.986681823424217
2012-05-25 16:15:00,14.214120165447492,50.0961482303563,20.650526238021936
2012-05-25 16:20:00,14.460647868948875,49.01724943051405,21.590556211628282
2012-05-25 16:25:00,14.682870166827351,50.41410204649909,20.37847111967779
2012-05-25 16:30:00,15.232638636962823,49.24865147920258,21.38678791801625
2012-05-25 16:35:00,15.597221746363081,48.413238691435375,22.127172950976583
2012-05-25 16:40:00,16.1909715231046,48.860872695255146,21.72885205931911
2012-05-25 16:45:00,16.63541611886156,48.938598928068465,21.66005278273685
2012-05-25 16:50:00,17.416666121161324,48.77452585228937,21.8054256411048
2012-05-25 16:55:00,18.319443826594508,48.131745008783646,22.379149069549623
2012-05-25 17:00:00,18.253471754182282,50.45026607169825,20.347669557143377
2012-05-25 17:05:00,18.01388842014369,49.70950904707106,20.106410713685584
2012-05-25 17:10:00,18.05324022210998,49.17728443071513,20.573014604968044
2012-05-25 17:15:00,18.532406890187172,50.37135158061022,19.534623576962634
2012-05-25 17:20:00,18.657406890555137,49.13777889319379,20.6078895690697
2012-05-25 17:25:00,18.055555086933012,50.57966162640468,19.35657080346086
2012-05-25 17:30:00,20.307870070882522,50.44013769432387,19.475729415252747
2012-05-25 17:35:00,24.684027291166426,48.823331575243266,20.88659789872334
2012-05-25 17:40:00,28.54398093435566,50.10661760477961,19.76221778777049
2012-05-25 17:45:00,32.66435158248761,49.68615468683023,20.126755895910577
2012-05-25 17:50:00,36.497685011482496,50.68603909278688,19.265994517058214
2012-05-25 17:55:00,40.493055321737025,50.218891417526855,19.66551097969519
2012-05-25 18:00:00,44.69444415736671,49.59351492389416,20.20758209678212
2012-05-25 18:05:00,49.08449067909194,48.65127775097974,19.39917720906563
2012-05-25 18:10:00,53.443286975718884,49.01101028704966,19.066528118911915
2012-05-25 18:15:00,56.953703737096525,52.19883441800906,16.283633652175066
2012-05-25 18:20:00,61.28588004453541,49.251219701120334,18.846428080462946
2012-05-25 18:25:00,65.8634262855547,48.29853886075248,19.72873122504816
2012-05-25 18:30:00,67.5821762624884,61.302728623571774,8.038298177260646
2012-05-25 18:35:00,67.70601911170272,64.91091418584959,4.259754316909966
2012-05-25 18:40:00,67.91898220342118,64.67148762495108,4.410110896086774
2012-05-25 18:45:00,68.01157446190196,64.94701504052976,4.237845889347003
2012-05-25 18:50:00,68.14699110084148,64.92899009515325,4.248761380950399
2012-05-25 18:55:00,68.25578752558663,65.00078139302092,4.205565880724242
2012-05-25 19:00:00,68.24884284674017,65.04966568536251,4.176572848521496
2012-05-25 19:05:00,68.23032440629433,64.98487534604227,3.8582865433805384
2012-05-25 19:10:00,67.95486131439189,65.13699546835349,3.7840215403043445
2012-05-25 19:15:00,67.90972263162591,65.03390825504557,3.8340840500144817
2012-05-25 19:20:00,67.6504630872205,65.21975942348787,3.7445994379319347
2012-05-25 19:25:00,67.4421297813997,65.10982848884808,3.7971093411762946
2012-05-25 19:30:00,67.39004644791304,65.03390825504557,3.8340840500144817
2012-05-25 19:35:00,67.29398158281404,65.10982848884808,3.7971093411762946
2012-05-25 19:40:00,67.10648161038787,65.05298317826207,3.8247382867430986
2012-05-25 19:45:00,67.04166671725507,65.08673831413024,3.808291943384573
2012-05-25 19:50:00,66.69791673030608,65.14740902715128,3.779024262865866
2012-05-25 19:55:00,66.38541674344906,65.16610505382006,3.7700795733257286
2012-05-25 20:00:00,66.26736142192755,65.00197559989972,3.8498165608835957
2012-05-25 20:05:00,66.1250001041416,64.90266200945184,3.439772531568762
2012-05-25 20:10:00,66.32638875924177,64.585107720122,3.566286191511148
2012-05-25 20:15:00,66.28819410842911,64.90266200945184,3.439772531568762
2012-05-25 20:20:00,66.37152744200775,64.70129297208855,3.5189603209349634
2012-05-25 20:25:00,66.36111077531042,64.68207286355644,3.5267033783883637
2012-05-25 20:30:00,66.4236107473686,64.8902732890937,3.444545618354242
2012-05-25 20:35:00,66.2291660820331,64.88613737796352,3.446141728675029
2012-05-25 20:40:00,66.27083274882241,64.66279504090815,3.534502842108806
2012-05-25 20:45:00,66.12962920095744,64.91913915054779,3.433443554338769
2012-05-25 20:50:00,66.23611074681666,64.46687779371103,3.6157642614177496
2012-05-25 20:55:00,66.35069409455018,64.54592148060443,3.582533755865777
2012-05-25 21:00:00,66.29861076106354,64.73955902021305,3.5036420044770114
2012-05-25 21:05:00,66.19097206405067,64.53410270120632,3.294971653280431
2012-05-25 21:10:00,66.10416674262116,64.83351623722918,3.197883726720198
2012-05-25 21:15:00,65.85416672782233,64.71916979300467,3.2342534076783225
2012-05-25 21:20:00,65.75231492567207,64.73737221210096,3.2284067314541773
2012-05-25 21:25:00,65.60648157784654,64.55285576697237,3.2887093622928494
2012-05-25 21:30:00,65.40856493872306,64.8809945495742,3.183026237229257
2012-05-25 21:35:00,65.47337981779297,64.42256821697494,3.3327403531027024
2012-05-25 21:40:00,65.20254646959947,64.62732357104008,3.2640910572828425
2012-05-25 21:45:00,65.06597266544344,64.55285576697237,3.2887093622928494
2012-05-25 21:50:00,64.9907411196762,64.55701662567616,3.2873244344482937
2012-05-25 21:55:00,65.02430598459124,64.64580197442727,3.2580424660294827
2012-05-25 22:00:00,65.0451393179859,64.53410270120632,3.294971653280431
2012-05-25 22:05:00,64.93402800029193,64.1676519199745,3.198497656412037
2012-05-25 22:10:00,64.81712977367248,64.5072099059414,3.099623025131311
2012-05-25 22:15:00,64.72569465931387,64.09784440422108,3.2196935312089234
2012-05-25 22:20:00,64.68171312770153,64.38356109653576,3.1348472271376537
2012-05-25 22:25:00,64.74421312788552,64.11694202494816,3.2138640539038987
2012-05-25 22:30:00,64.58101877905712,64.36102543578342,3.141361257987193
2012-05-25 22:35:00,64.4629634434727,64.3671788237214,3.1395802487386906
2012-05-25 22:40:00,64.66666700558456,63.96291983999862,3.261565389681715
2012-05-25 22:45:00,64.44444435613376,64.13388177899866,3.208713181539311
2012-05-25 22:50:00,64.31944435576578,64.24935589855143,3.1740799585821207
2012-05-25 22:55:00,64.25462949075877,64.52926624702137,3.093430064210176
2012-05-25 23:00:00,64.34837949103473,64.3978637908033,3.1307285993039504
2012-05-25 23:05:00,64.52430570186151,63.75673228215569,3.3881576330746697
2012-05-25 23:10:00,64.55787059490231,64.09118691779186,3.2838792504730008
2012-05-25 23:15:00,65.03472236299923,63.72262907560301,3.3991736321800716
2012-05-25 23:20:00,64.99305568214702,64.09528827639197,3.2826405626610966
2012-05-25 23:25:00,64.85648157563877,64.02115976776302,3.3051735514636107
2012-05-25 23:30:00,65.12384259144046,63.85835204655822,3.355768201075231
2012-05-25 23:35:00,65.09259259134848,63.946383367553715,3.3282185421036843
2012-05-25 23:40:00,64.81481492115448,64.12393699270287,3.2740144820429458
2012-05-25 23:45:00,64.92361135996252,63.51574777763019,3.4676582374506117
2012-05-25 23:50:00,64.81944469474708,63.81402228956952,3.3698186914053196
2012-05-25 23:55:00,64.75462980161429,64.2052360865043,3.249773175089994
2012-05-26 00:00:00,64.36921312150804,64.34945169527836,3.2076234900872422
2012-05-26 00:05:00,64.29745357765457,64.415460197617,3.8350384423652764
2012-05-26 00:10:00,64.1064812376794,64.49441472576368,3.800344341140816
2012-05-26 00:15:00,63.88773126516125,64.92063433147977,3.6179586213037864
2012-05-26 00:20:00,63.76273126479328,64.35948366448427,3.859818583157162
2012-05-26 00:25:00,64.0243053857324,64.10046952460718,3.9766099458466058
2012-05-26 00:30:00,63.59953692299634,64.68298429376667,3.7186706540371604
2012-05-26 00:35:00,63.78703693761117,64.22219700520996,3.9212740900297547
2012-05-26 00:40:00,63.71527771193069,63.938589993066294,4.051516216880191
2012-05-26 00:45:00,63.680555385159956,64.042337093603,4.003331005052421
2012-05-26 00:50:00,63.982638731687565,63.94085679091828,4.050455902813275
2012-05-26 00:55:00,64.16782383929069,64.43260091041991,3.8274807479150845
2012-05-26 01:00:00,64.50694406670999,63.98157893750827,4.031470222720847
2012-05-26 01:05:00,64.56018452322449,64.19436531490321,4.1777761119039125
2012-05-26 01:10:00,64.87615686356763,64.04850410848506,4.250885496681892
2012-05-26 01:15:00,65.07407350269112,64.4471498881466,4.053842528898774
2012-05-26 01:20:00,65.19907350305908,64.03513250435329,4.257648764198291
2012-05-26 01:25:00,65.05324015523357,64.50439638496702,4.026233144817248
2012-05-26 01:30:00,65.53472170922814,63.795959138826255,4.38050046065742
2012-05-26 01:35:00,65.31597169452131,64.48536037377768,4.035396301412606
2012-05-26 01:40:00,65.50810146690799,63.7089331143414,4.426123722618053
2012-05-26 01:45:00,65.646990460652,63.88684983637708,4.333389203903553
2012-05-26 01:50:00,65.30324044909294,64.42797532932751,4.063127034204753
2012-05-26 01:55:00,65.0474535534944,64.68393618292237,3.940677494319692
2012-05-26 02:00:00,64.58184527290449,64.53391355528468,4.01206112295892
2012-05-26 02:05:00,64.67443816421552,64.30912610119928,4.333488066046985
2012-05-26 02:10:00,64.42443814941669,64.65256043243399,4.152814812914063
2012-05-26 02:15:00,64.17212328385774,64.8199899553285,4.067046531462214
2012-05-26 02:20:00,64.21378996470996,64.2873454772152,4.3451733745200185
2012-05-26 02:25:00,63.76587331078764,64.24801031165227,4.366347423705724
2012-05-26 02:30:00,63.594576885858515,64.71707156706066,4.1195947420292915
2012-05-26 02:35:00,63.15476200568472,64.08907229451368,4.452878124945072
2012-05-26 02:40:00,62.70370363097248,64.09796836862995,4.447992422506022
2012-05-26 02:45:00,62.814814962729336,64.16885875533195,4.409243440545466
2012-05-26 02:50:00,63.37731494680656,63.78455992586475,4.623292018910738
2012-05-26 02:55:00,63.09606494597864,64.22828282797465,4.377003187723484
2012-05-26 03:00:00,63.21213633245194,63.65762316266797,4.69627548453761
2012-05-26 03:05:00,63.1954699188683,64.63078717740626,4.418868169441207
2012-05-26 03:10:00,62.42579400161449,64.33918705549449,4.587794209242574
2012-05-26 03:15:00,61.573942197256436,64.51097537232305,4.487575840333241
2012-05-26 03:20:00,61.18406136225789,64.51528252731104,4.485089914469999
2012-05-26 03:25:00,61.92364466964255,63.51962633780378,5.097952738933118
2012-05-26 03:30:00,61.73614465502771,64.55395544307903,4.4628192126997925
2012-05-26 03:35:00,62.18637620189883,63.366225687055895,5.200245862816699
2012-05-26 03:40:00,62.76706434881377,63.35267696077668,5.209397600342288
2012-05-26 03:45:00,62.593453016872935,64.52819239038773,4.477643274692165
2012-05-26 03:50:00,62.43720304453877,64.98613822203153,4.220420782642723
2012-05-26 03:55:00,62.69761971197202,63.833425648155064,4.895803225026677
2012-05-26 04:00:00,62.84345304397679,64.03851049582198,4.768429970700619
2012-05-26 04:05:00,62.42261944220967,64.83505872573589,4.755576204507328
2012-05-26 04:10:00,63.107804586441866,62.994088942108164,6.1154440848109095
2012-05-26 04:15:00,63.44113794888222,63.014152766258995,6.098447052593973
2012-05-26 04:20:00,63.82060210312054,63.99132773628458,5.33244572730205
2012-05-26 04:25:00,63.3391205653862,65.16519062821347,4.5469533437031195
2012-05-26 04:30:00,63.464120565754165,64.43368967372096,5.02145847186847
2012-05-26 04:35:00,63.52314854996149,64.49395119872105,4.98060534348562
2012-05-26 04:40:00,63.45138900610802,64.72859072244343,4.824719656352511
2012-05-26 04:45:00,63.59722233987065,64.43368967372096,5.02145847186847
2012-05-26 04:50:00,63.43650786282972,64.94173768649831,4.687235434514599
2012-05-26 04:55:00,63.186507862093784,64.57364594134596,4.927100645196568
2012-05-26 05:00:00,63.478174543681924,64.55379387449213,4.940372163713154
2012-05-26 05:05:00,63.51752632455388,64.43554476629403,5.280356178016338
2012-05-26 05:10:00,63.654100431062126,64.8271722408286,4.995833544920086
2012-05-26 05:15:00,64.13326708507641,64.13181265621337,5.515139902651742
2012-05-26 05:20:00,64.10433197793324,65.14412383671879,4.779617368355683
2012-05-26 05:25:00,64.09507275375515,64.68225147637062,5.098805147178059
2012-05-26 05:30:00,64.21775787523718,65.08630191440976,4.8181744199416245
2012-05-26 05:35:00,64.49206323940733,65.02141559583931,4.861905688295868
2012-05-26 05:40:00,64.60085967821537,65.00835639889338,4.870766042661871
2012-05-26 05:45:00,64.70502635925158,65.12491008461467,4.79238594153832
2012-05-26 05:50:00,64.87962949084073,65.05857556924049,4.8368019321918005
2012-05-26 05:55:00,65.47337947852566,64.49916691508898,5.232769482948799
2012-05-26 06:00:00,65.2442127971215,65.49776405999853,4.551787913460305
2012-05-26 06:05:00,65.84027767072378,64.80892265478649,5.466731090812512
2012-05-26 06:10:00,65.92592588318836,65.39470118955977,5.012610155339561
2012-05-26 06:15:00,66.03009256422455,65.39470118955977,5.012610155339561
2012-05-26 06:20:00,66.05902767136773,65.3990764089538,5.0094129283077935
2012-05-26 06:25:00,66.42013867514036,64.96212922002131,5.3429156642411035
2012-05-26 06:30:00,66.37037023460253,65.62152800231571,4.850407556939343
2012-05-26 06:35:00,66.21412023414257,65.82822579358732,4.7088056635445055
2012-05-26 06:40:00,66.27893512727537,65.52008855233751,4.9220432629499795
2012-05-26 06:45:00,66.38310179424867,65.62571095382567,4.8474857938713765
2012-05-26 06:50:00,66.36921313970045,65.6879989136969,4.804243239202556
2012-05-26 06:55:00,66.3171298343396,65.91744048248623,4.649416572350134
2012-05-26 07:00:00,66.67129648798593,65.39470118955977,5.012610155339561
2012-05-26 07:05:00,66.44560183662134,66.09991066406342,4.858997425605951
2012-05-26 07:10:00,66.52662030537694,65.7144122908492,5.143763178010261
2012-05-26 07:15:00,66.74537027789509,65.7487698248363,5.117394745866542
2012-05-26 07:20:00,66.9224536258126,65.61196211256765,5.223577525546934
2012-05-26 07:25:00,66.86458341152624,65.81670367093396,5.065834130142527
2012-05-26 07:30:00,67.04166674538085,65.69063716882582,5.16212630785695
2012-05-26 07:35:00,66.95138874701867,65.71009818879166,5.147087364847278
2012-05-26 07:40:00,67.16319406881617,65.79981824184225,5.078577136984229
2012-05-26 07:45:00,67.18402740221082,65.97391245136758,4.9494307486301965
2012-05-26 07:50:00,67.2152774023028,65.82512343483714,5.059497812081969
2012-05-26 07:55:00,67.17361073551349,65.99214921205056,4.936186540253377
2012-05-26 08:00:00,66.87731431021639,66.18757545331057,4.797519854052981
2012-05-26 08:05:00,67.00033068316195,65.36415129657283,6.309538120015233
2012-05-26 08:10:00,67.00264554798497,65.53954841914607,6.142683038206784
2012-05-26 08:15:00,66.7318122419802,65.82900437163978,5.879606993178128
2012-05-26 08:20:00,66.76653422992305,65.61847702937949,6.069456340768704
2012-05-26 08:25:00,66.90195089698834,65.37785803352682,6.296289974028149
2012-05-26 08:30:00,66.91236756368569,65.69613390400058,5.998510757208528
2012-05-26 08:35:00,67.24222886796069,65.1969243074749,6.474009400695233
2012-05-26 08:40:00,67.1172288957185,65.86626659634176,5.846812718591906
2012-05-26 08:45:00,67.23065510636128,65.69613390400058,5.998510757208528
2012-05-26 08:50:00,67.40773841209011,65.55939937503126,6.124159788251261
2012-05-26 08:55:00,67.34176639592947,65.59886370827377,6.087543781645292
2012-05-26 09:00:00,67.60681282113455,65.32743143549614,6.345197962345789
2012-05-26 09:05:00,67.66782446089006,65.15089803110367,7.350357866031897
2012-05-26 09:10:00,67.78819470348618,65.09140846053309,7.416043111662127
2012-05-26 09:15:00,67.97569470403813,64.85721948380238,7.681811582086621
2012-05-26 09:20:00,67.87384293001365,65.23518851336028,7.258526325728453
2012-05-26 09:25:00,67.96296317251777,65.18840892995676,7.309312694771282
2012-05-26 09:30:00,68.0046298111813,65.26836669088443,7.222778534060057
2012-05-26 09:35:00,67.93402803724881,65.38615882534842,7.097622829331915
2012-05-26 09:40:00,67.92361137055148,65.18840892995676,7.309312694771282
2012-05-26 09:45:00,67.80324048106225,65.46114144383246,7.019366566051186
2012-05-26 09:50:00,67.82407381445692,65.44409763843073,7.0370576302030585
2012-05-26 09:55:00,67.90046249731489,65.01816937368557,7.497922792034202
2012-05-26 10:00:00,67.74421252498074,65.38615882534842,7.097622829331915
2012-05-26 10:05:00,67.75462916355225,64.96632571409799,7.9356945165561195
2012-05-26 10:10:00,67.72685117943695,65.02105792019836,7.874366771073721
2012-05-26 10:15:00,67.84143448498178,64.92660327050265,7.980627627940504
2012-05-26 10:20:00,67.98148090981893,64.7354908500423,8.201925093670962
2012-05-26 10:25:00,67.9629624412473,65.05581955143886,7.8357649151081255
2012-05-26 10:30:00,67.91087913588643,65.04497949319783,7.847776398340013
2012-05-26 10:35:00,67.9398142430296,64.95090891519473,7.953089669296602
2012-05-26 10:40:00,68.07523088196912,64.8665272491347,8.049275109647064
2012-05-26 10:45:00,68.0474535447469,64.93324063293083,7.973094276359485
2012-05-26 10:50:00,67.748842226501,65.18009605810937,7.6999391022105454
2012-05-26 10:55:00,67.82175886525651,64.8665272491347,8.049275109647064
2012-05-26 11:00:00,67.88888862321235,64.78551142420314,8.143180054886953
2012-05-26 11:05:00,67.90972195660702,64.8372765565917,8.098302604436237
2012-05-26 11:10:00,67.87731483348716,64.81991491572715,8.116941141995154
2012-05-26 11:15:00,67.7754630594627,64.99129417110078,7.9360313509884755
2012-05-26 11:20:00,67.73379642079915,64.85674827841973,8.0774821526523
2012-05-26 11:25:00,67.74305593634284,64.87184980130682,8.061394033387604
2012-05-26 11:30:00,67.67013926946153,64.79814430452346,8.140421618267606
2012-05-26 11:35:00,67.597222630706,64.85674827841973,8.0774821526523
2012-05-26 11:40:00,67.52430596382469,64.97226039591153,7.9557895199003665
2012-05-26 11:45:00,67.45486131292004,64.73236825478794,8.212059180580225
2012-05-26 11:50:00,67.45486131292004,64.46235627803277,8.517484336508645
2012-05-26 11:55:00,67.27777800719123,64.85674827841973,8.0774821526523
2012-05-26 12:00:00,67.14803251143542,64.76753571301779,8.173627007491248
2012-05-26 12:05:00,66.96030109190305,64.87002656118823,7.810730292189991
2012-05-26 12:10:00,66.83495331617137,64.75360637451782,7.922264002962205
2012-05-26 12:15:00,66.68634160460597,64.79698097975944,7.880357760714067
2012-05-26 12:20:00,66.55034571507076,64.77316229089104,7.903319484959937
2012-05-26 12:25:00,66.3552061599638,64.88282722589453,7.798649169507994
2012-05-26 12:30:00,66.28147885163214,64.65491748593843,8.019241774875285
2012-05-26 12:35:00,66.17638518682519,64.71431255386267,7.960604232851502
2012-05-26 12:40:00,66.00867584046982,64.83146302660826,7.8473419111730935
2012-05-26 12:45:00,65.9658507568664,64.59497698867807,8.079276662278852
2012-05-26 12:50:00,65.99235464280322,64.45984239513665,8.217894240854088
2012-05-26 12:55:00,65.99096480700872,64.5142134379984,8.161569426093477
2012-05-26 13:00:00,65.98957435244691,64.51398886764727,8.161800451312862
2012-05-26 13:05:00,65.98818389788508,64.59587692950406,7.7287697783043425
2012-05-26 13:10:00,65.9867940620906,64.59564805590742,7.728975124679645
2012-05-26 13:15:00,65.98540425442188,64.59542167144298,7.729184999306752
2012-05-26 13:20:00,65.98401379986005,64.59519298066397,7.729393636399204
2012-05-26 13:25:00,65.98262334529824,64.59496443051391,7.729603370397375
2012-05-26 13:30:00,65.98123289073642,64.59473787729473,7.729812991892392
2012-05-26 13:35:00,65.97984308306772,64.59450886306917,7.730023513412615
2012-05-26 13:40:00,65.97845327539902,64.59428270361103,7.730231616115103
2012-05-26 13:45:00,65.9770628208372,64.59405398470624,7.730440000075467
2012-05-26 13:50:00,65.97567236627539,64.59382677053107,7.730650943482504
2012-05-26 13:55:00,65.97428191171356,64.59359971104773,7.730860058713346
2012-05-26 14:00:00,65.97289210404485,64.59337033118693,7.731070523981992
2012-05-26 14:05:00,65.97150229637613,64.7008880732502,7.469847237086018
2012-05-26 14:10:00,65.97011184181432,64.70065161975381,7.4700622306064695
2012-05-26 14:15:00,65.9687213872525,64.70041298650887,7.470279614818868
2012-05-26 14:20:00,65.96733157958379,64.70017365011924,7.470500683509441
2012-05-26 14:25:00,65.96594177191508,64.69993510125167,7.470717786463965
2012-05-26 14:30:00,65.96455196424638,64.69969828212004,7.470935058173211
2012-05-26 14:35:00,65.96316150968457,64.69945997232166,7.471156379995873
2012-05-26 14:40:00,65.96177105512274,64.69922225316482,7.471373201692519
2012-05-26 14:45:00,65.96038124745405,64.69898336678779,7.471590276521254
2012-05-26 14:50:00,65.95899143978534,64.69874591482595,7.471808785765155
2012-05-26 14:55:00,65.95760160399084,64.69850722532944,7.472026704367519
2012-05-26 15:00:00,65.95621114942902,64.69827009681416,7.472246310517137
2012-05-26 15:05:00,65.9548206948672,64.86743496674096,6.988951873725271
2012-05-26 15:10:00,65.95343088719848,64.86718260811166,6.989195161788054
2012-05-26 15:15:00,65.952041051404,64.86693168389756,6.989438309221899
2012-05-26 15:20:00,65.95065121560951,64.86668126594762,6.989676084630308
2012-05-26 15:25:00,65.94926076104768,64.86642984953222,6.989917235133233
2012-05-26 15:30:00,65.94787030648587,64.86617972690304,6.990158891900332
2012-05-26 15:35:00,65.94648047069136,64.86592712920456,6.990400801799523
2012-05-26 15:40:00,65.94509063489686,64.86567569872626,6.990640967899881
2012-05-26 15:45:00,65.94370018033506,64.86542580110343,6.990880121471885
2012-05-26 15:50:00,65.94230969764745,64.86517468000876,6.991121412603746
2012-05-26 15:55:00,65.94091924308562,64.86492462769408,6.99136245060352
2012-05-26 16:00:00,65.93952940729115,64.86467198780691,6.991603404225931
2012-05-26 16:05:00,65.93813957149665,65.03413430200054,6.209164581135684
2012-05-26 16:10:00,65.93674908880904,65.03387602289297,6.209414394381189
2012-05-26 16:15:00,65.93535863424721,65.03361449525693,6.209664320129847
2012-05-26 16:20:00,65.93396817968541,65.03335659584748,6.209913767740114
2012-05-26 16:25:00,65.93257834389091,65.03309485726804,6.210164256004522
2012-05-26 16:30:00,65.93118850809641,65.03283490467611,6.210412719212223
2012-05-26 16:35:00,65.92979805353458,65.03257580992066,6.21066357311187
2012-05-26 16:40:00,65.92840759897275,65.03231559013376,6.210913189476865
2012-05-26 16:45:00,65.92701776317826,65.03205462501346,6.211164043376512
2012-05-26 16:50:00,65.92562795550957,65.03179550213227,6.21141160655901
2012-05-26 16:55:00,65.92423814784085,65.03153626674792,6.211662376081294
2012-05-26 17:00:00,65.92284769327902,65.03127565319997,6.211913651867756
2012-05-26 17:05:00,65.9214572387172,65.12852243420859,5.3566468706303025
2012-05-26 17:10:00,65.92006743104851,65.12826090657254,5.356873226968946
2012-05-26 17:15:00,65.9186776233798,65.12800050396801,5.357096855106192
2012-05-26 17:20:00,65.9172878157111,65.12774039668425,5.357323661457436
2012-05-26 17:25:00,65.91589736114929,65.12748017689732,5.3575474020978335
2012-05-26 17:30:00,65.91450690658746,65.12721966178964,5.357774124071717
2012-05-26 17:35:00,65.91311709891875,65.1269583169712,5.357999299127282
2012-05-26 17:40:00,65.91172729125005,65.12669761904588,5.358224502308634
2012-05-26 17:45:00,65.91033748358133,65.12643921337227,5.358447821062215
2012-05-26 17:50:00,65.90894702901952,65.12617885295641,5.358674683665036
2012-05-26 17:55:00,65.9075565744577,65.12591790189903,5.358900139978476
2012-05-26 18:00:00,65.90616676678899,65.12565595237616,5.359125990052942
2012-05-26 18:05:00,65.90477695912028,65.12245042823704,4.755922545455895
2012-05-26 18:10:00,65.90338650455845,65.12219567891582,4.756113519553731
2012-05-26 18:15:00,65.90199604999664,65.12194275777078,4.756304184267904
2012-05-26 18:20:00,65.90060559543483,65.12168976631126,4.756493920831086
2012-05-26 18:25:00,65.89921578776612,65.12143363882645,4.756686723105118
2012-05-26 18:30:00,65.89782595197163,65.12117952233544,4.7568766565488145
2012-05-26 18:35:00,65.89643549740981,65.12092602461175,4.7570662806088455
2012-05-26 18:40:00,65.89504504284798,65.12067265345411,4.757256776568293
2012-05-26 18:45:00,65.89365458828617,65.1204197182462,4.757449100703934
2012-05-26 18:50:00,65.89226475249167,65.12016425171738,4.7576409185754
2012-05-26 18:55:00,65.89087491669719,65.11990960083641,4.757829670736015
2012-05-26 19:00:00,65.88948446213536,65.11965624374166,4.758022022997445
2012-05-26 19:05:00,65.88809397944776,65.06660390655755,4.306470054775638
2012-05-26 19:10:00,65.88670414365326,65.06635850906069,4.306630146758685
2012-05-26 19:15:00,65.88531430785876,65.06611509443188,4.306787510540334
2012-05-26 19:20:00,65.88392447206427,65.06587260795403,4.306945746221398
2012-05-26 19:25:00,65.88253398937665,65.06562782922451,4.307103911587994
2012-05-26 19:30:00,65.88114353481483,65.06538559587877,4.307261795696715
2012-05-26 19:35:00,65.87975369902034,65.06514032494795,4.3074203688872315
2012-05-26 19:40:00,65.87836386322584,65.06489823223116,4.307578013926757
2012-05-26 19:45:00,65.87697402743134,65.06465483166522,4.307735968349945
2012-05-26 19:50:00,65.87558357286953,65.06441100921246,4.3078938665215585
2012-05-26 19:55:00,65.87419311830772,65.06416772114969,4.308052299083137
2012-05-26 20:00:00,65.87280328251323,65.06392305492332,4.3082113785378295
2012-05-26 20:05:00,65.87141347484453,65.03930804063044,3.5779760704246684
2012-05-26 20:10:00,65.8700230202827,65.03907877327279,3.578086731336
2012-05-26 20:15:00,65.86863256572089,65.038848465261,3.5781972094297116
2012-05-26 20:20:00,65.86724211115906,65.03862087138769,3.5783066187434946
2012-05-26 20:25:00,65.86585230349034,65.03839011336329,3.5784186859442055
2012-05-26 20:30:00,65.86446249582164,65.03816038193014,3.5785284468303336
2012-05-26 20:35:00,65.86307204125981,65.03793152239639,3.5786398390121423
2012-05-26 20:40:00,65.861681586698,65.03770363320233,3.57874978271589
2012-05-26 20:45:00,65.86029113213617,65.03747385958049,3.5788597967341063
2012-05-26 20:50:00,65.85890132446747,65.03724407189576,3.578970795154889
2012-05-26 20:55:00,65.85751151679877,65.0370143545255,3.579081132619662
2012-05-26 21:00:00,65.85612106223695,65.03678521373388,3.5791914700844365
2012-05-26 21:05:00,65.85473060767512,64.95056994320252,3.2943359261031993
2012-05-26 21:10:00,65.85334080000644,64.95035009798372,3.294423762937889
2012-05-26 21:15:00,65.85195099233772,64.95013265751973,3.2945101653574107
2012-05-26 21:20:00,65.85056118466902,64.94991359982298,3.2945973974876672
2012-05-26 21:25:00,65.84917073010719,64.94969530152247,3.2946846999323927
2012-05-26 21:30:00,65.84778027554536,64.94947641258042,3.2947712007921712
2012-05-26 21:35:00,65.84639046787665,64.94925703143711,3.2948593891992064
2012-05-26 21:40:00,65.84500066020796,64.94903953472158,3.294945622864003
2012-05-26 21:45:00,65.84361082441346,64.94882116610661,3.295032700302428
2012-05-26 21:50:00,65.84222036985163,64.94860434440997,3.2951196793005955
2012-05-26 21:55:00,65.84082991528982,64.94838418980748,3.295207713015799
2012-05-26 22:00:00,65.83944010762112,64.9481654274315,3.2952941013724266
2012-05-26 22:05:00,65.83805027182662,64.82213903269647,3.1626477118830607
2012-05-26 22:10:00,65.83666043603213,64.82192648611954,3.1627227233586037
2012-05-26 22:15:00,65.83526998147032,64.82171467081308,3.1627970879410303
2012-05-26 22:20:00,65.8338794987827,64.82150482431176,3.162871072825325
2012-05-26 22:25:00,65.83248966298821,64.82129084331967,3.1629462530555927
2012-05-26 22:30:00,65.83109982719371,64.82107901395032,3.1630202660656743
2012-05-26 22:35:00,65.82970937263188,64.82086750802752,3.1630951369122786
2012-05-26 22:40:00,65.82831888994427,64.82065483488456,3.163169009293423
2012-05-26 22:45:00,65.82692843538247,64.82044386335174,3.1632437816997707
2012-05-26 22:50:00,65.82553859958797,64.82023090895089,3.16331830097403
2012-05-26 22:55:00,65.82414876379349,64.82001888270102,3.1633929327514387
2012-05-26 23:00:00,65.82275828110586,64.81980625174673,3.163467452025698
2012-05-26 23:05:00,65.82136782654405,64.6632349563521,3.4579616893562215
2012-05-26 23:10:00,65.81997737198222,64.6630234363664,3.458044280731524
2012-05-26 23:15:00,65.81858753618774,64.66281163512282,3.4581260845847726
2012-05-26 23:20:00,65.81719772851902,64.66260126829445,3.4582085072053483
2012-05-26 23:25:00,65.81580727395719,64.66238981862324,3.4582895094736497
2012-05-26 23:30:00,65.81441681939538,64.66217831270043,3.4583709476916593
2012-05-26 23:35:00,65.81302698360089,64.6619669474066,3.4584533421864485
2012-05-26 23:40:00,65.81163717593219,64.6617572977858,3.4585343303918568
2012-05-26 23:45:00,65.81024736826349,64.6615460309322,3.4586160358048486
2012-05-26 23:50:00,65.80885691370167,64.66133470782704,3.458697150576301
2012-05-26 23:55:00,65.80746645913985,64.66112500195464,3.4587790247440178
2012-05-27 00:00:00,65.80607665147114,64.66091165379275,3.458861039540674
2012-05-27 00:05:00,65.80468684380243,64.47649893656883,4.118429265642523
2012-05-27 00:10:00,65.80329703613371,64.47628385867104,4.118539195283376
2012-05-27 00:15:00,65.8019065815719,64.47606615101206,4.118652710962149
2012-05-27 00:20:00,65.80051612701008,64.47584944181858,4.118763990640808
2012-05-27 00:25:00,65.79912631934137,64.47563167790805,4.11887757663405
2012-05-27 00:30:00,65.79773651167267,64.47541463120508,4.118989882903956
2012-05-27 00:35:00,65.79634670400397,64.47519730324427,4.119102189173862
2012-05-27 00:40:00,65.79495624944214,64.47497932839035,4.11921598611051
2012-05-27 00:45:00,65.79356579488032,64.4747625348195,4.1193272236004885
2012-05-27 00:50:00,65.79217598721162,64.47454389900953,4.119439867379846
2012-05-27 00:55:00,65.79078617954292,64.47432699293553,4.119552117398177
2012-05-27 01:00:00,65.7893957249811,64.47410974935207,4.119664972120941
2012-05-27 01:05:00,65.78800527041928,64.3956550164511,4.517569095857684
2012-05-27 01:10:00,65.78661481585745,64.39543639470405,4.5176958025308425
2012-05-27 01:15:00,65.78522500818873,64.39521489006377,4.5178236623612955
2012-05-27 01:20:00,65.78383517239425,64.39499557923493,4.5179510440533575
2012-05-27 01:25:00,65.78244471783243,64.39477676060734,4.518077188210765
2012-05-27 01:30:00,65.7810542632706,64.39455629662122,4.518203866758138
2012-05-27 01:35:00,65.77966380870878,64.39433662015713,4.518330742186023
2012-05-27 01:40:00,65.77827397291429,64.39411559365526,4.518459783299554
2012-05-27 01:45:00,65.77688413711981,64.39389556561882,4.51858595558275
2012-05-27 01:50:00,65.77549368255798,64.39367712668937,4.518713056016936
2012-05-27 01:55:00,65.77410319987037,64.39345576267802,4.518841590866289
2012-05-27 02:00:00,65.77271336407587,64.39323549557241,4.518968269413662
2012-05-27 02:05:00,65.77132352828137,64.39060999548816,4.937386667610476
2012-05-27 02:10:00,65.76993369248689,64.39038677517485,4.937531374787702
2012-05-27 02:15:00,65.76854320979929,64.39016362517599,4.9376754631976025
2012-05-27 02:20:00,65.76715275523746,64.38994181115204,4.937819354726989
2012-05-27 02:25:00,65.76576291944299,64.38971854865004,4.937965580696745
2012-05-27 02:30:00,65.76437308364848,64.38949614398454,4.938109950364521
2012-05-27 02:35:00,65.762983247854,64.389273218992,4.938253279378157
2012-05-27 02:40:00,65.76159279329217,64.38904961898054,4.93839849281956
2012-05-27 02:45:00,65.76020233873034,64.38882839559814,4.938542637481034
2012-05-27 02:50:00,65.75881250293584,64.38860320647966,4.938688497815553
2012-05-27 02:55:00,65.75742269526715,64.38838161746203,4.9388317987034
2012-05-27 03:00:00,65.75603288759844,64.38815867840658,4.938976759012715
2012-05-27 03:05:00,65.75464243303661,64.5015702636398,5.282092101627309
2012-05-27 03:10:00,65.75325197847478,64.50134722614409,5.282248537257967
2012-05-27 03:15:00,65.75186217080608,64.50112217765458,5.282408010473687
2012-05-27 03:20:00,65.75047236313738,64.50089753698896,5.2825672024315296
2012-05-27 03:25:00,65.74908190857556,64.50067530107822,5.282725606867321
2012-05-27 03:30:00,65.74769145401375,64.50045080104155,5.2828834206615705
2012-05-27 03:35:00,65.74630099945193,64.50022779167163,5.283041993852087
2012-05-27 03:40:00,65.74491119178322,64.50000315100604,5.283202029583559
2012-05-27 03:45:00,65.74352138411452,64.49977893222724,5.283360827780377
2012-05-27 03:50:00,65.74213092955269,64.49955623224099,5.283519288467741
2012-05-27 03:55:00,65.74074047499086,64.49933129625462,5.283678171041922
2012-05-27 04:00:00,65.73935002042904,64.49910823063313,5.283834916056244
2012-05-27 04:05:00,65.73796021276034,64.75313095026702,5.485073407576375
2012-05-27 04:10:00,65.73657040509163,64.75290788464554,5.485234596465138
2012-05-27 04:15:00,65.7351799505298,64.75268623937632,5.485401748020874
2012-05-27 04:20:00,65.733789495968,64.75246517068574,5.485564933840558
2012-05-27 04:25:00,65.73239968829928,64.7522417675548,5.485729357194896
2012-05-27 04:30:00,65.7310098806306,64.75202045979502,5.48589310553033
2012-05-27 04:35:00,65.7296200448361,64.75179808325532,5.486057922645696
2012-05-27 04:40:00,65.72822959027427,64.75157522857724,5.486221192842741
2012-05-27 04:45:00,65.72683913571244,64.75135420207535,5.486385644322868
2012-05-27 04:50:00,65.72544932804375,64.75113040518339,5.486549842670905
2012-05-27 04:55:00,65.72405949224925,64.75090823958709,5.486714744163631
2012-05-27 05:00:00,65.72266965645476,64.75068658025499,5.4868797581595095
2012-05-27 05:05:00,65.72127920189293,65.03004211240719,5.807388352093594
2012-05-27 05:10:00,65.71988871920534,65.02981920147754,5.807566050819681
2012-05-27 05:15:00,65.71849888341083,65.02959620617051,5.80774315890423
2012-05-27 05:20:00,65.71710904761635,65.02937374525344,5.8079192263346355
2012-05-27 05:25:00,65.71571921182185,65.02915105933009,5.808094815626653
2012-05-27 05:30:00,65.71432872913424,65.02892745931864,5.808271979962775
2012-05-27 05:35:00,65.71293827457241,65.02870523747076,5.808449481808349
2012-05-27 05:40:00,65.71154843877792,65.02848156714485,5.808627883679127
2012-05-27 05:45:00,65.71015860298341,65.02825810776228,5.808805807411516
2012-05-27 05:50:00,65.70876812029582,65.02803657499625,5.8089806654330545
2012-05-27 05:55:00,65.70737766573399,65.0278134390603,5.80915780164339
2012-05-27 06:00:00,65.70598721117217,65.02759045781615,5.809334797224786
2012-05-27 06:05:00,65.70459737537769,65.3101108723444,6.018676918795414
2012-05-27 06:10:00,65.70320756770899,65.30988803172919,6.018863589647748
2012-05-27 06:15:00,65.70181711314717,65.30966364419568,6.019048797959126
2012-05-27 06:20:00,65.70042665858536,65.30944040981947,6.019234203151018
2012-05-27 06:25:00,65.69903620402353,65.30921643010987,6.019420733374413
2012-05-27 06:30:00,65.69764639635481,65.30899067847567,6.019606813585207
2012-05-27 06:35:00,65.6962565886861,65.3087686816341,6.01979171251292
2012-05-27 06:40:00,65.69486613412428,65.30854387221376,6.019977792723714
2012-05-27 06:45:00,65.69347567956247,65.30832020188784,6.020163929186083
2012-05-27 06:50:00,65.69208587189375,65.30809605342353,6.020353581371903
2012-05-27 06:55:00,65.69069606422505,65.3078712580661,6.020539014689581
2012-05-27 07:00:00,65.68930625655635,65.30764725023072,6.0207242511267465
2012-05-27 07:05:00,65.68791580199454,65.5826098999943,5.924407407096594
2012-05-27 07:10:00,65.68652534743272,65.58238939381947,5.924586258979972
2012-05-27 07:15:00,65.68513553976402,65.58216883139308,5.924766517152732
2012-05-27 07:20:00,65.6837457320953,65.58194835334405,5.924943822117793
2012-05-27 07:25:00,65.6823559244266,65.58172916908124,5.925120873950765
2012-05-27 07:30:00,65.68096546986477,65.58150987231528,5.925301160249313
2012-05-27 07:35:00,65.67957501530294,65.58129102556194,5.9254786620948865
2012-05-27 07:40:00,65.67818520763423,65.58106950685875,5.9256574577266905
2012-05-27 07:45:00,65.67679539996554,65.58085040697331,5.925837069006335
2012-05-27 07:50:00,65.67540494540371,65.58062967579218,5.926013220814105
2012-05-27 07:55:00,65.67401449084188,65.5804108852904,5.926192100823271
2012-05-27 08:00:00,65.67262403628007,65.58019060412188,5.9263712058387386
2012-05-27 08:05:00,65.67123422861137,65.30838941945115,7.026477552679746
2012-05-27 08:10:00,65.66984439281687,65.30816206464704,7.026697468213026
2012-05-27 08:15:00,65.66845393825506,65.307934302019,7.026914908676999
2012-05-27 08:20:00,65.66706348369324,65.30770517529028,7.027133839807715
2012-05-27 08:25:00,65.66567300100563,65.30747632981945,7.02735206779374
2012-05-27 08:30:00,65.66428316521115,65.30724579680134,7.027572911478014
2012-05-27 08:35:00,65.66289332941663,65.3070173872802,7.0277922363697565
2012-05-27 08:40:00,65.66150287485483,65.30678761365836,7.028011476884136
2012-05-27 08:45:00,65.66011239216722,65.30655893694224,7.028230126756978
2012-05-27 08:50:00,65.65872255637272,65.306329880528,7.0284464984410215
2012-05-27 08:55:00,65.65733272057822,65.30610107724581,7.028668579659949
2012-05-27 09:00:00,65.65594288478373,65.30587158488186,7.028889001457409
2012-05-27 09:05:00,65.65455240209612,65.11557237938145,7.487093154397468
2012-05-27 09:10:00,65.65316194753431,65.11534534802388,7.48731048235829
2012-05-27 09:15:00,65.6517721117398,65.11511619316938,7.487531072910476
2012-05-27 09:20:00,65.65038227594532,65.11489163688113,7.487746769575616
2012-05-27 09:25:00,65.6489924682766,65.1146652664796,7.487967078869926
2012-05-27 09:30:00,65.64760201371477,65.11443954297117,7.488183478679758
2012-05-27 09:35:00,65.64621155915296,65.11421259599102,7.488403703596705
2012-05-27 09:40:00,65.64482172335846,65.11398528337558,7.488623309746322
2012-05-27 09:45:00,65.64343191568976,65.11375870203064,7.488842634638066
2012-05-27 09:50:00,65.64204210802106,65.11353251444672,7.489059765718374
2012-05-27 09:55:00,65.64065165345924,65.11330687531566,7.489276334282931
2012-05-27 10:00:00,65.63926119889743,65.11308002677573,7.489493409111667
2012-05-27 10:05:00,65.63787139122871,64.96009392552706,7.554957192290296
2012-05-27 10:10:00,65.63648158356001,64.95987368654723,7.555154579067707
2012-05-27 10:15:00,65.63509112899818,64.95965347569317,7.555352275228781
2012-05-27 10:20:00,65.63370067443637,64.95943337734225,7.555548902609925
2012-05-27 10:25:00,65.63231021987455,64.95921263209824,7.555746542519426
2012-05-27 10:30:00,65.63092041220584,64.95899156340766,7.55594575747303
2012-05-27 10:35:00,65.62953060453712,64.95877183069202,7.556137969105521
2012-05-27 10:40:00,65.6281401499753,64.95855128232851,7.5563377184490905
2012-05-27 10:45:00,65.6267496954135,64.95833178868205,7.556532855163494
2012-05-27 10:50:00,65.62535924085167,64.95811095906065,7.556729116909401
2012-05-27 10:55:00,65.62396943318298,64.95788863877254,7.556928866252971
2012-05-27 11:00:00,65.62257962551426,64.95766880761661,7.557124002967374
2012-05-27 11:05:00,65.62118917095245,64.86238994577802,7.393073202812065
2012-05-27 11:10:00,65.61979871639062,64.86217561321358,7.39324069187725
2012-05-27 11:15:00,65.61840890872192,64.86195976185661,7.393411331030651
2012-05-27 11:20:00,65.6170191010532,64.86174450114116,7.393580957655697
2012-05-27 11:25:00,65.61562926525872,64.86153009826225,7.393752749966386
2012-05-27 11:30:00,65.61423881069689,64.86131573757203,7.393921532817803
2012-05-27 11:35:00,65.61284835613507,64.86110091280631,7.39408865624775
2012-05-27 11:40:00,65.61145852034058,64.86088365515995,7.394261376709431
2012-05-27 11:45:00,65.61006868454608,64.86067058825596,7.394428584516743
2012-05-27 11:50:00,65.60867884875158,64.86045548223235,7.394599448676442
2012-05-27 11:55:00,65.60728839418978,64.8602402777685,7.394768372156798
2012-05-27 12:00:00,65.60589791150217,64.86002590301536,7.39493791440448
2012-05-27 12:05:00,65.60450807570767,64.67053905463833,7.838902712350683
2012-05-27 12:10:00,65.60311823991317,64.67032136104227,7.839067641969199
2012-05-27 12:15:00,65.60172840411867,64.6701039205783,7.839232796594015
2012-05-27 12:20:00,65.60033792143106,64.66988601603883,7.839400651294441
2012-05-27 12:25:00,65.59894746686926,64.66966615675715,7.839567380963362
2012-05-27 12:30:00,65.59755763107476,64.66944870223024,7.839733013726568
2012-05-27 12:35:00,65.59616779528027,64.66923134614365,7.839901290313807
2012-05-27 12:40:00,65.59477734071847,64.66901404630862,7.840066698070711
2012-05-27 12:45:00,65.59338688615664,64.66879595895152,7.840234130884322
2012-05-27 12:50:00,65.59199643159481,64.66857823722968,7.840399369886501
2012-05-27 12:55:00,65.59060659580031,64.66835908109266,7.840565705794396
2012-05-27 13:00:00,65.58921678813161,64.66814078279215,7.840733054230644
2012-05-27 13:05:00,65.58782633356978,64.58793516336122,8.192849942665019
2012-05-27 13:10:00,65.58643587900796,64.58770733041874,8.193028541416309
2012-05-27 13:15:00,65.58504542444614,64.58748018655803,8.193204749475653
2012-05-27 13:20:00,65.58365561677743,64.58725321145207,8.193380057509795
2012-05-27 13:25:00,65.58226580910873,64.5870255191385,8.193559865669952
2012-05-27 13:30:00,65.58087535454692,64.58679834715203,8.19373120796804
2012-05-27 13:35:00,65.5794848999851,64.58657179393286,8.193911438015013
2012-05-27 13:40:00,65.5780950923164,64.58634386255011,8.19408761794857
2012-05-27 13:45:00,65.57670528464769,64.58611639524285,8.19426540105202
2012-05-27 13:50:00,65.57531547697899,64.58588943419979,8.194442621639718
2012-05-27 13:55:00,65.57392502241716,64.58566267003722,8.194620292240018
2012-05-27 14:00:00,65.57253456785533,64.58543542773627,8.194796331544637
2012-05-27 14:05:00,65.57114476018661,64.64106875594572,8.321231815860374
2012-05-27 14:10:00,65.56975495251793,64.64082524287664,8.321450100097977
2012-05-27 14:15:00,65.56836514484921,64.64058081571946,8.321666696788322
2012-05-27 14:20:00,65.5669746902874,64.64033707764408,8.321880368396755
2012-05-27 14:25:00,65.56558423572558,64.64009369114102,8.322095755678234
2012-05-27 14:30:00,65.56419442805688,64.63984829364419,8.322315811840454
2012-05-27 14:35:00,65.56280462038816,64.63960416180777,8.322532071021348
2012-05-27 14:40:00,65.56141478459368,64.63936012841164,8.322747345799675
2012-05-27 14:45:00,65.56002433003185,64.63911626377019,8.322965545659914
2012-05-27 14:50:00,65.55863387547002,64.63887332727975,8.323176601570099
2012-05-27 14:55:00,65.55724406780134,64.63862615785828,8.323398851543754
2012-05-27 15:00:00,65.55585423200684,64.6383819697703,8.323615279479371
2012-05-27 15:05:00,65.55446377744501,64.78495148196059,7.919493190996313
2012-05-27 15:10:00,65.55307332288318,64.78469113560762,7.919759092192329
2012-05-27 15:15:00,65.5516828401956,64.78443076112886,7.920022855828488
2012-05-27 15:20:00,65.55029300440108,64.78416920536705,7.920290107062311
2012-05-27 15:25:00,65.5489031686066,64.783908999643,7.920555558245724
2012-05-27 15:30:00,65.54751271404477,64.7836478798309,7.920822246963794
2012-05-27 15:35:00,65.54612223135717,64.78338886945284,7.921084379304271
2012-05-27 15:40:00,65.54473177679533,64.78312959187981,7.921349999242412
2012-05-27 15:45:00,65.54334194100086,64.78286660170279,7.921619078652427
2012-05-27 15:50:00,65.54195210520635,64.78260681786558,7.9218829266659485
2012-05-27 15:55:00,65.54056162251874,64.7823456136761,7.922147618453096
2012-05-27 16:00:00,65.53917116795691,64.78208654704649,7.922412619623909
2012-05-27 16:05:00,65.53778133216244,64.90728413107236,7.164690373045562
2012-05-27 16:10:00,65.53639149636794,64.907012450027,7.164993119023339
2012-05-27 16:15:00,65.53500168869925,64.9067380548431,7.165295639994817
2012-05-27 16:20:00,65.53361123413742,64.90646595191093,7.165599173494647
2012-05-27 16:25:00,65.53222077957561,64.90619372241271,7.165901385082463
2012-05-27 16:30:00,65.5308309437811,64.90591890534202,7.166208040544718
2012-05-27 16:35:00,65.5294411361124,64.90564538205757,7.166511011528797
2012-05-27 16:40:00,65.52805132844368,64.905371872836,7.166815220047531
2012-05-27 16:45:00,65.52666087388187,64.9051002339793,7.167116447232779
2012-05-27 16:50:00,65.52527041932005,64.9048274982169,7.167420121361548
2012-05-27 16:55:00,65.52388061165134,64.90455262489465,7.167724386131856
2012-05-27 17:00:00,65.52249080398263,64.90427960787436,7.168030338449423
2012-05-27 17:05:00,65.52110099631393,64.97552750146262,6.256408563481258
2012-05-27 17:10:00,65.5197105417521,64.97525171405226,6.256703827999533
2012-05-27 17:15:00,65.51832008719028,64.97497558913244,6.256994648643366
2012-05-27 17:20:00,65.51693027952159,64.97469921108053,6.257287494343909
2012-05-27 17:25:00,65.51554047185287,64.97442197519213,6.257580958811778
2012-05-27 17:30:00,65.51415001729107,64.97414604715283,6.2578733544997185
2012-05-27 17:35:00,65.51275956272924,64.97386941596885,6.258167465860701
2012-05-27 17:40:00,65.51136910816741,64.97359485203025,6.2584577802403585
2012-05-27 17:45:00,65.5099793004987,64.97331698331159,6.258752369739732
2012-05-27 17:50:00,65.50858949283,64.97304122402703,6.259043359138292
2012-05-27 17:55:00,65.50719903826818,64.9727653803651,6.259337892386089
2012-05-27 18:00:00,65.50580858370635,64.9724883272943,6.259628994287799
2012-05-27 18:05:00,65.50441812914453,64.96902573345648,5.388133071086599
2012-05-27 18:10:00,65.50302832147584,64.9687547696187,5.38838246244529
2012-05-27 18:15:00,65.50163848568134,64.96848557770552,5.388629688118338
2012-05-27 18:20:00,65.50024803111954,64.96821516232059,5.388877926319737
2012-05-27 18:25:00,65.49885757655771,64.96794705325026,5.389124026961279
2012-05-27 18:30:00,65.49746774076321,64.96767703162635,5.389373277691033
2012-05-27 18:35:00,65.49607790496871,64.96740806471949,5.389619012697337
2012-05-27 18:40:00,65.49468806917423,64.9671384649824,5.389867954043428
2012-05-27 18:45:00,65.49329761461242,64.96687096061648,5.390114785955447
2012-05-27 18:50:00,65.4919071319248,64.96660248591091,5.390361055351716
2012-05-27 18:55:00,65.4905172961303,64.96633131112971,5.390610277955683
2012-05-27 19:00:00,65.48912746033581,64.96606179577,5.390857559880305
2012-05-27 19:05:00,65.48773762454131,64.93322763881694,4.4984473291419285
2012-05-27 19:10:00,65.4863471418537,64.93297286136992,4.49863532190628
2012-05-27 19:15:00,65.4849566872919,64.9327165229417,4.498823145915904
2012-05-27 19:20:00,65.48356685149739,64.93246064858897,4.4990115605670695
2012-05-27 19:25:00,65.4821770157029,64.93220523831172,4.499198653306217
2012-05-27 19:30:00,65.48078656114107,64.93195074212257,4.499385858548513
2012-05-27 19:35:00,65.47939610657924,64.93169559904032,4.499573485677627
2012-05-27 19:40:00,65.47800565201742,64.93144080753041,4.499760015901022
2012-05-27 19:45:00,65.47661581622293,64.93118434253614,4.499948908690576
2012-05-27 19:50:00,65.47522600855423,64.93092853849787,4.500136310813388
2012-05-27 19:55:00,65.47383555399242,64.93067256570488,4.500322644156269
2012-05-27 20:00:00,65.4724450994306,64.93041780232075,4.500511508820035
2012-05-27 20:05:00,65.47105464486879,64.89334987055955,3.771990270580876
2012-05-27 20:10:00,65.46966483720007,64.89311077323913,3.7721243883990705
2012-05-27 20:15:00,65.46827502953137,64.89287229468603,3.772257353059972
2012-05-27 20:20:00,65.46688457496954,64.89263440677446,3.7723893051925206
2012-05-27 20:25:00,65.46549412040771,64.89239574540373,3.772523957400678
2012-05-27 20:30:00,65.464104312739,64.89215718247328,3.772656232979784
2012-05-27 20:35:00,65.46271450507031,64.89191928049881,3.7727899851627384
2012-05-27 20:40:00,65.4613246974016,64.89168146290173,3.77292224667895
2012-05-27 20:45:00,65.45993424283978,64.89144268902784,3.773055633226667
2012-05-27 20:50:00,65.45854378827796,64.89120468861314,3.773188808830975
2012-05-27 20:55:00,65.45715398060926,64.89096507096563,3.7733214781711073
2012-05-27 21:00:00,65.45576417294056,64.89072729555724,3.773455877247177
2012-05-27 21:05:00,65.45437436527186,64.81232747825656,3.34569514712507
2012-05-27 21:10:00,65.45298391071003,64.812102964157,3.345793812387987
2012-05-27 21:15:00,65.4515934561482,64.81187866100085,3.3458929136006126
2012-05-27 21:20:00,65.4502036484795,64.8116537109516,3.3459918179327253
2012-05-27 21:25:00,65.44881384081079,64.811428803091,3.3460908628937758
2012-05-27 21:30:00,65.4474240050163,64.81120493588458,3.346189134395667
2012-05-27 21:35:00,65.44603355045447,64.8109818280744,3.346287940287523
2012-05-27 21:40:00,65.44464309589266,64.81075659676726,3.346385775839707
2012-05-27 21:45:00,65.44325326009816,64.81053115451671,3.3464857489517477
2012-05-27 21:50:00,65.44186342430366,64.810307456065,3.346584090768108
2012-05-27 21:55:00,65.44047296974185,64.81008178880816,3.346684893590884
2012-05-27 22:00:00,65.43908251518003,64.80985838567722,3.34678199787259
2012-05-27 22:05:00,65.43769203249242,64.67865279590949,3.4815223241233486
2012-05-27 22:10:00,65.43630219669792,64.67843200847678,3.4816196112226745
2012-05-27 22:15:00,65.43491236090343,64.67821348516998,3.481715393592362
2012-05-27 22:20:00,65.43352190634161,64.67799352744802,3.481811555660183
2012-05-27 22:25:00,65.43213142365398,64.67777494788965,3.481908308369544
2012-05-27 22:30:00,65.43074096909218,64.67755569331237,3.482003809481356
2012-05-27 22:35:00,65.42935113329769,64.67733462462179,3.4821001824925837
2012-05-27 22:40:00,65.4279612975032,64.67711705759177,3.4821968648874755
2012-05-27 22:45:00,65.42657084294139,64.67689712799562,3.4822922816219255
2012-05-27 22:50:00,65.42518038837956,64.67667898438695,3.4823878671111004
2012-05-27 22:55:00,65.42379055258506,64.6764589704134,3.4824849432670177
2012-05-27 23:00:00,65.42240071679056,64.67623949082983,3.4825815834732285
2012-05-27 23:05:00,65.42101090912186,64.53754958679177,3.8234226045876256
2012-05-27 23:10:00,65.41962045456003,64.53733141505731,3.8235276403414358
2012-05-27 23:15:00,65.41822999999822,64.53711391834177,3.823631930761875
2012-05-27 23:20:00,65.41684016420372,64.53689536690916,3.8237358977357556
2012-05-27 23:25:00,65.41545035653502,64.53667861552701,3.823840399099602
2012-05-27 23:30:00,65.41406054886632,64.53645915000632,3.8239446754571467
2012-05-27 23:35:00,65.41267009430449,64.5362411329637,3.824048698682603
2012-05-27 23:40:00,65.41127963974266,64.53602386125446,3.8241525250275465
2012-05-27 23:45:00,65.40988983207397,64.53580464886586,3.82425834830341
2012-05-27 23:50:00,65.40850002440526,64.53558643494274,3.824363398120114
2012-05-27 23:55:00,65.40711021673657,64.53536989450396,3.8244663525656417
2012-05-28 00:00:00,65.40571976217474,64.53515094931036,3.824571514885496
2012-05-28 00:05:00,65.40432930761291,63.97512779943553,4.1902222510574445
2012-05-28 00:10:00,65.4029394999442,63.97494502400479,4.1903108472884005
2012-05-28 00:15:00,65.40154969227551,63.97476202356773,4.190401946714452
2012-05-28 00:20:00,65.40015923771368,63.97458131538237,4.190491274215885
2012-05-28 00:25:00,65.39876878315185,63.974399257159206,4.190581614245672
2012-05-28 00:30:00,65.39737832859004,63.974216861426605,4.190670941747105
2012-05-28 00:35:00,65.39598852092134,63.97403480320344,4.190761197399529
2012-05-28 00:40:00,65.39459871325263,63.973852632477104,4.190851171794077
2012-05-28 00:45:00,65.39320825869082,63.97367057425396,4.190940330540784
2012-05-28 00:50:00,65.391817804129,63.97348871291128,4.191030276809545
2012-05-28 00:55:00,65.39042734956718,63.97330709063784,4.191119604310977
2012-05-28 01:00:00,65.38903754189847,63.97312276828877,4.191210788114392
2012-05-28 01:05:00,65.38764770610398,63.9236294120166,4.42780367591169
2012-05-28 01:10:00,65.38625725154215,63.92344600375563,4.427899387966909
2012-05-28 01:15:00,65.38486679698032,63.92326656123071,4.427994003116413
2012-05-28 01:20:00,65.38347696118585,63.92308287171187,4.42809078395156
2012-05-28 01:25:00,65.38208712539135,63.922901432256026,4.4281860178683905
2012-05-28 01:30:00,65.38069728959685,63.92272100532853,4.42827984549584
2012-05-28 01:35:00,65.37930683503502,63.92253990338215,4.428375276293184
2012-05-28 01:40:00,65.37791635234741,63.92235725451744,4.42846949768166
2012-05-28 01:45:00,65.37652651655291,63.922174985350864,4.428564815975852
2012-05-28 01:50:00,65.37513668075843,63.92199268805851,4.428661653062576
2012-05-28 01:55:00,65.37374684496393,63.92181154392343,4.4287559588284156
2012-05-28 02:00:00,65.37235636227632,63.921630076341806,4.428851586506272
2012-05-28 02:05:00,65.37096590771449,63.98468222440943,4.515915890188059
2012-05-28 02:10:00,65.36957607192001,63.984501459972485,4.516011630369065
2012-05-28 02:15:00,65.36818623612551,63.984321750252604,4.516107820562675
2012-05-28 02:20:00,65.36679642845682,63.98414215303584,4.5162038138757685
2012-05-28 02:25:00,65.36540597389501,63.98396182454861,4.516299947817802
2012-05-28 02:30:00,65.3640155193332,63.98378225545765,4.516396025508261
2012-05-28 02:35:00,65.36262568353868,63.98360102694522,4.516492159450294
2012-05-28 02:40:00,65.36123587586998,63.98342258288577,4.516589334046469
2012-05-28 02:45:00,65.35984542130815,63.98324145281359,4.516684877346964
2012-05-28 02:50:00,65.35845496674634,63.983061644653446,4.516780842534271
2012-05-28 02:55:00,65.35706451218452,63.98288217400273,4.516877117105243
2012-05-28 03:00:00,65.3556747045158,63.98270126893686,4.516974291701416
2012-05-28 03:05:00,65.35428489684709,64.111630469959,4.739325940077089
2012-05-28 03:10:00,65.35289444228528,64.11145182901903,4.73943068051013
2012-05-28 03:15:00,65.35150398772346,64.11127157084626,4.739533620892764
2012-05-28 03:20:00,65.35011353316165,64.11109367523967,4.739636167514371
2012-05-28 03:25:00,65.34872372549295,64.11091246079013,4.739741695469465
2012-05-28 03:30:00,65.34733391782424,64.11073362296965,4.739844242091072
2012-05-28 03:35:00,65.34594346326242,64.11055427888498,4.739947688737881
2012-05-28 03:40:00,65.34455300870059,64.11037546919029,4.7400515572715065
2012-05-28 03:45:00,65.34316320103189,64.11019567509302,4.7401544976541405
2012-05-28 03:50:00,65.34177339336317,64.1100157684926,4.740258366187765
2012-05-28 03:55:00,65.34038358569447,64.1098363119048,4.740362769111354
2012-05-28 04:00:00,65.33899313113264,64.10965823348057,4.7404656532424125
2012-05-28 04:05:00,65.33760267657082,64.34835154806474,4.822468890199434
2012-05-28 04:10:00,65.33621286890211,64.34817256961531,4.822576949475412
2012-05-28 04:15:00,65.33482306123341,64.3479929302099,4.822687990084876
2012-05-28 04:20:00,65.33343322543892,64.34781537211275,4.822796246241367
2012-05-28 04:25:00,65.3320427708771,64.34763684367593,4.822903883630531
2012-05-28 04:30:00,65.3306523163153,64.34745811835859,4.823013152315375
2012-05-28 04:35:00,65.3292624805208,64.34727968836202,4.82312230849707
2012-05-28 04:40:00,65.3278726447263,64.34710033021447,4.823232083446092
2012-05-28 04:45:00,65.3264828089318,64.34692194240658,4.823340648986247
2012-05-28 04:50:00,65.32509235436999,64.34674307646031,4.823449270777976
2012-05-28 04:55:00,65.32370187168239,64.34656447770902,4.823557358179742
2012-05-28 05:00:00,65.32231203588789,64.34638627271876,4.823667639392941
2012-05-28 05:05:00,65.32092220009339,64.64904449803998,4.811786856696052
2012-05-28 05:10:00,65.31953174553156,64.64886623679813,4.811901525532117
2012-05-28 05:15:00,65.31814126284395,64.6486873146003,4.8120135786699345
2012-05-28 05:20:00,65.31675080828214,64.64850881428926,4.8121286412670266
2012-05-28 05:25:00,65.31536097248764,64.64832920300961,4.8122438444930555
2012-05-28 05:30:00,65.31397113669316,64.64814894483685,4.812359272725385
2012-05-28 05:35:00,65.31258068213133,64.64797239926806,4.812472113385256
2012-05-28 05:40:00,65.3111902275695,64.64779264735948,4.812586529089233
2012-05-28 05:45:00,65.30979977300767,64.64761347202953,4.812701957321563
2012-05-28 05:50:00,65.30840993721318,64.64743483108957,4.812814488597771
2012-05-28 05:55:00,65.30702012954448,64.64725541669044,4.812928679295445
2012-05-28 06:00:00,65.30562967498267,64.6470764523039,4.813045148181918
2012-05-28 06:05:00,65.30423922042085,64.97880156814612,4.6773006469363025
2012-05-28 06:10:00,65.30284938462637,64.97862133809916,4.677417790841677
2012-05-28 06:15:00,65.30145957695765,64.9784424018384,4.6775358910238305
2012-05-28 06:20:00,65.30006976928895,64.97826454842048,4.677650644237258
2012-05-28 06:25:00,65.29867931472712,64.97808565434842,4.677768350658384
2012-05-28 06:30:00,65.2972888601653,64.9779058180625,4.677885860198997
2012-05-28 06:35:00,65.29589905249658,64.97772599583942,4.678002329085469
2012-05-28 06:40:00,65.29450924482789,64.9775472564592,4.678119051104028
2012-05-28 06:45:00,65.29311943715918,64.97736884052553,4.6782340293237565
2012-05-28 06:50:00,65.29172898259735,64.97718990426479,4.678351454487006
2012-05-28 06:55:00,65.29033852803553,64.97701109457007,4.678467248354576
2012-05-28 07:00:00,65.28894872036683,64.97683072389417,4.67858546103988
2012-05-28 07:05:00,65.28755891269813,65.17690189678845,4.695080588577006
2012-05-28 07:10:00,65.28616845813632,65.17672258082958,4.69520043255799
2012-05-28 07:15:00,65.2847780035745,65.17654126793978,4.695325451683893
2012-05-28 07:20:00,65.28338754901267,65.17636003942735,4.695448952017267
2012-05-28 07:25:00,65.28199774134397,65.17617814995891,4.6955727898600905
2012-05-28 07:30:00,65.28060793367526,65.17599806054089,4.695695474545623
2012-05-28 07:35:00,65.27921747911343,65.17581708516053,4.695820099910501
2012-05-28 07:40:00,65.27782702455161,65.17563629259782,4.695941687690316
2012-05-28 07:45:00,65.2764365699898,65.17545541565774,4.69606681931937
2012-05-28 07:50:00,65.2750467341953,65.17527477778684,4.696189082118088
2012-05-28 07:55:00,65.2736568984008,65.17509349302283,4.696311316791019
2012-05-28 08:00:00,65.27226644383899,65.17491282702613,4.696435014004904
2012-05-28 08:05:00,65.27087598927717,65.23964957265808,4.786197283862687
2012-05-28 08:10:00,65.26948615348267,65.23946698004495,4.786326268724642
2012-05-28 08:15:00,65.26809631768818,65.23928504838783,4.786452975397802
2012-05-28 08:20:00,65.26670648189368,65.23910269484391,4.786584632209581
2012-05-28 08:25:00,65.26531602733186,65.23892097413018,4.786712435788458
2012-05-28 08:30:00,65.26392554464424,65.23873908466173,4.786840661254147
2012-05-28 08:35:00,65.26253570884977,65.2385569561241,4.786970068002918
2012-05-28 08:40:00,65.26114587305527,65.2383745463286,4.787098912235934
2012-05-28 08:45:00,65.2597560372608,65.23819178496073,4.787227334582139
2012-05-28 08:50:00,65.25836558269896,65.2380094314168,4.787357050714572
2012-05-28 08:55:00,65.25697512813714,65.23782785133201,4.787484263651909
2012-05-28 09:00:00,65.25558529234264,65.2376452305931,4.787613276639653
2012-05-28 09:05:00,65.25419545654815,65.0003378352875,5.3636896240981295
2012-05-28 09:10:00,65.25280564887943,65.00015124881251,5.363834443778507
2012-05-28 09:15:00,65.25141519431762,64.99996629363324,5.363977407156903
2012-05-28 09:20:00,65.2500247397558,64.99977979153563,5.364120426786873
2012-05-28 09:25:00,65.2486349039613,64.99959390820534,5.364264149561534
2012-05-28 09:30:00,65.2472450962926,64.99940744829642,5.364406522298391
2012-05-28 09:35:00,65.24585464173077,64.99922301344422,5.364550807588803
2012-05-28 09:40:00,65.24446418716896,64.99903767856678,5.364692645935694
2012-05-28 09:45:00,65.24307373260714,64.99885140147548,5.36483631245878
2012-05-28 09:50:00,65.24168392493844,64.99866449155395,5.36498003523344
2012-05-28 09:55:00,65.24029411726974,64.99847820039973,5.365124433027003
2012-05-28 10:00:00,65.23890366270793,64.99829404680541,5.365265680732356
2012-05-28 10:05:00,65.2375132081461,64.73829032218576,5.8785466791112135
2012-05-28 10:10:00,65.23612275358427,64.73810528262912,5.878693861357749
2012-05-28 10:15:00,65.23473294591555,64.73791792269499,5.878837556006623
2012-05-28 10:20:00,65.23334313824685,64.73773286907543,5.878986285171478
2012-05-28 10:25:00,65.23195268368504,64.7375461700973,5.879133186160137
2012-05-28 10:30:00,65.23056222912321,64.73736097584883,5.879280312155099
2012-05-28 10:35:00,65.22917242145449,64.73717514877013,5.879428310049474
2012-05-28 10:40:00,65.2277826137858,64.73698919512536,5.879574761025533
2012-05-28 10:45:00,65.2263928061171,64.73680346648693,5.87972146513368
2012-05-28 10:50:00,65.22500235155529,64.73661752690508,5.87986895676388
2012-05-28 10:55:00,65.22361189699348,64.73643302173839,5.880015942129902
2012-05-28 11:00:00,65.22222208932476,64.73624585868475,5.880164108779005
2012-05-28 11:05:00,65.22083228165604,64.56130895837411,6.1469147035808716
2012-05-28 11:10:00,65.21944244586155,64.56112591574838,6.147053251210614
2012-05-28 11:15:00,65.21805199129973,64.56094288718553,6.14719326138131
2012-05-28 11:20:00,65.2166615367379,64.56075959142771,6.147333384055156
2012-05-28 11:25:00,65.21527170094342,64.56057529720442,6.14747415362212
2012-05-28 11:30:00,65.21388186514892,64.56039359055362,6.147609607415224
2012-05-28 11:35:00,65.21249202935444,64.5602090994498,6.147752373913107
2012-05-28 11:40:00,65.21110157479261,64.56002740686188,6.147890274649733
2012-05-28 11:45:00,65.209711092105,64.55984375953173,6.148027584744821
2012-05-28 11:50:00,65.2083212563105,64.55966099816386,6.148168804324385
2012-05-28 11:55:00,65.20693142051601,64.55947664768901,6.148308111350391
2012-05-28 12:00:00,65.2055409659542,64.55929285972991,6.148450427835672
2012-05-28 12:05:00,65.20415048326659,64.43278631561179,6.340488271085568
2012-05-28 12:10:00,65.20276002870476,64.43260517147671,6.340613515217773
2012-05-28 12:15:00,65.20137019291026,64.4324245898574,6.340744778268525
2012-05-28 12:20:00,65.19998035711576,64.43224281289211,6.340876069445064
2012-05-28 12:25:00,65.19858990255396,64.43206277972565,6.341005476193835
2012-05-28 12:30:00,65.19719944799213,64.4318825356158,6.341133786036888
2012-05-28 12:35:00,65.19580899343033,64.43170193993359,6.341263924056135
2012-05-28 12:40:00,65.19441915763582,64.4315196988928,6.3413946245911355
2012-05-28 12:45:00,65.19302934996712,64.43133960947476,6.34152327194364
2012-05-28 12:50:00,65.19163889540529,64.43115995600644,6.3416544224912395
2012-05-28 12:55:00,65.19024844084348,64.43097840404745,6.341781860434878
2012-05-28 13:00:00,65.18885860504896,64.4307954176733,6.34191301098248
2012-05-28 13:05:00,65.18746879738028,64.34480252368162,6.525236107068804
2012-05-28 13:10:00,65.18607898971156,64.34462234988622,6.525360141792141
2012-05-28 13:15:00,65.18468853514973,64.34444216202793,6.5254869328426635
2012-05-28 13:20:00,65.18329808058793,64.34426174916335,6.525610545679187
2012-05-28 13:25:00,65.18190827291922,64.34407952218545,6.525734524150948
2012-05-28 13:30:00,65.18051846525051,64.34389954527056,6.525861371453047
2012-05-28 13:35:00,65.17912865758181,64.34371917459465,6.525983831132279
2012-05-28 13:40:00,65.17773820302,64.34353805858538,6.526110200295986
2012-05-28 13:45:00,65.17634774845817,64.34335851762019,6.526235585057129
2012-05-28 13:50:00,65.17495794078947,64.3431769797241,6.526359479151528
2012-05-28 13:55:00,65.17356813312075,64.34299639810479,6.5264854545542095
2012-05-28 14:00:00,65.17217832545205,64.34281667432198,6.526609489277548
2012-05-28 14:05:00,65.17078787089022,64.29369175180456,6.696488965152931
2012-05-28 14:10:00,65.16939741632841,64.29350809041149,6.696625487725967
2012-05-28 14:15:00,65.16800760865969,64.29332219301833,6.6967604915064705
2012-05-28 14:20:00,65.16661780099099,64.29313806754978,6.696895157777522
2012-05-28 14:25:00,65.16522734642916,64.29295342175415,6.697029880300149
2012-05-28 14:30:00,65.16383689186735,64.29276836813459,6.697164940332228
2012-05-28 14:35:00,65.16244643730553,64.29258477705602,6.697299353471191
2012-05-28 14:40:00,65.16105660151105,64.29239868278232,6.697435735415287
2012-05-28 14:45:00,65.15966676571655,64.29221409323827,6.697569698541649
2012-05-28 14:50:00,65.15827631115472,64.29202955994579,6.6977045335674275
2012-05-28 14:55:00,65.15688585659291,64.2918455188546,6.697838271687488
2012-05-28 15:00:00,65.15549537390531,64.29166119650553,6.697972544197513
2012-05-28 15:05:00,65.15410553811081,64.33764892648485,6.45186442119562
2012-05-28 15:10:00,65.15271570231631,64.33745696798444,6.452023247518226
2012-05-28 15:15:00,65.1513252477545,64.33726634545894,6.452183789513874
2012-05-28 15:20:00,65.14993476506689,64.3370742041409,6.4523418845660006
2012-05-28 15:25:00,65.1485449292724,64.33688050184169,6.452503832851029
2012-05-28 15:30:00,65.14715509347789,64.33668820583183,6.452662884179936
2012-05-28 15:35:00,65.14576525768341,64.33649652858931,6.452822779282468
2012-05-28 15:40:00,65.14437480312158,64.33630376850397,6.452982477504489
2012-05-28 15:45:00,65.14298434855976,64.33611164124883,6.453142175726509
2012-05-28 15:50:00,65.14159451276525,64.33591896554084,6.453303448992635
2012-05-28 15:55:00,65.14020467697077,64.33572675390835,6.453464497252459
2012-05-28 16:00:00,65.13881486930207,64.33553459852745,6.453622367298284
2012-05-28 16:05:00,65.13742441474024,64.32263393258332,6.314473183211529
2012-05-28 16:10:00,65.13603396017842,64.32243045657289,6.314665029208782
2012-05-28 16:15:00,65.13464412438394,64.32222453361892,6.314855834551892
2012-05-28 16:20:00,65.13325431671524,64.32201987632544,6.315048018058597
2012-05-28 16:25:00,65.13186450904654,64.32181637218922,6.315237726495993
2012-05-28 16:30:00,65.13047405448471,64.32161323368824,6.31542903810328
2012-05-28 16:35:00,65.12908359992288,64.32140830919975,6.315619309056427
2012-05-28 16:40:00,65.12769379225416,64.32120393316411,6.315812842600935
2012-05-28 16:45:00,65.12630398458548,64.32100104779524,6.316002579164118
2012-05-28 16:50:00,65.12491353002365,64.32079616549542,6.316193440758805
2012-05-28 16:55:00,65.12352307546182,64.32059275979945,6.316384161724553
2012-05-28 17:00:00,65.12213262089999,64.32038901659406,6.316574151419824
2012-05-28 17:05:00,65.1207428132313,64.31987376622803,5.972746382605201
2012-05-28 17:10:00,65.1193529914997,64.31966185248133,5.972949957055882
2012-05-28 17:15:00,65.11796253693788,64.3194490668352,5.97315325024869
2012-05-28 17:20:00,65.11657208237607,64.31923771560425,5.973353955869039
2012-05-28 17:25:00,65.11518161375135,64.31902324241086,5.973559105363829
2012-05-28 17:30:00,65.11379179201975,64.31880924735587,5.973764057978106
2012-05-28 17:35:00,65.11240197028816,64.31859828988594,5.973965691749444
2012-05-28 17:40:00,65.11101151572633,64.31838667146,5.974166875508182
2012-05-28 17:45:00,65.10962104710161,64.31817464521015,5.974370309329927
2012-05-28 17:50:00,65.10823122537002,64.31796010170231,5.974575065063692
2012-05-28 17:55:00,65.10684140363841,64.31774752699958,5.97477658633188
2012-05-28 18:00:00,65.10545158190682,64.31753602107679,5.974979232631572
2012-05-28 18:05:00,65.1040611132821,64.33471601154208,5.397152786165171
2012-05-28 18:10:00,65.10267065872027,64.3345031837073,5.3973365038098065
2012-05-28 18:15:00,65.10128083698866,64.33428834487867,5.397525452850935
2012-05-28 18:20:00,65.09989101525707,64.33407769679239,5.3977076798288275
2012-05-28 18:25:00,65.09850119352548,64.33386467207708,5.397893844416984
2012-05-28 18:30:00,65.09711073896365,64.33365004419187,5.398079952753563
2012-05-28 18:35:00,65.09572028440185,64.3334377929357,5.398264851681279
2012-05-28 18:40:00,65.09433046267024,64.33322495103802,5.398449609980055
2012-05-28 18:45:00,65.09294064093865,64.33301052003331,5.398635887071362
2012-05-28 18:50:00,65.09155081920706,64.3327988312929,5.39882132038904
2012-05-28 18:55:00,65.09016036464523,64.33258522999894,5.399005881807304
2012-05-28 19:00:00,65.0887699100834,64.33237292249122,5.399189486948789
2012-05-28 19:05:00,65.0873800883518,64.36631745038164,4.628972331101199
2012-05-28 19:10:00,65.0859902666202,64.36611276496235,4.629117291410514
2012-05-28 19:15:00,65.08459981205839,64.36590771390783,4.629262026713529
2012-05-28 19:20:00,65.08320935749656,64.36570273316777,4.629407352658084
2012-05-28 19:25:00,65.08181890293473,64.36549735866667,4.629552931734726
2012-05-28 19:30:00,65.08042908120312,64.36529025442964,4.629699776471811
2012-05-28 19:35:00,65.07903925947153,64.36508711592866,4.629842289837605
2012-05-28 19:40:00,65.07764879084682,64.36488210706281,4.629987278272708
2012-05-28 19:45:00,65.076258336285,64.36467688725357,4.6301325198399
2012-05-28 19:50:00,65.0748678817232,64.36447246902924,4.630275905105108
2012-05-28 19:55:00,65.07347805999159,64.36426468977332,4.630423227980583
2012-05-28 20:00:00,65.07208823825998,64.36405931527223,4.630569313321402
2012-05-28 20:05:00,65.07069778369818,64.35105368388875,4.101834488439912
2012-05-28 20:10:00,65.06930732913635,64.35085905343854,4.101947272848207
2012-05-28 20:15:00,65.06791750740474,64.35066130102588,4.102062307319511
2012-05-28 20:20:00,65.06652768567314,64.35046550335547,4.102173671375533
2012-05-28 20:25:00,65.06513786394154,64.3502687072196,4.102287496437969
2012-05-28 20:30:00,65.06374740937972,64.35007296580078,4.102400126154433
2012-05-28 20:35:00,65.0623569548179,64.3498765915517,4.1025134590155865
2012-05-28 20:40:00,65.0609671330863,64.34968021730266,4.10262679187674
2012-05-28 20:45:00,65.05957731135469,64.34948433525487,4.10273759341701
2012-05-28 20:50:00,65.05818748962308,64.3492886922763,4.102853218529853
2012-05-28 20:55:00,65.05679703506128,64.34909200864358,4.10296416069906
2012-05-28 21:00:00,65.05540656643656,64.34889581721214,4.103077352931276
2012-05-28 21:05:00,65.05401674470498,64.2862478191338,3.787469944682318
2012-05-28 21:10:00,65.05262692297337,64.2860596576147,3.787561733190165
2012-05-28 21:15:00,65.05123646841155,64.28587242424662,3.7876521435344217
2012-05-28 21:20:00,65.04984599978684,64.2856834892684,3.787742792947872
2012-05-28 21:25:00,65.04845554522502,64.28549483554802,3.787834665833083
2012-05-28 21:30:00,65.04706572349342,64.28530483178987,3.7879259340138614
2012-05-28 21:35:00,65.04567590176181,64.28511671245947,3.7880186084840184
2012-05-28 21:40:00,65.04428544719998,64.28492642744342,3.788109496966664
2012-05-28 21:45:00,65.04289499263817,64.28473993940871,3.788200582329822
2012-05-28 21:50:00,65.04150453807635,64.28455065285813,3.7882916255042995
2012-05-28 21:55:00,65.04011471634475,64.28436095848365,3.7883838780876427
2012-05-28 22:00:00,65.03872489461314,64.28417195319092,3.788475694721279
2012-05-28 22:05:00,65.03733444005131,64.14769512675055,3.926966566623357
2012-05-28 22:10:00,65.0359439854895,64.14750882153345,3.9270565832065856
2012-05-28 22:15:00,65.0345541637579,64.14732181317167,3.9271470216766295
2012-05-28 22:20:00,65.0331643420263,64.14713526888538,3.927238205480045
2012-05-28 22:25:00,65.0317745202947,64.14694997619664,3.9273281095601225
2012-05-28 22:30:00,65.03038406573289,64.14676516164629,3.9274174933131323
2012-05-28 22:35:00,65.02899361117107,64.1465795314481,3.9275085927391835
2012-05-28 22:40:00,65.02760378943948,64.14639181994161,3.927599973423112
2012-05-28 22:45:00,65.02621396770787,64.1462060772403,3.9276893431132263
2012-05-28 22:50:00,65.02482414597627,64.14602091111759,3.927779458136712
2012-05-28 22:55:00,65.02343367735155,64.14583383244134,3.9278702903677813
2012-05-28 23:00:00,65.02204322278973,64.14564831474628,3.9279601522591787
2012-05-28 23:05:00,65.02065340105814,64.01345966190303,4.123315080584723
2012-05-28 23:10:00,65.01926357932653,64.01327528330238,4.123407459734111
2012-05-28 23:15:00,65.01787375759493,64.01309166409801,4.1234997685690296
2012-05-28 23:20:00,65.0164833030331,64.01290713080552,4.123591163315852
2012-05-28 23:25:00,65.01509284847128,64.01272265376463,4.123683879974691
2012-05-28 23:30:00,65.01370302673969,64.01253744545325,4.123776695073787
2012-05-28 23:35:00,65.0123132050081,64.01235355905389,4.1238674148017065
2012-05-28 23:40:00,65.01092275044628,64.01216903982431,4.123959386127174
2012-05-28 23:45:00,65.00953229588447,64.01198537843125,4.124052215289164
2012-05-28 23:50:00,65.00814184132264,64.01179980448462,4.1241441584888445
2012-05-28 23:55:00,65.00675203365394,64.01161567901607,4.124237409537648
2012-05-29 00:00:00,65.00536221192233,64.01143030194997,4.124328635529745
2012-05-29 00:05:00,65.0039717573605,63.39737781995419,4.137825765051602
2012-05-29 00:10:00,65.00258130279869,63.39720538778183,4.137901367168684
2012-05-29 00:15:00,65.00119083417398,63.39703418611268,4.137977588053093
2012-05-29 00:20:00,64.99980101244238,63.39686142346232,4.138054596459555
2012-05-29 00:25:00,64.99841119071077,63.396688815503786,4.138131379859716
2012-05-29 00:30:00,64.99702073614895,63.39651793024975,4.138207263234673
2012-05-29 00:35:00,64.99563026752423,63.396345315259765,4.138283934131684
2012-05-29 00:40:00,64.99424044579264,63.39617158226974,4.138360155016094
2012-05-29 00:45:00,64.99285062406103,63.39600097124213,4.138435841510538
2012-05-29 00:50:00,64.99146080232943,63.395829382843395,4.138512596784912
2012-05-29 00:55:00,64.99007033370472,63.39565647956409,4.138589745820313
2012-05-29 01:00:00,64.98867987914291,63.395484581781695,4.1386650666795175
2012-05-29 01:05:00,64.98729005741131,63.322739438258225,4.322390699038041
2012-05-29 01:10:00,64.98590023567971,63.32256860222432,4.322471251293742
2012-05-29 01:15:00,64.98451041394812,63.322398202140114,4.322551437914204
2012-05-29 01:20:00,64.98311995938629,63.32222700750241,4.322632496434081
2012-05-29 01:25:00,64.98172950482447,63.32205744416038,4.322712036161428
2012-05-29 01:30:00,64.98033968309285,63.321886137019526,4.3227922790334645
2012-05-29 01:35:00,64.97894986136126,63.321715258796935,4.322871903138174
2012-05-29 01:40:00,64.97756003962967,63.32154600483858,4.322953271041714
2012-05-29 01:45:00,64.97616958506784,63.321374001584495,4.323033007649574
2012-05-29 01:50:00,64.97477913050602,63.3212039811984,4.323112237993256
2012-05-29 01:55:00,64.97338930877443,63.32103251936572,4.323193718399948
2012-05-29 02:00:00,64.97199948704282,63.32086214037587,4.323274551913524
2012-05-29 02:05:00,64.970609032481,63.34651392569355,4.477860743281926
2012-05-29 02:10:00,64.96921856385627,63.34634484048993,4.477946273802032
2012-05-29 02:15:00,64.96782810929447,63.34617528417934,4.478031832447925
2012-05-29 02:20:00,64.9664382875629,63.34600510910144,4.478116716074917
2012-05-29 02:25:00,64.96504846583129,63.345836762199724,4.4782033435007405
2012-05-29 02:30:00,64.96365799720657,63.345666432429994,4.478288620888757
2012-05-29 02:35:00,64.96226754264474,63.345496524547066,4.478374010779926
2012-05-29 02:40:00,64.96087708808291,63.34532709480254,4.478459935061059
2012-05-29 02:45:00,64.9594872663513,63.34515794631589,4.478544903065413
2012-05-29 02:50:00,64.95809744461971,63.344987433728534,4.478630489837094
2012-05-29 02:55:00,64.95670699005788,63.34481823602173,4.478716610998741
2012-05-29 03:00:00,64.95531653549607,63.34464925628981,4.4788005102231665
2012-05-29 03:05:00,64.95392671376446,63.49506455156398,4.539598844005479
2012-05-29 03:10:00,64.95253690609577,63.49489642263712,4.539688143381125
2012-05-29 03:15:00,64.95114708436417,63.4947271897731,4.539778905297726
2012-05-29 03:20:00,64.94975662980234,63.494558203009724,4.539870257855865
2012-05-29 03:25:00,64.94836617524052,63.494389399063955,4.539960485382502
2012-05-29 03:30:00,64.94697635350893,63.49421971618735,4.540051809814855
2012-05-29 03:35:00,64.94558653177734,63.49405238884545,4.540142374850942
2012-05-29 03:40:00,64.94419671004574,63.49388247393107,4.5402332492706945
2012-05-29 03:45:00,64.94280625548392,63.4937151676835,4.540323729929419
2012-05-29 03:50:00,64.9414157868592,63.49354431055525,4.540414069959205
2012-05-29 03:55:00,64.9400259651276,63.49337611131393,4.5405050568821075
2012-05-29 04:00:00,64.938636143396,63.49320568310393,4.540597618849115
2012-05-29 04:05:00,64.9372463216644,63.76099973407877,4.504007853602982
2012-05-29 04:10:00,64.93585585303968,63.76083003713925,4.504105196953881
2012-05-29 04:15:00,64.93446539847785,63.76065927141982,4.504201724656942
2012-05-29 04:20:00,64.93307557674625,63.760489054153226,4.504298758624178
2012-05-29 04:25:00,64.93168575501466,63.760319188458986,4.504394836314637
2012-05-29 04:30:00,64.93029530045283,63.76015001184655,4.504490998382458
2012-05-29 04:35:00,64.92890484589101,63.75998006177493,4.5045895230164374
2012-05-29 04:40:00,64.9275143913292,63.7598106601562,4.50468472880748
2012-05-29 04:45:00,64.9261245695976,63.75963928973232,4.5047840690892995
2012-05-29 04:50:00,64.92473474786601,63.759469747484644,4.504879443635068
2012-05-29 04:55:00,64.9233442933042,63.75929940365202,4.504976027589703
2012-05-29 05:00:00,64.92195383874237,63.759129959844586,4.505074045959506
2012-05-29 05:05:00,64.92056338418054,64.07807857103207,4.452704560709763
2012-05-29 05:10:00,64.91917356244893,64.07790438099799,4.4528106230548214
2012-05-29 05:15:00,64.91778374071734,64.07773152693882,4.452915419739436
2012-05-29 05:20:00,64.91639328615553,64.07755827208716,4.453021257078194
2012-05-29 05:25:00,64.9150028315937,64.07738461644304,4.453127825687429
2012-05-29 05:30:00,64.91361300986209,64.07721067954105,4.453232819252557
2012-05-29 05:35:00,64.91222318813048,64.0770384301863,4.453338656591314
2012-05-29 05:40:00,64.91083336639889,64.07686483782521,4.453443509527506
2012-05-29 05:45:00,64.90944289777417,64.07669265175349,4.453549318740475
2012-05-29 05:50:00,64.90805244321236,64.07651986097734,4.45365507170187
2012-05-29 05:55:00,64.90666262148076,64.07634551625144,4.453760993417989
2012-05-29 06:00:00,64.90527279974916,64.07617373800363,4.453864890077401
2012-05-29 06:05:00,64.90388297801758,64.38795196793059,4.3950125795394674
2012-05-29 06:10:00,64.90249252345576,64.3877753801731,4.395125926463514
2012-05-29 06:15:00,64.90110206889393,64.38759686579917,4.395241860960022
2012-05-29 06:20:00,64.89971224716233,64.38741776078369,4.3953565016703
2012-05-29 06:25:00,64.89832242543072,64.38724024487523,4.395471311135302
2012-05-29 06:30:00,64.89693260369913,64.38706279928122,4.395587020625508
2012-05-29 06:35:00,64.8955421491373,64.38688449585074,4.395700705059007
2012-05-29 06:40:00,64.89415169457548,64.38670622054597,4.395815852033462
2012-05-29 06:45:00,64.89276187284388,64.38652776242363,4.395931955284694
2012-05-29 06:50:00,64.89137205111227,64.38634867147105,4.396047299139661
2012-05-29 06:55:00,64.88998159655046,64.38617038210343,4.396161574214701
2012-05-29 07:00:00,64.88859114198864,64.38599289432075,4.396277227453331
2012-05-29 07:05:00,64.88720067336392,64.53614402868199,4.555408152337649
2012-05-29 07:10:00,64.88581085163231,64.53595692187996,4.5555402310362405
2012-05-29 07:15:00,64.88442102990074,64.53577196670068,4.555669581533436
2012-05-29 07:20:00,64.8830305753389,64.53558834749629,4.555798847653268
2012-05-29 07:25:00,64.88164010671419,64.53540344856857,4.5559299700750815
2012-05-29 07:30:00,64.88024965215239,64.53521918247108,4.556059292446489
2012-05-29 07:35:00,64.87885983042078,64.53503237098981,4.556191511774018
2012-05-29 07:40:00,64.87747000868917,64.53484955337039,4.556319821617072
2012-05-29 07:45:00,64.87607955412734,64.53466483726028,4.556452350328266
2012-05-29 07:50:00,64.87468909956553,64.53447917893631,4.5565820664607
2012-05-29 07:55:00,64.87329927783394,64.53429340810916,4.556713132630939
2012-05-29 08:00:00,64.87190945610233,64.53410950764692,4.556843073769673
2012-05-29 08:05:00,64.87051963437072,64.50439223641335,4.910933379965553
2012-05-29 08:10:00,64.8691291798089,64.5042026264162,4.911081687243593
2012-05-29 08:15:00,64.86773872524708,64.50401256640647,4.911230753917899
2012-05-29 08:20:00,64.86634890351549,64.50382084697526,4.911379708089054
2012-05-29 08:25:00,64.86495908178388,64.50363112447498,4.911526355945626
2012-05-29 08:30:00,64.8635692600523,64.50344012225135,4.9116769414124635
2012-05-29 08:35:00,64.86217880549047,64.50325002005292,4.9118245736716
2012-05-29 08:40:00,64.86078835092864,64.50305837093619,4.911973218459091
2012-05-29 08:45:00,64.85939852919707,64.5028666374421,4.912123578919627
2012-05-29 08:50:00,64.85800870746546,64.50267583209897,4.912271942449244
2012-05-29 08:55:00,64.85661825290363,64.50248636273078,4.912419602834168
2012-05-29 09:00:00,64.85522778427891,64.50229668241917,4.912566841332279
2012-05-29 09:05:00,64.8538373297171,64.39853093448528,5.248536490096412
2012-05-29 09:10:00,64.85244750798549,64.39833668373318,5.248698522758802
2012-05-29 09:15:00,64.8510576862539,64.39814520337119,5.248857602213497
2012-05-29 09:20:00,64.84966721762918,64.39795247141161,5.249019212989073
2012-05-29 09:25:00,64.84827676306735,64.39776017540177,5.249180317500473
2012-05-29 09:30:00,64.84688630850553,64.397567204373,5.249340718867185
2012-05-29 09:35:00,64.84549648677394,64.39737312237564,5.249502329642762
2012-05-29 09:40:00,64.84410666504235,64.3971803482274,5.249662449751596
2012-05-29 09:45:00,64.84271621048053,64.39698841785278,5.2498221479736165
2012-05-29 09:50:00,64.84132575591872,64.39679565776743,5.249982521214539
2012-05-29 09:55:00,64.83993593418711,64.3966012382606,5.250145313273196
2012-05-29 10:00:00,64.8385461124555,64.39640823910605,5.2503063052814465
2012-05-29 10:05:00,64.83715629072391,64.24750251461997,5.56748924983756
2012-05-29 10:10:00,64.83576583616208,64.24730858731444,5.567658707707879
2012-05-29 10:15:00,64.83437538160025,64.24711678350585,5.567823609200606
2012-05-29 10:20:00,64.83298555986866,64.24692375622551,5.567991604529969
2012-05-29 10:25:00,64.83159573813705,64.2467325008698,5.56815869983413
2012-05-29 10:30:00,64.83020591640546,64.24654016267128,5.568325598257778
2012-05-29 10:35:00,64.82881546184363,64.2463471916425,5.56849196229146
2012-05-29 10:40:00,64.82742499321891,64.24615552846286,5.568659338853497
2012-05-29 10:45:00,64.8260351714873,64.24596085582397,5.568827812321249
2012-05-29 10:50:00,64.82464534975571,64.24577133020419,5.568992404430312
2012-05-29 10:55:00,64.82325552802412,64.24557910450882,5.569159752866561
2012-05-29 11:00:00,64.8218650734623,64.24538686475054,5.569326707541784
2012-05-29 11:05:00,64.82047461890049,64.14218112937364,5.723512556449417
2012-05-29 11:10:00,64.8190847971689,64.14198990214372,5.7236777954515965
2012-05-29 11:15:00,64.81769497543729,64.14180058746736,5.723842612566961
2012-05-29 11:20:00,64.81630452087548,64.14161114622495,5.724007176550237
2012-05-29 11:25:00,64.81491406631365,64.14142087527178,5.724172753061866
2012-05-29 11:30:00,64.81352361175182,64.14123281219297,5.72433734517093
2012-05-29 11:35:00,64.81213379002021,64.14104047399442,5.7245024435441705
2012-05-29 11:40:00,64.81074396828862,64.14085231247536,5.7246639980681735
2012-05-29 11:45:00,64.8093535137268,64.14066289935873,5.724828927686687
2012-05-29 11:50:00,64.80796305916498,64.14047295185215,5.724993126034725
2012-05-29 11:55:00,64.80657260460316,64.14028397468523,5.7251561993512565
2012-05-29 12:00:00,64.80518278287155,64.14009384436102,5.725323210278055
2012-05-29 12:05:00,64.80379296113996,64.08005671392588,5.787015944106202
2012-05-29 12:10:00,64.80240250657815,64.07987115404217,5.787171535963232
2012-05-29 12:15:00,64.80101203795344,64.07968496132823,5.787326649681873
2012-05-29 12:20:00,64.79962221622183,64.07949710919281,5.787486460407043
2012-05-29 12:25:00,64.79823239449026,64.0793105930323,5.78764373981133
2012-05-29 12:30:00,64.79684257275864,64.07912276902269,5.78780295989496
2012-05-29 12:35:00,64.79545210413393,64.0789371106987,5.787957426720486
2012-05-29 12:40:00,64.7940616495721,64.07875079141871,5.788114368615322
2012-05-29 12:45:00,64.7926718278405,64.07856324866698,5.788275051239908
2012-05-29 12:50:00,64.79128200610889,64.0783766481291,5.788431177486903
2012-05-29 12:55:00,64.7898921843773,64.07818948507548,5.788589356916391
2012-05-29 13:00:00,64.78850172981547,64.07800527522956,5.788745455037599
2012-05-29 13:05:00,64.78711127525365,64.04468262959739,5.8418600767783575
2012-05-29 13:10:00,64.78572145352204,64.04449694314764,5.842012040408785
2012-05-29 13:15:00,64.78433164585334,64.04431285986776,5.842163807158702
2012-05-29 13:20:00,64.78294182412175,64.04412869221053,5.842313239468247
2012-05-29 13:25:00,64.78155136955992,64.04394415891805,5.8424666093880555
2012-05-29 13:30:00,64.78016091499809,64.04375985063187,5.842617757370643
2012-05-29 13:35:00,64.77877109326651,64.04357514858465,5.842769946007373
2012-05-29 13:40:00,64.77738127153492,64.04339124812242,5.842918872052741
2012-05-29 13:45:00,64.7759908169731,64.04320587105632,5.8430725232304255
2012-05-29 13:50:00,64.77460036241128,64.04302251904691,5.843224514986644
2012-05-29 13:55:00,64.77320989378656,64.04283752167893,5.843375381711354
2012-05-29 14:00:00,64.77182007205495,64.04265125865054,5.84352880788274
2012-05-29 14:05:00,64.77043025032336,64.07311413045063,5.752434838233444
2012-05-29 14:10:00,64.76903979576154,64.0729312706425,5.752583286140422
2012-05-29 14:15:00,64.76764932713682,64.07274862177779,5.752732015305276
2012-05-29 14:20:00,64.766258872575,64.07256387754191,5.752880125702803
2012-05-29 14:25:00,64.76486905084339,64.0723791895576,5.753028179848756
2012-05-29 14:30:00,64.7634792291118,64.072194543762,5.753178427806141
2012-05-29 14:35:00,64.76208877454998,64.07201202146332,5.753326285071579
2012-05-29 14:40:00,64.76069831998815,64.07182917571811,5.75347341106654
2012-05-29 14:45:00,64.75930849825657,64.07164431897907,5.753622533992421
2012-05-29 14:50:00,64.75791867652497,64.07146009507026,5.753771713169878
2012-05-29 14:55:00,64.75652885479336,64.07127712275899,5.753920189202643
2012-05-29 15:00:00,64.75513840023156,64.07109395356721,5.754068552732259
2012-05-29 15:05:00,64.75374794566973,64.17757372750184,5.348987684275539
2012-05-29 15:10:00,64.75235812393812,64.17738867388228,5.349134500886836
2012-05-29 15:15:00,64.75096830220652,64.17720463279109,5.349279348693
2012-05-29 15:20:00,64.74957848047492,64.17702088702065,5.349423577731838
2012-05-29 15:25:00,64.7481880259131,64.17683541151432,5.349570394343136
2012-05-29 15:30:00,64.74679757135128,64.17665310015904,5.349714820262487
2012-05-29 15:35:00,64.74540774961967,64.17646813091687,5.34986051184228
2012-05-29 15:40:00,64.74401792788807,64.17628272572496,5.350004797132693
2012-05-29 15:45:00,64.74262810615646,64.176099050269,5.3501507137187865
2012-05-29 15:50:00,64.74123763753175,64.17591446072497,5.35029570215389
2012-05-29 15:55:00,64.73984718296994,64.17573155872817,5.350440212450603
2012-05-29 16:00:00,64.73845736123833,64.1755458722784,5.350587394697139
2012-05-29 16:05:00,64.73706753950674,64.15411295334358,5.23128742269675
2012-05-29 16:10:00,64.73567707088203,64.15392500276792,5.231435279962188
2012-05-29 16:15:00,64.73428661632022,64.15373682015449,5.231586962334742
2012-05-29 16:20:00,64.7328961617584,64.15354844769202,5.231737885311029
2012-05-29 16:25:00,64.7315063400268,64.15335965334272,5.231887233243211
2012-05-29 16:30:00,64.73011651829519,64.15317093633934,5.232037537452171
2012-05-29 16:35:00,64.72872606373336,64.1529832459272,5.232186772881201
2012-05-29 16:40:00,64.72733560917155,64.15279529535154,5.232336317693897
2012-05-29 16:45:00,64.72594515460973,64.15260669788276,5.232486987538096
2012-05-29 16:50:00,64.72455533287813,64.15241808635108,5.232636138589765
2012-05-29 16:55:00,64.72316551114652,64.15223030453014,5.232786077163486
2012-05-29 17:00:00,64.7217750565847,64.15204204457079,5.232936634504534
2012-05-29 17:05:00,64.72038460202289,64.12427834132411,4.99588352444466
2012-05-29 17:10:00,64.71899478029128,64.12408596093691,4.996030791068558
2012-05-29 17:15:00,64.7176049585597,64.12389360867547,4.996178310824545
2012-05-29 17:20:00,64.71621513682808,64.12370100328195,4.996324086781702
2012-05-29 17:25:00,64.71482468226627,64.12350829944819,4.9964711283993
2012-05-29 17:30:00,64.71343421364156,64.12331570811757,4.9966200825704545
2012-05-29 17:35:00,64.71204439190997,64.12312273708882,4.996767461697504
2012-05-29 17:40:00,64.71065457017836,64.12293142548153,4.996914559566678
2012-05-29 17:45:00,64.70926474844676,64.12273804662885,4.997061769939002
2012-05-29 17:50:00,64.70787429388493,64.12254680533603,4.997209064688687
2012-05-29 17:55:00,64.70648383932311,64.12235387649595,4.9973567813251885
2012-05-29 18:00:00,64.7050940175915,64.12216146798293,4.997503541684911
2012-05-29 18:05:00,64.70370419585991,64.12028512637735,4.5317037947958605
2012-05-29 18:10:00,64.7023143741283,64.12009242254358,4.531832807783605
2012-05-29 18:15:00,64.70092391956648,64.11990057654633,4.531960330104605
2012-05-29 18:20:00,64.69953346500466,64.11970885711513,4.5320885836960825
2012-05-29 18:25:00,64.69814364327307,64.11951476105486,4.5322166122812595
2012-05-29 18:30:00,64.69675382154146,64.1193227041142,4.532345625269003
2012-05-29 18:35:00,64.69536336697965,64.1191309284314,4.532472585074252
2012-05-29 18:40:00,64.69397291241783,64.11893927931467,4.532599769885801
2012-05-29 18:45:00,64.69258245785602,64.11874696924194,4.532729148508783
2012-05-29 18:50:00,64.69119263612443,64.11855281693009,4.532857233345536
2012-05-29 18:55:00,64.68980281439282,64.11836189908384,4.532985036924413
2012-05-29 19:00:00,64.68841235983099,64.11816891399218,4.533112953006438
2012-05-29 19:05:00,64.68702189120627,64.07572437229507,4.161076875526137
2012-05-29 19:10:00,64.68563143664446,64.07553532481369,4.1611819534686285
2012-05-29 19:15:00,64.68424161491285,64.07534634764677,4.161289815864094
2012-05-29 19:20:00,64.68285179318126,64.07515692046725,4.161398043894797
2012-05-29 19:25:00,64.68146132455654,64.07496622762729,4.161505428151873
2012-05-29 19:30:00,64.68007086999471,64.07477837549187,4.161612868660522
2012-05-29 19:35:00,64.6786810482631,64.07458754202298,4.161722418603244
2012-05-29 19:40:00,64.67729122653151,64.07439880392526,4.161828340319364
2012-05-29 19:45:00,64.67590140479992,64.07421135961376,4.161935949582738
2012-05-29 19:50:00,64.6745109502381,64.0740218058682,4.162043615097691
2012-05-29 19:55:00,64.67312049567629,64.07383225212264,4.16215060559374
2012-05-29 20:00:00,64.6717306739447,64.07364288119469,4.162258664869718
2012-05-29 20:05:00,64.67034085221309,63.991809161875295,3.86173731032467
2012-05-29 20:10:00,64.6689510304815,63.99162451607966,3.861826651888997
2012-05-29 20:15:00,64.66756057591967,63.99144046092557,3.8619144887236865
2012-05-29 20:20:00,64.66617012135784,63.99125701047593,3.862002536501784
2012-05-29 20:25:00,64.66478029962624,63.9910728287558,3.8620918358774294
2012-05-29 20:30:00,64.66339047789464,63.99088885797908,3.862180277416553
2012-05-29 20:35:00,64.66200002333282,63.99070499970549,3.8622682830059687
2012-05-29 20:40:00,64.660609568771,63.99052055079039,3.862357019865861
2012-05-29 20:45:00,64.65921910014627,63.99033764879359,3.862444533253994
2012-05-29 20:50:00,64.65782927841467,63.99015234204196,3.862533466994401
2012-05-29 20:55:00,64.65643945668307,63.98996773843501,3.8626230898166036
2012-05-29 21:00:00,64.65504900212126,63.98978414735643,3.86271132041232
2012-05-29 21:05:00,64.65365854755943,63.846322534696476,3.766396993640157
2012-05-29 21:10:00,64.65226809299763,63.846142192146345,3.7664750848894424
2012-05-29 21:15:00,64.65087827126602,63.8459610058226,3.7665548636859842
2012-05-29 21:20:00,64.64948844953442,63.84578348991413,3.766632434608198
2012-05-29 21:25:00,64.64809799497262,63.84560324580426,3.7667108352411467
2012-05-29 21:30:00,64.64670754041079,63.84542346576989,3.766788898364643
2012-05-29 21:35:00,64.64531771867918,63.84524375604999,3.766867284934698
2012-05-29 21:40:00,64.64392789694757,63.84506427133639,3.7669449542971694
2012-05-29 21:45:00,64.64253807521598,63.84488374596865,3.767024381521365
2012-05-29 21:50:00,64.64114762065417,63.84470518940605,3.7671008133491815
2012-05-29 21:55:00,64.63975716609234,63.84452525467984,3.7671800577557577
2012-05-29 22:00:00,64.63836734436073,63.84434561527441,3.767257825558485
2012-05-29 22:05:00,64.63697752262912,63.69384837903379,3.637515718960089
2012-05-29 22:10:00,64.63558770089755,63.69367318350279,3.637582672397483
2012-05-29 22:15:00,64.63419724633572,63.69349780515418,3.637650357105354
2012-05-29 22:20:00,64.632806777711,63.693322679937665,3.637719476228393
2012-05-29 22:25:00,64.63141695597942,63.693147160960116,3.6377871328104763
2012-05-29 22:30:00,64.63002713424781,63.69297136072469,3.637855562851719
2012-05-29 22:35:00,64.6286373125162,63.69279719178494,3.637922586603581
2012-05-29 22:40:00,64.6272468438915,63.69262185562502,3.637989765047275
2012-05-29 22:45:00,64.62585638932968,63.692445816320394,3.638057970082217
2012-05-29 22:50:00,64.62446656759808,63.69227126768252,3.6381269204505298
2012-05-29 22:55:00,64.62307674586647,63.69209586120814,3.638194323900525
2012-05-29 23:00:00,64.62168627724175,63.691921256318686,3.6382624867467857
2012-05-29 23:05:00,64.62029582267994,63.50407429605084,3.8680789863477667
2012-05-29 23:10:00,64.61890536811812,63.503902306859636,3.868148358602894
2012-05-29 23:15:00,64.61751554638651,63.50372758946704,3.8682200793612864
2012-05-29 23:20:00,64.61612573871781,63.503554524464455,3.868290857905794
2012-05-29 23:25:00,64.61473528415598,63.50338119226691,3.8683621286515844
2012-05-29 23:30:00,64.61334482959417,63.50320722020766,3.868433146265286
2012-05-29 23:35:00,64.61195437503235,63.50303337471448,3.868504867023679
2012-05-29 23:40:00,64.61056455330076,63.5028592760892,3.868576250272621
2012-05-29 23:45:00,64.60917473156915,63.502686562658965,3.868647211634747
2012-05-29 23:50:00,64.60778427700733,63.50251270310289,3.8687182151855555
2012-05-29 23:55:00,64.60639382244551,63.502339209182054,3.8687890640445324
2012-05-30 00:00:00,64.60500400071392,63.50216462538693,3.8688609957463314
2012-05-30 00:05:00,64.60361417898231,63.19950554750278,3.848962479154293
2012-05-30 00:10:00,64.60222435725072,63.199338867053996,3.84902715440289
2012-05-30 00:15:00,64.6008339026889,63.19917262255492,3.849091168695479
2012-05-30 00:20:00,64.59944343406418,63.19900580147717,3.849155590811988
2012-05-30 00:25:00,64.59805361233258,63.198839296814555,3.8492195629158954
2012-05-30 00:30:00,64.59666379060097,63.19867248276827,3.8492836756487407
2012-05-30 00:35:00,64.59527396886938,63.19850619608051,3.849349011853347
2012-05-30 00:40:00,64.59388351430755,63.1983395437575,3.8494125339446517
2012-05-30 00:45:00,64.59249305974573,63.198174255535186,3.849476224790683
2012-05-30 00:50:00,64.59110323801414,63.1980070055392,3.849541687561334
2012-05-30 00:55:00,64.58971341628255,63.1978405782225,3.849605926860223
2012-05-30 01:00:00,64.58832359455096,63.197673468855434,3.8496701239704314
2012-05-30 01:05:00,64.58693313998914,63.11577386839429,3.990624224225153
2012-05-30 01:10:00,64.58554268542731,63.11561040131673,3.9906914448575286
2012-05-30 01:15:00,64.5841528636957,63.11544463495604,3.9907599311503463
2012-05-30 01:20:00,64.5827630419641,63.115279522519906,3.990827433040598
2012-05-30 01:25:00,64.58137258740229,63.11511478275045,3.990895188062938
2012-05-30 01:30:00,64.57998213284046,63.114950985194895,3.9909634774752436
2012-05-30 01:35:00,64.57859167827864,63.11478672356384,3.9910309793654952
2012-05-30 01:40:00,64.57720185654703,63.11462083766855,3.9910989031425594
2012-05-30 01:45:00,64.57581203481543,63.11445598539594,3.991167164429077
2012-05-30 01:50:00,64.57442158025361,63.114291899551056,3.9912352850866557
2012-05-30 01:55:00,64.5730311116289,63.11412647773127,3.991301605693829
2012-05-30 02:00:00,64.57164065706708,63.11396317237699,3.991370598250823
2012-05-30 02:05:00,64.57025083533547,63.11634155577559,4.181978582710466
2012-05-30 02:10:00,64.5688610136039,63.11617825745276,4.182052722286592
2012-05-30 02:15:00,64.56747054497917,63.1160138622242,4.182128830667851
2012-05-30 02:20:00,64.56608009041737,63.11584874978808,4.182205051552259
2012-05-30 02:25:00,64.56469026868577,63.11568379204377,4.182281497442969
2012-05-30 02:30:00,64.56330044695416,63.115519481192585,4.182357408943715
2012-05-30 02:35:00,64.56191062522255,63.11535387655516,4.1824335735765485
2012-05-30 02:40:00,64.56052017066072,63.11519097199335,4.18250906319048
2012-05-30 02:45:00,64.55912971609891,63.115028179934704,4.182584721559137
2012-05-30 02:50:00,64.55773989436732,63.114861914341276,4.182661476833512
2012-05-30 02:55:00,64.55635007263571,63.11469964260968,4.182734913264947
2012-05-30 03:00:00,64.5549602509041,63.11453348248798,4.1828133560865774
2012-05-30 03:05:00,64.55356979634227,63.20319298240245,4.393325088534751
2012-05-30 03:10:00,64.55217934178046,63.20302663243165,4.393413966023583
2012-05-30 03:15:00,64.55078952004887,63.202860247303626,4.393502112241936
2012-05-30 03:20:00,64.54939969831726,63.20269334887999,4.393591214737069
2012-05-30 03:25:00,64.54800987658568,63.202527448921806,4.3936793890812105
2012-05-30 03:30:00,64.54661942202385,63.20236105676233,4.39376781655744
2012-05-30 03:35:00,64.54522895339913,63.202194833357574,4.3938568628009955
2012-05-30 03:40:00,64.54383913166755,63.202029341223316,4.393943968365209
2012-05-30 03:45:00,64.54244930993595,63.20186311078712,4.394032986482977
2012-05-30 03:50:00,64.54105884131123,63.20169584672823,4.394121357707633
2012-05-30 03:55:00,64.5396683867494,63.20153090304683,4.394209053913384
2012-05-30 04:00:00,64.53827793218758,63.201364735893655,4.3942979876537915
2012-05-30 04:05:00,64.53688811045598,63.39796308946847,4.489295310358463
2012-05-30 04:10:00,64.53549828872438,63.3977931323654,4.4893963663133265
2012-05-30 04:15:00,64.53410783416255,63.39762389246996,4.4894943846831294
2012-05-30 04:20:00,64.53271737960073,63.397455095555635,4.489594906248029
2012-05-30 04:25:00,64.53132692503891,63.39728459703118,4.4896959340771065
2012-05-30 04:30:00,64.52993710330732,63.397114274292875,4.4897969056546065
2012-05-30 04:35:00,64.52854728157571,63.396946060988654,4.489896639697453
2012-05-30 04:40:00,64.52715682701391,63.39677595622522,4.4899963456145136
2012-05-30 04:45:00,64.52576637245208,63.396606835864354,4.49009619216051
2012-05-30 04:50:00,64.52437656478337,63.39643604201913,4.4901980637632155
2012-05-30 04:55:00,64.52298674305179,63.39626663336893,4.490298275944451
2012-05-30 05:00:00,64.52159692132018,63.396097871611865,4.490397222465245
2012-05-30 05:05:00,64.52020646675835,63.68902687722066,4.4423221230959475
2012-05-30 05:10:00,64.51881599813363,63.688851351211675,4.442431673038669
2012-05-30 05:15:00,64.51742617640204,63.688676999454316,4.44254144798769
2012-05-30 05:20:00,64.51603635467043,63.688502331281846,4.442649760395756
2012-05-30 05:25:00,64.51464653293884,63.68832721309676,4.4427591978353265
2012-05-30 05:30:00,64.51325606431412,63.688154499666524,4.44286812901072
2012-05-30 05:35:00,64.51186560975229,63.68797849551914,4.442977369569778
2012-05-30 05:40:00,64.51047578802068,63.68780393281838,4.4430866663804105
2012-05-30 05:45:00,64.50908596628909,63.68762903260816,4.443196131945768
2012-05-30 05:50:00,64.5076961445575,63.6874554754043,4.443305653762702
2012-05-30 05:55:00,64.50630568999568,63.68728025174752,4.443414022422345
2012-05-30 06:00:00,64.50491523543387,63.68710658907194,4.443521997320958
2012-05-30 06:05:00,64.50352541370228,63.96249547108379,4.430997387220008
2012-05-30 06:10:00,64.50213559197067,63.962313940219126,4.431116753062603
2012-05-30 06:15:00,64.50074513740886,63.962132845304204,4.431236850175675
2012-05-30 06:20:00,64.49935468284703,63.961951623823204,4.431356722282447
2012-05-30 06:25:00,64.4979642282852,63.961769024178636,4.431477213156547
2012-05-30 06:30:00,64.49657440655359,63.96158811208131,4.431595819602877
2012-05-30 06:35:00,64.495184584822,63.96140674293994,4.4317162542254
2012-05-30 06:40:00,64.49379413026018,63.96122511363503,4.431835141929606
2012-05-30 06:45:00,64.49240367569836,63.96104369527353,4.4319552952942525
2012-05-30 06:50:00,64.49101320707364,63.96086376054734,4.432074408004761
2012-05-30 06:55:00,64.48962338534203,63.96068060541845,4.432194167608381
2012-05-30 07:00:00,64.48823356361044,63.960499749572705,4.432314827237206
2012-05-30 07:05:00,64.48684310904862,64.07057688205644,4.660917038147029
2012-05-30 07:10:00,64.48545265448679,64.07038633687687,4.661055051386806
2012-05-30 07:15:00,64.4840628327552,64.07019615030107,4.661192445859257
2012-05-30 07:20:00,64.4826730110236,64.07000721532285,4.6613292778159545
2012-05-30 07:25:00,64.48128318929201,64.06981999601764,4.661464562854333
2012-05-30 07:30:00,64.4798927347302,64.0696298445991,4.661602238584659
2012-05-30 07:35:00,64.47850228016837,64.06943983380948,4.6617391549187195
2012-05-30 07:40:00,64.47711245843676,64.06925099727152,4.661876155630142
2012-05-30 07:45:00,64.47572263670516,64.06906229433102,4.662012846957903
2012-05-30 07:50:00,64.47433281497356,64.06887212884959,4.66214956641145
2012-05-30 07:55:00,64.47294236041174,64.06868353841226,4.662285498342944
2012-05-30 08:00:00,64.47155190584992,64.06849468077992,4.662423849092172
2012-05-30 08:05:00,64.47016208411831,64.0894998416425,4.913505539493591
2012-05-30 08:10:00,64.46877226238672,64.08930632919234,4.9136574187466575
2012-05-30 08:15:00,64.4673824406551,64.0891111854465,4.913807947961918
2012-05-30 08:20:00,64.4659919860933,64.08891718782648,4.913959602208684
2012-05-30 08:25:00,64.46460151746858,64.08872291598006,4.914110609562335
2012-05-30 08:30:00,64.46321169573699,64.08852948790725,4.9142632200858785
2012-05-30 08:35:00,64.4618218740054,64.0883358418596,4.914415071213157
2012-05-30 08:40:00,64.46043141944358,64.08814290598806,4.914563856629587
2012-05-30 08:45:00,64.45904095081886,64.087949048997,4.914713851454883
2012-05-30 08:50:00,64.45765049625705,64.08775519200594,4.914865533827437
2012-05-30 08:55:00,64.45626067452544,64.08755975997077,4.915017891218891
2012-05-30 09:00:00,64.45487085279383,64.08736619126901,4.915169207956205
2012-05-30 09:05:00,64.45348038416911,63.996445806949374,5.250617685876019
2012-05-30 09:10:00,64.4520899296073,63.99624951707769,5.2507811529535795
2012-05-30 09:15:00,64.44502828967309,63.996054774124296,5.250945154421102
2012-05-30 09:20:00,64.54224967309551,63.99585816080605,5.251110590303795
2012-05-30 09:25:00,64.60602188703022,63.9956632561294,5.251275238664434
2012-05-30 09:30:00,64.60972468915709,63.99546778893699,5.251438199477816
2012-05-30 09:35:00,64.45150630545162,63.99527106311559,5.251603888492595
2012-05-30 09:40:00,64.61169117391195,63.9950742951055,5.251767974337482
2012-05-30 09:45:00,64.51157508442924,63.994879847472895,5.251933072710724
2012-05-30 09:50:00,64.51111159957529,63.994684556066666,5.252096652291432
2012-05-30 09:55:00,64.66122694387181,63.99448970061014,5.25225955685324
2012-05-30 10:00:00,64.6239579830437,63.99429336854976,5.252425077113295
2012-05-30 10:05:00,64.79513872660841,63.89272898382302,5.493349139321225
2012-05-30 10:10:00,64.69328694555249,63.892534254932535,5.493521409770305
2012-05-30 10:15:00,64.56828694518454,63.88279662912535,5.502072071088992
2012-05-30 10:20:00,64.01620361022601,64.05677979100979,5.351266098077832
2012-05-30 10:25:00,63.86805538351459,64.00102844699553,5.3991294946438275
2012-05-30 10:30:00,63.77430538323861,63.90031976826233,5.486692581042999
2012-05-30 10:35:00,63.748842279767075,63.62486618639184,5.7332543167473835
2012-05-30 10:40:00,63.623842265336215,64.15976225685323,5.264018301757711
2012-05-30 10:45:00,63.66550893212554,63.72391926524774,5.6434150947347135
2012-05-30 10:50:00,63.54513870359232,63.892534254932535,5.493521409770305
2012-05-30 10:55:00,63.31134225035342,64.1426752783675,5.278390157336971
2012-05-30 11:00:00,63.18634225174332,63.83006513686335,5.548604358505012
2012-05-30 11:05:00,62.64467556941924,64.09676772094578,5.371052617783627
2012-05-30 11:10:00,62.64699045533661,63.64377736830434,5.77004411259496
2012-05-30 11:15:00,62.78240712240191,63.59477217726474,5.814932728983354
2012-05-30 11:20:00,63.209490442929564,63.03823523634216,6.347702338725697
2012-05-30 11:25:00,63.21874998659904,63.67504687011432,5.741572659060453
2012-05-30 11:30:00,63.33333332026967,63.66528383968949,5.750447554458649
2012-05-30 11:35:00,63.53472200173775,63.50614850257222,5.896949550695788
2012-05-30 11:40:00,63.55555533513242,63.874520742688674,5.563154812835564
2012-05-30 11:45:00,63.67824045661445,63.71792601851294,5.702751928215716
2012-05-30 11:50:00,63.67824045661445,63.61243217648421,5.798718831196489
2012-05-30 11:55:00,63.964120243340005,63.67504687011432,5.741572659060453
2012-05-30 12:00:00,64.23495358977561,63.541660909524154,5.863957833080581
2012-05-30 12:05:00,64.87037027237567,63.12787917398004,6.276902052984287
2012-05-30 12:10:00,64.96064825667496,63.58892031886423,5.842440705537672
2012-05-30 12:15:00,65.04861136208835,63.76266125795007,5.686548802605503
2012-05-30 12:20:00,65.10069469557499,63.710793853166315,5.732633046224979
2012-05-30 12:25:00,65.23032446777769,63.6316100049261,5.803736921717796
2012-05-30 12:30:00,65.29282448202457,63.797109448382066,5.656159901626822
2012-05-30 12:35:00,65.20601913246925,63.78563872560556,5.666258859427368
2012-05-30 12:40:00,65.02893579861464,63.84858252259216,5.611072914058451
2012-05-30 12:45:00,65.0752322231758,63.86188525370154,5.599485089565255
2012-05-30 12:50:00,65.00231555805236,63.55389764515753,5.874391544005199
2012-05-30 12:55:00,64.75347298972795,64.08529414340184,5.408854379469228
2012-05-30 13:00:00,64.64930630869175,63.93380550127392,5.537291322956715
2012-05-30 13:05:00,64.254630403089,64.15216451128147,5.376689109997002
2012-05-30 13:10:00,64.1331024186977,63.70762518787186,5.752024201734414
2012-05-30 13:15:00,64.07638931337632,63.87518676133916,5.606878065340339
2012-05-30 13:20:00,64.02314885686182,63.76504489735526,5.7017980140033115
2012-05-30 13:25:00,63.83680597933773,63.814565809867815,5.6588869498672
2012-05-30 13:30:00,63.81365775299424,63.86762850437321,5.613330711658431
2012-05-30 13:35:00,63.863426207594976,63.60936558670442,5.839140341242757
2012-05-30 13:40:00,63.915509541081626,63.52204692746243,5.917774671360469
2012-05-30 13:45:00,63.73032443347849,63.90535608429402,5.581207518364461
2012-05-30 13:50:00,63.86574109878592,63.39893616437367,6.030579161468245
2012-05-30 13:55:00,63.85648187856301,63.64606305965418,5.806432806585508
2012-05-30 14:00:00,63.72106521149772,63.73062845390603,5.73184074278815
2012-05-30 14:05:00,63.761574435328356,63.5217110563383,5.885611680077037
2012-05-30 14:10:00,63.86458397927381,63.51974982407427,5.88737494195356
2012-05-30 14:15:00,63.87500064597112,63.799078274608746,5.642404169550832
2012-05-30 14:20:00,63.761574435328356,63.6931543857718,5.733817845027832
2012-05-30 14:25:00,64.0219911168245,63.51974982407427,5.88737494195356
2012-05-30 14:30:00,64.09722267665462,63.8468742747562,5.6017550656312665
2012-05-30 14:35:00,64.12500066076994,63.70862411740733,5.720354621142934
2012-05-30 14:40:00,64.1458339941646,63.625237496008346,5.793387306898115
2012-05-30 14:45:00,64.24537088930317,63.61550354061644,5.8019850789110405
2012-05-30 14:50:00,64.37731555445468,63.64273660869126,5.77796886263629
2012-05-30 14:55:00,64.47916732847916,63.646623026506774,5.774549807517681
2012-05-30 15:00:00,64.70833400988333,63.51974982407427,5.88737494195356
2012-05-30 15:05:00,64.945602465036,63.76934985150038,5.243628512033578
2012-05-30 15:10:00,64.93634292136652,63.87306164011076,5.160346929904129
2012-05-30 15:15:00,64.94675958806386,63.99674632395848,5.06342729399403
2012-05-30 15:20:00,65.0613429217345,63.68046370695794,5.316459985904236
2012-05-30 15:25:00,64.81134290693566,64.13366493620767,4.959201450363606
2012-05-30 15:30:00,64.61574111857232,64.15060257379263,4.946532161211217
2012-05-30 15:35:00,64.48611134636961,63.935126358574315,5.11138609323158
2012-05-30 15:40:00,64.48726879284402,63.83991551895304,5.186763682150953
2012-05-30 15:45:00,64.38310212587072,63.96214014394608,5.090282864779064
2012-05-30 15:50:00,64.14236102454795,64.04265845182071,5.028119417769563
2012-05-30 15:55:00,62.55902772874245,63.99674632395848,5.06342729399403
2012-05-30 16:00:00,59.49652763535001,64.08260944556615,4.997687512461634
2012-05-30 16:05:00,56.873842436194245,64.2854601845777,4.476572244700173
2012-05-30 16:10:00,54.24884235815255,63.978584202084356,4.687989627509223
2012-05-30 16:15:00,54.17592569127123,64.13558621579041,4.577851940204775
2012-05-30 16:20:00,53.26967567454062,63.99618832239529,4.675432672752527
2012-05-30 16:25:00,49.38078662888743,63.83641200209427,4.791328665056465
2012-05-30 16:30:00,45.08449034650737,63.94719415666444,4.710509270625519
2012-05-30 16:35:00,41.094906931115425,63.83641200209427,4.791328665056465
2012-05-30 16:40:00,37.1458329610447,63.962903484853115,4.699219213845697
2012-05-30 16:45:00,33.24305517646594,63.907790434494224,4.73901627515556
2012-05-30 16:50:00,29.903934865506415,63.75645663185853,4.850962731860875
2012-05-30 16:55:00,27.633101412985283,61.263925142624146,7.334178253580123
2012-05-30 17:00:00,26.9143514108695,57.2959584587362,11.748231935076495
2012-05-30 17:05:00,25.43518473984861,58.95600717467429,9.535256433998308
2012-05-30 17:10:00,24.299768069839615,58.291042706836805,10.162967311750625
2012-05-30 17:15:00,20.403934654723642,64.03599010180604,4.365531719613609
2012-05-30 17:20:00,17.42013841839587,62.38485968814572,5.663280591652104
2012-05-30 17:25:00,17.883101482724456,52.70564609147778,14.832588381136153
2012-05-30 17:30:00,18.510416124380995,51.49977482978283,15.919141220314046
2012-05-30 17:35:00,18.73148098984796,52.33579243448668,15.158877330687211
2012-05-30 17:40:00,19.4993379421029,52.75766642320019,14.787158933977905
2012-05-30 17:45:00,19.4993379421029,52.80992334904795,14.741607533404604
2012-05-30 17:50:00,19.03058816572934,54.73286179073472,13.126154939726703
2012-05-30 17:55:00,19.671791996324057,53.483137588528336,14.163879386565881
2012-05-30 18:00:00,21.71345878150393,53.98941762835975,13.738947618475537
2012-05-30 18:05:00,25.52827374895863,52.914106441481216,13.464620780266555
2012-05-30 18:10:00,29.319940497101296,53.53446895095758,12.957718710516474
2012-05-30 18:15:00,32.58035722961723,53.07656717836006,13.330252136298993
2012-05-30 18:20:00,36.48082014937296,53.05840900112765,13.345211623958683
2012-05-30 18:25:00,40.09193125236357,54.58913085959555,12.128335022831829
2012-05-30 18:30:00,43.95800304187892,53.83393293058054,12.71855703828565
2012-05-30 18:35:00,48.02281803116389,53.167775169952314,13.255337638472533
2012-05-30 18:40:00,51.52281818209578,55.99188952534238,11.061773655974008
2012-05-30 18:45:00,55.56101263373983,52.80702408661006,13.55386277930522
2012-05-30 18:50:00,59.81101250562161,52.83370066488279,13.531579224050079
2012-05-30 18:55:00,63.061012318308144,56.26127005004002,10.858169448206857
2012-05-30 19:00:00,64.85267896212315,61.06378341970739,6.450099921784443
2012-05-30 19:05:00,65.43369739719337,63.77815741024733,3.8870695040756638
2012-05-30 19:10:00,65.76355870146838,63.99853269820099,3.7790863927306844
2012-05-30 19:15:00,66.72189203762277,62.879766680787384,4.393615656046498
2012-05-30 19:20:00,66.99272538581624,63.98151137936645,3.7872228033866335
2012-05-30 19:25:00,67.26587358476986,64.11286745616076,3.7252884268542794
2012-05-30 19:30:00,67.25396855764406,64.23504696035903,3.669405215084851
2012-05-30 19:35:00,67.3535054668455,64.28911531349456,3.6451903463722477
2012-05-30 19:40:00,67.41898154099333,64.43860058389716,3.579834903727473
2012-05-30 19:45:00,67.54745354327505,64.09983942258746,3.7313439792400716
2012-05-30 19:50:00,67.54745354327507,64.44315284106126,3.5778817927846167
2012-05-30 19:55:00,67.65856486096901,64.1425559828394,3.711558739257612
2012-05-30 20:00:00,67.8148148333032,64.2491258436717,3.6630699658042225
2012-05-30 20:05:00,67.62731486087704,64.57474408459719,3.3009258122019074
2012-05-30 20:10:00,67.62037021015637,64.40351322791041,3.361660666081596
2012-05-30 20:15:00,67.4641202378222,64.3779602748525,3.370922502002766
2012-05-30 20:20:00,67.52662020988039,64.3007232198001,3.3992395730891105
2012-05-30 20:25:00,67.48495354309108,64.42388595934436,3.3543143087994682
2012-05-30 20:30:00,67.54745354327504,64.11174681227942,3.4706196297533123
2012-05-30 20:35:00,67.55787020997239,64.33172256287297,3.387816551648385
2012-05-30 20:40:00,67.55324048032632,64.42388595934436,3.3543143087994682
2012-05-30 20:45:00,67.73726846490159,64.19636816630143,3.438282357026988
2012-05-30 20:50:00,67.77662023874211,64.33172256287297,3.387816551648385
2012-05-30 20:55:00,67.85995357232075,64.21037364130845,3.432989111925545
2012-05-30 21:00:00,67.63078693310528,64.3779602748525,3.370922502002766
2012-05-30 21:05:00,67.47453693264531,64.1163615227549,3.3820453369123844
2012-05-30 21:10:00,67.31481494433449,64.20693215587423,3.3512020919607353
2012-05-30 21:15:00,67.47106491666865,63.963009269456016,3.4356226700479233
2012-05-30 21:20:00,67.33564827772915,64.20693215587423,3.3512020919607353
2012-05-30 21:25:00,67.17824115424133,64.17685969813189,3.3613780862935307
2012-05-30 21:30:00,67.11574115405736,64.02471461769993,3.413856460529986
2012-05-30 21:35:00,67.01504647493493,64.16178004304466,3.3665054033110007
2012-05-30 21:40:00,66.76504644607321,64.2302399257479,3.343358231684558
2012-05-30 21:45:00,66.49421314006842,64.28159962490815,3.3262064654471146
2012-05-30 21:50:00,66.36111136595196,64.20359721092346,3.352327320345442
2012-05-30 21:55:00,66.04629648614612,64.15003136717216,3.370511429554027
2012-05-30 22:00:00,66.11921315302745,63.85384687196256,3.4748415636048886
2012-05-30 22:05:00,65.98379647189924,63.67143090284096,3.5844044160622683
2012-05-30 22:10:00,65.89351848759993,63.75793866750052,3.5532667503659723
2012-05-30 22:15:00,65.78125004687813,63.97314657676797,3.4781460905163697
2012-05-30 22:20:00,65.63541669905261,63.79332180833263,3.5406898825516517
2012-05-30 22:25:00,65.36574050201277,63.730886441208554,3.5629441588618964
2012-05-30 22:30:00,65.42824050219677,63.71733135850135,3.5678125358157815
2012-05-30 22:35:00,65.1851851662444,63.7983648886162,3.5389052732023365
2012-05-30 22:40:00,65.12731493789514,63.64924725038339,3.5924805531553807
2012-05-30 22:45:00,65.00115780043643,63.67143090284096,3.5844044160622683
2012-05-30 22:50:00,64.88955054072963,63.79332180833263,3.5406898825516517
2012-05-30 22:55:00,64.75992077116372,63.4698411132022,3.6592030356437952
2012-05-30 23:00:00,64.46130975175431,63.74780328680503,3.5568864689162463
2012-05-30 23:05:00,64.1488097508344,63.27836152288972,3.7543881682951987
2012-05-30 23:10:00,64.27380975120236,63.430585972536456,3.6974974767508715
2012-05-30 23:15:00,63.99603176635111,63.61384223471998,3.6313327005048723
2012-05-30 23:20:00,64.42311508687875,63.38513667560361,3.7142943096116343
2012-05-30 23:25:00,64.2501983634515,63.139562392355494,3.807901880899175
2012-05-30 23:30:00,63.78955012878871,63.61053699060093,3.632503970803888
2012-05-30 23:35:00,63.92943127243498,63.24766569925381,3.766084347385142
2012-05-30 23:40:00,63.710681273548914,63.36994562833456,3.7199435146810047
2012-05-30 23:45:00,63.691005063182104,63.291976541650335,3.7492250893387897
2012-05-30 23:50:00,62.990112320497154,63.434902767638185,3.6959107323173566
2012-05-30 23:55:00,62.77714953552556,63.08598602955962,3.828998879489737
2012-05-31 00:00:00,62.513260539216255,63.11367010167013,3.8180666671056103
2012-05-31 00:05:00,62.899834330045316,62.96547460254118,3.801400703534572
2012-05-31 00:10:00,62.49358431478655,63.782891725634606,3.498180285907813
2012-05-31 00:15:00,62.64404743444681,63.37592423911264,3.6424257361425236
2012-05-31 00:20:00,62.32923256870388,64.16600014872004,3.372932539539734
2012-05-31 00:25:00,62.470899293797004,63.03732218362557,3.7725027224310366
2012-05-31 00:30:00,62.33201061778649,63.09215290381277,3.750765524663013
2012-05-31 00:35:00,62.14004614065356,63.62235752786077,3.5536134850755645
2012-05-31 00:40:00,62.07754613871172,63.20842002291559,3.705549720987412
2012-05-31 00:45:00,62.152777698541854,63.42995773385019,3.6225503530107903
2012-05-31 00:50:00,62.84027768650275,62.515005637107585,3.994018444273306
2012-05-31 00:55:00,62.42245355807224,62.918045622827634,3.8207392638211854
2012-05-31 01:00:00,62.495370224953554,62.86674724667365,3.8418950734336286
2012-05-31 01:05:00,61.973379781122084,63.461048436512634,3.76544192627046
2012-05-31 01:10:00,61.7754631138728,63.08472156797911,3.91962587668743
2012-05-31 01:15:00,61.22685210427463,63.505229140889895,3.748187571222728
2012-05-31 01:20:00,60.4490744273352,63.62322873819471,3.702923545884279
2012-05-31 01:25:00,60.63657442612928,63.16387682635622,3.8860833998993436
2012-05-31 01:30:00,61.02777798879308,62.78601001469976,4.051912593604905
2012-05-31 01:35:00,61.156250005137736,63.24244946959027,3.853386721796111
2012-05-31 01:40:00,61.51388867476072,63.02098199753663,3.9470866300443586
2012-05-31 01:45:00,61.13657378070803,63.44741454534854,3.7707999872494393
2012-05-31 01:50:00,59.709490485362466,63.48995742183056,3.7541323642569324
2012-05-31 01:55:00,58.99768479645789,62.16308248437181,4.359382353663261
2012-05-31 02:00:00,58.62384221370262,62.89241341833172,4.003730981877949
2012-05-31 02:05:00,58.99884220074362,62.66515876180776,4.3157689323590835
2012-05-31 02:10:00,58.686342185760815,62.77937802693379,4.2562608972089295
2012-05-31 02:15:00,58.52661985994053,62.67061933908523,4.312889020463072
2012-05-31 02:20:00,58.890045747872676,62.43588319800889,4.440007989543397
2012-05-31 02:25:00,58.23495319241528,63.442503607046554,3.940740622649971
2012-05-31 02:30:00,57.90161985810071,63.38107075901161,3.967905605224446
2012-05-31 02:35:00,56.83564782493348,63.43228953039735,3.945229428037234
2012-05-31 02:40:00,56.10300916826947,63.554176645939116,3.8923780074168826
2012-05-31 02:45:00,56.23958327829345,62.876493032474976,4.2068900709304655
2012-05-31 02:50:00,56.67708322332974,61.23887388330266,5.199024387986808
2012-05-31 02:55:00,57.86226869951181,61.018114878744434,5.361187835290681
2012-05-31 03:00:00,57.86111126710029,62.30244272085303,4.515305813729122
2012-05-31 03:05:00,57.434027946572655,63.348318532477855,4.167529296837928
2012-05-31 03:10:00,57.68402797543437,62.3827670750542,4.724230211102243
2012-05-31 03:15:00,58.184027962843324,62.5176909537106,4.639296407705735
2012-05-31 03:20:00,58.55902797801011,63.11008224963721,4.293834418128118
2012-05-31 03:25:00,58.63310207730293,62.53635138543731,4.627732180748338
2012-05-31 03:30:00,58.726852077578904,62.98082477145359,4.365391118801372
2012-05-31 03:35:00,59.41435209366559,61.85312067405996,5.080071178821798
2012-05-31 03:40:00,59.58101876082288,62.53448646465933,4.628886688077944
2012-05-31 03:45:00,59.303241088871026,63.19187245308961,4.249655977876746
2012-05-31 03:50:00,59.917824438076394,62.04192847978899,4.949101705041008
2012-05-31 03:55:00,59.43402798410157,63.02047633806418,4.343212641488722
2012-05-31 04:00:00,60.16666668295425,62.399684289801634,4.713454293719836
2012-05-31 04:05:00,60.48958333650859,62.70940078347828,5.167656653347904
2012-05-31 04:10:00,60.82291665676026,62.81255565864186,5.091594539009804
2012-05-31 04:15:00,60.76967588207279,63.34887499063844,4.718013849525819
2012-05-31 04:20:00,60.42592587051373,63.73360568805859,4.473949599383382
2012-05-31 04:25:00,60.9166666587941,62.6786981973483,5.190549300659415
2012-05-31 04:30:00,60.906249992096775,63.16733863091412,4.84024739742497
2012-05-31 04:35:00,60.822916672581016,62.99967200587226,4.957018664239171
2012-05-31 04:40:00,60.86111098588422,62.829675663833655,5.079098279702759
2012-05-31 04:45:00,61.333333003240746,62.785882395696355,5.111137264388641
2012-05-31 04:50:00,61.59374967067401,63.067029164336596,4.909668507045388
2012-05-31 04:55:00,62.466434808426705,62.25494492085294,5.518004739125597
2012-05-31 05:00:00,62.244212793563975,63.59652949405291,4.558526289654672
2012-05-31 05:05:00,62.55092589962129,63.45428309471938,4.886483520297511
2012-05-31 05:10:00,62.67592589998926,63.57297490633011,4.801277403025414
2012-05-31 05:15:00,63.093750023146185,63.48645383465731,4.863209909192892
2012-05-31 05:20:00,63.437500034705245,63.4201085822637,4.911352876087679
2012-05-31 05:25:00,63.64120389916932,63.69573598150158,4.715102042986665
2012-05-31 05:30:00,64.02662058103343,63.36862904966963,4.949096389267151
2012-05-31 05:35:00,64.57870391599194,63.07229952383623,5.172757349307403
2012-05-31 05:40:00,65.2083333943457,63.10168300525397,5.150101830511189
2012-05-31 05:45:00,65.28240781708512,63.76932213353671,4.664416870527638
2012-05-31 05:50:00,65.42824116491062,63.70681385733973,4.707425390517799
2012-05-31 05:55:00,65.60763939171405,63.90018738018008,4.57611770414106
2012-05-31 06:00:00,65.9618060717283,63.471327736863294,4.874136130784259
2012-05-31 06:05:00,66.18402808834892,64.1406526686035,4.681009144535151
2012-05-31 06:10:00,66.37152810296375,63.96420748777529,4.809229913219108
2012-05-31 06:15:00,66.33333342402531,64.34753737682807,4.536054122867853
2012-05-31 06:20:00,66.22916674298912,64.16659904517842,4.662505723259889
2012-05-31 06:25:00,66.43865719996357,64.21455217706975,4.628550275532401
2012-05-31 06:30:00,66.62500007748766,64.18323295941447,4.650692920591642
2012-05-31 06:35:00,66.65773843800812,64.16659904517842,4.662505723259889
2012-05-31 06:40:00,66.75959085892572,64.31678683447235,4.557224234443294
2012-05-31 06:45:00,66.78158132941114,64.08101848226448,4.7238806638138895
2012-05-31 06:50:00,66.97949799666041,64.13322225740511,4.686324974644042
2012-05-31 06:55:00,67.02232178647758,64.3799474390927,4.5138892865621925
2012-05-31 07:00:00,67.0327384531749,64.23291418891641,4.615633226317
2012-05-31 07:05:00,66.97718310371158,64.58294647835086,4.674675020286027
2012-05-31 07:10:00,67.01884977050092,64.35290924756875,4.846912505942627
2012-05-31 07:15:00,67.14186611532068,64.37549009239889,4.829685826669899
2012-05-31 07:20:00,67.41269946351417,64.07686993562422,5.062913885867091
2012-05-31 07:25:00,67.35135661448383,64.63566324676304,4.636244000354343
2012-05-31 07:30:00,67.25876373723571,64.56833088469621,4.68540073313756
2012-05-31 07:35:00,67.41352534914138,64.30429674877568,4.884229716559372
2012-05-31 07:40:00,67.48759911092476,64.56833088469621,4.68540073313756
2012-05-31 07:45:00,67.7063490834429,64.19876409667579,4.9663145745520225
2012-05-31 07:50:00,67.58134908307494,64.53716641512433,4.7083699388429325
2012-05-31 07:55:00,67.4135252928898,64.53900394314302,4.707012532081547
2012-05-31 08:00:00,67.5489419318293,64.33592921739042,4.859911541828896
2012-05-31 08:05:00,67.59639547941832,64.58339031734216,4.803724149666523
2012-05-31 08:10:00,67.55472881262901,64.50838216064297,4.861927035768659
2012-05-31 08:15:00,67.44907381335302,64.66183686563893,4.7437050408298
2012-05-31 08:20:00,67.35879580092794,64.60946161460272,4.783680925897256
2012-05-31 08:25:00,67.12731487346808,64.62802270780547,4.76946907792368
2012-05-31 08:30:00,66.97255323343659,64.50838216064297,4.861927035768659
2012-05-31 08:35:00,66.84292347529679,64.64283722109295,4.758160964388213
2012-05-31 08:40:00,66.59292350268665,64.77471019361187,4.658905763075407
2012-05-31 08:45:00,66.44477530410099,64.64283722109295,4.758160964388213
2012-05-31 08:50:00,66.12185862417871,64.42308965501425,4.929058368768593
2012-05-31 08:55:00,65.98412706416461,64.35418132069054,4.984019757849273
2012-05-31 09:00:00,65.8070437584358,64.64283722109295,4.758160964388213
2012-05-31 09:05:00,65.50959021011083,64.6242745387832,4.892352275264926
2012-05-31 09:10:00,65.40542354313754,64.40511229847034,5.0697199608322245
2012-05-31 09:15:00,65.25843307228418,64.45625241960677,5.02770833125793
2012-05-31 09:20:00,65.01537773633181,64.42788181108372,5.050969004500252
2012-05-31 09:25:00,64.87648842045964,64.2129248400933,5.230910171507605
2012-05-31 09:30:00,64.94791672691247,64.21736488942774,5.227126746810577
2012-05-31 09:35:00,64.75462983149794,64.39750871679767,5.075999605430757
2012-05-31 09:40:00,64.51388904395348,64.33642102491247,5.1267377668736325
2012-05-31 09:45:00,64.26620392210347,64.36701977239248,5.101257237718811
2012-05-31 09:50:00,64.3703705873189,63.84080446259609,5.557277788886593
2012-05-31 09:55:00,64.4351854663888,64.08774894104964,5.338629462964852
2012-05-31 10:00:00,64.37152832911408,64.31915924465683,5.141170767915146
2012-05-31 10:05:00,64.26273189030604,63.97876907288629,5.619521085007107
2012-05-31 10:10:00,64.2106485427565,64.07554678607214,5.531874774402412
2012-05-31 10:15:00,62.49305570291353,64.0562651031595,5.549229510386105
2012-05-31 10:20:00,58.38888917885726,63.86538873540309,5.723880272996563
2012-05-31 10:25:00,54.44560220208938,63.822083565699614,5.7642108523715025
2012-05-31 10:30:00,50.46643543933188,64.17900232063164,5.439663114079487
2012-05-31 10:35:00,48.409722299997306,63.91831457685745,5.674940783796806
2012-05-31 10:40:00,47.525463056104314,63.77466222916885,5.808674122473949
2012-05-31 10:45:00,47.51388894996401,63.79444339091211,5.790088630150456
2012-05-31 10:50:00,47.409722284748575,63.86538873540309,5.723880272996563
2012-05-31 10:55:00,47.36342584612452,64.04081304858148,5.563179085390267
2012-05-31 11:00:00,47.39583298330726,64.0562651031595,5.549229510386105
2012-05-31 11:05:00,47.3749996499126,63.653266200425826,6.034463670245924
2012-05-31 11:10:00,47.35624977642343,63.84531008017288,5.851965644138989
2012-05-31 11:15:00,48.93958307222895,60.93511601000055,9.28100240788715
2012-05-31 11:20:00,53.39791624993156,56.084633353692574,16.75955347933115
2012-05-31 11:25:00,57.65833301351699,56.47493606144229,16.35114555520708
2012-05-31 11:30:00,61.6513884308227,56.96105719614002,15.812447957588626
2012-05-31 11:35:00,63.86435158468013,60.24790363985941,10.39843483053428
2012-05-31 11:40:00,64.60046260889314,62.08780493624215,7.72886478721487
2012-05-31 11:45:00,64.74398136612206,63.633701811159085,6.053355030509622
2012-05-31 11:50:00,65.23009266909916,63.54728364822739,6.137452710492212
2012-05-31 11:55:00,65.24513910763122,63.8202691078582,5.875458158248538
2012-05-31 12:00:00,65.203472426779,63.96583642792166,5.7401798700582605
2012-05-31 12:05:00,65.40138910809117,63.526245425501465,6.193159798579661
2012-05-31 12:10:00,65.34027798039347,63.72109034892039,6.007109569875595
2012-05-31 12:15:00,65.70486132886292,63.59616996562568,6.125735141740795
2012-05-31 12:20:00,65.4965280230421,64.20615568022438,5.569296669200622
2012-05-31 12:25:00,65.15162056852434,64.10727346201246,5.655518043027892
2012-05-31 12:30:00,65.06481523303192,63.96232151308744,5.784755783940064
2012-05-31 12:35:00,64.87731521841708,63.93981013895271,5.805126082493385
2012-05-31 12:40:00,65.12037087781601,63.29083149337466,6.425538824626423
2012-05-31 12:45:00,65.08796312186595,63.78077463080285,5.951264609177309
2012-05-31 12:50:00,64.92129648283445,64.24969655105943,5.531840601570472
2012-05-31 12:55:00,64.98379649708131,63.75212024714575,5.978009758120206
2012-05-31 13:00:00,65.09837984481486,63.80364431340877,5.93000992335854
2012-05-31 13:05:00,65.21296317848548,63.79538438835655,5.9797657354177405
2012-05-31 13:10:00,65.26157417958036,63.55910456518537,6.199763086616161
2012-05-31 13:15:00,65.07754616687929,64.13144743582988,5.682349791270824
2012-05-31 13:20:00,65.02546281932976,63.812480402251516,5.964191164908921
2012-05-31 13:25:00,65.29398159098953,63.48131883929981,6.274113184262755
2012-05-31 13:30:00,65.37731493863106,63.76110826446169,6.011129954333195
2012-05-31 13:35:00,65.49074114927384,63.57073558385687,6.188727427585225
2012-05-31 13:40:00,65.49074114927384,63.640306153912626,6.123161154036564
2012-05-31 13:45:00,65.61111139186997,63.66725948993538,6.097965595361754
2012-05-31 13:50:00,65.18750005919318,63.92570791826777,5.862234650451394
2012-05-31 13:55:00,65.26736137679517,63.79538438835655,5.9797657354177405
2012-05-31 14:00:00,65.11111136227231,63.93133409534854,5.8572234507480525
2012-05-31 14:05:00,64.91319468096016,64.03690364145032,5.652686001222385
2012-05-31 14:10:00,64.89236134756548,63.69126788020972,5.956314734970697
2012-05-31 14:15:00,64.78472267867842,63.88863403087104,5.780492392677559
2012-05-31 14:20:00,64.78472267867842,63.7787910877578,5.877548269902817
2012-05-31 14:25:00,64.6921298014303,63.98017240202739,5.701149208334843
2012-05-31 14:30:00,64.65046313464099,63.951665784226925,5.7257068741467725
2012-05-31 14:35:00,64.4004628157321,63.81167651802164,5.848282009736383
2012-05-31 14:40:00,64.66087949722824,63.69126788020972,5.956314734970697
2012-05-31 14:45:00,64.54513902646686,63.91924886630155,5.753799810831694
2012-05-31 14:50:00,65.00347237521227,63.26324146335074,6.359652704621119
2012-05-31 14:55:00,64.91087949796417,63.98017240202739,5.701149208334843
2012-05-31 15:00:00,65.02546284569769,63.7263587167627,5.924582883885461
2012-05-31 15:05:00,65.13310151458477,64.00396022987533,5.056648922929687
2012-05-31 15:10:00,65.1145830741389,63.950421154842395,5.098813528662764
2012-05-31 15:15:00,65.05208307395493,64.00396022987533,5.056648922929687
2012-05-31 15:20:00,64.84953663750771,64.0748149319843,5.00158616851048
2012-05-31 15:25:00,64.5289348487764,64.12364637597098,4.964130607144507
2012-05-31 15:30:00,63.72685148495618,64.17989007596016,4.921488566166837
2012-05-31 15:35:00,63.03240716444759,63.67609263260186,5.322422737253825
2012-05-31 15:40:00,60.03240707123913,64.41895696428674,4.746183541485116
2012-05-31 15:45:00,58.018518031105394,64.02173304162888,5.042757793312168
2012-05-31 15:50:00,57.16435133379853,64.33460062549842,4.806940530359648
2012-05-31 15:55:00,56.145832862283186,64.12364637597098,4.964130607144507
2012-05-31 16:00:00,54.59672559834481,64.21457941689505,4.895452665209971
2012-05-31 16:05:00,50.822420181683036,64.3083860976645,4.497308825385471
2012-05-31 16:10:00,47.37218854160344,64.03726979701626,4.687765043095198
2012-05-31 16:15:00,43.62566075748464,64.01491502726691,4.704009485487403
2012-05-31 16:20:00,40.67195711432634,63.840238192051345,4.833811626579442
2012-05-31 16:25:00,37.349040367563525,63.67934682841644,4.957928983480788
2012-05-31 16:30:00,33.96015133744509,62.84751668853253,5.673204438299021
2012-05-31 16:35:00,30.96676505131769,62.50010830568062,6.012035407813556
2012-05-31 16:40:00,29.779265047822047,58.14863965038203,11.197287244503386
2012-05-31 16:45:00,28.12185783554133,60.345108555633196,8.708008056108625
2012-05-31 16:50:00,24.996857770090685,62.925710102104055,5.600409921713279
2012-05-31 16:55:00,21.54894103702281,62.37880086613711,6.136617290222986
2012-05-31 17:00:00,18.910548204257072,61.49300377273449,7.158056315397418
2012-05-31 17:05:00,18.53554820315318,53.95993955288686,14.016650057461282
2012-05-31 17:10:00,17.97304820149735,54.67436144630287,13.42665338581775
2012-05-31 17:15:00,18.000825904354798,53.37108439445907,14.510752531284995
2012-05-31 17:20:00,17.111936937847187,56.38085783322498,12.030373242113606
2012-05-31 17:25:00,16.934853603992572,54.35887358671412,13.686168453003544
2012-05-31 17:30:00,17.351520496892082,52.29001192124755,15.444143131469346
2012-05-31 17:35:00,17.488425130624822,53.09995298323145,14.741329313113617
2012-05-31 17:40:00,18.03009179888599,52.859393965620846,14.947762918862239
2012-05-31 17:45:00,17.95138796994711,53.98432455448867,13.996362926861904
2012-05-31 17:50:00,18.034721303525753,53.484251932233256,14.415127047239958
2012-05-31 17:55:00,18.920137972798823,51.20032395677692,16.429455173106895
2012-05-31 18:00:00,18.905091801461733,52.38080713878091,15.364214593234996
2012-05-31 18:05:00,19.540508469998873,52.39138181615301,14.367120209157173
2012-05-31 18:10:00,20.256943607291632,52.31277097106794,14.434268333252307
2012-05-31 18:15:00,23.87599117295625,53.42093364038468,13.51102467346216
2012-05-31 18:20:00,28.056546900197574,52.53696252409136,14.24347395919821
2012-05-31 18:25:00,32.15492675439756,53.550094176009885,13.406352811091898
2012-05-31 18:30:00,36.22089889483616,53.88519431605022,13.137173442027203
2012-05-31 18:35:00,40.25214899108031,53.593399113675616,13.371377044167469
2012-05-31 18:40:00,43.93154728443827,55.08216759107534,12.19701926494279
2012-05-31 18:45:00,47.869047380406464,53.593399113675616,13.371377044167469
2012-05-31 18:50:00,51.764880809585314,53.76784149232571,13.231070146411321
2012-05-31 18:55:00,55.33779755708406,54.57479312059666,12.592289296167188
2012-05-31 19:00:00,59.680390249962386,52.256354016227135,14.482645587957848
2012-05-31 19:05:00,63.19080701134005,55.4314454343831,10.551173045153893
2012-05-31 19:10:00,66.82853863790868,55.701416825626744,10.359927139705587
2012-05-31 19:15:00,67.16319471570928,63.9459032603593,3.7318223145098677
2012-05-31 19:20:00,67.28819468795145,64.51843667969911,3.4720811019288362
2012-05-31 19:25:00,67.075231596233,64.78741323370939,3.3622277382112853
2012-05-31 19:30:00,66.93981495729349,64.85953710495257,3.334007982350053
2012-05-31 19:35:00,66.91319471497336,64.69986357737379,3.3971762653104194
2012-05-31 19:40:00,66.68171316874616,64.68723567531787,3.4022811942009556
2012-05-31 19:45:00,66.64004650195685,64.55187679268322,3.4580187706421666
2012-05-31 19:50:00,66.5567131683782,64.55187679268322,3.4580187706421666
2012-05-31 19:55:00,66.57754651583575,64.33090770255447,3.5531387358436883
2012-05-31 20:00:00,66.5416667579719,64.65825749353097,3.414056069244617
2012-05-31 20:05:00,66.76736138121072,64.31990749607881,3.344240354824103
2012-05-31 20:10:00,66.70486138102673,64.61064644153137,3.239270710677576
2012-05-31 20:15:00,66.81365783389766,64.42754416803497,3.3045223129145147
2012-05-31 20:20:00,66.67476917898149,64.6263564236446,3.2338048716804955
2012-05-31 20:25:00,66.76851917925747,64.3694146339869,3.325843924044888
2012-05-31 20:30:00,66.79166737747516,64.56323601077474,3.2558919401834285
2012-05-31 20:35:00,66.78240783380568,64.570285725375,3.2534081940687263
2012-05-31 20:40:00,67.0011578485125,64.23645668108536,3.375748338702899
2012-05-31 20:45:00,67.0324078486045,64.40218574698703,3.313786764533931
2012-05-31 20:50:00,67.19212983691534,64.33645568291426,3.3380665616272203
2012-05-31 20:55:00,67.23379650370467,64.28666746994773,3.356714858834435
2012-05-31 21:00:00,67.20254650361268,64.51540886834898,3.2728518604236183
2012-05-31 21:05:00,67.10995365449035,64.49234146145618,3.263694975878897
2012-05-31 21:10:00,67.25578696012717,64.3428365100337,3.3140999451789104
2012-05-31 21:15:00,67.21180540038903,64.42064330916561,3.2876526905154293
2012-05-31 21:20:00,67.3506940553052,64.24279569922153,3.348804199812696
2012-05-31 21:25:00,67.50694402763936,64.3428365100337,3.3140999451789104
2012-05-31 21:30:00,67.18171248113622,64.42407935225994,3.2864957643680914
2012-05-31 21:35:00,67.01504581397892,64.38273246161278,3.300480370040716
2012-05-31 21:40:00,66.95254581379494,64.40516412726545,3.292876183663614
2012-05-31 21:45:00,66.9733791471896,64.27984660081833,3.335858926369434
2012-05-31 21:50:00,66.89004581361097,64.41032857032256,3.291131541058485
2012-05-31 21:55:00,67.00462914728159,64.18410941520783,3.369537011642457
2012-05-31 22:00:00,66.99421248058428,64.29565581071024,3.3303678726037655
2012-05-31 22:05:00,67.04050890514544,64.15416636421425,3.4442576665407434
2012-05-31 22:10:00,66.9884255716588,64.35458757659815,3.3756903714546453
2012-05-31 22:15:00,66.79398090632328,64.15416636421425,3.4442576665407434
2012-05-31 22:20:00,66.64814760068646,64.2492522268983,3.411353490439455
2012-05-31 22:25:00,66.20023094676414,64.36949598782756,3.3707079866207033
2012-05-31 22:30:00,66.19212917301563,63.72885314364524,3.600252467666864
2012-05-31 22:35:00,66.21759229230791,63.9315625540898,3.524044394553989
2012-05-31 22:40:00,66.14467562542661,64.11126842075805,3.4593288135772244
2012-05-31 22:45:00,66.23842559757679,64.11126842075805,3.4593288135772244
2012-05-31 22:50:00,66.09953692859771,64.0853956212435,3.4684874137949904
2012-05-31 22:55:00,66.00578692832174,64.15758586934545,3.443062615888308
2012-05-31 23:00:00,65.8888887017023,64.08020921194628,3.4703296950717886
