timestamp,actual,predicted_mean,predicted_std
2012-05-01 02:55:00,56.570602,58.64582433437628,5.297342110492074
2012-05-01 03:00:00,55.875,58.50502282863085,4.952267352423476
2012-05-01 03:05:00,55.3125,58.60651690628996,4.9172635529576985
2012-05-01 03:10:00,55.599537,58.41841315005328,4.988697115581941
2012-05-01 03:15:00,55.839123,58.49018082603135,5.675818709979997
2012-05-01 03:20:00,56.422455,58.771283357287246,6.446261971111585
2012-05-01 03:25:00,56.288197,58.33392123360804,5.434652359396743
2012-05-01 03:30:00,57.297455,58.308247582554344,5.393925776569913
2012-05-01 03:35:00,57.005787,58.695457041457395,4.890706918768549
2012-05-01 03:40:00,56.10764,58.41841315005328,4.988697115581941
2012-05-01 03:45:00,55.42014,60.07955409686036,4.609264058579403
2012-05-01 03:50:00,55.26389,58.79407078401136,4.864223417769222
2012-05-01 03:55:00,55.815968,58.301480062649745,5.382773246973926
2012-05-01 04:00:00,56.374004,59.08727429184591,5.323322668759602
2012-05-01 04:05:00,57.113586,59.0329991551458,4.861377958146682
2012-05-01 04:10:00,56.92609,59.90888366130249,3.921712802982555
2012-05-01 04:15:00,57.152943,59.02991395810323,4.7982338423256
2012-05-01 04:20:00,57.773315,59.029564698910285,4.718951797847627
2012-05-01 04:25:00,58.402943,59.0868283573998,5.3199553971522295
2012-05-01 04:30:00,57.47586,60.717629662928,3.776442132457339
2012-05-01 04:35:00,57.699238,59.13411342975035,4.346984912644435
2012-05-01 04:40:00,58.509426,59.1575913643284,6.2826533238328635
2012-05-01 04:45:00,59.134426,59.153294351813884,4.3199739329506395
2012-05-01 04:50:00,59.17609,59.35639685005853,4.139092027288878
2012-05-01 04:55:00,59.63327,59.4482812414092,4.086801143855287
2012-05-01 05:00:00,59.866894,61.480739193055115,2.9301265987774325
2012-05-01 05:05:00,60.06482,62.22431925026444,2.593149272094333
2012-05-01 05:10:00,60.39121,61.806657590982894,2.7253392483150005
2012-05-01 05:15:00,60.79977,61.299622183843525,3.1046236209439875
2012-05-01 05:20:00,60.85648,62.11204289739857,2.6191469936682767
2012-05-01 05:25:00,61.392365,61.60439964200898,2.837829516688249
2012-05-01 05:30:00,62.087967,60.98435650096684,3.52960435492341
2012-05-01 05:35:00,62.395832,61.77491984486131,2.74029980678733
2012-05-01 05:40:00,62.872684,61.47091751321067,2.938346442958554
2012-05-01 05:45:00,62.653934,62.835207756987195,2.521061530861975
2012-05-01 05:50:00,63.070602,61.76596242724249,2.7446855581946394
2012-05-01 05:55:00,63.042828,62.961223278228054,2.515653680081033
2012-05-01 06:00:00,63.37268,64.40703562644453,1.966425367804607
2012-05-01 06:05:00,63.0706,65.31611830624577,1.7957064091911816
2012-05-01 06:10:00,63.22801,65.1419316031863,1.811050775984058
2012-05-01 06:15:00,63.40509,64.56567296726485,1.9172110330059446
2012-05-01 06:20:00,63.56134,64.78384723686702,1.8650831045602263
2012-05-01 06:25:00,63.59259,65.44247918154524,1.7881254939388385
2012-05-01 06:30:00,63.7963,64.80559627613589,1.8607727114905035
2012-05-01 06:35:00,63.973385,65.04229356577957,1.8227523237048622
2012-05-01 06:40:00,64.26042,65.03572687287777,1.8236057420437122
2012-05-01 06:45:00,64.5625,64.7560377703155,1.8708158120803036
2012-05-01 06:50:00,64.760414,65.34745801422686,1.793567003788281
2012-05-01 06:55:00,64.954865,65.41770417866728,1.7893974329033435
2012-05-01 07:00:00,65.041664,66.38016876151913,1.7880711261618198
2012-05-01 07:05:00,65.479164,65.30411250665412,2.0221743682115885
2012-05-01 07:10:00,65.547455,66.75779155697592,1.7460149433747756
2012-05-01 07:15:00,65.859955,66.0516749441928,1.8392470918914074
2012-05-01 07:20:00,65.97454,66.27849013010452,1.8023158397643506
2012-05-01 07:25:00,65.977516,66.66271312918842,1.7551169622210085
2012-05-01 07:30:00,66.13492,66.48241934491485,1.7750664503220264
2012-05-01 07:35:00,66.13492,66.7015588984511,1.7512853096925773
2012-05-01 07:40:00,66.183525,67.10633413366216,1.720051956357419
2012-05-01 07:45:00,66.23562,66.77945615930433,1.7440699417148027
2012-05-01 07:50:00,66.227516,67.17199714642004,1.7163434731748508
2012-05-01 07:55:00,66.17658,67.2464559606061,1.7125548920899594
2012-05-01 08:00:00,66.1546,66.29395662784096,2.0903520649598115
2012-05-01 08:05:00,66.19163,66.50193819275206,2.079998066724512
2012-05-01 08:10:00,65.99371,66.6279458777642,2.0746900657408722
2012-05-01 08:15:00,65.86871,66.83983509883417,2.067062370465384
2012-05-01 08:20:00,65.74024,66.29395662784096,2.0903520649598115
2012-05-01 08:25:00,65.77199,66.26445517376449,2.092007678735998
2012-05-01 08:30:00,65.77778,66.68892664559245,2.0723421046552692
2012-05-01 08:35:00,65.7743,66.29395662784096,2.0903520649598115
2012-05-01 08:40:00,65.7743,66.92518043361827,2.0643671602369857
2012-05-01 08:45:00,65.8368,66.58584519202189,2.0763920515964474
2012-05-01 08:50:00,65.86574,66.76424329874426,2.069618479289933
2012-05-01 08:55:00,65.898155,66.67014263055265,2.073051555933828
2012-05-01 09:00:00,66.05555,65.58418439396898,2.097733681144148
2012-05-01 09:05:00,65.956024,65.99708554245692,2.103373214310213
2012-05-01 09:10:00,66.09492,65.25081222202347,2.1029773901917443
2012-05-01 09:15:00,66.13657,65.70310044405332,2.098208201321849
2012-05-01 09:20:00,66.28588,65.20156089043466,2.1047144740447075
2012-05-01 09:25:00,66.054405,65.75443893457553,2.0987297611232676
2012-05-01 09:30:00,66.01273,66.05414017056553,2.1049087146101315
2012-05-01 09:35:00,65.93734,65.6519879098693,2.097873524263918
2012-05-01 09:40:00,65.796135,66.25373859511829,2.111295823253102
2012-05-01 09:45:00,65.666504,66.17351255395319,2.1085575860841197
2012-05-01 09:50:00,65.635254,66.21356162378903,2.1098986233038364
2012-05-01 09:55:00,65.477844,66.13802070541131,2.107415877601046
2012-05-01 10:00:00,65.25562,65.70609214038686,2.044893705414147
2012-05-01 10:05:00,65.13062,65.20605040789933,2.021578028611002
2012-05-01 10:10:00,64.99174,65.32295821762426,2.0251702774915707
2012-05-01 10:15:00,64.845894,65.41742556049867,2.028987429473744
2012-05-01 10:20:00,64.512566,65.31121068351635,2.024750377274302
2012-05-01 10:25:00,64.55887,64.56494500275689,2.030516536182422
2012-05-01 10:30:00,64.517204,65.45307121125397,2.0306235212868855
2012-05-01 10:35:00,64.62732,64.9791614509221,2.0187088785819407
2012-05-01 10:40:00,64.43519,65.2916574200604,2.0240808748152554
2012-05-01 10:45:00,64.31481,65.26044755686847,2.0230855810550126
2012-05-01 10:50:00,64.32523,65.6331684111398,2.0403429518830243
2012-05-01 10:55:00,64.523155,65.1365085768976,2.0200911403725543
2012-05-01 11:00:00,64.40278,64.78393564940484,1.8441895010975233
2012-05-01 11:05:00,64.298615,64.63561309971622,1.8468825232639532
2012-05-01 11:10:00,64.4757,64.69901500632285,1.8453176361792398
2012-05-01 11:15:00,64.37153,64.76266161984617,1.8443706281254626
2012-05-01 11:20:00,64.74537,64.1043001789644,1.886747988740673
2012-05-01 11:25:00,64.9375,64.55842858336024,1.8496519866732155
2012-05-01 11:30:00,64.78125,65.11791705197362,1.8495917296717828
2012-05-01 11:35:00,64.75579,65.15071062700035,1.8508917500010618
2012-05-01 11:40:00,64.797455,64.50947381946533,1.851914650427889
2012-05-01 11:45:00,64.953705,64.69901500632285,1.8453176361792398
2012-05-01 11:50:00,64.57523,65.45027740472817,1.8681658391059355
2012-05-01 11:55:00,64.47106,65.58616703029479,1.8788106122337955
2012-05-01 12:00:00,64.58449,64.34522547187326,1.710468741890196
2012-05-01 12:05:00,64.74653,64.25064825120232,1.7181280565154022
2012-05-01 12:10:00,64.673615,65.14849636762669,1.7042040015398936
2012-05-01 12:15:00,64.81944,64.37228423290671,1.7085771882794993
2012-05-01 12:20:00,64.76389,65.14494957109777,1.7040351424932896
2012-05-01 12:25:00,64.70139,65.05308007340281,1.7001837454870383
2012-05-01 12:30:00,64.916664,64.55552986853456,1.6991487625078558
2012-05-01 12:35:00,64.858795,64.97591352140644,1.6977491668161655
2012-05-01 12:40:00,64.99999,64.55552986853456,1.6991487625078558
2012-05-01 12:45:00,64.853004,65.08479516381156,1.701400345026668
2012-05-01 12:50:00,64.76273,64.21016463967693,1.7219135223934245
2012-05-01 12:55:00,64.648155,65.14849636762669,1.7042040015398936
2012-05-01 13:00:00,64.56249,64.58358697919785,1.6392084960252433
2012-05-01 13:05:00,64.56713,64.63104473784914,1.6387810303055792
2012-05-01 13:10:00,64.53588,64.83015183494143,1.6404653929908681
2012-05-01 13:15:00,64.41088,64.70607145424736,1.638778827409294
2012-05-01 13:20:00,64.25347,64.87888558232615,1.641662930431325
2012-05-01 13:25:00,64.24157,64.76789782272867,1.63936623675019
2012-05-01 13:30:00,64.26934,65.10548408334868,1.6507429722348144
2012-05-01 13:35:00,64.21726,64.70607145424736,1.638778827409294
2012-05-01 13:40:00,64.14898,64.87888558232615,1.641662930431325
2012-05-01 13:45:00,64.13972,64.54981322658134,1.6397233729662128
2012-05-01 13:50:00,64.47999,63.86716305177949,1.694825871524862
2012-05-01 13:55:00,64.500824,64.70607145424736,1.638778827409294
2012-05-01 14:00:00,64.68022,64.1897241059675,1.828812988336626
2012-05-01 14:05:00,64.564476,64.49463681603115,1.8194901384091955
2012-05-01 14:10:00,64.59342,64.58788752228013,1.8191339441723924
2012-05-01 14:15:00,64.47735,64.1961578685419,1.8284613704870558
2012-05-01 14:20:00,64.53522,64.26746171988584,1.8250614040418807
2012-05-01 14:25:00,64.45453,64.58340579283264,1.8191289153384471
2012-05-01 14:30:00,64.2786,65.05856482529045,1.8297478322492964
2012-05-01 14:35:00,64.286705,64.40315459788725,1.8208619197538438
2012-05-01 14:40:00,64.26588,64.5255208879219,1.8192619717575382
2012-05-01 14:45:00,64.33069,64.37304205889765,1.8215582278262799
2012-05-01 14:50:00,64.125824,64.70432327432422,1.8199860422569023
2012-05-01 14:55:00,64.13624,64.61937113798422,1.819230085390089
2012-05-01 15:00:00,63.873516,64.28074114955432,2.925308337982196
2012-05-01 15:05:00,64.083,63.751260178121754,2.9783466485495054
2012-05-01 15:10:00,64.13856,64.24098413777958,2.9281435322563873
2012-05-01 15:15:00,64.31713,63.51712600651806,3.0209584210644294
2012-05-01 15:20:00,64.5,64.00096504371449,2.9486270261519807
2012-05-01 15:25:00,64.71759,63.91795547620625,2.957332842604625
2012-05-01 15:30:00,64.708336,64.07387775106297,2.941732776665099
2012-05-01 15:35:00,64.90278,63.99445710954796,2.9492750188493146
2012-05-01 15:40:00,65.09028,64.03050207048655,2.945756006998798
2012-05-01 15:45:00,65.11921,64.12838816005325,2.936982961415063
2012-05-01 15:50:00,65.19444,63.70397571397828,2.985427765945556
2012-05-01 15:55:00,65.19444,64.21595867226937,2.9300026283783756
2012-05-01 16:00:00,65.47222,60.87452092288123,9.854563879146014
2012-05-01 16:05:00,65.513885,62.31827617020199,8.488263370125612
2012-05-01 16:10:00,65.42129,62.41110354116184,8.394159453218242
2012-05-01 16:15:00,65.49421,61.70749924907671,9.108255193697453
2012-05-01 16:20:00,65.21759,62.60476950204409,8.202142700468055
2012-05-01 16:25:00,65.08218,62.62409638823804,8.1833901490176
2012-05-01 16:30:00,65.28472,61.884261440143455,8.931980174627727
2012-05-01 16:35:00,65.20718,62.64342571467737,8.164718874797776
2012-05-01 16:40:00,65.28009,62.66759781747743,8.141490972656738
2012-05-01 16:45:00,65.28819,62.13919360431902,8.671699626745191
2012-05-01 16:50:00,65.47338,61.61524503260489,9.198147959125347
2012-05-01 16:55:00,65.49421,62.13919360431902,8.671699626745191
2012-05-01 17:00:00,65.5,59.57281296365843,22.594020500098797
2012-05-01 17:05:00,65.34144,59.92253637434258,21.836220320878297
2012-05-01 17:10:00,65.41204,59.04085438661442,23.64498561792595
2012-05-01 17:15:00,65.547455,59.110936765345144,23.512820266673867
2012-05-01 17:20:00,65.81481,57.70197902404101,25.882217357758677
2012-05-01 17:25:00,65.71065,59.110936765345144,23.512820266673867
2012-05-01 17:30:00,64.37731,60.33994525683821,20.853177660516597
2012-05-01 17:35:00,61.38773,59.61718011074092,22.501040060297168
2012-05-01 17:40:00,57.356487,60.66004586872118,20.042391847393503
2012-05-01 17:45:00,53.810184,59.3528167579019,23.042456961681598
2012-05-01 17:50:00,49.54977,59.84843277532831,22.00165910768945
2012-05-01 17:55:00,45.539352,59.45510945592762,22.8365082620985
2012-05-01 18:00:00,41.695602,59.15779681963855,30.398156761011773
2012-05-01 18:05:00,37.604168,58.168186646778956,33.28832055151499
2012-05-01 18:10:00,33.94097,59.15779681963855,30.398156761011773
2012-05-01 18:15:00,30.420137,59.70693186484647,28.23516793669478
2012-05-01 18:20:00,26.288193,59.6053851179398,28.666560300445525
2012-05-01 18:25:00,22.673609,57.70214722296044,34.29384833002568
2012-05-01 18:30:00,19.813658,43.39459491355655,33.556762615038615
2012-05-01 18:35:00,18.907408,32.051383801821494,21.415031891397692
2012-05-01 18:40:00,18.489584,31.54375983382727,19.88572960706524
2012-05-01 18:45:00,17.850695,31.631598105490912,20.242675706463302
2012-05-01 18:50:00,18.157408,31.49603889953285,19.580586846391487
2012-05-01 18:55:00,18.344908,31.51652438122711,19.73733361266612
2012-05-01 19:00:00,18.167826,31.82422813863333,21.778356747717453
2012-05-01 19:05:00,18.527779,31.683897029125088,21.18017045249903
2012-05-01 19:10:00,18.524305,31.926983444879053,22.154522546087424
2012-05-01 19:15:00,20.85764,32.089818690132496,22.69433247542578
2012-05-01 19:20:00,25.008102,31.727298565918517,21.380752155014118
2012-05-01 19:25:00,28.851852,31.85681533862216,21.901602401313884
2012-05-01 19:30:00,32.92593,31.721618683406337,21.355518148655523
2012-05-01 19:35:00,36.873844,31.79924263677695,21.680811254101737
2012-05-01 19:40:00,41.145832,31.661121128666384,21.066004707197227
2012-05-01 19:45:00,45.302082,31.680918535334936,21.165657504750783
2012-05-01 19:50:00,49.320602,31.787186014810384,21.632684927553456
2012-05-01 19:55:00,53.23727,31.82422813863333,21.778356747717453
2012-05-01 20:00:00,57.122684,32.271275751988135,23.05175564650432
2012-05-01 20:05:00,60.960648,32.40304437422833,23.447119663753114
2012-05-01 20:10:00,64.57523,32.57441884653853,23.92774624028921
2012-05-01 20:15:00,65.6169,53.173448169722114,24.243524257875553
2012-05-01 20:20:00,65.5706,65.07665567713336,2.914466201664883
2012-05-01 20:25:00,65.49306,64.99112691600196,2.9775170986289985
2012-05-01 20:30:00,65.43519,64.56179057395026,3.3441915588828945
2012-05-01 20:35:00,65.56019,64.9323302345437,3.0226310498038456
2012-05-01 20:40:00,65.454865,64.5305047738823,3.3745708337520326
2012-05-01 20:45:00,65.44445,64.30781035394791,3.606850493038118
2012-05-01 20:50:00,65.30555,65.18285300511697,2.8401828477971214
2012-05-01 20:55:00,65.232635,65.05026449009756,2.933604534400237
2012-05-01 21:00:00,65.390045,64.89990897124075,1.9917595354811912
2012-05-01 21:05:00,65.41088,65.40111427799671,1.8549348360699696
2012-05-01 21:10:00,65.46296,65.23119374690374,1.894849440226464
2012-05-01 21:15:00,65.37963,65.1472294278275,1.9168320977589988
2012-05-01 21:20:00,65.31713,65.57331600090805,1.8199657637436186
2012-05-01 21:25:00,65.259254,65.38211187212104,1.8591159851404357
2012-05-01 21:30:00,65.478004,65.1472294278275,1.9168320977589988
2012-05-01 21:35:00,65.34143,66.18741821437385,1.7293996760196846
2012-05-01 21:40:00,65.478004,64.93608975519878,1.979757073611185
2012-05-01 21:45:00,65.51968,65.1472294278275,1.9168320977589988
2012-05-01 21:50:00,65.37153,65.26873409614521,1.8855244022370663
2012-05-01 21:55:00,65.29861,65.44396798341077,1.8457497227890924
2012-05-01 22:00:00,65.446754,65.19627761825983,1.865847012621714
2012-05-01 22:05:00,65.42593,65.15360355644185,1.8687646560376987
2012-05-01 22:10:00,65.42014,65.11533208298259,1.8715249518381754
2012-05-01 22:15:00,65.45139,64.55833954778107,1.9309588117756373
2012-05-01 22:20:00,65.420135,65.00130934051036,1.8806120547772343
2012-05-01 22:25:00,65.515045,64.851230941556,1.894754189067873
2012-05-01 22:30:00,65.41088,65.66173423508474,1.8431583972926084
2012-05-01 22:35:00,65.47454,65.26487985836698,1.8614940895610737
2012-05-01 22:40:00,65.50579,65.15360355644185,1.8687646560376987
2012-05-01 22:45:00,65.21644,65.00130934051036,1.8806120547772343
2012-05-01 22:50:00,65.50115,64.4393797512917,1.9495654973730463
2012-05-01 22:55:00,65.53125,64.851230941556,1.894754189067873
2012-05-01 23:00:00,65.21528,64.98490427544733,2.1839980464574773
2012-05-01 23:05:00,65.21991,64.29027506958143,2.203417415355347
2012-05-01 23:10:00,65.069435,64.30757421385012,2.2026381982772474
2012-05-01 23:15:00,65.170135,63.8729003727726,2.229200884868313
2012-05-01 23:20:00,65.03472,64.09791602976796,2.213504470030634
2012-05-01 23:25:00,64.78356,64.4119995379952,2.1983323741775984
2012-05-01 23:30:00,64.51273,64.48661072288294,2.1956435501232816
2012-05-01 23:35:00,64.261246,64.72681956271498,2.1888393301149067
2012-05-01 23:40:00,63.938328,64.48661072288294,2.1956435501232816
2012-05-01 23:45:00,63.56795,63.21529787045563,2.310801562984368
2012-05-01 23:50:00,63.10962,64.6864689111856,2.189806957871292
2012-05-01 23:55:00,63.063328,64.17009271757358,2.2093974109635286
2012-05-02 00:00:00,62.782078,62.685725381477,2.7624904637156273
2012-05-02 00:05:00,62.45453,63.22262965816437,2.730296328662036
2012-05-02 00:10:00,62.62351,62.64735938003218,2.765559417179522
2012-05-02 00:15:00,62.5124,63.14954517311714,2.7337179828807456
2012-05-02 00:20:00,62.54365,62.496274932436684,2.7789544951944
2012-05-02 00:25:00,62.741566,62.38554540123713,2.790258112323521
2012-05-02 00:30:00,62.520504,62.38554540123713,2.790258112323521
2012-05-02 00:35:00,62.459488,62.68023039020105,2.762922068210131
2012-05-02 00:40:00,62.299763,62.206131029664,2.8117247951755235
2012-05-02 00:45:00,62.82407,61.047937784151834,3.1281774033921335
2012-05-02 00:50:00,62.38657,61.9330724233342,2.853657719610794
2012-05-02 00:55:00,62.538193,62.8985889919711,2.747561784193588
2012-05-02 01:00:00,62.181713,60.41739390194228,3.4949642929453533
2012-05-02 01:05:00,62.254627,60.661316053527536,3.4783838565699194
2012-05-02 01:10:00,61.680557,61.66212106902211,3.476256051604025
2012-05-02 01:15:00,61.17014,61.215419152769535,3.4681437859001036
2012-05-02 01:20:00,60.618057,61.124548008412994,3.4678884872800517
2012-05-02 01:25:00,59.828705,61.52686939702784,3.472843208970458
2012-05-02 01:30:00,59.851852,60.35907764101188,3.500428573473575
2012-05-02 01:35:00,59.63773,61.005310645137314,3.4685325340486854
2012-05-02 01:40:00,59.193287,60.38231239289944,3.498174439451995
2012-05-02 01:45:00,58.412037,61.124548008412994,3.4678884872800517
2012-05-02 01:50:00,59.026623,59.57034975475299,3.6609393997047497
2012-05-02 01:55:00,57.967594,61.8176842439699,3.4808652523497337
2012-05-02 02:00:00,58.42824,58.78337500307961,4.326094187039505
2012-05-02 02:05:00,58.682873,59.79925721372941,4.232439824151931
2012-05-02 02:10:00,59.025463,59.135434618652006,4.254680057372396
2012-05-02 02:15:00,59.379627,58.98784043399795,4.275310233008552
2012-05-02 02:20:00,59.827545,58.874060781501726,4.299441367129704
2012-05-02 02:25:00,60.148148,58.73593600984113,4.343587023003837
2012-05-02 02:30:00,60.04398,59.40510210813472,4.236295767876779
2012-05-02 02:35:00,59.368057,59.41517087951255,4.235939002518717
2012-05-02 02:40:00,59.57639,58.660563015947936,4.378223851100479
2012-05-02 02:45:00,59.23264,58.59713032813059,4.4165285534330065
2012-05-02 02:50:00,59.006947,59.99157995025712,4.23504428543738
2012-05-02 02:55:00,59.586807,58.55414972995673,4.449683878148787
2012-05-02 03:00:00,58.978012,59.18286916159497,4.6648255828701615
2012-05-02 03:05:00,58.535885,60.074931515559435,4.640112320425472
2012-05-02 03:10:00,57.390045,59.446106500659816,4.657937296779287
2012-05-02 03:15:00,56.953705,59.258524571242276,4.662620817460291
2012-05-02 03:20:00,55.766205,59.31055895447602,4.66123995009561
2012-05-02 03:25:00,55.078705,58.810191846048205,4.683800752937187
2012-05-02 03:30:00,54.252316,58.75446935456824,4.688897528060807
2012-05-02 03:35:00,54.54861,58.21703617972755,4.949151730193824
2012-05-02 03:40:00,54.444443,58.53368176759252,4.722728941673014
2012-05-02 03:45:00,54.694447,58.20295605288791,5.144651699584174
2012-05-02 03:50:00,54.59259,58.980829082401435,4.6727407004822465
2012-05-02 03:55:00,54.300922,58.97355427330975,4.673108710253673
2012-05-02 04:00:00,54.708332,58.66965308575069,4.783188134865523
2012-05-02 04:05:00,54.131943,59.31222154038187,4.366653765109535
2012-05-02 04:10:00,55.101852,58.473762558424916,5.502377134734889
2012-05-02 04:15:00,55.788197,58.86702023596656,4.570978937547194
2012-05-02 04:20:00,56.916668,58.45589386533471,5.747250700166487
2012-05-02 04:25:00,57.04167,58.52725653475121,5.146462020467189
2012-05-02 04:30:00,58.13889,58.47534017335483,5.486039536152032
2012-05-02 04:35:00,58.01852,58.78451902571636,4.641539589538179
2012-05-02 04:40:00,58.643513,58.80638768892897,4.620955340951861
2012-05-02 04:45:00,59.601852,58.59683861125881,4.923528589994369
2012-05-02 04:50:00,59.76852,59.18510013924549,4.407158782556406
2012-05-02 04:55:00,59.758102,58.89122539333665,4.553451062922748
2012-05-02 05:00:00,60.36574,61.34786049280731,3.163391108463591
2012-05-02 05:05:00,61.282406,60.49577423403064,3.87777809111639
2012-05-02 05:10:00,61.662037,61.614479073698895,3.0662571781781853
2012-05-02 05:15:00,61.432873,62.5059982876372,2.9376688557959665
2012-05-02 05:20:00,61.488422,61.76066740072459,3.0288646084168245
2012-05-02 05:25:00,62.31134,60.42812027402007,3.9619986285404156
2012-05-02 05:30:00,62.056713,61.92683683520102,2.996379898733972
2012-05-02 05:35:00,62.791668,60.668317405866276,3.679103429240429
2012-05-02 05:40:00,62.71875,62.19320938892158,2.960923266864027
2012-05-02 05:45:00,62.635418,62.39020993862629,2.9444225501157946
2012-05-02 05:50:00,62.817127,61.718007845015734,3.038828998113074
2012-05-02 05:55:00,63.363422,61.001339935707996,3.370614550697375
2012-05-02 06:00:00,63.238422,65.69619462379806,2.1092738166461973
2012-05-02 06:05:00,62.997684,65.09544936414879,2.140277527315015
2012-05-02 06:10:00,62.98148,65.3861622047545,2.119935997846726
2012-05-02 06:15:00,63.274303,64.59955404617513,2.204490203595029
2012-05-02 06:20:00,63.267365,64.58934905866839,2.206286476378498
2012-05-02 06:25:00,63.46677,64.69213789047375,2.1891617836944577
2012-05-02 06:30:00,64.087135,63.92340801537144,2.379999504816421
2012-05-02 06:35:00,64.333664,64.8491811502707,2.1668882029261782
2012-05-02 06:40:00,64.646164,64.72328292769419,2.1843842579376087
2012-05-02 06:45:00,64.82325,64.91285590449608,2.1590880512818678
2012-05-02 06:50:00,65.13227,64.91285590449608,2.1590880512818678
2012-05-02 06:55:00,65.273476,64.89512343495194,2.1611926405394315
2012-05-02 07:00:00,65.31515,66.722829352939,2.155764615085434
2012-05-02 07:05:00,65.69477,65.52707161533213,2.361882648413325
2012-05-02 07:10:00,65.72024,66.76455348434249,2.1509354362318382
2012-05-02 07:15:00,65.81283,66.97802146258489,2.1280512452486495
2012-05-02 07:20:00,66.245705,65.78177442981915,2.3044242598258755
2012-05-02 07:25:00,66.21296,66.7287895447321,2.155067476291167
2012-05-02 07:30:00,66.18519,67.31099183218159,2.0978924528542247
2012-05-02 07:35:00,66.18122,67.1263604635326,2.1138286644492053
2012-05-02 07:40:00,66.27728,67.22343950683985,2.1052139455459944
2012-05-02 07:45:00,66.19395,66.93161386983766,2.132775871826004
2012-05-02 07:50:00,66.13492,67.4576337277645,2.086540475847047
2012-05-02 07:55:00,66.183525,66.76455348434249,2.1509354362318382
2012-05-02 08:00:00,65.07589,66.55572292171944,2.543212179633487
2012-05-02 08:05:00,61.194935,66.68460439990231,2.5286397907713205
2012-05-02 08:10:00,57.583828,66.53191731188174,2.5459767922206242
2012-05-02 08:15:00,53.6255,67.03035922246468,2.4923198757407756
2012-05-02 08:20:00,50.130127,67.18456205147304,2.4771661447739484
2012-05-02 08:25:00,46.505127,66.25733473059029,2.5797672779483034
2012-05-02 08:30:00,42.479664,66.8763980148348,2.508048214031701
2012-05-02 08:35:00,38.562996,66.78312830582392,2.5179113891733538
2012-05-02 08:40:00,34.701885,67.30023537888748,2.4661374817367903
2012-05-02 08:45:00,30.806053,66.25733473059029,2.5797672779483034
2012-05-02 08:50:00,27.368553,66.90042774155522,2.5055500554720695
2012-05-02 08:55:00,24.22619,66.6272592565017,2.5350445077502584
2012-05-02 09:00:00,25.042162,62.111804685131915,3.765542706002279
2012-05-02 09:05:00,28.912699,48.87932247291866,19.896265058683486
2012-05-02 09:10:00,32.633762,50.47668271138104,18.69361648348296
2012-05-02 09:15:00,36.5921,48.91852198133844,19.868404309893172
2012-05-02 09:20:00,39.920803,52.47603330878837,16.999422561340058
2012-05-02 09:25:00,43.452053,49.90667782357994,19.138430048483325
2012-05-02 09:30:00,47.264553,48.24624319059308,20.334113970521734
2012-05-02 09:35:00,51.009262,48.801200027111776,19.9515294219076
2012-05-02 09:40:00,54.618057,50.01956769882286,19.05169545011032
2012-05-02 09:45:00,58.516205,48.11535922776633,20.42176509242416
2012-05-02 09:50:00,61.745373,52.398439943782336,17.06909638810711
2012-05-02 09:55:00,64.8831,54.102354171746164,15.460854939732696
2012-05-02 10:00:00,65.1956,64.25909332484005,3.0062877103397585
2012-05-02 10:05:00,65.10185,65.34694982014634,2.926591313679607
2012-05-02 10:10:00,64.84144,65.64973991725554,2.9150186316829387
2012-05-02 10:15:00,64.702545,65.68793520165538,2.9136736040315654
2012-05-02 10:20:00,64.72106,65.2181979345692,2.9322427588033655
2012-05-02 10:25:00,64.50231,64.68539093093447,2.9641981948392195
2012-05-02 10:30:00,64.47106,64.79372526116143,2.9562367496507007
2012-05-02 10:35:00,64.646996,64.85828035801359,2.951906997795436
2012-05-02 10:40:00,64.5949,65.01268342065201,2.94263940570413
2012-05-02 10:45:00,64.61343,65.02085241278958,2.9421872556786113
2012-05-02 10:50:00,64.540504,64.83000404062699,2.9537674290060827
2012-05-02 10:55:00,64.32755,65.3177894070504,2.9278229923039127
2012-05-02 11:00:00,64.180565,65.11091819087322,3.07505872048761
2012-05-02 11:05:00,64.04398,64.78004745587172,3.074401545347173
2012-05-02 11:10:00,63.90741,64.491395665799,3.079018534110053
2012-05-02 11:15:00,63.546295,64.95079095044782,3.0741481751885154
2012-05-02 11:20:00,63.29282,65.04915086297926,3.0745991384685616
2012-05-02 11:25:00,63.348385,63.719960804652466,3.1364967265125965
2012-05-02 11:30:00,63.379635,64.45566037125751,3.0800575891096424
2012-05-02 11:35:00,63.185184,65.24757690167847,3.076454036478436
2012-05-02 11:40:00,63.17477,64.59905384779223,3.076562030316552
2012-05-02 11:45:00,63.17477,64.85300623861322,3.074110585025633
2012-05-02 11:50:00,63.329865,64.34889129897323,3.083904157545247
2012-05-02 11:55:00,63.616898,64.34100822348894,3.084234695828338
2012-05-02 12:00:00,63.73727,64.88743651366015,1.7921283864219804
2012-05-02 12:05:00,63.85764,64.66088027561081,1.7946603375589782
2012-05-02 12:10:00,64.09838,64.43523578444035,1.8071960931762756
2012-05-02 12:15:00,64.452545,64.18353202410883,1.834346292948467
2012-05-02 12:20:00,64.72454,64.55118419945562,1.799429036896366
2012-05-02 12:25:00,65.01157,64.33479426101059,1.8163000479010625
2012-05-02 12:30:00,65.25116,64.86216441277185,1.7919544688727944
2012-05-02 12:35:00,65.30672,64.86216441277185,1.7919544688727944
2012-05-02 12:40:00,65.31598,64.86216441277185,1.7919544688727944
2012-05-02 12:45:00,65.25117,65.09092179665737,1.7972891716295945
2012-05-02 12:50:00,65.34375,65.1165529770574,1.7983802357495735
2012-05-02 12:55:00,65.25116,65.48125258900266,1.8228127142151607
2012-05-02 13:00:00,65.02778,65.24560858046993,1.6110537236266362
2012-05-02 13:05:00,65.12963,65.02115884530521,1.6023497985495914
2012-05-02 13:10:00,65.296295,65.12021815144733,1.6053372448509133
2012-05-02 13:15:00,65.19213,65.17641591965523,1.607646325187931
2012-05-02 13:20:00,65.13889,65.32176200785531,1.6154724146380028
2012-05-02 13:25:00,65.21296,65.14515134749696,1.6063095231661235
2012-05-02 13:30:00,65.16088,65.55144380712765,1.6325160600233417
2012-05-02 13:35:00,65.32755,65.04582813883012,1.6029578275930947
2012-05-02 13:40:00,65.59954,64.92305344517497,1.600878560517079
2012-05-02 13:45:00,65.88831,64.94749862181712,1.6010985460421265
2012-05-02 13:50:00,66.03646,65.3986511580972,1.620590714357655
2012-05-02 13:55:00,66.15683,65.24560858046993,1.6110537236266362
2012-05-02 14:00:00,66.417244,64.70949163986855,1.6198272661600381
2012-05-02 14:05:00,66.232056,65.34043348975558,1.6350540709794155
2012-05-02 14:10:00,66.2691,65.62834580388926,1.657525719567273
2012-05-02 14:15:00,66.46701,64.94606627936751,1.6184479044786766
2012-05-02 14:20:00,66.47395,65.2203553785033,1.6280066200690249
2012-05-02 14:25:00,66.34895,65.39177079353233,1.6385149990561485
2012-05-02 14:30:00,66.30035,65.45007100002162,1.642747222684944
2012-05-02 14:35:00,66.340034,65.5485002036544,1.6505778366021346
2012-05-02 14:40:00,66.35839,65.71929088619741,1.6660484656962644
2012-05-02 14:45:00,66.38839,65.79594093689495,1.6737113331407325
2012-05-02 14:50:00,66.43006,65.87333255517042,1.6818731306338661
2012-05-02 14:55:00,66.309685,65.62834580388926,1.657525719567273
2012-05-02 15:00:00,66.278435,64.99837055819064,2.4576305193226005
2012-05-02 15:05:00,66.435844,64.43804997331965,2.4276921797342537
2012-05-02 15:10:00,66.284225,65.35897388078398,2.4960285814381202
2012-05-02 15:15:00,66.24256,65.09018138615625,2.466256705153952
2012-05-02 15:20:00,66.39071,64.83868008460256,2.4447787630542663
2012-05-02 15:25:00,66.55274,64.64605362653089,2.433467565588433
2012-05-02 15:30:00,66.562004,64.91793830516512,2.4507983662926356
2012-05-02 15:35:00,66.560524,65.28219767904258,2.486887006881814
2012-05-02 15:40:00,66.40906,65.39762730827398,2.5008108170910686
2012-05-02 15:45:00,66.28472,65.51461148507015,2.5159611139131814
2012-05-02 15:50:00,65.90047,65.63303729059926,2.5322568426322927
2012-05-02 15:55:00,65.95602,64.89138533505265,2.448700496981318
2012-05-02 16:00:00,66.03356,62.73475128798162,6.956167961646014
2012-05-02 16:05:00,66.10069,62.6827540498812,6.9822924128022406
2012-05-02 16:10:00,66.13194,62.73475128798162,6.956167961646014
2012-05-02 16:15:00,66.16088,62.80689059701339,6.921330291712251
2012-05-02 16:20:00,66.05903,63.172877178796305,6.768244917076349
2012-05-02 16:25:00,66.17014,62.972983870244775,6.847219564807971
2012-05-02 16:30:00,66.28125,62.77880309083167,6.934700373900587
2012-05-02 16:35:00,66.270836,63.17712245291673,6.766672108465599
2012-05-02 16:40:00,65.15047,62.77880309083167,6.934700373900587
2012-05-02 16:45:00,60.928238,63.005825571509035,6.833522979271154
2012-05-02 16:50:00,57.400463,62.21916691320117,7.246647087564981
2012-05-02 16:55:00,53.844906,62.90777123481136,6.875327394005931
2012-05-02 17:00:00,50.039352,60.45586016483676,21.115928508108766
2012-05-02 17:05:00,46.583332,60.34464543275021,21.3044455484567
2012-05-02 17:10:00,43.61111,60.25158158328466,21.440846483310708
2012-05-02 17:15:00,40.935184,60.33441845336642,21.320373304490186
2012-05-02 17:20:00,37.648148,60.209340240389366,21.496565993092663
2012-05-02 17:25:00,34.395836,60.90341381202446,20.100748780316444
2012-05-02 17:30:00,30.386574,60.65610770578647,20.707689340871482
2012-05-02 17:35:00,26.358795,60.61592720759799,20.79632089254709
2012-05-02 17:40:00,23.738426,44.049685654243895,19.974211450799327
2012-05-02 17:45:00,24.143518,31.559925205973247,17.245668805592565
2012-05-02 17:50:00,23.689817,31.51998671114693,17.135420151076154
2012-05-02 17:55:00,23.319445,31.521885385230473,17.107391477801297
2012-05-02 18:00:00,23.199076,31.004920424937396,18.359733239599162
2012-05-02 18:05:00,23.032408,31.01713215453739,18.550726157360465
2012-05-02 18:10:00,22.458336,31.15636944074242,19.028705223419045
2012-05-02 18:15:00,21.730326,31.40730285491827,19.568642490546736
2012-05-02 18:20:00,21.721064,31.039796382247005,18.663872844323908
2012-05-02 18:25:00,21.262732,31.09595400878926,18.860742050973297
2012-05-02 18:30:00,21.244215,31.013581886777956,18.29557433772343
2012-05-02 18:35:00,21.466436,31.015849045331112,18.28581869655602
2012-05-02 18:40:00,21.29861,31.004920424937396,18.359733239599162
2012-05-02 18:45:00,21.23611,31.005289502779743,18.354460766808145
2012-05-02 18:50:00,21.606482,31.039177375807878,18.224321902127127
2012-05-02 18:55:00,25.162039,31.01286877142275,18.29892404549779
2012-05-02 19:00:00,29.114584,31.120297718693408,19.743915896436576
2012-05-02 19:05:00,32.82755,31.177143538935912,20.053850497984456
2012-05-02 19:10:00,36.457176,31.193979184925485,20.127249518793775
2012-05-02 19:15:00,39.907406,31.25592765468171,20.36562609778585
2012-05-02 19:20:00,43.369213,31.295189941937053,20.499965804095037
2012-05-02 19:25:00,47.098377,31.188849833638614,20.105390497888134
2012-05-02 19:30:00,51.265045,31.113445806351297,19.691792255108883
2012-05-02 19:35:00,55.12616,31.147387794973028,19.908637236271534
2012-05-02 19:40:00,59.30324,31.11436767023535,19.69921475467479
2012-05-02 19:45:00,63.24074,31.127029651068103,19.78964820134055
2012-05-02 19:50:00,67.21296,31.13475773759352,19.837589988967654
2012-05-02 19:55:00,67.38773,62.198364083714324,10.055402571393456
2012-05-02 20:00:00,67.27778,66.5938281914751,1.6885404743861565
2012-05-02 20:05:00,67.03704,66.73354866109979,1.6649307368889206
2012-05-02 20:10:00,66.97454,66.63178330825967,1.6817112066311248
2012-05-02 20:15:00,66.891205,66.56439859483706,1.6940637732502217
2012-05-02 20:20:00,66.54977,66.90017250227244,1.6417559119391976
2012-05-02 20:25:00,66.46644,66.93877077576656,1.6370691870454126
2012-05-02 20:30:00,66.26273,67.17935505736354,1.6128319727132212
2012-05-02 20:35:00,66.0868,66.8359432263901,1.6501029084806775
2012-05-02 20:40:00,65.85532,67.24804652589602,1.6073175447715726
2012-05-02 20:45:00,65.75115,66.7080391221108,1.6689368187505236
2012-05-02 20:50:00,65.5382,67.00746731763591,1.6293054017327153
2012-05-02 20:55:00,65.770836,65.7504759760776,1.969298508265324
2012-05-02 21:00:00,65.62037,66.29548109140798,1.513430713279999
2012-05-02 21:05:00,65.62037,66.01471782101441,1.5357468017877183
2012-05-02 21:10:00,65.618065,66.4714157222072,1.5052651849557819
2012-05-02 21:15:00,65.41782,66.35175549370486,1.5103691398895194
2012-05-02 21:20:00,65.5382,65.84703044821676,1.5553907696836644
2012-05-02 21:25:00,65.547455,66.66156017629199,1.5007660103498137
2012-05-02 21:30:00,65.51968,66.49254032567636,1.5045539758104904
2012-05-02 21:35:00,65.4919,66.29548109140798,1.513430713279999
2012-05-02 21:40:00,65.46411,66.46437425694427,1.5055149429579033
2012-05-02 21:45:00,65.48264,66.40805576705306,1.5077359296949686
2012-05-02 21:50:00,65.55208,66.32361348623725,1.5118453622530212
2012-05-02 21:55:00,65.31135,66.57704764014414,1.5022473802218084
2012-05-02 22:00:00,65.23843,65.27588085540029,1.6999368060054174
2012-05-02 22:05:00,65.29398,65.4409589605933,1.691802162732156
2012-05-02 22:10:00,65.17361,65.86923368464709,1.684774211533332
2012-05-02 22:15:00,65.31829,65.18730991674975,1.7057505756585145
2012-05-02 22:20:00,65.32061,65.62739492407839,1.68644259765768
2012-05-02 22:25:00,65.107635,66.0858650812931,1.6876382363053783
2012-05-02 22:30:00,65.107635,65.81530438041236,1.6846728041325958
2012-05-02 22:35:00,65.18171,65.62739492407839,1.68644259765768
2012-05-02 22:40:00,65.200226,65.788376205884,1.6847198363391545
2012-05-02 22:45:00,65.03356,65.86923368464709,1.684774211533332
2012-05-02 22:50:00,64.8993,65.9367834446965,1.6852570018435535
2012-05-02 22:55:00,65.271996,65.28245711643746,1.6995472197178447
2012-05-02 23:00:00,65.50463,64.16953187649698,2.0228315581863447
2012-05-02 23:05:00,65.38705,64.70240780779224,2.007946743743881
2012-05-02 23:10:00,65.48889,64.62180162238322,2.008337924720684
2012-05-02 23:15:00,65.50741,64.70240780779224,2.007946743743881
2012-05-02 23:20:00,65.551384,64.73610126224311,2.0079547097728736
2012-05-02 23:25:00,65.69028,64.56827808126032,2.0089307189191676
2012-05-02 23:30:00,65.49583,64.91909054601429,2.009642721700495
2012-05-02 23:35:00,65.02361,64.94634172299199,2.010118072600027
2012-05-02 23:40:00,64.63473,64.94634172299199,2.010118072600027
2012-05-02 23:45:00,64.470375,64.48832273673777,2.010336048074928
2012-05-02 23:50:00,64.10926,64.6486271434281,2.0081420968831876
2012-05-02 23:55:00,63.53287,65.47642292061654,2.028949156932214
2012-05-03 00:00:00,63.279392,63.63414926432614,2.506470465592915
2012-05-03 00:05:00,63.369213,63.156619225669054,2.5020576712231213
2012-05-03 00:10:00,63.40625,63.71690231680022,2.509037277378206
2012-05-03 00:15:00,62.54514,63.551893458205576,2.5043829803044932
2012-05-03 00:20:00,62.36366,63.66168032038951,2.507274633994601
2012-05-03 00:25:00,61.854397,63.77233651813595,2.5109988044689016
2012-05-03 00:30:00,61.35092,63.148696394211385,2.502160903245024
2012-05-03 00:35:00,61.462032,62.41225580148103,2.547384643210517
2012-05-03 00:40:00,61.40648,62.634369672946804,2.52528303669571
2012-05-03 00:45:00,61.385647,62.81756803531042,2.51300892878675
2012-05-03 00:50:00,61.654163,62.43664250865712,2.544533917404936
2012-05-03 00:55:00,61.913425,62.609399138917716,2.527352349944064
2012-05-03 01:00:00,61.40764,61.88085807014935,3.011555228468423
2012-05-03 01:05:00,60.935413,62.38643918839213,3.047776791967827
2012-05-03 01:10:00,60.509487,62.81410529002968,3.087959711858789
2012-05-03 01:15:00,61.102077,60.60563689865455,3.202178831038275
2012-05-03 01:20:00,60.74652,62.10278426523559,3.0250075076151393
2012-05-03 01:25:00,60.468746,61.36720523024919,3.0083801354562145
2012-05-03 01:30:00,60.60185,60.94731481104771,3.0640913973571298
2012-05-03 01:35:00,60.879627,61.69808374399641,3.004875053030697
2012-05-03 01:40:00,60.65741,61.49490520503553,3.0040859117935725
2012-05-03 01:45:00,60.435184,61.745094205298585,3.0061284639314922
2012-05-03 01:50:00,60.4537,62.144537175216804,3.028035102999272
2012-05-03 01:55:00,59.685184,62.304504163281734,3.0407275090191104
2012-05-03 02:00:00,59.67593,59.667808690120715,3.7492562858179785
2012-05-03 02:05:00,60.15741,59.973576680230174,3.7217309112985615
2012-05-03 02:10:00,59.666668,60.34947202301526,3.7443316184566964
2012-05-03 02:15:00,59.62616,60.505129123304414,3.7595406814312398
2012-05-03 02:20:00,59.598377,60.00653402984088,3.722299303043241
2012-05-03 02:25:00,59.62523,59.68910411076654,3.7441324825661915
2012-05-03 02:30:00,59.06967,59.989926628383124,3.72196226732868
2012-05-03 02:35:00,58.622913,61.21479560702897,3.835056885834463
2012-05-03 02:40:00,58.38217,59.83795685753845,3.7246778376591134
2012-05-03 02:45:00,58.224766,60.00653402984088,3.722299303043241
2012-05-03 02:50:00,57.724766,60.932732818818664,3.8055884232821504
2012-05-03 02:55:00,57.872913,59.560920750442925,3.7922868756449266
2012-05-03 03:00:00,57.956253,58.899319872692786,4.378659683375733
2012-05-03 03:05:00,57.6044,60.27275879666414,4.552624376025695
2012-05-03 03:10:00,57.400696,58.8659639583233,4.386176469869537
2012-05-03 03:15:00,57.024536,59.50543066081254,4.470832631888357
2012-05-03 03:20:00,57.274536,59.10294345604064,4.404691568385004
2012-05-03 03:25:00,57.55324,58.93477322617834,4.379839130364873
2012-05-03 03:30:00,57.719906,58.89535090629587,4.491830372266388
2012-05-03 03:35:00,57.38889,59.1974680148812,4.421092153483884
2012-05-03 03:40:00,57.641205,58.86180104804731,4.389561661333563
2012-05-03 03:45:00,57.770832,58.95790795396539,4.382158713399335
2012-05-03 03:50:00,57.458332,59.00197078983976,4.3881040115367265
2012-05-03 03:55:00,57.449078,58.92864432368185,4.379377812730569
2012-05-03 04:00:00,57.5668,58.735347057731104,4.678910738543738
2012-05-03 04:05:00,57.938328,59.09528636656321,4.640023255177663
2012-05-03 04:10:00,58.354992,58.768792363703405,4.8609126055777665
2012-05-03 04:15:00,58.272816,58.71845314253877,4.685037579069985
2012-05-03 04:20:00,57.828373,59.34838146728822,4.627971261518444
2012-05-03 04:25:00,57.74967,59.05885421507947,4.642068165972212
2012-05-03 04:30:00,57.96263,58.70027180135349,4.763675072412497
2012-05-03 04:35:00,58.79365,58.68582362023947,4.717419442423214
2012-05-03 04:40:00,58.48115,58.79150760663408,4.6663704584593235
2012-05-03 04:45:00,58.74967,58.863887020235275,4.656862075711382
2012-05-03 04:50:00,59.883595,58.70970331266337,4.778769673786093
2012-05-03 04:55:00,60.26323,58.70919575645854,4.689490960134983
2012-05-03 05:00:00,60.6918,60.49152696191294,3.795699391923488
2012-05-03 05:05:00,60.264713,61.9547615996382,3.3620505948318056
2012-05-03 05:10:00,60.27513,60.36628629275199,3.8940979775230526
2012-05-03 05:15:00,61.033234,60.153183587349275,4.146462784752129
2012-05-03 05:20:00,61.551754,60.207045944304944,4.0676944527211285
2012-05-03 05:25:00,61.697586,60.59817023917699,3.7282515139730172
2012-05-03 05:30:00,62.271664,60.25565815411884,4.006839954611293
2012-05-03 05:35:00,62.14964,62.13831674404849,3.342911060516659
2012-05-03 05:40:00,63.155582,60.01974133876175,4.422309131298634
2012-05-03 05:45:00,63.359295,61.17041224418213,3.502593686750302
2012-05-03 05:50:00,62.81911,62.77355683769847,3.2992090991065433
2012-05-03 05:55:00,63.30589,60.98785535946865,3.5572066750524844
2012-05-03 06:00:00,63.378803,64.70722476316745,2.253127320229552
2012-05-03 06:05:00,63.573242,63.80208164072685,2.5542197334355294
2012-05-03 06:10:00,64.01075,63.45245065155503,2.7948423469113237
2012-05-03 06:15:00,64.169304,65.02547537978278,2.207803596957891
2012-05-03 06:20:00,64.400795,64.43124091732348,2.311765215143416
2012-05-03 06:25:00,64.77811,64.05769204106643,2.432259710879513
2012-05-03 06:30:00,65.06977,64.70722476316745,2.253127320229552
2012-05-03 06:35:00,65.31448,64.78051764442846,2.2408176841279697
2012-05-03 06:40:00,65.25761,65.38479427291547,2.178055270154218
2012-05-03 06:45:00,65.34788,64.87940015516361,2.2260654439892487
2012-05-03 06:50:00,65.622185,64.08462275226324,2.4215480572270454
2012-05-03 06:55:00,65.56713,65.57470775666245,2.1697030148468577
2012-05-03 07:00:00,65.75348,66.9867789618029,1.9017714447231142
2012-05-03 07:05:00,66.114586,66.26982522670208,2.0738021279430536
2012-05-03 07:10:00,66.53124,66.55873040176778,1.9928160504735635
2012-05-03 07:15:00,66.456024,67.63272891415282,1.8130959241277014
2012-05-03 07:20:00,66.44213,67.21540034465713,1.8645010652425988
2012-05-03 07:25:00,66.53472,67.24747460358354,1.8598203259962978
2012-05-03 07:30:00,66.5243,67.73789070287033,1.8031844781139015
2012-05-03 07:35:00,66.50579,67.66010793328667,1.8104036065913964
2012-05-03 07:40:00,66.24421,67.27952299145862,1.8552716863555494
2012-05-03 07:45:00,66.22338,67.23945641712707,1.8609785376586163
2012-05-03 07:50:00,66.34491,66.92675284170242,1.9127648762540186
2012-05-03 07:55:00,66.18866,67.49083634428743,1.828345062013464
2012-05-03 08:00:00,66.16088,67.62062586076958,2.1068620605742177
2012-05-03 08:05:00,65.98495,67.48549631601031,2.1314521165872486
2012-05-03 08:10:00,65.96412,68.0016150674433,2.0459495973651465
2012-05-03 08:15:00,65.96644,67.35012796839307,2.15785817502725
2012-05-03 08:20:00,66.133095,67.13008248303076,2.204985677247502
2012-05-03 08:25:00,66.07755,67.55310238713243,2.118937529542341
2012-05-03 08:30:00,65.916664,67.70065709766517,2.0930756903251484
2012-05-03 08:35:00,65.87501,67.58687654027553,2.112845460658477
2012-05-03 08:40:00,66.25,66.29531138680522,2.44642649980737
2012-05-03 08:45:00,66.422615,67.13008248303076,2.204985677247502
2012-05-03 08:50:00,66.65179,67.32050214339093,2.1638891932736457
2012-05-03 08:55:00,66.797615,66.90194505498074,2.2601160198218304
2012-05-03 09:00:00,66.77909,66.70158975383343,2.4803882329069182
2012-05-03 09:05:00,67.14947,66.04753967025205,2.572061873095758
2012-05-03 09:10:00,67.014046,67.10636131013351,2.4310682925954055
2012-05-03 09:15:00,66.87864,66.54449722926499,2.5005466178799627
2012-05-03 09:20:00,66.81614,66.91804293097789,2.4536669229489605
2012-05-03 09:25:00,66.85317,66.5362582488131,2.5016267268557866
2012-05-03 09:30:00,67.02447,66.30681148448184,2.532913646914769
2012-05-03 09:35:00,67.0291,66.61878277861189,2.4909156814103746
2012-05-03 09:40:00,66.97255,66.84294849591606,2.462827166495001
2012-05-03 09:45:00,66.89715,66.93952599091743,2.4510637967521705
2012-05-03 09:50:00,66.4909,67.33287565606763,2.404364042103633
2012-05-03 09:55:00,66.56382,66.61878277861189,2.4909156814103746
2012-05-03 10:00:00,66.517525,66.06852770898583,2.339332719127152
2012-05-03 10:05:00,66.23975,66.73327048796072,2.3835047504194415
2012-05-03 10:10:00,66.06267,66.05385051566401,2.338409705583423
2012-05-03 10:15:00,66.35318,65.56841693758035,2.317813255770201
2012-05-03 10:20:00,66.17401,66.12004533873733,2.3426454449456844
2012-05-03 10:25:00,66.00318,66.09793730896266,2.341210573244785
2012-05-03 10:30:00,65.764305,66.32099959032529,2.3562493456609976
2012-05-03 10:35:00,65.60554,66.06852770898583,2.339332719127152
2012-05-03 10:40:00,65.446846,66.07272323992801,2.3395983869357813
2012-05-03 10:45:00,65.28162,66.09793730896266,2.341210573244785
2012-05-03 10:50:00,65.34001,65.4097975166167,2.317895230213804
2012-05-03 10:55:00,65.11855,66.28725848804362,2.353923228109271
2012-05-03 11:00:00,65.01307,65.63872433808724,1.9840937011730377
2012-05-03 11:05:00,64.93675,65.56104244186888,1.9755570478705256
2012-05-03 11:10:00,64.96948,65.2625301468318,1.9556213260170037
2012-05-03 11:15:00,64.69227,66.14484707305708,2.0611248529280055
2012-05-03 11:20:00,64.709045,65.31441907957343,1.9574363790475953
2012-05-03 11:25:00,64.72582,65.31828715777074,1.9576019003725538
2012-05-03 11:30:00,64.74261,65.3221555919917,1.9577713972948498
2012-05-03 11:35:00,64.75938,65.32602411521857,1.957945062660623
2012-05-03 11:40:00,64.776146,65.32989340982999,1.9581223327657724
2012-05-03 11:45:00,64.79293,65.33376125067822,1.9583040086634937
2012-05-03 11:50:00,64.8097,65.33763036727782,1.9584893338035467
2012-05-03 11:55:00,64.826485,65.3414992168597,1.9586788718900314
2012-05-03 12:00:00,64.843254,65.21168733022536,1.6917754461246775
2012-05-03 12:05:00,64.86004,65.21537730759569,1.6919084580408128
2012-05-03 12:10:00,64.87681,65.21906609822057,1.6920451340335994
2012-05-03 12:15:00,64.89358,65.22275402845496,1.6921873283928388
2012-05-03 12:20:00,64.91036,65.22644053459477,1.6923328085536085
2012-05-03 12:25:00,64.92713,65.23012632868732,1.6924834065542342
2012-05-03 12:30:00,64.94392,65.23381256780941,1.6926378095575354
2012-05-03 12:35:00,64.96069,65.23749699714465,1.6927957060428254
2012-05-03 12:40:00,64.97747,65.2411806254267,1.6929589132141099
2012-05-03 12:45:00,64.99424,65.2448640460283,1.693125880885115
2012-05-03 12:50:00,65.011024,65.24854464810939,1.6932977661326774
2012-05-03 12:55:00,65.027794,65.25222605124368,1.6934729223474514
2012-05-03 13:00:00,65.04457,65.15020056379572,1.5491431629711405
2012-05-03 13:05:00,65.06135,65.15391107186274,1.549231827692352
2012-05-03 13:10:00,65.078125,65.15761994815476,1.5493248092002245
2012-05-03 13:15:00,65.0949,65.16132689598537,1.5494219962373699
2012-05-03 13:20:00,65.11169,65.16503333944915,1.5495232330434447
2012-05-03 13:25:00,65.128456,65.16873892252245,1.5496286902131107
2012-05-03 13:30:00,65.145226,65.1724427551462,1.5497386199297811
2012-05-03 13:35:00,65.162,65.1761450153322,1.549852614249699
2012-05-03 13:40:00,65.17878,65.17984597009816,1.549970524829681
2012-05-03 13:45:00,65.195564,65.18354505574003,1.5500924555099551
2012-05-03 13:50:00,65.21233,65.1872444083996,1.5502189625774623
2012-05-03 13:55:00,65.22912,65.19094343470418,1.550349467493785
2012-05-03 14:00:00,65.24589,64.80252984450613,1.796706783705484
2012-05-03 14:05:00,65.26266,64.80672866866699,1.796630290542538
2012-05-03 14:10:00,65.279434,64.81092928778038,1.7965572092728295
2012-05-03 14:15:00,65.29621,64.81513058927241,1.7964890529968371
2012-05-03 14:20:00,65.312996,64.81932999197171,1.7964260961494516
2012-05-03 14:25:00,65.32977,64.82352957268282,1.7963677527750956
2012-05-03 14:30:00,65.34655,64.82772976160098,1.796313518506943
2012-05-03 14:35:00,65.36332,64.83193066256644,1.7962649361141094
2012-05-03 14:40:00,65.380104,64.83612801812978,1.7962198991233784
2012-05-03 14:45:00,65.396866,64.84032694613087,1.796180432419215
2012-05-03 14:50:00,65.41364,64.84452744656971,1.7961450896555737
2012-05-03 14:55:00,65.43043,64.84872624106195,1.796114219438936
2012-05-03 15:00:00,65.447205,63.23588486988086,3.757193224712463
2012-05-03 15:05:00,65.46398,63.24134561613271,3.755613918670243
2012-05-03 15:10:00,65.48077,63.24681032314759,3.754043898911355
2012-05-03 15:15:00,65.497536,63.25227558274083,3.7524837884771736
2012-05-03 15:20:00,65.514305,63.25774234801739,3.750933780213837
2012-05-03 15:25:00,65.53109,63.26321253631292,3.7493909369263
2012-05-03 15:30:00,65.54786,63.268680158271366,3.747861400022387
2012-05-03 15:35:00,65.564644,63.27415217118807,3.746341090064534
2012-05-03 15:40:00,65.58141,63.27962577879399,3.74483131247276
2012-05-03 15:45:00,65.5982,63.28510137049002,3.743331221690916
2012-05-03 15:50:00,65.61497,63.29057979924943,3.7418400315001255
2012-05-03 15:55:00,65.63174,63.29605998958416,3.7403596703617836
2012-05-03 16:00:00,65.64852,60.159107926449,11.402425052901917
2012-05-03 16:05:00,65.66529,60.171583087584146,11.388471507301384
2012-05-03 16:10:00,65.682076,60.184010090958786,11.374535169510223
2012-05-03 16:15:00,65.69885,60.19639218158013,11.36062583017859
2012-05-03 16:20:00,65.71563,60.208729283422265,11.346734707389977
2012-05-03 16:25:00,65.7324,60.221015796530004,11.332876961817819
2012-05-03 16:30:00,65.74918,60.233261407713286,11.319024319251193
2012-05-03 16:35:00,65.76595,60.245463153816964,11.305201374990055
2012-05-03 16:40:00,65.78272,60.257618067977404,11.291400889887008
2012-05-03 16:45:00,65.82935,60.26973028155226,11.277624139693435
2012-05-03 16:50:00,61.88153,60.28179965732409,11.263865962066525
2012-05-03 16:55:00,57.87328,60.293822965120064,11.250134456544144
2012-05-03 17:00:00,53.5303,57.99062990180315,25.712708864694218
2012-05-03 17:05:00,49.602585,58.007526435252686,25.691810276900522
2012-05-03 17:10:00,46.056576,58.02436842291339,25.670744357995023
2012-05-03 17:15:00,41.92815,58.041145814534524,25.649517516403275
2012-05-03 17:20:00,38.110825,58.057873043907904,25.628131947604412
2012-05-03 17:25:00,34.229603,58.07454145520875,25.60659714556221
2012-05-03 17:30:00,30.607399,58.091151686312735,25.584901776857404
2012-05-03 17:35:00,26.785881,58.10770890697986,25.563045248117252
2012-05-03 17:40:00,23.025461,58.12420424628764,25.541022990371687
2012-05-03 17:45:00,18.921297,58.47821243488218,25.007409830536627
2012-05-03 17:50:00,18.778936,30.69177365941557,16.728864411962096
2012-05-03 17:55:00,18.893518,30.706811386012333,16.7472958745903
2012-05-03 18:00:00,19.351852,30.52494549034097,17.976793260715628
2012-05-03 18:05:00,19.762732,30.440971973987313,18.086839693803302
2012-05-03 18:10:00,19.244213,30.39131545782511,18.273461709310038
2012-05-03 18:15:00,19.796297,30.478193771074995,18.025072558755475
2012-05-03 18:20:00,19.69213,30.422456371105017,18.132239709974613
2012-05-03 18:25:00,19.962963,30.432236340554642,18.106510949427985
2012-05-03 18:30:00,19.806713,30.397524510144056,18.230987020731654
2012-05-03 18:35:00,20.158564,30.422456371105017,18.132239709974613
2012-05-03 18:40:00,20.408564,30.413516617450842,18.160442241461382
2012-05-03 18:45:00,20.752314,30.465823373605158,18.04251842926768
2012-05-03 18:50:00,21.552084,30.471945081457225,18.03357072441884
2012-05-03 18:55:00,21.833334,30.43567576628682,18.098456626571828
2012-05-03 19:00:00,22.4375,30.52852032373171,19.492462925092298
2012-05-03 19:05:00,24.465279,30.5369559479086,19.881908761337776
2012-05-03 19:10:00,28.858137,30.538864234630477,19.351128896984147
2012-05-03 19:15:00,32.664845,30.532298209273012,19.812149963594806
2012-05-03 19:20:00,36.80605,30.529798211257898,19.465683064079528
2012-05-03 19:25:00,40.5873,30.530331059975637,19.775416868293238
2012-05-03 19:30:00,44.527115,30.526145408689526,19.598131810150754
2012-05-03 19:35:00,48.15443,30.54298224142458,19.954326580989356
2012-05-03 19:40:00,51.821095,30.538557104901855,19.90259207350253
2012-05-03 19:45:00,55.588455,30.526394625239032,19.65034908569633
2012-05-03 19:50:00,58.986607,30.571189757242337,20.198608642808175
2012-05-03 19:55:00,62.723877,30.529764507686448,19.76343097635691
2012-05-03 20:00:00,65.93221,31.296520995660472,22.405796674888805
2012-05-03 20:05:00,67.45189,40.682844123431394,26.644382980204572
2012-05-03 20:10:00,67.23611,67.26399140073295,1.8459814200085347
2012-05-03 20:15:00,67.00232,66.98652019195232,1.9019153598632903
2012-05-03 20:20:00,66.75232,66.96110366413988,1.9086551618439156
2012-05-03 20:25:00,66.49422,66.83486533514487,1.9479611139155324
2012-05-03 20:30:00,66.32523,66.81404379680107,1.9555476142887622
2012-05-03 20:35:00,66.27315,66.80813564379702,1.9577668209076167
2012-05-03 20:40:00,66.15509,66.80813564379702,1.9577668209076167
2012-05-03 20:45:00,66.145836,66.5352838417732,2.106969097598796
2012-05-03 20:50:00,66.16435,66.65629583270747,2.0271643510768858
2012-05-03 20:55:00,66.083336,66.69966879860361,2.0045689694390654
2012-05-03 21:00:00,66.15856,66.40122141854397,1.5606156020610678
2012-05-03 21:05:00,66.03356,66.5961502370064,1.5286586603418943
2012-05-03 21:10:00,66.01273,66.76947838905285,1.5181267022056384
2012-05-03 21:15:00,66.03356,66.53510479154984,1.535811115975239
2012-05-03 21:20:00,66.048615,66.48698813697716,1.5431144885470554
2012-05-03 21:25:00,66.141205,66.38708588552502,1.5641468967272385
2012-05-03 21:30:00,66.21412,66.53510479154984,1.535811115975239
2012-05-03 21:35:00,65.97222,66.76947838905285,1.5181267022056384
2012-05-03 21:40:00,65.94444,66.6310066130157,1.5254890337760252
2012-05-03 21:45:00,65.9051,66.61233329165995,1.527110765968934
2012-05-03 21:50:00,65.70949,66.78712609530153,1.517687398699873
2012-05-03 21:55:00,65.66088,66.6169839394913,1.5266907989972325
2012-05-03 22:00:00,65.66898,65.93838362262473,1.6552859377487665
2012-05-03 22:05:00,65.71065,65.72253390555369,1.6574183265190527
2012-05-03 22:10:00,65.609955,66.15796129292126,1.6621200489087629
2012-05-03 22:15:00,65.55787,65.98177961138308,1.656035656784683
2012-05-03 22:20:00,65.34954,65.90887751057225,1.6549740758725688
2012-05-03 22:25:00,65.33797,65.96001072379615,1.6556177592004009
2012-05-03 22:30:00,65.25463,66.10678298336937,1.6599028671743727
2012-05-03 22:35:00,65.44444,65.65086504097061,1.6608230992833972
2012-05-03 22:40:00,65.46528,65.98177961138308,1.656035656784683
2012-05-03 22:45:00,65.384254,65.93299823100187,1.6552166837332105
2012-05-03 22:50:00,65.39468,65.76800005311652,1.6560361240657133
2012-05-03 22:55:00,65.30787,65.91689626073286,1.6550428403556163
2012-05-03 23:00:00,65.15162,65.15210640285504,1.9335468069676363
2012-05-03 23:05:00,64.91204,64.98754613404952,1.927621846680803
2012-05-03 23:10:00,64.671295,65.10593750912558,1.9315877275394804
2012-05-03 23:15:00,64.31713,65.04188790650798,1.9292429261637007
2012-05-03 23:20:00,64.51968,64.57301763116199,1.9295415706621835
2012-05-03 23:25:00,64.415504,65.1243645511269,1.9323435063944727
2012-05-03 23:30:00,63.965275,65.09674634344279,1.9312237527026646
2012-05-03 23:35:00,63.319443,65.29260109039252,1.9407452934910463
2012-05-03 23:40:00,62.993053,65.2360544783526,1.937637637290387
2012-05-03 23:45:00,62.563656,64.91296005624571,1.9259945812871224
2012-05-03 23:50:00,62.626156,64.9605744356309,1.926950593772182
2012-05-03 23:55:00,62.678238,64.88047663714856,1.9255189633698586
2012-05-04 00:00:00,62.631947,63.723891068312604,2.32689593808237
2012-05-04 00:05:00,62.704865,63.34929876093204,2.32607158017331
2012-05-04 00:10:00,62.11227,63.459222217519994,2.3239867947308412
2012-05-04 00:15:00,62.328045,63.12411715241648,2.338154058356888
2012-05-04 00:20:00,61.74901,64.07974099316802,2.3437711175305433
2012-05-04 00:25:00,60.83234,63.8360566653757,2.3308698146386777
2012-05-04 00:30:00,61.202713,62.952558252442486,2.356155874620617
2012-05-04 00:35:00,61.46313,62.6903575948863,2.4034147198961815
2012-05-04 00:40:00,61.574245,63.36647504737555,2.3255977868772124
2012-05-04 00:45:00,62.011745,62.84356767792858,2.372522444627354
2012-05-04 00:50:00,61.64369,64.12559090454843,2.3467423425046694
2012-05-04 00:55:00,61.414516,64.0082774355519,2.3394567785321194
2012-05-04 01:00:00,61.33118,62.7074067178437,3.1350473245968025
2012-05-04 01:05:00,60.716602,62.608476462854725,3.144157420729416
2012-05-04 01:10:00,61.286045,61.229293831716184,3.6439179687112486
2012-05-04 01:15:00,61.216106,62.79301090406713,3.127644940366674
2012-05-04 01:20:00,61.35995,61.54156605482972,3.3575736420348345
2012-05-04 01:25:00,61.880783,61.20335795997861,3.965348128634318
2012-05-04 01:30:00,61.73264,63.10883366566642,3.103005033626585
2012-05-04 01:35:00,62.01389,62.24851668173606,3.1848281078444303
2012-05-04 01:40:00,61.791668,62.77777270278262,3.1289342799866895
2012-05-04 01:45:00,61.583332,63.180522378567524,3.0978064505756304
2012-05-04 01:50:00,61.597218,62.106990857016456,3.2057676383569693
2012-05-04 01:55:00,61.425922,62.42288966304056,3.163344736384202
2012-05-04 02:00:00,61.430557,60.92603862495002,4.089999689924922
2012-05-04 02:05:00,61.997684,59.87318867160414,4.280955996588355
2012-05-04 02:10:00,62.11227,60.94363771357434,4.088871005973424
2012-05-04 02:15:00,61.752308,61.06568501198851,4.080820332359594
2012-05-04 02:20:00,61.6412,60.35761477695212,4.126310333506454
2012-05-04 02:25:00,61.495373,60.23737177112482,4.136471426264986
2012-05-04 02:30:00,61.439816,61.07031316172171,4.080507061223146
2012-05-04 02:35:00,60.658566,61.95338986465081,4.0059927963548185
2012-05-04 02:40:00,60.85648,60.515122758859434,4.115456685758045
2012-05-04 02:45:00,60.471066,60.90421899101407,4.091388805170648
2012-05-04 02:50:00,60.716434,60.64688052608713,4.107249421078945
2012-05-04 02:55:00,60.84607,60.38239341052952,4.124471352720246
2012-05-04 03:00:00,60.918987,60.06763975825893,4.6668686542092255
2012-05-04 03:05:00,60.6875,60.08424870248581,4.666691532447261
2012-05-04 03:10:00,60.916668,60.523174552464305,4.6480650578690765
2012-05-04 03:15:00,61.307873,59.33350187452586,4.6046623936674544
2012-05-04 03:20:00,61.61343,59.37047390619424,4.614412664811593
2012-05-04 03:25:00,61.603012,59.303646770298165,4.593958542866476
2012-05-04 03:30:00,61.09375,59.987012248517196,4.6670799245722
2012-05-04 03:35:00,61.53125,59.34845562404602,4.587773106782461
2012-05-04 03:40:00,61.73148,60.347171698634675,4.658495393506979
2012-05-04 03:45:00,61.789352,59.29605815603457,4.5899529505373815
2012-05-04 03:50:00,61.460648,60.73669302672662,4.630944444622601
2012-05-04 03:55:00,61.398148,59.92545975863978,4.666471302155959
2012-05-04 04:00:00,61.021656,60.65749053684405,4.3052799768489995
2012-05-04 04:05:00,61.133926,59.83023116304688,4.339545531624161
2012-05-04 04:10:00,61.0124,61.90750382057929,4.197074957375749
2012-05-04 04:15:00,61.19527,60.61721454829359,4.307672989759653
2012-05-04 04:20:00,60.70222,60.43905574137887,4.3172753034118445
2012-05-04 04:25:00,60.305225,59.702962709312,4.361675219503742
2012-05-04 04:30:00,59.983463,59.767490778036006,4.430588253416171
2012-05-04 04:35:00,60.0668,60.05391298488413,4.332405388475107
2012-05-04 04:40:00,60.335316,61.55105948365753,4.23392981276293
2012-05-04 04:45:00,60.57953,59.71817380458817,4.351594321070601
2012-05-04 04:50:00,60.89203,59.93648318516254,4.335848582124166
2012-05-04 04:55:00,60.94411,60.08017389693553,4.331597778511546
2012-05-04 05:00:00,61.252316,61.077882087136196,3.3884379694477538
2012-05-04 05:05:00,61.502316,61.4805760554197,3.2059153584998215
2012-05-04 05:10:00,61.59259,62.71196245199726,3.057171944363249
2012-05-04 05:15:00,61.5,62.81229626714953,3.0529811752372846
2012-05-04 05:20:00,62.145832,60.92215622421827,3.67235161887904
2012-05-04 05:25:00,63.182865,60.83028992146461,4.72687098006296
2012-05-04 05:30:00,64.30093,60.71506851970663,5.14773786085744
2012-05-04 05:35:00,64.43635,61.73332163920549,3.1513696735003216
2012-05-04 05:40:00,63.73264,64.15549861868638,3.037409991715728
2012-05-04 05:45:00,64.01389,61.53978012434763,3.1910033675860077
2012-05-04 05:50:00,64.28472,62.391022516232226,3.07564562546168
2012-05-04 05:55:00,64.609955,61.666240342296156,3.1637594742586597
2012-05-04 06:00:00,64.865746,64.22385454977045,1.9636672823175758
2012-05-04 06:05:00,64.8831,64.6232270075375,1.9204429859606662
2012-05-04 06:10:00,64.86227,65.22549934159382,1.9164006193562022
2012-05-04 06:15:00,64.83449,64.67954368764185,1.9175359935853091
2012-05-04 06:20:00,65.07986,64.72509845542295,1.9156405978861406
2012-05-04 06:25:00,65.23148,65.02278866220166,1.911871064066104
2012-05-04 06:30:00,65.228004,65.05491662136079,1.9122448888903527
2012-05-04 06:35:00,65.44328,64.52370988466022,1.9272388690820874
2012-05-04 06:40:00,65.989586,63.78055820177255,2.088125092575263
2012-05-04 06:45:00,66.26968,64.79423112625393,1.9134900370757864
2012-05-04 06:50:00,66.28009,65.5980426735766,1.9363555516520805
2012-05-04 06:55:00,66.33564,65.08717227433287,1.9127564355268358
2012-05-04 07:00:00,66.31482,66.74518407742904,1.3998279526138109
2012-05-04 07:05:00,66.52662,66.46791025408939,1.4136663764862252
2012-05-04 07:10:00,66.68287,66.82916898653926,1.3994186960200101
2012-05-04 07:15:00,66.93287,66.3993797379118,1.4208034340970472
2012-05-04 07:20:00,66.833336,67.16425217844026,1.4104379392649695
2012-05-04 07:25:00,66.833336,67.14782103464542,1.409494409858862
2012-05-04 07:30:00,66.85532,66.74518407742904,1.3998279526138109
2012-05-04 07:35:00,66.96296,66.90500587923815,1.4002596980343398
2012-05-04 07:40:00,66.93519,67.08561688057688,1.4062662544896567
2012-05-04 07:45:00,66.8664,67.32292084934109,1.4213797028648079
2012-05-04 07:50:00,66.93469,67.20707458344246,1.4130686572940252
2012-05-04 07:55:00,67.03307,66.93051182832205,1.4007795370548213
2012-05-04 08:00:00,67.251816,67.20416367480705,1.42942735027768
2012-05-04 08:05:00,67.25182,67.52301117989275,1.4000246185902976
2012-05-04 08:10:00,67.11409,67.73906406778892,1.3951052619150104
2012-05-04 08:15:00,67.16965,67.54982800802702,1.3988532118017425
2012-05-04 08:20:00,67.282585,67.3896550185636,1.4086074585432184
2012-05-04 08:25:00,67.29666,67.63059915105688,1.3963328165987952
2012-05-04 08:30:00,67.42945,67.31302790172235,1.4158457084571598
2012-05-04 08:35:00,67.41245,67.68472432763207,1.3954294362754986
2012-05-04 08:40:00,67.46094,67.50219127332396,1.4010553144514561
2012-05-04 08:45:00,67.46198,67.61132364537909,1.3968019964218639
2012-05-04 08:50:00,67.36135,67.863567226558,1.396352998689009
2012-05-04 08:55:00,67.32388,67.68472432763207,1.3954294362754986
2012-05-04 09:00:00,67.25005,67.49617815268273,1.5912384267700688
2012-05-04 09:05:00,67.264854,67.22043021700466,1.620990113546864
2012-05-04 09:10:00,67.32894,67.05770441935253,1.646818449455899
2012-05-04 09:15:00,67.26754,67.41486745582321,1.5983792671320882
2012-05-04 09:20:00,67.20614,67.39986171201697,1.5998369985176766
2012-05-04 09:25:00,67.14474,67.3848455545192,1.6013410500625394
2012-05-04 09:30:00,67.08333,67.36981815260806,1.6028925417577176
2012-05-04 09:35:00,67.02193,67.35477992164446,1.604492296907883
2012-05-04 09:40:00,66.960526,67.33972973422023,1.606141346498167
2012-05-04 09:45:00,66.89912,67.3246667596135,1.6078405286675599
2012-05-04 09:50:00,66.837715,67.30958984074746,1.6095897914959474
2012-05-04 09:55:00,66.84393,67.29449966000077,1.611391612314506
2012-05-04 10:00:00,66.612206,66.7529749131214,1.9241538352170233
2012-05-04 10:05:00,66.43189,66.73556325054749,1.9277558747477508
2012-05-04 10:10:00,66.38055,66.71810892447375,1.9314264265781127
2012-05-04 10:15:00,66.32389,66.70061594016624,1.935164311379795
2012-05-04 10:20:00,66.158936,66.68308079672578,1.9389719397295402
2012-05-04 10:25:00,66.091675,66.6655037908387,1.9428494970563301
2012-05-04 10:30:00,66.02954,66.64788364675367,1.9467989044043994
2012-05-04 10:35:00,65.91697,66.63021745694427,1.9508213411020627
2012-05-04 10:40:00,65.93798,66.61250578511456,1.9549185501817352
2012-05-04 10:45:00,65.789345,66.59474465566724,1.9590905835635308
2012-05-04 10:50:00,65.64352,66.57693688712278,1.963339562554984
2012-05-04 10:55:00,65.604164,66.79139923939768,1.916408770814175
2012-05-04 11:00:00,65.69097,65.2908159581822,2.343567813196562
2012-05-04 11:05:00,65.76273,65.49312416768122,2.282356164036386
2012-05-04 11:10:00,65.62037,66.00258951962122,2.152994573137754
2012-05-04 11:15:00,65.34954,65.9612476686035,2.162246233171074
2012-05-04 11:20:00,65.29398,65.49312416768122,2.282356164036386
2012-05-04 11:25:00,65.304405,65.87782100456418,2.181557637899465
2012-05-04 11:30:00,65.13773,65.87782100456418,2.181557637899465
2012-05-04 11:35:00,65.165504,65.64995996953502,2.2388599472056314
2012-05-04 11:40:00,64.93635,66.16570682460515,2.118472243727858
2012-05-04 11:45:00,64.96528,65.45324044115853,2.293962861125196
2012-05-04 11:50:00,64.94444,65.44322386433005,2.2969134144766015
2012-05-04 11:55:00,64.890045,66.13425539937202,2.124889132265061
2012-05-04 12:00:00,64.729164,65.11920516034522,2.247855069953311
2012-05-04 12:05:00,64.63889,65.26381404225695,2.221110470115429
2012-05-04 12:10:00,64.395836,64.83967478499007,2.304686441569676
2012-05-04 12:15:00,64.63542,64.14536130534029,2.4858155018106753
2012-05-04 12:20:00,64.70023,64.65966013808622,2.345568851494376
2012-05-04 12:25:00,64.68981,65.40630560706593,2.1962195073703557
2012-05-04 12:30:00,64.87731,64.56825140915578,2.367807860883572
2012-05-04 12:35:00,64.84953,65.23186783316719,2.226881880372271
2012-05-04 12:40:00,64.84838,64.61978577201846,2.3551405767819813
2012-05-04 12:45:00,64.86177,65.02153852968526,2.2668834507205173
2012-05-04 12:50:00,64.79927,64.77260317952639,2.3194893112371733
2012-05-04 12:55:00,64.52033,65.40630560706593,2.1962195073703557
2012-05-04 13:00:00,64.66038,63.69206525455113,2.3377201842116655
2012-05-04 13:05:00,64.55274,64.2115065966244,2.2330337686451736
2012-05-04 13:10:00,64.65691,63.004796103187715,2.5713082155483
2012-05-04 13:15:00,64.54233,64.73462284440049,2.154976289735823
2012-05-04 13:20:00,64.59441,64.35515808645947,2.209846386444905
2012-05-04 13:25:00,64.66733,64.78899271305802,2.147599672716795
2012-05-04 13:30:00,64.48908,64.89775498370284,2.1330559289235036
2012-05-04 13:35:00,64.526115,64.49939329189016,2.18811302705062
2012-05-04 13:40:00,64.48561,63.97377327818208,2.276068756847533
2012-05-04 13:45:00,64.33681,64.47875741987572,2.1911430478458143
2012-05-04 13:50:00,64.33681,63.820627216349514,2.307874128918224
2012-05-04 13:55:00,64.51157,63.41559428677596,2.4142624042485843
2012-05-04 14:00:00,64.35301,63.286038629615156,2.741123897678658
2012-05-04 14:05:00,64.395836,62.55922702264152,3.079725893749714
2012-05-04 14:10:00,64.177086,62.44441945108312,3.1592347104534126
2012-05-04 14:15:00,64.18751,62.99228164594311,2.859006411129867
2012-05-04 14:20:00,64.135414,63.54336138129031,2.6472870652573275
2012-05-04 14:25:00,63.947918,64.24390979172752,2.4155099110906475
2012-05-04 14:30:00,63.917828,62.827832571479895,2.9333731487014827
2012-05-04 14:35:00,63.74884,63.62526075582497,2.6186613032488033
2012-05-04 14:40:00,63.613422,62.64402249374464,3.028866759392995
2012-05-04 14:45:00,63.599533,62.60079305729641,3.0541134639281595
2012-05-04 14:50:00,63.807865,62.6889138856402,3.0039426567805663
2012-05-04 14:55:00,63.69791,63.16446905373717,2.788146328421522
2012-05-04 15:00:00,63.98148,59.74264590180968,9.686007393300637
2012-05-04 15:05:00,63.844906,60.13839757132178,8.801467277442002
2012-05-04 15:10:00,64.16782,56.87247057287055,12.67064428239381
2012-05-04 15:15:00,64.084496,60.58646691504655,7.756696347946739
2012-05-04 15:20:00,64.07407,60.834943460133815,7.211630144893082
2012-05-04 15:25:00,64.10532,60.58646691504655,7.756696347946739
2012-05-04 15:30:00,64.0324,60.056847378099896,8.991525989166322
2012-05-04 15:35:00,64.053246,60.056847378099896,8.991525989166322
2012-05-04 15:40:00,64.25116,58.85725262350419,11.107964128900605
2012-05-04 15:45:00,64.37153,59.81014365644727,9.543693884815681
2012-05-04 15:50:00,64.28819,61.79918995800318,5.464849112812011
2012-05-04 15:55:00,64.04398,59.94252855190344,9.252719530010493
2012-05-04 16:00:00,63.16782,60.34569418568548,11.896502825679482
2012-05-04 16:05:00,60.471066,54.198938549871286,30.809603018886094
2012-05-04 16:10:00,56.846066,57.37296975123528,23.12267573403068
2012-05-04 16:15:00,53.164352,56.466813222331645,25.94187451869136
2012-05-04 16:20:00,49.42477,58.20482717964214,20.090347816629016
2012-05-04 16:25:00,45.721066,58.364064531556856,19.472325337833677
2012-05-04 16:30:00,42.13773,55.27224734062127,28.863301694607387
2012-05-04 16:35:00,38.51736,57.02022260950694,24.28409332990937
2012-05-04 16:40:00,35.163193,57.544748251042044,22.528421126566965
2012-05-04 16:45:00,31.700232,58.079535487842975,20.569720032867934
2012-05-04 16:50:00,27.568285,58.6771863086693,18.2359902506433
2012-05-04 16:55:00,23.995369,51.20031536100251,33.49372222077194
2012-05-04 17:00:00,20.881945,42.08488136592219,40.67729277767058
2012-05-04 17:05:00,20.05787,30.31631860290987,18.593580248466818
2012-05-04 17:10:00,20.02662,30.312252100869326,17.788711192252467
2012-05-04 17:15:00,20.041666,30.328779667733908,17.733968166314995
2012-05-04 17:20:00,19.864584,30.321429915665536,17.755969240653855
2012-05-04 17:25:00,19.505789,30.314545605171997,17.779872311963576
2012-05-04 17:30:00,19.15162,30.323043652160816,17.750853299590833
2012-05-04 17:35:00,18.744213,30.314545605171997,17.779872311963576
2012-05-04 17:40:00,18.215279,30.284182722224717,17.986761685346483
2012-05-04 17:45:00,17.780092,30.289245378415966,17.92475292892019
2012-05-04 17:50:00,17.87037,30.388614899824926,17.627559701477267
2012-05-04 17:55:00,18.099539,30.353717225073144,17.67762576350248
2012-05-04 18:00:00,18.047453,30.294293556312436,19.40833608122343
2012-05-04 18:05:00,18.010416,30.289155897807245,19.539694564227876
2012-05-04 18:10:00,18.125,30.28820507733363,19.582021146971126
2012-05-04 18:15:00,18.302084,30.29038940105271,19.498746861050638
2012-05-04 18:20:00,18.92361,30.299526391804623,19.324649401250795
2012-05-04 18:25:00,19.413195,30.312283430949833,19.185354913913923
2012-05-04 18:30:00,20.00926,30.31811296206625,19.1368770733563
2012-05-04 18:35:00,20.27662,30.317707095114212,19.140023254281907
2012-05-04 18:40:00,20.576387,30.300188121080822,19.315739790931662
2012-05-04 18:45:00,20.868055,30.298703502493094,19.33620996360931
2012-05-04 18:50:00,21.805557,30.307973646087163,19.226113924560824
2012-05-04 18:55:00,23.961807,30.287952300547705,19.596451022536204
2012-05-04 19:00:00,27.993057,30.508502538428672,21.306583529765035
2012-05-04 19:05:00,31.894676,30.519571313462848,21.548381614632632
2012-05-04 19:10:00,35.75926,30.547504216377963,21.973977854152043
2012-05-04 19:15:00,39.641205,30.547504216377963,21.973977854152043
2012-05-04 19:20:00,43.28009,30.631274917930146,22.846591088993037
2012-05-04 19:25:00,47.13426,30.553826009516914,22.054153310291337
2012-05-04 19:30:00,50.913197,30.56605613367176,22.19946613994951
2012-05-04 19:35:00,54.97917,30.51368244507273,21.430132159480923
2012-05-04 19:40:00,58.790516,30.541666852741418,21.896087832446213
2012-05-04 19:45:00,62.696766,30.543560661168517,21.921792502059713
2012-05-04 19:50:00,66.0926,30.737045032377512,23.6824510538594
2012-05-04 19:55:00,67.96759,35.21529399275532,39.299399159797034
2012-05-04 20:00:00,67.98148,66.40825920489591,2.070442444089555
2012-05-04 20:05:00,68.15856,66.37388948353679,2.105120726689027
2012-05-04 20:10:00,68.15856,66.84589070496335,1.737501824718441
2012-05-04 20:15:00,68.05787,66.90190058169412,1.7071805223656975
2012-05-04 20:20:00,67.80787,67.08248986559069,1.6237849955607428
2012-05-04 20:25:00,67.46181,66.91311980638572,1.701379836581449
2012-05-04 20:30:00,67.43056,66.84589070496335,1.737501824718441
2012-05-04 20:35:00,67.364586,66.72305596198723,1.8126441820459387
2012-05-04 20:40:00,67.41088,66.57405647784604,1.9219135416145303
2012-05-04 20:45:00,67.3588,66.91311980638572,1.701379836581449
2012-05-04 20:50:00,67.1088,67.01448433594204,1.6528100900040419
2012-05-04 20:55:00,66.9838,67.04844077318994,1.6379823135159128
2012-05-04 21:00:00,66.9838,66.37764042995583,1.6631642959197999
2012-05-04 21:05:00,66.645836,66.80660082587575,1.541440287369886
2012-05-04 21:10:00,66.38542,66.71319719263815,1.5614871627713482
2012-05-04 21:15:00,66.393524,66.47805885635181,1.6266488942410824
2012-05-04 21:20:00,66.27894,66.24020477172323,1.7251733861182583
2012-05-04 21:25:00,66.4375,65.92110199768611,1.9561011717150179
2012-05-04 21:30:00,66.384254,66.62254591884066,1.5837988751551328
2012-05-04 21:35:00,66.09259,66.4226925516915,1.6459919554049867
2012-05-04 21:40:00,65.91204,66.60279423154151,1.5890872651698185
2012-05-04 21:45:00,65.82176,66.62254591884066,1.5837988751551328
2012-05-04 21:50:00,65.75926,66.19129433277176,1.7514677347233787
2012-05-04 21:55:00,65.55093,66.53483186975951,1.608603887859266
2012-05-04 22:00:00,65.46413,65.94399022360389,1.733684613398994
2012-05-04 22:05:00,65.479164,65.44325599546379,1.858660482558953
2012-05-04 22:10:00,65.520836,65.55673986648496,1.8213947610544226
2012-05-04 22:15:00,65.2166,66.086839488333,1.7112779020400317
2012-05-04 22:20:00,65.36822,65.47923144278622,1.846057720325341
2012-05-04 22:25:00,65.2328,65.81092244142489,1.7585928655421892
2012-05-04 22:30:00,65.22354,66.05778991726432,1.715520309428424
2012-05-04 22:35:00,65.40525,65.2483830430445,1.943853513395805
2012-05-04 22:40:00,65.5615,65.66581379132549,1.7915103887164967
2012-05-04 22:45:00,65.4041,65.94399022360389,1.733684613398994
2012-05-04 22:50:00,65.268684,65.55673986648496,1.8213947610544226
2012-05-04 22:55:00,65.299934,65.53048875991803,1.8293941079265104
2012-05-04 23:00:00,65.22933,65.13620487389655,2.01539538137885
2012-05-04 23:05:00,65.22354,64.88843207443811,2.054753824686206
2012-05-04 23:10:00,64.94229,65.1040856669853,2.019867898714613
2012-05-04 23:15:00,65.17245,64.65208672899902,2.106112119023525
2012-05-04 23:20:00,65.010414,65.35406958094187,1.9888997904100096
2012-05-04 23:25:00,65.06134,64.859007506634,2.060283465221396
2012-05-04 23:30:00,64.89468,65.5082670695956,1.9734600686183137
2012-05-04 23:35:00,64.8206,65.11832373481319,2.0178655030766635
2012-05-04 23:40:00,64.70602,65.61491053970579,1.9640561491407043
2012-05-04 23:45:00,64.798615,64.92487993546506,2.048188407535797
2012-05-04 23:50:00,64.861115,64.61104697887596,2.1169508434476003
2012-05-04 23:55:00,64.70139,65.04080077348239,2.0291821150687213
2012-05-05 00:00:00,64.73032,64.24646236998427,2.4190299761777716
2012-05-05 00:05:00,64.88194,64.18544146049037,2.4255415150836703
2012-05-05 00:10:00,65.140045,63.59048281627434,2.521313106068103
2012-05-05 00:15:00,65.06019,64.6989135989221,2.3808078861645394
2012-05-05 00:20:00,65.18519,64.17034177094557,2.427217882071329
2012-05-05 00:25:00,64.97592,64.33982023934955,2.4098138295027556
2012-05-05 00:30:00,64.49259,64.3084625966775,2.412814945628504
2012-05-05 00:35:00,64.61412,64.21582586803368,2.4222472283229366
2012-05-05 00:40:00,64.47523,64.59858392625326,2.388062001382034
2012-05-05 00:45:00,64.14074,64.56551505594524,2.3905801862715363
2012-05-05 00:50:00,64.48449,64.07012660438062,2.4390693602484306
2012-05-05 00:55:00,64.73796,63.868795501767444,2.46747144298662
2012-05-05 01:00:00,64.81088,64.69533956658456,2.4165615604265773
2012-05-05 01:05:00,64.46713,65.19519136045902,2.35601864234089
2012-05-05 01:10:00,64.54121,64.734288048668,2.4115602886449614
2012-05-05 01:15:00,64.64538,64.79550420746097,2.403806331068219
2012-05-05 01:20:00,64.56204,65.0456735355635,2.3733600940857205
2012-05-05 01:25:00,64.59537,63.7038050303105,2.5681018666271758
2012-05-05 01:30:00,65.02315,62.54864019236141,2.8719949843170127
2012-05-05 01:35:00,64.83565,65.09558193845253,2.36750516661616
2012-05-05 01:40:00,65.03703,64.37908591624664,2.4593422513253786
2012-05-05 01:45:00,65.02893,63.43424322792941,2.621182336327442
2012-05-05 01:50:00,64.89352,65.92671749925633,2.2783958757157534
2012-05-05 01:55:00,64.7882,65.19519136045902,2.35601864234089
2012-05-05 02:00:00,64.90278,64.56006012103762,2.8641765122894505
2012-05-05 02:05:00,64.956024,62.89565009468539,3.1687066749496253
2012-05-05 02:10:00,64.540504,64.60967886902513,2.856339749547274
2012-05-05 02:15:00,64.32176,64.83781924910448,2.8209024912971885
2012-05-05 02:20:00,64.05787,64.11068796998602,2.937558147277579
2012-05-05 02:25:00,63.613422,63.21821006225957,3.1009692162692293
2012-05-05 02:30:00,63.491898,63.81045063656254,2.989449972711284
2012-05-05 02:35:00,63.63773,63.60504042273818,3.0265795448413324
2012-05-05 02:40:00,63.429398,64.89292872720995,2.8124793872850424
2012-05-05 02:45:00,63.614582,62.698493795763,3.213431151094289
2012-05-05 02:50:00,63.65625,64.83781924910448,2.8209024912971885
2012-05-05 02:55:00,63.79514,64.16076618131801,2.9291450712646863
2012-05-05 03:00:00,62.871033,64.69903130923879,3.176503043842738
2012-05-05 03:05:00,63.171955,62.558657362562606,3.603506615150897
2012-05-05 03:10:00,62.994873,61.809127428974364,3.7878139429482474
2012-05-05 03:15:00,63.06895,63.075829647289964,3.4911521697971257
2012-05-05 03:20:00,63.07242,62.09667394272292,3.7129926670258464
2012-05-05 03:25:00,63.496033,60.771588862022924,4.181055792272148
2012-05-05 03:30:00,63.765705,62.55236425899549,3.604931125080378
2012-05-05 03:35:00,63.588623,63.859447225818236,3.3338247586307954
2012-05-05 03:40:00,63.453205,63.195075223215156,3.4663544704119755
2012-05-05 03:45:00,63.545795,63.075829647289964,3.4911521697971257
2012-05-05 03:50:00,62.795795,64.58084728826564,3.1981055942171737
2012-05-05 03:55:00,62.249508,64.41547541906489,3.228607652739896
2012-05-05 04:00:00,62.409027,60.88356778587727,4.20058950409642
2012-05-05 04:05:00,61.86736,64.07460559689638,3.3530125044808154
2012-05-05 04:10:00,62.21111,61.24214157715568,3.9230135353591193
2012-05-05 04:15:00,62.007412,63.3273101029177,3.477169519263849
2012-05-05 04:20:00,62.049076,62.06883831028798,3.7041773733032444
2012-05-05 04:25:00,61.757404,62.40340600313379,3.6392843803460533
2012-05-05 04:30:00,61.581482,63.892761715353544,3.3829749795052355
2012-05-05 04:35:00,61.900925,62.71318954310858,3.5830263254680834
2012-05-05 04:40:00,61.786343,62.35370157954023,3.6485970984340006
2012-05-05 04:45:00,61.841892,63.42897057712656,3.4600787823346777
2012-05-05 04:50:00,62.300232,61.08489461064386,3.9992530611286257
2012-05-05 04:55:00,62.568752,61.536967058240805,3.826921923623356
2012-05-05 05:00:00,62.9375,62.18345619912529,3.3592359312543105
2012-05-05 05:05:00,63.28009,62.48625884606787,3.2008869250811736
2012-05-05 05:10:00,62.93634,63.31838706012325,3.0505813385401575
2012-05-05 05:15:00,63.086803,63.105108723807554,3.074959508566
2012-05-05 05:20:00,63.315968,63.08426049110775,3.077634892727826
2012-05-05 05:25:00,63.149307,62.34561899359889,3.257945172763493
2012-05-05 05:30:00,63.325237,63.614206770606266,3.023043963057138
2012-05-05 05:35:00,63.422455,64.88492610195351,2.9313133294169185
2012-05-05 05:40:00,63.633102,62.77224861769967,3.1272366554207305
2012-05-05 05:45:00,63.380783,64.27212343411878,2.9737306833545962
2012-05-05 05:50:00,63.467594,63.484693083440845,3.0344248966538756
2012-05-05 05:55:00,63.503475,63.4237607941652,3.040115890070549
2012-05-05 06:00:00,63.858795,64.54549003149484,2.3181028216658093
2012-05-05 06:05:00,63.589123,64.91259617041482,2.289620885791552
2012-05-05 06:10:00,64.24537,63.83407909496963,2.5852017266621767
2012-05-05 06:15:00,64.40046,64.94940109348617,2.288460901428182
2012-05-05 06:20:00,64.33796,65.19023294502333,2.2856570075658613
2012-05-05 06:25:00,65.077545,63.50271963593054,2.877306827389124
2012-05-05 06:30:00,65.05787,65.47806546535821,2.2897554182253264
2012-05-05 06:35:00,65.03704,66.22434908080864,2.315367803543925
2012-05-05 06:40:00,65.02778,64.82594823413004,2.293333515166119
2012-05-05 06:45:00,65.16319,64.57443095601538,2.3144022674264373
2012-05-05 06:50:00,65.33912,65.06220937997777,2.2862181749974684
2012-05-05 06:55:00,65.45668,64.85097091078838,2.292110039919901
2012-05-05 07:00:00,65.37219,66.68672725020586,1.7949199529656916
2012-05-05 07:05:00,65.98678,65.39100169345942,1.9894671882553538
2012-05-05 07:10:00,66.059685,66.68321291116565,1.7947552623625647
2012-05-05 07:15:00,65.98793,66.49335425505957,1.7882341998242388
2012-05-05 07:20:00,65.93816,66.09093192076213,1.7976214751965782
2012-05-05 07:25:00,65.78191,66.49674024757678,1.7883039211208251
2012-05-05 07:30:00,65.76455,66.43615303421629,1.7873441852218412
2012-05-05 07:35:00,65.71594,67.04040629865182,1.8172500079842058
2012-05-05 07:40:00,65.96247,65.93908638362568,1.814345626448891
2012-05-05 07:45:00,66.32705,66.09093192076213,1.7976214751965782
2012-05-05 07:50:00,66.24371,66.65866496236545,1.7936450619718205
2012-05-05 07:55:00,66.38657,66.2967051303583,1.7878468906045446
2012-05-05 08:00:00,66.43403,66.94960054026228,1.6262072765816429
2012-05-05 08:05:00,66.45486,67.54203978317473,1.6202774803070035
2012-05-05 08:10:00,66.41319,67.41484680645196,1.6171539736371099
2012-05-05 08:15:00,66.50694,66.79923801960716,1.6389584932568682
2012-05-05 08:20:00,66.90509,66.45303075033293,1.6959944227071209
2012-05-05 08:25:00,67.169975,66.56310050296916,1.6730145800387437
2012-05-05 08:30:00,67.28109,66.89921693481692,1.629810910801601
2012-05-05 08:35:00,67.25678,67.3937555505306,1.616819437505204
2012-05-05 08:40:00,67.3158,67.13321385930657,1.6179797630578976
2012-05-05 08:45:00,67.24289,67.6701623969644,1.6250989675664977
2012-05-05 08:50:00,67.418816,66.9260559847602,1.6278119493083658
2012-05-05 08:55:00,67.502144,67.22630692125365,1.6163335468224325
2012-05-05 09:00:00,67.57969,67.17970618568059,1.7133110269685938
2012-05-05 09:05:00,67.41303,67.73335970865135,1.666981418233336
2012-05-05 09:10:00,67.3922,67.39745706900068,1.6886445964671646
2012-05-05 09:15:00,67.41303,67.16087867641914,1.7159100366420212
2012-05-05 09:20:00,67.27414,67.74823259630179,1.6664016559835868
2012-05-05 09:25:00,67.30093,67.4455851163299,1.6844237581777586
2012-05-05 09:30:00,67.39352,67.32999907404503,1.6952763749410364
2012-05-05 09:35:00,67.48727,67.431150731132,1.6856463285305532
2012-05-05 09:40:00,67.54282,67.41992328822799,1.686622552774464
2012-05-05 09:45:00,67.41782,67.56569779154411,1.6756095399432418
2012-05-05 09:50:00,67.26968,67.56942877097056,1.6753729103129247
2012-05-05 09:55:00,67.31597,67.59927886119863,1.6735561142499185
2012-05-05 10:00:00,67.40972,67.33464091029128,1.7925307005547593
2012-05-05 10:05:00,67.414345,67.07224593799806,1.8378439137118183
2012-05-05 10:10:00,67.44212,67.22297952429422,1.8102296593735732
2012-05-05 10:15:00,67.52546,67.1101378012489,1.8304808700941468
2012-05-05 10:20:00,67.58681,67.18967110941232,1.8159526133292878
2012-05-05 10:25:00,67.58681,67.44519429137674,1.7771386117595178
2012-05-05 10:30:00,67.59606,67.55066463391744,1.7642866700622033
2012-05-05 10:35:00,67.460655,67.66320341051193,1.752390963364725
2012-05-05 10:40:00,67.37731,67.51831285456196,1.7680471401136837
2012-05-05 10:45:00,67.53125,67.03420908411898,1.8455303825568967
2012-05-05 10:50:00,67.646996,66.95341904216744,1.8628657967341296
2012-05-05 10:55:00,67.642365,67.67919329267094,1.7508443373259894
2012-05-05 11:00:00,67.508095,67.58414426650255,1.794838831495398
2012-05-05 11:05:00,67.586815,66.97823368234424,1.905529437443418
2012-05-05 11:10:00,67.52778,67.22637177689381,1.852574384488254
2012-05-05 11:15:00,67.58681,67.31732700587575,1.8359411082705979
2012-05-05 11:20:00,67.5625,67.31732700587575,1.8359411082705979
2012-05-05 11:25:00,67.583336,67.35598678245405,1.8292932419783963
2012-05-05 11:30:00,67.49073,67.50037427699765,1.8065749209266497
2012-05-05 11:35:00,67.32407,67.08118118201944,1.8821598304756473
2012-05-05 11:40:00,67.303246,67.12106342511028,1.873648788623891
2012-05-05 11:45:00,67.19213,67.50037427699765,1.8065749209266497
2012-05-05 11:50:00,67.15046,67.27847723134711,1.8428729330860438
2012-05-05 11:55:00,67.15046,67.58414426650255,1.794838831495398
2012-05-05 12:00:00,67.19677,67.04099228389815,1.8054212634000868
2012-05-05 12:05:00,67.14468,67.23883367243967,1.7684589259587755
2012-05-05 12:10:00,67.12037,66.95367846472801,1.8238421343249342
2012-05-05 12:15:00,66.98843,67.5001729159594,1.7288555828885819
2012-05-05 12:20:00,66.85648,67.18544335833053,1.7778055182128403
2012-05-05 12:25:00,66.59606,67.3967004297552,1.743367188131012
2012-05-05 12:30:00,66.447914,67.11361069320344,1.7911041583236547
2012-05-05 12:35:00,66.42129,66.33747986538275,1.9951261988815079
2012-05-05 12:40:00,66.37962,66.9951911477567,1.814916755125319
2012-05-05 12:45:00,66.31482,67.04099228389815,1.8054212634000868
2012-05-05 12:50:00,66.28356,67.07740213940129,1.79813096727996
2012-05-05 12:55:00,66.09606,67.55141418235868,1.7221990830230591
2012-05-05 13:00:00,66.05903,67.17721553328609,1.55873638318614
2012-05-05 13:05:00,65.88195,66.98475025008408,1.582653109485971
2012-05-05 13:10:00,65.958336,66.79726223673647,1.6106779555066748
2012-05-05 13:15:00,66.0625,66.94189897749823,1.5886244715208304
2012-05-05 13:20:00,65.453705,66.58929698957566,1.6479514798626953
2012-05-05 13:25:00,65.703705,66.26141357478376,1.7216642761752892
2012-05-05 13:30:00,65.73545,66.43592182652937,1.680039727551386
2012-05-05 13:35:00,65.876656,66.13551213316015,1.7552377284072866
2012-05-05 13:40:00,65.91138,66.76797125196975,1.6155170733536144
2012-05-05 13:45:00,65.8917,66.7188632792342,1.6239253282130202
2012-05-05 13:50:00,65.83962,66.8988081900071,1.5948833003952412
2012-05-05 13:55:00,65.7667,66.76797125196975,1.6155170733536144
2012-05-05 14:00:00,65.85929,66.85704750684305,1.360976991339691
2012-05-05 14:05:00,65.88013,65.93505699704984,1.468312319226783
2012-05-05 14:10:00,65.71346,66.95243751465469,1.3543767951297403
2012-05-05 14:15:00,65.38013,67.23224082663451,1.3386548059271
2012-05-05 14:20:00,66.065315,61.726149516047364,4.259942680175982
2012-05-05 14:25:00,65.909065,67.18624533125308,1.3408942317219645
2012-05-05 14:30:00,65.96412,66.3467035478915,1.40939634759693
2012-05-05 14:35:00,66.078705,66.56376089715668,1.3858694968538803
2012-05-05 14:40:00,66.10648,66.72807874353056,1.3710245273906994
2012-05-05 14:45:00,66.20023,66.4125689304213,1.4017550715029252
2012-05-05 14:50:00,66.24653,66.4633398005834,1.3961688751287482
2012-05-05 14:55:00,66.17361,66.2052998281554,1.427385665947388
2012-05-05 15:00:00,66.06018,67.07436700818339,1.2184837576698881
2012-05-05 15:05:00,66.18055,65.6591659398676,1.3243341925343604
2012-05-05 15:10:00,66.24305,65.7875766954583,1.308992622010507
2012-05-05 15:15:00,66.451385,65.11147581290273,1.4072162813272329
2012-05-05 15:20:00,66.489586,66.46165465167924,1.2490723521891283
2012-05-05 15:25:00,66.52662,66.15492877254343,1.272375048963654
2012-05-05 15:30:00,66.53241,66.32955902172374,1.2583667721453018
2012-05-05 15:35:00,66.240746,66.8752756206343,1.2263782184935696
2012-05-05 15:40:00,66.19445,66.60892246649368,1.2399330398663815
2012-05-05 15:45:00,66.048615,66.60892246649368,1.2399330398663815
2012-05-05 15:50:00,66.085655,66.41170319959816,1.2524605179339987
2012-05-05 15:55:00,66.18982,65.39241403924778,1.3609419749310545
2012-05-05 16:00:00,66.19213,66.55927565197574,1.18540740344823
2012-05-05 16:05:00,65.50926,66.42714100776278,1.1992755404604452
2012-05-05 16:10:00,65.666664,66.23044396821298,1.2234657522547143
2012-05-05 16:15:00,65.6875,66.4513466101624,1.1965994739199715
2012-05-05 16:20:00,65.640045,66.7183051825065,1.1709617886713029
2012-05-05 16:25:00,65.67593,66.42714100776278,1.1992755404604452
2012-05-05 16:30:00,65.59259,66.42714100776278,1.1992755404604452
2012-05-05 16:35:00,65.93634,65.323869118947,1.4097436931627938
2012-05-05 16:40:00,65.97338,66.42714100776278,1.1992755404604452
2012-05-05 16:45:00,66.15046,65.8844764511931,1.2781664336302518
2012-05-05 16:50:00,66.18171,66.66566397180902,1.1754881026628257
2012-05-05 16:55:00,66.31713,66.11722112185876,1.2395336332600138
2012-05-05 17:00:00,66.37731,66.73871438613541,1.1809889794545947
2012-05-05 17:05:00,67.16898,58.320668401872496,11.437209245117769
2012-05-05 17:10:00,67.178246,67.16939636404555,1.1294674927803092
2012-05-05 17:15:00,67.240746,66.72768937234059,1.1826205690520954
2012-05-05 17:20:00,67.203705,66.65015178437186,1.1946075364765096
2012-05-05 17:25:00,67.24537,66.7771962695672,1.1754315616581577
2012-05-05 17:30:00,67.28125,66.19330494662212,1.2868134097588726
2012-05-05 17:35:00,67.18634,67.3051330181206,1.1173887973479297
2012-05-05 17:40:00,67.20602,66.78267983470937,1.1746567948755846
2012-05-05 17:45:00,67.045135,66.97266185300744,1.1502611945255958
2012-05-05 17:50:00,67.00347,66.97266185300744,1.1502611945255958
2012-05-05 17:55:00,67.046295,66.97266185300744,1.1502611945255958
2012-05-05 18:00:00,66.96296,67.11099029986,1.1021211536499351
2012-05-05 18:05:00,66.95602,67.1990253339232,1.0934874023161878
2012-05-05 18:10:00,66.9375,67.28658329630595,1.0856751384508858
2012-05-05 18:15:00,66.864586,67.11099029986,1.1021211536499351
2012-05-05 18:20:00,66.93866,66.61665111672319,1.1693057521170422
2012-05-05 18:25:00,66.88657,67.06681622143178,1.106771415789037
2012-05-05 18:30:00,67.008095,66.53229250146329,1.1848837668422323
2012-05-05 18:35:00,66.98842,66.97327409499738,1.1173777457807046
2012-05-05 18:40:00,66.802086,66.97820439939966,1.1167917531172178
2012-05-05 18:45:00,66.81713,66.37864474298168,1.2173948890290356
2012-05-05 18:50:00,66.75347,66.88930197306966,1.1278541568116278
2012-05-05 18:55:00,66.606476,67.24773162298453,1.0890506653564602
2012-05-05 19:00:00,66.80093,66.80338456762992,1.113765366730037
2012-05-05 19:05:00,66.83912,67.19092861458499,1.0774458744775666
2012-05-05 19:10:00,66.89931,67.22790988803376,1.074728308931306
2012-05-05 19:15:00,67.06945,66.84464414751768,1.109103355810744
2012-05-05 19:20:00,67.111115,66.96897119325847,1.0963088451772023
2012-05-05 19:25:00,67.204865,66.88600611387118,1.1046457469649957
2012-05-05 19:30:00,67.31251,67.07990525262328,1.0863029713094836
2012-05-05 19:35:00,67.44329,66.9274527248456,1.1003837360248079
2012-05-05 19:40:00,67.845406,66.28827971219248,1.1968011538960852
2012-05-05 19:45:00,68.01554,66.51886355669946,1.15292276793697
2012-05-05 19:50:00,68.2042,66.6758633371091,1.1296730815993274
2012-05-05 19:55:00,68.3917,66.68039175015667,1.1290662096326607
2012-05-05 20:00:00,68.35003,67.49498464275975,1.0964765768156062
2012-05-05 20:05:00,68.31184,67.27003671184512,1.1082582076044152
2012-05-05 20:10:00,68.22851,67.38937856620548,1.1016474641940663
2012-05-05 20:15:00,67.97504,67.44225107359578,1.0989827014042306
2012-05-05 20:20:00,67.90559,67.07065077406945,1.1213693715990045
2012-05-05 20:25:00,67.79101,67.19029679129473,1.1131713338659648
2012-05-05 20:30:00,67.81184,67.42904630505195,1.0996337499711597
2012-05-05 20:35:00,67.82689,67.37172792276178,1.1025720279240703
2012-05-05 20:40:00,67.7118,67.77052949661862,1.0856163722984549
2012-05-05 20:45:00,67.729164,67.12381519117767,1.1175984136843995
2012-05-05 20:50:00,67.66087,67.34964778150571,1.1037541228390488
2012-05-05 20:55:00,67.481476,67.34964778150571,1.1037541228390488
2012-05-05 21:00:00,67.3287,67.11335592861883,1.2227774547142263
2012-05-05 21:05:00,67.328705,66.9056791792827,1.236932591284962
2012-05-05 21:10:00,67.16204,66.85373470685292,1.2409153313465269
2012-05-05 21:15:00,67.12037,66.27665660834748,1.300793308526083
2012-05-05 21:20:00,67.046295,66.59491023632948,1.2638487648497194
2012-05-05 21:25:00,67.134254,66.54348104878441,1.2690939276605209
2012-05-05 21:30:00,66.8426,67.28130325801253,1.2131731903491614
2012-05-05 21:35:00,66.66088,67.20392546532182,1.2174088703741488
2012-05-05 21:40:00,66.51852,67.11335592861883,1.2227774547142263
2012-05-05 21:45:00,66.454865,66.97062438904075,1.2322118512990348
2012-05-05 21:50:00,66.200226,66.87104816623888,1.2395667286244143
2012-05-05 21:55:00,66.171295,66.45813793914807,1.278373884156232
2012-05-05 22:00:00,66.19444,66.33026480892565,1.3918442633648176
2012-05-05 22:05:00,66.09722,66.71847043681372,1.365882752362144
2012-05-05 22:10:00,66.101845,65.99815260464968,1.42092753800497
2012-05-05 22:15:00,66.13773,65.87479960992515,1.4337805774418477
2012-05-05 22:20:00,66.166664,66.09004889312372,1.412127315949885
2012-05-05 22:25:00,66.16203,66.68164883996845,1.3680364951337998
2012-05-05 22:30:00,66.2037,65.95693473886534,1.4250842178671987
2012-05-05 22:35:00,66.28125,66.3117477226115,1.3932801437993694
2012-05-05 22:40:00,66.239586,66.37193375666459,1.3886846202952465
2012-05-05 22:45:00,66.07407,66.53393415614583,1.377292968903448
2012-05-05 22:50:00,66.18981,65.67164744638242,1.4579336663542648
2012-05-05 22:55:00,66.116905,66.12229555649886,1.4091843355180347
2012-05-05 23:00:00,66.135414,66.16089863631213,1.6106247448064928
2012-05-05 23:05:00,66.21875,66.06223567348962,1.6175259812573515
2012-05-05 23:10:00,66.297455,65.72531442053015,1.6440227441373478
2012-05-05 23:15:00,66.38079,65.72531442053015,1.6440227441373478
2012-05-05 23:20:00,66.490746,65.92862287845178,1.6274608432427817
2012-05-05 23:25:00,66.43866,66.41547868197988,1.5943455415181056
2012-05-05 23:30:00,66.34491,65.83938667995726,1.6345036213428692
2012-05-05 23:35:00,66.25116,66.37166273366701,1.597000521074941
2012-05-05 23:40:00,66.25926,65.92862287845178,1.6274608432427817
2012-05-05 23:45:00,66.31135,65.57173736241016,1.6578449170139302
2012-05-05 23:50:00,66.265045,65.84434511022728,1.6341029983223905
2012-05-05 23:55:00,66.50463,65.52723888710666,1.6620845652190959
2012-05-06 00:00:00,66.578705,65.93191140949698,1.937351512956653
2012-05-06 00:05:00,66.24537,66.11689263071162,1.9225636852880357
2012-05-06 00:10:00,66.297455,65.74471492017501,1.953102132393849
2012-05-06 00:15:00,66.30672,65.76560905767319,1.951302581226009
2012-05-06 00:20:00,66.241905,66.09646194698962,1.9241616974057871
2012-05-06 00:25:00,66.054405,65.88530120962875,1.9411959304160862
2012-05-06 00:30:00,66.23264,65.07978451674072,2.0170730834551676
2012-05-06 00:35:00,66.26736,65.65044060145192,1.961363230814503
2012-05-06 00:40:00,66.15625,65.63994149391381,1.9622979263839893
2012-05-06 00:45:00,65.947914,65.46088035249524,1.9787103047660155
2012-05-06 00:50:00,65.95718,65.30222783616716,1.9940662719958981
2012-05-06 00:55:00,65.821754,66.25390017051457,1.9120637766967314
2012-05-06 01:00:00,65.69212,66.09244632666126,2.158552413712266
2012-05-06 01:05:00,66.02546,64.15561272426369,2.4127373473088354
2012-05-06 01:10:00,65.827545,65.77527109429133,2.193836937819873
2012-05-06 01:15:00,65.77199,65.57975305670116,2.2165964166880827
2012-05-06 01:20:00,65.68518,65.57975305670116,2.2165964166880827
2012-05-06 01:25:00,65.58102,64.6714313922693,2.3344589334780586
2012-05-06 01:30:00,65.36806,65.67501210714975,2.205406919970588
2012-05-06 01:35:00,64.98842,65.57975305670116,2.2165964166880827
2012-05-06 01:40:00,65.25959,64.79146710703955,2.3175697652676135
2012-05-06 01:45:00,65.62765,64.0407129323834,2.43161274175015
2012-05-06 01:50:00,65.66353,65.04209573530909,2.283698521510442
2012-05-06 01:55:00,65.73644,65.39893157121831,2.238387511249669
2012-05-06 02:00:00,65.82903,64.98395556144693,2.656651117504176
2012-05-06 02:05:00,65.714455,65.51850307566217,2.573193983774812
2012-05-06 02:10:00,65.77232,64.22321820201309,2.7875886025517898
2012-05-06 02:15:00,65.81862,64.82668567776744,2.6824432502591002
2012-05-06 02:20:00,65.6832,64.64770780137816,2.7125579550591734
2012-05-06 02:25:00,65.808205,63.54564722366752,2.9200870287554177
2012-05-06 02:30:00,65.988754,64.01862927539388,2.825783783111404
2012-05-06 02:35:00,66.239914,62.92711926547193,3.059288623590325
2012-05-06 02:40:00,65.87615,65.80105892509393,2.5314194305230204
2012-05-06 02:45:00,65.64468,65.59262639690279,2.562089116843918
2012-05-06 02:50:00,65.603004,64.76725527422617,2.692350364651922
2012-05-06 02:55:00,65.603004,65.34959114471307,2.598906945772316
2012-05-06 03:00:00,64.87153,65.13812194253492,2.9296994000755006
2012-05-06 03:05:00,64.87153,64.4936190482785,3.050317895879292
2012-05-06 03:10:00,65.08449,64.15188135914495,3.1185694675332587
2012-05-06 03:15:00,65.06944,64.70697843931003,3.0093037646241587
2012-05-06 03:20:00,65.14352,63.41834637178119,3.27801898728721
2012-05-06 03:25:00,65.18172,63.8631572369356,3.1790110375554836
2012-05-06 03:30:00,64.93172,64.67959486604042,3.0145036827637717
2012-05-06 03:35:00,64.94907,63.99011967351577,3.1520951458427766
2012-05-06 03:40:00,64.646164,63.30579583157219,3.3043740379233153
2012-05-06 03:45:00,64.73876,63.87021368486012,3.177500488579152
2012-05-06 03:50:00,64.600365,64.1167733040893,3.1257756085649753
2012-05-06 03:55:00,63.738102,64.98478791505364,2.9575401225359426
2012-05-06 04:00:00,64.04365,61.380950716189545,3.928310099083255
2012-05-06 04:05:00,63.9499,64.35244659556659,3.1481566046329523
2012-05-06 04:10:00,63.866566,65.24456608390847,2.9968976609498736
2012-05-06 04:15:00,63.64484,64.47274422506291,3.127124418967546
2012-05-06 04:20:00,63.70966,63.759180265230505,3.255940611315053
2012-05-06 04:25:00,63.18188,63.97164425680207,3.21646298909349
2012-05-06 04:30:00,62.92725,63.11239590472081,3.384646747854184
2012-05-06 04:35:00,62.857803,63.97164425680207,3.21646298909349
2012-05-06 04:40:00,63.16882,61.79523913583199,3.7390433916195143
2012-05-06 04:45:00,63.28787,64.29226060601648,3.1587692392099505
2012-05-06 04:50:00,62.645008,63.20978482952274,3.3642439229821726
2012-05-06 04:55:00,62.246857,60.997957531241546,4.22805755880945
2012-05-06 05:00:00,62.311672,63.54062849189311,2.8495091541207427
2012-05-06 05:05:00,62.006115,64.4340015691476,2.7593303088620704
2012-05-06 05:10:00,61.98528,65.19778282688152,2.7029044185054683
2012-05-06 05:15:00,62.113255,63.97949018715303,2.798244404995397
2012-05-06 05:20:00,62.141037,64.68282852494175,2.740486081323762
2012-05-06 05:25:00,62.604,62.73717284212091,3.077932825179025
2012-05-06 05:30:00,62.98363,63.041121273275564,2.9535538148207974
2012-05-06 05:35:00,62.960484,64.25278655886567,2.773883383441651
2012-05-06 05:40:00,62.783398,64.03413564777826,2.7930629110792644
2012-05-06 05:45:00,62.601852,65.36618856638312,2.6905237408529605
2012-05-06 05:50:00,63.497684,62.21865837793133,3.539015246530678
2012-05-06 05:55:00,64.70139,61.13248072601673,4.800881649489479
2012-05-06 06:00:00,64.99421,65.15378535101412,2.3183603305993064
2012-05-06 06:05:00,65.484955,64.76222219766586,2.4038365930778007
2012-05-06 06:10:00,65.44329,66.1455733019498,2.2815315539439127
2012-05-06 06:15:00,65.65162,65.70728989292495,2.283656584892262
2012-05-06 06:20:00,65.65162,65.92205231379289,2.281316396989512
2012-05-06 06:25:00,65.79282,65.51750015706226,2.289374650940056
2012-05-06 06:30:00,65.990746,65.63790761985216,2.285251170282457
2012-05-06 06:35:00,66.10764,65.42976032593566,2.2937326621719154
2012-05-06 06:40:00,66.62847,64.84916035255627,2.3774776410159504
2012-05-06 06:45:00,66.69097,65.70728989292495,2.283656584892262
2012-05-06 06:50:00,66.62847,66.1455733019498,2.2815315539439127
2012-05-06 06:55:00,66.59144,66.05355700383971,2.2812187278370173
2012-05-06 07:00:00,66.483795,67.06479320609121,1.990095110119862
2012-05-06 07:05:00,66.31944,67.2254415761228,1.9884724581992108
2012-05-06 07:10:00,66.19444,66.96547652452448,1.9927174764276456
2012-05-06 07:15:00,66.16319,67.36960536914461,1.9891273636889297
2012-05-06 07:20:00,66.00695,66.89998959512629,1.995274987095286
2012-05-06 07:25:00,66.04167,66.96547652452448,1.9927174764276456
2012-05-06 07:30:00,65.97338,67.26697826107868,1.9884840734705358
2012-05-06 07:35:00,65.89005,66.80290372803258,2.000485363429387
2012-05-06 07:40:00,65.76042,67.43849745699941,1.989980693021869
2012-05-06 07:45:00,65.86756,66.89998959512629,1.995274987095286
2012-05-06 07:50:00,66.05804,66.89998959512629,1.995274987095286
2012-05-06 07:55:00,66.00595,66.89998959512629,1.995274987095286
2012-05-06 08:00:00,66.113594,67.02500984856695,1.9596422718656654
2012-05-06 08:05:00,66.27795,67.00010204887047,1.9636195454808918
2012-05-06 08:10:00,66.51174,66.85063347391214,1.9903112758079153
2012-05-06 08:15:00,66.56382,67.63463820960835,1.8954790235346355
2012-05-06 08:20:00,66.803406,66.66367555009906,2.0312225755677438
2012-05-06 08:25:00,66.8416,67.4233818205623,1.9114606726469443
2012-05-06 08:30:00,66.952705,67.39020572780072,1.914496946107354
2012-05-06 08:35:00,67.08813,66.81325737024422,1.9977886771863063
2012-05-06 08:40:00,67.236275,67.35702112014037,1.9176921099523876
2012-05-06 08:45:00,67.285385,67.60804015800217,1.897197327140475
2012-05-06 08:50:00,67.21528,67.90506225674777,1.8820022084252486
2012-05-06 08:55:00,67.47569,67.03746269517859,1.9577017205012195
2012-05-06 09:00:00,67.50695,67.30098237582597,2.0246622762571906
2012-05-06 09:05:00,67.446754,67.50295808891185,1.9953591644351747
2012-05-06 09:10:00,67.56713,67.61439328122164,1.9811476129514782
2012-05-06 09:15:00,67.62269,67.76147192880755,1.964293142211823
2012-05-06 09:20:00,67.65394,67.4281483540892,2.0056566216658074
2012-05-06 09:25:00,67.708336,67.47027945018426,1.9997799174168025
2012-05-06 09:30:00,67.81135,67.72486513289302,1.9682965093931541
2012-05-06 09:35:00,67.95718,67.17268261060572,2.045902869262115
2012-05-06 09:40:00,67.80324,67.83434504336013,1.9566794282814477
2012-05-06 09:45:00,67.88657,67.72028207021638,1.968806550346318
2012-05-06 09:50:00,67.93287,67.57735344188372,1.9857266851964699
2012-05-06 09:55:00,67.90046,67.9247919299184,1.947855419396772
2012-05-06 10:00:00,68.06713,67.29010793036312,2.2602854203210567
2012-05-06 10:05:00,68.296295,67.10721555919419,2.3068967846832735
2012-05-06 10:10:00,68.332756,67.98469519219371,2.1225411415108213
2012-05-06 10:15:00,68.41262,67.87297654572754,2.141008614446993
2012-05-06 10:20:00,68.56193,67.42482315260887,2.2289542346559017
2012-05-06 10:25:00,68.63996,67.56719178542109,2.1984254446913813
2012-05-06 10:30:00,68.51496,68.02617550673958,2.115997545642812
2012-05-06 10:35:00,68.58904,67.64471970141422,2.1828549880514276
2012-05-06 10:40:00,68.85987,67.06090456752857,2.3194835332701476
2012-05-06 10:45:00,68.88071,67.9429882685996,2.129289428721584
2012-05-06 10:50:00,68.677,67.64471970141422,2.1828549880514276
2012-05-06 10:55:00,67.84631,67.68321321495164,2.175388512148555
2012-05-06 11:00:00,66.21668,67.89306420067032,2.261056018660153
2012-05-06 11:05:00,64.445854,67.97767132043245,2.2434181994847173
2012-05-06 11:10:00,62.992733,68.04041054836651,2.230803236024203
2012-05-06 11:15:00,61.385086,68.10254349770662,2.218686757582801
2012-05-06 11:20:00,61.371197,67.94958882825036,2.2491915233686357
2012-05-06 11:25:00,61.384586,67.79501956190835,2.2824288076937003
2012-05-06 11:30:00,61.488754,67.40750230573231,2.3775086224899753
2012-05-06 11:35:00,61.488758,67.85510792680891,2.2692086262930236
2012-05-06 11:40:00,61.395008,68.10254349770662,2.218686757582801
2012-05-06 11:45:00,61.395008,67.93550488899088,2.2521172811567975
2012-05-06 11:50:00,61.589447,66.60754121343672,2.635556939222081
2012-05-06 11:55:00,62.369213,63.33748057096548,4.8322113739742685
2012-05-06 12:00:00,63.88426,58.14006694641768,8.97578496753315
2012-05-06 12:05:00,65.52315,56.93671091515443,9.982019215624389
2012-05-06 12:10:00,66.78356,60.0310737900973,7.336843096130071
2012-05-06 12:15:00,68.23727,58.83876504264939,8.378821969549115
2012-05-06 12:20:00,68.10764,67.8906236882721,2.190771678101265
2012-05-06 12:25:00,67.89931,67.84777271237259,2.1992962191827856
2012-05-06 12:30:00,67.73264,67.84777271237259,2.1992962191827856
2012-05-06 12:35:00,67.65856,67.85254648504689,2.1983387974374757
2012-05-06 12:40:00,67.63773,67.71749618521662,2.226179935258834
2012-05-06 12:45:00,67.36541,67.93319132868972,2.1824545949628846
2012-05-06 12:50:00,67.18023,67.49946677273384,2.2746082588615595
2012-05-06 12:55:00,67.11079,67.35686889036474,2.30875532451832
2012-05-06 13:00:00,67.20685,67.46999178308143,2.0122492078704073
2012-05-06 13:05:00,67.14088,67.48518111641245,2.009400150925649
2012-05-06 13:10:00,67.17213,67.2852631903095,2.048448690486839
2012-05-06 13:15:00,67.08648,67.52553731597693,2.0019208581716597
2012-05-06 13:20:00,66.9661,67.40381155697743,2.024884917125235
2012-05-06 13:25:00,67.09226,66.99922720977584,2.1105521937048977
2012-05-06 13:30:00,67.040184,67.19114970526674,2.06803938834533
2012-05-06 13:35:00,67.02166,67.6056001203021,1.9874648816233143
2012-05-06 13:40:00,67.00083,67.69464988108268,1.971964242703016
2012-05-06 13:45:00,67.10648,66.79491960117117,2.159830152895275
2012-05-06 13:50:00,67.2801,66.71826210364578,2.1794496590001424
2012-05-06 13:55:00,67.391205,67.11179262880621,2.08519135392379
2012-05-06 14:00:00,67.24305,67.8917756621035,1.610082216695984
2012-05-06 14:05:00,67.25347,67.18774786969745,1.6955161197782227
2012-05-06 14:10:00,67.15972,67.42536929287591,1.6632117583215926
2012-05-06 14:15:00,67.0868,67.13949797327673,1.7025657587505805
2012-05-06 14:20:00,67.15972,66.8449380747029,1.7495767373996232
2012-05-06 14:25:00,67.06481,67.57012622128552,1.6453588860319857
2012-05-06 14:30:00,67.15509,66.94409427861292,1.732956285450243
2012-05-06 14:35:00,67.20486,67.5290139461797,1.6502967411023457
2012-05-06 14:40:00,67.103004,67.61104295040589,1.640545209041141
2012-05-06 14:45:00,66.978004,67.28352389614311,1.6820249302142845
2012-05-06 14:50:00,66.79051,67.51870424321922,1.6515511459024752
2012-05-06 14:55:00,66.734955,67.61104295040589,1.640545209041141
2012-05-06 15:00:00,66.74537,67.18674367534616,1.3970975479649554
2012-05-06 15:05:00,66.79745,67.18674367534616,1.3970975479649554
2012-05-06 15:10:00,66.87731,66.93668269710537,1.421781468127805
2012-05-06 15:15:00,67.00231,66.73280451235044,1.445057233197235
2012-05-06 15:20:00,67.05903,67.13718378993417,1.4016798837600002
2012-05-06 15:25:00,67.20486,67.08739284517841,1.4064331183204326
2012-05-06 15:30:00,67.166664,67.31773545399919,1.3856652505406792
2012-05-06 15:35:00,67.15625,67.71522917500666,1.3563662700763441
2012-05-06 15:40:00,67.081024,67.09847710724102,1.4053619173528216
2012-05-06 15:45:00,67.21413,66.62969362749212,1.4580462662482514
2012-05-06 15:50:00,67.28356,66.57786171787052,1.4649098161131577
2012-05-06 15:55:00,67.266205,67.31773545399919,1.3856652505406792
2012-05-06 16:00:00,66.89468,67.30798393677232,1.2962750569866233
2012-05-06 16:05:00,65.80688,67.50071730577686,1.2746015169813767
2012-05-06 16:10:00,65.24206,67.388603057707,1.2867787567910376
2012-05-06 16:15:00,65.28373,67.40467503298417,1.2849615824529117
2012-05-06 16:20:00,65.37632,67.47410795042003,1.2773886851496756
2012-05-06 16:25:00,64.85318,67.8308428387924,1.2447496985552293
2012-05-06 16:30:00,63.728176,67.21070994085237,1.308632355753297
2012-05-06 16:35:00,63.749012,67.73756701804234,1.2523608313141992
2012-05-06 16:40:00,64.018684,66.81714060911499,1.3706857412265652
2012-05-06 16:45:00,64.12516,67.34565912996827,1.2917563307489737
2012-05-06 16:50:00,64.32887,66.99827538056856,1.3394809587886887
2012-05-06 16:55:00,64.34971,67.30798393677232,1.2962750569866233
2012-05-06 17:00:00,64.85664,65.47342259070969,1.8132516177167053
2012-05-06 17:05:00,65.97569,49.68265077748436,30.039212360247642
2012-05-06 17:10:00,66.57226,64.48216492215467,2.9698462429040586
2012-05-06 17:15:00,66.61971,67.60350711664724,1.158947184911668
2012-05-06 17:20:00,66.62897,67.89796697257763,1.132649201898534
2012-05-06 17:25:00,67.24587,65.28273336111512,1.967384614171083
2012-05-06 17:30:00,68.42295,45.81061941231897,37.78404671248551
2012-05-06 17:35:00,68.37202,67.83687082342068,1.1375513952674061
2012-05-06 17:40:00,68.28985,68.0584511563729,1.1210057453686717
2012-05-06 17:45:00,68.2586,67.83687082342068,1.1375513952674061
2012-05-06 17:50:00,68.29564,67.93842656734148,1.1295492150404993
2012-05-06 17:55:00,68.27364,67.4122444219711,1.1800684284077243
2012-05-06 18:00:00,68.127815,67.88597882582489,1.0421269273340605
2012-05-06 18:05:00,68.11739,67.61234727268753,1.0585972411466862
2012-05-06 18:10:00,68.09491,67.50548805225019,1.0662484413997153
2012-05-06 18:15:00,67.891205,67.77573666873995,1.0482547691768003
2012-05-06 18:20:00,67.733795,67.89591241947609,1.041606687786982
2012-05-06 18:25:00,67.65046,68.19171222972096,1.02831442643309
2012-05-06 18:30:00,67.65509,67.42445128591466,1.072558693438938
2012-05-06 18:35:00,67.71992,67.57095433227714,1.0614739492609837
2012-05-06 18:40:00,67.79282,67.65865689959585,1.0555049013797984
2012-05-06 18:45:00,67.74074,67.65865689959585,1.0555049013797984
2012-05-06 18:50:00,67.69445,68.05284971773655,1.0340398206341848
2012-05-06 18:55:00,67.79977,67.27553134338883,1.0853952148622523
2012-05-06 19:00:00,67.95602,67.16246108283393,1.0413559062168893
2012-05-06 19:05:00,68.02894,67.4965841976466,1.0240684439739576
2012-05-06 19:10:00,68.103004,67.3337188683954,1.031874855700642
2012-05-06 19:15:00,68.34259,66.76767450626404,1.0690600416904563
2012-05-06 19:20:00,68.48148,67.11919163081173,1.043974756791207
2012-05-06 19:25:00,68.39815,67.77225164231295,1.0132481956934776
2012-05-06 19:30:00,68.509254,67.37604886303188,1.0297372452502707
2012-05-06 19:35:00,68.52662,67.78724531098399,1.012739593669201
2012-05-06 19:40:00,68.46181,67.90594368227981,1.0089831808038092
2012-05-06 19:45:00,68.52431,67.35490841651065,1.030795221423008
2012-05-06 19:50:00,68.520836,67.78724531098399,1.012739593669201
2012-05-06 19:55:00,68.54514,67.68155619191519,1.0164962364665284
2012-05-06 20:00:00,68.47222,67.77105596657944,1.0384370167181571
2012-05-06 20:05:00,68.32639,67.72639843771381,1.0396405027203015
2012-05-06 20:10:00,68.18751,67.57530900578736,1.0441292191317817
2012-05-06 20:15:00,67.97917,67.77105596657944,1.0384370167181571
2012-05-06 20:20:00,67.83912,67.65631200921416,1.0416419341275538
2012-05-06 20:25:00,67.740746,67.3110238149721,1.0536150982186756
2012-05-06 20:30:00,67.65476,67.77599698135963,1.0383070235858203
2012-05-06 20:35:00,67.47999,67.77105596657944,1.0384370167181571
2012-05-06 20:40:00,67.378136,67.53445277101751,1.0454563269265
2012-05-06 20:45:00,67.242714,67.54468797603089,1.045119187371711
2012-05-06 20:50:00,67.03323,67.68142766738039,1.040908710853723
2012-05-06 20:55:00,66.654755,67.6964523101083,1.0404788419744742
2012-05-06 21:00:00,66.63392,67.23786970875994,1.1420435532407607
2012-05-06 21:05:00,66.458,66.86134085528089,1.1591861138613406
2012-05-06 21:10:00,66.39319,66.73306814785742,1.1661013316573128
2012-05-06 21:15:00,66.49735,66.61992754296453,1.1727019283938607
2012-05-06 21:20:00,66.42444,66.81337892264939,1.1617034902804888
2012-05-06 21:25:00,66.33532,66.64693499209055,1.1710819837363216
2012-05-06 21:30:00,66.11805,67.18494109797737,1.144187690791238
2012-05-06 21:35:00,66.12616,66.77595793033392,1.1637237538549785
2012-05-06 21:40:00,66.10532,66.86134085528089,1.1591861138613406
2012-05-06 21:45:00,66.06366,66.71695448814548,1.1670119066250444
2012-05-06 21:50:00,66.146996,66.51694482661739,1.1791446138108004
2012-05-06 21:55:00,66.06366,65.73411372285751,1.2449352462100585
2012-05-06 22:00:00,65.93866,66.8292728861055,1.3103365148365207
2012-05-06 22:05:00,65.947914,65.72455730658652,1.386181373564396
2012-05-06 22:10:00,66.05903,66.1171175189789,1.3539091209899914
2012-05-06 22:15:00,65.94444,66.78263915900824,1.3126959428502647
2012-05-06 22:20:00,65.953705,66.16048446214177,1.3507471340981103
2012-05-06 22:25:00,66.016205,65.91575849817848,1.3696016789048817
2012-05-06 22:30:00,66.05489,65.86663438570447,1.3736973971355528
2012-05-06 22:35:00,66.11161,66.49878094542491,1.3284654612091311
2012-05-06 22:40:00,66.16369,66.45086333773685,1.3313787210840216
2012-05-06 22:45:00,66.29911,66.20917888374838,1.347283713855882
2012-05-06 22:50:00,66.275955,66.58884691635471,1.3231916607466145
2012-05-06 22:55:00,66.459984,65.03518694819016,1.4633023693688898
2012-05-06 23:00:00,66.550255,66.02281273056578,1.5491432890628472
2012-05-06 23:05:00,66.60234,65.51295480322304,1.5897430236328463
2012-05-06 23:10:00,66.437996,66.40859894045641,1.5236170540484872
2012-05-06 23:15:00,66.43568,66.02281273056578,1.5491432890628472
2012-05-06 23:20:00,66.52017,65.96680012432043,1.5531956910837241
2012-05-06 23:25:00,66.68568,65.97240960315737,1.5527853219160421
2012-05-06 23:30:00,66.73032,65.8057565087088,1.5653801922922528
2012-05-06 23:35:00,66.68403,66.53791286868996,1.515922804603396
2012-05-06 23:40:00,66.4757,66.46807372827841,1.5200274382594383
2012-05-06 23:45:00,66.19445,66.61255820959586,1.5116642871451964
2012-05-06 23:50:00,66.23611,66.25572422797643,1.5332543692749976
2012-05-06 23:55:00,66.177086,65.64997759270533,1.577967526834705
2012-05-07 00:00:00,66.14931,66.15329800625061,1.812592862721356
2012-05-07 00:05:00,66.365746,65.45033082310881,1.8734037182663918
2012-05-07 00:10:00,66.26157,65.29173381680027,1.8889718162497167
2012-05-07 00:15:00,65.95139,65.70021202424462,1.8503489326213434
2012-05-07 00:20:00,65.83912,66.06970326938355,1.8191986292178741
2012-05-07 00:25:00,65.59028,66.4590431885955,1.7896939115913364
2012-05-07 00:30:00,65.68403,65.7117414048658,1.8493259283542878
2012-05-07 00:35:00,65.49884,66.01922475396891,1.823263603323614
2012-05-07 00:40:00,65.36343,65.13215753779541,1.9054399420003747
2012-05-07 00:45:00,65.6007,64.91838535218513,1.9288889199888652
2012-05-07 00:50:00,64.958336,66.15329800625061,1.812592862721356
2012-05-07 00:55:00,64.88958,65.02537644971322,1.916944252623433
2012-05-07 01:00:00,64.525,64.2198970503017,2.699589378533261
2012-05-07 01:05:00,64.2044,64.80476349233395,2.6194534113496126
2012-05-07 01:10:00,64.11181,62.76147966741945,2.9386084763591698
2012-05-07 01:15:00,64.59097,62.065887720777916,3.0857124461266374
2012-05-07 01:20:00,64.37801,63.62388226195123,2.789079525724848
2012-05-07 01:25:00,64.27384,63.30494013616548,2.8411391718028676
2012-05-07 01:30:00,63.825928,64.40100942193446,2.674060391752834
2012-05-07 01:35:00,63.86528,63.13602717793983,2.8701381430114252
2012-05-07 01:40:00,64.15,62.40813670065595,3.0095484863751754
2012-05-07 01:45:00,63.787735,64.32737018900694,2.684357322365163
2012-05-07 01:50:00,63.457874,60.91494563103674,3.4335093461287287
2012-05-07 01:55:00,63.891205,62.666360391481895,2.9570376990052893
2012-05-07 02:00:00,63.903934,61.37635963463663,3.677695533747581
2012-05-07 02:05:00,64.02894,62.23984742538831,3.4611034925483524
2012-05-07 02:10:00,63.902775,61.501814698638896,3.6434068077670445
2012-05-07 02:15:00,63.66898,64.23787775733031,3.070053487942975
2012-05-07 02:20:00,63.931713,61.663070157589054,3.6009187683020834
2012-05-07 02:25:00,64.13657,61.986563342863754,3.5203872588520153
2012-05-07 02:30:00,64.24074,61.08810135823729,3.7611810306937694
2012-05-07 02:35:00,63.803238,62.690687179137285,3.362346747164793
2012-05-07 02:40:00,63.164352,63.427617405434376,3.2156517595562355
2012-05-07 02:45:00,62.758102,61.495161428946204,3.64519736933792
2012-05-07 02:50:00,63.494213,59.25620033023183,4.796942633581463
2012-05-07 02:55:00,62.129627,64.61004597390313,3.007399765020305
2012-05-07 03:00:00,62.120377,60.80732518384099,3.9981923183555033
2012-05-07 03:05:00,61.916504,62.380076556374554,3.6097151334343778
2012-05-07 03:10:00,61.903774,60.20806868526285,4.1875462812802065
2012-05-07 03:15:00,61.29266,62.149717736425174,3.660616960959516
2012-05-07 03:20:00,60.53224,62.64930681915609,3.5520514972172346
2012-05-07 03:25:00,60.597057,62.626830082397014,3.556796313301962
2012-05-07 03:30:00,60.27414,61.02928266635907,3.9359883422987685
2012-05-07 03:35:00,60.45122,59.72780310928274,4.3785221395753195
2012-05-07 03:40:00,60.840115,59.45573354312081,4.520861311431145
2012-05-07 03:45:00,61.246365,59.25248492683971,4.667604317728438
2012-05-07 03:50:00,60.81928,61.65346891386208,3.776070206425849
2012-05-07 03:55:00,61.360947,59.09762082841903,5.716941131759616
2012-05-07 04:00:00,60.85301,61.3918800829349,3.6101020421274748
2012-05-07 04:05:00,60.0911,61.693170089262274,3.542881425935238
2012-05-07 04:10:00,60.054066,60.8900999407772,3.7523093368925244
2012-05-07 04:15:00,60.52397,60.15930225045748,4.167173570074593
2012-05-07 04:20:00,60.898975,60.03832543169219,4.32246307224467
2012-05-07 04:25:00,60.408234,63.38212331001563,3.2624361736600105
2012-05-07 04:30:00,60.345734,60.39787799500869,3.9753785607161842
2012-05-07 04:35:00,60.376984,61.19243936943845,3.6608781339696645
2012-05-07 04:40:00,60.358463,61.79186773750266,3.522741672866132
2012-05-07 04:45:00,60.275135,61.47195054362268,3.5912680057659223
2012-05-07 04:50:00,60.118885,60.39787799500869,3.9753785607161842
2012-05-07 04:55:00,60.52513,60.34453650064146,4.010356429793361
2012-05-07 05:00:00,60.9671,61.91718114767116,3.195530979580392
2012-05-07 05:05:00,61.349537,61.532436017664565,3.8867894648599015
2012-05-07 05:10:00,61.46991,62.671316608657015,2.6044330409054037
2012-05-07 05:15:00,61.67593,63.441228181856275,2.4836471249838956
2012-05-07 05:20:00,61.81134,62.8961800210424,2.5473818098556986
2012-05-07 05:25:00,62.052082,62.77096847164851,2.575763910766972
2012-05-07 05:30:00,62.4375,62.253009921687514,2.821686499860139
2012-05-07 05:35:00,62.322918,63.087444425373725,2.5162522448293836
2012-05-07 05:40:00,62.38773,63.35078372812626,2.4897319695546876
2012-05-07 05:45:00,62.585648,62.926960185949746,2.5414837738568017
2012-05-07 05:50:00,63.284718,62.06511124619444,3.0020599740922855
2012-05-07 05:55:00,63.461803,63.51706263430978,2.479441506705191
2012-05-07 06:00:00,63.56482,64.90539967169008,1.9520900016821967
2012-05-07 06:05:00,64.012726,64.22972960741012,2.268599336332455
2012-05-07 06:10:00,64.34838,64.98410007737702,1.9330616060806716
2012-05-07 06:15:00,64.40393,65.99590277258044,1.872612544727643
2012-05-07 06:20:00,64.65394,65.25343234834916,1.8891261673329032
2012-05-07 06:25:00,64.8669,65.43401911041157,1.8742139390699946
2012-05-07 06:30:00,65.0868,65.22349460213356,1.8925970121515021
2012-05-07 06:35:00,65.40972,64.73758002127504,2.0038809389163093
2012-05-07 06:40:00,65.65972,65.46194863110212,1.872722630204657
2012-05-07 06:45:00,65.83681,65.4689597156809,1.8723787262006668
2012-05-07 06:50:00,65.79977,65.90294443591324,1.86966883741419
2012-05-07 06:55:00,65.81019,65.96863975781665,1.871654663118462
2012-05-07 07:00:00,66.24884,66.03742189370332,1.9646369572099023
2012-05-07 07:05:00,66.39468,66.37441479642075,1.881735012681821
2012-05-07 07:10:00,66.40955,66.96534043448726,1.8062702462777278
2012-05-07 07:15:00,66.37252,67.15658725644269,1.7961744319374133
2012-05-07 07:20:00,66.41419,67.0026380349421,1.8038566804189011
2012-05-07 07:25:00,66.40493,67.08989313987989,1.799071997103413
2012-05-07 07:30:00,66.479004,66.85790736327608,1.814557809122448
2012-05-07 07:35:00,66.5415,66.59515897818078,1.8443565503572792
2012-05-07 07:40:00,66.49521,67.2569600524752,1.7929449192280718
2012-05-07 07:45:00,66.39915,67.0026380349421,1.8038566804189011
2012-05-07 07:50:00,66.62252,66.72627640351084,1.8276711240932089
2012-05-07 07:55:00,66.56002,66.96534043448726,1.8062702462777278
2012-05-07 08:00:00,66.47321,67.64624024872116,2.085911077967856
2012-05-07 08:05:00,66.41071,66.78244749961424,2.1967923642448794
2012-05-07 08:10:00,66.55093,66.94020715315077,2.1713504845822293
2012-05-07 08:15:00,66.65972,66.94603603155717,2.1704599359443684
2012-05-07 08:20:00,66.75347,67.10374575277788,2.147641483243269
2012-05-07 08:25:00,66.80093,66.98680993585977,2.164325989779598
2012-05-07 08:30:00,66.81945,67.06820296318654,2.1525732859117133
2012-05-07 08:35:00,67.02778,66.69010060388378,2.212922920245514
2012-05-07 08:40:00,67.08681,67.02753162336151,2.1583648485901317
2012-05-07 08:45:00,67.30787,66.49443063320432,2.250281267234275
2012-05-07 08:50:00,67.203705,67.5566744910086,2.0945076915854326
2012-05-07 08:55:00,67.39352,66.59753187575565,2.2300477909413754
2012-05-07 09:00:00,67.41782,66.79327127104533,2.3358958003947854
2012-05-07 09:05:00,67.4699,65.96515111181594,2.4125989579522713
2012-05-07 09:10:00,67.24769,67.10124234286953,2.3148011029115465
2012-05-07 09:15:00,67.20602,66.95852323445025,2.3242005275906736
2012-05-07 09:20:00,67.0706,67.05738571885554,2.3176261282604598
2012-05-07 09:25:00,66.96759,66.71047512487625,2.342125301821675
2012-05-07 09:30:00,66.875,66.66075959779536,2.3459947225248103
2012-05-07 09:35:00,66.614586,67.15597735827505,2.3113481111951697
2012-05-07 09:40:00,66.53125,66.8098186268907,2.33468151500883
2012-05-07 09:45:00,66.333336,67.00798637043754,2.320874465719879
2012-05-07 09:50:00,66.20486,66.61102060282273,2.349968213388838
2012-05-07 09:55:00,66.047455,66.96952056740692,2.323454383625497
2012-05-07 10:00:00,65.828705,66.50917775550317,2.263439915882135
2012-05-07 10:05:00,65.7743,65.8146590282237,2.287740546925583
2012-05-07 10:10:00,65.89468,65.64501414843568,2.297225788136784
2012-05-07 10:15:00,65.83218,66.36011389042004,2.2670519092405237
2012-05-07 10:20:00,65.81944,66.01254937001605,2.278663664831917
2012-05-07 10:25:00,65.55788,65.82014265270317,2.287461632070602
2012-05-07 10:30:00,65.43751,65.82014265270317,2.287461632070602
2012-05-07 10:35:00,65.489586,65.5197490397351,2.305353184845496
2012-05-07 10:40:00,65.384254,66.01254937001605,2.278663664831917
2012-05-07 10:45:00,65.42593,65.66685516047876,2.2959096132347434
2012-05-07 10:50:00,65.23148,65.60138095892577,2.2999433314315674
2012-05-07 10:55:00,65.31482,65.82014265270317,2.287461632070602
2012-05-07 11:00:00,65.210655,65.2529779138386,2.109446577118546
2012-05-07 11:05:00,65.44213,65.33563977975733,2.1072716435230237
2012-05-07 11:10:00,65.44098,65.96227800102386,2.108682149855914
2012-05-07 11:15:00,65.11806,65.81521181426541,2.1058078078154048
2012-05-07 11:20:00,64.9051,65.7104317718982,2.1046358076541125
2012-05-07 11:25:00,65.00926,64.43481889558973,2.1685274099461886
2012-05-07 11:30:00,64.90741,65.04753736383307,2.1176231495928284
2012-05-07 11:35:00,64.69907,65.53292612744077,2.104479468772257
2012-05-07 11:40:00,64.671295,65.2942774573802,2.1082831215246656
2012-05-07 11:45:00,64.409386,65.62679505391,2.1042644304924036
2012-05-07 11:50:00,64.55522,64.52364627510283,2.1584559758082014
2012-05-07 11:55:00,64.3249,65.96227800102386,2.108682149855914
2012-05-07 12:00:00,64.35615,64.73661714050057,1.8825498766270903
2012-05-07 12:05:00,63.97652,66.26552386773228,1.9104093348317008
2012-05-07 12:10:00,63.559856,65.8565502533899,1.881391835559434
2012-05-07 12:15:00,63.683697,64.34084258348943,1.9196077544962022
2012-05-07 12:20:00,63.98231,64.70711570125839,1.8845787070204691
2012-05-07 12:25:00,63.940643,64.82526579614532,1.87713665582288
2012-05-07 12:30:00,64.098045,64.55022624367486,1.8973203184745164
2012-05-07 12:35:00,64.18833,64.56000785973382,1.8964287907716395
2012-05-07 12:40:00,64.159225,65.10226284077186,1.8666143177421202
2012-05-07 12:45:00,64.16071,64.42201020334777,1.910234720069549
2012-05-07 12:50:00,64.09821,65.09234200463449,1.8668292818503816
2012-05-07 12:55:00,63.99405,64.86966721050337,1.874806169564378
2012-05-07 13:00:00,64.03919,64.81644476154149,1.7076393255830296
2012-05-07 13:05:00,64.106316,64.57439922540827,1.7176068601547854
2012-05-07 13:10:00,64.31465,64.01805324397522,1.7755181924037895
2012-05-07 13:15:00,64.166504,64.81150161061946,1.7077579259588178
2012-05-07 13:20:00,64.006775,65.94616597308693,1.7544775882626782
2012-05-07 13:25:00,64.04844,64.59414230880277,1.7164677402602762
2012-05-07 13:30:00,63.77728,65.16849566936897,1.707591114048156
2012-05-07 13:35:00,63.703205,64.8906522230362,1.7062674403981524
2012-05-07 13:40:00,63.657078,64.92459876579368,1.7058918132042156
2012-05-07 13:45:00,63.625828,64.37216764999822,1.7327721693071416
2012-05-07 13:50:00,63.551754,64.77195051401874,1.7088315745889684
2012-05-07 13:55:00,63.645496,64.37216764999822,1.7327721693071416
2012-05-07 14:00:00,63.53786,64.8229801540314,1.7223786005274493
2012-05-07 14:05:00,63.31911,64.6696384572075,1.7197591343289174
2012-05-07 14:10:00,63.214947,64.7153200732454,1.720280390026808
2012-05-07 14:15:00,63.322586,63.99639660767581,1.7486082937557252
2012-05-07 14:20:00,62.95106,65.0751217641055,1.7311818265320147
2012-05-07 14:25:00,62.84921,64.57905786893728,1.7194514705648336
2012-05-07 14:30:00,62.98611,63.834883537806206,1.7692497138052448
2012-05-07 14:35:00,63.001156,64.38115417625839,1.722669026813526
2012-05-07 14:40:00,62.86343,64.53413894454674,1.719687655165598
2012-05-07 14:45:00,62.917004,64.05335100029485,1.7428327224725655
2012-05-07 14:50:00,62.981815,64.26436607948314,1.7274999486995373
2012-05-07 14:55:00,62.81515,64.57905786893728,1.7194514705648336
2012-05-07 15:00:00,62.898483,64.03349363331124,2.2025978934340933
2012-05-07 15:05:00,63.235287,63.51305880726458,2.3404303696845106
2012-05-07 15:10:00,63.204037,63.947657074906886,2.2186500945648198
2012-05-07 15:15:00,62.91237,64.12306022174566,2.1872769796986433
2012-05-07 15:20:00,62.91353,63.34522233473248,2.4276188833669274
2012-05-07 15:25:00,63.17163,63.83475048138711,2.2424671119933737
2012-05-07 15:30:00,63.15774,64.07781733067507,2.1948547500754816
2012-05-07 15:35:00,63.04315,64.12306022174566,2.1872769796986433
2012-05-07 15:40:00,63.16005,63.66957283050032,2.2853838780950655
2012-05-07 15:45:00,63.13773,63.953662437199576,2.217476640640322
2012-05-07 15:50:00,63.193283,64.22154904450419,2.1717368295712265
2012-05-07 15:55:00,63.184025,63.608826125965315,2.3046310353903676
2012-05-07 16:00:00,63.246525,63.79077666625759,4.749061429310799
2012-05-07 16:05:00,63.181713,64.39488584495828,4.132031648269982
2012-05-07 16:10:00,63.369213,63.13829154022395,5.6191369721335604
2012-05-07 16:15:00,63.738422,61.52449645958574,7.566449092035266
2012-05-07 16:20:00,64.11227,62.16362091117035,6.899608028388144
2012-05-07 16:25:00,63.96527,64.50280162489092,4.036501678664015
2012-05-07 16:30:00,64.20602,63.369733216279506,5.289191349731847
2012-05-07 16:35:00,64.56019,62.926134848975686,5.92428249199054
2012-05-07 16:40:00,64.81019,63.48441143536269,5.132606099516196
2012-05-07 16:45:00,65.0706,63.18874037958458,5.54629984563745
2012-05-07 16:50:00,65.02431,63.868662348925284,4.659978098467632
2012-05-07 16:55:00,65.209496,62.75676082900771,6.160386794589602
2012-05-07 17:00:00,65.18982,63.01674885989243,8.722187398774519
2012-05-07 17:05:00,65.23032,62.82325505127546,9.235856885561388
2012-05-07 17:10:00,65.209496,62.914644974925864,8.991375851029568
2012-05-07 17:15:00,62.95949,62.54454567200196,9.9978323320451
2012-05-07 17:20:00,59.270832,63.219204094175616,8.202687550149397
2012-05-07 17:25:00,55.428238,62.158066503813416,11.077295777668363
2012-05-07 17:30:00,51.687496,63.89689998211802,6.634096350960036
2012-05-07 17:35:00,47.69791,64.11833196817746,6.184634303938778
2012-05-07 17:40:00,43.78125,64.21797111815805,5.992652011310287
2012-05-07 17:45:00,40.253475,63.719694769694456,7.016624024797338
2012-05-07 17:50:00,36.461803,62.05797427944382,11.357858547414134
2012-05-07 17:55:00,32.733795,62.158066503813416,11.077295777668363
2012-05-07 18:00:00,28.805555,62.91301186573788,8.114165386737836
2012-05-07 18:05:00,25.181715,63.40166986465107,6.904953397019891
2012-05-07 18:10:00,21.72338,62.76881850791946,8.500145006472067
2012-05-07 18:15:00,21.149305,32.307697682626475,26.741448553950686
2012-05-07 18:20:00,21.119213,31.045335279396895,21.259173997482936
2012-05-07 18:25:00,21.087963,31.020424542505364,20.879097635427684
2012-05-07 18:30:00,20.800924,31.048290868999405,21.290602577865695
2012-05-07 18:35:00,21.44676,31.023229534107248,20.947271653264945
2012-05-07 18:40:00,22.592592,31.029873884665985,21.06447107602143
2012-05-07 18:45:00,22.157408,31.09115481009319,21.661955885990295
2012-05-07 18:50:00,22.300926,31.022587742155014,20.933326800575006
2012-05-07 18:55:00,23.0792,31.027947203389264,21.034189959837292
2012-05-07 19:00:00,26.322256,31.249324246841823,22.80388415432543
2012-05-07 19:05:00,30.081514,31.365878436084202,23.683495389876352
2012-05-07 19:10:00,33.6961,31.42224374308437,24.042316665797575
2012-05-07 19:15:00,36.630127,31.991090011279397,26.915592296824006
2012-05-07 19:20:00,40.60466,31.326349961819094,23.412193388435412
2012-05-07 19:25:00,44.792164,31.24684371145248,22.78144849379407
2012-05-07 19:30:00,48.84309,31.252149887814948,22.82904529451194
2012-05-07 19:35:00,52.321095,31.598457407413104,25.03672903017697
2012-05-07 19:40:00,55.21577,32.37205204148174,28.517948615056543
2012-05-07 19:45:00,59.299114,31.26409519305608,22.932406078298396
2012-05-07 19:50:00,63.238922,31.31013189817408,23.29457860476309
2012-05-07 19:55:00,66.43982,31.786012679560432,25.974177137115575
2012-05-07 20:00:00,67.24537,58.150939604345155,13.666839880190784
2012-05-07 20:05:00,67.359955,66.2684122282037,1.4254270018801476
2012-05-07 20:10:00,67.58565,66.0729468524439,1.4714339345210778
2012-05-07 20:15:00,67.80439,65.67199652756355,1.5843657908851287
2012-05-07 20:20:00,67.52778,66.98549069025381,1.2957526145432585
2012-05-07 20:25:00,67.41782,66.70988955499084,1.339176773672275
2012-05-07 20:30:00,67.60532,66.00701590222668,1.4881954311700196
2012-05-07 20:35:00,67.63773,66.82531701841175,1.3201135248396163
2012-05-07 20:40:00,67.60995,66.82531701841175,1.3201135248396163
2012-05-07 20:45:00,67.61922,66.49530060664252,1.3782912740303306
2012-05-07 20:50:00,67.65162,66.52328240347116,1.3729045176501857
2012-05-07 20:55:00,67.46263,66.33276086101206,1.4114098615565374
2012-05-07 21:00:00,67.721886,65.788083732462,1.398593551892074
2012-05-07 21:05:00,67.7219,66.69701852894286,1.3074165646840215
2012-05-07 21:10:00,67.39782,67.10809923954263,1.2798428747895032
2012-05-07 21:15:00,67.33532,66.7513661609571,1.303372017434749
2012-05-07 21:20:00,67.46379,65.24133610391809,1.483386115468791
2012-05-07 21:25:00,67.53208,65.88836034277385,1.385926119447299
2012-05-07 21:30:00,67.42329,66.85944402065284,1.2957069322596764
2012-05-07 21:35:00,67.09458,66.7513661609571,1.303372017434749
2012-05-07 21:40:00,66.92559,66.43481278321545,1.3288681461998706
2012-05-07 21:45:00,66.816795,66.33630347426318,1.3378280003555005
2012-05-07 21:50:00,66.93022,66.48388726006003,1.3245959737515631
2012-05-07 21:55:00,67.015045,65.12029862762476,1.5064732102593634
2012-05-07 22:00:00,66.857635,66.69902573089999,1.4590163194156982
2012-05-07 22:05:00,66.69097,66.25499331143911,1.4851132084082959
2012-05-07 22:10:00,66.789345,65.01001432624119,1.597254091496897
2012-05-07 22:15:00,66.66203,65.99081780557428,1.5034669169564856
2012-05-07 22:20:00,66.487434,65.52910593442333,1.5418091723660998
2012-05-07 22:25:00,66.44692,65.8313028664761,1.515737850321303
2012-05-07 22:30:00,66.139046,65.8608822897302,1.5133895702978537
2012-05-07 22:35:00,66.15757,64.6393159236063,1.647707166055435
2012-05-07 22:40:00,66.03257,65.13908178227416,1.5820051909602293
2012-05-07 22:45:00,65.959656,65.35145540317787,1.5591049121587115
2012-05-07 22:50:00,65.667984,66.6192413073943,1.4633099126198077
2012-05-07 22:55:00,65.78951,65.19205759585793,1.57604878191834
2012-05-07 23:00:00,65.21545,65.57311736938438,1.7865565867538324
2012-05-07 23:05:00,65.06961,65.04142937772555,1.8335186566550359
2012-05-07 23:10:00,65.15295,65.15439048736552,1.8228098215230684
2012-05-07 23:15:00,65.19924,64.97239028177516,1.840281310903191
2012-05-07 23:20:00,65.21412,64.23332497149755,1.9252662014182569
2012-05-07 23:25:00,64.86921,65.273509011062,1.8119687384423637
2012-05-07 23:30:00,64.83449,63.876809556866256,1.9770263871102796
2012-05-07 23:35:00,64.2176,64.32443846782276,1.913334543750081
2012-05-07 23:40:00,63.957172,64.0925385300025,1.9446839682097368
2012-05-07 23:45:00,63.521164,64.59068401381755,1.8810116171439455
2012-05-07 23:50:00,63.37533,64.7592664893888,1.862282904443193
2012-05-07 23:55:00,63.12533,65.4735333288967,1.7947247926725247
2012-05-08 00:00:00,63.39269,61.98238642528261,2.765274954289451
2012-05-08 00:05:00,63.183197,63.69853694847774,2.3964663251470575
2012-05-08 00:10:00,62.787365,65.11352116872683,2.2150139361017205
2012-05-08 00:15:00,62.11838,64.71725053727333,2.2599859525179014
2012-05-08 00:20:00,61.80588,63.75733381536498,2.3875410201190337
2012-05-08 00:25:00,61.873016,62.840570269455306,2.5483785277105095
2012-05-08 00:30:00,61.657734,63.10131179470998,2.4972368737594333
2012-05-08 00:35:00,62.24107,60.978815313769054,3.2443245241026806
2012-05-08 00:40:00,62.258434,62.15942018636244,2.712534739350842
2012-05-08 00:45:00,62.475693,61.78972819580947,2.8293680956316165
2012-05-08 00:50:00,62.163193,63.406805331385726,2.443207289532173
2012-05-08 00:55:00,61.708332,63.56187976560731,2.41782995398898
2012-05-08 01:00:00,61.479168,61.1656601388842,3.5861434904668514
2012-05-08 01:05:00,61.340282,60.60611776235766,3.64809860599773
2012-05-08 01:10:00,61.163197,60.84042375245448,3.6196393517963403
2012-05-08 01:15:00,60.788197,59.74612530232144,3.8195628556030226
2012-05-08 01:20:00,60.677082,60.289487717149825,3.695432245906781
2012-05-08 01:25:00,60.370373,61.05961704145492,3.596461470977022
2012-05-08 01:30:00,60.567127,60.222444997812694,3.7072211677630946
2012-05-08 01:35:00,60.587963,61.335412524832144,3.5705578138161957
2012-05-08 01:40:00,59.81944,60.38132492424217,3.680398583913265
2012-05-08 01:45:00,59.442127,60.80120970640265,3.6241023751683126
2012-05-08 01:50:00,59.087963,60.09320789280568,3.732200290862553
2012-05-08 01:55:00,59.246525,59.77263834586591,3.8115220616452614
2012-05-08 02:00:00,58.560184,59.38221473519024,4.322950468610762
2012-05-08 02:05:00,58.189816,59.21236011297402,4.355448811032244
2012-05-08 02:10:00,57.15857,59.286768438557324,4.340703587526137
2012-05-08 02:15:00,56.9294,58.392452914801986,4.75518361186106
2012-05-08 02:20:00,56.929398,59.03691551904958,4.394337540481067
2012-05-08 02:25:00,56.627316,59.08191977043969,4.383710976479072
2012-05-08 02:30:00,56.524307,59.959014642013706,4.232813203946628
2012-05-08 02:35:00,56.545135,60.46970098445158,4.164549230802458
2012-05-08 02:40:00,57.067127,58.40083332564571,4.967599184217285
2012-05-08 02:45:00,56.944443,58.76583484563951,4.473125068120106
2012-05-08 02:50:00,57.342594,58.490590713083684,4.616713912628484
2012-05-08 02:55:00,57.39236,59.29368451674376,4.339376301719597
2012-05-08 03:00:00,57.464123,58.18203742393004,5.162483084363547
2012-05-08 03:05:00,57.214123,58.17351240815034,4.892478789098212
2012-05-08 03:10:00,58.995373,58.52458251534667,5.885820145356138
2012-05-08 03:15:00,59.305557,58.26638132354608,5.328480650281034
2012-05-08 03:20:00,58.814816,58.594430615686555,4.660549412573039
2012-05-08 03:25:00,58.304398,58.18631214046396,4.874663158365005
2012-05-08 03:30:00,57.398148,59.09361577012541,4.537123551676417
2012-05-08 03:35:00,56.73148,60.029205136965665,4.367413549230501
2012-05-08 03:40:00,56.79398,58.38779934460988,4.736519161427714
2012-05-08 03:45:00,56.95023,58.21861952070437,4.840181526907701
2012-05-08 03:50:00,56.40625,58.82321649629775,4.597884267225184
2012-05-08 03:55:00,55.48611,58.965087304218024,4.5647512236556755
2012-05-08 04:00:00,55.895832,58.90518666761707,4.555093488989855
2012-05-08 04:05:00,56.5,58.892730646461295,4.68099644371395
2012-05-08 04:10:00,55.66898,62.60642119770592,3.4587102274542865
2012-05-08 04:15:00,55.629623,58.96052815446268,4.345169904116799
2012-05-08 04:20:00,55.76852,58.905829290291145,4.550701373659944
2012-05-08 04:25:00,55.98727,58.90438338927451,5.330397244221228
2012-05-08 04:30:00,56.320602,58.89482514838233,5.100012416930211
2012-05-08 04:35:00,56.508102,59.084127903239846,4.1545586436998745
2012-05-08 04:40:00,56.895832,59.38101036654614,3.9509017276385148
2012-05-08 04:45:00,57.667828,59.301140185845675,3.991419354256044
2012-05-08 04:50:00,57.761578,58.91898476439486,4.4787495296186535
2012-05-08 04:55:00,58.76157,58.9019786572523,5.272578826725663
2012-05-08 05:00:00,59.164352,61.43537105583408,2.879402204534946
2012-05-08 05:05:00,58.841434,61.741065415804066,2.757630726166081
2012-05-08 05:10:00,58.7662,61.645578608501836,2.7894508435492837
2012-05-08 05:15:00,59.38228,60.77051621007353,3.4297321281317497
2012-05-08 05:20:00,59.855656,60.8872769041541,3.2980944484202728
2012-05-08 05:25:00,60.848713,60.42425179993186,3.9236137318824955
2012-05-08 05:30:00,61.57094,60.81272830525578,3.380259245997301
2012-05-08 05:35:00,62.051258,61.51985203382379,2.8395841198712684
2012-05-08 05:40:00,62.184357,62.59708127347799,2.6154407430506303
2012-05-08 05:45:00,62.063984,63.857207013804505,2.588912012214433
2012-05-08 05:50:00,62.70982,60.87566373188529,3.3104613449909657
2012-05-08 05:55:00,62.65427,62.21539357808705,2.6556305757339778
2012-05-08 06:00:00,62.727184,65.01344243338842,1.800609166264154
2012-05-08 06:05:00,63.49223,63.214221002778366,2.4155372804081368
2012-05-08 06:10:00,64.023476,63.87428031299237,2.068956126972366
2012-05-08 06:15:00,64.335655,64.66440976049012,1.844054197279191
2012-05-08 06:20:00,64.68982,64.41491073589984,1.8935136098525127
2012-05-08 06:25:00,64.93981,65.33064936669682,1.7805595761824204
2012-05-08 06:30:00,65.14468,65.05779665977957,1.7968366210774775
2012-05-08 06:35:00,65.3206,65.39274520057224,1.7783275452952896
2012-05-08 06:40:00,65.40046,65.53019598980966,1.7750586103847406
2012-05-08 06:45:00,65.46759,65.83878778885392,1.7749704055274
2012-05-08 06:50:00,65.8368,64.91485809245357,1.8102889892301046
2012-05-08 06:55:00,66.354164,64.54662209767092,1.8652209005440534
2012-05-08 07:00:00,66.541664,66.2135028205508,1.7576249040136398
2012-05-08 07:05:00,66.58796,66.61052667935654,1.7215648194874251
2012-05-08 07:10:00,66.733795,66.50720921177987,1.729524239791479
2012-05-08 07:15:00,66.88194,66.72360563282206,1.7138831495443556
2012-05-08 07:20:00,67.15278,66.54943320037691,1.726158681547884
2012-05-08 07:25:00,67.18982,67.32941682704696,1.6883161943259257
2012-05-08 07:30:00,67.37732,66.80389893278691,1.7090422886650014
2012-05-08 07:35:00,67.45139,67.10224039581301,1.6951049718088231
2012-05-08 07:40:00,67.59028,66.87485023171922,1.7051664966221045
2012-05-08 07:45:00,67.74653,67.18751120298134,1.692195457599334
2012-05-08 07:50:00,67.741905,67.29161304997892,1.6892356921361886
2012-05-08 07:55:00,67.75231,67.40020029050065,1.6868095096895435
2012-05-08 08:00:00,67.87616,66.60747784122843,1.9312354643970588
2012-05-08 08:05:00,68.070595,66.42028393307787,1.9354067412286151
2012-05-08 08:10:00,68.18518,66.74486561428117,1.9290196251684861
2012-05-08 08:15:00,68.09259,66.99038390886004,1.9264949725161518
2012-05-08 08:20:00,68.01968,67.34480648301398,1.925248622750926
2012-05-08 08:25:00,67.98264,67.15466232561555,1.925625955891481
2012-05-08 08:30:00,67.92014,67.2523003853782,1.925358018432133
2012-05-08 08:35:00,67.79398,67.07248284206327,1.9259893892756745
2012-05-08 08:40:00,67.77546,67.11356518151452,1.9257907948377924
2012-05-08 08:45:00,67.62963,67.5296109384903,1.925379824880214
2012-05-08 08:50:00,67.66088,66.9288823971179,1.9269756044330426
2012-05-08 08:55:00,67.671295,67.11356518151452,1.9257907948377924
2012-05-08 09:00:00,67.69907,66.48984715516674,1.8844745552708246
2012-05-08 09:05:00,67.65162,66.59999828887386,1.8926111715084357
2012-05-08 09:10:00,67.52778,66.57700812151985,1.8908586673814731
2012-05-08 09:15:00,67.43982,65.98304310962038,1.857006033276763
2012-05-08 09:20:00,67.366905,66.37110766314028,1.8764836639602374
2012-05-08 09:25:00,66.978004,66.34379655551614,1.8747683346352417
2012-05-08 09:30:00,66.93634,66.3301544712652,1.8739292907509437
2012-05-08 09:35:00,66.915504,65.92502419147702,1.8550893725821362
2012-05-08 09:40:00,66.69445,66.38021925753904,1.8770661779760545
2012-05-08 09:45:00,66.56135,66.24848413118984,1.8691653977327247
2012-05-08 09:50:00,66.384254,66.4121377264534,1.879148219069615
2012-05-08 09:55:00,66.25347,66.49442517417513,1.8847992265809799
2012-05-08 10:00:00,66.04977,66.1977210342106,1.777674227077642
2012-05-08 10:05:00,65.976845,66.02351845843042,1.7652358142578333
2012-05-08 10:10:00,65.7824,65.72588177387256,1.7492151360537551
2012-05-08 10:15:00,65.7199,65.31501527083081,1.7400316174621084
2012-05-08 10:20:00,65.545135,65.72172786802788,1.7490430950458495
2012-05-08 10:25:00,65.81365,64.59646981336326,1.7690913722904025
2012-05-08 10:30:00,65.78241,65.79668645040161,1.7523759584516405
2012-05-08 10:35:00,65.7824,65.49875052797252,1.7421067309289666
2012-05-08 10:40:00,65.85532,65.20562671009655,1.740489871809659
2012-05-08 10:45:00,65.65509,65.39645081331419,1.7405235234610006
2012-05-08 10:50:00,65.49537,65.38829051408723,1.7404429879462846
2012-05-08 10:55:00,65.30324,65.62641244716927,1.7455155608793993
2012-05-08 11:00:00,65.13657,65.26114993217713,1.630961386366862
2012-05-08 11:05:00,64.7662,65.53921062710322,1.6383014516252965
2012-05-08 11:10:00,64.82407,64.8657446606888,1.6350767971552387
2012-05-08 11:15:00,64.70602,64.9186088608608,1.6334500138769068
2012-05-08 11:20:00,64.7662,64.92616997229804,1.6332453596199494
2012-05-08 11:25:00,64.48843,65.3226013632603,1.6319041666398888
2012-05-08 11:30:00,64.12384,65.46931594700348,1.6357316284733658
2012-05-08 11:35:00,63.84259,65.29569484683684,1.6314418773577275
2012-05-08 11:40:00,63.592594,65.26114993217713,1.630961386366862
2012-05-08 11:45:00,63.863422,64.54674351656722,1.6525472407159125
2012-05-08 11:50:00,63.85648,64.67021767800462,1.6441875459978632
2012-05-08 11:55:00,63.82639,64.78286793450205,1.6383351181109564
2012-05-08 12:00:00,63.86343,64.62136369846907,1.5434415630167955
2012-05-08 12:05:00,63.900467,64.2431654204634,1.5728377453525944
2012-05-08 12:10:00,63.953705,64.95094622125876,1.5337637575181506
2012-05-08 12:15:00,64.05555,64.4465968252161,1.5544592931612755
2012-05-08 12:20:00,63.972218,65.01729926717236,1.533443751601139
2012-05-08 12:25:00,63.866894,64.33030615280619,1.5642130652045623
2012-05-08 12:30:00,64.03009,64.19598402516431,1.5779885618982281
2012-05-08 12:35:00,64.226845,64.2939897535091,1.5676684897491608
2012-05-08 12:40:00,64.27893,64.35936641941846,1.5615897346660812
2012-05-08 12:45:00,63.92129,65.31844294778283,1.538146794245189
2012-05-08 12:50:00,64.03587,64.55576877523275,1.547076193545097
2012-05-08 12:55:00,64.1007,64.59220137174604,1.5449842134581935
2012-05-08 13:00:00,64.178246,64.6060760284412,1.5209727477837565
2012-05-08 13:05:00,64.41898,64.231658766018,1.5379443428845168
2012-05-08 13:10:00,64.459496,64.98938321604298,1.5226169762205533
2012-05-08 13:15:00,64.579865,64.63517722293801,1.520483244944449
2012-05-08 13:20:00,64.704865,64.6206192233647,1.5207143710426319
2012-05-08 13:25:00,65.09028,63.878546878068306,1.5748069714545512
2012-05-08 13:30:00,65.177086,64.57702966158529,1.5215719800764356
2012-05-08 13:35:00,65.24189,64.78156241064063,1.5196291145583152
2012-05-08 13:40:00,65.273155,64.39293066695586,1.5280838305030207
2012-05-08 13:45:00,65.62037,64.06032146850978,1.5530798647254809
2012-05-08 13:50:00,65.73032,64.78524081724261,1.5196408633385061
2012-05-08 13:55:00,65.71644,64.66433242918819,1.5201019732923529
2012-05-08 14:00:00,65.54977,64.61479302996993,1.7366640565855276
2012-05-08 14:05:00,65.55903,64.76040576504366,1.740821841604478
2012-05-08 14:10:00,65.52778,64.90136082081908,1.7463596558491201
2012-05-08 14:15:00,65.583336,64.79235221148255,1.7419538410261441
2012-05-08 14:20:00,65.614586,64.79235221148255,1.7419538410261441
2012-05-08 14:25:00,65.55672,64.86482120953268,1.7447922172616377
2012-05-08 14:30:00,65.58796,64.61479302996993,1.7366640565855276
2012-05-08 14:35:00,65.5868,64.76040576504366,1.740821841604478
2012-05-08 14:40:00,65.74421,64.24237966145087,1.735172169181771
2012-05-08 14:45:00,65.74884,64.93810133327986,1.7480244001482947
2012-05-08 14:50:00,65.670135,64.92174753562126,1.7472725894734813
2012-05-08 14:55:00,65.758095,64.37495116150704,1.7339671404105113
2012-05-08 15:00:00,65.945595,63.7341432363691,2.6990196665342427
2012-05-08 15:05:00,66.02894,64.43842339761733,2.675988393283895
2012-05-08 15:10:00,66.01852,64.43842339761733,2.675988393283895
2012-05-08 15:15:00,65.97487,64.64168189355449,2.6780477823732247
2012-05-08 15:20:00,65.98066,64.55174719150841,2.6768026638564275
2012-05-08 15:25:00,65.97603,64.30771373803204,2.6762390487622816
2012-05-08 15:30:00,66.05242,64.36440008935149,2.6759615580018683
2012-05-08 15:35:00,66.1045,64.40125426236004,2.6759224250698703
2012-05-08 15:40:00,66.11376,64.40536759634382,2.6759238046614833
2012-05-08 15:45:00,66.00496,64.60724252507036,2.6775126936734046
2012-05-08 15:50:00,66.02811,64.29166520097793,2.6763665348948042
2012-05-08 15:55:00,66.09639,64.30771373803204,2.6762390487622816
2012-05-08 16:00:00,66.179726,63.14862289665363,6.8190048691800955
2012-05-08 16:05:00,66.117226,63.571083388409,6.603762172418901
2012-05-08 16:10:00,66.09061,63.223192385980845,6.778503263626462
2012-05-08 16:15:00,66.10995,63.30392197159478,6.7360278926694335
2012-05-08 16:20:00,66.145836,63.396193612827894,6.689058702295388
2012-05-08 16:25:00,66.15046,63.11153616232659,6.839621026385342
2012-05-08 16:30:00,66.11343,63.465317457239415,6.6548307970203835
2012-05-08 16:35:00,66.17593,63.413379363566555,6.6804775386204485
2012-05-08 16:40:00,66.259254,63.26074066416553,6.758576145677625
2012-05-08 16:45:00,66.48843,63.03757733513438,6.881695930082235
2012-05-08 16:50:00,66.55903,63.1941188574879,6.794145592539174
2012-05-08 16:55:00,66.59028,63.37480050819525,6.699808450477565
2012-05-08 17:00:00,66.52893,60.56094275683677,20.2620600663697
2012-05-08 17:05:00,64.96644,60.346903216014134,20.73683578003948
2012-05-08 17:10:00,64.513885,59.91790535602305,21.6100710771892
2012-05-08 17:15:00,61.18634,60.419441430994034,20.578987862308338
2012-05-08 17:20:00,57.74884,60.69827363471549,19.943004406127894
2012-05-08 17:25:00,53.711803,59.91790535602305,21.6100710771892
2012-05-08 17:30:00,49.3287,60.330607939741746,20.771872838047162
2012-05-08 17:35:00,45.297455,60.89803820178031,19.459091523694372
2012-05-08 17:40:00,41.390045,60.765600229132836,19.78248592538841
2012-05-08 17:45:00,36.97338,61.28400434082767,18.46532388846226
2012-05-08 17:50:00,32.94213,60.56094275683677,20.2620600663697
2012-05-08 17:55:00,29.077547,60.630084317133075,20.10283727433852
2012-05-08 18:00:00,25.170137,59.30405171752247,29.90663111404426
2012-05-08 18:05:00,22.888891,37.09238260022082,28.414670428755063
2012-05-08 18:10:00,19.591436,53.7573384542649,39.898802937197054
2012-05-08 18:15:00,18.7419,31.319505288624374,20.332328393281852
2012-05-08 18:20:00,18.189816,31.296777214008273,20.23337791169969
2012-05-08 18:25:00,18.27315,31.227718477420286,19.568669785692638
2012-05-08 18:30:00,20.5544,31.249940879790014,19.42130044480291
2012-05-08 18:35:00,20.450232,31.224318926336036,19.664530338084653
2012-05-08 18:40:00,20.409723,31.226118388497962,19.74230239729039
2012-05-08 18:45:00,21.034723,31.239132002014603,19.4736009112062
2012-05-08 18:50:00,22.263891,31.224786385378163,19.62865407301517
2012-05-08 18:55:00,24.3874,31.227017229519817,19.760174902800433
2012-05-08 19:00:00,28.283234,31.311561095748186,21.194760776052167
2012-05-08 19:05:00,32.282078,31.331475752869547,21.33179534398327
2012-05-08 19:10:00,36.152447,31.340312022318397,21.387597184232476
2012-05-08 19:15:00,40.392033,31.27928957005538,20.906299977829132
2012-05-08 19:20:00,44.38161,31.311561095748186,21.194760776052167
2012-05-08 19:25:00,48.344578,31.29878720481725,21.09475848195658
2012-05-08 19:30:00,50.271664,34.29877212477995,28.70519972433894
2012-05-08 19:35:00,54.29365,31.292794021499986,21.042917998098932
2012-05-08 19:40:00,58.033234,31.322075304622444,21.269386179634115
2012-05-08 19:45:00,61.741566,31.389931274672723,21.665445985754204
2012-05-08 19:50:00,64.33532,32.162507562450294,24.310972580855573
2012-05-08 19:55:00,66.06597,37.50806441202844,32.94306033479747
2012-05-08 20:00:00,66.29977,64.91988262444646,2.8214697556336668
2012-05-08 20:05:00,65.98843,66.03610045261821,2.225847661360487
2012-05-08 20:10:00,66.00694,65.50060275580508,2.4680020962252316
2012-05-08 20:15:00,65.89236,65.56021149752243,2.437694426611118
2012-05-08 20:20:00,65.78819,65.4412247767451,2.499156835089909
2012-05-08 20:25:00,65.90857,64.88231750189321,2.8486347155526897
2012-05-08 20:30:00,66.168976,64.20962532319636,3.44996155465572
2012-05-08 20:35:00,66.34491,64.98282707034157,2.7772738262543992
2012-05-08 20:40:00,66.58102,64.37051172470136,3.284934583358302
2012-05-08 20:45:00,66.68816,65.50060275580508,2.4680020962252316
2012-05-08 20:50:00,67.01108,64.20962532319636,3.44996155465572
2012-05-08 20:55:00,66.98677,65.3232420871416,2.5640924915468837
2012-05-08 21:00:00,66.909225,66.51436671108148,1.5960349330373393
2012-05-08 21:05:00,67.26339,65.08049644535045,1.78521192996042
2012-05-08 21:10:00,67.31895,66.05132960125992,1.6354443767314308
2012-05-08 21:15:00,67.42312,65.54310152048227,1.6992947173668156
2012-05-08 21:20:00,67.4127,65.5004124760027,1.7059366128458517
2012-05-08 21:25:00,67.24719,66.01275052337385,1.6394350754048297
2012-05-08 21:30:00,67.2171,66.06097745626967,1.6344653117155428
2012-05-08 21:35:00,67.0296,66.32159907480137,1.6106852836599757
2012-05-08 21:40:00,67.029594,66.0899268066831,1.6315727902178068
2012-05-08 21:45:00,66.88078,66.42080286720491,1.602861775381309
2012-05-08 21:50:00,66.87152,66.32159907480137,1.6106852836599757
2012-05-08 21:55:00,67.02894,65.74348622324871,1.670987685523919
2012-05-08 22:00:00,66.79977,65.81466858152477,1.75955168913059
2012-05-08 22:05:00,66.53472,66.1348215363003,1.7547064298758237
2012-05-08 22:10:00,66.36805,65.8988495113186,1.7579430259722117
2012-05-08 22:15:00,66.31598,65.61648499492587,1.7644979552594957
2012-05-08 22:20:00,66.32987,65.15029228438652,1.784714357251891
2012-05-08 22:25:00,66.41319,65.03640497924151,1.792061854503855
2012-05-08 22:30:00,66.40162,65.58145479037331,1.765563474683151
2012-05-08 22:35:00,66.43287,65.22687025513083,1.7803777519415152
2012-05-08 22:40:00,66.62731,65.72195616818838,1.761648698051439
2012-05-08 22:45:00,66.59606,65.45941654645625,1.7697876803628383
2012-05-08 22:50:00,66.57407,65.8988495113186,1.7579430259722117
2012-05-08 22:55:00,66.56482,66.0055243115093,1.7562656650852182
2012-05-08 23:00:00,66.67046,64.09900980856818,2.2011559531804656
2012-05-08 23:05:00,66.71676,64.28020313107662,2.1936855684346894
2012-05-08 23:10:00,66.44478,64.42368587312247,2.1890416405495534
2012-05-08 23:15:00,66.13575,64.58244476634793,2.1849806272068326
2012-05-08 23:20:00,65.9876,64.35173248631206,2.1912432017466448
2012-05-08 23:25:00,65.810524,64.50057444482592,2.1869466639303283
2012-05-08 23:30:00,65.41469,64.70605664959757,2.1824700374883625
2012-05-08 23:35:00,65.34871,64.50057444482592,2.1869466639303283
2012-05-08 23:40:00,64.75744,65.68714365725869,2.173474773814658
2012-05-08 23:45:00,64.33961,64.50057444482592,2.1869466639303283
2012-05-08 23:50:00,63.891693,64.99761016586261,2.1782762718300774
2012-05-08 23:55:00,63.36392,65.1610228666293,2.176698894249252
2012-05-09 00:00:00,63.258266,63.521567839066186,2.6508396842562303
2012-05-09 00:05:00,62.80456,63.47323843069871,2.652266671516887
2012-05-09 00:10:00,62.898315,62.39890528483155,2.712277438097803
2012-05-09 00:15:00,63.46776,62.41121912275381,2.7111086569836087
2012-05-09 00:20:00,63.289516,62.783976763353415,2.6824064759837314
2012-05-09 00:25:00,63.03952,62.81891743908573,2.6802798132603556
2012-05-09 00:30:00,62.95619,62.21755421510819,2.7314974782590284
2012-05-09 00:35:00,62.792988,63.2502443872008,2.6597634168465007
2012-05-09 00:40:00,62.682873,62.38311542120497,2.7137996913513702
2012-05-09 00:45:00,62.89584,61.9708982441994,2.7647973040705636
2012-05-09 00:50:00,62.52084,62.28933371681948,2.7234190941383853
2012-05-09 00:55:00,62.17824,62.154621412298745,2.739136722051409
2012-05-09 01:00:00,61.93866,62.44319034343163,2.9861531492821007
2012-05-09 01:05:00,61.975697,61.43864654751338,2.997252720361318
2012-05-09 01:10:00,61.80209,62.16843298141908,2.9798629829100225
2012-05-09 01:15:00,60.91667,63.64800588249009,3.0433736844079626
2012-05-09 01:20:00,61.168987,61.70232947241784,2.983525383282411
2012-05-09 01:25:00,61.533566,61.53543608797088,2.991004253258326
2012-05-09 01:30:00,61.60648,61.53543608797088,2.991004253258326
2012-05-09 01:35:00,61.732635,62.07879048670444,2.978961056349931
2012-05-09 01:40:00,61.72223,61.59057220665793,2.988096133474768
2012-05-09 01:45:00,61.229168,62.148425755369324,2.97960627502972
2012-05-09 01:50:00,61.305557,60.86485458152929,3.0726604413939174
2012-05-09 01:55:00,61.166668,60.84881133569115,3.07594570888905
2012-05-09 02:00:00,60.870377,60.71374361851678,3.603884623252941
2012-05-09 02:05:00,60.464123,60.49355223948706,3.61014384523679
2012-05-09 02:10:00,60.158566,60.63897441290633,3.6053905439219247
2012-05-09 02:15:00,60.335648,60.06768093832687,3.643950426199957
2012-05-09 02:20:00,59.895832,61.38683123007694,3.607900451261747
2012-05-09 02:25:00,58.62384,61.542206409707354,3.6112173158551197
2012-05-09 02:30:00,58.35301,60.68554626235284,3.604385044150608
2012-05-09 02:35:00,58.081013,61.41547679590057,3.6084803247688844
2012-05-09 02:40:00,57.95949,60.520396129126716,3.609065419956107
2012-05-09 02:45:00,57.75116,59.865743249307684,3.6755522120846176
2012-05-09 02:50:00,57.297455,60.029056055774085,3.649022754366818
2012-05-09 02:55:00,57.495373,59.58371118853369,3.746855203038104
2012-05-09 03:00:00,57.76389,59.12454019136225,4.286955261976167
2012-05-09 03:05:00,58.027283,58.78842822464433,4.369382270965631
2012-05-09 03:10:00,58.56432,59.052376261070485,4.299495186036941
2012-05-09 03:15:00,58.887238,59.61288550880317,4.238232803507759
2012-05-09 03:20:00,58.799274,59.31110196470186,4.262449353634389
2012-05-09 03:25:00,59.62335,58.32065892274303,4.855273665784437
2012-05-09 03:30:00,59.636078,59.15493487908824,4.28225426646806
2012-05-09 03:35:00,58.761078,59.75102712483235,4.230958350439708
2012-05-09 03:40:00,58.55969,59.34251775790216,4.25919686998297
2012-05-09 03:45:00,59.36177,58.686599128737974,4.412635138219823
2012-05-09 03:50:00,60.28075,58.49784699411166,4.543835606064433
2012-05-09 03:55:00,60.82242,59.11301652195366,4.28882287299693
2012-05-09 04:00:00,61.314484,59.72558899083509,4.144612826570289
2012-05-09 04:05:00,61.66567,59.25052466066609,4.233365099929219
2012-05-09 04:10:00,60.503635,60.408995126212346,4.075282176925628
2012-05-09 04:15:00,60.323578,60.5248183655402,4.066140409523182
2012-05-09 04:20:00,60.18469,59.11036625229292,4.274565134862825
2012-05-09 04:25:00,60.4995,59.381029933012144,4.2027641855085305
2012-05-09 04:30:00,61.00876,59.16414937915391,4.257538808544244
2012-05-09 04:35:00,61.93584,58.398876070838725,4.968651234079812
2012-05-09 04:40:00,62.100193,58.936138873532336,4.343721154911015
2012-05-09 04:45:00,61.99603,60.5248183655402,4.066140409523182
2012-05-09 04:50:00,61.589783,60.357438482203406,4.079484650328827
2012-05-09 04:55:00,61.618717,60.5248183655402,4.066140409523182
2012-05-09 05:00:00,61.321102,63.26547563489856,2.946764785154487
2012-05-09 05:05:00,61.310684,62.19103141799935,2.9676082782895588
2012-05-09 05:10:00,61.925262,59.74566207847721,4.415645644469134
2012-05-09 05:15:00,62.14352,62.00026971719643,2.98235835261779
2012-05-09 05:20:00,62.5787,60.83596364309893,3.3047860611175026
2012-05-09 05:25:00,62.569447,62.260241816950305,2.9634799023068807
2012-05-09 05:30:00,62.60648,62.54491793180561,2.951850701557023
2012-05-09 05:35:00,62.679398,61.89134211621854,2.993416639788838
2012-05-09 05:40:00,62.994213,61.258912513994005,3.1185565320075948
2012-05-09 05:45:00,63.129627,62.22206932362642,2.9656844155333384
2012-05-09 05:50:00,63.552082,61.28758851983903,3.1097128750681686
2012-05-09 05:55:00,63.58565,62.632395989132156,2.9496949932381753
2012-05-09 06:00:00,63.59607,65.00366431822859,2.119597612209189
2012-05-09 06:05:00,63.65741,64.82737188366904,2.1327200947887346
2012-05-09 06:10:00,64.13079,63.425226105887496,2.434522389468505
2012-05-09 06:15:00,64.134254,65.38617810714386,2.1022715881555176
2012-05-09 06:20:00,64.40509,64.45108051279362,2.1743773679190777
2012-05-09 06:25:00,64.50695,64.90930723884301,2.126172182134065
2012-05-09 06:30:00,64.583336,65.38617810714386,2.1022715881555176
2012-05-09 06:35:00,64.68403,64.75766752787467,2.1389440704320113
2012-05-09 06:40:00,64.93403,64.72301307660776,2.1422726393026195
2012-05-09 06:45:00,65.107635,65.36213494053095,2.1029617548201274
2012-05-09 06:50:00,65.36227,65.13045280759091,2.1122788935349646
2012-05-09 06:55:00,65.46759,65.47035061104481,2.1002388415020756
2012-05-09 07:00:00,65.790504,66.2688435805148,2.0004483221362857
2012-05-09 07:05:00,66.041664,66.26389606830315,2.0009406138274564
2012-05-09 07:10:00,66.359955,66.06685146067272,2.022032789476564
2012-05-09 07:15:00,66.547455,66.71740901166196,1.9624126104997144
2012-05-09 07:20:00,66.8507,66.67237121987789,1.9656894817706199
2012-05-09 07:25:00,67.16204,66.54240004233233,1.975786994640394
2012-05-09 07:30:00,67.27662,67.03252906788899,1.9424151037099626
2012-05-09 07:35:00,67.571754,66.34320223338288,1.9932557396716082
2012-05-09 07:40:00,67.67361,66.94260779090108,1.947622453843105
2012-05-09 07:45:00,67.71875,67.41898816246326,1.9241214964028621
2012-05-09 07:50:00,67.65856,67.47774143870582,1.9218825378890279
2012-05-09 07:55:00,67.81366,67.26126262785911,1.930820259241571
2012-05-09 08:00:00,67.73032,67.35554890304284,2.2646671071251183
2012-05-09 08:05:00,67.645836,67.03340666616685,2.284673892781043
2012-05-09 08:10:00,67.479164,67.12557258321256,2.278708197455822
2012-05-09 08:15:00,67.354164,67.21766225186157,2.272949426038276
2012-05-09 08:20:00,67.1875,67.6803137287414,2.2465096269410223
2012-05-09 08:25:00,67.0625,67.58429219432587,2.2517035297645145
2012-05-09 08:30:00,67.020836,67.21766225186157,2.272949426038276
2012-05-09 08:35:00,66.864586,67.30962829130083,2.2673825661981626
2012-05-09 08:40:00,66.6794,67.0692547163627,2.2823283200207065
2012-05-09 08:45:00,66.46759,67.30962829130083,2.2673825661981626
2012-05-09 08:50:00,66.25694,66.90535588014701,2.2933343607222696
2012-05-09 08:55:00,66.02778,67.62982462162343,2.249224411052578
2012-05-09 09:00:00,65.93518,66.38348791059754,2.293297334263487
2012-05-09 09:05:00,65.95718,66.09689451571481,2.2873466067655532
2012-05-09 09:10:00,66.05093,65.8614527879481,2.285986922807579
2012-05-09 09:15:00,65.884254,66.10135243608124,2.2874055138440093
2012-05-09 09:20:00,65.81945,66.34753418071726,2.292332436021692
2012-05-09 09:25:00,65.704865,66.42397646195097,2.29444985696469
2012-05-09 09:30:00,65.52778,66.42397646195097,2.29444985696469
2012-05-09 09:35:00,65.4132,66.06124284222625,2.2869138303598935
2012-05-09 09:40:00,65.50695,65.74219542986549,2.286777621648138
2012-05-09 09:45:00,65.50694,65.84817942551588,2.286022347159972
2012-05-09 09:50:00,65.55093,65.5050445512674,2.291817062131056
2012-05-09 09:55:00,65.49884,66.06124284222625,2.2869138303598935
2012-05-09 10:00:00,65.31018,65.64462145435839,2.0461161570923947
2012-05-09 10:05:00,65.05671,65.78267647505379,2.05134219846675
2012-05-09 10:10:00,64.69213,65.81829346590588,2.052944260353431
2012-05-09 10:15:00,64.672455,65.14935162542103,2.042493631367926
2012-05-09 10:20:00,64.60069,65.70764292003476,2.048302231261053
2012-05-09 10:25:00,64.40278,65.60531039186408,2.044929634133367
2012-05-09 10:30:00,64.2882,65.3939987301476,2.041064582137008
2012-05-09 10:35:00,64.25694,65.28891755111638,2.040851383312639
2012-05-09 10:40:00,64.15393,65.71158555551646,2.048450826628692
2012-05-09 10:45:00,63.96991,65.48771892774033,2.042236626801255
2012-05-09 10:50:00,64.09953,65.33168468344816,2.0407935443051093
2012-05-09 10:55:00,64.02662,65.4994547724053,2.042445716519421
2012-05-09 11:00:00,63.98379,64.81155964247311,1.883436049141017
2012-05-09 11:05:00,63.91435,64.73684070851351,1.8860925343811727
2012-05-09 11:10:00,64.01504,64.4283128898846,1.906576695821095
2012-05-09 11:15:00,63.866894,64.8792768819775,1.881750722225031
2012-05-09 11:20:00,63.57523,65.23084703921356,1.8831060003904334
2012-05-09 11:25:00,63.554398,64.74750796305094,1.8856609743896238
2012-05-09 11:30:00,63.54861,64.81155964247311,1.883436049141017
2012-05-09 11:35:00,63.42361,64.97214742914828,1.8805124126603898
2012-05-09 11:40:00,63.247684,65.13713945079148,1.881192195302103
2012-05-09 11:45:00,63.383102,64.68354204082355,1.8885163433368704
2012-05-09 11:50:00,63.244213,65.51429517289843,1.8948563381845303
2012-05-09 11:55:00,63.337967,65.03659769187213,1.8803532552580344
2012-05-09 12:00:00,63.523148,64.52092710003302,1.7985307595786073
2012-05-09 12:05:00,63.658566,64.37239485241919,1.8059906861298956
2012-05-09 12:10:00,63.76041,64.5750641143943,1.7968402406511725
2012-05-09 12:15:00,64.1574,64.27801642644941,1.8129909564905435
2012-05-09 12:20:00,64.41898,64.19038724450394,1.8211421474460048
2012-05-09 12:25:00,64.679405,64.52430656545013,1.7984099785580103
2012-05-09 12:30:00,64.71644,64.62929415476641,1.7956719639038046
2012-05-09 12:35:00,64.94561,64.43311018978791,1.8024284767441328
2012-05-09 12:40:00,65.30787,64.4398591964631,1.802076962734792
2012-05-09 12:45:00,65.453705,64.92308168971724,1.7977068170304633
2012-05-09 12:50:00,65.57523,64.90242926260346,1.7971377577414556
2012-05-09 12:55:00,65.54398,65.14168341020478,1.8071794490710051
2012-05-09 13:00:00,65.46065,64.9334282411247,1.7710215693005897
2012-05-09 13:05:00,65.52315,64.63743558474035,1.7573921832262267
2012-05-09 13:10:00,65.56945,64.74173383811383,1.7607526310471247
2012-05-09 13:15:00,65.43403,65.32795035146573,1.8050557977142694
2012-05-09 13:20:00,65.33218,64.82333588098719,1.7645201919028113
2012-05-09 13:25:00,65.33218,65.16555254059394,1.7892786990186895
2012-05-09 13:30:00,65.37847,64.60736921014968,1.7567502874337644
2012-05-09 13:35:00,65.15972,64.97511163748977,1.773872814307315
2012-05-09 13:40:00,65.15856,65.3938592875544,1.8120438000935817
2012-05-09 13:45:00,64.887726,65.23010389919786,1.7952876512164313
2012-05-09 13:50:00,64.98148,65.13347985410527,1.7864311180886145
2012-05-09 13:55:00,64.85648,64.91266891791234,1.7696786629567516
2012-05-09 14:00:00,64.87037,64.47725903504049,1.9769800150308907
2012-05-09 14:05:00,64.7882,64.61448891160796,1.9852210129500827
2012-05-09 14:10:00,64.60186,64.67536978513594,1.9896723617134568
2012-05-09 14:15:00,64.53473,64.71148811661344,1.9925234732113157
2012-05-09 14:20:00,64.66667,64.31275705027205,1.9708883911765798
2012-05-09 14:25:00,64.635414,64.97832178399642,2.0178156300981267
2012-05-09 14:30:00,64.734955,64.53315519188622,1.9800200119052247
2012-05-09 14:35:00,64.958336,64.12288243243937,1.970115434180854
2012-05-09 14:40:00,64.77199,65.2174251555853,2.0456486238786713
2012-05-09 14:45:00,65.115746,64.21215969232728,1.969553658542192
2012-05-09 14:50:00,64.93866,65.2567576388354,2.0506050366813784
2012-05-09 14:55:00,65.0949,64.33306977149397,1.9713912745711042
2012-05-09 15:00:00,65.321754,64.19127365436695,2.905551399334302
2012-05-09 15:05:00,65.51852,64.03610749955456,2.8958768425513917
2012-05-09 15:10:00,65.82523,63.790768685394276,2.892594512251307
2012-05-09 15:15:00,65.84028,64.17694914696564,2.904448719942998
2012-05-09 15:20:00,66.00463,64.3887572094795,2.924548212671905
2012-05-09 15:25:00,66.09838,64.55895361439217,2.945731827059769
2012-05-09 15:30:00,66.202545,64.52451756879539,2.9411405016677605
2012-05-09 15:35:00,66.385414,64.47134275282994,2.934340761623549
2012-05-09 15:40:00,66.52546,64.28907023365629,2.9141176396849082
2012-05-09 15:45:00,66.515045,64.98696019330615,3.01185373945804
2012-05-09 15:50:00,66.49421,64.35532121945917,2.920872728430668
2012-05-09 15:55:00,66.516205,64.49027813725496,2.936719934115113
2012-05-09 16:00:00,66.45602,63.466990830476185,7.260028191651909
2012-05-09 16:05:00,66.4537,63.17965713449545,7.296546945886589
2012-05-09 16:10:00,66.36574,63.26790596910007,7.284864119075633
2012-05-09 16:15:00,66.63657,62.724491691640175,7.387559776526977
2012-05-09 16:20:00,66.65972,63.466990830476185,7.260028191651909
2012-05-09 16:25:00,66.69097,63.399527208678144,7.268460967639666
2012-05-09 16:30:00,66.59722,63.399527208678144,7.268460967639666
2012-05-09 16:35:00,66.52431,63.63212778804612,7.237705627964197
2012-05-09 16:40:00,66.39468,63.26790596910007,7.284864119075633
2012-05-09 16:45:00,66.415504,63.47550765029498,7.258945642430703
2012-05-09 16:50:00,66.48148,62.794697293491176,7.368770762321837
2012-05-09 16:55:00,62.28241,63.077238544099295,7.311673381707519
2012-05-09 17:00:00,59.199078,60.56798514924458,22.028806147751812
2012-05-09 17:05:00,56.524307,60.4567483881952,22.27194083437792
2012-05-09 17:10:00,52.640045,60.156076076396936,22.78404349078436
2012-05-09 17:15:00,48.660877,61.13270629758981,20.429401591867634
2012-05-09 17:20:00,44.650463,60.97281594454102,20.929803560943736
2012-05-09 17:25:00,40.64699,60.920838645618836,21.086219017550725
2012-05-09 17:30:00,36.92824,60.31515362468929,22.539070832105704
2012-05-09 17:35:00,32.95949,60.717703185518666,21.65779865725828
2012-05-09 17:40:00,29.033564,59.92776630972551,23.046880525766568
2012-05-09 17:45:00,25.106482,60.97281594454102,20.929803560943736
2012-05-09 17:50:00,20.97801,60.22778705097428,22.680536796641903
2012-05-09 17:55:00,20.908566,31.576761445335563,17.652052703962017
2012-05-09 18:00:00,20.002316,30.93998432345087,19.150077717959622
2012-05-09 18:05:00,18.501158,31.139941797846735,19.774276168543818
2012-05-09 18:10:00,19.260418,30.93685214612186,18.54483776366854
2012-05-09 18:15:00,18.895834,30.92189523689186,18.58017631436384
2012-05-09 18:20:00,18.885418,30.930700888307484,18.55799212519838
2012-05-09 18:25:00,18.763887,30.931213325003075,18.55682318090668
2012-05-09 18:30:00,18.872684,30.910459994855376,18.618136148461684
2012-05-09 18:35:00,19.14815,30.932250777896275,18.554519589267475
2012-05-09 18:40:00,19.553242,30.9504929546214,18.52055956211455
2012-05-09 18:45:00,19.688658,30.919160975320214,18.588115522909046
2012-05-09 18:50:00,22.233797,30.97727946140883,18.4858934214047
2012-05-09 18:55:00,23.00116,31.001518975060378,18.463980996952742
2012-05-09 19:00:00,23.324076,31.010708182613143,19.9632742858382
2012-05-09 19:05:00,25.283564,31.011916764203665,19.794201625048988
2012-05-09 19:10:00,28.533564,31.184249296134862,21.044372473351633
2012-05-09 19:15:00,32.73148,31.0130272019435,19.772680233230645
2012-05-09 19:20:00,36.679398,31.012451155690513,20.011127067554767
2012-05-09 19:25:00,40.819443,31.00976602538149,19.90906185380206
2012-05-09 19:30:00,44.504627,31.03946338146706,20.31162395704767
2012-05-09 19:35:00,48.13426,31.03946338146706,20.31162395704767
2012-05-09 19:40:00,51.50926,31.042161328627202,20.332126883900397
2012-05-09 19:45:00,55.113422,31.032517953581618,20.254927785409407
2012-05-09 19:50:00,56.659725,37.356414124191055,29.71335483865408
2012-05-09 19:55:00,60.222225,31.0607107537555,20.457904577639727
2012-05-09 20:00:00,63.819447,31.963623143311832,22.527234440430433
2012-05-09 20:05:00,66.15278,36.15394664634983,26.709334509382256
2012-05-09 20:10:00,66.236115,66.76434894876006,1.5657407700701496
2012-05-09 20:15:00,66.27778,66.5035553708092,1.6037323199407771
2012-05-09 20:20:00,66.299774,66.65180904475737,1.5804111099368603
2012-05-09 20:25:00,66.357635,66.93244352359842,1.5479368881171327
2012-05-09 20:30:00,66.365746,66.69754277375593,1.5741582370412959
2012-05-09 20:35:00,66.33797,66.49947525086436,1.6044459767486086
2012-05-09 20:40:00,66.641205,65.73161152936328,1.8527481462770972
2012-05-09 20:45:00,66.56829,66.25145968778496,1.6565261609404835
2012-05-09 20:50:00,66.42939,66.24365170362051,1.658481895229836
2012-05-09 20:55:00,66.356476,66.65180904475737,1.5804111099368603
2012-05-09 21:00:00,66.36343,66.37964778025612,1.4749309989974881
2012-05-09 21:05:00,66.18634,66.88171059962282,1.472960259795052
2012-05-09 21:10:00,66.177086,66.97752362285861,1.4751745340030318
2012-05-09 21:15:00,65.989586,66.6255334912337,1.470855032661797
2012-05-09 21:20:00,66.072914,66.69320649480055,1.4708307340482207
2012-05-09 21:25:00,65.9375,67.04129478531941,1.4770332370155812
2012-05-09 21:30:00,65.927086,66.68964584301823,1.470821188164316
2012-05-09 21:35:00,66.13311,66.40815236813462,1.4741144661913967
2012-05-09 21:40:00,66.22569,66.69320649480055,1.4708307340482207
2012-05-09 21:45:00,66.46296,66.04900328344489,1.4920277215741429
2012-05-09 21:50:00,66.895836,65.84066866175534,1.5111605656116807
2012-05-09 21:55:00,67.03125,66.40102679228626,1.4743096042330857
2012-05-09 22:00:00,67.14468,65.69955661438807,1.7321304218578637
2012-05-09 22:05:00,67.384254,65.63501949672984,1.7318793732700393
2012-05-09 22:10:00,67.29977,66.25128844041308,1.7466176765666026
2012-05-09 22:15:00,67.64352,65.34510938559693,1.735288715004458
2012-05-09 22:20:00,67.458336,66.25128844041308,1.7466176765666026
2012-05-09 22:25:00,67.19197,65.92549710954833,1.7355631721467528
2012-05-09 22:30:00,67.171135,65.95776350256696,1.7363558291173435
2012-05-09 22:35:00,67.113266,66.34408867291451,1.750898104313112
2012-05-09 22:40:00,66.89451,66.27986055410905,1.7478868118449256
2012-05-09 22:45:00,66.82043,66.07959161836357,1.7399708635110092
2012-05-09 22:50:00,66.71626,66.47227777411935,1.7575269085061407
2012-05-09 22:55:00,66.50645,66.11897456796494,1.7413411688409743
2012-05-09 23:00:00,66.404594,64.82904780562713,2.2381750393069026
2012-05-09 23:05:00,66.05042,65.17243661373838,2.25330930764796
2012-05-09 23:10:00,65.69973,64.76470894863463,2.2359208162794113
2012-05-09 23:15:00,65.39766,65.20628247597672,2.2550471480511622
2012-05-09 23:20:00,65.249504,64.43495267147327,2.2278998113024264
2012-05-09 23:25:00,65.22421,63.82497893041319,2.2328967662973818
2012-05-09 23:30:00,64.75546,64.66244161729341,2.232774071649709
2012-05-09 23:35:00,64.35731,64.95001446288433,2.2429429672597325
2012-05-09 23:40:00,64.24273,64.35530792790985,2.2269585737985156
2012-05-09 23:45:00,64.094574,64.61696407697403,2.23155624827881
2012-05-09 23:50:00,63.917496,64.93490498268933,2.242311099466524
2012-05-09 23:55:00,63.855316,64.21394050033378,2.2263696216885034
2012-05-10 00:00:00,63.71875,63.135539188200994,2.8077430415961335
2012-05-10 00:05:00,63.671295,62.66285250258875,2.800934801487466
2012-05-10 00:10:00,63.730328,62.27991581785105,2.8075698509285503
2012-05-10 00:15:00,63.53241,62.86273916907421,2.802135179699901
2012-05-10 00:20:00,63.083332,62.60031059334119,2.801155521311276
2012-05-10 00:25:00,63.221066,62.39936710405126,2.804068877609236
2012-05-10 00:30:00,62.866898,61.822335229282025,2.8359380817520994
2012-05-10 00:35:00,63.145832,62.30879279440634,2.8065924621906446
2012-05-10 00:40:00,62.67361,62.629717678901024,2.8010139574105692
2012-05-10 00:45:00,61.88773,62.77738485581889,2.8012865676802203
2012-05-10 00:50:00,61.89352,62.996931544641406,2.804383320656839
2012-05-10 00:55:00,61.56134,62.6591701278066,2.800938806753441
2012-05-10 01:00:00,61.031254,61.78966107237289,3.245708684686052
2012-05-10 01:05:00,60.589123,61.60962824601183,3.2314970219449672
2012-05-10 01:10:00,60.547455,61.56372904204557,3.2281201525335756
2012-05-10 01:15:00,60.616898,61.34696294051685,3.2140707475673964
2012-05-10 01:20:00,60.649307,60.495131196922806,3.2251841739000207
2012-05-10 01:25:00,60.774963,61.93000768281673,3.2575556383960347
2012-05-10 01:30:00,60.785385,60.18798482975985,3.290617966769624
2012-05-10 01:35:00,59.932377,62.30063206869269,3.290097742056864
2012-05-10 01:40:00,60.0921,60.465231359807916,3.2291952549269314
2012-05-10 01:45:00,60.83168,59.99222841023549,3.3777551982132548
2012-05-10 01:50:00,60.285385,62.111303523445464,3.2733926825723607
2012-05-10 01:55:00,60.212467,60.8113146976232,3.2025469891528857
2012-05-10 02:00:00,60.74025,59.19117071320196,3.9389708413548967
2012-05-10 02:05:00,61.261078,59.23960209267429,3.9384565652038237
2012-05-10 02:10:00,60.511078,60.12698012861313,4.013197617132194
2012-05-10 02:15:00,59.946262,60.23968026550625,4.024900173586652
2012-05-10 02:20:00,59.89302,59.33299675114923,3.9405276140674332
2012-05-10 02:25:00,59.51736,61.05128006364125,4.092871613971528
2012-05-10 02:30:00,59.621525,59.059250721576596,3.94946896982799
2012-05-10 02:35:00,60.089123,58.98069824371296,3.967297002051399
2012-05-10 02:40:00,60.253475,59.56423010887118,3.9559114846502683
2012-05-10 02:45:00,59.753475,60.41051729787716,4.041897691658856
2012-05-10 02:50:00,59.151623,59.33299675114923,3.9405276140674332
2012-05-10 02:55:00,58.973377,59.39010254282209,3.943254399142593
2012-05-10 03:00:00,58.038193,59.494965190091456,4.744630270054797
2012-05-10 03:05:00,57.440968,59.57120280965103,4.747054435034138
2012-05-10 03:10:00,58.128468,58.20447120050295,4.6323390782347795
2012-05-10 03:15:00,58.7581,58.22309059911126,4.60562445855443
2012-05-10 03:20:00,58.866894,58.34837226291118,4.626445462862775
2012-05-10 03:25:00,57.510418,58.90245132314019,4.704162249398073
2012-05-10 03:30:00,57.658566,58.32409689471201,4.622174543914372
2012-05-10 03:35:00,57.460648,58.845073826091095,4.69803368809089
2012-05-10 03:40:00,57.775463,58.9987578989842,4.713517898003534
2012-05-10 03:45:00,57.275463,58.32409689471201,4.622174543914372
2012-05-10 03:50:00,58.136578,58.33287649706448,4.747469469594964
2012-05-10 03:55:00,57.991898,58.254077383822754,4.6101270598879545
2012-05-10 04:00:00,58.57523,58.493522389764905,5.011374872189962
2012-05-10 04:05:00,58.318287,58.58427653956064,4.631294148845096
2012-05-10 04:10:00,57.891205,59.38367471397506,4.367275708743718
2012-05-10 04:15:00,56.684032,59.88973574559744,4.288991034830567
2012-05-10 04:20:00,56.276623,58.867038689858674,4.494128534545047
2012-05-10 04:25:00,57.151623,58.55654649594994,7.322961942003442
2012-05-10 04:30:00,57.447918,58.90420751359529,4.481859099446389
2012-05-10 04:35:00,57.76041,58.79947813042548,4.51863242541952
2012-05-10 04:40:00,57.288193,60.427056962128404,4.225320330374121
2012-05-10 04:45:00,58.419144,58.54047852593872,5.14455667094036
2012-05-10 04:50:00,58.14137,59.35452512993157,4.372722870468482
2012-05-10 04:55:00,58.7247,58.47290418542371,4.777466716261768
2012-05-10 05:00:00,58.839283,61.0238206397201,3.2380905204601507
2012-05-10 05:05:00,59.370533,60.190563136287636,4.134792715455017
2012-05-10 05:10:00,60.120533,60.51587247604107,3.610680165185039
2012-05-10 05:15:00,61.0372,59.65641536986811,5.863191935371646
2012-05-10 05:20:00,61.825397,60.23442121406482,4.0406808621872905
2012-05-10 05:25:00,62.53836,60.385819197960195,3.777219895772234
2012-05-10 05:30:00,62.708496,61.792212432361254,3.0113174491784283
2012-05-10 05:35:00,62.74669,61.676767610933496,3.032612587972192
2012-05-10 05:40:00,63.04183,61.09189742879869,3.207252464625157
2012-05-10 05:45:00,63.234955,62.38041071793993,2.9427344788509004
2012-05-10 05:50:00,63.773144,60.77471909049334,3.3818399167968156
2012-05-10 05:55:00,63.93982,61.55372826005766,3.0591226424014955
2012-05-10 06:00:00,64.26273,64.04692446203352,2.2396850394134526
2012-05-10 06:05:00,64.72106,63.87545183845547,2.2942854333792946
2012-05-10 06:10:00,64.6794,65.25740524584047,2.0767928452115876
2012-05-10 06:15:00,65.17361,63.87545183845547,2.2942854333792946
2012-05-10 06:20:00,65.31944,64.74753429396615,2.1113582015620684
2012-05-10 06:25:00,65.46065,64.86395921695778,2.1001284445043744
2012-05-10 06:30:00,65.5544,65.08716237984248,2.0843424600520595
2012-05-10 06:35:00,65.79514,64.53671734193472,2.137790153304877
2012-05-10 06:40:00,65.94097,64.68042576588391,2.118871769008774
2012-05-10 06:45:00,65.8669,65.76035821331841,2.0736913007501188
2012-05-10 06:50:00,65.875,65.01896354419053,2.088418752742756
2012-05-10 06:55:00,66.103004,64.81502436071821,2.1045800751197987
2012-05-10 07:00:00,66.12384,66.74210218843949,1.8908640670733792
2012-05-10 07:05:00,66.28009,67.02059741022082,1.8631536047630048
2012-05-10 07:10:00,66.259254,66.82180570557249,1.8822631292519827
2012-05-10 07:15:00,66.20671,67.15661170339945,1.8518829346551016
2012-05-10 07:20:00,66.26713,66.94121455171482,1.8703966535789558
2012-05-10 07:25:00,66.38171,67.06019029509652,1.859726343171932
2012-05-10 07:30:00,66.45909,67.13912299137563,1.8532534476655245
2012-05-10 07:35:00,66.57946,67.05139873628339,1.8604770635243417
2012-05-10 07:40:00,66.76697,66.86163863938891,1.8781716758878584
2012-05-10 07:45:00,66.735725,67.2956938226338,1.841780986324119
2012-05-10 07:50:00,66.9672,66.73324610034123,1.8918548660351397
2012-05-10 07:55:00,67.01905,67.33020491504747,1.8394892176367004
2012-05-10 08:00:00,67.18294,66.40756644222556,2.2012303027843996
2012-05-10 08:05:00,67.11627,67.22998176761921,2.0955667209947775
2012-05-10 08:10:00,67.20258,66.32625343121235,2.2145004758381606
2012-05-10 08:15:00,67.35698,66.54650324447664,2.179961583911745
2012-05-10 08:20:00,67.45281,66.76849030477136,2.149214625626185
2012-05-10 08:25:00,67.363686,67.10662183043367,2.1087261187757185
2012-05-10 08:30:00,67.41131,67.04187474783247,2.1159563804091888
2012-05-10 08:35:00,67.43909,67.12034657150683,2.107222185905403
2012-05-10 08:40:00,67.49117,67.18890705300764,2.099861189423674
2012-05-10 08:45:00,67.56872,66.77673343883241,2.148142297250374
2012-05-10 08:50:00,67.61038,67.22998176761921,2.0955667209947775
2012-05-10 08:55:00,67.42427,67.14229709048851,2.104839260331278
2012-05-10 09:00:00,67.38538,66.4415107746696,2.5586649333739175
2012-05-10 09:05:00,67.36871,66.35414895164506,2.5745149946646593
2012-05-10 09:10:00,67.4074,66.05597778659444,2.6329430433101164
2012-05-10 09:15:00,67.36111,66.5435717161386,2.540780300808567
2012-05-10 09:20:00,67.23611,66.53445421768109,2.542351752079183
2012-05-10 09:25:00,67.19907,66.14371812208786,2.6149926872969957
2012-05-10 09:30:00,67.03241,66.61653039503987,2.5283835056690935
2012-05-10 09:35:00,66.84722,66.61653039503987,2.5283835056690935
2012-05-10 09:40:00,64.08681,66.78072556160038,2.5015660025733237
2012-05-10 09:45:00,59.70718,66.47065756986125,2.553490203906986
2012-05-10 09:50:00,55.134262,66.78072556160038,2.5015660025733237
2012-05-10 09:55:00,50.71164,65.80204650500859,2.689086043214402
2012-05-10 10:00:00,46.276455,65.71916164961532,2.8398226408771845
2012-05-10 10:05:00,42.016037,65.71916164961532,2.8398226408771845
2012-05-10 10:10:00,38.231316,65.64210944054535,2.848713307771692
2012-05-10 10:15:00,34.617558,65.78795399151308,2.831967646757666
2012-05-10 10:20:00,31.420801,65.489134270061,2.866793879431926
2012-05-10 10:25:00,30.369875,65.44691532513225,2.871918765588958
2012-05-10 10:30:00,30.22404,65.41322587594732,2.8760592612097873
2012-05-10 10:35:00,30.127975,65.34608085544178,2.8844681391105667
2012-05-10 10:40:00,32.68932,54.710350253394246,14.906888204962783
2012-05-10 10:45:00,36.87682,42.818498342563885,22.308663693999776
2012-05-10 10:50:00,41.22288,42.35016312624907,22.45412189997849
2012-05-10 10:55:00,45.447586,41.97143538175025,22.55946787159353
2012-05-10 11:00:00,49.57027,41.29356992734969,20.631681260138006
2012-05-10 11:05:00,53.42444,41.95349867331009,20.371198579832647
2012-05-10 11:10:00,57.007767,44.12620878251301,19.365592832144326
2012-05-10 11:15:00,60.38426,45.40092579949763,18.69296994454883
2012-05-10 11:20:00,63.458332,47.846059740637884,17.280260062663015
2012-05-10 11:25:00,64.40278,61.48754064090022,4.4198269344656245
2012-05-10 11:30:00,64.62268,64.56334742083438,2.775781805341777
2012-05-10 11:35:00,64.65393,64.66464105718296,2.7726453260604234
2012-05-10 11:40:00,64.56134,65.07293810793074,2.773593328013535
2012-05-10 11:45:00,64.478004,64.83479463541836,2.7709011514032547
2012-05-10 11:50:00,64.25579,64.9801725877344,2.772021498467799
2012-05-10 11:55:00,64.172455,64.26125278624146,2.7977016617872708
2012-05-10 12:00:00,63.846066,64.28559725269585,2.2453548049204635
2012-05-10 12:05:00,63.991898,63.986913725121234,2.286639514143624
2012-05-10 12:10:00,64.09953,64.5642525961102,2.2343211872209525
2012-05-10 12:15:00,63.9537,64.57487252917187,2.2344011441972498
2012-05-10 12:20:00,63.851852,64.677383692205,2.236934845783822
2012-05-10 12:25:00,63.626156,64.69151102184584,2.2375266757516084
2012-05-10 12:30:00,63.479168,65.22015670247666,2.2931716505006516
2012-05-10 12:35:00,63.385418,64.73389510240729,2.2396384596536065
2012-05-10 12:40:00,63.06134,64.73389510240729,2.2396384596536065
2012-05-10 12:45:00,62.93634,64.54299805884597,2.2342666117634757
2012-05-10 12:50:00,62.927082,64.24935437228088,2.248718990989604
2012-05-10 12:55:00,63.072918,63.986913725121234,2.286639514143624
2012-05-10 13:00:00,63.350697,63.03684501026395,2.3331454287533337
2012-05-10 13:05:00,63.381947,64.36580285217015,1.9738148906806625
2012-05-10 13:10:00,63.017365,64.82100850993554,1.9740128546600113
2012-05-10 13:15:00,62.872692,64.0265234172797,2.015175418105281
2012-05-10 13:20:00,62.628475,64.28069396158742,1.9808116601421626
2012-05-10 13:25:00,62.493057,63.885392545162354,2.0428271068460653
2012-05-10 13:30:00,62.32639,64.69203393157024,1.9677561693446128
2012-05-10 13:35:00,62.378475,64.36580285217015,1.9738148906806625
2012-05-10 13:40:00,62.629627,63.58832283567177,2.120382881689205
2012-05-10 13:45:00,62.594906,64.06127724364576,2.009296459039876
2012-05-10 13:50:00,62.19907,64.13018655414426,1.9987377027073892
2012-05-10 13:55:00,62.29282,64.36580285217015,1.9738148906806625
2012-05-10 14:00:00,62.164352,63.56118988821191,2.401011575146047
2012-05-10 14:05:00,61.949078,64.00549867844215,2.325131440408963
2012-05-10 14:10:00,62.074078,63.18022891124617,2.526695486324314
2012-05-10 14:15:00,62.104168,63.08572776837725,2.5690858418024622
2012-05-10 14:20:00,62.291668,63.017236329502964,2.6030373095536623
2012-05-10 14:25:00,62.385418,62.98493814653995,2.6200333738626607
2012-05-10 14:30:00,62.53125,63.68798723366234,2.3726401549440372
2012-05-10 14:35:00,62.21875,64.07707095677797,2.3185635459273777
2012-05-10 14:40:00,62.114582,63.969834989155665,2.3289423768117166
2012-05-10 14:45:00,62.309032,63.4700332611059,2.4252084698007654
2012-05-10 14:50:00,62.746532,62.40209893650325,3.040024466166111
2012-05-10 14:55:00,62.559032,64.22110251668535,2.30953322875924
2012-05-10 15:00:00,62.527782,61.606439674167056,5.154262617141053
2012-05-10 15:05:00,62.597218,61.824105642139905,5.033565810970309
2012-05-10 15:10:00,62.67361,62.206886412628116,4.81330159358285
2012-05-10 15:15:00,62.93849,61.65879249644291,5.125768042427499
2012-05-10 15:20:00,63.152615,62.248290744867894,4.789731879076718
2012-05-10 15:25:00,63.423447,61.80815146247674,5.0425966918425456
2012-05-10 15:30:00,63.19312,62.8957457982907,4.473084318247398
2012-05-10 15:35:00,63.463955,61.44041113419269,5.242177700905487
2012-05-10 15:40:00,63.495197,62.248290744867894,4.789731879076718
2012-05-10 15:45:00,63.032238,62.827569633185846,4.500238152427603
2012-05-10 15:50:00,60.43849,62.45138809374975,4.6780695140146324
2012-05-10 15:55:00,57.329693,62.206886412628116,4.81330159358285
2012-05-10 16:00:00,54.298447,54.36085329599798,16.643075353045344
2012-05-10 16:05:00,51.173447,56.70966714723013,16.093083948594945
2012-05-10 16:10:00,48.25678,58.097123812315,15.28977329686816
2012-05-10 16:15:00,46.63773,58.891089466476934,14.648823132868019
2012-05-10 16:20:00,43.829865,59.79643677774777,13.740630348994635
2012-05-10 16:25:00,40.15278,59.31043917106334,14.252418369507334
2012-05-10 16:30:00,36.716434,56.20979637284527,16.291131563831183
2012-05-10 16:35:00,33.403934,58.456399151888824,15.017008542624849
2012-05-10 16:40:00,29.831018,57.623422296145144,15.607574448469611
2012-05-10 16:45:00,27.155092,51.99519157529787,16.3889400402439
2012-05-10 16:50:00,25.94676,31.8005589748565,15.558022870275929
2012-05-10 16:55:00,25.378471,31.62225165416288,16.045534113329204
2012-05-10 17:00:00,25.63426,30.613138598901276,17.11216670423879
2012-05-10 17:05:00,25.217592,30.605592203107904,17.107190443118032
2012-05-10 17:10:00,24.486113,30.585108738880944,17.106984661452874
2012-05-10 17:15:00,22.527777,32.373856487974656,18.52487077107178
2012-05-10 17:20:00,21.361109,30.61449386223236,17.159497080597784
2012-05-10 17:25:00,20.752314,30.67220849883624,17.16076630488202
2012-05-10 17:30:00,20.689814,30.669823615132085,17.158637876874753
2012-05-10 17:35:00,19.991898,30.614757201053,17.11330467447362
2012-05-10 17:40:00,19.502314,30.679467583550416,17.16733339831041
2012-05-10 17:45:00,18.471064,30.58866683916051,17.10020798877381
2012-05-10 17:50:00,18.12037,30.731628132662337,17.21617746852125
2012-05-10 17:55:00,17.99537,30.715384435315098,17.20068426901164
2012-05-10 18:00:00,16.75,30.343696820990527,19.006401647658915
2012-05-10 18:05:00,16.375002,30.399594668948556,18.539409589871358
2012-05-10 18:10:00,16.087963,30.40127177765213,18.535009375003586
2012-05-10 18:15:00,15.327546,30.378771320817908,18.60474420048799
2012-05-10 18:20:00,15.150463,30.436288601649494,18.460707715586896
2012-05-10 18:25:00,15.30787,30.518598538197967,18.35956733258192
2012-05-10 18:30:00,15.12037,30.39773836167844,18.54442631901277
2012-05-10 18:35:00,14.943287,30.470600024137216,18.40975432397092
2012-05-10 18:40:00,15.262731,30.497352827353183,18.379384676574436
2012-05-10 18:45:00,15.450231,30.49487917508759,18.381933924526717
2012-05-10 18:50:00,15.792824,30.514084633113807,18.363505191413104
2012-05-10 18:55:00,16.162037,30.4474055585499,18.442386976311397
2012-05-10 19:00:00,20.297453,30.629642193507284,19.69283920196587
2012-05-10 19:05:00,24.811342,30.60138910666333,19.877466535680238
2012-05-10 19:10:00,28.993055,30.594509780500783,19.944581383182122
2012-05-10 19:15:00,33.56597,30.630990811063715,19.685979694452737
2012-05-10 19:20:00,37.90972,30.600414076582055,19.886077086139966
2012-05-10 19:25:00,42.34491,30.602717312197612,19.866106177283147
2012-05-10 19:30:00,46.553238,30.586373453532378,20.055800558147013
2012-05-10 19:35:00,51.11111,30.61681323758636,19.76488201004773
2012-05-10 19:40:00,55.229168,30.584422206624357,20.094067403298926
2012-05-10 19:45:00,59.479168,30.591753682812424,19.97679131678483
2012-05-10 19:50:00,63.58102,30.58682916379432,20.047842361674224
2012-05-10 19:55:00,67.420135,30.581869279761097,20.40542431929716
2012-05-10 20:00:00,67.86805,66.16484432766343,2.991540914395898
2012-05-10 20:05:00,67.802086,67.33007182154257,1.7132346228115585
2012-05-10 20:10:00,67.76852,66.70299165626163,1.8994800320593372
2012-05-10 20:15:00,67.8206,66.81353762018786,1.8413550782078891
2012-05-10 20:20:00,67.78935,66.90990108564306,1.803891689410378
2012-05-10 20:25:00,67.585655,67.07782758765364,1.7571245869562022
2012-05-10 20:30:00,67.335655,67.03895894387196,1.7663335389867842
2012-05-10 20:35:00,67.19676,67.05382895366465,1.7627118514013056
2012-05-10 20:40:00,67.14468,66.90990108564306,1.803891689410378
2012-05-10 20:45:00,66.979164,66.93498858827287,1.7956152374701568
2012-05-10 20:50:00,66.864586,66.76792428651764,1.8629732491196231
2012-05-10 20:55:00,66.75,66.88519992800218,1.8125848596065666
2012-05-10 21:00:00,66.71759,66.83266973734379,1.5306381888779959
2012-05-10 21:05:00,66.665504,67.1012146026941,1.5405375226708042
2012-05-10 21:10:00,66.61922,66.6095326020104,1.5362268477490313
2012-05-10 21:15:00,66.55672,66.90318499632042,1.5319932296943042
2012-05-10 21:20:00,66.460655,66.80965123644161,1.5304530565840826
2012-05-10 21:25:00,66.54514,66.59145484887067,1.5375989999516397
2012-05-10 21:30:00,66.56019,66.47731663606385,1.551007154418208
2012-05-10 21:35:00,66.48495,66.70316928239043,1.5316364049989684
2012-05-10 21:40:00,66.2801,66.76436488081806,1.5305153310528203
2012-05-10 21:45:00,66.26157,66.55595964777282,1.5408336750037919
2012-05-10 21:50:00,66.31366,66.51497147657491,1.5455693976513265
2012-05-10 21:55:00,66.04282,66.6140863224052,1.5359089928081913
2012-05-10 22:00:00,66.08565,66.19121544386637,1.6694674497376571
2012-05-10 22:05:00,65.81481,66.44111502472272,1.6855345000211248
2012-05-10 22:10:00,65.74884,65.89190574487685,1.6588348110822675
2012-05-10 22:15:00,65.50694,66.19419553976293,1.669627593622188
2012-05-10 22:20:00,65.460655,66.00444110957808,1.661393174723217
2012-05-10 22:25:00,65.38773,66.19419553976293,1.669627593622188
2012-05-10 22:30:00,65.33102,65.86981162969285,1.6585819156217996
2012-05-10 22:35:00,65.22106,65.93370885419161,1.659547392402013
2012-05-10 22:40:00,65.134254,65.6982687581999,1.6600306054903093
2012-05-10 22:45:00,64.953705,65.89190574487685,1.6588348110822675
2012-05-10 22:50:00,64.858795,66.01015647577991,1.6615750879700324
2012-05-10 22:55:00,65.202545,65.40293477522216,1.6825661158189762
2012-05-10 23:00:00,64.87269,65.51204246297141,1.9763816579629987
2012-05-10 23:05:00,64.87269,64.892765861228,1.9417696476810784
2012-05-10 23:10:00,65.05903,64.86440561126777,1.9409963791646663
2012-05-10 23:15:00,65.144684,64.71831653139516,1.9385860546044145
2012-05-10 23:20:00,65.052086,65.04595562496263,1.947440036229463
2012-05-10 23:25:00,64.9294,65.18248333390189,1.9543351757754497
2012-05-10 23:30:00,64.60648,64.86440561126777,1.9409963791646663
2012-05-10 23:35:00,64.41435,64.79248622471518,1.9394648989650403
2012-05-10 23:40:00,64.4456,64.5877906245122,1.938993271479432
2012-05-10 23:45:00,64.39468,64.56087041601283,1.939420054820449
2012-05-10 23:50:00,64.166664,64.91807356448054,1.9425378131919533
2012-05-10 23:55:00,63.927082,65.39107488598651,1.9675415760943125
2012-05-11 00:00:00,63.954865,63.35005217371324,2.416427116998714
2012-05-11 00:05:00,63.806717,63.679067120645755,2.4324689044379078
2012-05-11 00:10:00,63.474537,64.22288017981634,2.474315122281999
2012-05-11 00:15:00,63.45891,63.742131769023054,2.4365294727510762
2012-05-11 00:20:00,63.662613,63.56797660372454,2.426011169604928
2012-05-11 00:25:00,63.320023,63.62335427147278,2.4291131145929943
2012-05-11 00:30:00,63.48669,62.73652240176105,2.422658124108923
2012-05-11 00:35:00,63.559605,63.01597816049452,2.4122994530633197
2012-05-11 00:40:00,63.53183,63.43107709484551,2.419460453264076
2012-05-11 00:45:00,63.30151,63.164492310239886,2.412282215585313
2012-05-11 00:50:00,63.791092,63.044745412232174,2.4120346308108407
2012-05-11 00:55:00,63.696182,63.49240144032276,2.4221863334458127
2012-05-11 01:00:00,63.21701,62.7552026878293,3.1422809832891923
2012-05-11 01:05:00,63.059605,62.49422128422859,3.1676020670969276
2012-05-11 01:10:00,63.322998,62.462651277162564,3.1709323715827904
2012-05-11 01:15:00,63.19279,63.133055133369595,3.1100414700555468
2012-05-11 01:20:00,62.757603,63.867441187832746,3.0515953532102498
2012-05-11 01:25:00,62.85681,61.755726422103066,3.276481632697489
2012-05-11 01:30:00,62.967922,62.42242529324523,3.175279583430838
2012-05-11 01:35:00,62.832504,62.462651277162564,3.1709323715827904
2012-05-11 01:40:00,62.964447,62.64157748654793,3.1528773446188794
2012-05-11 01:45:00,62.901947,61.626258305036686,3.3075518752844317
2012-05-11 01:50:00,62.418156,64.35796643061732,3.010917693965577
2012-05-11 01:55:00,61.77348,62.45816086963879,3.1714124694642174
2012-05-11 02:00:00,62.346394,59.85063606843207,4.207392374181818
2012-05-11 02:05:00,62.235287,60.502439887597774,4.094908899926408
2012-05-11 02:10:00,61.409393,62.36799049848451,3.898450485222776
2012-05-11 02:15:00,61.023975,61.22173249405558,4.025517548250762
2012-05-11 02:20:00,61.070267,60.63422234654846,4.081539618791266
2012-05-11 02:25:00,61.082172,60.65866863205593,4.079139841431412
2012-05-11 02:30:00,61.023148,61.54381829469427,3.9932748011357
2012-05-11 02:35:00,61.120373,60.55082758000233,4.0899005373405855
2012-05-11 02:40:00,60.422455,61.920571123202876,3.952318049024225
2012-05-11 02:45:00,60.599537,60.032804346850156,4.159128652176309
2012-05-11 02:50:00,60.377316,60.84783238749554,4.061028770412502
2012-05-11 02:55:00,60.864582,59.68623570987055,4.410884184279135
2012-05-11 03:00:00,60.44676,60.95144799334955,4.570307180271748
2012-05-11 03:05:00,60.363422,59.304847148510596,4.693070777856714
2012-05-11 03:10:00,60.69676,59.05981544924462,4.72855494222165
2012-05-11 03:15:00,61.28125,59.14167799758379,4.692873333078509
2012-05-11 03:20:00,60.660877,59.8891645650009,4.676928131886565
2012-05-11 03:25:00,60.181713,59.78659459131237,4.682310764326187
2012-05-11 03:30:00,59.744213,60.3394810687633,4.642053836020616
2012-05-11 03:35:00,59.725697,59.99757403475922,4.670148878036095
2012-05-11 03:40:00,59.652782,59.04661751932158,4.7138810717871555
2012-05-11 03:45:00,59.592594,59.644174305403425,4.688026901912587
2012-05-11 03:50:00,59.600693,59.26630052811323,4.692973316384676
2012-05-11 03:55:00,59.207172,59.57119649023139,4.69013168401629
2012-05-11 04:00:00,57.947918,59.63547354745336,4.495700111907369
2012-05-11 04:05:00,57.975693,59.49124555150143,4.5266204388723335
2012-05-11 04:10:00,58.01852,59.68170873575187,4.489386774329914
2012-05-11 04:15:00,57.61111,61.51937778808098,4.301364695850462
2012-05-11 04:20:00,57.214123,59.590768622940374,4.85439832232296
2012-05-11 04:25:00,57.184032,59.46778578896345,4.686774677757266
2012-05-11 04:30:00,57.090282,59.4458464847265,4.5494747535382185
2012-05-11 04:35:00,56.8588,60.19546298583419,4.439382660418434
2012-05-11 04:40:00,56.8588,59.48561778194986,4.711755343625841
2012-05-11 04:45:00,57.118057,59.76100338940049,4.480058124183981
2012-05-11 04:50:00,57.524307,59.59798679460434,4.501579605008237
2012-05-11 04:55:00,57.528934,59.45268747901025,4.664043992301114
2012-05-11 05:00:00,58.872684,54.00025424568835,14.34832573900829
2012-05-11 05:05:00,59.07407,60.83971407309827,3.493215564152429
2012-05-11 05:10:00,59.175922,61.15038877084513,3.3504500094821843
2012-05-11 05:15:00,59.378307,61.17714311312165,3.3423353554529984
2012-05-11 05:20:00,60.34937,59.39935528576067,7.53341410331053
2012-05-11 05:25:00,60.88988,60.5548229218174,4.121602840566878
2012-05-11 05:30:00,61.297623,60.61216040329254,3.803389087232823
2012-05-11 05:35:00,61.742065,60.89598716626654,3.457529534382399
2012-05-11 05:40:00,62.231647,60.55796143710895,4.091078530566521
2012-05-11 05:45:00,62.277943,62.04941687849271,3.201877931723392
2012-05-11 05:50:00,62.23628,62.35934713543958,3.180079420002594
2012-05-11 05:55:00,62.700397,60.57686223902916,3.9512971512303854
2012-05-11 06:00:00,62.782574,63.66704307484245,2.1436581794776046
2012-05-11 06:05:00,62.933033,63.81004640880269,2.101456279180696
2012-05-11 06:10:00,63.37169,63.896422721299984,2.081808328270253
2012-05-11 06:15:00,63.731808,64.23557492224134,2.0344164043241193
2012-05-11 06:20:00,63.989914,63.816591235919134,2.099829340142021
2012-05-11 06:25:00,64.292,63.96134427032015,2.069416183689605
2012-05-11 06:30:00,64.5949,63.904152513772026,2.080232181937857
2012-05-11 06:35:00,64.63657,64.68392851932144,2.016970251959863
2012-05-11 06:40:00,65.03588,63.839625312855674,2.094288648039605
2012-05-11 06:45:00,65.33218,64.52084663868989,2.019068699809598
2012-05-11 06:50:00,65.51968,64.46484987549661,2.0207923586043885
2012-05-11 06:55:00,65.92593,63.89980318061644,2.0811157732803776
2012-05-11 07:00:00,66.259254,65.71144655795284,1.593923838931148
2012-05-11 07:05:00,66.59838,66.0360421240782,1.5277445251377415
2012-05-11 07:10:00,66.56713,66.9956241318428,1.5153055486138334
2012-05-11 07:15:00,66.53588,67.09432097624857,1.521994468882269
2012-05-11 07:20:00,66.75463,66.35157843128017,1.5028835128815636
2012-05-11 07:25:00,66.78588,66.63614400450317,1.500606882616095
2012-05-11 07:30:00,66.739586,66.57900315933587,1.499910722886843
2012-05-11 07:35:00,66.90625,66.50816371116444,1.4997946072593902
2012-05-11 07:40:00,66.78588,66.80952119880632,1.5056457519777533
2012-05-11 07:45:00,66.515045,67.16000802060229,1.5270010290984033
2012-05-11 07:50:00,66.40047,66.76595304294837,1.503993275659914
2012-05-11 07:55:00,66.37269,66.8969661533513,1.5096792476598007
2012-05-11 08:00:00,66.55093,67.07791101586047,1.5016416653319788
2012-05-11 08:05:00,66.489586,67.47231869426919,1.489707100137392
2012-05-11 08:10:00,66.395836,67.30895564396627,1.491518325913831
2012-05-11 08:15:00,66.20718,67.40690676718494,1.4899703944550742
2012-05-11 08:20:00,66.18403,67.43960299941416,1.4897656808608428
2012-05-11 08:25:00,66.18403,67.14632098836654,1.4975889888762106
2012-05-11 08:30:00,66.22801,66.84826630238418,1.523130154632063
2012-05-11 08:35:00,66.12153,67.43960299941416,1.4897656808608428
2012-05-11 08:40:00,66.19561,66.84826630238418,1.523130154632063
2012-05-11 08:45:00,66.22686,66.72624427237716,1.540392569128338
2012-05-11 08:50:00,66.34144,66.82317046286737,1.5263165439777497
2012-05-11 08:55:00,66.37847,67.22211260672559,1.4941731867961192
2012-05-11 09:00:00,66.28472,67.29264430212702,1.726869082222822
2012-05-11 09:05:00,66.29398,66.89952094933868,1.7672127987083257
2012-05-11 09:10:00,66.304405,66.59967074712308,1.8190732347242478
2012-05-11 09:15:00,66.35764,66.36632703701088,1.8757612178187406
2012-05-11 09:20:00,66.297455,66.9965354040235,1.754711117520445
2012-05-11 09:25:00,66.25695,66.74860991492557,1.7906314850185971
2012-05-11 09:30:00,66.329865,66.56202436217352,1.8271767110945032
2012-05-11 09:35:00,66.23843,66.70335201152474,1.7986838052417724
2012-05-11 09:40:00,66.28472,66.67030720248123,1.8048830298247616
2012-05-11 09:45:00,66.34722,66.37064806628689,1.874566179960938
2012-05-11 09:50:00,66.38889,66.78549310386093,1.7844316003084384
2012-05-11 09:55:00,66.3588,66.96426414534844,1.7586627500162777
2012-05-11 10:00:00,66.172455,66.4279756458545,2.095260555496855
2012-05-11 10:05:00,66.15162,66.3862701760236,2.1054853468186945
2012-05-11 10:10:00,66.19329,66.04406680796615,2.2040880007196386
2012-05-11 10:15:00,66.12037,65.95570862311044,2.234104977029944
2012-05-11 10:20:00,66.078705,66.21721804593109,2.1508098785607097
2012-05-11 10:25:00,66.12963,66.0049528342264,2.217134316491244
2012-05-11 10:30:00,66.265045,66.25983653839224,2.1387802550536716
2012-05-11 10:35:00,66.34722,65.72878927061475,2.3203975497997535
2012-05-11 10:40:00,66.1875,66.27398678705508,2.134877553557156
2012-05-11 10:45:00,66.17014,66.00004685810633,2.218797963050856
2012-05-11 10:50:00,66.05556,66.3862701760236,2.1054853468186945
2012-05-11 10:55:00,65.88195,66.30221038327402,2.127228274348362
2012-05-11 11:00:00,66.047455,65.06466159665324,2.6269504830342316
2012-05-11 11:05:00,65.984955,65.8049161149015,2.3643854426974644
2012-05-11 11:10:00,65.8044,65.70962668376878,2.393066106518469
2012-05-11 11:15:00,65.89815,65.05884366597384,2.6293901647106415
2012-05-11 11:20:00,65.87037,65.51547002124885,2.4560300150393544
2012-05-11 11:25:00,65.797455,65.70962668376878,2.393066106518469
2012-05-11 11:30:00,65.53704,66.35559971831815,2.2247436617148444
2012-05-11 11:35:00,65.23611,65.55904924350835,2.441358221409439
2012-05-11 11:40:00,65.161705,65.0062600421005,2.6517208056847337
2012-05-11 11:45:00,65.27281,65.38316715586498,2.5025347429035905
2012-05-11 11:50:00,65.41865,65.3664592926943,2.5086200473382534
2012-05-11 11:55:00,65.39434,64.97098708876126,2.6669796229632667
2012-05-11 12:00:00,65.3006,65.37555930149038,2.436442113449886
2012-05-11 12:05:00,65.1131,64.99653804516726,2.5402599648384183
2012-05-11 12:10:00,65.1374,64.2369365346607,2.7915794050654177
2012-05-11 12:15:00,65.02629,64.99653804516726,2.5402599648384183
2012-05-11 12:20:00,64.94296,64.84863968281395,2.5843198338491153
2012-05-11 12:25:00,64.72421,64.83001353459078,2.590021137117092
2012-05-11 12:30:00,64.59921,64.6040237449904,2.6620776001890563
2012-05-11 12:35:00,64.603836,63.350529111884846,3.1843744447184315
2012-05-11 12:40:00,64.50115,64.01091161739431,2.8799952805854794
2012-05-11 12:45:00,64.28819,65.42865592576342,2.4228617918837054
2012-05-11 12:50:00,63.944443,65.58643303929274,2.38379930064604
2012-05-11 12:55:00,63.746532,64.25653339617851,2.784241520451791
2012-05-11 13:00:00,63.54861,64.28182231918389,2.5784665529888993
2012-05-11 13:05:00,63.527775,63.29527461348248,2.862568887533362
2012-05-11 13:10:00,63.215275,63.72192957089055,2.727943650263174
2012-05-11 13:15:00,63.118057,63.74248661333689,2.7220233331180075
2012-05-11 13:20:00,63.108795,63.74248661333689,2.7220233331180075
2012-05-11 13:25:00,63.099537,62.93989620856388,2.999057760226975
2012-05-11 13:30:00,63.130787,63.23527411966706,2.883744016691088
2012-05-11 13:35:00,63.08449,62.735515770872944,3.0922930981220667
2012-05-11 13:40:00,63.12616,62.76708883751713,3.0770344143523993
2012-05-11 13:45:00,63.098377,63.633062487324196,2.754047348207928
2012-05-11 13:50:00,63.087963,63.057047186144985,2.9509067642071583
2012-05-11 13:55:00,63.273148,62.4885361772549,3.224528927220978
2012-05-11 14:00:00,63.096066,62.14786229418124,3.7780420433678485
2012-05-11 14:05:00,63.189816,62.191828706985866,3.7438063055727167
2012-05-11 14:10:00,63.515045,61.53214016943512,4.677517202671123
2012-05-11 14:15:00,63.59375,62.191828706985866,3.7438063055727167
2012-05-11 14:20:00,63.443287,62.63212338164394,3.468329852756078
2012-05-11 14:25:00,63.410885,61.992887898894516,3.9172335953691846
2012-05-11 14:30:00,62.679398,62.3850772709421,3.611170157556854
2012-05-11 14:35:00,62.82523,61.76684320377308,4.208249738449369
2012-05-11 14:40:00,62.51273,62.065042765417736,3.8482865611989308
2012-05-11 14:45:00,62.475697,62.431804439411074,3.5823606799318273
2012-05-11 14:50:00,61.913193,62.065042765417736,3.8482865611989308
2012-05-11 14:55:00,60.446762,62.47988575122009,3.5537078823779784
2012-05-11 15:00:00,59.370373,57.35078877740833,14.399420590684743
2012-05-11 15:05:00,57.505783,60.284546702369646,9.837222056543222
2012-05-11 15:10:00,55.339115,60.38459326948856,9.592870718457371
2012-05-11 15:15:00,52.25,60.168273452866714,10.122133417728653
2012-05-11 15:20:00,49.135418,59.00281587129166,12.555413373691996
2012-05-11 15:25:00,46.038193,58.78613650045988,12.879101227873067
2012-05-11 15:30:00,43.788193,44.124028019030355,20.110608380387358
2012-05-11 15:35:00,40.381947,59.725477937418795,11.173006028746121
2012-05-11 15:40:00,38.600697,53.89704578068347,16.52654276257059
2012-05-11 15:45:00,35.52133,59.67103803965256,11.294024309431398
2012-05-11 15:50:00,32.65675,46.642537483419545,19.496199927252032
2012-05-11 15:55:00,30.465776,34.802680036672044,18.136218511524635
2012-05-11 16:00:00,27.854662,33.7354316435361,23.592612641374213
2012-05-11 16:05:00,26.83383,31.704741145301544,20.137420520877015
2012-05-11 16:10:00,25.966928,31.199774656446817,19.018342205918145
2012-05-11 16:15:00,25.259756,30.744968575882467,17.46799868698605
2012-05-11 16:20:00,24.895172,30.748604526665105,17.38099802027782
2012-05-11 16:25:00,24.37781,30.748808646886598,17.379528829381243
2012-05-11 16:30:00,23.74471,30.74759935324879,17.51578774047067
2012-05-11 16:35:00,23.912535,30.76838187733515,17.314526744846376
2012-05-11 16:40:00,22.35003,31.122999107415424,18.825133159659064
2012-05-11 16:45:00,22.113426,30.74474784122434,17.435457888745237
2012-05-11 16:50:00,22.002314,30.778389345892098,17.30037255025486
2012-05-11 16:55:00,21.724539,30.80090712921025,17.28423387988205
2012-05-11 17:00:00,21.922455,30.416578420773273,18.296847122244085
2012-05-11 17:05:00,21.234953,30.379037863851323,19.523824098332145
2012-05-11 17:10:00,20.74537,30.353461125399892,19.25898523141609
2012-05-11 17:15:00,20.884258,30.388580484206184,18.382152404368444
2012-05-11 17:20:00,20.832174,30.362843297766698,18.504267920250165
2012-05-11 17:25:00,20.812498,30.385382205154286,18.394309187652993
2012-05-11 17:30:00,20.53125,30.366911935949087,18.480257567149607
2012-05-11 17:35:00,20.238426,30.337793236956543,18.825571068738896
2012-05-11 17:40:00,19.894676,30.383720524141864,18.400883994926968
2012-05-11 17:45:00,19.627316,30.34084625836245,18.727692218319586
2012-05-11 17:50:00,19.738426,30.366444595581502,18.48287457826844
2012-05-11 17:55:00,19.780092,30.416578420773273,18.296847122244085
2012-05-11 18:00:00,19.69676,30.26526647407046,19.801092462642636
2012-05-11 18:05:00,19.439816,30.256595162242473,20.080467893541865
2012-05-11 18:10:00,18.877316,30.256474114204142,20.181883482822208
2012-05-11 18:15:00,18.716434,30.259508147682478,19.932515504600858
2012-05-11 18:20:00,18.66435,30.26021544798486,19.91150381996351
2012-05-11 18:25:00,18.525461,30.26837598456093,19.75088755139699
2012-05-11 18:30:00,18.744211,30.28159419299725,19.596798382936388
2012-05-11 18:35:00,19.064814,30.25716669886265,20.032296351991036
2012-05-11 18:40:00,19.200232,30.30401371379018,19.427600401825146
2012-05-11 18:45:00,19.019676,30.259106790363234,19.945620022820794
2012-05-11 18:50:00,19.363426,30.256393415511933,20.11350985439626
2012-05-11 18:55:00,19.68287,30.27932561034953,19.618872798145528
2012-05-11 19:00:00,21.891205,30.470787767271172,21.624272207564207
2012-05-11 19:05:00,25.798609,30.472160357086178,21.67208238511827
2012-05-11 19:10:00,30.090277,30.466126468399167,21.23748515587824
2012-05-11 19:15:00,34.23611,30.47195172723188,21.66518205356083
2012-05-11 19:20:00,38.225693,30.478989839938823,21.859105401920598
2012-05-11 19:25:00,42.41551,30.467134015306424,21.445192908939884
2012-05-11 19:30:00,46.462963,30.479967718209238,21.881689999008923
2012-05-11 19:35:00,49.965275,30.569253463327282,23.087929666013178
2012-05-11 19:40:00,54.300922,30.46639158733802,21.376124203689926
2012-05-11 19:45:00,58.47801,30.471353370163992,21.644641862900226
2012-05-11 19:50:00,61.915512,30.596216557841203,23.348216651989905
2012-05-11 19:55:00,65.87847,30.494518879161742,22.16187823188316
2012-05-11 20:00:00,67.81597,36.47357589034777,38.66172307821594
2012-05-11 20:05:00,67.915504,66.1181646438477,2.4493337740347774
2012-05-11 20:10:00,67.87615,66.58340758715008,1.9343273739687126
2012-05-11 20:15:00,67.67824,66.88825965452001,1.7255129881699058
2012-05-11 20:20:00,67.50578,66.68474597863734,1.8556766854999631
2012-05-11 20:25:00,67.41203,66.65096022505723,1.880780669057584
2012-05-11 20:30:00,67.01389,66.90721019961846,1.7150459746797033
2012-05-11 20:35:00,66.95139,66.58340758715008,1.9343273739687126
2012-05-11 20:40:00,66.80324,66.99851801068068,1.6680566838041948
2012-05-11 20:45:00,66.482635,66.95659628615583,1.6889442645336186
2012-05-11 20:50:00,66.38889,66.61718381709775,1.9069810793412936
2012-05-11 20:55:00,66.27315,67.02908501384947,1.6535212398120598
2012-05-11 21:00:00,66.10532,66.69203835156205,1.56987947073845
2012-05-11 21:05:00,66.135414,66.36432802359752,1.6727681152553122
2012-05-11 21:10:00,66.23727,66.37050773363462,1.6703043278114658
2012-05-11 21:15:00,65.99768,66.20492956356759,1.7463512151219376
2012-05-11 21:20:00,65.98843,66.11739355597611,1.7970080019582138
2012-05-11 21:25:00,65.87385,66.28281549100151,1.7078048246565103
2012-05-11 21:30:00,66.197914,65.80103415178216,2.0864229880451406
2012-05-11 21:35:00,65.885414,66.30958808319828,1.6957504871749807
2012-05-11 21:40:00,65.82986,66.42063274724124,1.6512162314954493
2012-05-11 21:45:00,65.93171,65.97659219857388,1.9002997245752533
2012-05-11 21:50:00,65.77546,66.25644674828952,1.7202486371682248
2012-05-11 21:55:00,65.62269,66.53775882912744,1.6120883431650173
2012-05-11 22:00:00,65.37385,65.77987673480062,1.7711538024150084
2012-05-11 22:05:00,65.207184,66.03970958295317,1.7222176630068828
2012-05-11 22:10:00,65.207184,66.28631977237386,1.6870761565631884
2012-05-11 22:15:00,65.33218,65.15682252936796,1.9950915310793542
2012-05-11 22:20:00,65.01736,65.61934220332861,1.810183072196567
2012-05-11 22:25:00,65.1007,65.51870764091322,1.839387053685724
2012-05-11 22:30:00,64.52315,66.16142047796559,1.7037481948548832
2012-05-11 22:35:00,64.4699,65.0971598204002,2.033377690513854
2012-05-11 22:40:00,64.31713,65.83576298232164,1.7593312808274675
2012-05-11 22:45:00,64.27546,65.75236340574776,1.7772814662459273
2012-05-11 22:50:00,64.45718,65.3865085267524,1.8851553169775543
2012-05-11 22:55:00,64.08912,65.67161837111833,1.7965584182697814
2012-05-11 23:00:00,64.03704,64.46375028164356,2.1585361404649572
2012-05-11 23:05:00,64.06482,64.95146825575837,2.056600712164132
2012-05-11 23:10:00,63.762737,65.80053996129823,1.9648891999603597
2012-05-11 23:15:00,63.91898,64.82315696427268,2.077963940479456
2012-05-11 23:20:00,64.05093,64.1742842580841,2.262473074344627
2012-05-11 23:25:00,63.5787,65.1987917533804,2.022568071022523
2012-05-11 23:30:00,63.537037,64.00632084828923,2.355386299849491
2012-05-11 23:35:00,63.26587,64.25586639330213,2.2277791192877405
2012-05-11 23:40:00,63.1617,64.79103735683485,2.08380275787921
2012-05-11 23:45:00,63.018185,65.05777259851509,2.0409571075000366
2012-05-11 23:50:00,62.69064,65.36056403071295,2.00419530779232
2012-05-11 23:55:00,62.79944,64.10318488298527,2.297613483048758
2012-05-12 00:00:00,63.03902,63.50218999884274,2.5423447131950914
2012-05-12 00:05:00,62.960316,64.33565841197881,2.4334882742969506
2012-05-12 00:10:00,62.956844,64.01161441548106,2.4658938873939733
2012-05-12 00:15:00,62.727676,64.67357465459501,2.4067837122844913
2012-05-12 00:20:00,62.821426,63.69593825774217,2.508156830911191
2012-05-12 00:25:00,62.978836,63.02777300866106,2.676970380660513
2012-05-12 00:30:00,63.416336,62.98922899910372,2.6932551690697863
2012-05-12 00:35:00,63.974537,62.78228113771186,2.8072592203007822
2012-05-12 00:40:00,63.870373,63.69593825774217,2.508156830911191
2012-05-12 00:45:00,63.972225,63.84049966983495,2.4871178807965832
2012-05-12 00:50:00,63.847225,63.533485804658454,2.5362661287066737
2012-05-12 00:55:00,64.15509,63.5160493984414,2.5396230459597873
2012-05-12 01:00:00,64.040504,64.77278435105727,2.362385576310805
2012-05-12 01:05:00,63.822918,64.40879380469828,2.4088816112644453
2012-05-12 01:10:00,63.972225,64.3395744866134,2.418278484440804
2012-05-12 01:15:00,64.048615,64.09833141293525,2.4526736763246597
2012-05-12 01:20:00,64.19329,64.3568696997877,2.4159123661494513
2012-05-12 01:25:00,64.331024,63.48220863920859,2.5557511542978824
2012-05-12 01:30:00,64.03126,64.77278435105727,2.362385576310805
2012-05-12 01:35:00,63.870365,64.84778147299026,2.353342308782685
2012-05-12 01:40:00,64.08333,63.39549879931304,2.572586562938364
2012-05-12 01:45:00,64.24999,64.61679627116403,2.381752654236235
2012-05-12 01:50:00,64.458336,63.06401439080987,2.6443485277038445
2012-05-12 01:55:00,64.15972,65.1348713131733,2.3201523014304324
2012-05-12 02:00:00,64.47222,63.60845764149568,2.9616088793928803
2012-05-12 02:05:00,64.87037,62.664567857873806,3.15111381117617
2012-05-12 02:10:00,64.828705,64.5853475754455,2.8017496060954614
2012-05-12 02:15:00,64.34606,63.91556632763554,2.9085102228182276
2012-05-12 02:20:00,64.00347,64.57903127100435,2.802709193651262
2012-05-12 02:25:00,63.88426,63.55108540321248,2.9718919547518023
2012-05-12 02:30:00,63.559025,62.6171100473024,3.1621356059238983
2012-05-12 02:35:00,63.756947,63.43666975898253,2.9927807222267
2012-05-12 02:40:00,63.46065,63.864306236486186,2.9171619830145397
2012-05-12 02:45:00,62.877316,64.97924379622367,2.743318501580409
2012-05-12 02:50:00,63.16898,63.43666975898253,2.9927807222267
2012-05-12 02:55:00,62.983795,63.00432480205711,3.077120750085619
2012-05-12 03:00:00,62.245373,64.90623822604186,3.0863876004610034
2012-05-12 03:05:00,61.606487,64.38655530709309,3.177314792581139
2012-05-12 03:10:00,61.498844,63.87478015535161,3.271079715643916
2012-05-12 03:15:00,62.00926,60.96745441577363,4.052527608216816
2012-05-12 03:20:00,61.863422,62.13541378197203,3.647775217856118
2012-05-12 03:25:00,60.961803,62.33518361336559,3.597113706289424
2012-05-12 03:30:00,60.94841,60.7042571720172,4.208141536930794
2012-05-12 03:35:00,60.11508,64.0599001145293,3.236601911440765
2012-05-12 03:40:00,60.063,61.71180084354132,3.767123450973386
2012-05-12 03:45:00,60.28522,61.332104405069465,3.8951582455979854
2012-05-12 03:50:00,59.617397,64.60842665970412,3.138032449327291
2012-05-12 03:55:00,59.25893,61.494857290187035,3.837055335543713
2012-05-12 04:00:00,59.577713,60.999357482956874,4.122718707667258
2012-05-12 04:05:00,59.296463,61.02514816565718,4.108726444495643
2012-05-12 04:10:00,58.76869,63.03263540526218,3.5690939336056213
2012-05-12 04:15:00,57.747852,63.35467765512342,3.509716666592942
2012-05-12 04:20:00,57.699245,61.36634845750009,3.9636682014102362
2012-05-12 04:25:00,58.605495,59.99691544664997,6.062365950074348
2012-05-12 04:30:00,58.80522,60.7701637216349,4.285791747045013
2012-05-12 04:35:00,59.253143,60.55429239837907,4.593699684010002
2012-05-12 04:40:00,59.69064,61.405583633184214,3.950177456875851
2012-05-12 04:45:00,59.81217,62.271429874738914,3.722052637996511
2012-05-12 04:50:00,60.032078,61.05167631610067,4.094941802444669
2012-05-12 04:55:00,60.584988,60.568363524496,4.563942545621187
2012-05-12 05:00:00,60.452545,62.9510610061412,3.159669415320467
2012-05-12 05:05:00,61.141205,61.48131668565413,4.000770285548248
2012-05-12 05:10:00,61.53406,61.812278686018296,3.5373040782320007
2012-05-12 05:15:00,62.367397,60.781385412531954,5.052054430227392
2012-05-12 05:20:00,62.5248,62.107268649098955,3.3484085550838283
2012-05-12 05:25:00,62.853504,62.878917469328684,3.169061511846293
2012-05-12 05:30:00,63.292164,62.20467265669415,3.310971304355378
2012-05-12 05:35:00,63.292164,62.53030273480906,3.2257803058201495
2012-05-12 05:40:00,63.184525,64.06662547530095,3.052767427543134
2012-05-12 05:45:00,62.988922,63.46473650453563,3.104827711496845
2012-05-12 05:50:00,63.09309,62.64062938075458,3.2052793519317735
2012-05-12 05:55:00,63.278275,62.97276425557768,3.156955506433697
2012-05-12 06:00:00,63.559525,63.92171892795573,2.580610638619263
2012-05-12 06:05:00,63.55837,64.62291108105805,2.4577284258241896
2012-05-12 06:10:00,63.675922,64.30203008760297,2.489783696823027
2012-05-12 06:15:00,63.76157,64.31127987851217,2.4884381054675537
2012-05-12 06:20:00,63.95486,64.01894751602698,2.5493698013704598
2012-05-12 06:25:00,63.678238,65.42416870761811,2.444804634105595
2012-05-12 06:30:00,63.78241,65.07425365979141,2.4440008068932326
2012-05-12 06:35:00,64.27894,63.97768934539949,2.5618006041849175
2012-05-12 06:40:00,64.41782,64.75295080798902,2.4511128983461488
2012-05-12 06:45:00,64.80671,64.07073649513107,2.535329667853295
2012-05-12 06:50:00,65.015045,64.37693459888605,2.479729737512141
2012-05-12 06:55:00,64.922455,64.95609531702347,2.4454178551605463
2012-05-12 07:00:00,65.047455,65.88920376278209,1.9718623828555677
2012-05-12 07:05:00,65.13079,65.73334316902138,1.9915154516058662
2012-05-12 07:10:00,65.35185,65.79499020542724,1.9826675668856897
2012-05-12 07:15:00,65.50578,65.7096192962782,1.9953338348364682
2012-05-12 07:20:00,65.80324,65.73334316902138,1.9915154516058662
2012-05-12 07:25:00,66.07407,65.5538131444661,2.0269149120126104
2012-05-12 07:30:00,66.09491,66.46088267374854,1.9542484543499514
2012-05-12 07:35:00,66.05787,66.66362190920361,1.9600479163029305
2012-05-12 07:40:00,66.141205,66.28652611774311,1.9531078881093966
2012-05-12 07:45:00,66.21875,66.41004045051481,1.953490020151962
2012-05-12 07:50:00,66.375,66.15057843065419,1.9555685900150115
2012-05-12 07:55:00,66.571754,65.73674452989248,1.9909875723847998
2012-05-12 08:00:00,66.8125,66.7239089056279,1.7172496497671703
2012-05-12 08:05:00,67.09375,66.39840266069459,1.7420807041172937
2012-05-12 08:10:00,67.12269,66.95249732662657,1.7101872829496054
2012-05-12 08:15:00,67.20949,66.61467385042066,1.7233692808146623
2012-05-12 08:20:00,67.24653,67.15009700478372,1.709060141767223
2012-05-12 08:25:00,67.12004,66.83380847896318,1.7129727600056042
2012-05-12 08:30:00,67.09342,66.9812339232452,1.7097686436494028
2012-05-12 08:35:00,67.093414,66.98534059662002,1.7097161524136648
2012-05-12 08:40:00,67.155914,67.01822564005414,1.709364846084781
2012-05-12 08:45:00,67.18022,67.12946086575155,1.708998972455208
2012-05-12 08:50:00,67.30522,67.12946086575155,1.708998972455208
2012-05-12 08:55:00,67.46032,66.79710505229846,1.7142073906592765
2012-05-12 09:00:00,67.469574,67.71458658200122,1.7297676487053153
2012-05-12 09:05:00,67.27282,67.51212474830061,1.7361159136854958
2012-05-12 09:10:00,67.35615,67.14967749025874,1.7563938335963891
2012-05-12 09:15:00,67.37467,67.00014379264252,1.7689167946140467
2012-05-12 09:20:00,67.3631,67.39654843732866,1.7412123550369518
2012-05-12 09:25:00,67.50463,66.40024852460454,1.8527681281040123
2012-05-12 09:30:00,67.59722,66.96374630896094,1.7723953829468615
2012-05-12 09:35:00,67.7419,67.0727700938052,1.7624899522491824
2012-05-12 09:40:00,67.6794,67.35189696086495,1.7435032188309467
2012-05-12 09:45:00,67.74422,67.32505194752567,1.7449721575441035
2012-05-12 09:50:00,67.66088,67.71021707417258,1.7298731207092999
2012-05-12 09:55:00,67.6794,67.46776586393348,1.7379348607246732
2012-05-12 10:00:00,67.6169,67.72985338014307,1.7911961236807148
2012-05-12 10:05:00,67.76157,66.65378773515448,1.9298519713580164
2012-05-12 10:10:00,67.81365,67.43887178619048,1.815329126925988
2012-05-12 10:15:00,67.84144,67.01247820205587,1.8671059344718033
2012-05-12 10:20:00,67.85185,67.31142935556913,1.8285564733024628
2012-05-12 10:25:00,67.898155,66.89433306183132,1.885616323091172
2012-05-12 10:30:00,67.87832,67.28288435900727,1.831765766835794
2012-05-12 10:35:00,67.71511,67.60624066617159,1.8004904842996143
2012-05-12 10:40:00,67.85053,67.05155485265047,1.8614143180137563
2012-05-12 10:45:00,67.8254,67.54613672523666,1.8055070502635246
2012-05-12 10:50:00,67.7629,67.35409279601511,1.8239316000993409
2012-05-12 10:55:00,67.66105,67.50896462311569,1.8087814145346162
2012-05-12 11:00:00,67.54763,67.43920342221314,1.8290962273954265
2012-05-12 11:05:00,67.485115,67.22007359998977,1.8587613781757037
2012-05-12 11:10:00,67.328865,67.61007590118793,1.8097306996562716
2012-05-12 11:15:00,67.268684,67.07540327433111,1.8816745999200455
2012-05-12 11:20:00,67.186516,67.3084859004391,1.8460961337928963
2012-05-12 11:25:00,67.09391,67.0349954216699,1.8885864429085766
2012-05-12 11:30:00,66.91236,67.14987167148688,1.8695300178623917
2012-05-12 11:35:00,66.898476,66.87108480700539,1.9190703664770272
2012-05-12 11:40:00,66.91931,67.56771617857733,1.8142468150538782
2012-05-12 11:45:00,66.76852,67.4020843972835,1.8337224505215248
2012-05-12 11:50:00,66.76852,67.04005662409797,1.8877079545715925
2012-05-12 11:55:00,66.833336,67.0349954216699,1.8885864429085766
2012-05-12 12:00:00,66.84259,66.92757469261166,1.80567495249659
2012-05-12 12:05:00,66.81597,66.92232847656426,1.8065873817541245
2012-05-12 12:10:00,66.81597,66.92232847656426,1.8065873817541245
2012-05-12 12:15:00,66.732635,66.77899288354,1.8330825647792086
2012-05-12 12:20:00,66.75116,66.92757469261166,1.80567495249659
2012-05-12 12:25:00,66.740746,66.58249649298118,1.874608257505144
2012-05-12 12:30:00,66.8588,66.27439170461075,1.9531333734684466
2012-05-12 12:35:00,66.78588,66.77899288354,1.8330825647792086
2012-05-12 12:40:00,66.555565,67.63973445069651,1.7132826489174517
2012-05-12 12:45:00,66.59028,66.71421159300051,1.8460843108411134
2012-05-12 12:50:00,66.4132,67.01614112162942,1.7908498090999814
2012-05-12 12:55:00,66.22454,67.29501702169007,1.7508237621263374
2012-05-12 13:00:00,66.18287,66.9210003897045,1.6063006819123438
2012-05-12 13:05:00,66.07407,66.74652198460758,1.6297650356718794
2012-05-12 13:10:00,66.06597,66.87236073640155,1.6124837148367746
2012-05-12 13:15:00,66.135414,66.31198124445211,1.7057812233603757
2012-05-12 13:20:00,66.04282,66.96396926876683,1.601057091539295
2012-05-12 13:25:00,65.98032,66.4700768953009,1.6749441540075576
2012-05-12 13:30:00,66.02894,66.79054902527162,1.6235012966380706
2012-05-12 13:35:00,66.11227,66.36519256767518,1.694966678875329
2012-05-12 13:40:00,66.09375,66.56739619522932,1.6578328567130527
2012-05-12 13:45:00,66.072914,66.82338864602274,1.6189837348944174
2012-05-12 13:50:00,65.94329,66.09333552537616,1.7551480327009445
2012-05-12 13:55:00,66.016205,66.36519256767518,1.694966678875329
2012-05-12 14:00:00,66.03704,66.58992513395494,1.4111527457324786
2012-05-12 14:05:00,66.08102,66.03130069021806,1.486547056541224
2012-05-12 14:10:00,66.05787,66.70810000215361,1.399484664234035
2012-05-12 14:15:00,65.92824,66.5181101513354,1.4188971796767935
2012-05-12 14:20:00,65.959496,66.372249401292,1.4362691381974602
2012-05-12 14:25:00,66.1574,65.97244476049204,1.4967495370481563
2012-05-12 14:30:00,66.08449,66.90497576557173,1.3827611211887776
2012-05-12 14:35:00,66.16782,66.64333078674933,1.4057187197966803
2012-05-12 14:40:00,66.260414,66.32291766769733,1.4426720008865948
2012-05-12 14:45:00,66.172455,66.58992513395494,1.4111527457324786
2012-05-12 14:50:00,66.479164,65.09755162441836,1.7128224957771432
2012-05-12 14:55:00,66.552086,66.58992513395494,1.4111527457324786
2012-05-12 15:00:00,66.38773,66.51438329584947,1.236321943984257
2012-05-12 15:05:00,66.395836,66.05307782568602,1.2832508072636715
2012-05-12 15:10:00,66.32639,66.3987694540519,1.246236304941627
2012-05-12 15:15:00,66.34491,65.53910565946606,1.3632617433944958
2012-05-12 15:20:00,66.37847,66.3402263207641,1.2516987534315231
2012-05-12 15:25:00,66.312996,66.8504252890874,1.2133773254049742
2012-05-12 15:30:00,66.32804,66.3402263207641,1.2516987534315231
2012-05-12 15:35:00,66.30721,66.90496941648347,1.2103849392756174
2012-05-12 15:40:00,66.23313,66.62813225614089,1.227628684782158
2012-05-12 15:45:00,66.43419,65.88683522649684,1.3055340303389256
2012-05-12 15:50:00,66.37748,66.68433996334213,1.223696455574822
2012-05-12 15:55:00,65.90873,66.79547757922431,1.216584942660324
2012-05-12 16:00:00,66.19808,65.54239478388398,1.3677821978302411
2012-05-12 16:05:00,66.3196,66.09286082718663,1.2412989690724119
2012-05-12 16:10:00,66.523315,65.99217152613623,1.260105287509992
2012-05-12 16:15:00,66.75248,65.65821660282583,1.3359531279358698
2012-05-12 16:20:00,66.645996,66.51269740522939,1.179321290543213
2012-05-12 16:25:00,66.68833,66.48395214536882,1.1828197346112368
2012-05-12 16:30:00,66.58995,66.41160728089524,1.1920696664464607
2012-05-12 16:35:00,66.57954,66.77802357950561,1.1513351620935925
2012-05-12 16:40:00,66.601524,66.20512433816846,1.222268689512447
2012-05-12 16:45:00,66.49884,66.98600443236943,1.1341474087219379
2012-05-12 16:50:00,66.44097,66.36054144514563,1.1989976936763904
2012-05-12 16:55:00,66.87847,63.64194860008294,2.646240808196144
2012-05-12 17:00:00,66.80556,67.23609709671436,1.0741361377741963
2012-05-12 17:05:00,66.77778,66.87114954397099,1.1100154067931587
2012-05-12 17:10:00,66.66435,67.18174700220327,1.0786376265338384
2012-05-12 17:15:00,66.509254,67.03884836886243,1.091806622118798
2012-05-12 17:20:00,66.59722,66.09502966387728,1.249593771064522
2012-05-12 17:25:00,66.56829,66.82591846101786,1.1154946254800313
2012-05-12 17:30:00,66.62037,66.03944971536303,1.2643425028869364
2012-05-12 17:35:00,66.453705,66.837247281654,1.1140978928117964
2012-05-12 17:40:00,66.547455,66.47378013455193,1.168021871526207
2012-05-12 17:45:00,66.615746,66.57906409871596,1.1503096063237679
2012-05-12 17:50:00,66.75116,66.20500981723025,1.2226786804050098
2012-05-12 17:55:00,66.71412,66.73481251536074,1.1273353339419583
2012-05-12 18:00:00,66.53704,67.05022670645346,1.0729661921660054
2012-05-12 18:05:00,66.416664,66.91445519173011,1.0903404574231867
2012-05-12 18:10:00,66.354164,66.8236332639335,1.1035369187487059
2012-05-12 18:15:00,66.41898,66.5100257444815,1.1612449466637293
2012-05-12 18:20:00,66.41435,66.752882792004,1.114801262019802
2012-05-12 18:25:00,66.39352,66.86906995053997,1.096766024036667
2012-05-12 18:30:00,66.49537,66.55050029223833,1.1525660990019777
2012-05-12 18:35:00,66.43882,66.27766299817792,1.220042659107118
2012-05-12 18:40:00,66.23049,67.09532217406756,1.0677565204620296
2012-05-12 18:45:00,66.18304,67.07528991046973,1.070038439162016
2012-05-12 18:50:00,66.21429,67.05022670645346,1.0729661921660054
2012-05-12 18:55:00,66.3254,66.752882792004,1.114801262019802
2012-05-12 19:00:00,66.5754,66.373852457078,1.1561763789965889
2012-05-12 19:05:00,66.779106,66.47116389481762,1.1362128131273879
2012-05-12 19:10:00,66.85202,66.61534985031115,1.1109248395183717
2012-05-12 19:15:00,66.77563,66.83602588321236,1.0799926673501468
2012-05-12 19:20:00,66.80688,66.78047542532313,1.08702495016995
2012-05-12 19:25:00,66.91104,66.8221181459871,1.0817103998347268
2012-05-12 19:30:00,66.87401,67.02234877952242,1.0594719022295165
2012-05-12 19:35:00,67.141205,66.16428688364574,1.2095672493926888
2012-05-12 19:40:00,67.47454,66.29552126274227,1.1742857737375183
2012-05-12 19:45:00,67.56829,66.90572727214304,1.0717934799574291
2012-05-12 19:50:00,67.63078,67.20003860687737,1.0435899768228034
2012-05-12 19:55:00,67.63079,67.24676427708017,1.03992056723496
2012-05-12 20:00:00,67.484955,67.30717511039464,1.0591774632603068
2012-05-12 20:05:00,67.33681,67.22387272827505,1.0632258451808911
2012-05-12 20:10:00,67.35764,66.84725127898044,1.086788365042588
2012-05-12 20:15:00,67.47222,66.47560069111465,1.1214118051668522
2012-05-12 20:20:00,67.32523,66.84725127898044,1.086788365042588
2012-05-12 20:25:00,67.27314,67.18211788983247,1.065397656152386
2012-05-12 20:30:00,67.23611,66.81477521770523,1.08929356990347
2012-05-12 20:35:00,67.26504,67.14960373402752,1.067157792536177
2012-05-12 20:40:00,67.02546,67.55458400918783,1.0491811946137664
2012-05-12 20:45:00,66.8125,67.22387272827505,1.0632258451808911
2012-05-12 20:50:00,66.677086,67.39011805697884,1.0555025946432834
2012-05-12 20:55:00,66.49885,67.18675975574733,1.065151384215094
2012-05-12 21:00:00,66.4676,66.60071834669007,1.1804137713406013
2012-05-12 21:05:00,66.60532,66.5065661737449,1.1872577102365527
2012-05-12 21:10:00,66.50232,66.81288013352673,1.166968961273211
2012-05-12 21:15:00,66.460655,66.81288013352673,1.166968961273211
2012-05-12 21:20:00,66.57177,66.13422323856967,1.220953768110313
2012-05-12 21:25:00,66.61343,66.85526682492825,1.1645788633061283
2012-05-12 21:30:00,66.51157,66.54420116593792,1.1844519249986334
2012-05-12 21:35:00,66.334496,67.15018776114383,1.1503120539863074
2012-05-12 21:40:00,66.28704,66.47367187369608,1.1897900841516262
2012-05-12 21:45:00,66.322914,66.24490001151578,1.2096858349341586
2012-05-12 21:50:00,66.239586,66.72802768380654,1.1720389011148054
2012-05-12 21:55:00,65.989586,66.34723197598235,1.200264455463766
2012-05-12 22:00:00,65.95139,66.22411363050664,1.3515909694672585
2012-05-12 22:05:00,65.82639,66.83022346923,1.3144734873067248
2012-05-12 22:10:00,65.95602,66.14178218419643,1.3580351754018365
2012-05-12 22:15:00,65.95023,66.39839812139316,1.3391738958145012
2012-05-12 22:20:00,66.02778,66.33549803011012,1.3434732224826806
2012-05-12 22:25:00,65.704865,66.78746488146567,1.3165804945581905
2012-05-12 22:30:00,65.851845,65.87149321836058,1.382210641883594
2012-05-12 22:35:00,65.981476,66.18052230344331,1.3549541542199053
2012-05-12 22:40:00,66.09143,66.02569839119123,1.3678178669488883
2012-05-12 22:45:00,66.11227,66.13694180543244,1.3584263192928434
2012-05-12 22:50:00,66.104164,66.13694180543244,1.3584263192928434
2012-05-12 22:55:00,66.52083,65.08165426390333,1.49195467739023
2012-05-12 23:00:00,66.641205,65.70332972327886,1.6066529228032873
2012-05-12 23:05:00,66.44329,65.96079919748895,1.5857021997974983
2012-05-12 23:10:00,66.333336,66.34585051524493,1.5594565300082814
2012-05-12 23:15:00,66.28704,66.02622655226438,1.580843686079221
2012-05-12 23:20:00,66.24537,66.32106824355095,1.5609856367169597
2012-05-12 23:25:00,66.4132,65.05643267386925,1.6759579609971913
2012-05-12 23:30:00,66.36409,66.14162953905988,1.5726898249464438
2012-05-12 23:35:00,66.49372,66.38542384848895,1.5570567007283131
2012-05-12 23:40:00,66.33747,66.14162953905988,1.5726898249464438
2012-05-12 23:45:00,66.30621,65.87003343242189,1.5927423522232245
2012-05-12 23:50:00,66.41849,65.7437610438318,1.6031566445457532
2012-05-12 23:55:00,66.48099,66.45442529493918,1.5529922532408775
2012-05-13 00:00:00,66.52728,65.84481618884311,1.8840880322700067
2012-05-13 00:05:00,66.42312,64.66401544947213,2.003706620840526
2012-05-13 00:10:00,66.6002,65.47192251476214,1.9157344546188007
2012-05-13 00:15:00,66.76687,65.42433049069483,1.9201083237370533
2012-05-13 00:20:00,66.7252,65.7560635297919,1.8912278045611002
2012-05-13 00:25:00,66.78654,65.3819870264972,1.9240700806552093
2012-05-13 00:30:00,66.70023,65.53303581239119,1.910237034223223
2012-05-13 00:35:00,66.36689,66.57449563300862,1.8328927077548778
2012-05-13 00:40:00,66.52314,65.04288836261104,1.9584609260837673
2012-05-13 00:45:00,66.4699,65.32902497916089,1.9291228126874336
2012-05-13 00:50:00,66.45948,65.8500222928935,1.883676454105373
2012-05-13 00:55:00,66.15741,66.35650701490151,1.846931980881574
2012-05-13 01:00:00,66.164345,65.9476527278165,2.1034295402172645
2012-05-13 01:05:00,66.43519,63.73977765911246,2.3755474143371256
2012-05-13 01:10:00,66.10185,66.18781319293616,2.080830301656654
2012-05-13 01:15:00,65.78704,66.08573074170546,2.0903192662817798
2012-05-13 01:20:00,65.56829,65.3931117120775,2.159598693024927
2012-05-13 01:25:00,65.578705,65.50267242507708,2.1480211305374985
2012-05-13 01:30:00,65.59491,64.88935898199043,2.216369926314407
2012-05-13 01:35:00,65.835655,64.82616662496585,2.223946361602587
2012-05-13 01:40:00,65.835655,65.61121999863134,2.1367938953139363
2012-05-13 01:45:00,66.07639,64.82616662496585,2.223946361602587
2012-05-13 01:50:00,65.77083,65.66509705639658,2.131308016018092
2012-05-13 01:55:00,65.645836,64.71835094701392,2.237133551479092
2012-05-13 02:00:00,65.42857,65.63116788462597,2.4865900757471087
2012-05-13 02:05:00,65.16816,64.82172052755118,2.6015051766440265
2012-05-13 02:10:00,65.44362,63.96476964795278,2.7403974611055055
2012-05-13 02:15:00,65.51885,63.95094748991051,2.7428227534930456
2012-05-13 02:20:00,65.79894,63.715560248595374,2.785213880355753
2012-05-13 02:25:00,65.89269,65.17589400383018,2.5495963659157277
2012-05-13 02:30:00,65.994545,64.55350510274444,2.6427662102949836
2012-05-13 02:35:00,65.92162,65.74161855289067,2.4718644780442744
2012-05-13 02:40:00,66.057045,65.23392102151139,2.541346155884796
2012-05-13 02:45:00,65.79779,65.74161855289067,2.4718644780442744
2012-05-13 02:50:00,65.92742,63.50767481006765,2.824494799515031
2012-05-13 02:55:00,66.38575,63.528453202796335,2.8204846827188175
2012-05-13 03:00:00,66.38311,64.01123970801486,3.0571036471612305
2012-05-13 03:05:00,66.77893,62.83697290366204,3.3145593254551957
2012-05-13 03:10:00,66.59374,65.21891542604833,2.8401990023698835
2012-05-13 03:15:00,66.166664,64.00201102634078,3.0589127664644526
2012-05-13 03:20:00,65.77199,65.00397469667296,2.8763227483736085
2012-05-13 03:25:00,65.59722,65.37078296247903,2.8152075074488603
2012-05-13 03:30:00,65.197914,64.7851085989625,2.9140877633676054
2012-05-13 03:35:00,64.71875,65.01075079081359,2.8751701960037686
2012-05-13 03:40:00,64.083336,65.6611365603955,2.7685456841525293
2012-05-13 03:45:00,64.17593,63.8798019281613,3.0831344195966195
2012-05-13 03:50:00,64.36227,63.8798019281613,3.0831344195966195
2012-05-13 03:55:00,64.11227,65.83082576512697,2.741903322437216
2012-05-13 04:00:00,63.908566,63.8776260822552,3.217408958744979
2012-05-13 04:05:00,63.335648,65.13174655300351,2.9959378953822533
2012-05-13 04:10:00,63.446762,63.989685013151664,3.196135018192239
2012-05-13 04:15:00,63.11343,61.574060951980755,3.8338358730851034
2012-05-13 04:20:00,63.36343,62.54665658067916,3.5119580431006785
2012-05-13 04:25:00,63.215282,64.21387462854281,3.154625717388161
2012-05-13 04:30:00,62.871532,62.32308496948351,3.573540431546871
2012-05-13 04:35:00,63.277782,62.10870739904698,3.638100156706381
2012-05-13 04:40:00,62.777782,61.904533546855816,3.7059635439158662
2012-05-13 04:45:00,62.486115,64.32580614747836,3.1343756859959027
2012-05-13 04:50:00,62.454865,64.88703189279084,3.036786327300607
2012-05-13 04:55:00,62.187504,64.26286723478403,3.145725793878959
2012-05-13 05:00:00,62.20486,63.45042336022221,2.974054130833482
2012-05-13 05:05:00,62.207172,62.84158346545646,3.114454976472624
2012-05-13 05:10:00,62.123844,65.04198419606885,2.791919066454339
2012-05-13 05:15:00,62.405094,61.68416424964667,3.9268427476421692
2012-05-13 05:20:00,62.447918,64.49631595703636,2.844356231101893
2012-05-13 05:25:00,62.5625,63.94280895262867,2.904555171011999
2012-05-13 05:30:00,63.135418,62.09448701836239,3.52204899920171
2012-05-13 05:35:00,62.87384,64.86430016893242,2.8086556488654892
2012-05-13 05:40:00,63.431873,61.382488728125,4.272883575863718
2012-05-13 05:45:00,63.79762,63.39264287407884,2.983989044739026
2012-05-13 05:50:00,63.11012,65.07763957813704,2.7885803360756114
2012-05-13 05:55:00,63.33234,63.45042336022221,2.974054130833482
2012-05-13 06:00:00,63.634426,64.85878568907064,2.437266679039404
2012-05-13 06:05:00,63.99669,64.33555637411955,2.592864942713128
2012-05-13 06:10:00,64.02447,65.68435167535408,2.3651117086759545
2012-05-13 06:15:00,64.71197,64.0048147570256,2.7772889275905537
2012-05-13 06:20:00,64.78605,65.75641103853528,2.3628395212888536
2012-05-13 06:25:00,64.5673,65.59101515257301,2.3685778806842497
2012-05-13 06:30:00,64.459656,65.35807621167326,2.380720185674025
2012-05-13 06:35:00,64.70039,64.92243473542219,2.426593001242098
2012-05-13 06:40:00,65.21528,64.52610596827479,2.5194531940586016
2012-05-13 06:45:00,65.34953,66.08940834725423,2.3554149745870023
2012-05-13 06:50:00,66.20602,63.789310724076756,2.9340630928513156
2012-05-13 06:55:00,66.1574,65.57780068238492,2.369123605590379
2012-05-13 07:00:00,66.171295,66.8704054545589,1.9509857646874582
2012-05-13 07:05:00,66.24421,66.45687853518264,1.9683251989649835
2012-05-13 07:10:00,66.421295,66.71816576958196,1.9548633368485664
2012-05-13 07:15:00,66.39699,67.21857411741499,1.9493440803362712
2012-05-13 07:20:00,66.51074,66.95574494462154,1.9497801054576653
2012-05-13 07:25:00,66.80935,65.78811432082658,2.071301328874743
2012-05-13 07:30:00,67.12533,65.9466439941638,2.034541427959785
2012-05-13 07:35:00,67.1994,66.71816576958196,1.9548633368485664
2012-05-13 07:40:00,67.1369,67.25759092636908,1.949609199275119
2012-05-13 07:45:00,67.16005,67.4922993344389,1.952448324643693
2012-05-13 07:50:00,67.23066,67.57929460145522,1.9539082589255674
2012-05-13 07:55:00,67.27927,66.34719494952357,1.9773228064609993
2012-05-13 08:00:00,67.28323,67.3113000003125,1.927352974659394
2012-05-13 08:05:00,67.48694,67.08269647797766,1.951917864251221
2012-05-13 08:10:00,67.289024,67.80402194605487,1.893245405375433
2012-05-13 08:15:00,67.33532,67.53801692369898,1.9088958931632771
2012-05-13 08:20:00,67.156746,67.80997581842831,1.8929577456897422
2012-05-13 08:25:00,67.16022,67.19720275989316,1.9387896407904457
2012-05-13 08:30:00,67.16832,67.46740233412622,1.9140844185463413
2012-05-13 08:35:00,67.26091,67.38710660133316,1.9205856179322984
2012-05-13 08:40:00,67.427574,67.42492734886147,1.917440831432628
2012-05-13 08:45:00,67.36277,68.02005537132527,1.8842942663818762
2012-05-13 08:50:00,67.27496,68.29495160944545,1.8765993938954109
2012-05-13 08:55:00,67.46941,66.85269271465829,1.9839602293930312
2012-05-13 09:00:00,67.69692,67.28448616871053,2.1776210993226273
2012-05-13 09:05:00,67.70155,67.92828618329146,2.0699032091977356
2012-05-13 09:10:00,67.9203,66.9075301461982,2.2650395449405942
2012-05-13 09:15:00,67.892525,67.72635331171718,2.098798992887345
2012-05-13 09:20:00,68.173775,67.00641508976157,2.2400995547731344
2012-05-13 09:25:00,68.361275,67.15324585588665,2.2057529749507494
2012-05-13 09:30:00,68.56498,67.4779918420008,2.1402493124413753
2012-05-13 09:35:00,68.59623,67.7671122630268,2.0926379815086125
2012-05-13 09:40:00,68.66915,68.12550809069567,2.0453428440730272
2012-05-13 09:45:00,68.60433,67.7671122630268,2.0926379815086125
2012-05-13 09:50:00,68.6713,67.97378425430756,2.063932603713116
2012-05-13 09:55:00,68.77314,67.64428834910314,2.1117350674215936
2012-05-13 10:00:00,68.79861,68.15128859334496,2.1198792565787596
2012-05-13 10:05:00,68.831024,67.80662017692659,2.1771312182082
2012-05-13 10:10:00,68.862274,67.7596878349995,2.185792568791372
2012-05-13 10:15:00,68.99189,67.44432497064854,2.2499788844875495
2012-05-13 10:20:00,68.87731,68.12653978787331,2.1236387846510203
2012-05-13 10:25:00,68.8993,67.85324215524365,2.1687425594834306
2012-05-13 10:30:00,68.760414,68.22986333752054,2.1082751480785134
2012-05-13 10:35:00,68.27546,67.7596878349995,2.185792568791372
2012-05-13 10:40:00,67.09838,68.30266376391288,2.097963932017544
2012-05-13 10:45:00,64.75578,67.31220320262398,2.280187950387108
2012-05-13 10:50:00,60.67245,68.12653978787331,2.1236387846510203
2012-05-13 10:55:00,56.774303,67.95065764089271,2.151886249288291
2012-05-13 11:00:00,52.75942,68.1715799234797,2.2224172474767494
2012-05-13 11:05:00,49.352016,67.85879119906731,2.285403214629129
2012-05-13 11:10:00,45.904102,67.80678724102066,2.2967658352597744
2012-05-13 11:15:00,43.280262,67.94109003954563,2.267956164788608
2012-05-13 11:20:00,41.45734,67.51821904233223,2.364815118730573
2012-05-13 11:25:00,38.14253,67.85879119906731,2.285403214629129
2012-05-13 11:30:00,34.48628,67.51821904233223,2.364815118730573
2012-05-13 11:35:00,31.134424,65.03993855839272,3.3915516483816925
2012-05-13 11:40:00,28.696924,61.95157307229638,6.303570632536409
2012-05-13 11:45:00,29.585814,50.53201371036351,17.38160314179491
2012-05-13 11:50:00,33.55456,39.48058468207173,21.398927280619976
2012-05-13 11:55:00,37.119377,40.027183388892986,21.312662633454597
2012-05-13 12:00:00,41.04051,38.03880986076333,20.124324903248134
2012-05-13 12:05:00,44.425922,40.12893411509513,19.561485703292416
2012-05-13 12:10:00,47.863422,39.870252914419,19.643485780597683
2012-05-13 12:15:00,50.357635,46.40316469093949,17.028983323021595
2012-05-13 12:20:00,52.097218,54.553071884484616,12.067725275894489
2012-05-13 12:25:00,55.208332,40.62580913596036,19.396486902365684
2012-05-13 12:30:00,58.677082,38.732946188982496,19.965282140505323
2012-05-13 12:35:00,62.288193,38.23043721265493,20.083600782918158
2012-05-13 12:40:00,65.54861,39.531383322077914,19.746352759592487
2012-05-13 12:45:00,67.09491,57.75176431692143,9.336241104019084
2012-05-13 12:50:00,67.053246,67.5040377602753,2.348850358489788
2012-05-13 12:55:00,67.291664,66.14830035404268,2.7520632136159566
2012-05-13 13:00:00,67.17477,67.85236918527312,2.0029986826624464
2012-05-13 13:05:00,67.048615,67.85236918527312,2.0029986826624464
2012-05-13 13:10:00,66.9132,67.85236918527312,2.0029986826624464
2012-05-13 13:15:00,66.866905,67.44033056339553,2.076468114564159
2012-05-13 13:20:00,66.856476,67.21599813802091,2.121450374077211
2012-05-13 13:25:00,66.865746,66.9840332184688,2.1720835372613987
2012-05-13 13:30:00,66.93866,66.6825182793712,2.244708866776231
2012-05-13 13:35:00,67.16088,66.64542447278286,2.2542062424599023
2012-05-13 13:40:00,67.327545,66.6268022111511,2.259022582210904
2012-05-13 13:45:00,67.25347,67.74246676374867,2.0215163994351157
2012-05-13 13:50:00,67.12847,67.41822588617681,2.0807353175157943
2012-05-13 13:55:00,67.02894,67.51713503934783,2.0619104042600718
2012-05-13 14:00:00,67.010414,67.36080805461592,1.7010080959789387
2012-05-13 14:05:00,67.03819,67.31568567754822,1.707494535218066
2012-05-13 14:10:00,67.02778,67.27034197244963,1.7141501672759618
2012-05-13 14:15:00,66.861115,67.27034197244963,1.7141501672759618
2012-05-13 14:20:00,66.80672,67.21906626076297,1.7218469978924587
2012-05-13 14:25:00,66.62153,67.08676425576958,1.7425705184772882
2012-05-13 14:30:00,66.54861,67.11568165306115,1.7379319754497395
2012-05-13 14:35:00,66.16898,67.79980407462917,1.6444799007453348
2012-05-13 14:40:00,65.9294,67.52252876785764,1.6788406473418134
2012-05-13 14:45:00,65.75347,67.45039220688336,1.68852426789328
2012-05-13 14:50:00,65.62847,66.85226382484404,1.7825752485353588
2012-05-13 14:55:00,65.60995,67.08676425576958,1.7425705184772882
2012-05-13 15:00:00,65.69329,67.1995402627843,1.351669621023535
2012-05-13 15:05:00,65.508095,67.38560741544472,1.336534662886671
2012-05-13 15:10:00,65.46644,67.14665434517013,1.3563214852690264
2012-05-13 15:15:00,65.67477,66.33100305361624,1.453274948653662
2012-05-13 15:20:00,65.62848,66.8669838893461,1.3838046339010528
2012-05-13 15:25:00,65.77778,66.03402800932868,1.504382572678277
2012-05-13 15:30:00,65.891205,66.6615146942717,1.4075094742136958
2012-05-13 15:35:00,66.17014,65.78480653483608,1.5565103453636515
2012-05-13 15:40:00,66.44097,66.219934803007,1.4711493974594152
2012-05-13 15:45:00,66.63542,66.47844591338809,1.431577236126546
2012-05-13 15:50:00,66.927086,66.10850136114682,1.490540061951137
2012-05-13 15:55:00,67.084496,66.91497142601123,1.3787207646344595
2012-05-13 16:00:00,67.021996,67.58231439398786,1.151082934177454
2012-05-13 16:05:00,67.29051,66.41016132054132,1.2722243026198443
2012-05-13 16:10:00,67.36343,66.90286685952752,1.2059127037919046
2012-05-13 16:15:00,67.384254,67.3768163313298,1.164407074481636
2012-05-13 16:20:00,67.671295,66.60007694043014,1.2430654100415328
2012-05-13 16:25:00,67.91088,66.79615888980082,1.2178723612361024
2012-05-13 16:30:00,68.06829,67.214507734049,1.1767495463470465
2012-05-13 16:35:00,68.203705,67.22033566305903,1.1762757233823116
2012-05-13 16:40:00,68.17593,67.58231439398786,1.151082934177454
2012-05-13 16:45:00,68.227516,67.44574378419973,1.1596688819200844
2012-05-13 16:50:00,68.19048,67.58231439398786,1.151082934177454
2012-05-13 16:55:00,68.15112,67.67232349014084,1.1459657841174797
2012-05-13 17:00:00,68.15806,67.24672733962733,1.0512061309985596
2012-05-13 17:05:00,68.027275,67.72635734665178,1.0251555399137584
2012-05-13 17:10:00,68.089775,67.24672733962733,1.0512061309985596
2012-05-13 17:15:00,67.98561,67.45060718582594,1.038624047804829
2012-05-13 17:20:00,67.73678,67.98181344782832,1.0157536749892506
2012-05-13 17:25:00,67.6627,67.93990709165733,1.0171133366957474
2012-05-13 17:30:00,67.63145,67.93990709165733,1.0171133366957474
2012-05-13 17:35:00,67.596725,67.84462804454746,1.0204651435261642
2012-05-13 17:40:00,67.64534,67.41691474010871,1.0405377564700895
2012-05-13 17:45:00,67.64236,67.66415470568371,1.0278718742115898
2012-05-13 17:50:00,67.6794,67.37180767205761,1.0431987587602047
2012-05-13 17:55:00,67.709496,67.45060718582594,1.038624047804829
2012-05-13 18:00:00,67.84838,67.287023964569,0.9917735542296406
2012-05-13 18:05:00,67.921295,67.10013356657338,1.0026194139608773
2012-05-13 18:10:00,67.96296,67.55197382185547,0.9793670351944407
2012-05-13 18:15:00,68.09722,66.94475354539226,1.0131610366555857
2012-05-13 18:20:00,68.383095,66.7875156445033,1.0254345586089681
2012-05-13 18:25:00,68.321754,67.59526475397075,0.9776363597670369
2012-05-13 18:30:00,68.30093,67.79203287957442,0.9707190651664859
2012-05-13 18:35:00,68.18055,67.68106128938398,0.9744335636651748
2012-05-13 18:40:00,68.086815,67.6490090445861,0.9755955284100541
2012-05-13 18:45:00,67.84376,67.6490090445861,0.9755955284100541
2012-05-13 18:50:00,67.802086,67.55197382185547,0.9793670351944407
2012-05-13 18:55:00,67.63657,67.59526475397075,0.9776363597670369
2012-05-13 19:00:00,67.55324,67.89483814780458,0.9568672755731727
2012-05-13 19:05:00,67.583336,67.4205529753764,0.969555928510451
2012-05-13 19:10:00,67.489586,67.70929621902219,0.9610122437410062
2012-05-13 19:15:00,67.47107,67.56108799742566,0.9650639114631215
2012-05-13 19:20:00,67.162865,68.09413113374102,0.9534907399339455
2012-05-13 19:25:00,67.1131,67.27181389286079,0.9750497664181291
2012-05-13 19:30:00,67.06101,67.66202087798455,0.9622307717420311
2012-05-13 19:35:00,67.132774,67.07510991085,0.9835905362440035
2012-05-13 19:40:00,67.20569,67.17117203196072,0.9792293653023202
2012-05-13 19:45:00,67.407074,66.423536031037,1.0248207664327575
2012-05-13 19:50:00,67.44874,67.32169820481668,0.973118805440543
2012-05-13 19:55:00,67.60499,66.7584903127109,1.0008340221499716
2012-05-13 20:00:00,67.719574,67.41861516836084,1.000589129804293
2012-05-13 20:05:00,67.6455,67.46113100733852,0.9993941735352418
2012-05-13 20:10:00,67.78092,67.17521907137551,1.008440704613415
2012-05-13 20:15:00,67.85499,67.37586218796886,1.0018421920986054
2012-05-13 20:20:00,67.959496,66.55974141990556,1.0372158259569757
2012-05-13 20:25:00,68.11343,66.93658413789379,1.0179476410153094
2012-05-13 20:30:00,68.06944,67.3221008972246,1.003492465520159
2012-05-13 20:35:00,68.10069,67.3221008972246,1.003492465520159
2012-05-13 20:40:00,68.08218,67.41861516836084,1.000589129804293
2012-05-13 20:45:00,68.11343,67.3221008972246,1.003492465520159
2012-05-13 20:50:00,68.09491,67.41861516836084,1.000589129804293
2012-05-13 20:55:00,68.104164,67.41861516836084,1.000589129804293
2012-05-13 21:00:00,67.979164,67.75399507629893,1.077883175350345
2012-05-13 21:05:00,68.00232,66.94889789793591,1.1007451148559
2012-05-13 21:10:00,67.887726,67.62016567054349,1.0805917587168006
2012-05-13 21:15:00,67.79514,67.53949881277212,1.0824240047224438
2012-05-13 21:20:00,67.81366,66.90516386472933,1.1024726157391613
2012-05-13 21:25:00,67.53241,67.48346745594829,1.0837867964701278
2012-05-13 21:30:00,67.5868,66.94889789793591,1.1007451148559
2012-05-13 21:35:00,67.44097,67.29694127013857,1.0888705173935367
2012-05-13 21:40:00,67.35764,67.16470296370848,1.0930027280475272
2012-05-13 21:45:00,67.29514,67.29694127013857,1.0888705173935367
2012-05-13 21:50:00,67.33449,67.16470296370848,1.0930027280475272
2012-05-13 21:55:00,67.09606,67.29169392668297,1.0890258697932171
2012-05-13 22:00:00,66.93055,66.99615362800459,1.2370454804481579
2012-05-13 22:05:00,66.99305,66.85079964794711,1.2425630384309936
2012-05-13 22:10:00,66.83912,66.89952907854517,1.2406585196259956
2012-05-13 22:15:00,66.8669,66.9157112431396,1.2400381187609277
2012-05-13 22:20:00,66.75578,66.78540584839998,1.2452080048228942
2012-05-13 22:25:00,66.77662,65.93496956357704,1.2900625631058054
2012-05-13 22:30:00,66.766205,66.99615362800459,1.2370454804481579
2012-05-13 22:35:00,66.76273,66.40089912814192,1.2629349485834125
2012-05-13 22:40:00,66.81249,66.56415991065361,1.2549377601046545
2012-05-13 22:45:00,66.65162,66.80179854164145,1.2445352758995905
2012-05-13 22:50:00,66.48495,67.13891305610132,1.2320940593936003
2012-05-13 22:55:00,66.48793,65.93496956357704,1.2900625631058054
2012-05-13 23:00:00,66.33052,65.81616975521187,1.5122994036541397
2012-05-13 23:05:00,66.1708,66.75597319589234,1.458965964321813
2012-05-13 23:10:00,66.38723,65.77024552389614,1.5155053001285517
2012-05-13 23:15:00,66.3502,66.66047744905897,1.4634370427286887
2012-05-13 23:20:00,66.558525,65.86198557732855,1.5091649566744092
2012-05-13 23:25:00,66.38145,65.654982780747,1.5238398877626713
2012-05-13 23:30:00,66.08978,66.5639054427554,1.4681575676169991
2012-05-13 23:35:00,66.197426,65.9986880938761,1.500172622778593
2012-05-13 23:40:00,66.155754,66.41712538033069,1.4757302127368217
2012-05-13 23:45:00,66.36871,65.6318616856986,1.5255632795397303
2012-05-13 23:50:00,66.18121,65.96462238703873,1.5023640002160876
2012-05-13 23:55:00,66.26852,65.56568964813837,1.5305934411564746
2012-05-14 00:00:00,66.14352,64.68464598113195,1.8851902963003948
2012-05-14 00:05:00,65.75115,65.68689148867982,1.7917877608023616
2012-05-14 00:10:00,65.43419,66.51227118559247,1.7341363406464385
2012-05-14 00:15:00,65.3254,66.1892236399318,1.7550508234123219
2012-05-14 00:20:00,65.15873,66.56045946025448,1.7311810699817753
2012-05-14 00:25:00,65.331184,64.41365555971515,1.9167235476339421
2012-05-14 00:30:00,65.560356,64.79322387603305,1.8734406112163084
2012-05-14 00:35:00,65.60202,66.21706278995448,1.7531703065345317
2012-05-14 00:40:00,65.341606,65.91224119227458,1.7746241725354175
2012-05-14 00:45:00,64.81383,66.36594178976145,1.743367781503749
2012-05-14 00:50:00,64.92097,64.68464598113195,1.8851902963003948
2012-05-14 00:55:00,64.77282,65.68689148867982,1.7917877608023616
2012-05-14 01:00:00,64.74157,62.16493213697293,2.9379253856644483
2012-05-14 01:05:00,65.226524,61.786244476656755,3.0202921376524805
2012-05-14 01:10:00,65.21015,63.12701074940231,2.768807317026548
2012-05-14 01:15:00,65.19974,63.93637476727619,2.653400577148471
2012-05-14 01:20:00,65.37682,64.05683558169231,2.6376097270397127
2012-05-14 01:25:00,65.191635,63.54722986743139,2.706661239314616
2012-05-14 01:30:00,64.785385,64.29670702978613,2.607021273446497
2012-05-14 01:35:00,64.222885,64.8281242654651,2.542735404639386
2012-05-14 01:40:00,64.279434,62.737339161717635,2.831944267871832
2012-05-14 01:45:00,64.13013,61.803773754978586,3.0162004617735794
2012-05-14 01:50:00,64.18965,63.47057974256226,2.717604946210168
2012-05-14 01:55:00,63.680393,63.119415114797505,2.7699830702704014
2012-05-14 02:00:00,63.76372,61.152339178687036,3.5941062855783463
2012-05-14 02:05:00,63.26373,63.880943377043785,3.046054379255784
2012-05-14 02:10:00,62.75331,62.27558685036036,3.33708376938232
2012-05-14 02:15:00,61.89914,63.19400655149884,3.1631457340025633
2012-05-14 02:20:00,61.690807,64.47757585157905,2.9508685955058573
2012-05-14 02:25:00,61.453537,61.68603996298673,3.4639190313506347
2012-05-14 02:30:00,61.22437,61.152339178687036,3.5941062855783463
2012-05-14 02:35:00,60.94312,60.80992584568662,3.6886167073134497
2012-05-14 02:40:00,60.25116,62.30345422638243,3.331430306791256
2012-05-14 02:45:00,61.011578,60.19758220914688,3.8920051518799976
2012-05-14 02:50:00,60.980328,63.128308500080855,3.1748508271254714
2012-05-14 02:55:00,60.684032,59.723919351210846,4.106191229808592
2012-05-14 03:00:00,60.486115,61.12897300215539,3.7271597674743906
2012-05-14 03:05:00,60.208332,60.35544046639796,3.9361954590525845
2012-05-14 03:10:00,60.333332,59.31194903395245,4.383465557515089
2012-05-14 03:15:00,60.60301,58.96584504120304,4.793349375967242
2012-05-14 03:20:00,60.24884,62.705732731764165,3.3943762361182124
2012-05-14 03:25:00,60.85301,59.93548210601812,4.077622557674517
2012-05-14 03:30:00,61.331013,59.60503972679538,4.216723546161884
2012-05-14 03:35:00,61.799763,59.258420938693774,4.42238327322211
2012-05-14 03:40:00,62.03935,58.98626109828709,4.745084852908538
2012-05-14 03:45:00,61.78009,64.2326447438263,3.1276612136139836
2012-05-14 03:50:00,62.03009,62.43531165148843,3.446058571307154
2012-05-14 03:55:00,62.58565,58.91496773480626,4.99965326847065
2012-05-14 04:00:00,62.85648,60.823804108975445,3.273981590179418
2012-05-14 04:05:00,63.399303,60.23027838203884,3.545846094140622
2012-05-14 04:10:00,63.42014,60.55515754695522,3.3610360312919325
2012-05-14 04:15:00,63.864582,60.41150820438773,3.4259838370556945
2012-05-14 04:20:00,63.82738,61.186919280350004,3.1925762503683512
2012-05-14 04:25:00,63.571594,63.69112527796429,2.899077865952203
2012-05-14 04:30:00,63.33317,62.512197337916945,3.0143516755028954
2012-05-14 04:35:00,63.17923,61.861655498325206,3.089208642795421
2012-05-14 04:40:00,63.4084,60.38876640060992,3.4381385435356715
2012-05-14 04:45:00,63.084324,62.87071194397342,2.97770731909413
2012-05-14 04:50:00,62.902615,64.1645141015361,2.8549631841349346
2012-05-14 04:55:00,62.911877,61.07760482816201,3.2142141657579066
2012-05-14 05:00:00,62.943127,63.61934988814064,2.1415385185525246
2012-05-14 05:05:00,63.14104,63.82084238813823,2.1425594756836386
2012-05-14 05:10:00,63.51604,62.588389735056815,2.243869207267718
2012-05-14 05:15:00,63.41419,63.761730047218265,2.141991469631239
2012-05-14 05:20:00,63.711807,62.900485644878756,2.1784669669933994
2012-05-14 05:25:00,63.821762,63.798023824179744,2.142316563719469
2012-05-14 05:30:00,64.01389,63.10886774751298,2.157529186930434
2012-05-14 05:35:00,64.31019,62.986497756315885,2.1682878208693466
2012-05-14 05:40:00,64.64352,62.97951553190361,2.16902505682631
2012-05-14 05:45:00,64.95602,63.043221823889944,2.162815648483724
2012-05-14 05:50:00,64.81713,64.44948514118455,2.1567706637265336
2012-05-14 05:55:00,65.33449,62.95871379366631,2.171310787946131
2012-05-14 06:00:00,65.38657,65.41652562173725,1.5318112200244187
2012-05-14 06:05:00,65.25694,66.20685304063151,1.5692173706042964
2012-05-14 06:10:00,65.5382,65.45207090349409,1.5323226999064692
2012-05-14 06:15:00,65.71759,65.10149873986423,1.5354696373823111
2012-05-14 06:20:00,65.93056,65.59673817328314,1.5358912583805167
2012-05-14 06:25:00,66.015045,65.8584134734524,1.547243828760431
2012-05-14 06:30:00,66.25,65.46795246545999,1.5326007247023445
2012-05-14 06:35:00,66.40972,65.69524433735991,1.5395111213448291
2012-05-14 06:40:00,66.5324,65.82044527279898,1.54527097566762
2012-05-14 06:45:00,66.584496,65.82044527279898,1.54527097566762
2012-05-14 06:50:00,66.76968,65.53196486360699,1.5340150137864326
2012-05-14 06:55:00,66.60301,66.48338440633414,1.5903188325367361
2012-05-14 07:00:00,66.603004,66.37348195514106,1.3889005041312499
2012-05-14 07:05:00,66.68056,66.52279198090412,1.3843770234945463
2012-05-14 07:10:00,66.70023,67.35592753418626,1.3937773530670974
2012-05-14 07:15:00,66.91898,66.49937764104914,1.3849260045335692
2012-05-14 07:20:00,66.80787,67.24570949770307,1.3899758142050638
2012-05-14 07:25:00,66.96297,67.0158147666241,1.3841760629828759
2012-05-14 07:30:00,67.1088,67.18340028699144,1.388104576193447
2012-05-14 07:35:00,67.1713,67.14027386746749,1.386934793762759
2012-05-14 07:40:00,67.2882,67.13069285589656,1.3866893822159352
2012-05-14 07:45:00,67.4757,66.83930957826973,1.3820114614901347
2012-05-14 07:50:00,67.50695,67.0540843412906,1.3849230895899989
2012-05-14 07:55:00,67.74653,66.66864572914925,1.3821782214806821
2012-05-14 08:00:00,67.84028,66.25379843675881,1.6336278476861565
2012-05-14 08:05:00,67.923615,66.80920487180028,1.5771345056836867
2012-05-14 08:10:00,67.78472,67.49912552407285,1.5414485945882028
2012-05-14 08:15:00,67.72222,67.4555185616379,1.5428102366762089
2012-05-14 08:20:00,67.87037,66.74779017048954,1.581995244549727
2012-05-14 08:25:00,67.81845,67.74792422049042,1.5355770230133723
2012-05-14 08:30:00,67.745865,67.89223155037728,1.5335208307196628
2012-05-14 08:35:00,67.77761,67.4555185616379,1.5428102366762089
2012-05-14 08:40:00,67.76785,67.69952268766677,1.5364788976533488
2012-05-14 08:45:00,67.76868,67.69952268766677,1.5364788976533488
2012-05-14 08:50:00,67.88426,67.20866734421149,1.552607235923379
2012-05-14 08:55:00,67.895836,67.74792422049042,1.5355770230133723
2012-05-14 09:00:00,68.13674,66.24132250794773,2.001496403818635
2012-05-14 09:05:00,68.284065,66.79358080393354,1.9473882718753275
2012-05-14 09:10:00,68.31994,66.38329657755853,1.9860996273787723
2012-05-14 09:15:00,68.25744,66.73882691927498,1.9520882809012594
2012-05-14 09:20:00,68.04911,67.06523515010564,1.9260013457363228
2012-05-14 09:25:00,68.057045,67.11995200830545,1.922061669701139
2012-05-14 09:30:00,67.87963,67.17449171507461,1.9182501250913295
2012-05-14 09:35:00,67.560844,67.22885065083949,1.9145630700817222
2012-05-14 09:40:00,67.34144,67.28302041937584,1.9109975971459063
2012-05-14 09:45:00,67.04894,67.33699683740588,1.907549819692455
2012-05-14 09:50:00,66.933365,67.3907735558413,1.9042150204081096
2012-05-14 09:55:00,66.78638,67.44434321686019,1.9009914933462522
2012-05-14 10:00:00,66.6422,67.0424717698117,2.0480625828469368
2012-05-14 10:05:00,66.33862,67.09592216291047,2.047652525199941
2012-05-14 10:10:00,66.27496,66.12605762865672,2.0663323588214912
2012-05-14 10:15:00,65.9208,65.96409713349202,2.072564263407965
2012-05-14 10:20:00,65.9208,65.53336664736064,2.0951000036685676
2012-05-14 10:25:00,65.65228,66.70553586054564,2.052005507597855
2012-05-14 10:30:00,65.57937,65.80224712433092,2.079957769298517
2012-05-14 10:35:00,65.39765,65.13126724134095,2.1253727755485916
2012-05-14 10:40:00,65.29349,65.69452261810001,2.085575955880372
2012-05-14 10:45:00,65.33863,65.37294108879178,2.106008352966159
2012-05-14 10:50:00,65.18238,66.34180169571196,2.059661707016193
2012-05-14 10:55:00,64.880295,66.23398530571275,2.0627749186691013
2012-05-14 11:00:00,64.48148,66.045115890965,1.9337079447515018
2012-05-14 11:05:00,64.41898,65.31815884091638,1.9344850776078626
2012-05-14 11:10:00,64.18749,65.56593850866423,1.9304340106756437
2012-05-14 11:15:00,64.39583,64.04910930495373,2.036975635772697
2012-05-14 11:20:00,64.31249,65.31815884091638,1.9344850776078626
2012-05-14 11:25:00,64.20535,65.11680044315732,1.9410921495244022
2012-05-14 11:30:00,63.99934,65.21729873752368,1.937404708822516
2012-05-14 11:35:00,63.96809,64.09563466735491,2.0302978486602368
2012-05-14 11:40:00,63.72156,64.9668342509875,1.9481049697184352
2012-05-14 11:45:00,63.634754,65.38557408336634,1.932953827340172
2012-05-14 11:50:00,63.58118,65.31815884091638,1.9344850776078626
2012-05-14 11:55:00,63.687664,64.52409071128277,1.980353161028358
2012-05-14 12:00:00,63.85433,64.08973974656288,1.8047347385606505
2012-05-14 12:05:00,63.843914,64.94811595197827,1.7385154759477317
2012-05-14 12:10:00,63.86243,64.40366116019274,1.7706412915478278
2012-05-14 12:15:00,63.8416,64.94811595197827,1.7385154759477317
2012-05-14 12:20:00,63.651783,64.85128811301921,1.7419139070409508
2012-05-14 12:25:00,63.75893,64.54894473657497,1.758874932689835
2012-05-14 12:30:00,64.07374,64.1937151309959,1.792078810129812
2012-05-14 12:35:00,64.30291,63.90455345573036,1.8308201606251078
2012-05-14 12:40:00,64.71958,63.78268663719698,1.850598089833569
2012-05-14 12:45:00,64.667496,64.89966914481481,1.7400966881998692
2012-05-14 12:50:00,64.6794,64.9896913841739,1.737345471002267
2012-05-14 12:55:00,64.6875,64.95889065148404,1.7381956628768596
2012-05-14 13:00:00,64.73843,64.80809646699714,1.5730537701146223
2012-05-14 13:05:00,64.71759,64.85642283432934,1.5725103074420532
2012-05-14 13:10:00,64.80671,64.44448567918978,1.5860246607942086
2012-05-14 13:15:00,64.66088,64.80809646699714,1.5730537701146223
2012-05-14 13:20:00,64.861115,63.93601854337075,1.6336505590276615
2012-05-14 13:25:00,64.92593,65.00171633487062,1.5724154568100592
2012-05-14 13:30:00,64.77778,65.61093420065262,1.593726683422153
2012-05-14 13:35:00,64.70486,64.90479808074078,1.5722270238802967
2012-05-14 13:40:00,64.576385,65.65493219572117,1.5963995457498472
2012-05-14 13:45:00,64.55556,64.61527742980371,1.5779146350723696
2012-05-14 13:50:00,64.62037,65.00171633487062,1.5724154568100592
2012-05-14 13:55:00,64.68287,64.9532294750474,1.5721968508766253
2012-05-14 14:00:00,64.47569,64.90497849572141,1.5466680495251781
2012-05-14 14:05:00,64.51736,64.61376606493987,1.541129241381202
2012-05-14 14:10:00,64.50099,64.71159209035126,1.5421341700312603
2012-05-14 14:15:00,64.71974,63.99972441999618,1.5629760907285792
2012-05-14 14:20:00,64.64683,64.71159209035126,1.5421341700312603
2012-05-14 14:25:00,64.58201,65.17750959461524,1.557500951479273
2012-05-14 14:30:00,64.62136,64.77190838455441,1.54320952460803
2012-05-14 14:35:00,64.5797,64.42112503956749,1.542230481843619
2012-05-14 14:40:00,64.54845,64.91056741419304,1.5468427087902856
2012-05-14 14:45:00,64.61095,64.37353884538729,1.5432151171460748
2012-05-14 14:50:00,64.44196,65.17750959461524,1.557500951479273
2012-05-14 14:55:00,64.34359,65.11428196158145,1.5546125984250132
2012-05-14 15:00:00,64.55076,63.76089474899936,2.000928152999981
2012-05-14 15:05:00,64.4871,64.57240897907712,1.8982473817871748
2012-05-14 15:10:00,64.49305,64.38761582735142,1.913596510396264
2012-05-14 15:15:00,64.23958,64.79176716079829,1.8821307403772207
2012-05-14 15:20:00,64.010414,64.12855255397001,1.940273258061681
2012-05-14 15:25:00,64.06597,64.62606862507155,1.8941423846903305
2012-05-14 15:30:00,64.20139,64.73577029376477,1.8860963838868035
2012-05-14 15:35:00,64.35764,63.997289114443696,1.9576664815778066
2012-05-14 15:40:00,64.28472,64.51957237073741,1.902424703603488
2012-05-14 15:45:00,64.37847,64.41644186007582,1.9110518239969003
2012-05-14 15:50:00,64.31597,64.12855255397001,1.940273258061681
2012-05-14 15:55:00,64.24322,64.39399603803635,1.9130278071308986
2012-05-14 16:00:00,64.16253,63.99302289797424,4.196599962499859
2012-05-14 16:05:00,64.2128,63.56617621070914,4.607557859777397
2012-05-14 16:10:00,64.278275,63.72551076078674,4.443732171585837
2012-05-14 16:15:00,64.57192,62.82807960367601,5.4852289444904665
2012-05-14 16:20:00,65.02431,61.99424106780526,6.397688004170586
2012-05-14 16:25:00,65.135414,64.25889168194973,3.9790993044629293
2012-05-14 16:30:00,64.84954,64.91320077273075,3.5208068327142787
2012-05-14 16:35:00,64.891205,64.05735609567428,4.141710358662051
2012-05-14 16:40:00,64.93866,63.472140858021525,4.710431143357533
2012-05-14 16:45:00,64.94907,64.23815676119119,3.995237351794368
2012-05-14 16:50:00,65.19907,63.123711763871206,5.123391006077787
2012-05-14 16:55:00,65.28687,63.352568648947546,4.8473966278677425
2012-05-14 17:00:00,65.46015,61.80136625264742,11.366860961229321
2012-05-14 17:05:00,65.45271,62.323153436353046,10.039812681796368
2012-05-14 17:10:00,65.45668,62.81554847636605,8.81190554944026
2012-05-14 17:15:00,65.40609,63.2934767524998,7.693431317596193
2012-05-14 17:20:00,65.17593,63.767253501842674,6.691959508759962
2012-05-14 17:25:00,64.30093,64.24173999080615,5.810724864738153
2012-05-14 17:30:00,62.23264,61.09857636371654,13.107816719643358
2012-05-14 17:35:00,58.347225,63.204420664882406,7.894405239490376
2012-05-14 17:40:00,54.508102,62.081449482653,10.654803678616144
2012-05-14 17:45:00,50.464123,63.204420664882406,7.894405239490376
2012-05-14 17:50:00,46.370373,63.412030853558925,7.43187866757165
2012-05-14 17:55:00,42.318287,62.24398744445667,10.240909105492085
2012-05-14 18:00:00,38.341434,63.923957144753665,5.58728966344469
2012-05-14 18:05:00,34.289352,62.24683513293556,9.483597450045878
2012-05-14 18:10:00,30.974535,63.02114951422687,7.476750047971652
2012-05-14 18:15:00,27.589119,62.93304576389216,7.687939089212063
2012-05-14 18:20:00,24.569277,61.08030764468717,13.032811349829332
2012-05-14 18:25:00,22.017197,48.701448492334805,47.13452727875841
2012-05-14 18:30:00,20.724371,32.404364628567926,28.447094451241252
2012-05-14 18:35:00,21.224371,31.02120613307441,21.521360488265035
2012-05-14 18:40:00,21.505623,31.018797514460783,21.428237401657444
2012-05-14 18:45:00,21.996363,31.017628095470894,21.296099701574903
2012-05-14 18:50:00,22.277613,31.01781607595394,21.25871092939906
2012-05-14 18:55:00,23.19428,31.01930876441089,21.169120309368793
2012-05-14 19:00:00,27.171133,31.134260016541806,23.11731621345916
2012-05-14 19:05:00,31.2128,31.105291559526247,22.69437745307924
2012-05-14 19:10:00,34.614418,31.3435466157818,24.873143405760445
2012-05-14 19:15:00,38.0415,31.301003214640485,24.579433513632228
2012-05-14 19:20:00,41.22801,31.44853751315107,25.539900685177116
2012-05-14 19:25:00,44.54051,31.359537061644932,24.979428686417993
2012-05-14 19:30:00,48.114582,31.24324300701041,24.147950185840912
2012-05-14 19:35:00,51.666668,31.323140883383374,24.73437286655026
2012-05-14 19:40:00,55.59491,31.201767083422784,23.80336997427989
2012-05-14 19:45:00,59.21065,31.24324300701041,24.147950185840912
2012-05-14 19:50:00,63.04167,31.16568646078271,23.464910639849098
2012-05-14 19:55:00,66.50463,31.422012090367883,25.377720286076116
2012-05-14 20:00:00,66.59028,65.95456317637912,1.3911116928009974
2012-05-14 20:05:00,66.87153,65.03686852202358,1.667382100591089
2012-05-14 20:10:00,66.97569,66.0347365260452,1.374085344230939
2012-05-14 20:15:00,67.09838,65.70479707471993,1.450182505046545
2012-05-14 20:20:00,67.25115,65.66047020281196,1.461716269208832
2012-05-14 20:25:00,67.45949,65.63828675536242,1.4676167973732233
2012-05-14 20:30:00,67.61689,65.83735882862892,1.4176365147942898
2012-05-14 20:35:00,67.60996,66.73592013458008,1.25661388232606
2012-05-14 20:40:00,67.50463,67.28071923089624,1.1947755128811672
2012-05-14 20:45:00,67.52778,66.10005867583433,1.3608410867314626
2012-05-14 20:50:00,67.56134,65.95456317637912,1.3911116928009974
2012-05-14 20:55:00,67.36921,67.12508987449108,1.2103449533703092
2012-05-14 21:00:00,67.46296,66.25617777242788,1.2925837371104694
2012-05-14 21:05:00,67.51968,66.54512492861473,1.2710627754873585
2012-05-14 21:10:00,67.59259,66.43008069497596,1.279206185842807
2012-05-14 21:15:00,67.60532,66.24323767779335,1.293633888180239
2012-05-14 21:20:00,67.5324,66.37227862489927,1.2835054309222353
2012-05-14 21:25:00,67.42824,66.65934656962834,1.263491828896995
2012-05-14 21:30:00,67.46875,66.55149137305212,1.270627937111438
2012-05-14 21:35:00,67.32986,66.4493061496634,1.2778080513314813
2012-05-14 21:40:00,67.083336,66.43008069497596,1.279206185842807
2012-05-14 21:45:00,67.07407,66.03536710325268,1.3116291699267029
2012-05-14 21:50:00,66.91782,65.96359846304394,1.3183682227742477
2012-05-14 21:55:00,66.93403,65.78698786202285,1.336226153566437
2012-05-14 22:00:00,66.77778,66.33170913750453,1.441380866314051
2012-05-14 22:05:00,66.61111,66.41029301962027,1.4369797836386518
2012-05-14 22:10:00,66.44444,66.38615654514449,1.438315235737483
2012-05-14 22:15:00,66.28819,65.89042201634821,1.4691979577052467
2012-05-14 22:20:00,66.319435,65.55516407617621,1.4944273950937674
2012-05-14 22:25:00,65.87153,65.66713182051733,1.4855576000852804
2012-05-14 22:30:00,65.69742,66.33170913750453,1.441380866314051
2012-05-14 22:35:00,65.624504,65.27513399197066,1.5188187157428912
2012-05-14 22:40:00,65.72635,64.68393488324404,1.5832922609295252
2012-05-14 22:45:00,65.55621,65.57383199784006,1.4929157112920761
2012-05-14 22:50:00,65.38261,64.72040461005632,1.5786951575704906
2012-05-14 22:55:00,65.29348,65.47424252799185,1.5011388783605237
2012-05-14 23:00:00,65.06663,65.07716112686494,1.7760452409030245
2012-05-14 23:05:00,64.82242,65.10202205011522,1.7739661370045117
2012-05-14 23:10:00,64.77149,65.07716112686494,1.7760452409030245
2012-05-14 23:15:00,64.65691,64.63039462384425,1.816872667426491
2012-05-14 23:20:00,64.35136,65.30067057392212,1.7579966149475128
2012-05-14 23:25:00,64.72636,62.98241574499544,2.068592864182835
2012-05-14 23:30:00,64.24421,64.9812589938784,1.7842409644823904
2012-05-14 23:35:00,63.994205,64.46408157647689,1.8339963068739236
2012-05-14 23:40:00,63.84607,64.8037911472643,1.8001964606913203
2012-05-14 23:45:00,63.72107,64.24438130053856,1.8585453830823122
2012-05-14 23:50:00,64.06134,63.4239611316355,1.977089981833357
2012-05-14 23:55:00,64.08565,64.57484008651748,1.822463217673125
2012-05-15 00:00:00,63.76042,63.36655161471009,2.330772916870741
2012-05-15 00:05:00,63.884266,63.29838219551155,2.3408193403478683
2012-05-15 00:10:00,63.612274,64.33469126633779,2.2094741488927285
2012-05-15 00:15:00,64.039345,63.522823719880996,2.3086372507608357
2012-05-15 00:20:00,63.62616,63.16937647249472,2.360542308406574
2012-05-15 00:25:00,62.940975,64.38626857455229,2.203889428533234
2012-05-15 00:30:00,63.118057,62.03059548282474,2.5966024789083275
2012-05-15 00:35:00,62.805557,62.65467730507035,2.4505594892630778
2012-05-15 00:40:00,62.692127,63.51654105967405,2.3095042573353606
2012-05-15 00:45:00,62.570602,63.0782316831748,2.3750816909102497
2012-05-15 00:50:00,62.153934,64.7337859069894,2.1679872775781055
2012-05-15 00:55:00,61.650467,64.23155799649297,2.2208610458854725
2012-05-15 01:00:00,61.688656,60.59920409474797,3.342978541831163
2012-05-15 01:05:00,61.304398,62.20479964865842,3.194955304185368
2012-05-15 01:10:00,60.715275,61.381760420573436,3.248013700419822
2012-05-15 01:15:00,60.333332,63.711945725985686,3.1199168390069425
2012-05-15 01:20:00,60.697918,60.24257515493207,3.420548260933621
2012-05-15 01:25:00,61.539352,60.11584127625872,3.4576954710682735
2012-05-15 01:30:00,61.71875,61.381760420573436,3.248013700419822
2012-05-15 01:35:00,62.020832,60.24257515493207,3.420548260933621
2012-05-15 01:40:00,62.0,61.420832177697235,3.2448031830552218
2012-05-15 01:45:00,61.75,61.09171377993662,3.2753915179738886
2012-05-15 01:50:00,61.75,61.11624059539593,3.2727996361904643
2012-05-15 01:55:00,61.135418,60.53608228974179,3.354449089545492
2012-05-15 02:00:00,61.10764,59.44922262725629,4.104268672472391
2012-05-15 02:05:00,61.003475,59.492787571484286,4.096552839093996
2012-05-15 02:10:00,61.28125,58.58186103782325,4.392610173106671
2012-05-15 02:15:00,60.840282,60.81941466011427,3.9225534044702886
2012-05-15 02:20:00,59.975697,60.15755851712129,4.0001122055143865
2012-05-15 02:25:00,59.267365,62.053695041224216,3.7829693809064473
2012-05-15 02:30:00,58.471066,60.859941159508516,3.91801294595615
2012-05-15 02:35:00,58.127316,59.92093954897029,4.031036508076689
2012-05-15 02:40:00,57.741898,60.07713762347512,4.010333762954811
2012-05-15 02:45:00,57.75926,59.061182609699074,4.1882606130495255
2012-05-15 02:50:00,57.270832,59.84525781953352,4.04155412884419
2012-05-15 02:55:00,57.472225,58.41610909855021,4.7177823788577395
2012-05-15 03:00:00,57.211807,58.89224095077586,4.359321428531
2012-05-15 03:05:00,56.565975,58.727791894855535,4.402344096831908
2012-05-15 03:10:00,55.95486,58.65608477256527,4.423686201077799
2012-05-15 03:15:00,56.29266,58.753753198177755,4.395058725705498
2012-05-15 03:20:00,56.73363,58.16394707645396,4.977565087014014
2012-05-15 03:25:00,56.86905,58.753753198177755,4.395058725705498
2012-05-15 03:30:00,57.298447,58.20472023904065,4.68021891774815
2012-05-15 03:35:00,57.095898,58.4811385078996,4.486392467156322
2012-05-15 03:40:00,56.960484,58.4811385078996,4.486392467156322
2012-05-15 03:45:00,56.708996,58.6534247270887,4.424515765832626
2012-05-15 03:50:00,57.16617,58.250366668075266,4.626183014101242
2012-05-15 03:55:00,58.138386,58.17805801417297,4.728882810327426
2012-05-15 04:00:00,58.71547,59.17953117293215,3.8339965880908924
2012-05-15 04:05:00,58.659916,58.82921472328329,4.658576388885566
2012-05-15 04:10:00,58.78029,58.83051914940514,4.6456703241774875
2012-05-15 04:15:00,57.60916,60.66921041051098,3.431391168635491
2012-05-15 04:20:00,57.678604,59.28867562012248,3.7621658217565694
2012-05-15 04:25:00,57.530457,59.96593871960635,3.537859133924417
2012-05-15 04:30:00,57.42513,59.81193215604788,3.5718681884997334
2012-05-15 04:35:00,57.981846,59.02738936478818,3.9881064355913716
2012-05-15 04:40:00,58.58601,59.10628564281557,3.897137915060112
2012-05-15 04:45:00,58.972916,59.06572201497661,3.940065228362202
2012-05-15 04:50:00,58.960186,60.06402660040655,3.518920693629807
2012-05-15 04:55:00,58.599075,61.67154986194314,3.337730397322358
2012-05-15 05:00:00,57.928238,62.96062861490545,2.181486225490579
2012-05-15 05:05:00,58.806713,60.39217453612881,3.71395984975268
2012-05-15 05:10:00,59.556713,60.801903362840655,3.1037626667713796
2012-05-15 05:15:00,60.619213,60.10887902532904,4.280093158457308
2012-05-15 05:20:00,61.068287,61.74704299712692,2.3583481347000568
2012-05-15 05:25:00,61.206024,61.88181135219267,2.312713765966309
2012-05-15 05:30:00,61.668987,61.860560579136724,2.319191304614382
2012-05-15 05:35:00,61.8669,62.51903036246312,2.20281543871376
2012-05-15 05:40:00,61.95486,62.878024269056404,2.183488354110797
2012-05-15 05:45:00,62.61111,62.14191692187226,2.251132593934227
2012-05-15 05:50:00,62.957172,62.30293198142093,2.2258758613998086
2012-05-15 05:55:00,63.068283,62.48813869169276,2.2054820557933987
2012-05-15 06:00:00,64.15162,63.15091430282738,1.9039991439892663
2012-05-15 06:05:00,64.56828,64.50570572457418,1.4741072567126432
2012-05-15 06:10:00,65.0162,64.66937747704348,1.4555711157164932
2012-05-15 06:15:00,65.391205,64.70278814488226,1.4523610137128078
2012-05-15 06:20:00,65.72454,65.19703930117355,1.4229731608468033
2012-05-15 06:25:00,66.12385,64.37872182273529,1.4920891059837755
2012-05-15 06:30:00,66.24537,65.42627105689358,1.4184729552557045
2012-05-15 06:35:00,66.46413,65.37670888699655,1.4190434386392807
2012-05-15 06:40:00,66.58449,65.39320610284561,1.4188300840545685
2012-05-15 06:45:00,66.48032,66.54400490790518,1.451061067555121
2012-05-15 06:50:00,66.64352,65.63892946704239,1.418291746639014
2012-05-15 06:55:00,66.83449,65.03707071378368,1.429196602454617
2012-05-15 07:00:00,66.66782,67.50233202133715,1.3104619389987835
2012-05-15 07:05:00,66.65509,66.65072972941759,1.3124479872178318
2012-05-15 07:10:00,66.58218,67.01160460904396,1.308104283686091
2012-05-15 07:15:00,66.6875,66.74095967890324,1.3108339540361842
2012-05-15 07:20:00,66.728004,67.19625143505273,1.3079365742991647
2012-05-15 07:25:00,67.00579,66.39589800470348,1.3191007191664759
2012-05-15 07:30:00,67.141205,66.56060907919009,1.3144362754189618
2012-05-15 07:35:00,67.21412,66.92146948052168,1.3086744926347762
2012-05-15 07:40:00,67.37153,66.51561166642077,1.3155751134614204
2012-05-15 07:45:00,67.453705,66.92146948052168,1.3086744926347762
2012-05-15 07:50:00,67.34259,66.99659216012579,1.3081766158227193
2012-05-15 07:55:00,67.58218,66.38096951802758,1.3195929144345768
2012-05-15 08:00:00,67.696754,66.48187970207927,1.5340506977393982
2012-05-15 08:05:00,67.76157,66.2821725123038,1.5451890679784495
2012-05-15 08:10:00,67.91782,66.38717287396825,1.5391165655605852
2012-05-15 08:15:00,67.84375,66.91459591007468,1.5152872727335367
2012-05-15 08:20:00,67.75,67.09917479490508,1.5092025542544514
2012-05-15 08:25:00,67.572914,67.33551260451041,1.5028626484127023
2012-05-15 08:30:00,67.38079,66.86180202457201,1.517224909154413
2012-05-15 08:35:00,67.40856,66.95682087773675,1.5138025503055788
2012-05-15 08:40:00,67.32407,66.91459591007468,1.5152872727335367
2012-05-15 08:45:00,67.18981,66.99902890460716,1.5123741982876264
2012-05-15 08:50:00,67.16898,66.19838018231538,1.5503998745077847
2012-05-15 08:55:00,67.108795,67.14655035659798,1.5078056213229178
2012-05-15 09:00:00,67.02546,66.4805346744279,1.7648910498633752
2012-05-15 09:05:00,67.046295,66.06251805957513,1.7671044710980448
2012-05-15 09:10:00,66.88542,66.57400251059563,1.7650029525443955
2012-05-15 09:15:00,66.822914,66.06251805957513,1.7671044710980448
2012-05-15 09:20:00,66.8125,66.15496019162983,1.7661745076761353
2012-05-15 09:25:00,66.72106,66.01641139581143,1.7676769793660856
2012-05-15 09:30:00,66.79861,65.49515222669002,1.780308134485158
2012-05-15 09:35:00,66.479164,66.55841508349539,1.764971088428424
2012-05-15 09:40:00,66.34144,66.01641139581143,1.7676769793660856
2012-05-15 09:45:00,66.33102,65.87858927391528,1.7698570159671456
2012-05-15 09:50:00,66.34144,65.60541399474394,1.776562980867449
2012-05-15 09:55:00,66.202545,66.35100906047047,1.765065701711323
2012-05-15 10:00:00,65.75463,65.70005617489527,1.7192909854909793
2012-05-15 10:05:00,65.63194,65.74160208679722,1.7206814803283168
2012-05-15 10:10:00,65.58449,65.47548248416582,1.7135434510696383
2012-05-15 10:15:00,65.60069,65.41183076763697,1.7125009693424935
2012-05-15 10:20:00,65.60069,65.70005617489527,1.7192909854909793
2012-05-15 10:25:00,65.53588,65.25821140204081,1.7111595167618605
2012-05-15 10:30:00,65.483795,65.45272340582423,1.7131393271500122
2012-05-15 10:35:00,65.69213,64.8493682851976,1.7167732085452336
2012-05-15 10:40:00,65.49653,65.07922960939149,1.71186942790429
2012-05-15 10:45:00,65.31945,65.45272340582423,1.7131393271500122
2012-05-15 10:50:00,65.298615,65.28972614014496,1.7112944200535951
2012-05-15 10:55:00,65.15046,65.36650780091554,1.7119285278288856
2012-05-15 11:00:00,65.16088,63.89077531111085,1.6745711450708223
2012-05-15 11:05:00,65.06829,65.06047179175798,1.6086019668150302
2012-05-15 11:10:00,64.83912,65.08954382198476,1.6088586746953328
2012-05-15 11:15:00,64.70023,65.26075625903484,1.611871769533207
2012-05-15 11:20:00,64.53357,65.4675413174906,1.6186849494699098
2012-05-15 11:25:00,64.43171,64.82947902442938,1.609397434888962
2012-05-15 11:30:00,64.11921,65.05217161974262,1.6085432377483955
2012-05-15 11:35:00,63.91551,65.4293794103072,1.6171834345934972
2012-05-15 11:40:00,64.03703,64.21126911402077,1.6398699286150686
2012-05-15 11:45:00,64.25578,64.60925425149459,1.615216700657035
2012-05-15 11:50:00,64.15162,65.01487643728169,1.608355361105574
2012-05-15 11:55:00,64.103004,64.6336095915044,1.614314358736028
2012-05-15 12:00:00,64.228004,63.85586333607611,1.5690433714663587
2012-05-15 12:05:00,64.19097,64.63626764918229,1.5135346425148672
2012-05-15 12:10:00,64.12847,64.20323609324586,1.5342036469794937
2012-05-15 12:15:00,64.19907,64.66774042099964,1.5129198341878445
2012-05-15 12:20:00,62.901615,64.76637019945183,1.5117081077218166
2012-05-15 12:25:00,62.04514,64.38584855566047,1.5226031061328282
2012-05-15 12:30:00,62.221058,63.89048050870085,1.5647787645204472
2012-05-15 12:35:00,62.09143,64.60483709583518,1.514262495765429
2012-05-15 12:40:00,61.917828,64.54209191933946,1.5160589094749228
2012-05-15 12:45:00,61.61343,65.27123774340266,1.520764066009347
2012-05-15 12:50:00,61.561344,64.55384381473698,1.5156872356268456
2012-05-15 12:55:00,61.717594,64.37805806115747,1.523009010170665
2012-05-15 13:00:00,61.60301,64.19416078358995,1.4697174332849265
2012-05-15 13:05:00,61.677082,64.42903601840474,1.459715564683182
2012-05-15 13:10:00,61.78125,63.919152976560916,1.491478762786598
2012-05-15 13:15:00,61.71875,64.82465585347474,1.457965463715804
2012-05-15 13:20:00,62.903934,60.89777663936931,3.2546437655299165
2012-05-15 13:25:00,63.758102,61.65644291841662,2.350090937705148
2012-05-15 13:30:00,63.656254,64.3980946860449,1.4606179288556669
2012-05-15 13:35:00,63.875004,64.09082860036939,1.476551344181625
2012-05-15 13:40:00,63.872684,63.884875138970095,1.495019039632573
2012-05-15 13:45:00,63.89584,64.15202608275548,1.4723152562128803
2012-05-15 13:50:00,64.01852,64.29784170680227,1.4643895468974417
2012-05-15 13:55:00,63.914352,64.82465585347474,1.457965463715804
2012-05-15 14:00:00,64.06019,63.640270089536266,1.6355626878380107
2012-05-15 14:05:00,63.93634,64.49752760933079,1.6020003316761928
2012-05-15 14:10:00,63.87384,64.07581745687126,1.605069374145998
2012-05-15 14:15:00,63.81134,64.42877837596238,1.6011811361099442
2012-05-15 14:20:00,63.736115,64.11801637547016,1.6037869918213234
2012-05-15 14:25:00,63.788197,64.11032564175854,1.60400209685561
2012-05-15 14:30:00,63.912037,63.87574215348416,1.6148345166943556
2012-05-15 14:35:00,63.849537,64.64955209285039,1.6052924822950734
2012-05-15 14:40:00,63.98843,63.6985982735501,1.6293758054079488
2012-05-15 14:45:00,64.05787,64.04147069903705,1.606301052770304
2012-05-15 14:50:00,64.01852,64.53011773168033,1.6025395962366489
2012-05-15 14:55:00,63.914352,64.28542978807518,1.60099967530984
2012-05-15 15:00:00,64.04977,63.80620652322754,2.3974685316996855
2012-05-15 15:05:00,64.08102,63.77360952517137,2.398917429248653
2012-05-15 15:10:00,64.18519,63.58764526334351,2.4114264385898343
2012-05-15 15:15:00,64.27662,63.90663755879416,2.394117815191673
2012-05-15 15:20:00,64.44329,63.58764526334351,2.4114264385898343
2012-05-15 15:25:00,64.59954,63.97572540031489,2.3926774177071617
2012-05-15 15:30:00,64.50579,63.97572540031489,2.3926774177071617
2012-05-15 15:35:00,64.52662,64.11874767769977,2.391582956528264
2012-05-15 15:40:00,64.51736,63.84294713952854,2.396055340355161
2012-05-15 15:45:00,64.739586,63.9640965852573,2.3928743136155837
2012-05-15 15:50:00,64.61227,64.08240629741046,2.3916408993760223
2012-05-15 15:55:00,64.52894,63.64777468963749,2.406496282530736
2012-05-15 16:00:00,64.35185,62.732102614864395,6.730276137884502
2012-05-15 16:05:00,64.453705,62.24361341566054,7.029679189239882
2012-05-15 16:10:00,64.58912,62.29054102914862,6.999685072614266
2012-05-15 16:15:00,64.61227,62.67990240991076,6.760484387896548
2012-05-15 16:20:00,64.72685,62.55999596324552,6.83178770520504
2012-05-15 16:25:00,64.84491,63.02894396207574,6.569370718783287
2012-05-15 16:30:00,64.96991,61.944510097271746,7.2230472148895
2012-05-15 16:35:00,65.07407,62.646531104935896,6.780070435196212
2012-05-15 16:40:00,65.06135,62.15833947288814,7.084526233418135
2012-05-15 16:45:00,64.70023,63.28672227196109,6.444836259602312
2012-05-15 16:50:00,62.455524,61.932752093843625,7.2306748879135085
2012-05-15 16:55:00,59.153442,61.41765128075796,7.561365074425488
2012-05-15 17:00:00,55.35136,58.292654555498906,22.32331032862565
2012-05-15 17:05:00,51.85136,59.91064151690983,20.09627513557248
2012-05-15 17:10:00,48.27844,60.26083366609606,19.51332950042683
2012-05-15 17:15:00,44.69511,60.098758783502014,19.789558246033636
2012-05-15 17:20:00,40.93469,60.566878862332466,18.95770117365041
2012-05-15 17:25:00,37.018024,61.34636394371898,17.31975352793665
2012-05-15 17:30:00,33.59094,59.56960406323454,20.619435263262453
2012-05-15 17:35:00,29.707838,60.64010034323747,18.817654111671327
2012-05-15 17:40:00,26.108131,58.63964186515593,21.88990221835037
2012-05-15 17:45:00,22.00628,57.719317761105565,23.006025596416745
2012-05-15 17:50:00,20.690805,32.532887501937275,20.758707528790328
2012-05-15 17:55:00,20.503305,31.774548718283487,19.25073592627858
2012-05-15 18:00:00,20.367891,31.211406067510115,20.034932944410183
2012-05-15 18:05:00,19.837467,31.212564093743456,20.480439806116348
2012-05-15 18:10:00,19.199736,31.209945421180958,20.445418828509837
2012-05-15 18:15:00,18.991404,31.20758818864634,20.408888191986097
2012-05-15 18:20:00,19.074736,31.202715767754544,20.285564094513855
2012-05-15 18:25:00,18.972883,31.20227904542018,20.247897861246233
2012-05-15 18:30:00,18.660383,31.216148658447082,20.52256203128901
2012-05-15 18:35:00,18.626818,31.202924872307033,20.1793176204333
2012-05-15 18:40:00,18.372355,31.202269314107298,20.22896476130626
2012-05-15 18:45:00,18.7624,31.24793599198657,19.823453120860055
2012-05-15 18:50:00,18.304068,31.20225697195437,20.234603938448682
2012-05-15 18:55:00,18.033234,31.202347164610373,20.215044592922172
2012-05-15 19:00:00,18.4499,31.20378585614827,21.14529212169847
2012-05-15 19:05:00,18.357637,31.206241825906307,21.226687314835733
2012-05-15 19:10:00,18.672453,31.202770358046337,21.075749786329915
2012-05-15 19:15:00,19.484953,31.229913600523187,21.57494845483286
2012-05-15 19:20:00,21.130787,31.262816118784418,21.864573925063883
2012-05-15 19:25:00,25.028936,31.22380292940402,21.50703611437258
2012-05-15 19:30:00,28.935186,31.228452242146744,21.559401851776926
2012-05-15 19:35:00,32.79977,31.223101206805364,21.498753936385445
2012-05-15 19:40:00,36.87963,31.208467685716982,21.278450304213937
2012-05-15 19:45:00,40.93403,31.212775334437794,21.357116220110544
2012-05-15 19:50:00,45.361115,31.202678385272108,21.056596901128188
2012-05-15 19:55:00,49.722225,31.206801613746304,21.240771491444296
2012-05-15 20:00:00,53.586807,31.96499122349404,23.817318387206246
2012-05-15 20:05:00,58.034725,31.76094529226636,22.9211185860734
2012-05-15 20:10:00,62.108795,31.87213622268897,23.438682022108917
2012-05-15 20:15:00,65.202545,32.762847444680034,26.276318262462436
2012-05-15 20:20:00,67.358795,37.163555642544935,32.11475471691916
2012-05-15 20:25:00,67.298615,65.35844000849825,2.56212172267581
2012-05-15 20:30:00,67.3507,65.5981290093098,2.4331217627916844
2012-05-15 20:35:00,67.5382,65.14859333956622,2.690979213765806
2012-05-15 20:40:00,67.640045,65.40846670024239,2.533703960063049
2012-05-15 20:45:00,67.78356,65.61088349695225,2.4267381402135437
2012-05-15 20:50:00,67.8044,66.24042844357639,2.1595678376426086
2012-05-15 20:55:00,67.72454,66.80781255234177,1.9787008478880213
2012-05-15 21:00:00,67.739586,66.23360269897198,1.5914531461120758
2012-05-15 21:05:00,67.479164,66.84278336028338,1.55650593957108
2012-05-15 21:10:00,67.29398,66.41321009933216,1.57915850008926
2012-05-15 21:15:00,67.48148,66.05887041934957,1.6054004687160301
2012-05-15 21:20:00,67.50231,66.36469096003205,1.5822928061429649
2012-05-15 21:25:00,67.56481,65.5823176730073,1.656186870409523
2012-05-15 21:30:00,67.65856,66.23360269897198,1.5914531461120758
2012-05-15 21:35:00,67.59606,66.45200620329675,1.576745535020329
2012-05-15 21:40:00,67.50347,66.29672945864051,1.5869114860181455
2012-05-15 21:45:00,67.36805,66.62622589788037,1.5668622371257357
2012-05-15 21:50:00,67.24306,66.58273511782734,1.5691905056536333
2012-05-15 21:55:00,66.98032,66.58273511782734,1.5691905056536333
2012-05-15 22:00:00,66.81944,65.86100051924804,1.7268447168548129
2012-05-15 22:05:00,66.68981,65.36798029986512,1.7386776224652492
2012-05-15 22:10:00,66.69676,65.26404516093798,1.7427142036855292
2012-05-15 22:15:00,66.46015,66.36527326636741,1.72305295380862
2012-05-15 22:20:00,66.41849,66.00348304995708,1.7251311602308688
2012-05-15 22:25:00,66.39765,65.44640061878592,1.7360416234188352
2012-05-15 22:30:00,66.10599,66.16418799807916,1.723858227367029
2012-05-15 22:35:00,66.01224,65.76335124474063,1.7283934938697196
2012-05-15 22:40:00,65.86062,65.50764812249373,1.7342070632595183
2012-05-15 22:45:00,65.593254,65.64396189089268,1.7307644778175149
2012-05-15 22:50:00,65.374504,65.64396189089268,1.7307644778175149
2012-05-15 22:55:00,65.20784,65.12672006288058,1.7491130314400527
2012-05-15 23:00:00,65.093254,64.51384099830598,2.0850391241481376
2012-05-15 23:05:00,64.95437,64.14477231614448,2.096446848523947
2012-05-15 23:10:00,64.89187,64.55358916882693,2.084204352547545
2012-05-15 23:15:00,64.57639,64.7251499305079,2.0812942004623642
2012-05-15 23:20:00,64.28472,65.11976659479456,2.0779024077266395
2012-05-15 23:25:00,64.02431,64.6334165821874,2.0827172417943216
2012-05-15 23:30:00,64.052086,64.31692969927806,2.0902271748330126
2012-05-15 23:35:00,63.97685,64.6734864794063,2.082060155659794
2012-05-15 23:40:00,63.893513,64.20040308703364,2.0942438632322875
2012-05-15 23:45:00,63.858795,63.90902658127317,2.108159744498345
2012-05-15 23:50:00,63.650463,64.08522951297253,2.099026699675132
2012-05-15 23:55:00,64.039345,63.77740497454571,2.116653667546641
2012-05-16 00:00:00,64.23281,63.103530849277064,2.567251697004061
2012-05-16 00:05:00,64.06614,62.647829958916894,2.59171500118333
2012-05-16 00:10:00,63.909885,63.34533430416793,2.5589051380749743
2012-05-16 00:15:00,63.947388,62.565066812616266,2.5978113423508993
2012-05-16 00:20:00,63.845306,63.02427301811534,2.5705809037503613
2012-05-16 00:25:00,63.822388,62.67705454527434,2.589703630782735
2012-05-16 00:30:00,63.58003,63.454569389043805,2.5558777058683444
2012-05-16 00:35:00,63.332336,63.418045568889376,2.556845496802232
2012-05-16 00:40:00,63.203175,62.90675741298741,2.5761622567195728
2012-05-16 00:45:00,63.09068,62.790984105975376,2.5825115526848834
2012-05-16 00:50:00,63.088593,62.34729387251898,2.6170663470006477
2012-05-16 00:55:00,62.56035,64.31790259321748,2.5410362076356745
2012-05-16 01:00:00,62.127316,62.88279650637873,3.0187864543325915
2012-05-16 01:05:00,62.59375,61.43969001757699,3.0004728355299393
2012-05-16 01:10:00,62.520832,62.00163450323282,2.9907059944521213
2012-05-16 01:15:00,61.847916,61.958540934306995,2.9904067714152203
2012-05-16 01:20:00,61.84815,61.91562960220157,2.990254764154345
2012-05-16 01:25:00,61.923145,61.87290184015091,2.9902532362195466
2012-05-16 01:30:00,62.210648,61.83036425035383,2.9904075279654596
2012-05-16 01:35:00,62.346066,61.788016469369545,2.9907243148353735
2012-05-16 01:40:00,61.641895,61.74586341848322,2.9912067417047936
2012-05-16 01:45:00,61.12245,61.70390696125605,2.9918605642892673
2012-05-16 01:50:00,61.103703,61.662147696623684,2.9926917163161644
2012-05-16 01:55:00,60.770832,61.62059074242597,2.993705018938972
2012-05-16 02:00:00,60.864582,60.52701065157968,3.5978367013007033
2012-05-16 02:05:00,60.541668,61.812137500392716,3.608938438190409
2012-05-16 02:10:00,60.733795,60.73505508247797,3.5947834128770624
2012-05-16 02:15:00,61.33945,59.26874296897288,3.7869666660172245
2012-05-16 02:20:00,61.191303,60.864414642929255,3.5944747997166
2012-05-16 02:25:00,60.834824,61.045875194558306,3.5955514448790713
2012-05-16 02:30:00,60.230656,61.67446643543391,3.606235002332447
2012-05-16 02:35:00,60.110123,61.142015488818565,3.596664493458953
2012-05-16 02:40:00,60.30804,59.08931325407877,3.8697920951308826
2012-05-16 02:45:00,60.085815,59.39318633060441,3.7435493158403634
2012-05-16 02:50:00,58.846233,60.556224709279626,3.597183071562368
2012-05-16 02:55:00,57.98512,59.72312987620155,3.665577853726387
2012-05-16 03:00:00,57.45387,59.93566732360936,4.145175966966247
2012-05-16 03:05:00,56.902943,59.93566732360936,4.145175966966247
2012-05-16 03:10:00,55.700397,60.48793449051761,4.126207413005237
2012-05-16 03:15:00,55.53224,59.8454209933276,4.148872946134878
2012-05-16 03:20:00,54.902615,59.569686386284616,4.1628249489662945
2012-05-16 03:25:00,55.26372,59.184210124643094,4.19470241582452
2012-05-16 03:30:00,55.54497,59.06745878730887,4.209263604776276
2012-05-16 03:35:00,55.800922,59.91747090704798,4.1458964401433915
2012-05-16 03:40:00,56.069443,58.633339653317286,4.304607655869453
2012-05-16 03:45:00,56.434025,58.2889892846859,4.496320987470627
2012-05-16 03:50:00,57.335648,58.00342401191009,5.451216745039645
2012-05-16 03:55:00,58.681713,58.00857169841453,5.310855759214104
2012-05-16 04:00:00,59.218914,59.00113732365919,4.11009333793237
2012-05-16 04:05:00,59.36359,58.965815550578014,4.127162120070276
2012-05-16 04:10:00,59.91567,58.3206580920212,4.879838911399907
2012-05-16 04:15:00,59.56151,59.75923372938427,3.9154295197342255
2012-05-16 04:20:00,60.098545,58.64974764074106,4.354770051958501
2012-05-16 04:25:00,59.541836,60.64360180979787,3.8408179417370465
2012-05-16 04:30:00,59.449245,60.21945830435303,3.8683808767507077
2012-05-16 04:35:00,59.42841,61.213593718497485,3.812280095316654
2012-05-16 04:40:00,59.993225,59.56078278386443,3.94620568679276
2012-05-16 04:45:00,60.378635,59.20478579899336,4.031475841251091
2012-05-16 04:50:00,60.7791,59.216957090241344,4.027645442222567
2012-05-16 04:55:00,60.539516,60.592701979342856,3.8436829826599035
2012-05-16 05:00:00,59.899307,62.23250532782826,2.7513363171789327
2012-05-16 05:05:00,60.371033,61.110127799260646,2.9402400733738294
2012-05-16 05:10:00,60.829365,60.94084458479148,3.007851603525138
2012-05-16 05:15:00,61.64534,60.775500585566476,3.089710042758103
2012-05-16 05:20:00,62.0296,61.583943376504855,2.819068257492877
2012-05-16 05:25:00,62.540012,60.9647200679775,2.9973686060568348
2012-05-16 05:30:00,62.604828,61.814531363495234,2.785727132938854
2012-05-16 05:35:00,62.63608,62.95593070493558,2.737130870017267
2012-05-16 05:40:00,62.450893,63.16549337454999,2.739042286780332
2012-05-16 05:45:00,62.867558,62.08660755132604,2.760308513487491
2012-05-16 05:50:00,63.06895,62.14997124287413,2.7560682422409513
2012-05-16 05:55:00,63.391865,61.72321350218229,2.7974208036365766
2012-05-16 06:00:00,64.04927,62.59072014065371,2.4536639412509573
2012-05-16 06:05:00,64.31713,64.91003698346918,1.8577465105323026
2012-05-16 06:10:00,64.47338,64.59456566541623,1.8811898811484296
2012-05-16 06:15:00,64.603004,65.64925186817943,1.836011460025717
2012-05-16 06:20:00,64.71759,65.28693675424607,1.8415620466185205
2012-05-16 06:25:00,64.9051,64.82224052974918,1.8632742226060985
2012-05-16 06:30:00,65.2662,64.42098558214,1.8987497979006687
2012-05-16 06:35:00,65.33912,65.63639205687622,1.8360575205844187
2012-05-16 06:40:00,65.62615,65.06223488017115,1.8498054476972963
2012-05-16 06:45:00,65.54282,66.05455286130403,1.8398164033638282
2012-05-16 06:50:00,65.72685,65.33885675005045,1.8402048993289968
2012-05-16 06:55:00,65.91782,65.2479946805882,1.8427109645803474
2012-05-16 07:00:00,66.21412,65.5676244586216,1.733343364738002
2012-05-16 07:05:00,66.38079,66.97349930961968,1.6464457372055323
2012-05-16 07:10:00,66.5926,66.07009397566218,1.6905797333053865
2012-05-16 07:15:00,66.584496,67.24489058398888,1.639436454996443
2012-05-16 07:20:00,66.854164,66.73615691997075,1.6547419929608482
2012-05-16 07:25:00,67.07143,66.4978046692609,1.6652873316523211
2012-05-16 07:30:00,67.20106,66.78374680789624,1.652908345112114
2012-05-16 07:35:00,67.27397,66.97349930961968,1.6464457372055323
2012-05-16 07:40:00,67.30753,67.24489058398888,1.639436454996443
2012-05-16 07:45:00,67.43253,66.78374680789624,1.652908345112114
2012-05-16 07:50:00,67.47999,67.11490519516626,1.6424754653886018
2012-05-16 07:55:00,67.51819,67.0364616457028,1.6445910023731605
2012-05-16 08:00:00,67.72999,66.593166699548,1.9263394198531731
2012-05-16 08:05:00,67.57374,67.41630232010695,1.8854084349527982
2012-05-16 08:10:00,67.56448,66.72042352317725,1.918578245380518
2012-05-16 08:15:00,67.50198,66.89528966768911,1.9088592523967727
2012-05-16 08:20:00,67.289024,67.64456708594629,1.8773215952706535
2012-05-16 08:25:00,67.259254,67.17367339473316,1.8953913304612804
2012-05-16 08:30:00,67.202545,67.05920069771454,1.9006512608360717
2012-05-16 08:35:00,67.06713,66.9905223723882,1.903989746448545
2012-05-16 08:40:00,66.95023,67.08558890305231,1.8994050742483484
2012-05-16 08:45:00,66.87731,67.03807980282498,1.9016625237400964
2012-05-16 08:50:00,66.81944,67.01694727782976,1.9026885616252702
2012-05-16 08:55:00,66.81944,66.89528966768911,1.9088592523967727
2012-05-16 09:00:00,66.642365,66.91031558616841,2.1704051528064334
2012-05-16 09:05:00,66.36806,66.11214867501735,2.1929019381468584
2012-05-16 09:10:00,66.358795,66.08757120592351,2.193878466494297
2012-05-16 09:15:00,66.28588,66.02371361872358,2.1965200209929603
2012-05-16 09:20:00,66.0625,66.08757120592351,2.193878466494297
2012-05-16 09:25:00,65.75,66.42243280277592,2.182274966201106
2012-05-16 09:30:00,65.666664,66.20069730285299,2.18956030765888
2012-05-16 09:35:00,65.385414,65.80326300812514,2.206918299668751
2012-05-16 09:40:00,65.3206,65.96973580626762,2.198875710758462
2012-05-16 09:45:00,65.14947,66.11214867501735,2.1929019381468584
2012-05-16 09:50:00,65.0129,66.15641128465793,2.1911980164127294
2012-05-16 09:55:00,64.7629,66.28934297679974,2.186472633285136
2012-05-16 10:00:00,64.709656,65.67681771071952,2.2019074449174343
2012-05-16 10:05:00,64.97354,64.61009477881075,2.2211678195904514
2012-05-16 10:10:00,64.79067,65.57954680033781,2.2007762984690773
2012-05-16 10:15:00,64.55109,65.28107262949909,2.2001575590476725
2012-05-16 10:20:00,64.63558,64.77598467724512,2.2123767058068773
2012-05-16 10:25:00,64.72933,64.73759344633324,2.2141703677503037
2012-05-16 10:30:00,64.708496,65.39917406782159,2.199835891686998
2012-05-16 10:35:00,64.76058,64.31960868076212,2.2437394959874317
2012-05-16 10:40:00,64.74438,65.26362343609955,2.200275254530037
2012-05-16 10:45:00,64.74884,64.9910951557262,2.204759668989175
2012-05-16 10:50:00,64.5625,65.15919585713804,2.2013828737493752
2012-05-16 10:55:00,64.478004,64.85296841110123,2.2091897750085683
2012-05-16 11:00:00,64.3125,65.23077945405883,2.047718604671354
2012-05-16 11:05:00,64.233795,65.3437766407612,2.0534250406135057
2012-05-16 11:10:00,64.171295,64.69943579659922,2.0348502636350236
2012-05-16 11:15:00,64.19329,64.24719261156012,2.0488226784885897
2012-05-16 11:20:00,64.08796,64.8801103629924,2.036251424347308
2012-05-16 11:25:00,64.08912,64.87616606606701,2.0361838985298486
2012-05-16 11:30:00,64.06829,65.0905003833396,2.041902246429692
2012-05-16 11:35:00,64.22454,64.35070016609303,2.0431364765567674
2012-05-16 11:40:00,64.33912,64.98301902642196,2.0385181972081843
2012-05-16 11:45:00,64.40162,64.80527367421315,2.0352520214808614
2012-05-16 11:50:00,64.58796,64.31614437787793,2.04485663445241
2012-05-16 11:55:00,64.77662,64.38146304160226,2.0417502243344976
2012-05-16 12:00:00,64.81829,64.60734798224001,1.8253030105860282
2012-05-16 12:05:00,64.59491,64.99045839260792,1.835391904716799
2012-05-16 12:10:00,64.75695,64.44257592387038,1.8271957064392437
2012-05-16 12:15:00,65.02662,64.28259057370069,1.833263565715442
2012-05-16 12:20:00,65.21412,64.47542730823601,1.8264796687233054
2012-05-16 12:25:00,65.41782,64.8107578623967,1.8283727799374365
2012-05-16 12:30:00,65.5324,64.94157228193869,1.8331189311108218
2012-05-16 12:35:00,65.5949,64.80703741533632,1.8282679458091442
2012-05-16 12:40:00,65.45949,65.28357322088694,1.8539437775076362
2012-05-16 12:45:00,65.396996,64.94157228193869,1.8331189311108218
2012-05-16 12:50:00,65.47107,64.87041965163671,1.8302872377357773
2012-05-16 12:55:00,65.45173,64.94157228193869,1.8331189311108218
2012-05-16 13:00:00,65.501495,64.796782599354,1.620357110928296
2012-05-16 13:05:00,65.75149,64.34933613567976,1.6299015114013669
2012-05-16 13:10:00,65.91238,65.0112105063415,1.6265709102291348
2012-05-16 13:15:00,65.964455,65.19259995337377,1.6360741973886979
2012-05-16 13:20:00,65.92278,65.12559393043183,1.6321568618370577
2012-05-16 13:25:00,65.72834,65.5228373964875,1.661304398744617
2012-05-16 13:30:00,65.725365,65.36207969752915,1.6478860234326558
2012-05-16 13:35:00,65.664024,65.0590240067829,1.628729437068482
2012-05-16 13:40:00,65.601524,64.89440929602875,1.6224476817549496
2012-05-16 13:45:00,65.6536,64.796782599354,1.620357110928296
2012-05-16 13:50:00,65.55175,65.1590416098951,1.6340554024117315
2012-05-16 13:55:00,65.58152,64.93181862856993,1.623583886705888
2012-05-16 14:00:00,65.61855,64.85857330613379,1.7297904268012534
2012-05-16 14:05:00,65.66601,65.03839012256714,1.740419824158068
2012-05-16 14:10:00,65.593094,65.46938000159042,1.7778694837938789
2012-05-16 14:15:00,65.46578,65.28691322701705,1.7602060828363235
2012-05-16 14:20:00,65.42411,64.90022421534154,1.7319408392684228
2012-05-16 14:25:00,65.25744,64.79846242273786,1.7270440307571384
2012-05-16 14:30:00,65.20718,65.27660678760661,1.759282394331106
2012-05-16 14:35:00,65.37268,64.76861285171094,1.7258444832665356
2012-05-16 14:40:00,65.695595,64.59959182918416,1.7213174053076141
2012-05-16 14:45:00,65.72106,64.86612685206866,1.7301652900277908
2012-05-16 14:50:00,65.916664,64.73890377651382,1.7247640256842292
2012-05-16 14:55:00,66.072914,64.93449908606867,1.733857106853612
2012-05-16 15:00:00,66.12847,64.67231433090181,2.578991991964585
2012-05-16 15:05:00,66.04977,64.90156787823561,2.6043484407874398
2012-05-16 15:10:00,66.20602,64.91820999570704,2.606434116289014
2012-05-16 15:15:00,66.31712,64.54463291941067,2.5680005333980316
2012-05-16 15:20:00,66.25463,64.44668347246999,2.5613401469410815
2012-05-16 15:25:00,66.66204,63.948010725058104,2.558131157511278
2012-05-16 15:30:00,66.8507,64.80244893813344,2.5925793969178126
2012-05-16 15:35:00,66.90278,65.03142035156516,2.6213785943601735
2012-05-16 15:40:00,66.80903,65.41896270740794,2.6802944473154793
2012-05-16 15:45:00,66.81829,64.64016030784525,2.5759934421759243
2012-05-16 15:50:00,66.82871,65.10771489782171,2.6321294773677093
2012-05-16 15:55:00,66.59376,65.18464095584781,2.643450524820976
2012-05-16 16:00:00,66.62153,63.35662525927912,6.471669850516409
2012-05-16 16:05:00,66.60069,63.09684012200321,6.545875517058593
2012-05-16 16:10:00,66.46528,64.05307259722385,6.347730929882824
2012-05-16 16:15:00,66.53935,63.427969352420384,6.455395816987992
2012-05-16 16:20:00,66.72685,62.67953849997408,6.732952768129075
2012-05-16 16:25:00,66.59722,63.87859698097879,6.374951221809563
2012-05-16 16:30:00,66.46181,64.05307259722385,6.347730929882824
2012-05-16 16:35:00,66.326385,63.74298431955429,6.396602962783885
2012-05-16 16:40:00,66.31713,63.57374624498892,6.426056932207101
2012-05-16 16:45:00,66.37616,63.14795968440915,6.529107040862833
2012-05-16 16:50:00,66.334496,63.65765281777212,6.4109860805773
2012-05-16 16:55:00,66.517365,62.81086455515845,6.663912915628451
2012-05-16 17:00:00,66.49306,60.90618587700231,20.233078466148015
2012-05-16 17:05:00,66.701385,60.32625785559879,21.43613557847789
2012-05-16 17:10:00,66.67593,60.940354166860146,20.14426655882902
2012-05-16 17:15:00,66.35185,61.23510150817298,19.3227702491303
2012-05-16 17:20:00,62.508102,60.78781293356689,20.52738828778188
2012-05-16 17:25:00,58.04514,60.77100856202913,20.56735152625132
2012-05-16 17:30:00,53.48264,60.940354166860146,20.14426655882902
2012-05-16 17:35:00,49.048615,60.58620582362516,20.973613812878337
2012-05-16 17:40:00,44.70602,60.99775947640199,19.991573863436088
2012-05-16 17:45:00,40.66286,60.78781293356689,20.52738828778188
2012-05-16 17:50:00,36.40592,60.940354166860146,20.14426655882902
2012-05-16 17:55:00,32.176754,60.940354166860146,20.14426655882902
2012-05-16 18:00:00,28.051752,61.35192318984517,17.307776002555915
2012-05-16 18:05:00,23.885086,62.06809687714605,14.217818953561755
2012-05-16 18:10:00,19.996199,61.38657732402853,17.145685618099105
2012-05-16 18:15:00,16.251984,59.71461878428397,24.139104303753726
2012-05-16 18:20:00,15.751984,30.966666633985692,19.24310883179299
2012-05-16 18:25:00,16.114252,31.080363496150795,18.977592214536845
2012-05-16 18:30:00,16.770502,31.094371365025395,18.96078979742053
2012-05-16 18:35:00,17.29828,31.082349277352108,18.97509518338541
2012-05-16 18:40:00,17.650133,31.045618436866945,19.028481047199048
2012-05-16 18:45:00,17.939816,30.997400493568094,19.133204808162166
2012-05-16 18:50:00,18.082174,31.03092629055215,19.055105681903843
2012-05-16 18:55:00,18.957174,31.025561370288724,19.065791256824525
2012-05-16 19:00:00,19.217592,30.990516539098184,20.176558793230342
2012-05-16 19:05:00,19.428904,30.986966152664206,20.23643591743659
2012-05-16 19:10:00,20.086311,30.984075478039117,20.392936908723602
2012-05-16 19:15:00,20.367561,30.984733172380704,20.30076037030592
2012-05-16 19:20:00,20.94858,31.00776695263086,20.020255988437455
2012-05-16 19:25:00,24.656912,30.989375958023317,20.19323482195369
2012-05-16 19:30:00,28.593254,30.9841490562585,20.401122960327353
2012-05-16 19:35:00,32.614086,30.984218599543258,20.329775229069508
2012-05-16 19:40:00,36.509922,30.984218599543258,20.329775229069508
2012-05-16 19:45:00,40.2414,30.987997434480945,20.53235659770796
2012-05-16 19:50:00,44.49719,30.98833541959189,20.210250734580743
2012-05-16 19:55:00,47.90344,31.058323259211306,21.15674362214794
2012-05-16 20:00:00,51.801586,31.56767655270995,21.968116636931473
2012-05-16 20:05:00,55.777775,31.57721015379921,22.003303284206126
2012-05-16 20:10:00,59.024307,32.008003982470235,23.18165490727417
2012-05-16 20:15:00,62.743057,31.643000949375963,22.22888734036333
2012-05-16 20:20:00,66.66204,31.611230823645844,22.123393025564067
2012-05-16 20:25:00,67.09144,65.51758236885495,2.0999225441646696
2012-05-16 20:30:00,66.94328,66.87251097837854,1.5963623412792438
2012-05-16 20:35:00,66.950226,66.91286447809703,1.592939552235175
2012-05-16 20:40:00,67.02662,66.48579622916056,1.6459488839614467
2012-05-16 20:45:00,67.04861,66.58635721335658,1.6296374011961714
2012-05-16 20:50:00,66.959496,67.26240970636546,1.5730600821171112
2012-05-16 20:55:00,66.99306,66.94926626373096,1.590079873918426
2012-05-16 21:00:00,66.83449,66.74212752545536,1.4446432592901755
2012-05-16 21:05:00,66.88657,67.05482380239533,1.452197109328557
2012-05-16 21:10:00,66.81365,66.70287455415199,1.4442111949318006
2012-05-16 21:15:00,66.96991,66.70287455415199,1.4442111949318006
2012-05-16 21:20:00,66.93982,67.11842193736605,1.4545326763411184
2012-05-16 21:25:00,67.041664,66.74212752545536,1.4446432592901755
2012-05-16 21:30:00,67.045135,66.37026587490706,1.446083827369349
2012-05-16 21:35:00,66.99653,66.88458833872225,1.4472218866100908
2012-05-16 21:40:00,67.08912,66.71358187618348,1.4443165482612372
2012-05-16 21:45:00,67.21412,66.63858564430961,1.4437805695023123
2012-05-16 21:50:00,67.41203,66.89525320493442,1.4474754867006838
2012-05-16 21:55:00,67.49306,66.99817860147517,1.450327903618564
2012-05-16 22:00:00,67.5868,65.62221480975386,1.6540643390438279
2012-05-16 22:05:00,67.36805,66.57064956893986,1.6800257462062727
2012-05-16 22:10:00,67.44097,65.84389942796459,1.6551666104913751
2012-05-16 22:15:00,67.33449,66.5392566502586,1.6784136934061344
2012-05-16 22:20:00,67.30804,66.38540512757912,1.6711217432595034
2012-05-16 22:25:00,67.19692,66.41342184439333,1.6723711340600065
2012-05-16 22:30:00,67.488594,65.74883868268466,1.6542489150508006
2012-05-16 22:35:00,67.2872,66.09742027362834,1.66054687685721
2012-05-16 22:40:00,67.33697,66.35737289406784,1.6699083108468573
2012-05-16 22:45:00,67.2328,66.38190310102318,1.6709682599839448
2012-05-16 22:50:00,67.04067,66.85174311059878,1.696114476846115
2012-05-16 22:55:00,66.738594,66.6020136497061,1.6816755820154332
2012-05-16 23:00:00,66.582344,64.91775474530898,2.0446929229142983
2012-05-16 23:05:00,66.50943,64.91775474530898,2.0446929229142983
2012-05-16 23:10:00,66.44692,65.08153787384099,2.050149667608761
2012-05-16 23:15:00,66.54299,65.23775914921983,2.0565647537762755
2012-05-16 23:20:00,66.25463,65.32892533704405,2.0607993583131776
2012-05-16 23:25:00,66.13657,65.09244707611187,2.0505616166313554
2012-05-16 23:30:00,65.71181,65.6676615540282,2.07921482954612
2012-05-16 23:35:00,65.87153,64.48067205568587,2.0377570631642414
2012-05-16 23:40:00,65.5625,65.53807055039518,2.0717148355007713
2012-05-16 23:45:00,65.4375,65.08153787384099,2.050149667608761
2012-05-16 23:50:00,65.34491,65.29579061719657,2.059220704980968
2012-05-16 23:55:00,65.41782,64.68822992279418,2.0395414536586536
2012-05-17 00:00:00,65.37037,63.25408336046539,2.51755661161396
2012-05-17 00:05:00,65.045135,63.51402280061294,2.523032922774422
2012-05-17 00:10:00,64.94097,63.71018747356033,2.5296620088195003
2012-05-17 00:15:00,64.520836,64.36847772454801,2.562662463250949
2012-05-17 00:20:00,64.34491,63.25048899027729,2.5175107142327606
2012-05-17 00:25:00,63.76157,63.546653020125206,2.524000164838528
2012-05-17 00:30:00,63.71759,63.16435124328885,2.516691741181288
2012-05-17 00:35:00,63.409718,63.80857797445636,2.5336627354921526
2012-05-17 00:40:00,63.557873,63.394625317558514,2.520003947798676
2012-05-17 00:45:00,63.578705,63.51402280061294,2.523032922774422
2012-05-17 00:50:00,63.29051,63.83046636731248,2.534607666741351
2012-05-17 00:55:00,62.79977,63.74296406329247,2.5309486485935624
2012-05-17 01:00:00,62.607635,61.86697116865147,3.1049294600869057
2012-05-17 01:05:00,62.774303,61.28347289951589,3.0813574759300555
2012-05-17 01:10:00,62.263885,62.15326365402074,3.1250674775407554
2012-05-17 01:15:00,61.865738,61.80883035505934,3.101310702279316
2012-05-17 01:20:00,62.001156,61.47098377254819,3.085212396086932
2012-05-17 01:25:00,62.667828,60.64419637113454,3.1199603925658312
2012-05-17 01:30:00,61.93866,61.78715592870358,3.1000133224587163
2012-05-17 01:35:00,62.277775,61.60936532255212,3.090627070654348
2012-05-17 01:40:00,61.89699,62.66138392731639,3.1652873052159536
2012-05-17 01:45:00,61.61574,62.35982631359326,3.1411180913994112
2012-05-17 01:50:00,61.663197,61.69050904803206,3.094613348700857
2012-05-17 01:55:00,62.01852,61.029326522167196,3.0848367169728808
2012-05-17 02:00:00,62.351852,60.01393344720733,3.8092275486089346
2012-05-17 02:05:00,62.166668,60.50313285423997,3.8431686768401945
2012-05-17 02:10:00,61.828705,59.460780237585446,3.796922036447874
2012-05-17 02:15:00,62.05093,59.47030105890937,3.796539489044393
2012-05-17 02:20:00,61.48959,60.611132728069485,3.851061097945093
2012-05-17 02:25:00,60.80209,61.36921344279424,3.898387647049938
2012-05-17 02:30:00,61.395832,58.9705055686905,3.9252549415354934
2012-05-17 02:35:00,60.973377,61.48391841186213,3.903562302345277
2012-05-17 02:40:00,60.546295,60.16137531122553,3.8186548469723776
2012-05-17 02:45:00,60.265045,60.19174320817243,3.820726459540087
2012-05-17 02:50:00,59.209488,60.56240817610788,3.8475105631679285
2012-05-17 02:55:00,59.251156,60.81867615026022,3.8657692059865068
2012-05-17 03:00:00,58.785877,60.25239805489921,4.458510950320217
2012-05-17 03:05:00,58.650463,59.088752680019894,4.423995763634642
2012-05-17 03:10:00,58.84491,58.28039373172209,4.479131394643487
2012-05-17 03:15:00,57.930557,59.139110013887326,4.426741121276467
2012-05-17 03:20:00,58.10648,58.424472672442526,4.408959965499272
2012-05-17 03:25:00,58.63426,58.551707615452095,4.401909836994406
2012-05-17 03:30:00,58.035885,59.23378109129095,4.431749187175921
2012-05-17 03:35:00,57.260418,59.21715220603156,4.43088731327557
2012-05-17 03:40:00,57.083332,58.41133888611233,4.410739549674516
2012-05-17 03:45:00,56.6875,58.6406316257154,4.402652146288271
2012-05-17 03:50:00,57.36343,58.36578671433696,4.822515485441466
2012-05-17 03:55:00,56.70718,60.135435931171656,4.458517121396681
2012-05-17 04:00:00,55.846066,58.841142405354105,4.418297486567622
2012-05-17 04:05:00,55.469574,58.785184700921256,4.42734802291177
2012-05-17 04:10:00,55.36772,58.42502618536582,4.5352898815762055
2012-05-17 04:15:00,55.59689,58.43857816596667,5.45335244186294
2012-05-17 04:20:00,54.940643,58.717705211038215,4.439680770881455
2012-05-17 04:25:00,54.34805,60.0747101281913,4.304066737282493
2012-05-17 04:30:00,54.71726,58.309544279996295,4.706693162132781
2012-05-17 04:35:00,54.958332,58.3426417212016,4.997239754531936
2012-05-17 04:40:00,55.665512,58.31219250252109,4.689491078809531
2012-05-17 04:45:00,56.38426,58.30719207629563,4.766635408996902
2012-05-17 04:50:00,56.504627,58.698691338234426,4.443499213449329
2012-05-17 04:55:00,56.494213,58.44596524118017,4.523508940583202
2012-05-17 05:00:00,57.901623,59.39627960493336,6.210865933045608
2012-05-17 05:05:00,58.746857,60.118798946374376,3.8652880993714263
2012-05-17 05:10:00,59.20056,60.20509170828176,3.7215735191800996
2012-05-17 05:15:00,59.908894,59.90215728438003,4.366449733893952
2012-05-17 05:20:00,60.657734,59.667853526848155,5.128529287624355
2012-05-17 05:25:00,61.05588,60.439706393127786,3.4478847055736073
2012-05-17 05:30:00,61.59755,60.72885602570819,3.249486273540992
2012-05-17 05:35:00,62.363422,60.15349071336931,3.8040610521887275
2012-05-17 05:40:00,62.20833,61.74083564890031,2.971745925721251
2012-05-17 05:45:00,62.351852,61.575721034595354,2.9954834905403342
2012-05-17 05:50:00,62.67824,61.03703164609484,3.121146114471664
2012-05-17 05:55:00,63.383102,60.38665621510574,3.4980219129899734
2012-05-17 06:00:00,63.293156,65.40137129739767,1.9965970660560597
2012-05-17 06:05:00,63.25149,65.05367369832312,2.0023481829652994
2012-05-17 06:10:00,63.64038,63.96071812857386,2.133406033672594
2012-05-17 06:15:00,64.062996,64.08624443995319,2.1052415670468974
2012-05-17 06:20:00,64.683365,63.74887061419014,2.1940084077065194
2012-05-17 06:25:00,65.120865,64.21605775068213,2.080936174187236
2012-05-17 06:30:00,64.97503,65.16093556666537,1.9992410162971481
2012-05-17 06:35:00,65.20767,64.86284332018877,2.011129891790993
2012-05-17 06:40:00,65.65559,64.0229243742813,2.1188228602609342
2012-05-17 06:45:00,65.803734,64.83111298010066,2.0130235222062685
2012-05-17 06:50:00,65.84772,64.8390410925757,2.012538796017493
2012-05-17 06:55:00,66.11161,65.14903348862815,1.999524084761287
2012-05-17 07:00:00,66.31845,66.58599519664979,1.8206569910619954
2012-05-17 07:05:00,66.453865,66.36524970946975,1.838785878097332
2012-05-17 07:10:00,66.70387,66.76620946897664,1.8084934136596011
2012-05-17 07:15:00,66.78125,67.0754245170751,1.792428069322753
2012-05-17 07:20:00,66.74537,67.40431185920056,1.7812683154136943
2012-05-17 07:25:00,66.784065,67.30333275490547,1.7840813620504823
2012-05-17 07:30:00,67.13938,66.06833186631403,1.8698465525488925
2012-05-17 07:35:00,67.18105,67.26170288076126,1.7853970177513785
2012-05-17 07:40:00,67.34772,67.09357332660008,1.7916590805072055
2012-05-17 07:45:00,67.41022,66.8806079053972,1.8018770999626852
2012-05-17 07:50:00,67.73082,66.46048015935243,1.8304975587023724
2012-05-17 07:55:00,67.501656,67.70816163101196,1.7759630291103268
2012-05-17 08:00:00,67.470406,67.10542796448702,2.0383938930369627
2012-05-17 08:05:00,67.5711,66.56969498054937,2.0862453619163492
2012-05-17 08:10:00,67.27744,67.47360666913191,2.013106683395345
2012-05-17 08:15:00,67.15244,67.06089964253484,2.0418169787673994
2012-05-17 08:20:00,67.14203,66.92706204823561,2.0526500364818374
2012-05-17 08:25:00,67.14204,67.13720117575535,2.0360035058006702
2012-05-17 08:30:00,67.10963,67.19924132159943,2.031456824289954
2012-05-17 08:35:00,66.79563,67.10542796448702,2.0383938930369627
2012-05-17 08:40:00,66.50744,67.4590115392596,2.0140157823483937
2012-05-17 08:45:00,66.44494,66.79301490435437,2.06439194838307
2012-05-17 08:50:00,66.19494,67.4590115392596,2.0140157823483937
2012-05-17 08:55:00,66.153275,66.43607577708595,2.1009113330762843
2012-05-17 09:00:00,65.95536,66.36409500612375,2.5081289127239192
2012-05-17 09:05:00,65.719246,66.3937733446131,2.5040030734096916
2012-05-17 09:10:00,65.74901,65.6174483949015,2.6345389341203336
2012-05-17 09:15:00,65.53605,65.91992800972615,2.577266523382948
2012-05-17 09:20:00,65.417,66.27508805718612,2.5208313319086937
2012-05-17 09:25:00,65.34705,66.5294437782907,2.4857835931917487
2012-05-17 09:30:00,65.09243,66.45313043695272,2.495906042550791
2012-05-17 09:35:00,64.958496,65.16826914932666,2.741289864033169
2012-05-17 09:40:00,64.953865,65.62581768000642,2.6328158093610066
2012-05-17 09:45:00,64.7872,65.91992800972615,2.577266523382948
2012-05-17 09:50:00,64.828865,65.78732323629373,2.6011702770713185
2012-05-17 09:55:00,64.797615,65.65513311172988,2.6268485861009876
2012-05-17 10:00:00,64.87285,65.03416137758602,2.73535001009064
2012-05-17 10:05:00,64.85201,64.91500217818839,2.7495555759268533
2012-05-17 10:10:00,64.75826,65.23448623871194,2.7153556185077563
2012-05-17 10:15:00,64.70039,64.5834216358847,2.800691785683068
2012-05-17 10:20:00,64.61574,65.25752031564848,2.713326001895501
2012-05-17 10:25:00,64.39699,65.68292544464363,2.6831027098845754
2012-05-17 10:30:00,64.322914,64.89741238511886,2.751819085237677
2012-05-17 10:35:00,64.65625,64.21383913001883,2.8835571487819194
2012-05-17 10:40:00,64.42824,65.10958387359976,2.727295420216746
2012-05-17 10:45:00,64.57407,64.75726898907592,2.7715479276864774
2012-05-17 10:50:00,64.40741,65.43702291154898,2.6990775055417733
2012-05-17 10:55:00,64.14931,65.03416137758602,2.73535001009064
2012-05-17 11:00:00,63.95486,65.00633658718355,2.5266658918590608
2012-05-17 11:05:00,63.975693,64.56450541739908,2.5371418578604303
2012-05-17 11:10:00,63.95486,64.60034698499777,2.534830344695192
2012-05-17 11:15:00,63.984955,64.13555131123017,2.590406317612093
2012-05-17 11:20:00,64.10532,64.65218924897364,2.5319994227047053
2012-05-17 11:25:00,64.06597,64.56450541739908,2.5371418578604303
2012-05-17 11:30:00,64.08218,64.36585539532602,2.555632405578909
2012-05-17 11:35:00,64.01968,65.14519938101999,2.5299038082097884
2012-05-17 11:40:00,63.936344,64.02803358056377,2.6119996707091064
2012-05-17 11:45:00,63.96759,64.99820776638028,2.526554693808165
2012-05-17 11:50:00,63.93634,64.52869749403457,2.539750576595266
2012-05-17 11:55:00,63.93105,63.855998031687385,2.6540609713360057
2012-05-17 12:00:00,64.0711,64.24845065076825,2.2288297450556995
2012-05-17 12:05:00,63.706516,64.5396866829504,2.2029459213786047
2012-05-17 12:10:00,63.648483,64.43684662824354,2.2090971495243372
2012-05-17 12:15:00,63.741074,64.15502814827762,2.2427725951126494
2012-05-17 12:20:00,63.47024,64.94937197371911,2.2077015813500993
2012-05-17 12:25:00,63.47024,64.34106876234242,2.217738911390033
2012-05-17 12:30:00,63.3244,64.33337795445918,2.2185566086901205
2012-05-17 12:35:00,63.12649,64.81261485204547,2.2013243523631982
2012-05-17 12:40:00,63.56399,63.65091829680884,2.365369929656736
2012-05-17 12:45:00,63.5119,64.98367758115403,2.209960328844709
2012-05-17 12:50:00,63.50496,64.33337795445918,2.2185566086901205
2012-05-17 12:55:00,63.716274,63.752063293286845,2.3344891509846857
2012-05-17 13:00:00,63.799606,64.65666142512008,1.968519395027453
2012-05-17 13:05:00,64.164185,63.135837732567815,2.3312328549134325
2012-05-17 13:10:00,64.322914,64.17846131288267,2.0129102918537494
2012-05-17 13:15:00,64.34606,64.40553463076927,1.98352831337784
2012-05-17 13:20:00,64.43981,63.97779787327307,2.051226461114417
2012-05-17 13:25:00,64.458336,64.27927608259826,1.9980120078501573
2012-05-17 13:30:00,64.395836,63.747807357000056,2.1089146184599135
2012-05-17 13:35:00,64.510414,64.0895120546094,2.0284854658069618
2012-05-17 13:40:00,64.427086,65.06743798768922,1.9812037460123892
2012-05-17 13:45:00,64.29282,64.75962328441553,1.9675545857915688
2012-05-17 13:50:00,64.41436,64.24736411111539,2.0024094338660654
2012-05-17 13:55:00,64.37501,64.41335768660122,1.9827845799894066
2012-05-17 14:00:00,64.26042,64.62007949152324,2.2610600313432863
2012-05-17 14:05:00,64.291664,64.12298048728412,2.296618485974883
2012-05-17 14:10:00,64.078705,64.3779582558631,2.27100690170948
2012-05-17 14:15:00,63.999996,64.12298048728412,2.296618485974883
2012-05-17 14:20:00,64.06249,63.93176385316669,2.3268075403788897
2012-05-17 14:25:00,64.02546,63.96999693540988,2.3199781316978334
2012-05-17 14:30:00,64.296295,63.134760241849214,2.5779161775239445
2012-05-17 14:35:00,64.24421,64.12298048728412,2.296618485974883
2012-05-17 14:40:00,64.108795,64.46717057110496,2.26576679740126
2012-05-17 14:45:00,64.03472,63.93601158607541,2.3260293617030796
2012-05-17 14:50:00,64.013885,64.31422354132266,2.2759089764038043
2012-05-17 14:55:00,64.023155,63.90203405442674,2.332401354175577
2012-05-17 15:00:00,64.054405,62.9830069964248,4.518610960160763
2012-05-17 15:05:00,64.0926,63.027634993871025,4.497608902996072
2012-05-17 15:10:00,64.29861,62.280175167167165,4.917060901333728
2012-05-17 15:15:00,64.48148,62.55990435391211,4.745606961579738
2012-05-17 15:20:00,64.51273,62.9384889546553,4.540158549385443
2012-05-17 15:25:00,64.73727,62.55990435391211,4.745606961579738
2012-05-17 15:30:00,64.87269,62.89407033619646,4.562239729043781
2012-05-17 15:35:00,65.01273,62.67293081243332,4.680421569372121
2012-05-17 15:40:00,65.02315,62.7170956082868,4.6557762481058065
2012-05-17 15:45:00,65.14352,62.36119264703447,4.866269114782647
2012-05-17 15:50:00,64.93519,63.027634993871025,4.497608902996072
2012-05-17 15:55:00,64.9132,62.67784015038081,4.677657965518636
2012-05-17 16:00:00,64.828705,59.7099317645581,15.45080204849274
2012-05-17 16:05:00,63.41551,59.88435970886663,15.256412160818586
2012-05-17 16:10:00,60.65393,59.81541406726803,15.334309421671813
2012-05-17 16:15:00,57.8206,60.21318776378423,14.865474140482979
2012-05-17 16:20:00,53.96643,59.601931247290054,15.566763191353223
2012-05-17 16:25:00,50.903934,60.575521850810865,14.396497933269131
2012-05-17 16:30:00,47.633102,60.48799186409838,14.513511689696244
2012-05-17 16:35:00,43.790512,60.062961388795,15.048107949481809
2012-05-17 16:40:00,40.780094,58.77298990840432,16.35080575456141
2012-05-17 16:45:00,37.780094,59.090583255310435,16.071906920644462
2012-05-17 16:50:00,35.134262,56.74705765502122,17.57563448399279
2012-05-17 16:55:00,31.646994,58.24166108897172,16.761496055568927
2012-05-17 17:00:00,28.106482,55.64326626095714,34.1590349935979
2012-05-17 17:05:00,25.846064,34.16920966237556,20.305864918612397
2012-05-17 17:10:00,24.559027,30.729915184245453,17.702962067320914
2012-05-17 17:15:00,23.194443,30.721944289596095,17.68939376896981
2012-05-17 17:20:00,22.502314,30.800770297457124,17.65261201710382
2012-05-17 17:25:00,21.283564,30.691761198588097,17.627248536814033
2012-05-17 17:30:00,20.05324,30.689216934966804,17.594507534611793
2012-05-17 17:35:00,19.703703,30.787201761756933,17.641910658468337
2012-05-17 17:40:00,18.662037,30.686776867598116,17.604074957947056
2012-05-17 17:45:00,17.782408,30.68719590742492,17.609617059309723
2012-05-17 17:50:00,16.42824,30.70297238307913,17.653776926460907
2012-05-17 17:55:00,16.011574,30.74557144258316,17.611754269233497
2012-05-17 18:00:00,15.324074,30.388903041625966,18.884439103268765
2012-05-17 18:05:00,14.895833,30.39427876127321,18.868251064284244
2012-05-17 18:10:00,14.631946,30.473963972857266,18.720486893175384
2012-05-17 18:15:00,14.656251,30.499746967672042,18.692187048559763
2012-05-17 18:20:00,15.739583,30.60505864234288,18.620772028833546
2012-05-17 18:25:00,15.797619,30.509993209418315,18.68247140071482
2012-05-17 18:30:00,15.830026,30.56860063464214,18.639413901434256
2012-05-17 18:35:00,15.225861,30.502298945138907,18.689696425833887
2012-05-17 18:40:00,15.06961,30.49721136729271,18.69471956340086
2012-05-17 18:45:00,15.016369,30.45065771584632,18.752020025834383
2012-05-17 18:50:00,15.133266,30.52036904377034,18.673389712301987
2012-05-17 18:55:00,15.438823,30.471801247905805,18.72315529037323
2012-05-17 19:00:00,15.703868,30.614946724305167,20.034490050999363
2012-05-17 19:05:00,15.517526,30.586437537787962,20.20858513730826
2012-05-17 19:10:00,16.096231,30.6134953345907,20.041714838769334
2012-05-17 19:15:00,16.999008,30.5905631397531,20.17789506863385
2012-05-17 19:20:00,17.406416,30.563316175721834,20.900431758810267
2012-05-17 19:25:00,19.796297,30.591475747022457,20.171450803361996
2012-05-17 19:30:00,24.180557,30.62543185791532,19.98565203319044
2012-05-17 19:35:00,29.199076,30.686698661071393,19.7762227871445
2012-05-17 19:40:00,33.65741,30.612058185821926,20.049010000545906
2012-05-17 19:45:00,37.761574,30.576927434259087,20.29202865313331
2012-05-17 19:50:00,42.104168,30.589508835074174,20.18547611739506
2012-05-17 19:55:00,46.192127,30.560291161509113,20.56864371406047
2012-05-17 20:00:00,50.488422,31.061198150121587,21.980055177723397
2012-05-17 20:05:00,54.784557,31.038246255309122,21.68982862090989
2012-05-17 20:10:00,58.842762,31.126287104425145,22.494751199345107
2012-05-17 20:15:00,62.363598,31.351517391756605,23.60083465136582
2012-05-17 20:20:00,65.67957,31.467552854552384,24.032027582539698
2012-05-17 20:25:00,67.623024,36.11354710090695,28.45622206670392
2012-05-17 20:30:00,67.87302,66.59891351450489,2.1348930850885446
2012-05-17 20:35:00,67.72949,67.06211415785273,1.8106384041833887
2012-05-17 20:40:00,67.68783,66.86681139589149,1.8858151177923528
2012-05-17 20:45:00,67.80358,66.77030489793808,1.9448966478329608
2012-05-17 20:50:00,67.70867,66.99956970451957,1.83020690248436
2012-05-17 20:55:00,67.463295,67.32401422761474,1.755429343298351
2012-05-17 21:00:00,67.464455,66.97306786830266,1.5733522069326475
2012-05-17 21:05:00,67.595406,66.51707346982677,1.5909361404464128
2012-05-17 21:10:00,67.42609,67.17784130417442,1.5826336987803151
2012-05-17 21:15:00,67.363594,67.0981992901256,1.578436506394475
2012-05-17 21:20:00,67.092766,66.975726830874,1.5734360875861677
2012-05-17 21:25:00,66.85995,66.87193300366415,1.5711663626959247
2012-05-17 21:30:00,66.63194,66.97306786830266,1.5733522069326475
2012-05-17 21:35:00,66.66319,66.68471809011871,1.5743923077516853
2012-05-17 21:40:00,66.57986,66.70558169858957,1.573408532839698
2012-05-17 21:45:00,66.52662,66.9308974019265,1.5721908207261865
2012-05-17 21:50:00,66.68287,66.72671199843701,1.5725975109828998
2012-05-17 21:55:00,66.6551,66.69395752667366,1.5739330891734375
2012-05-17 22:00:00,66.33218,66.36808976940038,1.790845203044111
2012-05-17 22:05:00,66.1551,66.11343139853135,1.77278895966609
2012-05-17 22:10:00,66.08102,66.1381724901574,1.7743293256224508
2012-05-17 22:15:00,65.79977,66.3393662566506,1.7886008596726894
2012-05-17 22:20:00,65.76389,65.66125401852877,1.758350183509955
2012-05-17 22:25:00,65.66204,65.64163150847442,1.7585382826675533
2012-05-17 22:30:00,65.62037,65.7637417433388,1.758720759618469
2012-05-17 22:35:00,65.25579,66.08571516567112,1.771130794387135
2012-05-17 22:40:00,65.14815,65.81594373953638,1.7596902416646565
2012-05-17 22:45:00,64.9294,66.16923205203508,1.7763381593545962
2012-05-17 22:50:00,64.79398,66.48393357280214,1.8002781681171915
2012-05-17 22:55:00,64.71296,65.94308702129243,1.7638937238015082
2012-05-17 23:00:00,64.61805,64.44028659542833,2.117711562130627
2012-05-17 23:05:00,64.78472,64.59731892974976,2.122528784523575
2012-05-17 23:10:00,64.645836,64.94157490761303,2.1408436790776117
2012-05-17 23:15:00,64.5625,64.53427410002189,2.1202790117916104
2012-05-17 23:20:00,64.61921,64.48892938618965,2.1189180669165704
2012-05-17 23:25:00,64.59144,64.26829197443648,2.1158010354266685
2012-05-17 23:30:00,64.62269,64.59731892974976,2.122528784523575
2012-05-17 23:35:00,64.8125,64.01282810007712,2.1211606746727365
2012-05-17 23:40:00,64.8368,64.46111016607377,2.118194582372784
2012-05-17 23:45:00,64.95139,64.53427410002189,2.1202790117916104
2012-05-17 23:50:00,64.5625,65.14305089701425,2.1551076476254547
2012-05-17 23:55:00,64.315475,64.69242603227478,2.1266405015666647
2012-05-18 00:00:00,64.54696,62.72488523127362,2.6824552067197494
2012-05-18 00:05:00,64.08515,63.76971724478357,2.7443112438378834
2012-05-18 00:10:00,63.895996,63.11826087873252,2.6992065641120493
2012-05-18 00:15:00,63.86243,62.86343052990144,2.686968889289135
2012-05-18 00:20:00,63.74785,63.27633764920256,2.7087678757081215
2012-05-18 00:25:00,64.07308,62.75469636658148,2.6832774136526374
2012-05-18 00:30:00,63.833496,63.31122613409408,2.711037185237449
2012-05-18 00:35:00,63.694607,63.1797745323643,2.7027765021777106
2012-05-18 00:40:00,63.753635,63.13745836331259,2.7002986072970434
2012-05-18 00:45:00,63.22238,63.52179854980346,2.7256731688226927
2012-05-18 00:50:00,63.05919,62.518674398158254,2.679341854140816
2012-05-18 00:55:00,62.858295,62.50619783147147,2.679313045894439
2012-05-18 01:00:00,62.38608,63.15168047312242,3.345352017944453
2012-05-18 01:05:00,62.50116,61.46877984156873,3.5744771000807085
2012-05-18 01:10:00,62.65328,61.780828576403785,3.5225106135223823
2012-05-18 01:15:00,62.270172,62.112268645129184,3.475521663836197
2012-05-18 01:20:00,62.34656,62.30821993660467,3.449921427824387
2012-05-18 01:25:00,62.25281,63.66064671700195,3.2810488671563802
2012-05-18 01:30:00,62.429897,61.81144231138418,3.5178961020906794
2012-05-18 01:35:00,61.800266,62.07180669541727,3.4809661257150064
2012-05-18 01:40:00,62.00165,62.926668613712565,3.3731169370377567
2012-05-18 01:45:00,62.01207,60.984952666264185,3.6875984796969252
2012-05-18 01:50:00,61.834988,61.18436194213134,3.6339541427190993
2012-05-18 01:55:00,61.88707,61.04903547179499,3.66891192612913
2012-05-18 02:00:00,62.146328,59.77496371057597,4.456523240657506
2012-05-18 02:05:00,61.909718,60.57321021526251,4.340185780807279
2012-05-18 02:10:00,61.890045,61.12520493693288,4.259071905684578
2012-05-18 02:15:00,61.754627,59.42342309217648,4.532194819711886
2012-05-18 02:20:00,61.319447,61.36011657516509,4.222195184512042
2012-05-18 02:25:00,61.142365,61.94960596935624,4.12280361930591
2012-05-18 02:30:00,60.998844,61.28886459943265,4.233544328164401
2012-05-18 02:35:00,61.160877,59.15080246817095,4.760493081442224
2012-05-18 02:40:00,60.570602,62.75549237239946,3.972390038926777
2012-05-18 02:45:00,60.841434,59.656789012971934,4.477674041533018
2012-05-18 02:50:00,61.101852,59.36130653475821,4.55256198288241
2012-05-18 02:55:00,60.664352,59.84980257629144,4.444256446067527
2012-05-18 03:00:00,59.275467,60.0481089317096,4.731071406330216
2012-05-18 03:05:00,59.26505,59.02126988208386,4.8701986812298275
2012-05-18 03:10:00,58.817135,60.258641190919015,4.696627187023973
2012-05-18 03:15:00,58.817135,58.696156079044414,4.960837731548922
2012-05-18 03:20:00,58.789352,58.939782226639885,4.881477035514673
2012-05-18 03:25:00,58.351852,60.258641190919015,4.696627187023973
2012-05-18 03:30:00,57.641205,59.84398682625684,4.762342001221774
2012-05-18 03:35:00,57.164352,58.715896774113645,4.939750836917173
2012-05-18 03:40:00,56.556713,59.20017596037198,4.847813279369278
2012-05-18 03:45:00,56.827545,59.92411429337603,4.750321990353074
2012-05-18 03:50:00,56.233795,59.39063024403135,4.824252821477842
2012-05-18 03:55:00,55.837963,58.73453778632388,5.075830519771419
2012-05-18 04:00:00,57.087967,56.267209598350284,9.206992832478884
2012-05-18 04:05:00,56.45404,59.44964051742341,4.358480085327344
2012-05-18 04:10:00,55.77695,59.26660351906701,4.4448483947098625
2012-05-18 04:15:00,56.0582,59.16454772510651,4.585778217309634
2012-05-18 04:20:00,55.863754,59.344714942975315,4.400012854023167
2012-05-18 04:25:00,55.592922,59.28080904040028,4.435201073735574
2012-05-18 04:30:00,56.05357,59.21067539426508,5.039867147584159
2012-05-18 04:35:00,56.353336,59.15223123554981,5.819450663017711
2012-05-18 04:40:00,56.877644,59.23046808362039,5.265758007114973
2012-05-18 04:45:00,56.13806,61.558677453183016,4.013604403811978
2012-05-18 04:50:00,56.61723,59.21067539426508,5.039867147584159
2012-05-18 04:55:00,57.936672,58.88383653800492,6.419320356690732
2012-05-18 05:00:00,58.00612,61.3167168416685,3.19288358777743
2012-05-18 05:05:00,58.836803,59.767117264732434,6.2465490849578655
2012-05-18 05:10:00,59.787033,58.91149451649671,7.963267970229034
2012-05-18 05:15:00,60.255783,60.98849735261132,3.2897591190702316
2012-05-18 05:20:00,60.792828,60.45226406274198,3.8864308600463553
2012-05-18 05:25:00,61.417828,60.33950708630351,4.3410445988380335
2012-05-18 05:30:00,61.445602,60.86132036728381,3.35024890062733
2012-05-18 05:35:00,61.88657,60.33950708630351,4.3410445988380335
2012-05-18 05:40:00,62.341434,60.839451212684395,3.362797280249605
2012-05-18 05:45:00,62.945602,60.507877162249294,3.740040584172515
2012-05-18 05:50:00,63.20602,60.90675123512886,3.3264095278809136
2012-05-18 05:55:00,63.122684,62.913301183158666,3.06694052105632
2012-05-18 06:00:00,63.29977,63.915076468772604,2.1242683012047587
2012-05-18 06:05:00,63.679398,63.81722836989537,2.141521829944299
2012-05-18 06:10:00,63.791668,63.73610369538886,2.159688752172071
2012-05-18 06:15:00,63.625004,64.9241299123256,2.0987071981249468
2012-05-18 06:20:00,63.81482,64.10582507272665,2.1019921986023475
2012-05-18 06:25:00,64.12731,64.0126828646826,2.1112340976541453
2012-05-18 06:30:00,64.71181,63.36473713280076,2.3106543768769794
2012-05-18 06:35:00,65.197914,63.48292002636571,2.2474548993795445
2012-05-18 06:40:00,65.31713,64.65588136248583,2.0889832133930524
2012-05-18 06:45:00,65.53588,64.50592708227369,2.0872319330973594
2012-05-18 06:50:00,65.83796,64.07948414436167,2.104322462346073
2012-05-18 06:55:00,65.98611,64.71918416101106,2.090586506528162
2012-05-18 07:00:00,66.163185,66.15753335250342,1.6315451761340631
2012-05-18 07:05:00,65.93055,66.71872965169383,1.630404913997036
2012-05-18 07:10:00,66.18865,65.77190070747709,1.6805267382251985
2012-05-18 07:15:00,66.54282,65.9937837198624,1.6454993447759696
2012-05-18 07:20:00,66.74074,66.39399360457303,1.6240024815031353
2012-05-18 07:25:00,66.82407,66.7070230899734,1.6299152331459075
2012-05-18 07:30:00,66.87616,66.84771939073256,1.6368604014307746
2012-05-18 07:35:00,66.84375,66.67192900884571,1.6285505648569432
2012-05-18 07:40:00,66.953705,66.68752112359057,1.6291378406889734
2012-05-18 07:45:00,66.86806,66.8829196262429,1.6389395646665612
2012-05-18 07:50:00,66.85764,66.74215924122815,1.6314348013878401
2012-05-18 07:55:00,66.74422,66.84380832268046,1.6366372339444257
2012-05-18 08:00:00,66.709496,67.03945182893587,1.6489188999386222
2012-05-18 08:05:00,66.81365,66.17821844478638,1.7854251881220626
2012-05-18 08:10:00,66.95139,66.88305883148698,1.6593089974878035
2012-05-18 08:15:00,66.94097,67.48205134224303,1.6403842047661417
2012-05-18 08:20:00,66.97222,67.37184342276501,1.6401551851411746
2012-05-18 08:25:00,66.95718,67.29815804027287,1.6407831737601164
2012-05-18 08:30:00,66.85764,67.3350190667365,1.6403861035588998
2012-05-18 08:35:00,66.733795,66.85010727096905,1.6621257156184004
2012-05-18 08:40:00,66.55671,67.37184342276501,1.6401551851411746
2012-05-18 08:45:00,66.57523,66.88305883148698,1.6593089974878035
2012-05-18 08:50:00,66.56945,67.00243059183327,1.6509607696978943
2012-05-18 08:55:00,66.798615,66.74291442671041,1.6729839471712011
2012-05-18 09:00:00,66.6875,66.49833107988442,1.990179539643164
2012-05-18 09:05:00,66.927086,66.07171281516297,2.1145219463206835
2012-05-18 09:10:00,66.78125,67.01457713943812,1.9010413663247892
2012-05-18 09:15:00,66.76157,67.09625335390358,1.8916745400603954
2012-05-18 09:20:00,66.44907,67.13691232190705,1.887405764671007
2012-05-18 09:25:00,66.421295,66.87272874617298,1.920047658791864
2012-05-18 09:30:00,66.3125,66.57433171379006,1.9733115696737444
2012-05-18 09:35:00,66.41782,65.88673432346292,2.1859809052980648
2012-05-18 09:40:00,66.48032,66.29549987165511,2.042686855782539
2012-05-18 09:45:00,66.5081,66.53640786774871,1.9815472049868266
2012-05-18 09:50:00,66.35764,66.57433171379006,1.9733115696737444
2012-05-18 09:55:00,66.07639,67.21788396558469,1.8796343767701178
2012-05-18 10:00:00,66.15046,65.3753233023186,2.6655516418032748
2012-05-18 10:05:00,65.921295,66.56029729148548,2.2267629758929552
2012-05-18 10:10:00,65.87963,65.84189851575849,2.4516384040762684
2012-05-18 10:15:00,65.69444,66.51941574936842,2.236619238242223
2012-05-18 10:20:00,65.95486,65.15777174773517,2.7858819958060264
2012-05-18 10:25:00,65.72685,66.22772563869934,2.3166237585303295
2012-05-18 10:30:00,65.82639,65.48168364462738,2.6115942858724135
2012-05-18 10:35:00,65.85648,65.74647142215079,2.490679504226769
2012-05-18 10:40:00,65.759254,65.99094549938725,2.395256349130604
2012-05-18 10:45:00,65.55903,66.09946874465932,2.3576010190870234
2012-05-18 10:50:00,65.71528,65.26736063110543,2.7235750918309165
2012-05-18 10:55:00,65.73611,65.42870192698486,2.6380778239575364
2012-05-18 11:00:00,65.62037,65.25117481726868,2.719573808871324
2012-05-18 11:05:00,65.65162,64.96599640868298,2.841899808897143
2012-05-18 11:10:00,65.68287,65.13443404196917,2.767869595256103
2012-05-18 11:15:00,65.591606,65.1529647313533,2.760039923318132
2012-05-18 11:20:00,65.43535,65.98369955787923,2.469210729735868
2012-05-18 11:25:00,65.52447,64.5617005889747,3.0412619895118755
2012-05-18 11:30:00,65.50827,65.49215238631568,2.627450918766216
2012-05-18 11:35:00,65.35202,65.40854444690524,2.6582781232972836
2012-05-18 11:40:00,65.203865,65.00368492309687,2.824883191639971
2012-05-18 11:45:00,64.99554,64.5617005889747,3.0412619895118755
2012-05-18 11:50:00,64.81382,65.56909712074868,2.600121238575431
2012-05-18 11:55:00,64.76174,65.02247318075179,2.8164985530154936
2012-05-18 12:00:00,64.74785,63.95194598788353,3.256864062471175
2012-05-18 12:05:00,64.57076,64.53104809562886,2.987312176831932
2012-05-18 12:10:00,64.41336,64.71866034639324,2.9093325335913445
2012-05-18 12:15:00,64.541664,63.98935756040681,3.2380426204459636
2012-05-18 12:20:00,64.489586,64.59390843093851,2.96070394146615
2012-05-18 12:25:00,64.202545,64.43969067860584,3.026868695376025
2012-05-18 12:30:00,64.03356,64.84209638363232,2.8603368863148675
2012-05-18 12:35:00,63.741898,63.88629773527251,3.2903942355791753
2012-05-18 12:40:00,63.640045,63.451529503426855,3.529580115647109
2012-05-18 12:45:00,63.577545,62.55926516167418,4.133385888033096
2012-05-18 12:50:00,63.373844,63.92279472756206,3.271674067445834
2012-05-18 12:55:00,63.228012,64.08254559166043,3.192041532526492
2012-05-18 13:00:00,63.10648,63.22745793212456,3.3503385295792394
2012-05-18 13:05:00,62.960648,62.782412925796734,3.556442232955533
2012-05-18 13:10:00,62.868057,63.10754659198852,3.402466146504271
2012-05-18 13:15:00,62.556713,64.20271124022575,2.9822397003218875
2012-05-18 13:20:00,62.212963,63.65950454123783,3.177522562044965
2012-05-18 13:25:00,62.129627,62.031203546172605,4.02333724463197
2012-05-18 13:30:00,61.86111,63.16740577408665,3.3761737411948634
2012-05-18 13:35:00,62.027775,61.540400114487504,4.480071697585337
2012-05-18 13:40:00,62.010418,62.19040027986919,3.9066713678061866
2012-05-18 13:45:00,62.041668,61.642477173443474,4.369893016548921
2012-05-18 13:50:00,62.152775,62.031203546172605,4.02333724463197
2012-05-18 13:55:00,62.215275,62.523091516731874,3.6963638411037176
2012-05-18 14:00:00,62.096066,61.19365957000887,6.025460331649526
2012-05-18 14:05:00,62.085648,60.8821349260808,6.591322172327022
2012-05-18 14:10:00,61.928238,61.23553003083783,5.965246023385535
2012-05-18 14:15:00,61.990738,61.04240164433089,6.269855608986544
2012-05-18 14:20:00,62.129627,60.708553507715926,7.0156643779042644
2012-05-18 14:25:00,62.265045,60.708553507715926,7.0156643779042644
2012-05-18 14:30:00,62.51505,60.708553507715926,7.0156643779042644
2012-05-18 14:35:00,62.410877,61.19365957000887,6.025460331649526
2012-05-18 14:40:00,62.372684,60.975172987938066,6.395693648733221
2012-05-18 14:45:00,61.79977,60.823593565494086,6.727382985928234
2012-05-18 14:50:00,60.855328,61.356022863275975,5.805052948254971
2012-05-18 14:55:00,59.73727,61.52583520212183,5.603296056200127
2012-05-18 15:00:00,57.959488,57.91413960188071,17.81772311382101
2012-05-18 15:05:00,55.188656,58.105511577272075,17.618507296008996
2012-05-18 15:10:00,53.085648,57.52809945071015,18.158410829896596
2012-05-18 15:15:00,51.473385,59.31122732210971,15.455167165363124
2012-05-18 15:20:00,49.855328,59.00130069400799,16.221436316308335
2012-05-18 15:25:00,48.37732,58.971141159897634,16.286321328402213
2012-05-18 15:30:00,45.26273,59.839118240036335,13.737174397831737
2012-05-18 15:35:00,42.179398,58.105511577272075,17.618507296008996
2012-05-18 15:40:00,39.72801,58.147974973225566,17.570940401277067
2012-05-18 15:45:00,37.34259,44.84293908310976,22.07173814869853
2012-05-18 15:50:00,34.712963,40.776248112692635,21.840781458432318
2012-05-18 15:55:00,32.216434,38.904248744516984,21.299254071044274
2012-05-18 16:00:00,30.40162,31.37892800798871,19.82744438323755
2012-05-18 16:05:00,30.328705,30.805451533653095,17.929791731527413
2012-05-18 16:10:00,29.635414,31.00409255129487,18.7856839599916
2012-05-18 16:15:00,28.6331,32.0226930432468,21.298769760216416
2012-05-18 16:20:00,28.185183,31.90392474297394,21.04433924447836
2012-05-18 16:25:00,27.870369,32.309352361840595,21.890621208095677
2012-05-18 16:30:00,30.012733,30.8032586653666,17.83942533598093
2012-05-18 16:35:00,31.423615,30.812440989795615,17.768830238702563
2012-05-18 16:40:00,30.798615,30.85908863148352,18.25657954289788
2012-05-18 16:45:00,30.039354,30.804937198164737,17.81394555463471
2012-05-18 16:50:00,30.096067,30.859557633294774,17.705103430853843
2012-05-18 16:55:00,30.111109,30.86057277537307,17.704783128250465
2012-05-18 17:00:00,29.479164,30.425244510921175,18.770488989619555
2012-05-18 17:05:00,27.989584,30.36617781519899,19.586697280161555
2012-05-18 17:10:00,26.7581,30.366540959313976,19.594605989348086
2012-05-18 17:15:00,25.456018,30.43833858578095,20.351021889310665
2012-05-18 17:20:00,23.484955,30.80661157735373,22.280744082633962
2012-05-18 17:25:00,21.559027,31.23877467295244,23.934008696154475
2012-05-18 17:30:00,18.262732,36.529133735727555,36.93342007368861
2012-05-18 17:35:00,16.112268,31.3181427861459,24.20873042335273
2012-05-18 17:40:00,15.4872675,30.362267963560996,19.24956733801053
2012-05-18 17:45:00,15.423611,30.44788049408852,18.704024834660956
2012-05-18 17:50:00,14.788196,30.388745679176136,18.9366540053234
2012-05-18 17:55:00,14.408565,30.39526328531827,18.89820523209035
2012-05-18 18:00:00,14.960648,30.410224348157428,19.62151247610291
2012-05-18 18:05:00,15.708565,30.427137132602798,19.561613515779946
2012-05-18 18:10:00,16.018751,30.381593401554614,19.744261714067644
2012-05-18 18:15:00,16.212038,30.34141352269893,19.997479019907825
2012-05-18 18:20:00,16.433102,30.36299092890364,19.844983531944
2012-05-18 18:25:00,16.724768,30.324235381965607,20.17357673920377
2012-05-18 18:30:00,16.993288,30.381593401554614,19.744261714067644
2012-05-18 18:35:00,17.069675,30.345367283919455,19.96548056434855
2012-05-18 18:40:00,16.93426,30.330548155838972,20.099764256271374
2012-05-18 18:45:00,18.034952,30.34141352269893,19.997479019907825
2012-05-18 18:50:00,18.48287,30.372083772723926,19.793128332442482
2012-05-18 18:55:00,18.84398,30.34270992345451,19.986693283669158
2012-05-18 19:00:00,19.720137,30.46458393663232,21.73806495876359
2012-05-18 19:05:00,20.149305,30.467293988596293,21.9275057321197
2012-05-18 19:10:00,20.982637,30.464391921214652,21.61283257456947
2012-05-18 19:15:00,24.737268,30.466781789249797,21.90248332247909
2012-05-18 19:20:00,29.034723,30.46430742493692,21.665527159144606
2012-05-18 19:25:00,32.909725,30.487505688109746,22.45254708873475
2012-05-18 19:30:00,37.270836,30.464864245913223,21.544785775847007
2012-05-18 19:35:00,41.569447,30.464326887562688,21.63608495333591
2012-05-18 19:40:00,46.006947,30.465484676446934,21.495329107622595
2012-05-18 19:45:00,49.302082,30.704295129584224,24.669760627903532
2012-05-18 19:50:00,53.40509,30.46833191618768,21.972470568725768
2012-05-18 19:55:00,57.346058,30.47676136928811,22.227185547353894
2012-05-18 20:00:00,60.71991,31.235254785877135,26.683756346836258
2012-05-18 20:05:00,64.35185,31.014235546184924,25.206515874392313
2012-05-18 20:10:00,67.81945,31.14751584480965,26.138589448429155
2012-05-18 20:15:00,67.89683,65.35388855775417,4.040428500762286
2012-05-18 20:20:00,67.68387,66.82136195177121,1.8360866477686415
2012-05-18 20:25:00,67.704704,66.69567403532697,1.9183151364918165
2012-05-18 20:30:00,67.602844,66.78988337973537,1.8555283942358523
2012-05-18 20:35:00,67.415344,66.76630025500538,1.8705829652011838
2012-05-18 20:40:00,67.138725,66.94378661484886,1.767085319992961
2012-05-18 20:45:00,67.02414,66.94378661484886,1.767085319992961
2012-05-18 20:50:00,66.98711,66.72704402015195,1.8966119352668842
2012-05-18 20:55:00,66.95586,66.58998019894491,1.997772396521838
2012-05-18 21:00:00,66.767204,66.74987697339931,1.6179135945805738
2012-05-18 21:05:00,66.64567,66.48308015446331,1.6999392610851158
2012-05-18 21:10:00,66.55308,66.68027277892294,1.6367865636108265
2012-05-18 21:15:00,66.611115,65.88271202769128,2.067339586790905
2012-05-18 21:20:00,66.666664,66.15499075032581,1.8526952693490797
2012-05-18 21:25:00,66.333336,66.71675021958082,1.6267025054678612
2012-05-18 21:30:00,66.30556,66.42917310170621,1.7202347893319774
2012-05-18 21:35:00,66.30556,66.17825197034601,1.8390610992070255
2012-05-18 21:40:00,66.19444,66.0873255199418,1.895711417967043
2012-05-18 21:45:00,66.125,66.5242539326533,1.6854021333978402
2012-05-18 21:50:00,65.93403,66.56603989349595,1.6714291622573334
2012-05-18 21:55:00,65.78357,66.46272835964668,1.7074263492734367
2012-05-18 22:00:00,65.55556,65.77743868489925,1.8260994354734983
2012-05-18 22:05:00,65.50347,65.71821207522446,1.8417758833185818
2012-05-18 22:10:00,65.49305,66.01077907212414,1.7729145247543776
2012-05-18 22:15:00,65.445595,65.53882763467018,1.8962306636147879
2012-05-18 22:20:00,65.3993,65.89217012209977,1.7983883946247057
2012-05-18 22:25:00,65.42477,65.34818720998324,1.9693868021285752
2012-05-18 22:30:00,65.13079,65.95101768527022,1.7853797580218937
2012-05-18 22:35:00,64.89468,65.74941247412124,1.8333920605816179
2012-05-18 22:40:00,65.015045,65.34248890324758,1.9718898115103307
2012-05-18 22:45:00,65.00116,65.92147525880625,1.791815360051787
2012-05-18 22:50:00,65.11806,65.59707639574317,1.877268792514229
2012-05-18 22:55:00,64.97685,65.6135371785062,1.872147859703057
2012-05-18 23:00:00,65.1956,64.48394729518175,2.2092356872240857
2012-05-18 23:05:00,65.3507,64.96944512069851,2.1009953620729886
2012-05-18 23:10:00,65.27777,65.44661349125529,2.0321126643417333
2012-05-18 23:15:00,65.231476,64.78011334991417,2.137013665741367
2012-05-18 23:20:00,65.325226,65.18446508016858,2.066747445302432
2012-05-18 23:25:00,65.36227,64.78011334991417,2.137013665741367
2012-05-18 23:30:00,65.24768,64.4546937819034,2.2177804178129787
2012-05-18 23:35:00,65.49421,64.43543094473353,2.2235787078548026
2012-05-18 23:40:00,65.49422,65.08766480337313,2.0814103976785683
2012-05-18 23:45:00,65.37963,65.33295967828226,2.04630766814323
2012-05-18 23:50:00,65.34259,65.41697452304705,2.0357047797134364
2012-05-18 23:55:00,65.31134,64.5742157397237,2.184673927673446
2012-05-19 00:00:00,64.96759,64.41485897896285,2.5338704901216604
2012-05-19 00:05:00,64.78124,64.80004383525328,2.499408217449898
2012-05-19 00:10:00,64.271996,64.41485897896285,2.5338704901216604
2012-05-19 00:15:00,64.43866,63.75927811239483,2.6078134112159432
2012-05-19 00:20:00,64.26157,64.80491520290848,2.498996461273443
2012-05-19 00:25:00,64.15047,64.0794268616411,2.568360132110912
2012-05-19 00:30:00,64.37963,63.14861597737121,2.717765512872774
2012-05-19 00:35:00,64.37963,64.45764134613964,2.5298223678016476
2012-05-19 00:40:00,64.18519,64.30162388687877,2.544924134151042
2012-05-19 00:45:00,63.976852,64.12060986677714,2.5638147189344216
2012-05-19 00:50:00,63.819443,64.52929549507881,2.5231835504436844
2012-05-19 00:55:00,63.840275,63.56885627138984,2.635874675488374
2012-05-19 01:00:00,64.24885,63.28555401839234,2.6245619204191057
2012-05-19 01:05:00,64.06481,64.57066934372138,2.4209879727006833
2012-05-19 01:10:00,64.44907,62.49933738476054,2.808719421600388
2012-05-19 01:15:00,64.09491,65.05120210802777,2.35958294336555
2012-05-19 01:20:00,64.05787,64.62448535826631,2.413832876558659
2012-05-19 01:25:00,64.17939,64.04847163694203,2.4949946368612275
2012-05-19 01:30:00,64.15856,64.46283319441004,2.435564945367242
2012-05-19 01:35:00,64.10648,65.10391941877874,2.3531554557078347
2012-05-19 01:40:00,64.13079,63.90466684184323,2.5171169669188704
2012-05-19 01:45:00,64.27662,63.60126959091529,2.5669677829837716
2012-05-19 01:50:00,64.18403,64.38482386028113,2.446320493767922
2012-05-19 01:55:00,64.15278,64.03047326224016,2.497716407936761
2012-05-19 02:00:00,64.06019,64.83681277026815,2.767104737798236
2012-05-19 02:05:00,63.921295,62.90163981789788,3.106388148286032
2012-05-19 02:10:00,63.84259,63.77078034621332,2.94216967701128
2012-05-19 02:15:00,63.93634,62.480044282799646,3.198032386855758
2012-05-19 02:20:00,64.12963,63.797239971377145,2.9375402125866064
2012-05-19 02:25:00,64.26736,64.0677352009935,2.891168993588174
2012-05-19 02:30:00,64.16319,63.71122438500091,2.952655389159854
2012-05-19 02:35:00,64.21412,64.24476889161032,2.8616749566709
2012-05-19 02:40:00,64.00579,63.35394578177255,3.0176677538773915
2012-05-19 02:45:00,63.57639,63.71122438500091,2.952655389159854
2012-05-19 02:50:00,63.42361,63.21549934275128,3.043967531843054
2012-05-19 02:55:00,63.57986,63.1760430522796,3.0515914666188224
2012-05-19 03:00:00,63.153934,63.77054792952942,3.256586378864624
2012-05-19 03:05:00,63.21643,61.48189840603391,3.765981712821676
2012-05-19 03:10:00,63.207172,62.695296466107465,3.473162829195191
2012-05-19 03:15:00,62.76968,62.35603213626174,3.547741534342746
2012-05-19 03:20:00,61.96759,64.3768231189831,3.1431741576014143
2012-05-19 03:25:00,61.328705,64.32872545233802,3.1520005473941968
2012-05-19 03:30:00,61.047455,62.47975232857876,3.520076717230158
2012-05-19 03:35:00,61.194443,63.99545277416616,3.213943246600555
2012-05-19 03:40:00,61.128468,61.53634793868999,3.7507754386989944
2012-05-19 03:45:00,61.20254,60.789633886947634,3.9963285939261675
2012-05-19 03:50:00,61.51504,61.70348669759798,3.7057718548532113
2012-05-19 03:55:00,61.077545,63.494556866789544,3.3099781467369884
2012-05-19 04:00:00,61.322918,61.23945280316718,3.840026768198298
2012-05-19 04:05:00,61.260418,61.697536548638475,3.724679380428229
2012-05-19 04:10:00,61.160877,62.454137054276664,3.57092312374167
2012-05-19 04:15:00,61.317127,60.47130935092358,4.196457553043002
2012-05-19 04:20:00,61.629627,60.4098041009332,4.256005414717541
2012-05-19 04:25:00,62.276623,60.7945533196488,3.9969549878558777
2012-05-19 04:30:00,62.745373,60.97553600039848,3.924318154327109
2012-05-19 04:35:00,62.307873,64.64773706948843,3.1916285451016075
2012-05-19 04:40:00,61.72801,61.16279073852602,3.8626174473571773
2012-05-19 04:45:00,62.033566,61.08903310919457,3.8856818753092006
2012-05-19 04:50:00,62.04977,63.339970637404406,3.4125330116721835
2012-05-19 04:55:00,62.570602,61.013921419966124,3.9107688142349537
2012-05-19 05:00:00,62.59375,63.07898051215161,3.067284662409406
2012-05-19 05:05:00,63.010418,62.22966966627303,3.1821572778183604
2012-05-19 05:10:00,63.304398,62.623974238751565,3.1172460238151913
2012-05-19 05:15:00,63.23148,61.84990486477188,3.2964810234456805
2012-05-19 05:20:00,63.41898,62.22966966627303,3.1821572778183604
2012-05-19 05:25:00,62.910877,64.48745629386734,2.9497104357636537
2012-05-19 05:30:00,62.890045,63.84132546667291,3.00245057653067
2012-05-19 05:35:00,62.702545,62.754738273531025,3.101137422605822
2012-05-19 05:40:00,63.640045,60.64981588538789,4.8126736272153865
2012-05-19 05:45:00,63.460648,63.18684255476578,3.057289877194707
2012-05-19 05:50:00,63.57176,63.87078640822577,3.00007757511557
2012-05-19 05:55:00,63.46759,64.16230717031574,2.976534310199185
2012-05-19 06:00:00,63.39352,64.33208839232441,2.3597981003199515
2012-05-19 06:05:00,63.476852,65.0586529708105,2.3591325141209682
2012-05-19 06:10:00,63.412037,64.98219729418727,2.3582341626316166
2012-05-19 06:15:00,63.922455,63.13101795867212,2.684132434097877
2012-05-19 06:20:00,63.724537,64.17532508578472,2.365571142351819
2012-05-19 06:25:00,64.06597,63.5478633892511,2.4560062801298783
2012-05-19 06:30:00,64.06481,64.76175770548741,2.356380199183803
2012-05-19 06:35:00,64.48727,63.46264896732708,2.4852095050687955
2012-05-19 06:40:00,64.43518,64.59785685180441,2.3561933609432706
2012-05-19 06:45:00,64.87268,63.74222182817021,2.4099915149688207
2012-05-19 06:50:00,64.96528,65.33068965670564,2.3627467029584834
2012-05-19 06:55:00,65.017365,64.67921715462475,2.3561193080257055
2012-05-19 07:00:00,65.239586,65.08342324154088,1.9725081059021827
2012-05-19 07:05:00,65.15625,66.32169431112564,1.936998382006604
2012-05-19 07:10:00,65.166664,65.69020571276451,1.9276939711369734
2012-05-19 07:15:00,65.458336,65.61451983342717,1.929205988710829
2012-05-19 07:20:00,65.895836,64.58075263047981,2.1183996223220203
2012-05-19 07:25:00,65.885414,65.65225077399175,1.9283507605851318
2012-05-19 07:30:00,65.94097,65.7241289211391,1.9272678701746038
2012-05-19 07:35:00,65.81019,65.8268685030073,1.9268188353559532
2012-05-19 07:40:00,66.0706,65.39323606816885,1.9390642536930842
2012-05-19 07:45:00,66.08102,66.28122148414975,1.9356313698953287
2012-05-19 07:50:00,66.05903,66.61149684378137,1.9483331215357742
2012-05-19 07:55:00,66.20486,65.84412838083513,1.9268562920099699
2012-05-19 08:00:00,66.37153,66.37021365810621,1.8317228585697567
2012-05-19 08:05:00,66.38194,66.52160482006938,1.8207209714773518
2012-05-19 08:10:00,66.603004,66.22385610673881,1.845662089053012
2012-05-19 08:15:00,66.545135,67.28526859000142,1.802237470060124
2012-05-19 08:20:00,66.61805,66.5642146492886,1.818180475772942
2012-05-19 08:25:00,66.42593,66.096760354139,1.860804264085788
2012-05-19 08:30:00,66.333336,66.44588155824964,1.8258220930562705
2012-05-19 08:35:00,66.60417,65.8021765723125,1.908995461108529
2012-05-19 08:40:00,66.802086,66.90485356045657,1.8051656606765072
2012-05-19 08:45:00,66.947914,66.8623427058099,1.8061656494985305
2012-05-19 08:50:00,66.927086,67.07449885560553,1.8026326414685823
2012-05-19 08:55:00,67.010414,66.94733023683362,1.8043196372453911
2012-05-19 09:00:00,66.98264,67.19657844276803,1.8688336578698415
2012-05-19 09:05:00,67.11806,66.65714610617081,1.9333710425458068
2012-05-19 09:10:00,67.07407,67.27829447254413,1.8619091834591739
2012-05-19 09:15:00,67.09028,67.19657844276803,1.8688336578698415
2012-05-19 09:20:00,67.1007,66.98976140152178,1.8894560380716658
2012-05-19 09:25:00,67.572914,65.19047604983363,2.3724294631194813
2012-05-19 09:30:00,67.8507,66.08651509145773,2.047991852816698
2012-05-19 09:35:00,67.95139,67.03660254205919,1.8843741195179444
2012-05-19 09:40:00,67.72222,67.89035987475327,1.8277786061473396
2012-05-19 09:45:00,67.604164,67.62860354953678,1.8389580600312623
2012-05-19 09:50:00,67.66816,67.1297535171854,1.874994431899479
2012-05-19 09:55:00,67.684364,67.44993869210055,1.849384709341037
2012-05-19 10:00:00,67.83251,66.99663532799241,1.9374011782547313
2012-05-19 10:05:00,67.85335,67.20388668841345,1.9092188659439726
2012-05-19 10:10:00,67.811676,67.00767229824787,1.9357805289670675
2012-05-19 10:15:00,67.869545,67.20388668841345,1.9092188659439726
2012-05-19 10:20:00,67.994545,66.95789452636689,1.9432012780834025
2012-05-19 10:25:00,67.83714,67.34273460342853,1.892836949834827
2012-05-19 10:30:00,67.84756,67.30026605625798,1.8976466957312903
2012-05-19 10:35:00,67.871864,67.42699228598589,1.8837947948805889
2012-05-19 10:40:00,67.94478,66.80682185722024,1.9675376524170893
2012-05-19 10:45:00,67.935524,67.04069568653561,1.9310143662981298
2012-05-19 10:50:00,67.77778,67.35482709477704,1.8914985827924262
2012-05-19 10:55:00,67.703705,67.46878364652046,1.8795486269924766
2012-05-19 11:00:00,67.52662,67.65084950880416,1.852283631847172
2012-05-19 11:05:00,67.43287,67.27059845781517,1.8988812077104151
2012-05-19 11:10:00,67.3426,66.76272494691645,1.9863567877057864
2012-05-19 11:15:00,67.17014,67.44230578256212,1.8760786499815056
2012-05-19 11:20:00,66.96991,67.51081102106112,1.8678130864310065
2012-05-19 11:25:00,66.99306,66.5363485898123,2.036556684951807
2012-05-19 11:30:00,66.90857,67.31933972619935,1.8920945515350522
2012-05-19 11:35:00,66.741905,67.51081102106112,1.8678130864310065
2012-05-19 11:40:00,66.74537,67.12220884217297,1.921169556042684
2012-05-19 11:45:00,66.64352,66.95909693688095,1.9486806896164148
2012-05-19 11:50:00,66.678246,66.5484511388287,2.0336778110270197
2012-05-19 11:55:00,66.7257,67.09436687362977,1.925635664952889
2012-05-19 12:00:00,66.79861,66.83508814660759,1.895906808192146
2012-05-19 12:05:00,66.8368,66.83508814660759,1.895906808192146
2012-05-19 12:10:00,66.855316,66.29651996839574,2.030049685347346
2012-05-19 12:15:00,66.7199,66.6185303578496,1.9440135756915844
2012-05-19 12:20:00,66.72222,66.55065762501951,1.9606493589090543
2012-05-19 12:25:00,66.80555,66.67345338340681,1.9311088238206857
2012-05-19 12:30:00,66.75,66.93457340536888,1.876202687134996
2012-05-19 12:35:00,66.739586,66.72784519202132,1.9188080289728837
2012-05-19 12:40:00,66.62153,67.16222373373915,1.8363034439152282
2012-05-19 12:45:00,66.74653,66.45042115637331,1.986652584015132
2012-05-19 12:50:00,66.73727,66.7458584752132,1.914837341795037
2012-05-19 12:55:00,66.634254,67.34377828673549,1.809203762414425
2012-05-19 13:00:00,66.53009,67.20158149466786,1.638955882416826
2012-05-19 13:05:00,66.37732,67.03162847641755,1.6616960099166542
2012-05-19 13:10:00,66.44213,66.40279424198904,1.7807615750963806
2012-05-19 13:15:00,66.65047,65.8444775806908,1.945226755920818
2012-05-19 13:20:00,66.7338,66.56680169508422,1.7436912438169527
2012-05-19 13:25:00,66.70139,67.10012751417143,1.6521188701028244
2012-05-19 13:30:00,66.70602,66.65303254967223,1.7260228214426114
2012-05-19 13:35:00,66.74768,66.67742521282717,1.7212422175646893
2012-05-19 13:40:00,66.74768,66.56680169508422,1.7436912438169527
2012-05-19 13:45:00,66.70602,67.10012751417143,1.6521188701028244
2012-05-19 13:50:00,66.88194,66.70170934810854,1.7165755041664574
2012-05-19 13:55:00,66.72454,66.84530169351608,1.69080671321157
2012-05-19 14:00:00,66.859955,66.56585612595933,1.4721142734497326
2012-05-19 14:05:00,66.95718,66.09468179911026,1.5583595989153665
2012-05-19 14:10:00,66.996864,66.64114851016619,1.4613220842825483
2012-05-19 14:15:00,66.994545,66.89892232525304,1.4295585672412867
2012-05-19 14:20:00,67.07788,66.89892232525304,1.4295585672412867
2012-05-19 14:25:00,67.058205,66.83830965620214,1.4363526628273384
2012-05-19 14:30:00,67.05357,66.56585612595933,1.4721142734497326
2012-05-19 14:35:00,66.959816,66.7894862056939,1.4421159957977991
2012-05-19 14:40:00,67.14269,66.45137304491784,1.4899829591227782
2012-05-19 14:45:00,67.20519,66.7894862056939,1.4421159957977991
2012-05-19 14:50:00,67.16816,67.49324665401336,1.3806231176289678
2012-05-19 14:55:00,67.399635,65.8427606863452,1.6199154932688566
2012-05-19 15:00:00,67.305885,67.09092513374394,1.2004644739962165
2012-05-19 15:05:00,67.38922,66.40619616656424,1.258336806822088
2012-05-19 15:10:00,67.40857,66.63725355218389,1.2344145547386443
2012-05-19 15:15:00,67.43767,66.67501635686445,1.2309701446754748
2012-05-19 15:20:00,67.37517,67.14663381447343,1.197298036808808
2012-05-19 15:25:00,66.94114,66.50825354779681,1.2471447882704612
2012-05-19 15:30:00,67.03951,66.29557712878545,1.271670411421424
2012-05-19 15:35:00,67.18883,66.00296767606646,1.3136328338988779
2012-05-19 15:40:00,67.15179,67.23242049989922,1.1927944564102684
2012-05-19 15:45:00,67.17262,66.9211160677196,1.2113791501306155
2012-05-19 15:50:00,67.13029,67.13429234392451,1.1979830114619696
2012-05-19 15:55:00,67.13839,66.93383631775511,1.2104923026552008
2012-05-19 16:00:00,67.05506,66.6858350846273,1.2136667874603535
2012-05-19 16:05:00,67.009926,66.98008539097563,1.1687387028781808
2012-05-19 16:10:00,66.92311,66.85265669693315,1.1865777644173365
2012-05-19 16:15:00,66.76091,66.93868814861293,1.174282117078027
2012-05-19 16:20:00,66.750496,66.90750780571464,1.1786150360602747
2012-05-19 16:25:00,67.22619,63.37527757616715,4.0658836868085615
2012-05-19 16:30:00,67.11161,66.96199933061759,1.1711317454574701
2012-05-19 16:35:00,67.04563,66.98008539097563,1.1687387028781808
2012-05-19 16:40:00,67.0248,67.12341169771658,1.1512781538078949
2012-05-19 16:45:00,66.95072,67.12341169771658,1.1512781538078949
2012-05-19 16:50:00,66.859955,67.00070909884896,1.1660636524885193
2012-05-19 16:55:00,66.76852,67.06994314741208,1.1574894238574427
2012-05-19 17:00:00,66.84144,66.3868240004676,1.252857335951802
2012-05-19 17:05:00,66.8206,66.86551665657957,1.139216873865343
2012-05-19 17:10:00,66.83449,66.53209226783322,1.2124876445747408
2012-05-19 17:15:00,67.01157,66.21923263537879,1.3071020400476672
2012-05-19 17:20:00,67.01157,66.96787861603799,1.121271717280829
2012-05-19 17:25:00,67.01157,66.96787861603799,1.121271717280829
2012-05-19 17:30:00,67.111115,66.49607483938962,1.2219657356444626
2012-05-19 17:35:00,67.15857,66.76181859972947,1.1594228621662055
2012-05-19 17:40:00,66.929405,67.1190672895547,1.0980249978068708
2012-05-19 17:45:00,66.87847,66.85979164807075,1.140277260614824
2012-05-19 17:50:00,66.90046,66.65669555825168,1.182195054045304
2012-05-19 17:55:00,66.991905,66.72111328931526,1.1679548797442107
2012-05-19 18:00:00,67.00232,66.8210456544338,1.0682758180298888
2012-05-19 18:05:00,66.95023,66.8210456544338,1.0682758180298888
2012-05-19 18:10:00,67.02315,66.68094738438752,1.0910434261045947
2012-05-19 18:15:00,66.93981,67.14506395789203,1.0275546719807604
2012-05-19 18:20:00,66.90856,67.00682499164822,1.0431351640371271
2012-05-19 18:25:00,66.78356,67.00682499164822,1.0431351640371271
2012-05-19 18:30:00,66.56944,67.03250396822223,1.0400550551657788
2012-05-19 18:35:00,66.43056,67.03250396822223,1.0400550551657788
2012-05-19 18:40:00,66.62847,66.1191475657864,1.2308536804415395
2012-05-19 18:45:00,66.642365,66.68094738438752,1.0910434261045947
2012-05-19 18:50:00,66.641205,66.82622179316098,1.0675018523005106
2012-05-19 18:55:00,66.672455,67.19088541704973,1.0229033417707318
2012-05-19 19:00:00,66.62616,66.87832496312923,1.0315764040482986
2012-05-19 19:05:00,66.69907,66.61437841013493,1.0601273862576541
2012-05-19 19:10:00,66.704865,67.01089656702565,1.020125378297014
2012-05-19 19:15:00,66.75695,66.79003976312016,1.0401949872914589
2012-05-19 19:20:00,66.82986,66.87832496312923,1.0315764040482986
2012-05-19 19:25:00,66.99769,66.48405948649692,1.0777775995061316
2012-05-19 19:30:00,67.164345,66.14731941990264,1.139216280492606
2012-05-19 19:35:00,67.33912,66.45055463557047,1.0827787303617231
2012-05-19 19:40:00,67.30787,67.01089656702565,1.020125378297014
2012-05-19 19:45:00,67.32374,66.76065938675066,1.0432573765694515
2012-05-19 19:50:00,67.47999,66.834160527008,1.0357813770341517
2012-05-19 19:55:00,67.469574,67.31860388466829,0.9992421366057291
2012-05-19 20:00:00,67.46958,66.66809439687076,1.073984820309127
2012-05-19 20:05:00,67.39666,66.90564918429085,1.056625634136622
2012-05-19 20:10:00,67.33879,67.01710027898997,1.0498070322565363
2012-05-19 20:15:00,67.4623,66.9928967533949,1.0512231385446307
2012-05-19 20:20:00,67.44146,67.16667966630693,1.0417940303943403
2012-05-19 20:25:00,67.47851,67.17148583713264,1.0415563178587781
2012-05-19 20:30:00,67.57226,66.81831946273137,1.0625305532592673
2012-05-19 20:35:00,67.53059,67.16667966630693,1.0417940303943403
2012-05-19 20:40:00,67.45916,66.86198703819139,1.0595134531554182
2012-05-19 20:45:00,67.61922,66.81208029674602,1.0629725788624629
2012-05-19 20:50:00,67.62963,67.46640253073316,1.0291229932101889
2012-05-19 20:55:00,67.53588,67.25300198930233,1.0377086516836098
2012-05-19 21:00:00,67.6298,66.56319989290259,1.1659820637371954
2012-05-19 21:05:00,67.65526,66.49580687226164,1.1713447440185403
2012-05-19 21:10:00,67.73859,66.66913686376358,1.1581634656179267
2012-05-19 21:15:00,67.63013,67.38823504793557,1.1208844748155673
2012-05-19 21:20:00,67.59887,66.97129398050569,1.1394693168790988
2012-05-19 21:25:00,67.54332,67.21266979166506,1.1278068130843824
2012-05-19 21:30:00,67.532906,67.09956897241419,1.1329445902641229
2012-05-19 21:35:00,67.594246,66.88528350455216,1.1442914049284891
2012-05-19 21:40:00,67.60318,66.45870042683403,1.1744347028773214
2012-05-19 21:45:00,67.44461,67.36182233630376,1.1218481195574557
2012-05-19 21:50:00,67.26058,67.39417005105595,1.1206715726775671
2012-05-19 21:55:00,67.26058,66.75573365131845,1.1522873621588179
2012-05-19 22:00:00,67.20255,66.72124291158964,1.3003441401985665
2012-05-19 22:05:00,67.37848,66.36197067238835,1.3232524146977138
2012-05-19 22:10:00,67.385414,66.78364789266098,1.2969382474431812
2012-05-19 22:15:00,67.31829,66.71568336506849,1.300654963672474
2012-05-19 22:20:00,67.28704,66.60827168494448,1.3069195779310698
2012-05-19 22:25:00,67.26273,66.7545592776662,1.2985062497347633
2012-05-19 22:30:00,67.18055,66.8271654634931,1.2946545634593025
2012-05-19 22:35:00,67.171295,66.90895999648231,1.29055895648602
2012-05-19 22:40:00,67.233795,66.25293884734351,1.3314502521674552
2012-05-19 22:45:00,67.0868,66.47558446237029,1.315360742725896
2012-05-19 22:50:00,66.979164,66.40153744886364,1.3204314910378445
2012-05-19 22:55:00,66.895836,66.51990670597094,1.3124514287797058
2012-05-19 23:00:00,66.791664,66.16324011480059,1.5501879514347998
2012-05-19 23:05:00,66.59028,66.80985494130219,1.5127300513351056
2012-05-19 23:10:00,66.583336,66.51359740332808,1.5283272394168568
2012-05-19 23:15:00,66.6875,66.11693247569089,1.5533888042409492
2012-05-19 23:20:00,66.552086,66.16324011480059,1.5501879514347998
2012-05-19 23:25:00,66.604164,66.34715813074526,1.5382143719827628
2012-05-19 23:30:00,66.46759,66.16837706125848,1.5498374535762711
2012-05-19 23:35:00,66.375,66.57354101494953,1.5249714273204662
2012-05-19 23:40:00,66.322914,66.20942471807325,1.5470719064270728
2012-05-19 23:45:00,66.12616,65.50242596771082,1.6043390287299413
2012-05-19 23:50:00,66.11343,65.60186004807353,1.5948862227559708
2012-05-19 23:55:00,65.98843,65.83696043817335,1.5745081118584512
2012-05-20 00:00:00,66.11343,65.32493991938803,1.9205996215288892
2012-05-20 00:05:00,66.21297,65.57230883969306,1.8980248447593588
2012-05-20 00:10:00,66.05522,66.15187349632112,1.8517223531581777
2012-05-20 00:15:00,66.01356,66.2458571217404,1.844946540869581
2012-05-20 00:20:00,66.066795,65.1755658093694,1.9352228624346086
2012-05-20 00:25:00,65.95221,66.2458571217404,1.844946540869581
2012-05-20 00:30:00,66.05176,65.1755658093694,1.9352228624346086
2012-05-20 00:35:00,66.102684,65.82207778954138,1.877044549539794
2012-05-20 00:40:00,65.83995,65.62145846719477,1.893761001780846
2012-05-20 00:45:00,66.17329,64.1847644741177,2.0592008121599634
2012-05-20 00:50:00,66.33184,65.16448122095177,1.9363404354816083
2012-05-20 00:55:00,66.45684,64.87596851744858,1.9671958474691564
2012-05-20 01:00:00,66.56101,65.72976958171337,2.0907185764650786
2012-05-20 01:05:00,66.41981,65.86748281971231,2.0777504449687187
2012-05-20 01:10:00,66.34838,65.16428172903763,2.1474187682036323
2012-05-20 01:15:00,66.16386,65.89122057737755,2.0755453680381617
2012-05-20 01:20:00,66.13608,65.17877203961598,2.1458901213588253
2012-05-20 01:25:00,66.22983,65.51018879620996,2.1120464100966463
2012-05-20 01:30:00,66.22983,65.42975283460487,2.1200701000852655
2012-05-20 01:35:00,65.97983,65.89122057737755,2.0755453680381617
2012-05-20 01:40:00,66.1384,63.9256525886748,2.2978155116313546
2012-05-20 01:45:00,66.03886,65.56552771671848,2.1065929141179183
2012-05-20 01:50:00,65.965935,65.72976958171337,2.0907185764650786
2012-05-20 01:55:00,65.83052,65.2293690070632,2.1405856212743335
2012-05-20 02:00:00,65.604836,65.9060966989094,2.4013668125693113
2012-05-20 02:05:00,65.50066,64.69523802567497,2.5587347065906174
2012-05-20 02:10:00,65.69858,64.32641336063436,2.612580716127399
2012-05-20 02:15:00,65.92477,64.46779953137177,2.5915375827349965
2012-05-20 02:20:00,66.03472,64.60036355493146,2.572267921778647
2012-05-20 02:25:00,65.84722,65.63121217990079,2.4349373498577394
2012-05-20 02:30:00,65.80093,65.0290311955773,2.5126897535915704
2012-05-20 02:35:00,65.68634,64.07687871884553,2.6510708177715716
2012-05-20 02:40:00,65.78009,64.38839152869606,2.6032918219548384
2012-05-20 02:45:00,65.576385,64.60036355493146,2.572267921778647
2012-05-20 02:50:00,65.4074,64.93641854303232,2.5252323626639783
2012-05-20 02:55:00,65.58449,64.01415542296947,2.6610380704912773
2012-05-20 03:00:00,65.64352,64.28398588969152,2.9242723833551563
2012-05-20 03:05:00,65.47685,63.66975571539499,3.0364798354476785
2012-05-20 03:10:00,64.93634,65.14618648623649,2.782495313492999
2012-05-20 03:15:00,64.43635,65.44614533500021,2.7364354223352994
2012-05-20 03:20:00,64.31713,64.89978207848095,2.8214771431242416
2012-05-20 03:25:00,64.55672,64.1971699695849,2.939477811921687
2012-05-20 03:30:00,64.41782,64.39911559867305,2.9044004935738066
2012-05-20 03:35:00,64.271996,62.937964413155875,3.187835825241877
2012-05-20 03:40:00,64.19907,64.58452099238868,2.873061022941813
2012-05-20 03:45:00,64.6169,62.930606242611816,3.189482048894501
2012-05-20 03:50:00,64.87963,63.521946930073476,3.065287592291769
2012-05-20 03:55:00,64.328705,64.71153116580551,2.852033376577843
2012-05-20 04:00:00,64.24746,64.47679380114613,2.958168533932959
2012-05-20 04:05:00,64.46621,62.502204703678416,3.3117358354582396
2012-05-20 04:10:00,64.423386,61.76877101060371,3.496014533021034
2012-05-20 04:15:00,64.90486,62.26462100509886,3.3658018527715456
2012-05-20 04:20:00,64.83657,63.99798699495389,3.0343528612036157
2012-05-20 04:25:00,63.84699,65.46722682994003,2.809945092325733
2012-05-20 04:30:00,63.713886,63.36582564541797,3.1421256828096262
2012-05-20 04:35:00,63.441895,61.979686218670345,3.4371706487615548
2012-05-20 04:40:00,62.796062,63.9620484109127,3.040233274032227
2012-05-20 04:45:00,61.952312,65.34745000369492,2.8273628666388473
2012-05-20 04:50:00,61.764812,64.98060009795704,2.881494718657313
2012-05-20 04:55:00,61.982407,61.36856822782303,3.6281107860179076
2012-05-20 05:00:00,62.11574,64.45699928716968,2.748699472576369
2012-05-20 05:05:00,62.230328,64.33620979617743,2.7600963382310932
2012-05-20 05:10:00,62.699078,62.52355475911899,3.06230989955481
2012-05-20 05:15:00,62.32176,65.5170000625196,2.6549783997588485
2012-05-20 05:20:00,62.121525,64.11916318695877,2.7814697280545366
2012-05-20 05:25:00,62.95486,61.467541795313245,3.743554033153623
2012-05-20 05:30:00,63.162037,63.302142984500875,2.8827572081609834
2012-05-20 05:35:00,63.840282,61.88779868800703,3.383187911311872
2012-05-20 05:40:00,64.423615,61.76174608653299,3.4784946837628534
2012-05-20 05:45:00,65.053246,61.85887556466857,3.4040264497845913
2012-05-20 05:50:00,64.94907,64.33620979617743,2.7600963382310932
2012-05-20 05:55:00,65.16782,63.25460217591789,2.89039996768683
2012-05-20 06:00:00,64.73264,66.05543615596021,2.266985659174449
2012-05-20 06:05:00,64.75579,65.87130681031529,2.2702125239579516
2012-05-20 06:10:00,64.766205,65.6893120637541,2.274259771053177
2012-05-20 06:15:00,65.02662,64.75393399694546,2.3329944895633843
2012-05-20 06:20:00,65.3831,64.44188511933008,2.384795721814483
2012-05-20 06:25:00,65.415504,65.87130681031529,2.2702125239579516
2012-05-20 06:30:00,65.33482,65.37311281086181,2.2848068824457015
2012-05-20 06:35:00,65.36607,65.77999950361989,2.272109269580096
2012-05-20 06:40:00,65.52232,65.20519316230633,2.2932366470668204
2012-05-20 06:45:00,65.64269,65.52987731898129,2.2788787179460885
2012-05-20 06:50:00,65.95519,64.95442043346763,2.3114903352230463
2012-05-20 06:55:00,65.898476,65.37796582846512,2.284598148751178
2012-05-20 07:00:00,66.46908,65.21251775537065,2.305206102578336
2012-05-20 07:05:00,66.16352,66.87127910690809,2.005672257037425
2012-05-20 07:10:00,66.29894,66.64518623362899,2.0169994013955628
2012-05-20 07:15:00,66.50843,66.73165698881455,2.0120814094775703
2012-05-20 07:20:00,66.62302,66.77495510073993,2.0099021590953865
2012-05-20 07:25:00,66.70519,66.90983780244065,2.004200529472404
2012-05-20 07:30:00,67.06366,65.97105327175537,2.091178336495948
2012-05-20 07:35:00,67.15741,66.81828537346765,2.007897300960579
2012-05-20 07:40:00,67.115746,66.77495510073993,2.0099021590953865
2012-05-20 07:45:00,67.15278,66.94840806874157,2.002845844679739
2012-05-20 07:50:00,67.21528,67.16530799621967,1.9971512910266442
2012-05-20 07:55:00,67.53241,66.07182876019577,2.0749857730443075
2012-05-20 08:00:00,67.490746,67.96054649423955,1.9810819414238212
2012-05-20 08:05:00,67.98148,65.79641429999582,2.4204006820343342
2012-05-20 08:10:00,67.928246,67.63630950325911,2.0088869280111843
2012-05-20 08:15:00,67.572914,68.05614308476954,1.9744079889826738
2012-05-20 08:20:00,67.490746,67.68328504272144,2.004317015957818
2012-05-20 08:25:00,67.41782,67.68328504272144,2.004317015957818
2012-05-20 08:30:00,67.40856,67.89453662544831,1.9860691873573693
2012-05-20 08:35:00,67.45023,67.63630950325911,2.0088869280111843
2012-05-20 08:40:00,67.57523,66.9589392480761,2.1003662534630068
2012-05-20 08:45:00,67.58449,67.52061754394073,2.021007471055834
2012-05-20 08:50:00,67.44907,67.8690217461047,1.9880836358790372
2012-05-20 08:55:00,67.37616,67.82291810854197,1.9918519532849635
2012-05-20 09:00:00,67.236115,67.77011416537142,2.0963373193338746
2012-05-20 09:05:00,67.017365,68.11724223045881,2.04814022566956
2012-05-20 09:10:00,67.12847,67.34674034410081,2.1699364254300773
2012-05-20 09:15:00,67.44097,66.22663050997612,2.4649598000315422
2012-05-20 09:20:00,67.51505,67.25104293954281,2.1891035144916935
2012-05-20 09:25:00,67.64005,67.29901730333317,2.1793712299586425
2012-05-20 09:30:00,67.6331,67.85432606922213,2.0837103104068007
2012-05-20 09:35:00,67.640045,67.82075760873828,2.088668251144305
2012-05-20 09:40:00,67.61921,67.51174018342982,2.1391536496826857
2012-05-20 09:45:00,67.739586,67.53505189946996,2.1350267942176457
2012-05-20 09:50:00,67.96412,67.19073149616179,2.2016974873916406
2012-05-20 09:55:00,68.02662,67.45905206661753,2.1486799300358035
2012-05-20 10:00:00,68.28125,66.88899389394464,2.3333041559604557
2012-05-20 10:05:00,68.47619,66.85681715954658,2.3419152701242893
2012-05-20 10:10:00,68.564156,67.7634858655452,2.1413387225348504
2012-05-20 10:15:00,68.564156,67.73485491894242,2.1464459410186407
2012-05-20 10:20:00,68.67527,67.48344496712157,2.194505409293789
2012-05-20 10:25:00,68.70651,67.78630131429684,2.137320728715555
2012-05-20 10:30:00,68.68568,67.68300384338141,2.155880730712887
2012-05-20 10:35:00,68.58499,67.71761717391767,2.149555718526834
2012-05-20 10:40:00,68.61971,67.25355584341496,2.243785534294656
2012-05-20 10:45:00,68.536385,67.98803733446567,2.1037348230732404
2012-05-20 10:50:00,68.36971,68.1619660983964,2.0774433819945313
2012-05-20 10:55:00,67.755135,67.63074313295151,2.1656371951849676
2012-05-20 11:00:00,66.07804,68.10574990596503,2.0542647075391773
2012-05-20 11:05:00,65.61111,67.79815144255097,2.1037970085360684
2012-05-20 11:10:00,65.34325,68.10574990596503,2.0542647075391773
2012-05-20 11:15:00,65.312,67.66018127415695,2.128522427704705
2012-05-20 11:20:00,65.23792,67.95555192756986,2.0775207726337417
2012-05-20 11:25:00,65.196266,67.86240742020648,2.0928277495270335
2012-05-20 11:30:00,65.196266,67.50397266728605,2.1585262014716133
2012-05-20 11:35:00,65.32126,67.12391202960833,2.2410783453541323
2012-05-20 11:40:00,65.47404,67.36177982114714,2.1877800930251037
2012-05-20 11:45:00,65.4833,67.50397266728605,2.1585262014716133
2012-05-20 11:50:00,65.592094,67.26521986031015,2.208743002423477
2012-05-20 11:55:00,66.25876,63.82945703286985,3.7511187938332036
2012-05-20 12:00:00,67.810844,56.85807637384128,11.516845800137402
2012-05-20 12:05:00,68.23677,65.10893840273656,2.841749366656861
2012-05-20 12:10:00,68.42593,66.77187125362035,2.253514607197769
2012-05-20 12:15:00,68.55093,67.5342231951056,2.0850010963728614
2012-05-20 12:20:00,68.6574,67.6263829114062,2.068156023173927
2012-05-20 12:25:00,68.69097,67.6889116106932,2.0571190158326567
2012-05-20 12:30:00,68.76389,67.5342231951056,2.0850010963728614
2012-05-20 12:35:00,68.739586,67.78979479628535,2.0399605602398867
2012-05-20 12:40:00,68.729164,68.12941871371822,1.987700547022934
2012-05-20 12:45:00,68.83102,67.58048606424228,2.076458064313428
2012-05-20 12:50:00,68.758095,67.839578887586,2.031780004751108
2012-05-20 12:55:00,68.78935,67.839578887586,2.031780004751108
2012-05-20 13:00:00,68.854164,67.62511336076695,1.9061619134436818
2012-05-20 13:05:00,68.98148,67.71630899471326,1.8924990611469577
2012-05-20 13:10:00,69.02894,67.8506344007395,1.873316210622017
2012-05-20 13:15:00,68.978004,68.21586336050335,1.8263130199901463
2012-05-20 13:20:00,68.92593,68.21586336050335,1.8263130199901463
2012-05-20 13:25:00,68.9132,67.93857921247805,1.8613343758717775
2012-05-20 13:30:00,68.94445,67.97665950124149,1.8562818960229663
2012-05-20 13:35:00,69.06481,67.76140983235064,1.885936024904656
2012-05-20 13:40:00,69.107635,68.16878582026754,1.8319795961186955
2012-05-20 13:45:00,69.12152,68.15301115440018,1.833902724576155
2012-05-20 13:50:00,69.100685,67.57322086778893,1.9141774668086466
2012-05-20 13:55:00,69.016205,68.07349199817655,1.8437915037514054
2012-05-20 14:00:00,69.03472,67.99845233141833,1.5742424959699362
2012-05-20 14:05:00,68.94444,68.37590230706549,1.5413964890447438
2012-05-20 14:10:00,68.915504,68.13575077220553,1.5616440653573038
2012-05-20 14:15:00,68.93519,68.04268387799613,1.5700990409025815
2012-05-20 14:20:00,68.92477,68.03717197930577,1.5706108248881596
2012-05-20 14:25:00,68.87269,67.93716876548244,1.5801213956980675
2012-05-20 14:30:00,68.71643,68.18450393771307,1.5573540027209791
2012-05-20 14:35:00,68.614586,68.3863661385944,1.5405627855150776
2012-05-20 14:40:00,68.353004,68.4280346413038,1.5372850686880224
2012-05-20 14:45:00,68.103004,68.2809278381815,1.5491418575511193
2012-05-20 14:50:00,68.05093,67.5231476259536,1.6243604336066717
2012-05-20 14:55:00,67.875,67.72719115402168,1.6015306994064122
2012-05-20 15:00:00,67.791664,68.03823067494294,1.2429602050552797
2012-05-20 15:05:00,67.68055,67.90059712690258,1.249042008590795
2012-05-20 15:10:00,67.6574,67.9467763008147,1.246932167984511
2012-05-20 15:15:00,67.4699,68.08913612204178,1.2408656957170852
2012-05-20 15:20:00,67.39699,67.93526000406239,1.2474516732328276
2012-05-20 15:25:00,67.35532,67.61749985451705,1.2636248333959716
2012-05-20 15:30:00,67.32407,67.34347160203642,1.2807541395530413
2012-05-20 15:35:00,67.27778,67.85412607294116,1.2512385335367817
2012-05-20 15:40:00,67.36343,67.0623508542375,1.3019734749796668
2012-05-20 15:45:00,67.395836,66.9482431111207,1.3118072855880023
2012-05-20 15:50:00,67.4375,67.17556100241514,1.2929403467081884
2012-05-20 15:55:00,67.56713,66.71776046633403,1.3341708735833109
2012-05-20 16:00:00,67.52546,67.5874937962651,1.1754935097718904
2012-05-20 16:05:00,67.601845,67.29725234579588,1.2049342173144344
2012-05-20 16:10:00,67.513885,67.79983549371558,1.158046430262732
2012-05-20 16:15:00,67.58681,67.0938534875378,1.2302625625210375
2012-05-20 16:20:00,67.44907,67.53365272655634,1.1804315799398675
2012-05-20 16:25:00,67.55324,67.37049406349267,1.1968211431401599
2012-05-20 16:30:00,67.59953,67.14958869202867,1.2228847735908543
2012-05-20 16:35:00,67.50579,67.5874937962651,1.1754935097718904
2012-05-20 16:40:00,67.385414,67.49158524001867,1.1844467552386633
2012-05-20 16:45:00,67.51968,67.10005346125389,1.2294247127993725
2012-05-20 16:50:00,67.57986,67.37049406349267,1.1968211431401599
2012-05-20 16:55:00,67.59838,67.39481305942232,1.194234787140347
2012-05-20 17:00:00,67.65047,67.33630265064097,1.0158075829023983
2012-05-20 17:05:00,67.583336,67.6559695738077,0.9967988501899425
2012-05-20 17:10:00,67.57755,67.3121435686639,1.0174949050342124
2012-05-20 17:15:00,67.61921,67.44422457198145,1.0087231945391355
2012-05-20 17:20:00,67.739586,66.76715782695337,1.0675167237047294
2012-05-20 17:25:00,67.75001,67.86183270904213,0.9874256229171495
2012-05-20 17:30:00,67.740746,67.36039892411384,1.0141624050692226
2012-05-20 17:35:00,67.88658,67.0611712885738,1.0374557784746197
2012-05-20 17:40:00,68.12963,66.81758629137767,1.061767305324949
2012-05-20 17:45:00,68.11921,67.75966261665818,0.9918229005898732
2012-05-20 17:50:00,68.06944,67.64435602326378,0.9973898568530563
2012-05-20 17:55:00,68.078705,67.45613569895292,1.0079847570023792
2012-05-20 18:00:00,67.984955,67.56404032347812,0.9248324759337584
2012-05-20 18:05:00,68.17014,67.28184616439813,0.9343090464858418
2012-05-20 18:10:00,68.27431,67.25247103937734,0.9354747494789638
2012-05-20 18:15:00,68.21644,67.61468889951915,0.9234391254901239
2012-05-20 18:20:00,68.27547,67.37514767818773,0.9308394551671503
2012-05-20 18:25:00,68.27546,67.86208750329537,0.9178480486251859
2012-05-20 18:30:00,68.34953,67.28184616439813,0.9343090464858418
2012-05-20 18:35:00,68.33912,67.76431676538873,0.9198244100343042
2012-05-20 18:40:00,68.16203,68.00570290123373,0.915466569397107
2012-05-20 18:45:00,67.95486,67.66495596655899,0.9221424206310124
2012-05-20 18:50:00,67.9757,67.35773785506929,0.9314604271534775
2012-05-20 18:55:00,68.01273,67.46734400558617,0.927743414237816
2012-05-20 19:00:00,67.87731,67.06613864910351,0.9331792647947803
2012-05-20 19:05:00,67.56134,68.1151041008073,0.9149411007527841
2012-05-20 19:10:00,67.35186,67.72699014900705,0.9185027316001285
2012-05-20 19:15:00,67.22222,67.2991592084232,0.9266439538936101
2012-05-20 19:20:00,67.11689,67.62956884830517,0.9199489589717801
2012-05-20 19:25:00,67.043976,67.822777508872,0.9173021012042807
2012-05-20 19:30:00,67.053246,67.61317455295729,0.9202152127359872
2012-05-20 19:35:00,66.896996,67.67848213544576,0.9191941220960077
2012-05-20 19:40:00,66.979164,67.11915768989117,0.9315502415343668
2012-05-20 19:45:00,66.946754,66.58210988097447,0.9524806934440315
2012-05-20 19:50:00,66.93634,67.42992817561354,0.9236519163707363
2012-05-20 19:55:00,66.917816,67.61317455295729,0.9202152127359872
2012-05-20 20:00:00,67.210655,66.30745386980682,0.9979620387660918
2012-05-20 20:05:00,67.29398,66.52510604557212,0.9870441139159581
2012-05-20 20:10:00,67.451385,66.62702965092116,0.9825423878072211
2012-05-20 20:15:00,67.607635,66.57914550945544,0.984611478540799
2012-05-20 20:20:00,67.49653,67.04992841797862,0.967457443574919
2012-05-20 20:25:00,67.51736,67.41046178192627,0.9585494353621756
2012-05-20 20:30:00,67.37615,67.58430296404103,0.9553951474815553
2012-05-20 20:35:00,67.42593,66.8463321742796,0.9740387334460398
2012-05-20 20:40:00,67.375,67.4543446923525,0.9576862412074858
2012-05-20 20:45:00,67.625,66.36205757182567,0.9950458787819493
2012-05-20 20:50:00,67.645836,67.31072920540822,0.9606843904695496
2012-05-20 20:55:00,67.646996,67.4543446923525,0.9576862412074858
2012-05-20 21:00:00,67.572914,67.55729987620464,1.0502317313758145
2012-05-20 21:05:00,67.572914,66.7729782497983,1.072578385996644
2012-05-20 21:10:00,67.51736,67.22045140041136,1.057959558300656
2012-05-20 21:15:00,67.39236,67.17183046801824,1.059297294884524
2012-05-20 21:20:00,67.608795,66.31893293241991,1.0933679712185682
2012-05-20 21:25:00,67.53588,67.31679599661351,1.0554777694114037
2012-05-20 21:30:00,67.66782,66.72200563290562,1.0745911434060118
2012-05-20 21:35:00,67.80556,66.9133449320021,1.0674179345611943
2012-05-20 21:40:00,67.93056,67.02424579216229,1.0637215784339362
2012-05-20 21:45:00,67.85185,67.41190385568876,1.0532439064859471
2012-05-20 21:50:00,67.87963,67.22045140041136,1.057959558300656
2012-05-20 21:55:00,67.97636,67.26877549809285,1.056686885037389
2012-05-20 22:00:00,67.90493,67.01011904105985,1.2047375142521515
2012-05-20 22:05:00,67.97091,66.56079605093949,1.2212730248942438
2012-05-20 22:10:00,67.953545,66.74659140921781,1.2138678518122525
2012-05-20 22:15:00,68.07044,66.35429723549201,1.2305140932242105
2012-05-20 22:20:00,67.945435,67.15455388674786,1.2003785017037985
2012-05-20 22:25:00,67.99752,66.76330087449487,1.2132425037019907
2012-05-20 22:30:00,68.01604,67.13864823384885,1.2008368302229409
2012-05-20 22:35:00,67.73479,67.34261216096428,1.1953568401515102
2012-05-20 22:40:00,67.5577,67.3887930259887,1.1942340380072665
2012-05-20 22:45:00,67.636406,66.83535590605511,1.2106177564861
2012-05-20 22:50:00,67.56696,67.13864823384885,1.2008368302229409
2012-05-20 22:55:00,67.32093,67.49307327049964,1.1918558965008323
2012-05-20 23:00:00,67.3368,66.40157569173654,1.4341362153917103
2012-05-20 23:05:00,67.322914,66.61391857593249,1.4243017891591603
2012-05-20 23:10:00,67.33102,66.39424599566668,1.4344918014214578
2012-05-20 23:15:00,67.328705,66.65827858770784,1.4223594057563886
2012-05-20 23:20:00,67.422455,66.29102907510028,1.4396202849007071
2012-05-20 23:25:00,67.40162,66.74624947817817,1.418618657931251
2012-05-20 23:30:00,67.179405,66.96168976806075,1.4100656720441556
2012-05-20 23:35:00,67.43982,65.70570208681825,1.473264348488396
2012-05-20 23:40:00,67.37616,66.29102907510028,1.4396202849007071
2012-05-20 23:45:00,67.13657,66.94043936957134,1.4108718208273514
2012-05-20 23:50:00,67.09491,66.54692486547482,1.4273077041869182
2012-05-20 23:55:00,67.265045,66.06376120512759,1.4517244286063409
2012-05-21 00:00:00,66.91435,66.16210172920484,1.723833543061174
2012-05-21 00:05:00,66.90972,66.23095646424586,1.7193999732284297
2012-05-21 00:10:00,66.71263,66.11589641722364,1.7268557980906747
2012-05-21 00:15:00,66.40013,66.33320470381926,1.712966106813792
2012-05-21 00:20:00,66.21494,66.4341794171561,1.7067838749425561
2012-05-21 00:25:00,65.70453,66.33320470381926,1.712966106813792
2012-05-21 00:30:00,65.74157,65.54448565139698,1.7675708843207278
2012-05-21 00:35:00,65.46032,66.6808276417692,1.6923739515357534
2012-05-21 00:40:00,65.33201,65.64171333457485,1.7601780088887085
2012-05-21 00:45:00,65.37252,65.42814583289015,1.7766919133460186
2012-05-21 00:50:00,65.33085,66.02279190318274,1.7330607858063705
2012-05-21 00:55:00,65.2533,66.58317904964044,1.697963886158173
2012-05-21 01:00:00,65.23098,62.40507253589548,2.8817714677018045
2012-05-21 01:05:00,64.92311,64.51518295525342,2.5822622174608374
2012-05-21 01:10:00,65.2128,63.247352748345016,2.7493628187932706
2012-05-21 01:15:00,64.99404,62.826638416264025,2.8125266049205813
2012-05-21 01:20:00,64.6422,63.702011761476534,2.686097951620228
2012-05-21 01:25:00,64.694275,61.71741489320262,3.013770422404144
2012-05-21 01:30:00,64.26836,63.97544804306336,2.6500238264116263
2012-05-21 01:35:00,64.15377,63.4413419017413,2.7218138577075623
2012-05-21 01:40:00,64.05407,63.10658602165913,2.769937217392157
2012-05-21 01:45:00,64.04481,63.86626198560986,2.66427123986011
2012-05-21 01:50:00,63.04481,64.05712508083349,2.6394942788521134
2012-05-21 01:55:00,62.489254,64.51518295525342,2.5822622174608374
2012-05-21 02:00:00,62.565975,61.46577728651408,3.427385605975033
2012-05-21 02:05:00,62.38889,61.92505520388985,3.3319360383749177
2012-05-21 02:10:00,62.003967,64.32299646823186,2.9202051247643794
2012-05-21 02:15:00,62.014385,60.74845220206592,3.597747102017431
2012-05-21 02:20:00,62.051422,60.83188673200258,3.5761572943225204
2012-05-21 02:25:00,62.238922,61.163676801636846,3.4953182101142786
2012-05-21 02:30:00,61.7204,60.6788605796744,3.6162061268092605
2012-05-21 02:35:00,61.82457,61.99041208267272,3.318985722894983
2012-05-21 02:40:00,61.57457,61.730373272988906,3.371391512959074
2012-05-21 02:45:00,60.82457,63.116620659270275,3.113867359451271
2012-05-21 02:50:00,60.991238,58.918936493522715,4.712172247310788
2012-05-21 02:55:00,60.557373,60.48202463342121,3.670929986807334
2012-05-21 03:00:00,59.37219,61.57296984521212,3.4156590327590504
2012-05-21 03:05:00,58.632603,60.53772206417448,3.6368491192965338
2012-05-21 03:10:00,57.97933,61.54049289202351,3.4218298422051006
2012-05-21 03:15:00,58.163853,60.48299721769425,3.6505143154155686
2012-05-21 03:20:00,57.80969,60.706076081970586,3.5964408809430513
2012-05-21 03:25:00,57.619873,61.94759820833075,3.3468832162920292
2012-05-21 03:30:00,58.557373,58.918360387932466,4.630029285850479
2012-05-21 03:35:00,58.296955,62.277365293220235,3.2894482214247316
2012-05-21 03:40:00,58.38029,60.02579039553935,3.7784214458958236
2012-05-21 03:45:00,59.083996,59.11950750049423,4.244948062108555
2012-05-21 03:50:00,58.863754,59.04844371292529,4.330937740347654
2012-05-21 03:55:00,59.08697,58.95475658102833,4.507992836885949
2012-05-21 04:00:00,60.243057,59.05440130871267,6.081089352089105
2012-05-21 04:05:00,61.0377,59.76269050385185,4.5205740300205735
2012-05-21 04:10:00,61.2877,60.025732615869096,3.6188685012738304
2012-05-21 04:15:00,60.968918,62.09366129569602,2.853023938190509
2012-05-21 04:20:00,61.52679,60.260355392835805,3.300243110437869
2012-05-21 04:25:00,61.28952,61.48914533309699,2.920735970849131
2012-05-21 04:30:00,60.73744,63.239000960318684,2.7589503277956773
2012-05-21 04:35:00,60.914516,61.40584767941641,2.9322483810100475
2012-05-21 04:40:00,61.279102,61.182553530239666,2.967298997584767
2012-05-21 04:45:00,60.95503,62.865533064605906,2.787298947650271
2012-05-21 04:50:00,61.821095,59.865563357236745,4.138515892029983
2012-05-21 04:55:00,62.476185,60.34815473183075,3.2360116835793673
2012-05-21 05:00:00,62.482147,63.527636410389675,1.998522990782541
2012-05-21 05:05:00,62.060184,63.17977510719414,2.006348627785901
2012-05-21 05:10:00,62.64352,62.373182714831444,2.156909008580142
2012-05-21 05:15:00,62.51389,62.576079659488556,2.0856638566341847
2012-05-21 05:20:00,62.476852,63.8638480266416,2.0014750349829478
2012-05-21 05:25:00,62.872684,62.4695943881129,2.1183255397358183
2012-05-21 05:30:00,63.14352,62.52043142489803,2.1015967898447943
2012-05-21 05:35:00,63.068287,63.75572219276008,1.9997624722583376
2012-05-21 05:40:00,63.079865,64.32412513734904,2.0136833823583404
2012-05-21 05:45:00,63.295475,62.977056706539265,2.0198894678136
2012-05-21 05:50:00,63.32094,63.7977874393157,2.0003564532022953
2012-05-21 05:55:00,63.217922,64.45550974358822,2.0180613605827964
2012-05-21 06:00:00,63.444775,65.05464129641086,1.443928601165851
2012-05-21 06:05:00,64.07209,63.469822005577235,1.874879540103296
2012-05-21 06:10:00,64.07209,65.81164184653112,1.4603157908751954
2012-05-21 06:15:00,64.867226,63.71212418283631,1.719571517286668
2012-05-21 06:20:00,65.052414,65.2077772709069,1.4428118365892049
2012-05-21 06:25:00,65.13575,65.2466578414806,1.442976349180511
2012-05-21 06:30:00,65.33135,64.86890180417574,1.4497648967314725
2012-05-21 06:35:00,65.46908,64.97128662331885,1.4458744632162925
2012-05-21 06:40:00,65.52001,65.81624894080362,1.4605457524793817
2012-05-21 06:45:00,65.67477,65.25223044220193,1.4430137835830505
2012-05-21 06:50:00,65.67477,65.38227101468908,1.444780083626146
2012-05-21 06:55:00,65.9456,65.48447211079854,1.4472611604681145
2012-05-21 07:00:00,66.020836,66.64160303368266,1.3013347018112327
2012-05-21 07:05:00,66.21875,66.08271744660429,1.3130863079395543
2012-05-21 07:10:00,66.34954,66.5095226534065,1.3019455122894406
2012-05-21 07:15:00,66.27662,67.26708192329582,1.312191865293107
2012-05-21 07:20:00,66.46181,66.64160303368266,1.3013347018112327
2012-05-21 07:25:00,66.71181,66.2246563292118,1.3076665229494415
2012-05-21 07:30:00,67.02662,66.26152088624323,1.306555135813224
2012-05-21 07:35:00,67.30556,66.12998071250676,1.3110744554236098
2012-05-21 07:40:00,67.361115,66.74723863053059,1.301665944724449
2012-05-21 07:45:00,67.3426,66.55706984816356,1.3015879310438645
2012-05-21 07:50:00,67.56713,66.00930519358293,1.3166429099529533
2012-05-21 07:55:00,67.47338,67.3605736427162,1.315411542849334
2012-05-21 08:00:00,67.259254,66.99453858608928,1.4699748977154687
2012-05-21 08:05:00,67.11343,66.99453858608928,1.4699748977154687
2012-05-21 08:10:00,66.95602,67.134116082553,1.4631555837880985
2012-05-21 08:15:00,66.60185,66.93958357774154,1.4729688488654187
2012-05-21 08:20:00,66.27314,67.56221662203988,1.4486966403760688
2012-05-21 08:25:00,66.1794,67.42701272767667,1.4522727791868304
2012-05-21 08:30:00,65.9919,67.79358888090239,1.4445066945547778
2012-05-21 08:35:00,65.853004,67.46832431668481,1.4510874874762318
2012-05-21 08:40:00,65.73495,67.01281505975861,1.4690182473547164
2012-05-21 08:45:00,65.81828,66.39360613217583,1.5131884095228847
2012-05-21 08:50:00,65.54745,67.04930576229715,1.4671669392499005
2012-05-21 08:55:00,65.37037,66.93958357774154,1.4729688488654187
2012-05-21 09:00:00,65.24999,65.32720697410095,1.9110504295709685
2012-05-21 09:05:00,65.12499,65.72554542053665,1.8572369887802838
2012-05-21 09:10:00,65.0787,65.8133964200455,1.8465748298312328
2012-05-21 09:15:00,65.21412,64.46887274980669,2.062338255672015
2012-05-21 09:20:00,65.047455,65.30028594971407,1.9150274658370998
2012-05-21 09:25:00,64.80787,66.5105418304194,1.7758038791251305
2012-05-21 09:30:00,64.52662,66.39103303063953,1.7862938042201362
2012-05-21 09:35:00,64.41551,66.29766372401477,1.794941841002524
2012-05-21 09:40:00,64.42593,65.90792686811048,1.835563359769127
2012-05-21 09:45:00,64.13194,66.4043431525128,1.7850937968656622
2012-05-21 09:50:00,64.16898,65.05900630944102,1.952737942459416
2012-05-21 09:55:00,63.93982,65.48228401916258,1.8889995638423258
2012-05-21 10:00:00,64.17014,64.30162638646144,2.0328304376729274
2012-05-21 10:05:00,64.30556,64.63009473326304,1.9930747906554898
2012-05-21 10:10:00,64.19445,65.13056915315032,1.9468993772430754
2012-05-21 10:15:00,64.09028,64.85042451833792,1.9707844026044377
2012-05-21 10:20:00,64.10417,64.04722678544296,2.069792322667527
2012-05-21 10:25:00,64.04167,64.73978744202792,1.981568714748539
2012-05-21 10:30:00,64.09376,64.41387178474046,2.018301350186236
2012-05-21 10:35:00,63.856487,65.23119825653653,1.9394358088666133
2012-05-21 10:40:00,63.431713,65.52905042440379,1.9204990225985072
2012-05-21 10:45:00,63.525467,64.36053238201214,2.025077592670067
2012-05-21 10:50:00,63.48843,64.88131327787328,1.967915133900829
2012-05-21 10:55:00,63.717594,63.895259191534514,2.094827282141528
2012-05-21 11:00:00,63.598377,65.31666564809261,1.770201431755121
2012-05-21 11:05:00,63.41782,65.15830427009791,1.7755864376856927
2012-05-21 11:10:00,63.539352,64.40171288014837,1.827363141391279
2012-05-21 11:15:00,63.50116,64.18608153907884,1.851185068979231
2012-05-21 11:20:00,63.528934,64.00724567161981,1.8745183096153886
2012-05-21 11:25:00,63.590282,64.28505784720936,1.8396900594738235
2012-05-21 11:30:00,63.673615,64.53648166911793,1.8146841900982489
2012-05-21 11:35:00,63.944447,63.89532765191404,1.8909125604603023
2012-05-21 11:40:00,64.28704,63.31189470199106,2.002859254903593
2012-05-21 11:45:00,64.297455,64.68977536208745,1.8021905491109536
2012-05-21 11:50:00,64.44329,64.53648166911793,1.8146841900982489
2012-05-21 11:55:00,64.42593,64.89658956997891,1.788386696617623
2012-05-21 12:00:00,64.67014,64.65894755676649,1.6200709124229695
2012-05-21 12:05:00,64.88311,64.20723612270554,1.6553645151334502
2012-05-21 12:10:00,64.94561,64.94023694109724,1.6075558803485086
2012-05-21 12:15:00,65.13079,63.942385299328855,1.6858709794487445
2012-05-21 12:20:00,65.48264,64.07413267882505,1.6697193438816316
2012-05-21 12:25:00,65.584496,64.5223103853916,1.6286766120605796
2012-05-21 12:30:00,65.677086,64.88836874673278,1.6093580052705951
2012-05-21 12:35:00,65.64352,65.14843459752477,1.602501553627054
2012-05-21 12:40:00,65.66319,64.84233572052574,1.6111450288565272
2012-05-21 12:45:00,65.640045,64.68180110004782,1.6187973268491194
2012-05-21 12:50:00,65.540504,65.20064074733153,1.6017627749009742
2012-05-21 12:55:00,65.33681,64.75048378666378,1.6152491952315398
2012-05-21 13:00:00,64.953705,65.86231837042804,1.4952233972031623
2012-05-21 13:05:00,64.68519,65.22459081376203,1.4695262634234154
2012-05-21 13:10:00,64.4919,65.21868070262794,1.469399051725783
2012-05-21 13:15:00,63.75116,64.80144468444486,1.4670150803322086
2012-05-21 13:20:00,63.524307,65.79632321728072,1.4916203489387823
2012-05-21 13:25:00,63.311344,64.98888421923988,1.4664073776437103
2012-05-21 13:30:00,63.265045,65.31930799622731,1.4718762271420056
2012-05-21 13:35:00,63.21875,64.94192797922581,1.466288465747235
2012-05-21 13:40:00,63.254627,64.90089466719695,1.4663309289837194
2012-05-21 13:45:00,63.43982,64.52224616762716,1.4736764310198562
2012-05-21 13:50:00,63.528934,64.6615459508157,1.4694441628881056
2012-05-21 13:55:00,63.964123,63.70196500370485,1.5419624776298377
2012-05-21 14:00:00,64.140045,63.84276306047124,1.4398201699242916
2012-05-21 14:05:00,64.490746,63.79908809010349,1.4440188902449298
2012-05-21 14:10:00,64.75001,64.15289399422343,1.4187427840906517
2012-05-21 14:15:00,65.53704,61.58889473265927,2.564235820731482
2012-05-21 14:20:00,65.79746,64.5410493634407,1.409992917129452
2012-05-21 14:25:00,66.05764,63.84276306047124,1.4398201699242916
2012-05-21 14:30:00,66.03912,64.99261843254776,1.4168532479472604
2012-05-21 14:35:00,66.168755,64.61103586797147,1.4100524175806448
2012-05-21 14:40:00,66.30995,64.99261843254776,1.4168532479472604
2012-05-21 14:45:00,66.31458,65.38853940428172,1.4319826803005118
2012-05-21 14:50:00,66.32732,65.02303577227796,1.4177803112599188
2012-05-21 14:55:00,66.3007,65.84946820143179,1.4548119768883783
2012-05-21 15:00:00,66.254395,64.52894555350723,1.708040860914091
2012-05-21 15:05:00,65.93148,65.44303196758695,1.6824207617499118
2012-05-21 15:10:00,65.87592,65.3392821092969,1.6847602376053779
2012-05-21 15:15:00,65.77407,64.76566315133283,1.6991405368782908
2012-05-21 15:20:00,65.509026,65.8269013461883,1.6730938991393494
2012-05-21 15:25:00,65.34144,64.97167362101784,1.6933374776030943
2012-05-21 15:30:00,65.19908,64.71699808684242,1.7007251758579838
2012-05-21 15:35:00,65.180565,65.12322678857252,1.6896601984093278
2012-05-21 15:40:00,65.085655,65.63316541460748,1.6779809540862713
2012-05-21 15:45:00,64.96064,65.25737614090771,1.6865984989271414
2012-05-21 15:50:00,64.989586,64.91541503210442,1.6948051034790705
2012-05-21 15:55:00,64.895836,65.56934277706175,1.6795025546298277
2012-05-21 16:00:00,65.013885,63.31600798776332,4.584608961497249
2012-05-21 16:05:00,65.31597,62.7147722870041,5.212317567843865
2012-05-21 16:10:00,65.3993,64.07393675456449,3.9955020850409366
2012-05-21 16:15:00,65.640045,63.268601400093424,4.629859833431137
2012-05-21 16:20:00,65.83449,63.363442908981405,4.5403592725480175
2012-05-21 16:25:00,66.14004,63.125504602509956,4.772211599623303
2012-05-21 16:30:00,66.44212,63.00965116421838,4.892824057859497
2012-05-21 16:35:00,66.37731,64.07393675456449,3.9955020850409366
2012-05-21 16:40:00,66.4051,64.13000614658075,3.9600957563447623
2012-05-21 16:45:00,66.50926,63.604315528934144,4.332029546183553
2012-05-21 16:50:00,66.56366,64.13707269667611,3.9556897412584875
2012-05-21 16:55:00,66.56366,64.07393675456449,3.9955020850409366
2012-05-21 17:00:00,66.70486,62.709267779512885,8.769840080369883
2012-05-21 17:05:00,66.69907,63.45532598749489,7.23347172064026
2012-05-21 17:10:00,66.54282,63.775795847814884,6.6404191231640075
2012-05-21 17:15:00,66.45023,63.871103217347176,6.472602617624502
2012-05-21 17:20:00,66.33912,63.585685850143186,6.986933091971643
2012-05-21 17:25:00,62.052082,64.25395145338842,5.8381893147118085
2012-05-21 17:30:00,57.864582,63.99046996369383,6.268000265947117
2012-05-21 17:35:00,53.76273,62.25060766885079,9.791727189739921
2012-05-21 17:40:00,49.846066,63.30152843577442,7.533405810926531
2012-05-21 17:45:00,45.714123,63.13605133099165,7.866575880117845
2012-05-21 17:50:00,41.501156,63.585685850143186,6.986933091971643
2012-05-21 17:55:00,37.08449,62.923106670417404,8.310011010581752
2012-05-21 18:00:00,32.871525,64.60704362652895,4.557091656847056
2012-05-21 18:05:00,28.445604,63.71229921295938,5.999594412994767
2012-05-21 18:10:00,24.527779,62.17365818743588,9.565464389343296
2012-05-21 18:15:00,20.407408,63.131544676180624,7.1791924748339495
2012-05-21 18:20:00,16.33912,62.530682830841414,8.61354104349388
2012-05-21 18:25:00,16.246529,31.10631109256279,21.816302222195066
2012-05-21 18:30:00,16.126158,31.105940709300416,21.92192458683095
2012-05-21 18:35:00,16.09838,31.106464538752547,21.803597755874346
2012-05-21 18:40:00,15.829862,31.11348852918836,22.253599060038905
2012-05-21 18:45:00,16.200232,31.105909853918103,21.881462143877954
2012-05-21 18:50:00,16.690973,31.106188976453534,21.82911302091023
2012-05-21 18:55:00,19.1169,31.117519547539235,21.497685390760832
2012-05-21 19:00:00,23.413195,31.363768996004513,23.937298235933312
2012-05-21 19:05:00,27.980326,31.31973931483181,23.330368356087533
2012-05-21 19:10:00,32.211803,31.38687326893582,24.189533272544825
2012-05-21 19:15:00,36.498844,31.358225351872733,23.872187208163947
2012-05-21 19:20:00,40.82639,31.359357388380204,23.885625320536565
2012-05-21 19:25:00,45.307873,31.33620873116817,23.587236209679688
2012-05-21 19:30:00,49.626156,31.34337964069363,23.685571363733676
2012-05-21 19:35:00,53.894672,31.344906388745684,23.705683851325517
2012-05-21 19:40:00,58.13449,31.352990261564145,23.80854845682938
2012-05-21 19:45:00,61.875233,31.46585972478491,24.912358816569565
2012-05-21 19:50:00,65.50486,31.500778998304312,25.191833934088596
2012-05-21 19:55:00,67.615974,34.92400660416278,39.915027765291256
2012-05-21 20:00:00,67.282646,66.96847768515316,1.2229813301694665
2012-05-21 20:05:00,67.002556,66.87322694192288,1.2344918712062627
2012-05-21 20:10:00,66.95625,67.18175688185933,1.1994148940477063
2012-05-21 20:15:00,66.76181,66.7490802814941,1.2504788161702485
2012-05-21 20:20:00,66.521065,67.02238233475067,1.2167443819147292
2012-05-21 20:25:00,66.47477,67.12902654657678,1.2049696861697827
2012-05-21 20:30:00,66.4713,66.43086077244449,1.297082778207572
2012-05-21 20:35:00,66.424995,66.1763108107745,1.3410495989559632
2012-05-21 20:40:00,66.48958,66.2875550260689,1.3210325479516893
2012-05-21 20:45:00,66.5081,65.6981302650031,1.4438356344922967
2012-05-21 20:50:00,66.63773,65.51572941414078,1.4916360955677874
2012-05-21 20:55:00,66.61921,66.46674466235366,1.2913898044093897
2012-05-21 21:00:00,66.81366,64.89843028638036,1.4397684204044747
2012-05-21 21:05:00,66.72917,65.10734506342912,1.4057684221805553
2012-05-21 21:10:00,66.729164,66.73015290760104,1.2480989019627629
2012-05-21 21:15:00,66.83102,65.47702492692677,1.355737154049203
2012-05-21 21:20:00,66.71296,65.47702492692677,1.355737154049203
2012-05-21 21:25:00,66.50695,66.67956432154371,1.2511460786472133
2012-05-21 21:30:00,66.63657,66.26816271496783,1.2793449979774463
2012-05-21 21:35:00,66.68171,65.79504019708033,1.320819712568122
2012-05-21 21:40:00,66.451385,66.52019653888425,1.2613201736858437
2012-05-21 21:45:00,66.43287,65.74208672398008,1.3261927323694076
2012-05-21 21:50:00,66.36805,66.21602038239892,1.283397155232069
2012-05-21 21:55:00,66.34954,66.21602038239892,1.283397155232069
2012-05-21 22:00:00,66.28472,65.62079276232124,1.4807067779611056
2012-05-21 22:05:00,66.47107,64.31246476969618,1.6195128305295947
2012-05-21 22:10:00,66.52662,66.32058369537398,1.4347926859020228
2012-05-21 22:15:00,66.61921,65.67138674807047,1.4769014340963968
2012-05-21 22:20:00,66.78356,64.47660159288232,1.596437484519213
2012-05-21 22:25:00,66.88773,65.15170246436439,1.5204744481936245
2012-05-21 22:30:00,66.738655,66.5637777192738,1.4217717442320792
2012-05-21 22:35:00,66.60092,65.66506643836337,1.4773725497980195
2012-05-21 22:40:00,66.85209,64.8615274271388,1.5499106535205271
2012-05-21 22:45:00,66.833565,65.26577083720008,1.509994150571275
2012-05-21 22:50:00,66.9169,65.46874171053736,1.4926731553515487
2012-05-21 22:55:00,67.055786,65.72192504578835,1.4731848142901736
2012-05-21 23:00:00,67.065056,64.85763462013266,1.7924436082713002
2012-05-21 23:05:00,67.0743,64.90836812264665,1.7880068861458909
2012-05-21 23:10:00,66.69469,66.20105869651839,1.695725647108782
2012-05-21 23:15:00,66.44468,65.76301851097841,1.723155636960741
2012-05-21 23:20:00,66.120605,64.9590971600308,1.783645863547392
2012-05-21 23:25:00,66.09283,65.31334942137492,1.7551357795539275
2012-05-21 23:30:00,65.71412,65.35869021894707,1.7517120114448428
2012-05-21 23:35:00,65.36227,64.50329737297831,1.8257625481021222
2012-05-21 23:40:00,64.98148,65.81851114469443,1.7194920869286745
2012-05-21 23:45:00,64.953705,64.75620173403705,1.80155195395434
2012-05-21 23:50:00,64.57407,65.51430868696251,1.740314908441024
2012-05-21 23:55:00,64.06019,66.0566299032323,1.7044045096048526
2012-05-22 00:00:00,64.0301,64.45134604709338,2.1968617295178237
2012-05-22 00:05:00,63.761578,64.50350422271437,2.191518956891801
2012-05-22 00:10:00,63.245373,63.66951861848364,2.285038742842646
2012-05-22 00:15:00,63.35648,63.92910193114886,2.253867597221793
2012-05-22 00:20:00,63.624996,62.72055077972084,2.423510963909354
2012-05-22 00:25:00,63.180553,64.71157385897394,2.170750762757043
2012-05-22 00:30:00,62.958332,62.81622076767696,2.407214945921035
2012-05-22 00:35:00,63.03241,62.1774834241216,2.531748277693811
2012-05-22 00:40:00,62.384262,63.26056115129686,2.3391515624305756
2012-05-22 00:45:00,61.89352,64.13786972235347,2.2302549818667834
2012-05-22 00:50:00,61.958332,62.96199597191463,2.3836017965305616
2012-05-22 00:55:00,61.953705,62.79218534828686,2.411246157118045
2012-05-22 01:00:00,61.400463,62.473606014301005,3.1954547163493814
2012-05-22 01:05:00,61.733795,61.52477844236321,3.2480785263913288
2012-05-22 01:10:00,62.07407,60.177414728882354,3.418041646812488
2012-05-22 01:15:00,61.722218,62.68404440565201,3.185110671941743
2012-05-22 01:20:00,61.21759,62.404000856521094,3.198893459702914
2012-05-22 01:25:00,61.38426,61.00074462245681,3.2909255266934796
2012-05-22 01:30:00,61.76018,60.588736580599516,3.340985269299043
2012-05-22 01:35:00,61.581944,61.170121094723044,3.2751682466473113
2012-05-22 01:40:00,61.64676,59.68670580200421,3.587593307743561
2012-05-22 01:45:00,61.90602,60.49998377320512,3.3547338194532945
2012-05-22 01:50:00,60.952316,61.74659081001562,3.2339923916527353
2012-05-22 01:55:00,60.10278,61.34493950796108,3.2609688518875615
2012-05-22 02:00:00,59.93611,59.537274854294544,3.8745577385986754
2012-05-22 02:05:00,59.498608,62.15587762595857,3.5900641414886585
2012-05-22 02:10:00,59.461575,60.46409743563343,3.7462059939266594
2012-05-22 02:15:00,59.3169,60.39214300485787,3.7538923366800314
2012-05-22 02:20:00,59.617825,59.63462739793053,3.856485711505852
2012-05-22 02:25:00,59.31227,60.80009474419569,3.7126521600807756
2012-05-22 02:30:00,59.11227,61.17770246983926,3.6777878032081692
2012-05-22 02:35:00,58.994213,59.69946944983826,3.8453386409390458
2012-05-22 02:40:00,58.744213,59.009652341108286,4.021639649734649
2012-05-22 02:45:00,58.48032,60.573946405400015,3.7348571469606697
2012-05-22 02:50:00,59.41551,58.56619187362852,4.450557115137049
2012-05-22 02:55:00,59.718754,58.567389581663626,4.446764157928222
2012-05-22 03:00:00,59.302082,58.62513575602848,4.235693494548824
2012-05-22 03:05:00,59.24884,59.7599903908812,3.9759179958713027
2012-05-22 03:10:00,58.461803,59.804454339308585,3.969284474365016
2012-05-22 03:15:00,57.254627,59.34959304541106,4.0436481709013545
2012-05-22 03:20:00,57.245373,60.21660493803876,3.911781968514578
2012-05-22 03:25:00,56.828705,59.1611197811368,4.080653090253698
2012-05-22 03:30:00,56.30093,59.84039546001819,3.9639970189123908
2012-05-22 03:35:00,56.13426,58.852604705187396,4.156375521351632
2012-05-22 03:40:00,56.328705,58.254054954333306,4.562435586549914
2012-05-22 03:45:00,56.818287,59.11919482273051,4.0896409664368285
2012-05-22 03:50:00,56.37384,60.33489233195983,3.896243257316048
2012-05-22 03:55:00,57.206013,58.45067973591804,4.3285326523018055
2012-05-22 04:00:00,57.0162,58.680633492750026,4.466411886323889
2012-05-22 04:05:00,55.942127,60.27863981028265,3.418064729011954
2012-05-22 04:10:00,56.53009,58.70776336950596,4.388620661178748
2012-05-22 04:15:00,57.79977,58.238733254378985,7.005250449022538
2012-05-22 04:20:00,57.466434,60.89939558271035,3.3404473917473596
2012-05-22 04:25:00,57.60532,58.93237930837429,3.9761794358991818
2012-05-22 04:30:00,58.039352,59.065066367770974,3.8402395516617513
2012-05-22 04:35:00,58.502316,59.167002745468174,3.7630724952985553
2012-05-22 04:40:00,58.75116,59.097777360147035,3.8134135855873215
2012-05-22 04:45:00,58.20139,61.77806201310377,3.2624764043315717
2012-05-22 04:50:00,58.681713,59.49931981168155,3.599255396177363
2012-05-22 04:55:00,57.942127,61.971690127004,3.2474941135827535
2012-05-22 05:00:00,58.67477,59.81993996589862,4.1095459664168965
2012-05-22 05:05:00,59.96875,59.47424310843551,4.913255290451287
2012-05-22 05:10:00,60.1875,61.93075827985887,2.2290176958701133
2012-05-22 05:15:00,60.520832,62.34411317862443,2.171334671198791
2012-05-22 05:20:00,60.78125,61.812685883423285,2.2545476320469198
2012-05-22 05:25:00,61.21643,61.2301901879897,2.474821150552029
2012-05-22 05:30:00,61.347218,62.277374874335656,2.1779773158109084
2012-05-22 05:35:00,61.60648,62.55521720253168,2.155347533388666
2012-05-22 05:40:00,62.096066,61.783755268754,2.2615875842093476
2012-05-22 05:45:00,62.475693,61.761406978649575,2.2672530625983343
2012-05-22 05:50:00,62.42361,63.150083128549,2.138732903909267
2012-05-22 05:55:00,63.038193,61.3710842190877,2.4042605875669545
2012-05-22 06:00:00,63.48611,63.565858633911766,1.6382791704790263
2012-05-22 06:05:00,63.497684,65.13100032744958,1.4460509174339287
2012-05-22 06:10:00,63.653934,64.60965724058886,1.4696179691799036
2012-05-22 06:15:00,63.86227,65.58947036598975,1.4442490891982107
2012-05-22 06:20:00,64.111115,64.60965724058886,1.4696179691799036
2012-05-22 06:25:00,64.450226,64.43361820585662,1.4846550430666563
2012-05-22 06:30:00,64.65277,64.7099511328817,1.4628422013942626
2012-05-22 06:35:00,64.6713,65.54738952856549,1.4438370734211838
2012-05-22 06:40:00,64.78588,65.46340494581028,1.4433376167542145
2012-05-22 06:45:00,65.0081,64.99478658685975,1.4496410672584406
2012-05-22 06:50:00,65.36227,64.96773938176035,1.4505484676820297
2012-05-22 06:55:00,65.645836,65.3379911675705,1.443438312107667
2012-05-22 07:00:00,65.84954,65.75931862428335,1.3571079637459942
2012-05-22 07:05:00,66.14005,65.71589934564511,1.35999390622351
2012-05-22 07:10:00,66.427086,65.75931862428335,1.3571079637459942
2012-05-22 07:15:00,66.489586,67.18421537345148,1.3202894598561077
2012-05-22 07:20:00,66.74885,66.1960346392237,1.3349714594970983
2012-05-22 07:25:00,66.9676,66.39898959533728,1.3284118425651925
2012-05-22 07:30:00,67.25579,66.10291926646167,1.3387194019666708
2012-05-22 07:35:00,67.51852,66.23988716896578,1.3333725054001275
2012-05-22 07:40:00,67.65625,66.59649276141879,1.3239592922220267
2012-05-22 07:45:00,67.729164,66.54713895435832,1.3249042160540654
2012-05-22 07:50:00,67.677086,67.13574038108301,1.320105506890509
2012-05-22 07:55:00,67.68634,67.24328800290105,1.3206227054023112
2012-05-22 08:00:00,67.56598,66.39069317640447,1.5296764651803434
2012-05-22 08:05:00,67.4051,66.77832388544778,1.5178654253552617
2012-05-22 08:10:00,67.23264,66.8071382732322,1.5171913316746635
2012-05-22 08:15:00,67.06597,67.19080026806199,1.5105424937346055
2012-05-22 08:20:00,66.89931,67.12817995202441,1.5113504671389675
2012-05-22 08:25:00,66.72222,67.1395779895903,1.5111955968546358
2012-05-22 08:30:00,66.453705,67.17374041618378,1.5107524438432398
2012-05-22 08:35:00,66.2419,67.19080026806199,1.5105424937346055
2012-05-22 08:40:00,66.15624,66.94513965303217,1.5143165446046016
2012-05-22 08:45:00,66.12037,66.57033341994564,1.5235392851341567
2012-05-22 08:50:00,65.91203,66.57033341994564,1.5235392851341567
2012-05-22 08:55:00,65.75463,66.99100965007973,1.5134855038350923
2012-05-22 09:00:00,65.74422,65.26147863100474,1.6543866368630358
2012-05-22 09:05:00,65.697914,65.43142939443867,1.646254641515613
2012-05-22 09:10:00,65.645836,65.40480935837256,1.647420307422939
2012-05-22 09:15:00,65.58681,65.79019281651803,1.6340929777402957
2012-05-22 09:20:00,65.46644,65.73105592480108,1.6356710302826094
2012-05-22 09:25:00,65.35186,65.69346739369335,1.6367574735123995
2012-05-22 09:30:00,65.09259,65.30387193851226,1.6522021722179263
2012-05-22 09:35:00,64.84606,65.58092226801058,1.6404116111694271
2012-05-22 09:40:00,64.53356,65.93567184987982,1.6308551429783193
2012-05-22 09:45:00,64.13194,65.81710010432606,1.6334259155266297
2012-05-22 09:50:00,64.11922,65.02431073744341,1.6686721670927056
2012-05-22 09:55:00,63.833496,65.64519079549945,1.6382500136261664
2012-05-22 10:00:00,63.65344,64.86515263787489,1.6577870928407192
2012-05-22 10:05:00,63.40228,64.8698875298006,1.6575874229147516
2012-05-22 10:10:00,63.298115,64.82258090318538,1.6596554084916069
2012-05-22 10:15:00,62.946262,65.13674186138911,1.6489112009273608
2012-05-22 10:20:00,62.839783,64.83203419127472,1.6592284026358135
2012-05-22 10:25:00,62.56895,64.82258090318538,1.6596554084916069
2012-05-22 10:30:00,62.683533,63.909611008916066,1.7379566449212767
2012-05-22 10:35:00,62.749508,64.19493814637823,1.7047919745848896
2012-05-22 10:40:00,63.02034,64.23611110868072,1.7007165274503435
2012-05-22 10:45:00,63.23909,63.78893590535318,1.754746986902391
2012-05-22 10:50:00,63.262238,64.64380042707135,1.6690369133140797
2012-05-22 10:55:00,63.325726,64.09536951874742,1.715367731046289
2012-05-22 11:00:00,63.380783,64.01673184739307,1.6138965130718608
2012-05-22 11:05:00,63.453705,63.762324161671096,1.6435137193349965
2012-05-22 11:10:00,63.189816,64.25776543082645,1.5928599067795641
2012-05-22 11:15:00,63.17361,63.63311853137918,1.661710013513245
2012-05-22 11:20:00,63.01157,64.25776543082645,1.5928599067795641
2012-05-22 11:25:00,63.053238,63.64973930226642,1.6592447648890338
2012-05-22 11:30:00,63.11574,64.21923954880624,1.5957898626798397
2012-05-22 11:35:00,63.004623,64.30923716319676,1.5891928484311906
2012-05-22 11:40:00,62.733795,65.12229761136949,1.5643908915966527
2012-05-22 11:45:00,62.421295,64.49032501370118,1.578457111262764
2012-05-22 11:50:00,62.388885,64.56837867277353,1.5748269755329438
2012-05-22 11:55:00,62.496532,64.2064117796308,1.5968008511489733
2012-05-22 12:00:00,62.381947,64.16107645592214,1.4780654088914222
2012-05-22 12:05:00,62.310192,63.9760954127193,1.494264736792264
2012-05-22 12:10:00,62.49074,63.26996972875045,1.598587036595915
2012-05-22 12:15:00,62.618057,63.535857634162404,1.5508214658373538
2012-05-22 12:20:00,62.696762,63.62507396950455,1.5371840988996794
2012-05-22 12:25:00,62.863422,63.75528598962686,1.5193152871349271
2012-05-22 12:30:00,62.94676,64.38425834639422,1.4639185202017295
2012-05-22 12:35:00,63.148148,63.853262538867305,1.507405688098246
2012-05-22 12:40:00,63.435184,64.04998220075267,1.4872879565748385
2012-05-22 12:45:00,63.75066,63.318093399955735,1.5891207684779756
2012-05-22 12:50:00,63.855984,64.38011424603401,1.4641299611593654
2012-05-22 12:55:00,63.928898,64.53384733151519,1.457519484766748
2012-05-22 13:00:00,64.067795,63.681430346245016,1.4593260599843607
2012-05-22 13:05:00,64.43122,63.649070526688966,1.463431887803037
2012-05-22 13:10:00,64.597885,63.82719634207953,1.4428110207016918
2012-05-22 13:15:00,64.727516,63.90829876510839,1.4349797540744902
2012-05-22 13:20:00,64.95437,63.82719634207953,1.4428110207016918
2012-05-22 13:25:00,65.15228,64.26674636454855,1.4110870222847076
2012-05-22 13:30:00,65.15228,64.60053487647491,1.4027563434934922
2012-05-22 13:35:00,65.26571,64.48872262545949,1.4042003086315844
2012-05-22 13:40:00,65.062004,64.99962901275971,1.407139684324058
2012-05-22 13:45:00,65.048615,64.3510776994969,1.4078111374959772
2012-05-22 13:50:00,64.923615,64.67543487812519,1.4024888213950601
2012-05-22 13:55:00,64.90047,64.71300259668415,1.4025563027095644
2012-05-22 14:00:00,65.01157,63.976552725087636,1.5487229883189808
2012-05-22 14:05:00,64.96991,64.77256934244605,1.553961179000124
2012-05-22 14:10:00,65.00115,64.22485531739419,1.543649703338582
2012-05-22 14:15:00,65.11921,64.17459731412292,1.5440824352412863
2012-05-22 14:20:00,65.03588,64.44636766466509,1.5448075663944179
2012-05-22 14:25:00,65.06713,64.81313688654508,1.5556052739280546
2012-05-22 14:30:00,64.95255,64.41618599775167,1.5443794479647426
2012-05-22 14:35:00,64.94329,64.72772251284304,1.5522617520644768
2012-05-22 14:40:00,65.12037,64.07499524993837,1.5458019107582814
2012-05-22 14:45:00,65.27662,64.11220654432861,1.545020112508776
2012-05-22 14:50:00,65.40162,64.03794768192056,1.5467522120307484
2012-05-22 14:55:00,65.41088,64.44636766466509,1.5448075663944179
2012-05-22 15:00:00,65.421295,64.1611592907562,2.1675119118442545
2012-05-22 15:05:00,65.451385,64.40156373591097,2.1731341704465166
2012-05-22 15:10:00,65.59722,64.12236597564346,2.1670669267945333
2012-05-22 15:15:00,65.6493,64.40156373591097,2.1731341704465166
2012-05-22 15:20:00,65.766205,63.926196844983394,2.1673208309886536
2012-05-22 15:25:00,65.72454,64.74029010290768,2.187259193350855
2012-05-22 15:30:00,65.88426,63.7913904955196,2.1704810006765283
2012-05-22 15:35:00,65.95718,64.48442202303993,2.1760262320803814
2012-05-22 15:40:00,65.91898,64.52632584254245,2.177643751326858
2012-05-22 15:45:00,65.93982,64.48442202303993,2.1760262320803814
2012-05-22 15:50:00,66.13079,64.27976939785741,2.1697175153931156
2012-05-22 15:55:00,66.1551,64.26643067541822,2.1694104375846095
2012-05-22 16:00:00,66.18172,62.79221141867435,5.833838423952791
2012-05-22 16:05:00,66.24537,63.12810571772946,5.6980295860843055
2012-05-22 16:10:00,66.19329,63.30502358569661,5.636302474027581
2012-05-22 16:15:00,66.26389,63.21860393844661,5.665674928871064
2012-05-22 16:20:00,66.43055,62.96255209845942,5.761779772818859
2012-05-22 16:25:00,66.49305,63.17565672490636,5.680819225211375
2012-05-22 16:30:00,66.45602,62.976714971127215,5.756085471349178
2012-05-22 16:35:00,66.34144,63.39227364418474,5.608033573800189
2012-05-22 16:40:00,65.545135,62.976714971127215,5.756085471349178
2012-05-22 16:45:00,64.013885,63.17565672490636,5.680819225211375
2012-05-22 16:50:00,61.8125,63.67546074949406,5.524238959326714
2012-05-22 16:55:00,58.371525,62.96255209845942,5.761779772818859
2012-05-22 17:00:00,54.178238,60.20133475767233,17.939624036452432
2012-05-22 17:05:00,50.240738,61.069921926970494,16.53671554477204
2012-05-22 17:10:00,46.355328,60.558029636033616,17.396924411554
2012-05-22 17:15:00,42.290512,61.26136380723316,16.18818640797829
2012-05-22 17:20:00,38.127316,61.478562638810295,15.77576405195176
2012-05-22 17:25:00,33.731483,61.13940881351109,16.41189686005009
2012-05-22 17:30:00,29.369215,60.04997374646135,18.158032643782732
2012-05-22 17:35:00,25.171297,60.238356233978315,17.88519609143825
2012-05-22 17:40:00,21.578705,49.635465006061345,27.059179361214174
2012-05-22 17:45:00,18.87037,37.135973422917324,26.24630119714622
2012-05-22 17:50:00,16.756945,33.4902607093574,23.115981362150222
2012-05-22 17:55:00,16.322916,31.811188891414456,19.88247911121249
2012-05-22 18:00:00,16.239584,31.247837136088606,20.256938013567485
2012-05-22 18:05:00,16.052084,31.209308494885164,20.54208150216759
2012-05-22 18:10:00,15.96875,31.21066696242903,20.523113037212497
2012-05-22 18:15:00,16.056713,31.216658128278983,20.456116270885254
2012-05-22 18:20:00,15.97338,31.22271219163905,20.404193664240825
2012-05-22 18:25:00,16.077547,31.25800920624277,20.21312562549103
2012-05-22 18:30:00,16.597223,31.27520775899823,20.150326377904637
2012-05-22 18:35:00,16.409723,31.247837136088606,20.256938013567485
2012-05-22 18:40:00,16.430555,31.273587020704657,20.15574861797445
2012-05-22 18:45:00,16.649305,31.245056235419835,20.270055111289444
2012-05-22 18:50:00,16.689814,31.239532409937468,20.29790078841224
2012-05-22 18:55:00,15.762731,31.212132118390986,20.50455898377685
2012-05-22 19:00:00,15.502315,31.254544265482902,21.478549713368476
2012-05-22 19:05:00,15.148148,31.25866096685698,21.807621891101466
2012-05-22 19:10:00,15.168981,31.264063625626473,21.925241540430232
2012-05-22 19:15:00,15.053241,31.27303399731386,22.068434249299447
2012-05-22 19:20:00,15.185185,31.25613580983782,21.72934143013475
2012-05-22 19:25:00,15.513889,31.254061260075062,21.60871587319539
2012-05-22 19:30:00,15.50463,31.269561342708414,22.01756179372479
2012-05-22 19:35:00,18.22338,31.25732920108628,21.370266546705775
2012-05-22 19:40:00,22.62963,31.25627465905826,21.401804545021218
2012-05-22 19:45:00,26.731482,31.26176739180921,21.880118985350695
2012-05-22 19:50:00,30.929398,31.25538376923107,21.69823956078093
2012-05-22 19:55:00,35.83416,31.284184183087543,21.021755952810057
2012-05-22 20:00:00,40.45453,31.69331599060158,22.768114340324953
2012-05-22 20:05:00,44.902447,31.729160569566915,23.027723457287042
2012-05-22 20:10:00,48.86888,31.8816013485644,23.873298476625617
2012-05-22 20:15:00,53.047123,31.8627052750832,23.78143583238575
2012-05-22 20:20:00,57.04481,31.867704915089792,23.80596882819297
2012-05-22 20:25:00,60.934856,31.914207299131718,24.026304739841365
2012-05-22 20:30:00,64.92444,31.896135776405718,23.9423068952055
2012-05-22 20:35:00,66.62351,40.672449419826336,32.16984094964766
2012-05-22 20:40:00,66.71726,65.55692090450698,2.3644504095949954
2012-05-22 20:45:00,66.69874,66.03702391860868,2.1613950473971477
2012-05-22 20:50:00,66.65476,65.82857447929455,2.2429891909959374
2012-05-22 20:55:00,66.552086,65.87566400565963,2.2237505634337276
2012-05-22 21:00:00,66.70023,66.0094887534391,1.6063631418100617
2012-05-22 21:05:00,66.773155,66.02861018988577,1.6048251715961257
2012-05-22 21:10:00,66.74537,65.93310364366859,1.6127747789985432
2012-05-22 21:15:00,66.766205,66.63154785795767,1.5675503566544027
2012-05-22 21:20:00,66.868065,65.93310364366859,1.6127747789985432
2012-05-22 21:25:00,67.024315,65.89974060882626,1.6157155862027448
2012-05-22 21:30:00,67.14931,66.15784330075253,1.595089334243812
2012-05-22 21:35:00,67.26042,65.81888778803916,1.6232191108158773
2012-05-22 21:40:00,66.583336,66.28722617889812,1.5863969651008183
2012-05-22 21:45:00,66.583336,66.20096393489231,1.5920816687664805
2012-05-22 21:50:00,66.61111,65.93310364366859,1.6127747789985432
2012-05-22 21:55:00,66.75695,65.72887551734205,1.6322428860495906
2012-05-22 22:00:00,66.59259,66.1430986112819,1.7314719858003598
2012-05-22 22:05:00,66.65393,65.87115843746243,1.7337143117044764
2012-05-22 22:10:00,66.673615,65.3978747743739,1.7430836227172055
2012-05-22 22:15:00,66.50232,66.23228517414697,1.7310808789951493
2012-05-22 22:20:00,66.517365,65.89342338465738,1.7334613569067348
2012-05-22 22:25:00,66.396996,66.07173287116147,1.731896276975882
2012-05-22 22:30:00,66.16782,66.19215656269576,1.7312389386579419
2012-05-22 22:35:00,65.87847,65.82220512733072,1.7343193442156588
2012-05-22 22:40:00,66.39583,63.53112115496464,1.9992396070368976
2012-05-22 22:45:00,66.260414,65.75108575557067,1.7353273658211081
2012-05-22 22:50:00,66.25578,65.60924356305064,1.7378462627578941
2012-05-22 22:55:00,66.15046,65.87115843746243,1.7337143117044764
2012-05-22 23:00:00,66.25463,64.82246347472076,2.0478930265873667
2012-05-22 23:05:00,66.05787,65.42209239257146,2.0457698202601837
2012-05-22 23:10:00,65.86227,64.78259754938014,2.0483112356923354
2012-05-22 23:15:00,65.56481,64.88461453676368,2.047330034534594
2012-05-22 23:20:00,65.55903,65.26473455621803,2.04574596667616
2012-05-22 23:25:00,65.33565,64.92020239301438,2.047052840460551
2012-05-22 23:30:00,65.2743,64.62394306008775,2.050461099289724
2012-05-22 23:35:00,65.36805,64.04461559679412,2.067531898894935
2012-05-22 23:40:00,65.37153,64.53206693145243,2.052109829942162
2012-05-22 23:45:00,65.37732,64.54515846964374,2.0518552137007573
2012-05-22 23:50:00,65.40857,64.90240202679482,2.047187491568872
2012-05-22 23:55:00,65.46875,64.77817511270338,2.0483597290792592
2012-05-23 00:00:00,65.12499,64.34050545135179,2.4954955917943575
2012-05-23 00:05:00,64.90508,63.7548967667801,2.5020899803686456
2012-05-23 00:10:00,65.01736,63.11751079254722,2.517698042005801
2012-05-23 00:15:00,65.25694,62.83813681911979,2.530097826260436
2012-05-23 00:20:00,64.97106,64.35926498976623,2.4953325032976195
2012-05-23 00:25:00,64.98148,63.1481258218219,2.5165977361054446
2012-05-23 00:30:00,64.54282,63.47273292162981,2.507367630336792
2012-05-23 00:35:00,64.49769,63.46822690098589,2.507470090974137
2012-05-23 00:40:00,64.14352,63.63139103791309,2.504153092871899
2012-05-23 00:45:00,64.115746,63.65419284650892,2.5037462023518864
2012-05-23 00:50:00,63.37616,64.13000079139181,2.4974554129384345
2012-05-23 00:55:00,63.265045,64.11601091654545,2.4975968878332306
2012-05-23 01:00:00,63.223377,62.237607238407485,2.947285143376113
2012-05-23 01:05:00,62.880787,62.17039508333963,2.9462539950682434
2012-05-23 01:10:00,62.416668,62.68980505731943,2.9601784505703495
2012-05-23 01:15:00,61.479168,62.85362917307324,2.966739714111599
2012-05-23 01:20:00,60.72801,62.430107053121354,2.9516403509217906
2012-05-23 01:25:00,60.550922,62.39787930721079,2.950779426417819
2012-05-23 01:30:00,60.99884,61.31406715332762,2.966291643523647
2012-05-23 01:35:00,60.804398,62.48394126937498,2.953185894055281
2012-05-23 01:40:00,61.35648,61.67463143384913,2.9489325389398933
2012-05-23 01:45:00,61.347225,62.68617797004205,2.960041796829041
2012-05-23 01:50:00,61.336807,60.939621345967204,3.0041213509802844
2012-05-23 01:55:00,61.13889,62.787973885286696,2.9640204055329247
2012-05-23 02:00:00,61.118057,60.861213237544746,3.640016780315212
2012-05-23 02:05:00,61.305557,59.91864177980107,3.672756388091519
2012-05-23 02:10:00,61.240738,60.04442370873832,3.663066611297907
2012-05-23 02:15:00,61.8287,59.04303412652911,3.847961645122522
2012-05-23 02:20:00,61.819443,59.145707443496896,3.812214646303774
2012-05-23 02:25:00,61.73611,60.604526065950985,3.64196728550732
2012-05-23 02:30:00,61.523148,61.43056387071184,3.6432419094834594
2012-05-23 02:35:00,61.7419,60.63615975303741,3.6415399681308394
2012-05-23 02:40:00,61.387737,62.20179364926048,3.648664357233729
2012-05-23 02:45:00,60.960648,61.43056387071184,3.6432419094834594
2012-05-23 02:50:00,61.378475,59.67502206288267,3.6992868545429705
2012-05-23 02:55:00,60.555557,60.92661552881204,3.639985628246525
2012-05-23 03:00:00,60.23264,60.169666703178684,4.0019961639540504
2012-05-23 03:05:00,60.17014,59.810481114939904,4.019846180637362
2012-05-23 03:10:00,60.50116,59.22893578753323,4.069922122318643
2012-05-23 03:15:00,60.60301,59.88834749074217,4.015457566206597
2012-05-23 03:20:00,60.269672,58.53764864235054,4.230199130022842
2012-05-23 03:25:00,60.03009,59.71657529552076,4.025656961175297
2012-05-23 03:30:00,59.761578,60.121269242375455,4.004101836116859
2012-05-23 03:35:00,59.07407,60.72621794707578,3.980565409821267
2012-05-23 03:40:00,58.740738,60.408851188820684,3.9923897856986112
2012-05-23 03:45:00,58.612263,59.47572788278358,4.043945539648453
2012-05-23 03:50:00,58.121525,60.24101266173548,3.999008235537381
2012-05-23 03:55:00,59.01736,58.303835915592764,4.356859999743781
2012-05-23 04:00:00,59.22867,59.831364757157786,3.588716369488378
2012-05-23 04:05:00,58.812,60.22416343863597,3.51940788231544
2012-05-23 04:10:00,59.07242,60.780759038999435,3.4630077591699373
2012-05-23 04:15:00,58.51686,60.78791588188245,3.462483544025521
2012-05-23 04:20:00,59.377975,58.59487520020968,4.394052869910538
2012-05-23 04:25:00,59.31547,59.676042886504916,3.6272426817038195
2012-05-23 04:30:00,59.43237,59.933311741392664,3.567341896759689
2012-05-23 04:35:00,59.34904,59.36826520968999,3.732555958481052
2012-05-23 04:40:00,59.578205,59.994724195304165,3.555738300043428
2012-05-23 04:45:00,59.540012,59.74405652310855,3.609398168552644
2012-05-23 04:50:00,59.854828,59.48194996705126,3.6882495282638543
2012-05-23 04:55:00,59.740246,61.107729836323365,3.4425001298382703
2012-05-23 05:00:00,59.744213,62.68101386936426,2.309807589478465
2012-05-23 05:05:00,60.671295,61.44646470431169,2.653951508900366
2012-05-23 05:10:00,60.190968,63.791633800593196,2.2603028728966805
2012-05-23 05:15:00,60.89004,61.565605605577524,2.596257432661819
2012-05-23 05:20:00,61.12152,62.69224927829728,2.308505789030976
2012-05-23 05:25:00,61.809032,61.79277032511707,2.5045458611207736
2012-05-23 05:30:00,61.997692,62.52661028752471,2.329980986781753
2012-05-23 05:35:00,62.706024,61.42224421011063,2.6665568374710644
2012-05-23 05:40:00,62.737274,62.910919748433535,2.287189867357101
2012-05-23 05:45:00,63.192127,61.92133356266683,2.462025349332785
2012-05-23 05:50:00,63.329697,62.562050219660684,2.324959050794574
2012-05-23 05:55:00,63.342426,63.00143741323356,2.280412868323031
2012-05-23 06:00:00,63.81465,64.37409261049402,1.713914116184063
2012-05-23 06:05:00,63.4084,66.06820568560153,1.6499551883378256
2012-05-23 06:10:00,63.82506,64.00123243230406,1.7599334799838313
2012-05-23 06:15:00,63.83548,65.39265839014082,1.6535197489630589
2012-05-23 06:20:00,63.940807,65.26630631159217,1.6570384418757287
2012-05-23 06:25:00,63.89914,65.71480148740729,1.6487272924647172
2012-05-23 06:30:00,64.21048,64.86922491046528,1.674774961188789
2012-05-23 06:35:00,64.480156,65.18948026654088,1.6596558016010448
2012-05-23 06:40:00,64.668816,64.78406312070304,1.680033126279688
2012-05-23 06:45:00,64.99521,65.01329904486654,1.6671001521179898
2012-05-23 06:50:00,65.44907,64.72091591934374,1.6842981560036747
2012-05-23 06:55:00,65.84722,64.83332606756316,1.676923786383888
2012-05-23 07:00:00,65.826385,67.02218895457573,1.5053779925302262
2012-05-23 07:05:00,66.28472,65.01260423506027,1.6186729633406243
2012-05-23 07:10:00,66.50463,66.29303280582688,1.52633807599094
2012-05-23 07:15:00,66.85069,66.10414760736434,1.5347910414860715
2012-05-23 07:20:00,67.07986,66.39561010025155,1.5223144080448474
2012-05-23 07:25:00,67.29861,66.24983651666315,1.5281490570011247
2012-05-23 07:30:00,67.48611,66.87893124172318,1.5081673561776519
2012-05-23 07:35:00,67.48727,67.06440941260499,1.5046711298402322
2012-05-23 07:40:00,67.53819,66.20664862372367,1.5300310053906425
2012-05-23 07:45:00,67.61111,67.11702246776608,1.5038625482288153
2012-05-23 07:50:00,67.05671,67.35126255640328,1.5012212384964057
2012-05-23 07:55:00,66.834496,67.23208607502472,1.5023708759226757
2012-05-23 08:00:00,66.459496,66.5576659800837,1.6858713206380684
2012-05-23 08:05:00,65.94907,66.74557694951817,1.676797101304559
2012-05-23 08:10:00,65.79398,66.93271843318742,1.6688874946417682
2012-05-23 08:15:00,65.510414,67.31350295593552,1.6558728056370402
2012-05-23 08:20:00,65.39815,67.07236108197766,1.6636589907705552
2012-05-23 08:25:00,65.21065,66.88602361836692,1.6707619739519606
2012-05-23 08:30:00,65.0081,67.34916732760065,1.6548471831127822
2012-05-23 08:35:00,64.87269,66.6986573354363,1.6789523200908985
2012-05-23 08:40:00,64.77894,66.08669654484069,1.71445195664995
2012-05-23 08:45:00,64.60185,67.07236108197766,1.6636589907705552
2012-05-23 08:50:00,64.8125,64.50517517517581,1.9113807601736017
2012-05-23 08:55:00,64.87384,65.85689111635863,1.7320131565707335
2012-05-23 09:00:00,65.15509,64.4649429311761,2.1660027572938545
2012-05-23 09:05:00,65.607635,64.06789490726564,2.2474639483137815
2012-05-23 09:10:00,65.5243,65.76744474524068,2.004587104393337
2012-05-23 09:15:00,65.357635,65.58238202428065,2.0201342934048454
2012-05-23 09:20:00,65.10532,66.08766030083996,1.9817604408969913
2012-05-23 09:25:00,64.90741,65.58238202428065,2.0201342934048454
2012-05-23 09:30:00,64.766205,65.96760126652116,1.9897633331711828
2012-05-23 09:35:00,64.58565,65.62738198855273,2.016179004249522
2012-05-23 09:40:00,64.51273,65.2229697194448,2.0562613177929423
2012-05-23 09:45:00,64.364586,65.80747509416669,2.001464547119823
2012-05-23 09:50:00,64.364586,64.99908284282401,2.0834004511635906
2012-05-23 09:55:00,64.125,65.67239414663456,2.0123373311389963
2012-05-23 10:00:00,63.934025,65.22221417793892,2.143093436975258
2012-05-23 10:05:00,63.73148,65.5300205888286,2.126998349829972
2012-05-23 10:10:00,63.63657,64.97987772598712,2.1594492224325017
2012-05-23 10:15:00,63.60532,64.48577645564917,2.205853699972838
2012-05-23 10:20:00,63.589115,64.6075634507151,2.1925458922532397
2012-05-23 10:25:00,63.474533,64.36442725098853,2.220501892202144
2012-05-23 10:30:00,63.4537,64.93429219182964,2.1629473030597244
2012-05-23 10:35:00,63.56134,64.47227058011,2.207414166430662
2012-05-23 10:40:00,63.723377,64.5263249969863,2.2012731887989596
2012-05-23 10:45:00,63.694447,64.76151336942868,2.1775584539959287
2012-05-23 10:50:00,63.829865,64.6075634507151,2.1925458922532397
2012-05-23 10:55:00,63.989582,64.28378274853503,2.2310561685704666
2012-05-23 11:00:00,63.98264,64.20423295944387,2.232271944805424
2012-05-23 11:05:00,64.111115,64.44076067799365,2.214543510195904
2012-05-23 11:10:00,64.18403,64.32840483821396,2.222281595051935
2012-05-23 11:15:00,64.44444,64.10540604773415,2.2414067104095747
2012-05-23 11:20:00,64.43981,64.27037022536169,2.2267539640445135
2012-05-23 11:25:00,64.51736,63.70253788283086,2.2913683239987734
2012-05-23 11:30:00,64.54861,64.55368347058915,2.2078933445843476
2012-05-23 11:35:00,64.450226,64.59144860425768,2.2059018670047563
2012-05-23 11:40:00,63.996525,64.84051608369076,2.1953408410215514
2012-05-23 11:45:00,63.934025,64.36579285383955,2.2195756670284768
2012-05-23 11:50:00,63.777775,64.81931079636367,2.1960809696706076
2012-05-23 11:55:00,63.670135,64.6040496605447,2.205261959010963
2012-05-23 12:00:00,63.732635,64.08242574520192,2.068643152522287
2012-05-23 12:05:00,63.417828,64.77286731940022,2.062854593793349
2012-05-23 12:10:00,63.105328,64.47150309697777,2.05908667691402
2012-05-23 12:15:00,62.900467,64.9074198536758,2.0668398334375677
2012-05-23 12:20:00,62.837967,64.1525013298148,2.0654627933270393
2012-05-23 12:25:00,62.9375,63.88909707499906,2.0813172826618294
2012-05-23 12:30:00,62.827545,64.54328007407351,2.0592371117371435
2012-05-23 12:35:00,62.994213,64.13690559549624,2.0661094657700327
2012-05-23 12:40:00,63.306713,63.18929828717472,2.1862700261641206
2012-05-23 12:45:00,63.317127,64.04748662336446,2.070498421390122
2012-05-23 12:50:00,63.284718,64.1525013298148,2.0654627933270393
2012-05-23 12:55:00,63.326385,64.11743022704633,2.066965672960746
2012-05-23 13:00:00,63.128468,64.25397576683632,1.9096773502234587
2012-05-23 13:05:00,63.04398,63.68201117656569,1.9418345478241774
2012-05-23 13:10:00,63.100693,63.40934698416697,1.9824553322920184
2012-05-23 13:15:00,62.888885,64.16252710392068,1.9106920324378793
2012-05-23 13:20:00,62.763885,63.91368995694975,1.9209499636270753
2012-05-23 13:25:00,62.67014,64.18533212414646,1.9103107756201017
2012-05-23 13:30:00,62.59259,64.13217552472403,1.9113362720526526
2012-05-23 13:35:00,62.24074,64.6587618756028,1.9193249530497951
2012-05-23 13:40:00,62.105328,64.18533212414646,1.9103107756201017
2012-05-23 13:45:00,62.074078,64.0490054053875,1.91393537814915
2012-05-23 13:50:00,61.990738,64.01133074622702,1.9155309871073165
2012-05-23 13:55:00,62.021988,64.21961031776091,1.9098997463252492
2012-05-23 14:00:00,62.084488,63.48898632062131,2.0594578612295895
2012-05-23 14:05:00,62.146988,63.28746978902786,2.094781889127155
2012-05-23 14:10:00,62.211807,63.470354668866,2.0622126683322497
2012-05-23 14:15:00,62.347225,63.35475033586653,2.081610290119312
2012-05-23 14:20:00,62.35764,63.38833665686975,2.075559890835897
2012-05-23 14:25:00,62.546295,63.75808639742436,2.0302962168852106
2012-05-23 14:30:00,62.51273,63.75808639742436,2.0302962168852106
2012-05-23 14:35:00,62.70255,63.38087514304641,2.0768741966138164
2012-05-23 14:40:00,62.8588,63.62324411924133,2.042502309444203
2012-05-23 14:45:00,62.890045,63.825903190039675,2.025839082737652
2012-05-23 14:50:00,62.964123,63.619508734022304,2.042907612692144
2012-05-23 14:55:00,62.797455,64.20682386216225,2.0184298747210496
2012-05-23 15:00:00,62.787037,63.45405519448148,2.8004376441398526
2012-05-23 15:05:00,63.003475,63.25996700717541,2.836791366582083
2012-05-23 15:10:00,63.121525,63.443044592227004,2.8020849952006777
2012-05-23 15:15:00,63.121525,63.55440255707506,2.7874655963834294
2012-05-23 15:20:00,63.377316,63.197061011833654,2.8522839578846373
2012-05-23 15:25:00,63.36574,64.17158318829992,2.7676782177141335
2012-05-23 15:30:00,63.4213,63.41382226068597,2.8066797028172865
2012-05-23 15:35:00,63.537037,63.7621125649531,2.7707740509630105
2012-05-23 15:40:00,63.474537,63.905849604302524,2.7658432125252634
2012-05-23 15:45:00,63.546295,63.69182370734426,2.7750401635922413
2012-05-23 15:50:00,63.535877,63.62258882805933,2.780584386262442
2012-05-23 15:55:00,63.550762,63.421110168480816,2.805503029845692
2012-05-23 16:00:00,63.738262,62.65369930905254,6.325624264865436
2012-05-23 16:05:00,63.76141,63.25691930758123,6.050978860235465
2012-05-23 16:10:00,63.88641,63.122721839207095,6.095034011932903
2012-05-23 16:15:00,64.11095,62.82130450436183,6.232090682998457
2012-05-23 16:20:00,64.042656,63.31947977456114,6.034154933357442
2012-05-23 16:25:00,63.93849,63.40550002633051,6.014585277979633
2012-05-23 16:30:00,64.20701,62.865407295545744,6.209171349514926
2012-05-23 16:35:00,64.08085,63.44473743643386,6.006908829716649
2012-05-23 16:40:00,63.070435,62.976185627017195,6.155600857774207
2012-05-23 16:45:00,62.696594,63.225552456506016,6.060290614092715
2012-05-23 16:50:00,61.549603,62.86103913300435,6.211403054047051
2012-05-23 16:55:00,59.138885,62.715312504669505,6.290217535642665
2012-05-23 17:00:00,55.662033,60.57049110323854,19.89570764433444
2012-05-23 17:05:00,51.787037,60.57049110323854,19.89570764433444
2012-05-23 17:10:00,47.85879,60.956034071101435,19.312669710059566
2012-05-23 17:15:00,44.144672,61.04939103186468,19.136460199339993
2012-05-23 17:20:00,40.66551,60.03925749417016,20.41472582264038
2012-05-23 17:25:00,36.475697,59.95377043045357,20.478184722698387
2012-05-23 17:30:00,32.435184,61.35911566476104,18.44805852193662
2012-05-23 17:35:00,28.591436,59.86554328084106,20.539591710163553
2012-05-23 17:40:00,25.872686,41.142691142744816,21.121300756525493
2012-05-23 17:45:00,22.172455,55.81411700023828,22.106330177153527
2012-05-23 17:50:00,19.267363,38.20338048392312,20.765191312686458
2012-05-23 17:55:00,17.246529,31.95666383050435,18.45355318314897
2012-05-23 18:00:00,16.311344,31.02575089354089,19.08087918275483
2012-05-23 18:05:00,15.603008,31.080453926155897,18.989570629976694
2012-05-23 18:10:00,14.950893,31.07885407458266,18.990869997595954
2012-05-23 18:15:00,14.3409395,31.04346722334658,19.034830610182087
2012-05-23 18:20:00,14.0076065,31.033334434467594,19.05717536601016
2012-05-23 18:25:00,14.266865,31.15821969561063,18.958273066294236
2012-05-23 18:30:00,13.881448,31.085962205272562,18.985404322641802
2012-05-23 18:35:00,13.568948,31.0915986529004,18.98158051005066
2012-05-23 18:40:00,13.045802,31.073329181029365,18.995686641450487
2012-05-23 18:45:00,13.119876,31.123943519463477,18.966206341112073
2012-05-23 18:50:00,13.276124,31.14036807682093,18.961565335587665
2012-05-23 18:55:00,13.849041,31.230298580754887,18.957527790136687
2012-05-23 19:00:00,14.48793,31.03159419090481,19.9630974607626
2012-05-23 19:05:00,14.73793,31.060111209942136,19.902712409493564
2012-05-23 19:10:00,15.454862,31.04897075548135,19.92465011162412
2012-05-23 19:15:00,15.689815,31.006169830572222,20.032157740119697
2012-05-23 19:20:00,16.21875,30.963167870979827,20.22694776869898
2012-05-23 19:25:00,17.399305,30.976194420022136,20.14910141922658
2012-05-23 19:30:00,19.836805,31.01295753998419,20.011834249182606
2012-05-23 19:35:00,24.295137,31.006840341764914,20.030079274096874
2012-05-23 19:40:00,28.922455,31.02282900750984,19.984883496821606
2012-05-23 19:45:00,33.144676,30.978311336598306,20.13869876442685
2012-05-23 19:50:00,37.519676,30.978176284963393,20.13934506601188
2012-05-23 19:55:00,41.644676,30.978176284963393,20.13934506601188
2012-05-23 20:00:00,45.792828,31.509469298059887,22.072331877459067
2012-05-23 20:05:00,50.297455,31.41042185937252,21.467746294622245
2012-05-23 20:10:00,54.421295,31.50143158964036,22.03603597919005
2012-05-23 20:15:00,58.57523,31.452810390229505,21.785626394466345
2012-05-23 20:20:00,62.192127,31.691833152132066,22.721006360067744
2012-05-23 20:25:00,65.09838,32.201454887456876,23.876675835569515
2012-05-23 20:30:00,67.171295,36.31016768437957,25.13847239855718
2012-05-23 20:35:00,67.291664,66.97379599598811,1.621635866262116
2012-05-23 20:40:00,67.197914,67.17970381218964,1.610033908738041
2012-05-23 20:45:00,67.26273,66.9133721381421,1.6263446646217135
2012-05-23 20:50:00,67.23148,67.42179567589928,1.6032693260284911
2012-05-23 20:55:00,67.37384,66.60741666449924,1.6624937698927822
2012-05-23 21:00:00,67.28009,67.33715239006887,1.5807103107222835
2012-05-23 21:05:00,67.354164,66.71304537822341,1.5528827685537596
2012-05-23 21:10:00,67.0625,67.17932096809979,1.5715570393059013
2012-05-23 21:15:00,67.1551,66.62668534639057,1.5511795440325964
2012-05-23 21:20:00,67.112274,66.98826711095842,1.5621939438725911
2012-05-23 21:25:00,67.23727,66.40627211827456,1.549977801062867
2012-05-23 21:30:00,67.195595,66.85997158835323,1.5571710807405104
2012-05-23 21:35:00,66.87153,67.1969212045295,1.5725192451189027
2012-05-23 21:40:00,66.8507,66.73100662262625,1.553315648799648
2012-05-23 21:45:00,66.91898,66.97049082083767,1.561433121349335
2012-05-23 21:50:00,66.64815,67.14760071534822,1.5698622777633984
2012-05-23 21:55:00,66.609955,66.91351315317301,1.5591320886300615
2012-05-23 22:00:00,66.44445,66.3220265108524,1.8353367210522673
2012-05-23 22:05:00,66.365746,66.20855628740416,1.8299407377260632
2012-05-23 22:10:00,66.584496,65.51716786832958,1.8110681766395673
2012-05-23 22:15:00,66.65046,66.17915457928476,1.8286311789300387
2012-05-23 22:20:00,66.483795,66.12020543070174,1.826121152915669
2012-05-23 22:25:00,66.358795,66.05736200651508,1.8236222823087533
2012-05-23 22:30:00,66.41088,65.99059368869156,1.8211781948397716
2012-05-23 22:35:00,66.53125,65.42975041661096,1.8107947356480845
2012-05-23 22:40:00,66.44444,65.92359407417517,1.8189552722241522
2012-05-23 22:45:00,66.28819,66.45285199679593,1.8421784273832962
2012-05-23 22:50:00,66.16319,65.55130202071217,1.811322303348464
2012-05-23 22:55:00,66.00694,66.05736200651508,1.8236222823087533
2012-05-23 23:00:00,65.72454,64.81291879239564,2.1641089191981204
2012-05-23 23:05:00,65.49769,64.97945899768101,2.1697553799908893
2012-05-23 23:10:00,65.22685,65.24958812373588,2.1812430910116327
2012-05-23 23:15:00,64.99421,65.41677793865931,2.1895657963566957
2012-05-23 23:20:00,64.81829,64.59954303911087,2.1587622154777173
2012-05-23 23:25:00,64.83333,64.67210242266316,2.1603249515862593
2012-05-23 23:30:00,64.70833,65.1823485492847,2.178141294366751
2012-05-23 23:35:00,64.865746,64.84327544492918,2.165047709039492
2012-05-23 23:40:00,64.7824,64.66065770149719,2.1600603666828744
2012-05-23 23:45:00,64.27645,64.97945899768101,2.1697553799908893
2012-05-23 23:50:00,64.632935,64.15357902079673,2.1558504167831907
2012-05-23 23:55:00,64.40377,64.5689430295836,2.158186421408145
2012-05-24 00:00:00,64.51836,62.722298163226526,2.6351770174929614
2012-05-24 00:05:00,64.573906,63.0680353255328,2.634585039181991
2012-05-24 00:10:00,64.3507,63.196127313872076,2.6362822632213523
2012-05-24 00:15:00,64.177086,63.49014465095817,2.643348664973528
2012-05-24 00:20:00,64.20486,62.85738224450841,2.633966789293094
2012-05-24 00:25:00,64.08565,63.55043614959808,2.64526837412059
2012-05-24 00:30:00,64.03356,63.60317471792734,2.6470609086558166
2012-05-24 00:35:00,63.646988,64.18137860769217,2.672060310268558
2012-05-24 00:40:00,63.640045,63.21874054490354,2.6366758918606945
2012-05-24 00:45:00,63.97933,62.167725857274235,2.656530039797211
2012-05-24 00:50:00,63.24785,64.15146418102513,2.670589087070365
2012-05-24 00:55:00,62.9122,62.6548901895926,2.6362995006993595
2012-05-24 01:00:00,62.745533,61.881384041306205,3.219628454633043
2012-05-24 01:05:00,62.4585,62.04136157008151,3.2292886072927645
2012-05-24 01:10:00,62.285877,61.26242076354651,3.1946543455332113
2012-05-24 01:15:00,61.913193,61.70864111146583,3.210233569255353
2012-05-24 01:20:00,61.697918,61.7314878995694,3.2113982560976626
2012-05-24 01:25:00,61.572918,61.95133175409429,3.223760331514869
2012-05-24 01:30:00,61.256943,62.23539613132649,3.2417506956847753
2012-05-24 01:35:00,61.32986,61.70864111146583,3.210233569255353
2012-05-24 01:40:00,60.89236,61.98647637203627,3.2258934323324406
2012-05-24 01:45:00,60.86111,62.05709031631619,3.230274214243078
2012-05-24 01:50:00,61.017365,60.644429663043205,3.2151219370394553
2012-05-24 01:55:00,61.304398,60.477198638383214,3.236060488486979
2012-05-24 02:00:00,61.305557,60.07464393004534,3.9244843283620785
2012-05-24 02:05:00,61.29514,59.853676098683614,3.9154142107176138
2012-05-24 02:10:00,61.26389,59.50952560765865,3.9089663555407035
2012-05-24 02:15:00,61.18982,59.36125792269672,3.9118138919678227
2012-05-24 02:20:00,60.887737,59.79314527427602,3.9134110733637413
2012-05-24 02:25:00,60.137737,60.27441750524999,3.9339923254177394
2012-05-24 02:30:00,60.17477,59.936226035961276,3.918529476923623
2012-05-24 02:35:00,59.29977,60.69853980503666,3.9542561230574957
2012-05-24 02:40:00,59.54977,59.4055948522726,3.910442904259211
2012-05-24 02:45:00,58.92824,60.69853980503666,3.9542561230574957
2012-05-24 02:50:00,58.78241,59.82326009775063,3.914374057978461
2012-05-24 02:55:00,58.134262,60.02079842487537,3.9220797743516935
2012-05-24 03:00:00,57.76852,59.25649330802067,4.476718444408874
2012-05-24 03:05:00,57.164356,58.99750960592328,4.476173134863662
2012-05-24 03:10:00,56.505787,58.61514564362409,4.478118655724779
2012-05-24 03:15:00,56.629627,58.401710612402916,4.4878763440281295
2012-05-24 03:20:00,57.24884,58.29531738241019,4.5000821695693904
2012-05-24 03:25:00,57.94676,58.0624649552555,4.662957319139388
2012-05-24 03:30:00,57.871525,59.226922206819204,4.476698091723999
2012-05-24 03:35:00,58.090275,58.0624649552555,4.662957319139388
2012-05-24 03:40:00,58.246525,59.28634077257436,4.4767204025389065
2012-05-24 03:45:00,58.076385,58.24111135879961,4.51038576079069
2012-05-24 03:50:00,58.454865,58.61514564362409,4.478118655724779
2012-05-24 03:55:00,58.828705,58.066041079231944,4.642275104714207
2012-05-24 04:00:00,58.120373,58.619661284323506,4.371947154289528
2012-05-24 04:05:00,56.912037,58.30599844769808,4.797738939794386
2012-05-24 04:10:00,57.421295,58.31568623669302,5.326720944092477
2012-05-24 04:15:00,57.202545,58.96251590862834,4.259975760706065
2012-05-24 04:20:00,56.81366,60.39603691887502,4.070706145715913
2012-05-24 04:25:00,56.730328,59.62246131352833,4.15126192411092
2012-05-24 04:30:00,56.370373,59.317924712773966,4.193010235453421
2012-05-24 04:35:00,56.599537,58.461437998998996,4.472744300834835
2012-05-24 04:40:00,56.312336,60.181876789877926,4.091039189954064
2012-05-24 04:45:00,56.871365,58.33933153205152,4.650962407937459
2012-05-24 04:50:00,56.019512,60.117281833212154,4.097368696938599
2012-05-24 04:55:00,56.312336,58.764410424715926,4.314863777271801
2012-05-24 05:00:00,57.599377,59.20650545252218,6.721278337542347
2012-05-24 05:05:00,59.26488,54.51619281948977,21.605437844847646
2012-05-24 05:10:00,59.705853,60.579650129443316,3.25835136607054
2012-05-24 05:15:00,60.421127,60.477138626148026,3.342390954478446
2012-05-24 05:20:00,60.63409,61.113585160610945,3.0035738904588993
2012-05-24 05:25:00,60.67113,61.38938858869283,2.935832070488886
2012-05-24 05:30:00,61.11558,60.44432685868404,3.373116536511159
2012-05-24 05:35:00,61.282246,60.91144093523065,3.074427772422144
2012-05-24 05:40:00,61.542828,61.244533981859284,2.9680387108729076
2012-05-24 05:45:00,61.848377,61.47657043064053,2.9193943254223576
2012-05-24 05:50:00,62.839115,59.97152811277615,4.1209193048426025
2012-05-24 05:55:00,63.190968,61.625778205300975,2.8955022315082672
2012-05-24 06:00:00,63.200226,64.99307957217025,1.9200981177259784
2012-05-24 06:05:00,63.663193,63.54898619139535,2.153843882370401
2012-05-24 06:10:00,63.944443,64.46241848620421,1.954172947669181
2012-05-24 06:15:00,63.898148,65.2541636802474,1.9147973410554107
2012-05-24 06:20:00,64.138885,64.41104437848347,1.959576318485959
2012-05-24 06:25:00,64.55556,64.13389971755429,1.997473017724593
2012-05-24 06:30:00,64.98148,64.25538832030514,1.9788819378301648
2012-05-24 06:35:00,65.22106,64.01546989192487,2.0191504517384247
2012-05-24 06:40:00,65.34144,64.73177214826352,1.9324218760986989
2012-05-24 06:45:00,65.609955,65.15653013011752,1.916030814632246
2012-05-24 06:50:00,65.7118,65.2541636802474,1.9147973410554107
2012-05-24 06:55:00,65.78588,65.47950872586617,1.915103551056289
2012-05-24 07:00:00,65.92477,66.2355986268471,1.746172995620409
2012-05-24 07:05:00,66.15625,66.27575779699426,1.7436845387050255
2012-05-24 07:10:00,66.229164,66.75814680923351,1.722053365513194
2012-05-24 07:15:00,66.479164,66.31595669344618,1.7413121084111844
2012-05-24 07:20:00,66.729164,66.51720834344987,1.7310821918323296
2012-05-24 07:25:00,66.77546,66.91757250507207,1.7177760529735533
2012-05-24 07:30:00,66.84838,67.11458284542694,1.7141799323358768
2012-05-24 07:35:00,67.256935,65.99090746419482,1.7641380153572908
2012-05-24 07:40:00,67.50694,66.39643028971712,1.7369024218311002
2012-05-24 07:45:00,67.48843,67.53479099347754,1.712238008796976
2012-05-24 07:50:00,67.69213,66.95720467122298,1.7169067470796735
2012-05-24 07:55:00,67.83102,67.11458284542694,1.7141799323358768
2012-05-24 08:00:00,67.92361,66.40764242360451,1.956709808965577
2012-05-24 08:05:00,67.95139,66.85843154875187,1.9264338032041364
2012-05-24 08:10:00,68.00347,66.64868502630348,1.9391228269993752
2012-05-24 08:15:00,68.03125,66.98070187558065,1.9199857625982462
2012-05-24 08:20:00,67.888885,67.18319984568093,1.9106360254686752
2012-05-24 08:25:00,67.9537,66.69479492394859,1.936141677866224
2012-05-24 08:30:00,67.88078,67.01626572990415,1.9182286375810946
2012-05-24 08:35:00,67.760414,67.3436794308375,1.9042654719250651
2012-05-24 08:40:00,67.72338,67.06191887888502,1.9160471546339883
2012-05-24 08:45:00,67.77893,67.06191887888502,1.9160471546339883
2012-05-24 08:50:00,67.539345,67.42330141855645,1.9014116457469343
2012-05-24 08:55:00,67.4838,67.3037043842506,1.90577326171817
2012-05-24 09:00:00,67.446754,66.1184136823854,2.3022945931530194
2012-05-24 09:05:00,67.38195,66.27704274565603,2.281691141541503
2012-05-24 09:10:00,67.46528,66.17793585102044,2.2943249223349356
2012-05-24 09:15:00,67.268524,66.39576345743538,2.2675259473028757
2012-05-24 09:20:00,67.20718,65.86513505147285,2.3397916039332354
2012-05-24 09:25:00,66.984955,66.27704274565603,2.281691141541503
2012-05-24 09:30:00,66.91204,65.99927069689782,2.319175328053442
2012-05-24 09:35:00,66.93981,66.1184136823854,2.3022945931530194
2012-05-24 09:40:00,66.93519,66.19776865237274,2.291734687160855
2012-05-24 09:45:00,66.70255,66.59295329304315,2.2460799286564352
2012-05-24 09:50:00,66.74422,65.68623097581772,2.370270899194338
2012-05-24 09:55:00,66.69213,66.35621860608273,2.2721324556197904
2012-05-24 10:00:00,66.664345,65.48015713392442,2.6765473281505794
2012-05-24 10:05:00,66.508095,65.51915726910461,2.670552935836369
2012-05-24 10:10:00,66.29977,66.04647151031972,2.599821333159882
2012-05-24 10:15:00,66.195595,65.08166961742289,2.7458739206091516
2012-05-24 10:20:00,66.34028,65.13011844205367,2.736567833461539
2012-05-24 10:25:00,66.229164,64.85942470700535,2.7922366543774473
2012-05-24 10:30:00,66.15624,65.21258781785657,2.7213272327260287
2012-05-24 10:35:00,66.04861,65.75342809444957,2.6369616824222644
2012-05-24 10:40:00,65.84028,65.6948279380418,2.645001415726258
2012-05-24 10:45:00,65.702545,65.1252720405564,2.737487101339866
2012-05-24 10:50:00,65.55671,65.38760758657001,2.6912872187192143
2012-05-24 10:55:00,65.44213,65.65088794515827,2.6511816152958696
2012-05-24 11:00:00,65.372025,65.08193173982941,2.626097969588806
2012-05-24 11:05:00,65.22619,64.62355098905185,2.658951757114011
2012-05-24 11:10:00,65.090775,64.90289403663395,2.6356956104306954
2012-05-24 11:15:00,65.03869,64.42568769022199,2.683066721828082
2012-05-24 11:20:00,64.54217,65.43059082525255,2.615807395481922
2012-05-24 11:25:00,64.49587,64.19832943474714,2.720265377379024
2012-05-24 11:30:00,64.37087,64.66327763497675,2.6549301585553384
2012-05-24 11:35:00,64.10004,65.02359154001765,2.62883872859192
2012-05-24 11:40:00,64.05374,64.58387918560213,2.6632292031625178
2012-05-24 11:45:00,63.910217,64.33810421281159,2.696112214295015
2012-05-24 11:50:00,63.791004,64.5442599549769,2.6677713379546373
2012-05-24 11:55:00,63.53059,64.90289403663395,2.6356956104306954
2012-05-24 12:00:00,63.283566,64.68242356288313,2.402749044691288
2012-05-24 12:05:00,63.42824,63.97788861479887,2.4793394910973996
2012-05-24 12:10:00,63.30324,64.28092195022724,2.43065701111714
2012-05-24 12:15:00,63.239582,64.13000254925855,2.451732972856212
2012-05-24 12:20:00,63.25694,63.44507350420913,2.628219707318465
2012-05-24 12:25:00,63.275463,63.931115356102545,2.4891424537405755
2012-05-24 12:30:00,63.212963,64.09210050966527,2.458005323211865
2012-05-24 12:35:00,63.193287,63.90127330607507,2.4957235952685117
2012-05-24 12:40:00,63.07292,64.30181030234122,2.4282208896771516
2012-05-24 12:45:00,63.27199,63.70781305546783,2.544589605436295
2012-05-24 12:50:00,63.203705,63.99909977651603,2.4750987154840334
2012-05-24 12:55:00,63.23264,63.82423349849531,2.513892178939947
2012-05-24 13:00:00,63.315975,63.52352728193514,2.595186083351024
2012-05-24 13:05:00,63.07523,64.26854044185292,2.4708259422458303
2012-05-24 13:10:00,63.096066,63.56437586219668,2.5843800537647517
2012-05-24 13:15:00,63.23264,63.641032499331594,2.5653691626589654
2012-05-24 13:20:00,63.35764,63.23237474471423,2.6858478598459428
2012-05-24 13:25:00,63.440975,63.748173423475755,2.541568284968855
2012-05-24 13:30:00,63.597225,63.60503877612883,2.574089679921166
2012-05-24 13:35:00,63.384262,63.568903385185145,2.5832110649700986
2012-05-24 13:40:00,63.50926,63.60503877612883,2.574089679921166
2012-05-24 13:45:00,63.33102,64.20027068332455,2.4760230121963063
2012-05-24 13:50:00,63.380787,63.482493732557195,2.606515838549204
2012-05-24 13:55:00,63.371525,63.676883916917724,2.557045804603892
2012-05-24 14:00:00,63.381943,63.42030981249897,3.0527092176776445
2012-05-24 14:05:00,63.344906,62.922154156050055,3.2093962906549476
2012-05-24 14:10:00,63.240738,63.21564736328907,3.106604788672275
2012-05-24 14:15:00,62.817127,63.749892580054905,2.9915041104518925
2012-05-24 14:20:00,62.660885,63.29738203609487,3.0834693191693265
2012-05-24 14:25:00,62.503475,63.6489194614073,3.007220714796945
2012-05-24 14:30:00,62.190968,63.79126883185705,2.985772708351836
2012-05-24 14:35:00,62.29282,62.31913824714707,3.539653582086719
2012-05-24 14:40:00,62.06366,63.66726114674042,3.0041788784671266
2012-05-24 14:45:00,62.09375,63.09340074170114,3.145506809670406
2012-05-24 14:50:00,62.01273,63.2474107394043,3.097349612905489
2012-05-24 14:55:00,62.04051,63.21111174076275,3.107954073773035
2012-05-24 15:00:00,62.11343,62.56676033456605,5.536733431035841
2012-05-24 15:05:00,62.35417,61.84676461108364,5.997407508104277
2012-05-24 15:10:00,62.312504,61.8830949249714,5.97250163686919
2012-05-24 15:15:00,62.600697,60.86250253266181,6.652187113797026
2012-05-24 15:20:00,62.631947,61.73992820397376,6.070811750593681
2012-05-24 15:25:00,62.622684,62.12558271663974,5.80864313516528
2012-05-24 15:30:00,62.747684,61.58730622192246,6.175445556249888
2012-05-24 15:35:00,62.747684,61.761682811674895,6.055862436534717
2012-05-24 15:40:00,62.98727,61.836288303892935,6.004603220610143
2012-05-24 15:45:00,63.098377,62.313498259679996,5.687348565299381
2012-05-24 15:50:00,63.296295,62.01893543781829,5.880010996593228
2012-05-24 15:55:00,63.43634,62.424241689708786,5.619435868815457
2012-05-24 16:00:00,63.521988,59.88268836700434,16.045508301615147
2012-05-24 16:05:00,63.54977,59.806119176322234,16.13175034127925
2012-05-24 16:10:00,63.435184,55.84363515034014,18.732455517965068
2012-05-24 16:15:00,61.508102,58.16115620712321,17.617791629151018
2012-05-24 16:20:00,58.935184,56.5441209414107,18.499852693052144
2012-05-24 16:25:00,55.835648,57.30733036954666,18.147349472021634
2012-05-24 16:30:00,52.438324,57.54050877343153,18.017484270846875
2012-05-24 16:35:00,49.22536,56.09954783700339,18.65699962990055
2012-05-24 16:40:00,45.871197,59.76736255760471,16.174771170124675
2012-05-24 16:45:00,42.532078,59.595719165061574,16.36024664116053
2012-05-24 16:50:00,38.739254,59.76736255760471,16.174771170124675
2012-05-24 16:55:00,35.051754,60.21179439108911,15.655357093528677
2012-05-24 17:00:00,30.851522,58.25414037775594,33.63115595054316
2012-05-24 17:05:00,26.768188,57.35205009870942,34.80887853917282
2012-05-24 17:10:00,23.091105,49.950213521949166,33.25291910330958
2012-05-24 17:15:00,21.146662,31.36927371488476,19.397228262263173
2012-05-24 17:20:00,19.865412,30.79862703513143,18.37549642370406
2012-05-24 17:25:00,18.964949,30.788246572472065,18.191640474547675
2012-05-24 17:30:00,18.299768,30.829138973310222,18.163661288559073
2012-05-24 17:35:00,17.560184,30.812898242826662,18.168487426377393
2012-05-24 17:40:00,16.72685,30.79651486553716,18.180228967420668
2012-05-24 17:45:00,15.84375,30.79651486553716,18.180228967420668
2012-05-24 17:50:00,15.538194,30.875469160583904,18.16653689151665
2012-05-24 17:55:00,14.829861,30.844665401693096,18.16257517910145
2012-05-24 18:00:00,14.650463,30.583464859050633,18.977386551546235
2012-05-24 18:05:00,14.775463,30.57154720497905,18.98865351307453
2012-05-24 18:10:00,14.424769,30.57391286340653,18.9863172859348
2012-05-24 18:15:00,14.174769,30.55912103047194,19.001764795743668
2012-05-24 18:20:00,14.091435,30.57866660975095,18.98177656040293
2012-05-24 18:25:00,13.877315,30.601621827450746,18.962330311720084
2012-05-24 18:30:00,14.072917,30.61295121179096,18.954029264479914
2012-05-24 18:35:00,14.28125,30.607957624186287,18.957589026203134
2012-05-24 18:40:00,14.125,30.602999282922184,18.96127517631932
2012-05-24 18:45:00,14.4398155,30.614898423764387,18.952690259561816
2012-05-24 18:50:00,14.704861,30.582127634250753,18.97859347169309
2012-05-24 18:55:00,14.819444,30.64342742893099,18.935207955963566
2012-05-24 19:00:00,15.300926,30.61886488316148,20.024162754537226
2012-05-24 19:05:00,15.196759,30.569682590490604,20.231294461345886
2012-05-24 19:10:00,16.039352,30.64042436950953,19.963874423024304
2012-05-24 19:15:00,17.687498,30.613008294248257,20.04268452849598
2012-05-24 19:20:00,18.093748,30.600880230204165,20.084780763942764
2012-05-24 19:25:00,20.010416,30.637451334748558,19.971554802381668
2012-05-24 19:30:00,24.232641,30.582475232000025,20.162120610446944
2012-05-24 19:35:00,28.565971,30.5782359398185,20.18318261309238
2012-05-24 19:40:00,33.302082,30.628688524844534,19.995322110009187
2012-05-24 19:45:00,37.276623,30.569171103191398,20.234463309110037
2012-05-24 19:50:00,41.453705,30.56012715328463,20.29830974090251
2012-05-24 19:55:00,46.099537,30.611920760696062,20.046227082409835
2012-05-24 20:00:00,50.172455,31.013390346058483,22.151576569123254
2012-05-24 20:05:00,54.503475,30.9883008852986,21.8656808025673
2012-05-24 20:10:00,58.40741,31.059720414657615,22.494229624709373
2012-05-24 20:15:00,61.255787,31.76061324088279,24.818064530853885
2012-05-24 20:20:00,65.140045,31.01997820753266,22.208925450772103
2012-05-24 20:25:00,67.86921,31.96045180338219,25.220586640777018
2012-05-24 20:30:00,67.73958,66.84167808488635,2.1862350913442357
2012-05-24 20:35:00,67.64583,67.10911108840223,2.0503455547835308
2012-05-24 20:40:00,67.38657,67.239213371654,2.013676113542313
2012-05-24 20:45:00,67.50116,66.65407828011512,2.4133357488796827
2012-05-24 20:50:00,67.25347,67.13123015490982,2.043273946185589
2012-05-24 20:55:00,67.057045,67.27145270687585,2.006122426681435
2012-05-24 21:00:00,67.02117,66.96757267305486,1.6798801844567517
2012-05-24 21:05:00,66.85682,67.03131484925746,1.680539280641425
2012-05-24 21:10:00,66.70057,67.10734402439174,1.6822320618024182
2012-05-24 21:15:00,66.55473,66.92274451985874,1.6799343074675164
2012-05-24 21:20:00,66.56399,66.67128923436078,1.6926291092297807
2012-05-24 21:25:00,65.26191,66.92274451985874,1.6799343074675164
2012-05-24 21:30:00,64.46561,66.55606618784773,1.7099432361600766
2012-05-24 21:35:00,64.22603,66.90066989696913,1.6801439905584188
2012-05-24 21:40:00,64.23528,66.68853893584617,1.6908341567006515
2012-05-24 21:45:00,64.27695,66.7526976893787,1.6855915157239816
2012-05-24 21:50:00,64.305885,66.62071586831415,1.698990754765178
2012-05-24 21:55:00,64.02315,66.83887597114224,1.6814792127253144
2012-05-24 22:00:00,63.986115,66.28349582251303,1.802083178314211
2012-05-24 22:05:00,64.00232,66.0230129345272,1.7928575970126774
2012-05-24 22:10:00,63.700237,66.13084700703398,1.7957809664755737
2012-05-24 22:15:00,63.581024,65.94336985240749,1.7917058753646693
2012-05-24 22:20:00,63.614582,66.01707629963177,1.792740420731458
2012-05-24 22:25:00,64.75,62.96572345044194,3.581350878208166
2012-05-24 22:30:00,65.50811,64.28750605120172,2.516617406411673
2012-05-24 22:35:00,65.50231,65.68626675619377,1.7956642797268616
2012-05-24 22:40:00,65.46412,66.04086039970775,1.7932391060138688
2012-05-24 22:45:00,65.3426,66.21288084724797,1.7988908033210407
2012-05-24 22:50:00,65.30093,65.99634557698535,1.7923686133745151
2012-05-24 22:55:00,65.5301,65.51475141719582,1.8071019249229294
2012-05-24 23:00:00,65.51157,65.27453253453022,2.132092884971511
2012-05-24 23:05:00,65.172455,65.13301473888545,2.123420178717586
2012-05-24 23:10:00,65.27315,64.30757280458987,2.1059350269301964
2012-05-24 23:15:00,65.48611,64.63034770289511,2.104021637202781
2012-05-24 23:20:00,65.41319,65.17894235242578,2.1261189714338826
2012-05-24 23:25:00,65.47569,64.92555724077559,2.1128925151165134
2012-05-24 23:30:00,65.4676,64.73742050784905,2.106260002343879
2012-05-24 23:35:00,65.50463,64.65790836825802,2.1044789495711123
2012-05-24 23:40:00,65.37963,64.98866237200787,2.1157789471265365
2012-05-24 23:45:00,65.38657,64.93606081344355,2.1133523789876127
2012-05-24 23:50:00,65.334496,64.92555724077559,2.1128925151165134
2012-05-24 23:55:00,65.172455,65.14713959119513,2.124237564496987
2012-05-25 00:00:00,65.107635,63.821221419808246,2.777743540112931
2012-05-25 00:05:00,65.3993,62.585437171655265,2.722730218059479
2012-05-25 00:10:00,65.21528,63.126749372420285,2.7363325760056756
2012-05-25 00:15:00,64.63194,63.884876436972974,2.782070488282013
2012-05-25 00:20:00,64.45486,63.527649286578054,2.758475436760016
2012-05-25 00:25:00,64.0162,63.70598567511863,2.7700080215939877
2012-05-25 00:30:00,63.670135,63.25189931859834,2.7424877649144275
2012-05-25 00:35:00,63.815968,63.31470996635846,2.745869336804759
2012-05-25 00:40:00,63.41435,63.138453034031464,2.7368719369892016
2012-05-25 00:45:00,63.10185,63.527649286578054,2.758475436760016
2012-05-25 00:50:00,62.643513,63.31470996635846,2.745869336804759
2012-05-25 00:55:00,61.930557,63.18924238404574,2.739302095033184
2012-05-25 01:00:00,61.690975,62.88679342804872,3.4763971853094966
2012-05-25 01:05:00,60.503475,62.83295178721871,3.483241250297155
2012-05-25 01:10:00,60.07639,61.31352277463588,3.6708906758635145
2012-05-25 01:15:00,59.57639,60.60467701626667,3.785242146831967
2012-05-25 01:20:00,59.23264,61.89144708941856,3.598447415355841
2012-05-25 01:25:00,59.501156,60.95679146875141,3.7222037403639625
2012-05-25 01:30:00,59.85532,60.7973760920356,3.7486282304446044
2012-05-25 01:35:00,58.98032,63.21137137471235,3.434269159918333
2012-05-25 01:40:00,59.38773,60.476597459086236,3.813573113847637
2012-05-25 01:45:00,59.34607,61.26790107626436,3.677027129028098
2012-05-25 01:50:00,58.924774,60.46113218888963,3.817269766661264
2012-05-25 01:55:00,59.026623,59.758636295752716,4.154309278807191
2012-05-25 02:00:00,58.87335,60.75461625077134,4.38973726999505
2012-05-25 02:05:00,59.200893,59.13598513504299,5.867157623384187
2012-05-25 02:10:00,59.784225,59.15163444350252,4.849424227012694
2012-05-25 02:15:00,60.062,59.07439759908831,5.2805865698219785
2012-05-25 02:20:00,59.72867,59.57904667803175,4.63824648952292
2012-05-25 02:25:00,58.669643,61.251080062475616,4.296178944484942
2012-05-25 02:30:00,58.398808,61.48457159657091,4.251174678260511
2012-05-25 02:35:00,58.887234,59.09218974709545,4.933478442058565
2012-05-25 02:40:00,58.39186,61.29849780926154,4.287104050189946
2012-05-25 02:45:00,58.28538,60.158889622764825,4.50321295247247
2012-05-25 02:50:00,58.477512,59.063021249295964,5.198519233716987
2012-05-25 02:55:00,58.357143,59.17526645472887,4.826833369841993
2012-05-25 03:00:00,57.726192,59.4420719962441,4.8471842449308875
2012-05-25 03:05:00,57.90212,58.664586513299376,5.290863933968307
2012-05-25 03:10:00,57.475037,60.41636853345573,4.651739696554164
2012-05-25 03:15:00,57.582672,58.702605432487495,5.102713924326779
2012-05-25 03:20:00,57.24471,58.66575746022406,5.298275070446305
2012-05-25 03:25:00,57.921795,58.77956216788409,6.177554729311844
2012-05-25 03:30:00,57.397488,59.54661047657013,4.8258714829668365
2012-05-25 03:35:00,56.638226,59.70595669013059,4.794039854152539
2012-05-25 03:40:00,55.941803,58.82348873570944,5.015963423564425
2012-05-25 03:45:00,55.812176,59.15320981103321,4.910828247614174
2012-05-25 03:50:00,55.786713,58.67220976569649,5.155272685882443
2012-05-25 03:55:00,55.805225,58.661108696351114,5.262292858674649
2012-05-25 04:00:00,55.645695,58.35906095303874,5.384788133107989
2012-05-25 04:05:00,56.402645,58.48563133341728,4.725492456520588
2012-05-25 04:10:00,56.16306,58.65254073521958,4.625747092820077
2012-05-25 04:15:00,56.38181,58.611165195464714,4.644249374484428
2012-05-25 04:20:00,56.636444,58.1840665658441,6.17756069270785
2012-05-25 04:25:00,56.555424,58.82559577262955,4.567356011296128
2012-05-25 04:30:00,56.72556,58.368084980455855,5.030722917684854
2012-05-25 04:35:00,56.670002,58.339712329005415,5.592329652797389
2012-05-25 04:40:00,57.5956,57.852338644586865,6.827391391763013
2012-05-25 04:45:00,57.49838,58.61781036191096,4.641099277298761
2012-05-25 04:50:00,57.867588,58.396223383184086,4.861743149397608
2012-05-25 04:55:00,58.525005,58.380192543471885,4.923342715984535
2012-05-25 05:00:00,58.864582,58.302054551299285,5.970092602894641
2012-05-25 05:05:00,58.042828,62.16452658525014,3.332921051952493
2012-05-25 05:10:00,58.089123,59.14415337063031,4.244537181156886
2012-05-25 05:15:00,58.224537,60.26672105847151,3.5292758637762627
2012-05-25 05:20:00,58.797455,58.91414279835879,4.68781340640185
2012-05-25 05:25:00,58.899303,59.63509424134847,3.75210539468285
2012-05-25 05:30:00,59.472218,59.36423098712634,3.958085928713283
2012-05-25 05:35:00,60.54861,58.46059947431584,5.658150680715095
2012-05-25 05:40:00,60.76852,60.26672105847151,3.5292758637762627
2012-05-25 05:45:00,61.497684,59.386093731445904,3.9366033138032948
2012-05-25 05:50:00,61.748844,60.158415239804576,3.554594129063497
2012-05-25 05:55:00,61.726856,61.125601792036484,3.40570714839323
2012-05-25 06:00:00,62.292828,61.11922309167062,3.4458842680656887
2012-05-25 06:05:00,62.978016,61.36821182405149,3.134160840562189
2012-05-25 06:10:00,63.733795,61.28920150349264,3.226173266915163
2012-05-25 06:15:00,63.879627,62.84333197915176,2.469659490119628
2012-05-25 06:20:00,64.25579,62.42604345119006,2.5262513468307426
2012-05-25 06:25:00,64.49537,62.078874905102005,2.623274168071162
2012-05-25 06:30:00,64.520836,63.2550815320834,2.447518320477588
2012-05-25 06:35:00,64.479164,63.56577258744776,2.443455660525522
2012-05-25 06:40:00,64.61805,63.14483684574716,2.4512136382025567
2012-05-25 06:45:00,64.62847,63.88092959596198,2.4464452800544927
2012-05-25 06:50:00,64.65856,63.14483684574716,2.4512136382025567
2012-05-25 06:55:00,64.458336,63.065130918037426,2.45479643762229
2012-05-25 07:00:00,64.51736,64.75282891439456,1.914324467487055
2012-05-25 07:05:00,64.34144,65.43771383476381,1.862176809397835
2012-05-25 07:10:00,63.92477,65.58678140842657,1.8612023133520206
2012-05-25 07:15:00,63.92477,65.29788991060245,1.8656024688825183
2012-05-25 07:20:00,63.693287,65.66367426724804,1.8616154342857703
2012-05-25 07:25:00,63.724537,64.80921439606779,1.9057479617881004
2012-05-25 07:30:00,63.752308,65.27803295897975,1.866315955095688
2012-05-25 07:35:00,63.648144,65.33371004261103,1.8644651661920166
2012-05-25 07:40:00,63.528942,65.5665803302851,1.8611914694652538
2012-05-25 07:45:00,63.45139,65.80563819018506,1.863775874752194
2012-05-25 07:50:00,63.711807,65.1910634443402,1.8701890176239955
2012-05-25 07:55:00,63.870373,64.371050299466,2.0059572687972773
2012-05-25 08:00:00,63.913197,65.12560575338362,1.9652556076253964
2012-05-25 08:05:00,64.173615,65.00681779763887,2.0014576936647113
2012-05-25 08:10:00,64.392365,64.21438086449332,2.3901425293751153
2012-05-25 08:15:00,64.57176,65.51651486163263,1.8768405776614838
2012-05-25 08:20:00,64.916664,65.04212200688701,1.9901869493852162
2012-05-25 08:25:00,65.08333,65.08612093651762,1.9767515665271833
2012-05-25 08:30:00,65.32176,65.59851081499737,1.8633493732632271
2012-05-25 08:35:00,65.58218,65.16499471088397,1.9543009826714857
2012-05-25 08:40:00,65.40509,65.36079507522238,1.9069420650838425
2012-05-25 08:45:00,65.12847,65.77091431430792,1.839620264005645
2012-05-25 08:50:00,64.72222,66.36871218773275,1.7937520544934433
2012-05-25 08:55:00,64.98561,65.04652837799692,1.9888112443633454
2012-05-25 09:00:00,65.24487,64.28126247200665,2.5220216969561937
2012-05-25 09:05:00,65.24371,65.07339205290879,2.337940918869793
2012-05-25 09:10:00,65.044304,64.05320236042425,2.5995838950592107
2012-05-25 09:15:00,64.905426,65.30445568377651,2.3018150367242147
2012-05-25 09:20:00,64.75959,65.47156540821477,2.2790482445370217
2012-05-25 09:25:00,64.89617,64.76375728260487,2.3969632451455767
2012-05-25 09:30:00,64.75959,65.6483119657642,2.257513739181191
2012-05-25 09:35:00,64.63343,65.2503767012689,2.309752005287336
2012-05-25 09:40:00,64.95635,63.599842292133935,2.7996088359352664
2012-05-25 09:45:00,65.29778,63.64576788820696,2.7762098347655417
2012-05-25 09:50:00,65.433205,63.78266287261888,2.710860389830488
2012-05-25 09:55:00,65.28439,65.13027512212487,2.3284902267861973
2012-05-25 10:00:00,65.10731,65.00963344028139,2.5344089017088067
2012-05-25 10:05:00,65.162865,64.67907630277132,2.6209045637149804
2012-05-25 10:10:00,65.5081,62.57706751198382,3.788563283709044
2012-05-25 10:15:00,65.50926,64.30177002716671,2.7419421735171645
2012-05-25 10:20:00,65.55093,64.44928146599261,2.691419214484537
2012-05-25 10:25:00,65.39352,64.96852631268405,2.5443179890659775
2012-05-25 10:30:00,65.23611,64.67907630277132,2.6209045637149804
2012-05-25 10:35:00,65.26852,64.30177002716671,2.7419421735171645
2012-05-25 10:40:00,65.30671,64.59056094831192,2.6469582700066505
2012-05-25 10:45:00,65.29861,64.72061871377412,2.6091271977927186
2012-05-25 10:50:00,65.46412,63.92215352898256,2.894070467597077
2012-05-25 10:55:00,65.266205,64.0675569963263,2.831753424365326
2012-05-25 11:00:00,65.41551,63.8382616978033,3.225373430134456
2012-05-25 11:05:00,65.26736,64.64840725432613,2.863963476642585
2012-05-25 11:10:00,65.33218,63.89323251953448,3.196114902856459
2012-05-25 11:15:00,65.29051,63.947934320901055,3.1677592218662958
2012-05-25 11:20:00,65.142365,64.32373711608206,2.9920173482006756
2012-05-25 11:25:00,65.18403,63.89323251953448,3.196114902856459
2012-05-25 11:30:00,65.25811,63.54659411304675,3.3941670128911814
2012-05-25 11:35:00,65.24769,64.11047017252294,3.087801385178265
2012-05-25 11:40:00,65.10532,64.46388316746798,2.934267732273955
2012-05-25 11:45:00,65.10532,64.37647320708014,2.969824377118704
2012-05-25 11:50:00,64.947914,64.37062637914845,2.9722568344820424
2012-05-25 11:55:00,65.239586,62.55297438709505,4.1741948606644455
2012-05-25 12:00:00,65.04861,64.14489696892218,3.4730845336625555
2012-05-25 12:05:00,65.26736,63.34572898233531,3.928578318394653
2012-05-25 12:10:00,65.09144,63.72499255354129,3.694990346395292
2012-05-25 12:15:00,65.1331,63.15871909390476,4.057077249174057
2012-05-25 12:20:00,65.22917,62.954797129367584,4.208324518248536
2012-05-25 12:25:00,65.22454,63.59085144908713,3.7737166528022
2012-05-25 12:30:00,65.15278,63.400616494534205,3.8926099173734485
2012-05-25 12:35:00,65.0382,63.530017744983134,3.810786739315374
2012-05-25 12:40:00,65.2257,63.15871909390476,4.057077249174057
2012-05-25 12:45:00,64.97454,63.89067862102337,3.6031854076540935
2012-05-25 12:50:00,64.85185,62.954797129367584,4.208324518248536
2012-05-25 12:55:00,64.790504,63.65139328426756,3.737680577620351
2012-05-25 13:00:00,64.99884,62.459949803143225,4.994330922701095
2012-05-25 13:05:00,64.884254,64.29032270257788,3.6512929242866132
2012-05-25 13:10:00,64.986115,62.033563850338275,5.442459008472522
2012-05-25 13:15:00,65.09028,62.90337719102005,4.592395569408839
2012-05-25 13:20:00,65.142365,63.048786658845586,4.472985121160108
2012-05-25 13:25:00,65.142365,63.088940269831916,4.4410032503688255
2012-05-25 13:30:00,65.15278,62.385144489874584,5.068268147417103
2012-05-25 13:35:00,65.06945,62.234915237027586,5.222602467823953
2012-05-25 13:40:00,64.88195,63.8907216776326,3.881722462213355
2012-05-25 13:45:00,65.01852,61.6964181875183,5.847395641068029
2012-05-25 13:50:00,65.40972,61.47714746893855,6.138383228085249
2012-05-25 13:55:00,65.43982,62.76487803361254,4.711591572750455
2012-05-25 14:00:00,65.18172,63.20603760280903,4.944907987716774
2012-05-25 14:05:00,65.077545,62.74565916907104,5.521110149387984
2012-05-25 14:10:00,63.98264,61.78526819863845,6.996643488467861
2012-05-25 14:15:00,61.159725,62.837362262799104,5.400302827544992
2012-05-25 14:20:00,58.118057,62.5633472694177,5.7707952259999375
2012-05-25 14:25:00,54.5334,62.16615802279586,6.361908874218134
2012-05-25 14:30:00,50.929234,61.45254444773122,7.61377630868444
2012-05-25 14:35:00,47.897984,60.67881840199856,9.331566216911401
2012-05-25 14:40:00,44.160717,61.61178723827792,7.310556001506659
2012-05-25 14:45:00,40.829697,61.69330243548837,7.160995691123193
2012-05-25 14:50:00,36.615574,63.62504931486734,4.481517746945168
2012-05-25 14:55:00,32.60516,62.03067329253346,6.57957196804179
2012-05-25 15:00:00,28.904928,59.98159759990984,14.893991189188943
2012-05-25 15:05:00,25.469742,60.75156340737726,11.912175312761548
2012-05-25 15:10:00,22.782242,42.49189518878914,23.67184214269633
2012-05-25 15:15:00,21.657242,33.34960716110393,18.927813938289027
2012-05-25 15:20:00,20.698908,33.058640549812964,18.760972833688765
2012-05-25 15:25:00,20.163195,32.6645637953796,18.626253131478858
2012-05-25 15:30:00,19.881945,32.62083602225544,18.626891363194673
2012-05-25 15:35:00,19.704863,32.859547738169304,18.67154634055753
2012-05-25 15:40:00,19.454863,32.582142542105686,18.632990522882743
2012-05-25 15:45:00,18.952545,32.76210264322068,18.641325155019818
2012-05-25 15:50:00,19.046295,32.51719089425345,18.660683703212154
2012-05-25 15:55:00,18.94213,32.52192565267029,18.657655128763007
2012-05-25 16:00:00,18.84838,31.35080759928873,18.43252381600406
2012-05-25 16:05:00,18.496527,31.36452079926217,18.475930811826665
2012-05-25 16:10:00,18.277777,31.350635046496834,18.432696250121406
2012-05-25 16:15:00,17.75,31.351487367096112,18.432313999404293
2012-05-25 16:20:00,17.75,31.354388603755922,18.433819267363265
2012-05-25 16:25:00,17.552084,31.364329851915443,18.444508877218563
2012-05-25 16:30:00,16.906252,31.355347375424216,18.43463005187097
2012-05-25 16:35:00,15.864583,31.371574220985725,18.4921544531754
2012-05-25 16:40:00,15.494213,31.359873860010396,18.439263106200702
2012-05-25 16:45:00,14.900463,31.352064006721836,18.432415940840496
2012-05-25 16:50:00,14.122685,31.354388603755922,18.433819267363265
2012-05-25 16:55:00,14.310185,31.365110967786293,18.44545803624851
2012-05-25 17:00:00,14.268519,30.630513976732335,18.903734991300087
2012-05-25 17:05:00,13.953702,30.617197149747142,18.945432836291317
2012-05-25 17:10:00,14.21412,30.646877298023345,18.86835775270234
2012-05-25 17:15:00,14.460648,30.707810151003088,18.802214493719863
2012-05-25 17:20:00,14.68287,30.633322647245194,18.89668346836929
2012-05-25 17:25:00,15.232638,30.692805653279592,18.812637679216284
2012-05-25 17:30:00,15.597221,30.751949724806668,18.78407532650186
2012-05-25 17:35:00,16.190971,30.71854901079554,18.796284326587262
2012-05-25 17:40:00,16.635418,30.713151455031582,18.799125988624283
2012-05-25 17:45:00,17.416666,30.724682111404164,18.7933809537856
2012-05-25 17:50:00,18.319445,30.774977808678557,18.779841968047705
2012-05-25 17:55:00,18.253471,30.63190685989494,18.90016537958943
2012-05-25 18:00:00,18.013887,30.356534321478858,20.03189297720449
2012-05-25 18:05:00,18.05324,30.376752192068768,19.8967061719761
2012-05-25 18:10:00,18.532406,30.340103830394046,20.219871086764133
2012-05-25 18:15:00,18.657408,30.37850810067182,19.887226330456798
2012-05-25 18:20:00,18.055555,30.33689985496387,20.283675507766844
2012-05-25 18:25:00,20.30787,30.33894295597156,20.240694197545693
2012-05-25 18:30:00,24.684027,30.393722652344177,19.81451882623507
2012-05-25 18:35:00,28.543982,30.345528206605696,20.142012039115162
2012-05-25 18:40:00,32.66435,30.35728980364748,20.02566256346702
2012-05-25 18:45:00,36.497684,30.33562671441956,20.317108738603952
2012-05-25 18:50:00,40.493053,30.34303793990347,20.174594373447555
2012-05-25 18:55:00,44.694443,30.360402874374362,20.001227118137745
2012-05-25 19:00:00,49.084488,30.4880152766162,21.58380181341653
2012-05-25 19:05:00,53.443287,30.484221488685538,21.752125400462678
2012-05-25 19:10:00,56.9537,30.57462514803991,23.54144967050756
2012-05-25 19:15:00,61.285877,30.48333142958019,21.86822364209402
2012-05-25 19:20:00,65.86343,30.494658203080373,21.425123974906924
2012-05-25 19:25:00,67.58218,34.88189173681206,40.05598464568782
2012-05-25 19:30:00,67.70602,65.10847994070855,4.840082626506778
2012-05-25 19:35:00,67.91898,64.03566169769019,7.601142824577376
2012-05-25 19:40:00,68.01157,65.2564292663628,4.538038562105357
2012-05-25 19:45:00,68.14699,65.18296662857894,4.685614604387986
2012-05-25 19:50:00,68.25579,65.47075490555912,4.13397688727905
2012-05-25 19:55:00,68.24885,65.65936885850932,3.8098763571937817
2012-05-25 20:00:00,68.23032,66.57146984741134,2.218631700009976
2012-05-25 20:05:00,67.954865,66.86134073660635,1.9820130841740458
2012-05-25 20:10:00,67.90972,66.6640245719429,2.1351018336173864
2012-05-25 20:15:00,67.65046,67.0226852812015,1.8783352094141483
2012-05-25 20:20:00,67.44213,66.80896176698997,2.019609158532688
2012-05-25 20:25:00,67.390045,66.6640245719429,2.1351018336173864
2012-05-25 20:30:00,67.29398,66.80896176698997,2.019609158532688
2012-05-25 20:35:00,67.10648,66.70024816774392,2.104565938014342
2012-05-25 20:40:00,67.04167,66.76466046944695,2.0530613476287396
2012-05-25 20:45:00,66.69792,66.88149392956795,1.9680890440328558
2012-05-25 20:50:00,66.385414,66.91777935480816,1.9437461871020183
2012-05-25 20:55:00,66.267365,66.6036616238083,2.188649688188193
2012-05-25 21:00:00,66.125,66.50819044260624,1.8358012428993506
2012-05-25 21:05:00,66.32639,66.03921910104886,2.118610774010447
2012-05-25 21:10:00,66.2882,66.50819044260624,1.8358012428993506
2012-05-25 21:15:00,66.37153,66.19538982107049,2.0038402557980355
2012-05-25 21:20:00,66.361115,66.16828817402249,2.0218810789020565
2012-05-25 21:25:00,66.423615,66.4874835438752,1.8450818891908687
2012-05-25 21:30:00,66.229164,66.4806127919487,1.8482092750350299
2012-05-25 21:35:00,66.270836,66.14160654586634,2.0403453402082903
2012-05-25 21:40:00,66.12963,66.5360123254823,1.8236639593263613
2012-05-25 21:45:00,66.23611,65.89937844377629,2.2503157570246075
2012-05-25 21:50:00,66.35069,65.99072612948643,2.160519251488957
2012-05-25 21:55:00,66.29861,66.2508107160226,1.9689981504030636
2012-05-25 22:00:00,66.19097,65.67133880355333,1.9878206901678386
2012-05-25 22:05:00,66.104164,66.2176652116256,1.8368985522673855
2012-05-25 22:10:00,65.854164,65.99770804979518,1.889690524142971
2012-05-25 22:15:00,65.75231,66.03184950066243,1.8808904504310702
2012-05-25 22:20:00,65.60648,65.7026005571911,1.9771524491482342
2012-05-25 22:25:00,65.40856,66.3126267153153,1.816695048714859
2012-05-25 22:30:00,65.47338,65.4944481009318,2.0546828721411905
2012-05-25 22:35:00,65.20255,65.83086457170397,1.9364078574588388
2012-05-25 22:40:00,65.06598,65.7026005571911,1.9771524491482342
2012-05-25 22:45:00,64.990746,65.7095939295937,1.974807944458824
2012-05-25 22:50:00,65.02431,65.86368648027889,1.9266959626964593
2012-05-25 22:55:00,65.04514,65.67133880355333,1.9878206901678386
2012-05-25 23:00:00,64.93403,64.75605327217825,2.234051751495444
2012-05-25 23:05:00,64.81713,65.38781888660161,2.0965613397935328
2012-05-25 23:10:00,64.72569,64.6415690933972,2.267128498826539
2012-05-25 23:15:00,64.68171,65.14433844168171,2.1423329111383707
2012-05-25 23:20:00,64.74421,64.67232532313177,2.257905394856183
2012-05-25 23:25:00,64.58102,65.1015325324416,2.1511886283786743
2012-05-25 23:30:00,64.46297,65.1131697437234,2.1487548062580415
2012-05-25 23:35:00,64.66667,64.43681023966046,2.336120940845485
2012-05-25 23:40:00,64.44445,64.69996284509845,2.2498354366284032
2012-05-25 23:45:00,64.31945,64.89710099794085,2.1975065031680594
2012-05-25 23:50:00,64.25463,65.43270277233204,2.088883600944845
2012-05-25 23:55:00,64.34838,65.17176570201909,2.1367957199351024
2012-05-26 00:00:00,64.5243,63.65204423641142,2.6313020858405323
2012-05-26 00:05:00,64.55787,64.2927689261887,2.5116277499013813
2012-05-26 00:10:00,65.03472,63.59363784587086,2.6455047441503354
2012-05-26 00:15:00,64.99305,64.3013333715868,2.5103521171915895
2012-05-26 00:20:00,64.85648,64.14900984304212,2.534049896368663
2012-05-26 00:25:00,65.12384,63.834004834371605,2.5913609505055395
2012-05-26 00:30:00,65.09259,64.00087663859385,2.55942061580584
2012-05-26 00:35:00,64.81481,64.36159441537097,2.5015537197576703
2012-05-26 00:40:00,64.92361,63.26928215809158,2.7412836336194317
2012-05-26 00:45:00,64.81944,63.7531908201615,2.6083606195539137
2012-05-26 00:50:00,64.75463,64.53657855205157,2.477599989250534
2012-05-26 00:55:00,64.36922,64.86018584104929,2.438404842120374
2012-05-26 01:00:00,64.297455,64.60704610386013,2.372845239396229
2012-05-26 01:05:00,64.10648,64.82753556553853,2.344058591787254
2012-05-26 01:10:00,63.88773,66.0116974054404,2.211296782260034
2012-05-26 01:15:00,63.76273,64.45146162126821,2.394199552286181
2012-05-26 01:20:00,64.02431,63.74717942030123,2.5048687300612396
2012-05-26 01:25:00,63.599533,65.35524460730413,2.2809833962095625
2012-05-26 01:30:00,63.787037,64.07417087719499,2.4502466186532277
2012-05-26 01:35:00,63.715275,63.327932068803364,2.586016486767217
2012-05-26 01:40:00,63.680553,63.59431792519894,2.532808115573511
2012-05-26 01:45:00,63.982635,63.33365770035356,2.5848047603011897
2012-05-26 01:50:00,64.16782,64.65482989116171,2.3664663637999834
2012-05-26 01:55:00,64.50694,63.43724265294285,2.5634228259103344
2012-05-26 02:00:00,64.56019,63.65034256207655,2.926169410829351
2012-05-26 02:05:00,64.87616,63.215128462539234,3.0088891157556112
2012-05-26 02:10:00,65.07407,64.41933376594933,2.7967138741921502
2012-05-26 02:15:00,65.19907,63.17579608312934,3.0168116356925894
2012-05-26 02:20:00,65.053246,64.59384870797255,2.769518963784233
2012-05-26 02:25:00,65.53472,62.49550563580903,3.1698177208965195
2012-05-26 02:30:00,65.31597,64.53585652127099,2.7784815771230895
2012-05-26 02:35:00,65.508095,62.26169583141199,3.2316427691234684
2012-05-26 02:40:00,65.64699,62.74820442751881,3.108973829324357
2012-05-26 02:45:00,65.30324,64.36082168089003,2.8059866137919482
2012-05-26 02:50:00,65.04745,65.13693451468247,2.688715808295212
2012-05-26 02:55:00,64.58184,64.68366713863084,2.755775546304156
2012-05-26 03:00:00,64.67443,63.42588431943023,3.2969805097812865
2012-05-26 03:05:00,64.42443,64.55728715672923,3.0863993492411943
2012-05-26 03:10:00,64.17212,65.09839867883461,2.9934828156833206
2012-05-26 03:15:00,64.21379,63.35438185881407,3.3113258000627215
2012-05-26 03:20:00,63.765873,63.22565432377062,3.337560099346867
2012-05-26 03:25:00,63.594578,64.76727892012975,3.049881989432446
2012-05-26 03:30:00,63.154766,62.713263822249495,3.4481382834127223
2012-05-26 03:35:00,62.703705,62.74151986112283,3.441743446089854
2012-05-26 03:40:00,62.814816,62.96864418310474,3.3916795943780875
2012-05-26 03:45:00,63.377316,61.793329972031046,3.684460309303271
2012-05-26 03:50:00,63.096066,63.16131806278381,3.3508800860418915
2012-05-26 03:55:00,63.21214,61.44588082553856,3.7950483730251956
2012-05-26 04:00:00,63.19547,63.790320466463136,3.3545948367239937
2012-05-26 04:05:00,62.425797,62.82377905688514,3.5371954613525105
2012-05-26 04:10:00,61.573944,63.38788848985873,3.427637225684117
2012-05-26 04:15:00,61.184063,63.40226457618522,3.4249672708828336
2012-05-26 04:20:00,61.923645,60.687846056406535,4.228059190584478
2012-05-26 04:25:00,61.736145,63.5316824929909,3.401149363395174
2012-05-26 04:30:00,62.186375,60.43180572414184,4.417876280930333
2012-05-26 04:35:00,62.76706,60.41134799004019,4.436100953159723
2012-05-26 04:40:00,62.593456,63.44539787883292,3.4169861405537687
2012-05-26 04:45:00,62.437206,64.98745020051228,3.1507329252163516
2012-05-26 04:50:00,62.69762,61.361843160029174,3.915114379473657
2012-05-26 04:55:00,62.843456,61.90747583841901,3.748604554872402
2012-05-26 05:00:00,62.42262,64.02764511426724,3.082629207214102
2012-05-26 05:05:00,63.107803,60.428919496103696,5.068208824977732
2012-05-26 05:10:00,63.441135,60.464413076552255,5.01153701129032
2012-05-26 05:15:00,63.8206,61.92198955013464,3.4515391992542774
2012-05-26 05:20:00,63.339123,65.03829487140855,2.9802673070929475
2012-05-26 05:25:00,63.464123,62.90506697194015,3.2167339230851604
2012-05-26 05:30:00,63.523148,63.06195842103093,3.1940666395059463
2012-05-26 05:35:00,63.451385,63.714249295373406,3.1155714369457423
2012-05-26 05:40:00,63.597225,62.90506697194015,3.2167339230851604
2012-05-26 05:45:00,63.43651,64.34937369617401,3.0499860225075426
2012-05-26 05:50:00,63.18651,63.276600491073516,3.165988894305748
2012-05-26 05:55:00,63.478176,63.22240591213961,3.172810025437125
2012-05-26 06:00:00,63.51753,63.25136660338947,2.943707936494425
2012-05-26 06:05:00,63.654102,63.98690044840624,2.700829423713158
2012-05-26 06:10:00,64.13327,62.759223770895424,3.3079319898596915
2012-05-26 06:15:00,64.10433,64.70853923212287,2.620587035129146
2012-05-26 06:20:00,64.09507,63.695463418626616,2.767261358532141
2012-05-26 06:25:00,64.21776,64.56869161755496,2.6302706408462937
2012-05-26 06:30:00,64.49206,64.41592811796022,2.6433537234761095
2012-05-26 06:35:00,64.60085,64.38573628953866,2.6463058863510636
2012-05-26 06:40:00,64.705025,64.6616929144083,2.6236179682349237
2012-05-26 06:45:00,64.87963,64.502862237916,2.6355512725124437
2012-05-26 06:50:00,65.47338,63.36038754746178,2.8893727504733415
2012-05-26 06:55:00,65.24422,65.6276915807782,2.5854660000448746
2012-05-26 07:00:00,65.84028,64.37104087967381,2.6382880410839027
2012-05-26 07:05:00,65.92593,65.50815412109515,2.2450936764132714
2012-05-26 07:10:00,66.0301,65.50815412109515,2.2450936764132714
2012-05-26 07:15:00,66.05903,65.51781636539374,2.2437375823603554
2012-05-26 07:20:00,66.42014,64.6390253786457,2.487729633254011
2012-05-26 07:25:00,66.37037,66.0289070245974,2.1957924421772885
2012-05-26 07:30:00,66.21412,66.53298553115134,2.1793743822513068
2012-05-26 07:35:00,66.27894,65.79123243522172,2.212902211536996
2012-05-26 07:40:00,66.3831,66.03885468118249,2.195235398686204
2012-05-26 07:45:00,66.36921,66.18835847281275,2.1881606155441196
2012-05-26 07:50:00,66.31713,66.75706847295874,2.1776877795839367
2012-05-26 07:55:00,66.671295,65.50815412109515,2.2450936764132714
2012-05-26 08:00:00,66.4456,67.3015906718872,2.070870525433434
2012-05-26 08:05:00,66.52663,66.2976636646775,2.201544404642679
2012-05-26 08:10:00,66.74538,66.38545749272313,2.184240721072552
2012-05-26 08:15:00,66.922455,66.03928404569488,2.2611913743986
2012-05-26 08:20:00,66.864586,66.56041578802105,2.1537096911259503
2012-05-26 08:25:00,67.041664,66.23722808771991,2.2142879742267576
2012-05-26 08:30:00,66.95139,66.2866788518856,2.203809575397166
2012-05-26 08:35:00,67.16319,66.5167750033401,2.160857577789221
2012-05-26 08:40:00,67.18403,66.97035671859912,2.099829377227817
2012-05-26 08:45:00,67.21528,66.582210160967,2.1502515444839214
2012-05-26 08:50:00,67.17361,67.01821234850483,2.094927792066
2012-05-26 08:55:00,66.87731,67.53226782425706,2.0567356080387076
2012-05-26 09:00:00,67.00033,66.2465710381488,2.14525850574903
2012-05-26 09:05:00,67.00265,66.72766139481607,2.0498837698681958
2012-05-26 09:10:00,66.73181,67.50996309142009,1.951713395423244
2012-05-26 09:15:00,66.76653,66.94302279579327,2.016635448810224
2012-05-26 09:20:00,66.901955,66.28420015595172,2.136626645790881
2012-05-26 09:25:00,66.91237,67.1536208081191,1.9889702756739942
2012-05-26 09:30:00,67.24223,65.78897524533055,2.268925364982745
2012-05-26 09:35:00,67.117226,67.60882065083165,1.943265392007625
2012-05-26 09:40:00,67.23065,67.1536208081191,1.9889702756739942
2012-05-26 09:45:00,67.40774,66.78193082030357,2.0410029455439616
2012-05-26 09:50:00,67.34176,66.88961640128294,2.0243923139133777
2012-05-26 09:55:00,67.606804,66.14580456897399,2.169452678306318
2012-05-26 10:00:00,67.66782,66.77372147881991,1.9040679826439053
2012-05-26 10:05:00,67.78819,66.61177943754733,1.9281668966254433
2012-05-26 10:10:00,67.97569,65.9603174678325,2.055540191905785
2012-05-26 10:15:00,67.87385,67.00049830318419,1.8746446535053938
2012-05-26 10:20:00,67.96297,66.87503536401314,1.8903245577466692
2012-05-26 10:25:00,68.00463,67.08887007627557,1.864446445282167
2012-05-26 10:30:00,67.93403,67.39845515161278,1.8337826333513652
2012-05-26 10:35:00,67.923615,66.87503536401314,1.8903245577466692
2012-05-26 10:40:00,67.803246,67.59203567887381,1.8182241628406963
2012-05-26 10:45:00,67.82407,67.54827316377589,1.8215181158292653
2012-05-26 10:50:00,67.90047,66.41034704620797,1.9620679054425294
2012-05-26 10:55:00,67.74422,67.39845515161278,1.8337826333513652
2012-05-26 11:00:00,67.75463,67.01397044548325,1.7835349102627507
2012-05-26 11:05:00,67.726845,67.15816085127231,1.7676900335662975
2012-05-26 11:10:00,67.84143,66.90819769052722,1.7963243104735955
2012-05-26 11:15:00,67.98148,66.38537786210183,1.8759967719609725
2012-05-26 11:20:00,67.96297,67.24882061029993,1.7586126174371686
2012-05-26 11:25:00,67.91088,67.22062398287189,1.7613656073358221
2012-05-26 11:30:00,67.93981,66.97303511412758,1.78836377759566
2012-05-26 11:35:00,68.07523,66.74638034653529,1.817935464752716
2012-05-26 11:40:00,68.04745,66.92594113746698,1.7941073215853451
2012-05-26 11:45:00,67.74884,67.56725367419754,1.7316265000610496
2012-05-26 11:50:00,67.821754,66.74638034653529,1.817935464752716
2012-05-26 11:55:00,67.888885,66.52451741981712,1.8519127961380857
2012-05-26 12:00:00,67.90972,67.07408859769524,1.6895423397494607
2012-05-26 12:05:00,67.87731,67.02736625037976,1.6949328417950074
2012-05-26 12:10:00,67.77546,67.4794652458438,1.6504767036362888
2012-05-26 12:15:00,67.733795,67.12623294773145,1.683758364824915
2012-05-26 12:20:00,67.74305,67.16648845194244,1.679456397648056
2012-05-26 12:25:00,67.670135,66.96846477929614,1.7020171856553148
2012-05-26 12:30:00,67.59722,67.12623294773145,1.683758364824915
2012-05-26 12:35:00,67.5243,67.43021907659778,1.654543717460812
2012-05-26 12:40:00,67.454865,66.78829299245729,1.7257994685272824
2012-05-26 12:45:00,67.45486,66.00810714435849,1.8725260606512395
2012-05-26 12:50:00,67.27778,67.12623294773145,1.683758364824915
2012-05-26 12:55:00,67.14803,66.88504226886597,1.7126229667772008
2012-05-26 13:00:00,66.9603,67.24143878643513,1.5576328730730047
2012-05-26 13:05:00,66.83495,66.91693504474084,1.594827656866838
2012-05-26 13:10:00,66.68635,67.03913013190656,1.579640341003102
2012-05-26 13:15:00,66.55035,66.97222762283859,1.5877682939987545
2012-05-26 13:20:00,66.3552,67.27646937667998,1.5541886484388154
2012-05-26 13:25:00,66.28148,66.63239866545648,1.6364888240057673
2012-05-26 13:30:00,66.176384,66.80478649972675,1.6101462045285
2012-05-26 13:35:00,66.008675,67.13515531556443,1.5687307307884444
2012-05-26 13:40:00,65.96585,66.4545257232749,1.6675475774130923
2012-05-26 13:45:00,65.99235,66.03613688570428,1.75829136543741
2012-05-26 13:50:00,65.99096,66.20768379213182,1.717883327347226
2012-05-26 13:55:00,65.98958,66.20698180251543,1.7180392953711208
2012-05-26 14:00:00,65.98819,66.1653456386202,1.5403093115161914
2012-05-26 14:05:00,65.98679,66.16461089482873,1.5404682241522931
2012-05-26 14:10:00,65.985405,66.16388155072917,1.5406263357352
2012-05-26 14:15:00,65.98402,66.16315063419184,1.5407846549985649
2012-05-26 14:20:00,65.98263,66.16242120108639,1.5409427888329492
2012-05-26 14:25:00,65.98123,66.16169141195726,1.5411011971022244
2012-05-26 14:30:00,65.979836,66.1609567571717,1.5412607698654959
2012-05-26 14:35:00,65.978455,66.16022598897757,1.5414193042264774
2012-05-26 14:40:00,65.977066,66.1594962295171,1.5415779498448476
2012-05-26 14:45:00,65.97567,66.15876427457748,1.5417369811554964
2012-05-26 14:50:00,65.97428,66.15803454478565,1.5418957825342101
2012-05-26 14:55:00,65.97289,66.15729843623687,1.5420557558240786
2012-05-26 15:00:00,65.971504,65.93620831817125,1.344452235578455
2012-05-26 15:05:00,65.970116,65.9354284187145,1.3446075434751796
2012-05-26 15:10:00,65.96872,65.93464857859503,1.3447635040819153
2012-05-26 15:15:00,65.96732,65.9338631311032,1.3449204140850297
2012-05-26 15:20:00,65.965935,65.93308210423824,1.345076181845626
2012-05-26 15:25:00,65.964554,65.93230199710104,1.3452322166239534
2012-05-26 15:30:00,65.963165,65.93152025818881,1.3453888670264955
2012-05-26 15:35:00,65.96177,65.93073801490975,1.3455453690858536
2012-05-26 15:40:00,65.96038,65.92995387283794,1.34570244968363
2012-05-26 15:45:00,65.95899,65.92917183723932,1.3458590259145797
2012-05-26 15:50:00,65.9576,65.92839024667028,1.346015772740192
2012-05-26 15:55:00,65.956215,65.92760960549761,1.346172386056938
2012-05-26 16:00:00,65.95481,65.90497326630664,1.2566790717383676
2012-05-26 16:05:00,65.95343,65.9042218784099,1.2568582999735491
2012-05-26 16:10:00,65.95204,65.90347517815778,1.2570369274188342
2012-05-26 16:15:00,65.950645,65.90272782519564,1.2572155845327562
2012-05-26 16:20:00,65.94926,65.90198047223352,1.25739441224134
2012-05-26 16:25:00,65.94787,65.90123323794593,1.2575733660416304
2012-05-26 16:30:00,65.94648,65.90048075230963,1.2577535585075093
2012-05-26 16:35:00,65.94509,65.89973455642433,1.2579324010504116
2012-05-26 16:40:00,65.9437,65.89898595737948,1.2581119778920757
2012-05-26 16:45:00,65.942314,65.89823723966005,1.2582918588372678
2012-05-26 16:50:00,65.94091,65.89749024272156,1.2584710648209714
2012-05-26 16:55:00,65.93953,65.89673725271844,1.2586519767512938
2012-05-26 17:00:00,65.93814,66.18308095635348,1.216245236768447
2012-05-26 17:05:00,65.936745,66.18244260596312,1.2164280994116419
2012-05-26 17:10:00,65.935356,66.18180306882726,1.2166107172885827
2012-05-26 17:15:00,65.93397,66.18116335367961,1.216793913703942
2012-05-26 17:20:00,65.93258,66.18051990028373,1.2169776960748793
2012-05-26 17:25:00,65.93119,66.17988089718335,1.2171604103748896
2012-05-26 17:30:00,65.9298,66.17924073700617,1.2173439998996871
2012-05-26 17:35:00,65.928406,66.17860072517212,1.2175275597558477
2012-05-26 17:40:00,65.92702,66.1779574794567,1.21771204675691
2012-05-26 17:45:00,65.92562,66.17731755662858,1.2178955101900009
2012-05-26 17:50:00,65.92423,66.1766785535282,1.2180792999780972
2012-05-26 17:55:00,65.922844,66.17603833401373,1.218263008177442
2012-05-26 18:00:00,65.92146,66.43574351802191,1.1483595016582573
2012-05-26 18:05:00,65.920074,66.43520758376596,1.148495317260575
2012-05-26 18:10:00,65.91868,66.43467381532048,1.1486305246558373
2012-05-26 18:15:00,65.91729,66.43413960184544,1.1487660732404235
2012-05-26 18:20:00,65.9159,66.4336065157786,1.148901466064666
2012-05-26 18:25:00,65.914505,66.43307423076497,1.1490366660427693
2012-05-26 18:30:00,65.91312,66.43253779214217,1.1491729118403213
2012-05-26 18:35:00,65.91172,66.43200449839487,1.1493083565846782
2012-05-26 18:40:00,65.91034,66.4314704926003,1.1494444317875683
2012-05-26 18:45:00,65.90895,66.4309371098471,1.149580106463861
2012-05-26 18:50:00,65.907555,66.4304038754371,1.1497162410040247
2012-05-26 18:55:00,65.906166,66.4298678521752,1.1498528502423782
2012-05-26 19:00:00,65.90478,66.49810013921523,1.093505337007161
2012-05-26 19:05:00,65.90339,66.49761541302645,1.0935895811014824
2012-05-26 19:10:00,65.902,66.49712896605674,1.0936740477105806
2012-05-26 19:15:00,65.900604,66.49664296411659,1.0937584549824049
2012-05-26 19:20:00,65.89921,66.49615574576232,1.0938433072837819
2012-05-26 19:25:00,65.89782,66.49566971415351,1.0939275513781037
2012-05-26 19:30:00,65.89644,66.495184394592,1.0940120254043608
2012-05-26 19:35:00,65.89505,66.4946980366282,1.09409638817323
2012-05-26 19:40:00,65.893654,66.49421310275898,1.094181284977562
2012-05-26 19:45:00,65.892265,66.49372505368287,1.0942658999298445
2012-05-26 19:50:00,65.89088,66.49323917041725,1.0943508857400872
2012-05-26 19:55:00,65.88949,66.49275420687938,1.0944356787041907
2012-05-26 20:00:00,65.88809,66.46818729982026,1.1039483411529962
2012-05-26 20:05:00,65.886696,66.46769925074415,1.1040061801605259
2012-05-26 20:10:00,65.885315,66.46721298178625,1.1040634925497514
2012-05-26 20:15:00,65.88393,66.46672724686383,1.1041208494419321
2012-05-26 20:20:00,65.88253,66.46624249100641,1.104178169248317
2012-05-26 20:25:00,65.88114,66.46575631105443,1.1042355632262937
2012-05-26 20:30:00,65.87975,66.46526820264106,1.1042933799823456
2012-05-26 20:35:00,65.878365,66.4647819633518,1.1043511448182832
2012-05-26 20:40:00,65.876976,66.46429762285531,1.10440816052114
2012-05-26 20:45:00,65.87559,66.46381079019332,1.104465969860033
2012-05-26 20:50:00,65.87418,66.46332573764954,1.1045235789356267
2012-05-26 20:55:00,65.872795,66.46283635348478,1.1045816033721365
2012-05-26 21:00:00,65.871414,66.35302453997726,1.2127824618190706
2012-05-26 21:05:00,65.870026,66.35254346303081,1.2128400115573907
2012-05-26 21:10:00,65.86863,66.35206294978848,1.2128973981182085
2012-05-26 21:15:00,65.86724,66.35158326726797,1.2129552593772155
2012-05-26 21:20:00,65.86585,66.35109937180103,1.2130132912308846
2012-05-26 21:25:00,65.86446,66.35061924425096,1.2130710709011405
2012-05-26 21:30:00,65.863075,66.35013766293768,1.2131286577252567
2012-05-26 21:35:00,65.86169,66.34965614096168,1.2131866079901747
2012-05-26 21:40:00,65.86029,66.34917651777846,1.2132443505746344
2012-05-26 21:45:00,65.8589,66.34869369038243,1.213302434348418
2012-05-26 21:50:00,65.857506,66.34821231674962,1.2133603401103803
2012-05-26 21:55:00,65.85612,66.34773126947181,1.213418223620865
2012-05-26 22:00:00,65.85473,66.06762886796396,1.380789210075186
2012-05-26 22:05:00,65.85334,66.06713123591817,1.3808460700176994
2012-05-26 22:10:00,65.85195,66.06663654106741,1.3809026777767999
2012-05-26 22:15:00,65.85056,66.06614054079664,1.380959166861353
2012-05-26 22:20:00,65.849174,66.06564590528315,1.3810162419014838
2012-05-26 22:25:00,65.84777,66.06515112142648,1.381072456551146
2012-05-26 22:30:00,65.84639,66.06465325203159,1.3811299988723074
2012-05-26 22:35:00,65.845,66.06415826049448,1.3811861690190141
2012-05-26 22:40:00,65.843605,66.06366297227098,1.381243273727782
2012-05-26 22:45:00,65.842224,66.06316895979887,1.3812992806969862
2012-05-26 22:50:00,65.840836,66.06267290019082,1.381356415074391
2012-05-26 22:55:00,65.83944,66.06217464510364,1.381413608789069
2012-05-26 23:00:00,65.83805,65.67498751184982,1.6262852235077945
2012-05-26 23:05:00,65.83666,65.67447759698835,1.6263449464737636
2012-05-26 23:10:00,65.83527,65.67396794914464,1.6264043950048421
2012-05-26 23:15:00,65.83388,65.67345767825954,1.6264638583702384
2012-05-26 23:20:00,65.83249,65.67294524156394,1.6265236480906407
2012-05-26 23:25:00,65.83109,65.67243488167294,1.6265829853643308
2012-05-26 23:30:00,65.829704,65.67192443277601,1.626642604490071
2012-05-26 23:35:00,65.82832,65.67141514095594,1.6267017860034176
2012-05-26 23:40:00,65.826935,65.67090487007083,1.6267613161232477
2012-05-26 23:45:00,65.82554,65.67039246304388,1.6268214841187698
2012-05-26 23:50:00,65.82415,65.66988248884515,1.626880569209047
2012-05-26 23:55:00,65.82276,65.66937293000734,1.6269403589294489
2012-05-27 00:00:00,65.82137,65.32765096525132,1.9197672234192449
2012-05-27 00:05:00,65.81998,65.32710310420335,1.9198260859947458
2012-05-27 00:10:00,65.81858,65.3265521279485,1.91988585346367
2012-05-27 00:15:00,65.8172,65.3260035251846,1.9199451314000866
2012-05-27 00:20:00,65.81581,65.32545471474023,1.9200039494726322
2012-05-27 00:25:00,65.814415,65.32490545926632,1.9200638504504226
2012-05-27 00:30:00,65.81303,65.32435528406467,1.9201228910377441
2012-05-27 00:35:00,65.81164,65.32380614726532,1.9201824656605295
2012-05-27 00:40:00,65.81025,65.32325712914047,1.9202417880999008
2012-05-27 00:45:00,65.80886,65.32270923842387,1.9203006655097201
2012-05-27 00:50:00,65.807465,65.32216087300905,1.920360314304097
2012-05-27 00:55:00,65.80607,65.32160897702647,1.9204202004475688
2012-05-27 01:00:00,65.80468,65.11375549162064,2.13152855783008
2012-05-27 01:05:00,65.8033,65.11311521276889,2.1315940661802344
2012-05-27 01:10:00,65.80191,65.11247517126623,2.1316590256606065
2012-05-27 01:15:00,65.800514,65.11183600498835,2.1317243559989394
2012-05-27 01:20:00,65.799126,65.11119218073449,2.131790353881601
2012-05-27 01:25:00,65.79774,65.11055108599523,2.1318557138885708
2012-05-27 01:30:00,65.79635,65.10991203839191,2.1319206585346255
2012-05-27 01:35:00,65.79496,65.10927207106083,2.131986166884779
2012-05-27 01:40:00,65.79356,65.10863171803747,2.132051719737888
2012-05-27 01:45:00,65.792175,65.10798767126884,2.1321174506028187
2012-05-27 01:50:00,65.79079,65.1073480302928,2.1321827957754698
2012-05-27 01:55:00,65.78939,65.10670695038785,2.1322484524688083
2012-05-27 02:00:00,65.788,64.70652483552132,2.537914414329559
2012-05-27 02:05:00,65.78661,64.70584305024661,2.538008760594727
2012-05-27 02:10:00,65.785225,64.70515777890706,2.5381032403687596
2012-05-27 02:15:00,65.78384,64.70447615680989,2.5381971712730116
2012-05-27 02:20:00,65.78245,64.70379586980134,2.5382912653547653
2012-05-27 02:25:00,65.78106,64.70311319446753,2.5383856264542515
2012-05-27 02:30:00,65.779655,64.70243172071352,2.5384800320566927
2012-05-27 02:35:00,65.778275,64.70174566315512,2.5385743634875415
2012-05-27 02:40:00,65.776886,64.70106490144839,2.5386683833977037
2012-05-27 02:45:00,65.77549,64.70038292332755,2.5387629076746916
2012-05-27 02:50:00,65.7741,64.69970035183398,2.538857491288955
2012-05-27 02:55:00,65.77271,64.69901462063056,2.5389521342404904
2012-05-27 03:00:00,65.771324,64.3044710598651,2.8477173167984833
2012-05-27 03:05:00,65.769936,64.30374802035087,2.847835249629943
2012-05-27 03:10:00,65.76855,64.30302564838095,2.8479534791477703
2012-05-27 03:15:00,65.76715,64.30230210449989,2.848071842174463
2012-05-27 03:20:00,65.76576,64.30157551958355,2.8481902348697936
2012-05-27 03:25:00,65.764366,64.30085280642433,2.8483078858492026
2012-05-27 03:30:00,65.76298,64.30012863950189,2.84842621920726
2012-05-27 03:35:00,65.76159,64.29940669772722,2.8485441223700825
2012-05-27 03:40:00,65.76021,64.29868349503549,2.848662248047681
2012-05-27 03:45:00,65.75882,64.2979561387346,2.848780833589151
2012-05-27 03:50:00,65.75742,64.29723354424992,2.848898692249018
2012-05-27 03:55:00,65.756035,64.2965099558659,2.8490175151395825
2012-05-27 04:00:00,65.75465,64.1734829452887,2.882354500918766
2012-05-27 04:05:00,65.75325,64.1727716100517,2.882456323680419
2012-05-27 04:10:00,65.75186,64.17205641789191,2.8825588881579916
2012-05-27 04:15:00,65.750465,64.17134480080288,2.882660770256918
2012-05-27 04:20:00,65.749084,64.17063288702745,2.8827628897049387
2012-05-27 04:25:00,65.747696,64.1699220858259,2.88286538001092
2012-05-27 04:30:00,65.7463,64.16921048357119,2.882967365950076
2012-05-27 04:35:00,65.74491,64.1684947277073,2.8830701677767436
2012-05-27 04:40:00,65.74352,64.1677834814762,2.8831721388815805
2012-05-27 04:45:00,65.742134,64.1670718050499,2.883273961643233
2012-05-27 04:50:00,65.740746,64.16636027696676,2.8833761552628463
2012-05-27 04:55:00,65.73935,64.1656495499368,2.883478348882459
2012-05-27 05:00:00,65.73795,64.6054200845492,2.568579516846064
2012-05-27 05:05:00,65.736565,64.60479739919909,2.5686255329018106
2012-05-27 05:10:00,65.73518,64.60417524788444,2.5686711335966415
2012-05-27 05:15:00,65.733795,64.60355279988345,2.5687170309778407
2012-05-27 05:20:00,65.7324,64.60292777071102,2.5687629580276767
2012-05-27 05:25:00,65.73101,64.60230481834317,2.5688087367343293
2012-05-27 05:30:00,65.72962,64.60168296371491,2.5688542780918864
2012-05-27 05:35:00,65.72823,64.6010603377021,2.568899952958309
2012-05-27 05:40:00,65.72684,64.60043741500287,2.568946176694514
2012-05-27 05:45:00,65.72544,64.59981191113228,2.5689921482473057
2012-05-27 05:50:00,65.72406,64.59918975981763,2.569037467090086
2012-05-27 05:55:00,65.72267,64.59856811286981,2.5690832754653754
2012-05-27 06:00:00,65.721275,65.48910225760186,2.0421511514585045
2012-05-27 06:05:00,65.71989,65.48857804245745,2.0421549638783394
2012-05-27 06:10:00,65.7185,65.48805080111207,2.0421596960259154
2012-05-27 06:15:00,65.71711,65.48752643762447,2.0421636122859796
2012-05-27 06:20:00,65.71572,65.48700222248006,2.042167528546043
2012-05-27 06:25:00,65.71433,65.48647839302792,2.0421718453327036
2012-05-27 06:30:00,65.71293,65.48595263511439,2.0421758654329962
2012-05-27 06:35:00,65.71154,65.48542551244356,2.042180122882384
2012-05-27 06:40:00,65.71016,65.48490019955956,2.04218429132586
2012-05-27 06:45:00,65.70877,65.48437684480564,2.042188311426153
2012-05-27 06:50:00,65.707375,65.48385322303395,2.0421925095382667
2012-05-27 06:55:00,65.705986,65.48332983861137,2.0421963516267385
2012-05-27 07:00:00,65.7046,66.28362111316643,1.751054828887246
2012-05-27 07:05:00,65.70321,66.28308126265038,1.7510731789391347
2012-05-27 07:10:00,65.70182,66.28254111544798,1.7510916179969342
2012-05-27 07:15:00,65.70043,66.2820028373697,1.7511096120251812
2012-05-27 07:20:00,65.699036,66.28146343188324,1.7511280807516165
2012-05-27 07:25:00,65.69765,66.28092034748578,1.751146682986919
2012-05-27 07:30:00,65.69625,66.28038129802293,1.7511650033701704
2012-05-27 07:35:00,65.69486,66.279842337566,1.7511834127593329
2012-05-27 07:40:00,65.693474,66.27930287274226,1.751201584799401
2012-05-27 07:45:00,65.692085,66.27875984768207,1.7512202612062946
2012-05-27 07:50:00,65.6907,66.27822183662153,1.7512384184120438
2012-05-27 07:55:00,65.68931,66.27768246080369,1.7512570058130272
2012-05-27 08:00:00,65.68792,66.65120534733487,1.9800039760070096
2012-05-27 08:05:00,65.686516,66.65057284166596,1.9801067629993592
2012-05-27 08:10:00,65.685135,66.64993920858885,1.9802092681396593
2012-05-27 08:15:00,65.68375,66.64930607987858,1.9803119512917802
2012-05-27 08:20:00,65.68235,66.64867360387832,1.9804145009350351
2012-05-27 08:25:00,65.68097,66.6480421366117,1.9805172582587482
2012-05-27 08:30:00,65.67958,66.64741072868237,1.9806198227363223
2012-05-27 08:35:00,65.678185,66.64677460343977,1.9807229954209504
2012-05-27 08:40:00,65.676796,66.6461428394868,1.9808256637387534
2012-05-27 08:45:00,65.67541,66.64551027448063,1.9809285545713322
2012-05-27 08:50:00,65.67401,66.64487809516672,1.981031593747095
2012-05-27 08:55:00,65.67262,66.64424647955693,1.981134380739445
2012-05-27 09:00:00,65.67123,66.52462906289755,1.9237436588954802
2012-05-27 09:05:00,65.66984,66.52394445910237,1.9238609241826106
2012-05-27 09:10:00,65.66845,66.52325748181622,1.923978827345433
2012-05-27 09:15:00,65.66707,66.52257237365419,1.924096656336663
2012-05-27 09:20:00,65.66568,66.5218864051017,1.9242146781740332
2012-05-27 09:25:00,65.66428,66.52119598625367,1.9243334639788017
2012-05-27 09:30:00,65.662895,66.52050981002071,1.9244515822392414
2012-05-27 09:35:00,65.66151,66.51982312942093,1.9245699601002533
2012-05-27 09:40:00,65.66011,66.51913707186252,1.924688078360693
2012-05-27 09:45:00,65.65872,66.51844730572452,1.9248067306565957
2012-05-27 09:50:00,65.657326,66.5177613965093,1.9249251826891998
2012-05-27 09:55:00,65.655945,66.51707424121132,1.9250435160472568
2012-05-27 10:00:00,65.65456,66.36779228197874,2.143935210374146
2012-05-27 10:05:00,65.65316,66.3670760810853,2.144106309402831
2012-05-27 10:10:00,65.65177,66.36635694299682,2.1442792330526834
2012-05-27 10:15:00,65.65038,66.36564068276611,2.1444503394985284
2012-05-27 10:20:00,65.648994,66.36492427419219,2.144621824219493
2012-05-27 10:25:00,65.647606,66.36420828097921,2.144793672381259
2012-05-27 10:30:00,65.64621,66.3634922580976,2.144965038427676
2012-05-27 10:35:00,65.64481,66.36277217061273,2.1451380139976424
2012-05-27 10:40:00,65.643425,66.36205475330516,2.145309899245204
2012-05-27 10:45:00,65.642044,66.36133822605672,2.1454814952235575
2012-05-27 10:50:00,65.640656,66.36062181748282,2.1456537958320356
2012-05-27 10:55:00,65.63926,66.3599054682462,2.145825273135841
2012-05-27 11:00:00,65.63787,66.26344816089268,2.3822248602602616
2012-05-27 11:05:00,65.63648,66.26270365611968,2.3824495630985676
2012-05-27 11:10:00,65.63509,66.26196024908626,2.382674725800744
2012-05-27 11:15:00,65.633705,66.26121592232509,2.38289999234315
2012-05-27 11:20:00,65.6323,66.26047144722075,2.3831250957080528
2012-05-27 11:25:00,65.63092,66.25972234380906,2.3833519346882115
2012-05-27 11:30:00,65.62953,66.25897935213654,2.3835767339495866
2012-05-27 11:35:00,65.628136,66.25823493636945,2.383801978240515
2012-05-27 11:40:00,65.62675,66.25749135132419,2.384027118691214
2012-05-27 11:45:00,65.62536,66.25674536311938,2.384253349464317
2012-05-27 11:50:00,65.62397,66.2559967640745,2.3844807224799385
2012-05-27 11:55:00,65.62258,66.25525267466242,2.384705647833021
2012-05-27 12:00:00,65.62119,66.24981723204921,2.4458995032282496
2012-05-27 12:05:00,65.61979,66.24905207790498,2.446130992767233
2012-05-27 12:10:00,65.6184,66.24828366021067,2.446362949587247
2012-05-27 12:15:00,65.61702,66.2475175863387,2.446595077001924
2012-05-27 12:20:00,65.61563,66.2467520465022,2.446826462700679
2012-05-27 12:25:00,65.614235,66.24598626931659,2.447058597532514
2012-05-27 12:30:00,65.61285,66.24522072948007,2.4472903540892292
2012-05-27 12:35:00,65.61146,66.24445133272077,2.4475233048085783
2012-05-27 12:40:00,65.61007,66.24368514017424,2.4477552022913187
2012-05-27 12:45:00,65.60868,66.24291995636138,2.4479871220255363
2012-05-27 12:50:00,65.60729,66.2421535561344,2.4482192271887353
2012-05-27 12:55:00,65.605896,66.24138768994287,2.448451280431819
2012-05-27 13:00:00,65.60451,66.43212708920233,1.981238925598528
2012-05-27 13:05:00,65.60311,66.43138205039388,1.9814042837459844
2012-05-27 13:10:00,65.60172,66.43063624020087,1.981570220431859
2012-05-27 13:15:00,65.600334,66.4298906376883,1.981735860431365
2012-05-27 13:20:00,65.59895,66.42914533186212,1.9819015004308715
2012-05-27 13:25:00,65.597565,66.42839510104221,1.9820685719421052
2012-05-27 13:30:00,65.59617,66.42764932051784,1.9822338855866064
2012-05-27 13:35:00,65.59478,66.42690487508212,1.9824000596215763
2012-05-27 13:40:00,65.59339,66.42615781880636,1.9825660778962018
2012-05-27 13:45:00,65.591995,66.42541227563109,1.9827319774962804
2012-05-27 13:50:00,65.59061,66.42466148110708,1.9828992566879726
2012-05-27 13:55:00,65.58921,66.42391564124542,1.983065438140101
2012-05-27 14:00:00,65.58783,66.49202524847209,1.49970405116258
2012-05-27 14:05:00,65.58644,66.49132714544713,1.4997950152031467
2012-05-27 14:10:00,65.585045,66.4906293984458,1.4998859569922365
2012-05-27 14:15:00,65.58366,66.48992717148032,1.499977351228038
2012-05-27 14:20:00,65.58227,66.48922883110626,1.5000685674520184
2012-05-27 14:25:00,65.58088,66.48853102476765,1.5001594499038342
2012-05-27 14:30:00,65.57948,66.4878325360504,1.5002504658645155
2012-05-27 14:35:00,65.578094,66.48713072444585,1.5003420974494117
2012-05-27 14:40:00,65.5767,66.48643202804816,1.5004336103597602
2012-05-27 14:45:00,65.57531,66.48573422170954,1.5005247524121483
2012-05-27 14:50:00,65.57393,66.48503531763139,1.5006160576420395
2012-05-27 14:55:00,65.57254,66.48433641355324,1.500707503797955
2012-05-27 15:00:00,65.571144,66.30283470039913,1.1511280230882992
2012-05-27 15:05:00,65.569756,66.30214170037969,1.1511701822212559
2012-05-27 15:10:00,65.56837,66.3014488783721,1.1512124526116012
2012-05-27 15:15:00,65.56698,66.30075567067222,1.151254374395463
2012-05-27 15:20:00,65.56558,66.3000627596587,1.1512970453124058
2012-05-27 15:25:00,65.564186,66.2993657543733,1.151339389874343
2012-05-27 15:30:00,65.562805,66.29867248733613,1.1513815935102552
2012-05-27 15:35:00,65.56142,66.29797904228717,1.151424101249695
2012-05-27 15:40:00,65.56002,66.2972856862441,1.1514666089891348
2012-05-27 15:45:00,65.55863,66.29659253788148,1.151509168648689
2012-05-27 15:50:00,65.55724,66.29589485021744,1.1515520398289303
2012-05-27 15:55:00,65.555855,66.29520276992575,1.1515943547222305
2012-05-27 16:00:00,65.55447,66.21725361862669,1.00973831436595
2012-05-27 16:05:00,65.55308,66.21657963620345,1.0097763495583854
2012-05-27 16:10:00,65.551674,66.21590461537797,1.009814636934234
2012-05-27 16:15:00,65.550285,66.21522653868284,1.0098529020586051
2012-05-27 16:20:00,65.548904,66.21455273427148,1.0098909817539956
2012-05-27 16:25:00,65.547516,66.21387789145778,1.0099292987984814
2012-05-27 16:30:00,65.54612,66.21320334533048,1.009967549088534
2012-05-27 16:35:00,65.54473,66.21252980793683,1.0100057177898352
2012-05-27 16:40:00,65.54334,66.21185143455536,1.01004422768046
2012-05-27 16:45:00,65.541954,66.2111774224635,1.010082322210169
2012-05-27 16:50:00,65.540565,66.21050183793393,1.0101208172664757
2012-05-27 16:55:00,65.53916,66.20982877523845,1.010159089808006
2012-05-27 17:00:00,65.53778,66.29512067680758,0.9682013920609691
2012-05-27 17:05:00,65.53639,66.29448096165994,0.9682542244860312
2012-05-27 17:10:00,65.534996,66.29384151353001,0.968307435186213
2012-05-27 17:15:00,65.53361,66.29320274777872,0.968360415954459
2012-05-27 17:20:00,65.53222,66.2925642490452,0.9684132038765657
2012-05-27 17:25:00,65.53083,66.29192180438295,0.96846619947913
2012-05-27 17:30:00,65.52944,66.29128291995711,0.9685195956082923
2012-05-27 17:35:00,65.52805,66.29064557830041,0.9685723316102846
2012-05-27 17:40:00,65.526665,66.2900047654132,0.9686257203222871
2012-05-27 17:45:00,65.52526,66.28936727541331,0.9686783969870056
2012-05-27 17:50:00,65.52388,66.28872400002923,0.9687321936427651
2012-05-27 17:55:00,65.52249,66.28808600566254,0.9687852930855585
2012-05-27 18:00:00,65.521095,66.34742069818132,0.9361722220453963
2012-05-27 18:05:00,65.519714,66.34678041932956,0.9362193655093431
2012-05-27 18:10:00,65.518326,66.34614055583873,0.9362667463223849
2012-05-27 18:15:00,65.51693,66.34549680575647,0.9363147650111183
2012-05-27 18:20:00,65.51554,66.34485688292835,0.9363620494010904
2012-05-27 18:25:00,65.51415,66.34421577335476,0.9364099271637994
2012-05-27 18:30:00,65.51276,66.34357501980483,0.9364573969827514
2012-05-27 18:35:00,65.51137,66.34293417724896,0.9365051486537536
2012-05-27 18:40:00,65.50997,66.34229024915489,0.9365529374105517
2012-05-27 18:45:00,65.50858,66.34164988129722,0.9366006668300765
2012-05-27 18:50:00,65.507195,66.34100960244547,0.9366484481697154
2012-05-27 18:55:00,65.50581,66.34036997630372,0.9366961034176479
2012-05-27 19:00:00,65.504425,66.34588555390505,0.9284149897928623
2012-05-27 19:05:00,65.50303,66.34524444433147,0.9284508888434447
2012-05-27 19:10:00,65.50164,66.34460811140839,0.9284861018068004
2012-05-27 19:15:00,65.50025,66.34396985002395,0.928521867348517
2012-05-27 19:20:00,65.498856,66.34333390279318,0.9285572620322732
2012-05-27 19:25:00,65.49747,66.3426935052669,0.928593168500015
2012-05-27 19:30:00,65.49607,66.34205595592972,0.9286287634470699
2012-05-27 19:35:00,65.49469,66.34141953400075,0.9286643843541821
2012-05-27 19:40:00,65.4933,66.34078326041497,0.9287001721473764
2012-05-27 19:45:00,65.491905,66.34014559240326,0.9287357596772722
2012-05-27 19:50:00,65.49052,66.3395046608415,0.9287716883964917
2012-05-27 19:55:00,65.48913,66.33886770487706,0.9288076356586091
2012-05-27 20:00:00,65.48774,66.2965154884316,0.976109411451689
2012-05-27 20:05:00,65.48635,66.29590137731752,0.9761423881415423
2012-05-27 20:10:00,65.484955,66.29528492238116,0.9761753499970771
2012-05-27 20:15:00,65.48356,66.29466650931475,0.9762085862875027
2012-05-27 20:20:00,65.48217,66.29405177515933,0.9762413404625799
2012-05-27 20:25:00,65.48079,66.29343621028207,0.9762746138388017
2012-05-27 20:30:00,65.4794,66.29282114977163,0.9763074273511525
2012-05-27 20:35:00,65.478004,66.29220683097712,0.9763405449670307
2012-05-27 20:40:00,65.476616,66.29158732017116,0.9763738850976855
2012-05-27 20:45:00,65.47523,66.29097234866664,0.976407010130723
2012-05-27 20:50:00,65.47384,66.2903571991503,0.9764400090720541
2012-05-27 20:55:00,65.47245,66.28974282101849,0.9764731266879324
2012-05-27 21:00:00,65.47105,66.12900793724188,1.0966840644273823
2012-05-27 21:05:00,65.469666,66.12841489085996,1.0967216545902652
2012-05-27 21:10:00,65.46828,66.12782487067904,1.09675885164371
2012-05-27 21:15:00,65.46688,66.12723476149219,1.0967960264456769
2012-05-27 21:20:00,65.46549,66.1266450973349,1.0968336091914
2012-05-27 21:25:00,65.4641,66.12605184327255,1.096871065845417
2012-05-27 21:30:00,65.462715,66.12546217911523,1.096908589253867
2012-05-27 21:35:00,65.46133,66.1248729599875,1.0969458530617444
2012-05-27 21:40:00,65.45994,66.12428199041018,1.0969834877275824
2012-05-27 21:45:00,65.458534,66.12369205923514,1.0970209592159177
2012-05-27 21:50:00,65.457146,66.12309806345687,1.097058957322557
2012-05-27 21:55:00,65.455765,66.12250985306278,1.097096161793161
2012-05-27 22:00:00,65.45438,65.81740420785373,1.286581334264311
2012-05-27 22:05:00,65.45298,65.81682967470122,1.2866250361663838
2012-05-27 22:10:00,65.45159,65.8162562689569,1.2866682782045857
2012-05-27 22:15:00,65.4502,65.8156805193903,1.2867119281865438
2012-05-27 22:20:00,65.448814,65.8151064015987,1.2867559045235075
2012-05-27 22:25:00,65.447426,65.8145321948012,1.2867992800705752
2012-05-27 22:30:00,65.44604,65.81395920441781,1.2868427668750309
2012-05-27 22:35:00,65.44464,65.81338541298122,1.286886268513805
2012-05-27 22:40:00,65.44325,65.81280954474006,1.286930074256107
2012-05-27 22:45:00,65.44186,65.81223468523257,1.2869739912557967
2012-05-27 22:50:00,65.44047,65.81166053777234,1.2870173000484315
2012-05-27 22:55:00,65.43908,65.81108728037121,1.2870610835392555
2012-05-27 23:00:00,65.43769,65.55261367114709,1.4818701593833943
2012-05-27 23:05:00,65.4363,65.55201317793735,1.4819138835369448
2012-05-27 23:10:00,65.43491,65.5514171943604,1.481956569288206
2012-05-27 23:15:00,65.433525,65.55081984602616,1.4820005975452837
2012-05-27 23:20:00,65.43214,65.55022285371557,1.4820437950805305
2012-05-27 23:25:00,65.43074,65.54962675146406,1.4820871483761202
2012-05-27 23:30:00,65.42935,65.54902714831343,1.482130776106601
2012-05-27 23:35:00,65.427956,65.54843054169511,1.4821739662246882
2012-05-27 23:40:00,65.426575,65.54783316369225,1.4822171266741384
2012-05-27 23:45:00,65.425186,65.54723658674254,1.482260776656097
2012-05-27 23:50:00,65.42379,65.54663591552098,1.482304159620324
2012-05-27 23:55:00,65.4224,65.5460393385713,1.4823477131792124
2012-05-28 00:00:00,65.42101,65.27950450853295,1.7695414751799794
2012-05-28 00:05:00,65.419624,65.27888194185739,1.7695917486851134
2012-05-28 00:10:00,65.41823,65.27826020590366,1.7696416216636504
2012-05-28 00:15:00,65.41684,65.27763312959532,1.7696925033758397
2012-05-28 00:20:00,65.41544,65.27701103761794,1.7697425988691526
2012-05-28 00:25:00,65.414055,65.27638847094238,1.7697925608535998
2012-05-28 00:30:00,65.412674,65.27576631962775,1.7698427156841863
2012-05-28 00:35:00,65.411285,65.27514348593445,1.7698929743550018
2012-05-28 00:40:00,65.40989,65.27451792272657,1.769943559380823
2012-05-28 00:45:00,65.4085,65.27389553406285,1.7699935510339069
2012-05-28 00:50:00,65.40711,65.27327332341092,1.7700436613615382
2012-05-28 00:55:00,65.40572,65.27265010402535,1.7700941277128115
2012-05-28 01:00:00,65.40433,63.580438187749735,2.6881040261691473
2012-05-28 01:05:00,65.40293,63.5797621359391,2.688192053014667
2012-05-28 01:10:00,65.40155,63.57908827960759,2.688279694167907
2012-05-28 01:15:00,65.40016,63.5784154765127,2.688367557835924
2012-05-28 01:20:00,65.398766,63.57774274758938,2.688455569847125
2012-05-28 01:25:00,65.39738,63.57706939562471,2.6885433593435493
2012-05-28 01:30:00,65.39599,63.57639237216623,2.688631386189069
2012-05-28 01:35:00,65.3946,63.575720258867136,2.6887186268157115
2012-05-28 01:40:00,65.39321,63.57504686239952,2.688806861341689
2012-05-28 01:45:00,65.39182,63.57437402963598,2.6888942799801527
2012-05-28 01:50:00,65.39042,63.5737007889287,2.688982410665902
2012-05-28 01:55:00,65.38903,63.57302375805304,2.6890708232037004
2012-05-28 02:00:00,65.38765,62.96853869626643,3.0781749212556804
2012-05-28 02:05:00,65.38626,62.967820270225225,3.0782870983715926
2012-05-28 02:10:00,65.384865,62.967103075432455,3.078399898528877
2012-05-28 02:15:00,65.38348,62.966381471138526,3.0785134997393566
2012-05-28 02:20:00,65.38209,62.965664780712586,3.0786263889025527
2012-05-28 02:25:00,65.3807,62.96494764525708,3.0787385660184636
2012-05-28 02:30:00,65.37931,62.96422994609748,3.0788512029982464
2012-05-28 02:35:00,65.37791,62.96351265488162,3.078963839978029
2012-05-28 02:40:00,65.376526,62.96279074277559,3.0790770406619115
2012-05-28 02:45:00,65.37514,62.96207262083792,3.079190211677157
2012-05-28 02:50:00,65.37374,62.96135535187354,3.0793026409764814
2012-05-28 02:55:00,65.37235,62.96063728185599,3.079415871329001
2012-05-28 03:00:00,65.370964,62.66627462037991,3.158513273045568
2012-05-28 03:05:00,65.369576,62.6655426283545,3.158622987664621
2012-05-28 03:10:00,65.36819,62.66481467126372,3.158732301757077
2012-05-28 03:15:00,65.3668,62.66408615046882,3.158841882867265
2012-05-28 03:20:00,65.36541,62.663359016682705,3.1589506035869825
2012-05-28 03:25:00,65.364006,62.662630265955876,3.1590598138392108
2012-05-28 03:30:00,65.362625,62.6618982887648,3.159169632298493
2012-05-28 03:35:00,65.36124,62.66116979763854,3.1592795842666406
2012-05-28 03:40:00,65.35984,62.660442063062526,3.1593889131934154
2012-05-28 03:45:00,65.35845,62.65971392795992,3.159498390463373
2012-05-28 03:50:00,65.35706,62.658985622262634,3.1596079419049237
2012-05-28 03:55:00,65.355675,62.65825334096803,3.159717389506245
2012-05-28 04:00:00,65.35429,63.02723545004722,2.710990783489423
2012-05-28 04:05:00,65.3529,63.02658456465779,2.711037971456325
2012-05-28 04:10:00,65.3515,63.025933130398585,2.711085337435048
2012-05-28 04:15:00,65.35011,63.02528383228124,2.7111321990469452
2012-05-28 04:20:00,65.34872,63.02463033605176,2.711179238670663
2012-05-28 04:25:00,65.34733,63.02397835292277,2.7112268716671184
2012-05-28 04:30:00,65.34594,63.02332945533201,2.7112742821487963
2012-05-28 04:35:00,65.34456,63.022678792457356,2.7113212030979668
2012-05-28 04:40:00,65.34317,63.02202353094399,2.7113688657630584
2012-05-28 04:45:00,65.341774,63.02137452951302,2.7114153565169947
2012-05-28 04:50:00,65.340385,63.02072402981586,2.711463019182086
2012-05-28 04:55:00,65.339,63.02007388614236,2.711509791788073
2012-05-28 05:00:00,65.3376,64.26594227031846,1.9788344531768942
2012-05-28 05:05:00,65.33621,64.26541256647624,1.9788230455860274
2012-05-28 05:10:00,65.334816,64.26488752060999,1.9788109111135574
2012-05-28 05:15:00,65.333435,64.2643614660101,1.9787997853747405
2012-05-28 05:20:00,65.33205,64.26383671683023,1.9787887189731972
2012-05-28 05:25:00,65.33065,64.26331110725987,1.9787768960214143
2012-05-28 05:30:00,65.32926,64.26278195228741,1.9787657999512345
2012-05-28 05:35:00,65.32787,64.26225683224956,1.978753843490586
2012-05-28 05:40:00,65.326485,64.2617324094247,1.978742465568356
2012-05-28 05:45:00,65.325096,64.26120518291366,1.9787309096343044
2012-05-28 05:50:00,65.3237,64.26068034472785,1.978719798729806
2012-05-28 05:55:00,65.3223,64.26015231716359,1.9787080796182523
2012-05-28 06:00:00,65.320915,65.57177204504663,1.4454044823400292
2012-05-28 06:05:00,65.319534,65.57127289990035,1.445392199524375
2012-05-28 06:10:00,65.318146,65.57077479315635,1.4453799612116764
2012-05-28 06:15:00,65.31675,65.57027425358415,1.4453681085912569
2012-05-28 06:20:00,65.31536,65.56977205256827,1.4453558776957174
2012-05-28 06:25:00,65.31397,65.56927350079472,1.4453435058741533
2012-05-28 06:30:00,65.312584,65.5687743259798,1.4453319054371467
2012-05-28 06:35:00,65.311195,65.56827541818261,1.4453194816954678
2012-05-28 06:40:00,65.30979,65.56777674773453,1.4453074658975458
2012-05-28 06:45:00,65.30841,65.56727490274228,1.4452955613570113
2012-05-28 06:50:00,65.30702,65.56677646964327,1.4452829966893075
2012-05-28 06:55:00,65.305626,65.56627667178701,1.4452713220807094
2012-05-28 07:00:00,65.30424,66.11269490429034,1.3512865618360685
2012-05-28 07:05:00,65.30285,66.11209432207465,1.3513158076948386
2012-05-28 07:10:00,65.30146,66.1114955793145,1.3513453502399768
2012-05-28 07:15:00,65.30007,66.11089751893296,1.351374351332493
2012-05-28 07:20:00,65.29868,66.11029984424373,1.3514035675226266
2012-05-28 07:25:00,65.29728,66.1097016948563,1.3514332954967452
2012-05-28 07:30:00,65.29589,66.10910016324426,1.3514630531395007
2012-05-28 07:35:00,65.29451,66.10850349728867,1.3514916833740565
2012-05-28 07:40:00,65.29312,66.10790407214985,1.3515213371765833
2012-05-28 07:45:00,65.291725,66.10730616011152,1.351550731378537
2012-05-28 07:50:00,65.29034,66.10670818873588,1.3515802665065166
2012-05-28 07:55:00,65.28895,66.10610627143159,1.3516101131551828
2012-05-28 08:00:00,65.28756,65.89231440068073,1.6404604828314702
2012-05-28 08:05:00,65.28617,65.89160146333735,1.6405502527094045
2012-05-28 08:10:00,65.28478,65.89088923804125,1.6406405492056424
2012-05-28 08:15:00,65.28339,65.89017603368013,1.6407311201367714
2012-05-28 08:20:00,65.282,65.88946015914168,1.640821268289825
2012-05-28 08:25:00,65.2806,65.88874828986924,1.6409110455849187
2012-05-28 08:30:00,65.27921,65.88803550086902,1.6410012234066096
2012-05-28 08:35:00,65.277824,65.88732265253155,1.6410915644058026
2012-05-28 08:40:00,65.276436,65.88661054591,1.6411816087186273
2012-05-28 08:45:00,65.27505,65.8858934846261,1.64127261726215
2012-05-28 08:50:00,65.27366,65.885181585685,1.6413626170720195
2012-05-28 08:55:00,65.27227,65.88446903403388,1.641452958071213
2012-05-28 09:00:00,65.27087,65.35038194739386,1.9062885095170996
2012-05-28 09:05:00,65.269485,65.34966978143503,1.9063649878457276
2012-05-28 09:10:00,65.2681,65.34896162074217,1.9064405538637723
2012-05-28 09:15:00,65.2667,65.34825411275934,1.9065167725918268
2012-05-28 09:20:00,65.26532,65.3475462190842,1.9065927243021503
2012-05-28 09:25:00,65.26393,65.34683788037951,1.9066684164119014
2012-05-28 09:30:00,65.262535,65.34612612978161,1.9067451320896238
2012-05-28 09:35:00,65.26115,65.34541814710057,1.9068211950573353
2012-05-28 09:40:00,65.25976,65.34471016441954,1.9068976437173257
2012-05-28 09:45:00,65.25837,65.34400238941895,1.9069733209927586
2012-05-28 09:50:00,65.25697,65.3432941397202,1.907049376543311
2012-05-28 09:55:00,65.255585,65.342582329785,1.9071262257298989
2012-05-28 10:00:00,65.25419,65.04781669404898,1.8239670170345752
2012-05-28 10:05:00,65.2528,65.04715063315182,1.8240223342079724
2012-05-28 10:10:00,65.25142,65.04648445358008,1.8240785043546797
2012-05-28 10:15:00,65.25003,65.04581950525677,1.8241338586138733
2012-05-28 10:20:00,65.248634,65.04515044782728,1.8241899249203513
2012-05-28 10:25:00,65.247246,65.04448561817854,1.8242457761292121
2012-05-28 10:30:00,65.24586,65.04381958695001,1.824301582835118
2012-05-28 10:35:00,65.24447,65.04315483147286,1.824357085437496
2012-05-28 10:40:00,65.24307,65.04248997215548,1.8244132184984068
2012-05-28 10:45:00,65.24168,65.04182089989168,1.824468661763511
2012-05-28 10:50:00,65.240295,65.04115572905361,1.824524713235671
2012-05-28 10:55:00,65.23891,65.04048984616826,1.824580438352825
2012-05-28 11:00:00,65.23751,64.88416253508133,1.7027494817842437
2012-05-28 11:05:00,65.23612,64.88352519342463,1.7027926051478979
2012-05-28 11:10:00,65.23473,64.88288494424151,1.7028360771180353
2012-05-28 11:15:00,65.233345,64.88224892283914,1.7028793265733964
2012-05-28 11:20:00,65.23196,64.88161153667949,1.7029221680850009
2012-05-28 11:25:00,65.23056,64.88097423952574,1.7029655510492274
2012-05-28 11:30:00,65.229164,64.88033370849057,1.703009023019365
2012-05-28 11:35:00,65.227776,64.87969679702908,1.703052695252801
2012-05-28 11:40:00,65.226395,64.87906044927172,1.7030959595424804
2012-05-28 11:45:00,65.225006,64.87842297410616,1.7031389642315873
2012-05-28 11:50:00,65.22361,64.87778692303513,1.7031822581899034
2012-05-28 11:55:00,65.22222,64.87714633266269,1.703225774662996
2012-05-28 12:00:00,65.22083,64.810224316466,1.5501839461688263
2012-05-28 12:05:00,65.219444,64.80960128992656,1.550213681560104
2012-05-28 12:10:00,65.218056,64.8089785600735,1.5502436097975216
2012-05-28 12:15:00,65.21665,64.808356601605,1.5502733006858442
2012-05-28 12:20:00,65.21527,64.8077298961546,1.5503036146155404
2012-05-28 12:25:00,65.21388,64.80710821953816,1.5503330088174947
2012-05-28 12:30:00,65.21249,64.80648520783303,1.5503629741407086
2012-05-28 12:35:00,65.2111,64.80586195877883,1.5503929691325589
2012-05-28 12:40:00,65.20971,64.80523977779556,1.5504230753817978
2012-05-28 12:45:00,65.20832,64.80461402174153,1.5504525585896625
2012-05-28 12:50:00,65.20693,64.80399108420802,1.5504829021879958
2012-05-28 12:55:00,65.20554,64.80336882905316,1.5505129342656423
2012-05-28 13:00:00,65.204155,64.78928217511341,1.3961176596443945
2012-05-28 13:05:00,65.20275,64.78866051333127,1.3961328351521407
2012-05-28 13:10:00,65.20137,64.7880360775316,1.396148107082957
2012-05-28 13:15:00,65.19998,64.78741456409266,1.3961632900078624
2012-05-28 13:20:00,65.198586,64.7867935401862,1.396178628693111
2012-05-28 13:25:00,65.1972,64.78617181906681,1.3961938338694944
2012-05-28 13:30:00,65.19581,64.78555051330831,1.3962090390458775
2012-05-28 13:35:00,65.19442,64.78492664121273,1.3962245186571514
2012-05-28 13:40:00,65.19303,64.78430456406967,1.3962401540287688
2012-05-28 13:45:00,65.19164,64.78368348082596,1.39625575231459
2012-05-28 13:50:00,65.19025,64.78306198222133,1.3962707572276745
2012-05-28 13:55:00,65.18886,64.78243748708438,1.3962865186909983
2012-05-28 14:00:00,65.18746,64.74164217686031,1.321665602490372
2012-05-28 14:05:00,65.18607,64.74101995137407,1.3216668856589158
2012-05-28 14:10:00,65.184685,64.74039812641443,1.3216683245878027
2012-05-28 14:15:00,65.183304,64.73977466967976,1.321669845105441
2012-05-28 14:20:00,65.181915,64.73914922514642,1.32167117277694
2012-05-28 14:25:00,65.18052,64.73852659913359,1.321672663625941
2012-05-28 14:30:00,65.17913,64.7379041511326,1.3216737613655045
2012-05-28 14:35:00,65.17774,64.73728217782978,1.3216752967174612
2012-05-28 14:40:00,65.176346,64.73665986333762,1.3216768691552139
2012-05-28 14:45:00,65.17496,64.736034033112,1.3216781968267128
2012-05-28 14:50:00,65.17356,64.73541186696308,1.3216796950928735
2012-05-28 14:55:00,65.17218,64.73479017551229,1.3216814752110841
2012-05-28 15:00:00,65.17079,64.63731815627571,1.5457029510200846
2012-05-28 15:05:00,65.169395,64.6367039264871,1.5457247871368027
2012-05-28 15:10:00,65.16801,64.63608659632594,1.5457472462948942
2012-05-28 15:15:00,65.16662,64.63547509605195,1.545768592879104
2012-05-28 15:20:00,65.16523,64.63486163764789,1.545790525418892
2012-05-28 15:25:00,65.16384,64.63424798639771,1.5458130290799392
2012-05-28 15:30:00,65.162445,64.63363479501139,1.5458346946019954
2012-05-28 15:35:00,65.16105,64.6330204168796,1.545856449129962
2012-05-28 15:40:00,65.15966,64.6324069139726,1.5458785893502078
2012-05-28 15:45:00,65.15828,64.63179421211879,1.5459005515586322
2012-05-28 15:50:00,65.15689,64.6311818514543,1.5459224915155787
2012-05-28 15:55:00,65.155495,64.63056892708573,1.5459450545139
2012-05-28 16:00:00,65.154106,64.2934902078362,3.171080195565871
2012-05-28 16:05:00,65.15272,64.29294374121416,3.1713962110512273
2012-05-28 16:10:00,65.15133,64.29239628069277,3.1717147632050327
2012-05-28 16:15:00,65.14993,64.29185147551438,3.172031283057215
2012-05-28 16:20:00,65.14854,64.29130278374457,3.1723505695097827
2012-05-28 16:25:00,65.147156,64.29075618361365,3.1726678236607264
2012-05-28 16:30:00,65.14577,64.2902107553939,3.172984321261431
2012-05-28 16:35:00,65.14437,64.28966461512685,3.1733030440098986
2012-05-28 16:40:00,65.14298,64.28911963193664,3.1736194600218517
2012-05-28 16:45:00,65.141594,64.28857255710753,3.1739379528383833
2012-05-28 16:50:00,65.140205,64.28802649101209,3.1742564530720756
2012-05-28 16:55:00,65.13882,64.28748107762665,3.1745736182171087
2012-05-28 17:00:00,65.13743,63.239702378813824,7.272733206842404
2012-05-28 17:05:00,65.136024,63.23852677391315,7.274992829561803
2012-05-28 17:10:00,65.134636,63.23734601779541,7.27726713825644
2012-05-28 17:15:00,65.133255,63.2361711657364,7.279528941620645
2012-05-28 17:20:00,65.13187,63.23499370283736,7.281795506801063
2012-05-28 17:25:00,65.13047,63.23381840574879,7.284057562348681
2012-05-28 17:30:00,65.12908,63.23264308270018,7.286319706902209
2012-05-28 17:35:00,65.12769,63.231460565007104,7.288597768679405
2012-05-28 17:40:00,65.126305,63.23028441865382,7.2908609368009065
2012-05-28 17:45:00,65.124916,63.22910632158766,7.2931286887267985
2012-05-28 17:50:00,65.12353,63.22793033841187,7.295393785309694
2012-05-28 17:55:00,65.12213,63.22675375815478,7.2976617300817255
2012-05-28 18:00:00,65.12074,63.41526513921022,6.534510738034617
2012-05-28 18:05:00,65.11935,63.41375970807375,6.537526421461056
2012-05-28 18:10:00,65.11796,63.412256127518496,6.540542935609327
2012-05-28 18:15:00,65.11657,63.41075099677696,6.543560606834435
2012-05-28 18:20:00,65.11518,63.409245947624186,6.5465811855859535
2012-05-28 18:25:00,65.11379,63.407731189410015,6.549618927643887
2012-05-28 18:30:00,65.112404,63.40622561734751,6.552641850217717
2012-05-28 18:35:00,65.111015,63.40471918489453,6.555666182051797
2012-05-28 18:40:00,65.10961,63.40321232966349,6.558693703264336
2012-05-28 18:45:00,65.10823,63.401697063373895,6.561739426185582
2012-05-28 18:50:00,65.10684,63.40018874325392,6.564768594007467
2012-05-28 18:55:00,65.105446,63.39868196590303,6.567796856935929
2012-05-28 19:00:00,65.104065,64.75682778677741,2.82980149507865
2012-05-28 19:05:00,65.10268,64.7557708267555,2.8308192850827805
2012-05-28 19:10:00,65.10128,64.75470822969255,2.831843082985872
2012-05-28 19:15:00,65.09989,64.75364989007902,2.8328619336437697
2012-05-28 19:20:00,65.0985,64.75259175814595,2.83388311328966
2012-05-28 19:25:00,65.097115,64.75153386356195,2.8349028985096183
2012-05-28 19:30:00,65.09572,64.75047684420275,2.8359236479602745
2012-05-28 19:35:00,65.09433,64.74941258569616,2.836951206363086
2012-05-28 19:40:00,65.09293,64.74835475044947,2.837973743349112
2012-05-28 19:45:00,65.091545,64.74729580262887,2.838997778601298
2012-05-28 19:50:00,65.090164,64.74623698831715,2.8400209831316534
2012-05-28 19:55:00,65.088776,64.74517778831313,2.8410459974488558
2012-05-28 20:00:00,65.08738,65.2813766143522,1.5690488972499714
2012-05-28 20:05:00,65.08599,65.28064768561354,1.5692925212614248
2012-05-28 20:10:00,65.0846,65.27992080401084,1.5695360488498087
2012-05-28 20:15:00,65.08321,65.27919294334313,1.569779947296153
2012-05-28 20:20:00,65.08182,65.27846520134996,1.570023645479199
2012-05-28 20:25:00,65.08042,65.27773354309672,1.5702689235171565
2012-05-28 20:30:00,65.07904,65.27700707685493,1.5705128219635007
2012-05-28 20:35:00,65.07765,65.27627918651856,1.5707570986849648
2012-05-28 20:40:00,65.076256,65.27555203789812,1.5710010638857426
2012-05-28 20:45:00,65.07487,65.27482444424814,1.5712458227225554
2012-05-28 20:50:00,65.07348,65.27409332003036,1.571492220751554
2012-05-28 20:55:00,65.07209,65.27336548903128,1.5717367051534759
2012-05-28 21:00:00,65.0707,65.16224220310067,1.4368993000440502
2012-05-28 21:05:00,65.069305,65.16159435874651,1.4370013082346829
2012-05-28 21:10:00,65.06791,65.1609433991855,1.4371037837063458
2012-05-28 21:15:00,65.06652,65.16029573284318,1.4372061034176653
2012-05-28 21:20:00,65.06514,65.15964723577902,1.4373079929337507
2012-05-28 21:25:00,65.06375,65.15899977711715,1.437410342313707
2012-05-28 21:30:00,65.062355,65.15835211077483,1.437512647190708
2012-05-28 21:35:00,65.06097,65.15769957877605,1.4376154935203316
2012-05-28 21:40:00,65.05958,65.15705321785373,1.4377178651517661
2012-05-28 21:45:00,65.05819,65.15640489880138,1.4378200365199014
2012-05-28 21:50:00,65.0568,65.15575672809224,1.4379227790092959
2012-05-28 21:55:00,65.0554,65.15510938810492,1.4380245572679928
2012-05-28 22:00:00,65.054016,64.80643975548139,1.5935473810153802
2012-05-28 22:05:00,65.05263,64.80582192095342,1.5936221237287518
2012-05-28 22:10:00,65.05123,64.80520387874499,1.5936964436640488
2012-05-28 22:15:00,65.04984,64.80458579203356,1.593770949028326
2012-05-28 22:20:00,65.048454,64.80396767565354,1.5938458771706783
2012-05-28 22:25:00,65.047066,64.80334647373529,1.593920886901782
2012-05-28 22:30:00,65.04568,64.80272941059185,1.5939957927926567
2012-05-28 22:35:00,65.04429,64.80211084918227,1.594070186899546
2012-05-28 22:40:00,65.0429,64.80149314816316,1.5941452856365599
2012-05-28 22:45:00,65.0415,64.80087480926835,1.5942199393440217
2012-05-28 22:50:00,65.040115,64.8002538595335,1.5942950825839912
2012-05-28 22:55:00,65.03873,64.79963654420668,1.59437004039498
2012-05-28 23:00:00,65.03733,64.41327642420491,1.8738120477152906
2012-05-28 23:05:00,65.03594,64.41264299880827,1.8738802855800343
2012-05-28 23:10:00,65.03455,64.41200559781429,1.8739492206577444
2012-05-28 23:15:00,65.033165,64.41137356684355,1.8740172211733934
2012-05-28 23:20:00,65.03178,64.41073929589076,1.874086082079511
2012-05-28 23:25:00,65.03039,64.41010610784322,1.874154853979718
2012-05-28 23:30:00,65.02899,64.40947421038139,1.8742229880042325
2012-05-28 23:35:00,65.0276,64.40883718024536,1.8742919527505786
2012-05-28 23:40:00,65.02621,64.40820354716827,1.8743602054496409
2012-05-28 23:45:00,65.02482,64.4075712343455,1.8744289180125746
2012-05-28 23:50:00,65.02343,64.40693838748727,1.8744970817057263
2012-05-28 23:55:00,65.02205,64.40630503626222,1.874565853605933
2012-05-29 00:00:00,65.02066,63.950947890437114,2.279282938288785
2012-05-29 00:05:00,65.019264,63.95029776159793,2.279358237289098
2012-05-29 00:10:00,65.017876,63.9496485673208,2.279433402780545
2012-05-29 00:15:00,65.01649,63.949000396611645,2.279508998467226
2012-05-29 00:20:00,65.01509,63.948350401281324,2.279584045284126
2012-05-29 00:25:00,65.0137,63.947697824779596,2.2796603530180914
2012-05-29 00:30:00,65.01231,63.947047681106085,2.279735711355678
2012-05-29 00:35:00,65.010925,63.946399436225356,2.2798108026755335
2012-05-29 00:40:00,65.00954,63.94575019744527,2.279886398362214
2012-05-29 00:45:00,65.00814,63.94510027628655,2.279962290735264
2012-05-29 00:50:00,65.00675,63.944448174483,2.2800374265580747
2012-05-29 00:55:00,65.00536,63.94379890603428,2.2801130964163483
2012-05-29 01:00:00,65.003975,62.43844760044291,3.1517299545918505
2012-05-29 01:05:00,65.00259,62.437962169624,3.1517511676671948
2012-05-29 01:10:00,65.00119,62.43747646066162,3.151772988949594
2012-05-29 01:15:00,64.999794,62.43698794430449,3.151795685456781
2012-05-29 01:20:00,64.998405,62.43650173468387,3.151817447401907
2012-05-29 01:25:00,64.997025,62.436015740160876,3.151839743382496
2012-05-29 01:30:00,64.995636,62.43552986060385,3.1518616091678506
2012-05-29 01:35:00,64.99424,62.435040635908,3.1518839051484395
2012-05-29 01:40:00,64.99285,62.434555086414555,3.151906393975169
2012-05-29 01:45:00,64.99146,62.43406873215934,3.151927607050513
2012-05-29 01:50:00,64.990074,62.43358303803129,3.151949843693828
2012-05-29 01:55:00,64.98868,62.433097047216854,3.1519719616625963
2012-05-29 02:00:00,64.98728,61.51407202707943,3.6159876766361703
2012-05-29 02:05:00,64.9859,61.51356024309385,3.6160342563960177
2012-05-29 02:10:00,64.98451,61.51304800295298,3.616080480132222
2012-05-29 02:15:00,64.983116,61.512535323345425,3.616126763205701
2012-05-29 02:20:00,64.98173,61.512022955258544,3.6161728089300844
2012-05-29 02:25:00,64.98034,61.511507985603096,3.616219893056758
2012-05-29 02:30:00,64.97895,61.510995515530304,3.6162654047456777
2012-05-29 02:35:00,64.97756,61.51048305658324,3.6163121031800713
2012-05-29 02:40:00,64.97617,61.50997095736839,3.616358623602645
2012-05-29 02:45:00,64.97477,61.50945920305144,3.61640389794247
2012-05-29 02:50:00,64.97338,61.50894366042042,3.616450952400507
2012-05-29 02:55:00,64.972,61.50843202477804,3.6164971761367113
2012-05-29 03:00:00,64.97061,61.19378823732399,3.6095224949753426
2012-05-29 03:05:00,64.969215,61.1932683463834,3.609579102734443
2012-05-29 03:10:00,64.96783,61.19274834233113,3.6096345534167074
2012-05-29 03:15:00,64.96644,61.192225818299,3.609691161175807
2012-05-29 03:20:00,64.96505,61.19170595702704,3.609747116224897
2012-05-29 03:25:00,64.96366,61.19118692647692,3.6098023592267023
2012-05-29 03:30:00,64.96227,61.19066613991435,3.6098586999680715
2012-05-29 03:35:00,64.96088,61.19014704260979,3.6099148033603456
2012-05-29 03:40:00,64.95949,61.18962348573826,3.609970936421257
2012-05-29 03:45:00,64.95809,61.18910454419404,3.610026713458525
2012-05-29 03:50:00,64.9567,61.18858370385706,3.6100826981762526
2012-05-29 03:55:00,64.955315,61.18806490880174,3.610138979580347
2012-05-29 04:00:00,64.953926,62.01328748988511,2.8720442639228128
2012-05-29 04:05:00,64.95254,62.01280561744834,2.8720639193947224
2012-05-29 04:10:00,64.95115,62.012323947129154,2.8720833078489005
2012-05-29 04:15:00,64.94976,62.01184037801722,2.872102740806034
2012-05-29 04:20:00,64.94836,62.01135946795686,2.8721222479347603
2012-05-29 04:25:00,64.946976,62.01087515898329,2.8721422445959934
2012-05-29 04:30:00,64.94559,62.010392335295855,2.8721611435176637
2012-05-29 04:35:00,64.94419,62.009910961663046,2.872180754486618
2012-05-29 04:40:00,64.94281,62.009428299298825,2.8722004396271648
2012-05-29 04:45:00,64.94142,62.00894697387755,2.8722200505961197
2012-05-29 04:50:00,64.940025,62.008462752055586,2.8722393055414326
2012-05-29 04:55:00,64.93864,62.00797975221064,2.8722594357115323
2012-05-29 05:00:00,64.93725,63.89021340196333,1.8997823703031076
2012-05-29 05:05:00,64.93586,63.88977795538034,1.8997691380910746
2012-05-29 05:10:00,64.93446,63.88934191542463,1.8997566920979183
2012-05-29 05:15:00,64.933075,63.88890464422048,1.8997437417379353
2012-05-29 05:20:00,64.93168,63.88846907896298,1.8997302276738521
2012-05-29 05:25:00,64.93029,63.888034492770466,1.8997175294972826
2012-05-29 05:30:00,64.92891,63.88759895718158,1.899704727480484
2012-05-29 05:35:00,64.92752,63.88716444516066,1.8996916436116351
2012-05-29 05:40:00,64.926125,63.88672656574945,1.8996784855711946
2012-05-29 05:45:00,64.924736,63.88629074830853,1.8996658764005352
2012-05-29 05:50:00,64.92335,63.88585547973738,1.8996531485553287
2012-05-29 05:55:00,64.92196,63.885420552355534,1.899640020183525
2012-05-29 06:00:00,64.92056,65.56228902898319,1.3227463122560918
2012-05-29 06:05:00,64.91917,65.56180305671167,1.322741995469431
2012-05-29 06:10:00,64.917786,65.5613201106411,1.3227373523277648
2012-05-29 06:15:00,64.9164,65.5608361558369,1.3227328426949645
2012-05-29 06:20:00,64.915,65.56035350645269,1.3227281847189796
2012-05-29 06:25:00,64.91361,65.55986786053619,1.3227236380003828
2012-05-29 06:30:00,64.912224,65.55938390573196,1.322719321213722
2012-05-29 06:35:00,64.910835,65.5589012860164,1.322714581648986
2012-05-29 06:40:00,64.90945,65.55841795425356,1.3227101684392555
2012-05-29 06:45:00,64.90805,65.55793322806478,1.3227059999957786
2012-05-29 06:50:00,64.906654,65.55744817552097,1.322701386522749
2012-05-29 06:55:00,64.905266,65.55696454707179,1.3226972254964318
2012-05-29 07:00:00,64.903885,65.96350812204473,1.228797102455551
2012-05-29 07:05:00,64.9025,65.96294329053649,1.2288156824393754
2012-05-29 07:10:00,64.9011,65.96237973477962,1.2288346332811602
2012-05-29 07:15:00,64.89971,65.96181238143721,1.2288538585578357
2012-05-29 07:20:00,64.89832,65.96124814330169,1.2288728687368942
2012-05-29 07:25:00,64.896935,65.9606848248939,1.228891567395266
2012-05-29 07:30:00,64.895546,65.96012014172884,1.228910495985573
2012-05-29 07:35:00,64.89414,65.9595565266347,1.2289295506675868
2012-05-29 07:40:00,64.89276,65.9589883722391,1.2289488946188099
2012-05-29 07:45:00,64.89137,65.95842520217452,1.2289673262594498
2012-05-29 07:50:00,64.88998,65.95786114205083,1.2289864847816927
2012-05-29 07:55:00,64.88859,65.95729752695667,1.2290052946974526
2012-05-29 08:00:00,64.8872,65.62466107786766,1.4177451094223024
2012-05-29 08:05:00,64.88581,65.62406699308345,1.4177883959634592
2012-05-29 08:10:00,64.88442,65.62347718058298,1.4178313784010885
2012-05-29 08:15:00,64.88303,65.62288585498203,1.417875139640435
2012-05-29 08:20:00,64.881645,65.622294944742,1.4179184484330696
2012-05-29 08:25:00,64.88024,65.62170406417057,1.4179617943115004
2012-05-29 08:30:00,64.87886,65.62110997938638,1.4180054665449362
2012-05-29 08:35:00,64.87747,65.6205193658327,1.4180486344115462
2012-05-29 08:40:00,64.876076,65.61992875227905,1.4180921063816834
2012-05-29 08:45:00,64.87469,65.61933846508038,1.4181356376890941
2012-05-29 08:50:00,64.8733,65.61874363858026,1.4181791467450278
2012-05-29 08:55:00,64.87191,65.6181529656893,1.4182228189784636
2012-05-29 09:00:00,64.87052,65.13052073393497,1.578800703746067
2012-05-29 09:05:00,64.86913,65.12996931265059,1.5788424030151527
2012-05-29 09:10:00,64.86774,65.12941786169753,1.578884035529806
2012-05-29 09:15:00,64.86635,65.12886237580989,1.5789260018166231
2012-05-29 09:20:00,64.86495,65.12831009413502,1.5789680645265103
2012-05-29 09:25:00,64.86356,65.12775879152517,1.5790092816802475
2012-05-29 09:30:00,64.862175,65.12720745924668,1.579051047703766
2012-05-29 09:35:00,64.860794,65.126654955057,1.5790931104136534
2012-05-29 09:40:00,64.859406,65.12610126412189,1.5791345352478479
2012-05-29 09:45:00,64.85801,65.12554901211566,1.5791767314666012
2012-05-29 09:50:00,64.85662,65.12499665626919,1.5792189128510359
2012-05-29 09:55:00,64.85523,65.12444585802616,1.5792601448390913
2012-05-29 10:00:00,64.853836,64.78606732612782,1.597685836917426
2012-05-29 10:05:00,64.85245,64.7855670980763,1.5977168851458845
2012-05-29 10:10:00,64.85105,64.7850697182139,1.5977475996021786
2012-05-29 10:15:00,64.84967,64.784572872387,1.5977781137951734
2012-05-29 10:20:00,64.84828,64.78407454312821,1.5978096144703438
2012-05-29 10:25:00,64.846886,64.78357818683381,1.5978397948911747
2012-05-29 10:30:00,64.8455,64.78307849281775,1.5978711917261155
2012-05-29 10:35:00,64.84411,64.78258149864762,1.597901535324449
2012-05-29 10:40:00,64.84272,64.78208370342432,1.5979325983872261
2012-05-29 10:45:00,64.841324,64.78158733229556,1.5979634463523855
2012-05-29 10:50:00,64.839935,64.7810869855695,1.5979946429240286
2012-05-29 10:55:00,64.83854,64.78058962054145,1.5980253425460036
2012-05-29 11:00:00,64.83715,64.59274402594826,1.5510133848319454
2012-05-29 11:05:00,64.83577,64.59228524498239,1.551037164244377
2012-05-29 11:10:00,64.83438,64.59182420920015,1.5510611735887438
2012-05-29 11:15:00,64.832985,64.59136240203334,1.5510855612082306
2012-05-29 11:20:00,64.8316,64.59090225631019,1.5511096521413485
2012-05-29 11:25:00,64.83021,64.59044294130886,1.5511337579087854
2012-05-29 11:30:00,64.82882,64.58998206870413,1.5511581010253168
2012-05-29 11:35:00,64.82742,64.58952248668508,1.5511820213637728
2012-05-29 11:40:00,64.82603,64.58906013064848,1.5512063051430307
2012-05-29 11:45:00,64.824646,64.58860007393123,1.5512304702477413
2012-05-29 11:50:00,64.82326,64.58814029906604,1.5512550877991635
2012-05-29 11:55:00,64.82186,64.5876805538695,1.5512787707885252
2012-05-29 12:00:00,64.82047,64.49105284470025,1.471225860953724
2012-05-29 12:05:00,64.819084,64.49060998095807,1.4712448711327826
2012-05-29 12:10:00,64.817696,64.49016904567728,1.471263458533766
2012-05-29 12:15:00,64.81631,64.48972747252081,1.471282172026456
2012-05-29 12:20:00,64.81492,64.48928638889682,1.471301375051654
2012-05-29 12:25:00,64.813515,64.48884560195923,1.4713202146360507
2012-05-29 12:30:00,64.812126,64.48840141796269,1.4713389132944226
2012-05-29 12:35:00,64.810745,64.48796026016713,1.47135811631962
2012-05-29 12:40:00,64.80936,64.48751893919405,1.4713766740519671
2012-05-29 12:45:00,64.80796,64.4870785231144,1.4713956323109108
2012-05-29 12:50:00,64.80657,64.48663718730702,1.4714141900432576
2012-05-29 12:55:00,64.80518,64.48619285496729,1.4714340235269887
2012-05-29 13:00:00,64.803795,64.41930541756683,1.4138159805875163
2012-05-29 13:05:00,64.80241,64.41887005998976,1.413828463666469
2012-05-29 13:10:00,64.801,64.41843433155475,1.4138413546891782
2012-05-29 13:15:00,64.79962,64.41799680816719,1.4138547278272362
2012-05-29 13:20:00,64.79823,64.41756035285056,1.4138677004386964
2012-05-29 13:25:00,64.79684,64.41712452057531,1.4138806285472019
2012-05-29 13:30:00,64.79545,64.41668931134141,1.4138932896379757
2012-05-29 13:35:00,64.79406,64.41625285602481,1.4139064995985307
2012-05-29 13:40:00,64.79267,64.41581456125267,1.4139196798904494
2012-05-29 13:45:00,64.79128,64.41537909983538,1.4139325634959992
2012-05-29 13:50:00,64.789894,64.41494424662515,1.4139457067021217
2012-05-29 13:55:00,64.788506,64.4145082660067,1.413958627393468
2012-05-29 14:00:00,64.7871,64.29855486666045,1.4946912605327085
2012-05-29 14:05:00,64.78572,64.29811089034438,1.4946963264524495
2012-05-29 14:10:00,64.78433,64.29766872381516,1.4947013404520766
2012-05-29 14:15:00,64.782936,64.29722784787162,1.4947060800168124
2012-05-29 14:20:00,64.781555,64.29678680875061,1.4947110050105288
2012-05-29 14:25:00,64.78017,64.29634468672435,1.4947158706669714
2012-05-29 14:30:00,64.77877,64.29590100709464,1.4947205508944335
2012-05-29 14:35:00,64.77738,64.295459938305,1.4947256242313343
2012-05-29 14:40:00,64.77599,64.29501875084078,1.4947303489617518
2012-05-29 14:45:00,64.7746,64.29457668815178,1.494735622561951
2012-05-29 14:50:00,64.77321,64.29413538201304,1.4947404585497568
2012-05-29 14:55:00,64.77181,64.29369177655494,1.494745739567115
2012-05-29 15:00:00,64.770424,64.1518081962865,1.9817326488014266
2012-05-29 15:05:00,64.769035,64.15137389194604,1.9817319886742568
2012-05-29 15:10:00,64.767654,64.15094118971199,1.981730097298658
2012-05-29 15:15:00,64.766266,64.15050741940699,1.981729118233642
2012-05-29 15:20:00,64.76487,64.15007215083584,1.9817283171804474
2012-05-29 15:25:00,64.76348,64.14963881072607,1.9817273826183868
2012-05-29 15:30:00,64.76209,64.14920564862813,1.9817265889823512
2012-05-29 15:35:00,64.7607,64.148772011832,1.9817257285918828
2012-05-29 15:40:00,64.75931,64.1483364614088,1.9817246679381153
2012-05-29 15:45:00,64.75791,64.14790426354155,1.9817238520506022
2012-05-29 15:50:00,64.75653,64.14747136846134,1.9817226356364914
2012-05-29 15:55:00,64.75514,64.14703743497886,1.981722398287397
2012-05-29 16:00:00,64.753746,63.448304871208286,4.560056844253584
2012-05-29 16:05:00,64.75236,63.447890007242115,4.560140850998811
2012-05-29 16:10:00,64.75097,63.447476404193026,4.560226801039751
2012-05-29 16:15:00,64.74958,63.44706309783029,4.560309012832449
2012-05-29 16:20:00,64.74819,63.44664992497642,4.56039307891495
2012-05-29 16:25:00,64.746796,63.446235891732094,4.560477426849499
2012-05-29 16:30:00,64.7454,63.44581978168318,4.560561567103593
2012-05-29 16:35:00,64.74401,63.445406853595564,4.560645573848819
2012-05-29 16:40:00,64.74263,63.444993243129296,4.560729180067449
2012-05-29 16:45:00,64.74124,63.44457929889089,4.560814685078838
2012-05-29 16:50:00,64.739845,63.44416697901033,4.560898039114053
2012-05-29 16:55:00,64.73846,63.44375104697324,4.560982594729062
2012-05-29 17:00:00,64.73707,60.71260629728338,15.641429418979472
2012-05-29 17:05:00,64.73568,60.71159161877753,15.642576052456262
2012-05-29 17:10:00,64.73429,60.71057738900982,15.64372559345946
2012-05-29 17:15:00,64.73289,60.70956275500694,15.644871900581245
2012-05-29 17:20:00,64.73151,60.70854224475966,15.646022450318098
2012-05-29 17:25:00,64.73012,60.707527655259746,15.64716875743988
2012-05-29 17:30:00,64.72872,60.70651354787515,15.648309486857938
2012-05-29 17:35:00,64.72733,60.70549693163647,15.649464308878498
2012-05-29 17:40:00,64.725945,60.70448021526613,15.650610230308004
2012-05-29 17:45:00,64.724556,60.70346011852549,15.651760928388043
2012-05-29 17:50:00,64.72317,60.70244133647631,15.652916106432242
2012-05-29 17:55:00,64.72178,60.70142603122053,15.65405731054849
2012-05-29 18:00:00,64.720375,59.39983867686078,25.880086140899554
2012-05-29 18:05:00,64.71899,59.39846089503433,25.883990444502455
2012-05-29 18:10:00,64.717606,59.397089395541734,25.887867423290825
2012-05-29 18:15:00,64.71622,59.39571704307583,25.891750632492933
2012-05-29 18:20:00,64.71482,59.394346923174844,25.89562479276081
2012-05-29 18:25:00,64.71343,59.392975712951454,25.89950266160828
2012-05-29 18:30:00,64.71204,59.391597144906136,25.90340159518792
2012-05-29 18:35:00,64.710655,59.39022488144614,25.907274183018032
2012-05-29 18:40:00,64.70927,59.38885368605707,25.91114926301365
2012-05-29 18:45:00,64.70788,59.38748074021842,25.915027131861123
2012-05-29 18:50:00,64.70648,59.38610912946842,25.91890357661403
2012-05-29 18:55:00,64.70509,59.38472962686104,25.922796843484033
2012-05-29 19:00:00,64.7037,62.12827639151618,11.321586680740962
2012-05-29 19:05:00,64.70231,62.127152836530264,11.324182894145366
2012-05-29 19:10:00,64.70092,62.126028079964584,11.326778039478844
2012-05-29 19:15:00,64.69954,62.124902755986206,11.329382560101564
2012-05-29 19:20:00,64.69815,62.12377252555701,11.331991916712093
2012-05-29 19:25:00,64.696754,62.1226446092815,11.334593144116125
2012-05-29 19:30:00,64.695366,62.12152053880302,11.337192472727397
2012-05-29 19:35:00,64.69398,62.120394354434175,11.339792483717318
2012-05-29 19:40:00,64.69258,62.11926926038774,11.342392435369966
2012-05-29 19:45:00,64.69119,62.118135836871495,11.345011256275646
2012-05-29 19:50:00,64.6898,62.11701017912096,11.347611296934204
2012-05-29 19:55:00,64.688416,62.11588195503333,11.350217449331952
2012-05-29 20:00:00,64.68703,65.24159824115894,2.625167457297114
2012-05-29 20:05:00,64.68563,65.24105494908103,2.6255100262124462
2012-05-29 20:10:00,64.68424,65.240510440589,2.625853633530068
2012-05-29 20:15:00,64.68285,65.23996780122111,2.626195475563797
2012-05-29 20:20:00,64.681465,65.23942599257505,2.626537688455487
2012-05-29 20:25:00,64.68007,65.23888382790534,2.626879931015814
2012-05-29 20:30:00,64.67868,65.2383389633897,2.6272234938304804
2012-05-29 20:35:00,64.677284,65.23779543396269,2.627566715455823
2012-05-29 20:40:00,64.675896,65.23725451537572,2.6279088690102395
2012-05-29 20:45:00,64.674515,65.23671113429191,2.6282519571267158
2012-05-29 20:50:00,64.67313,65.2361692069713,2.6285944667047745
2012-05-29 20:55:00,64.67173,65.23562309637288,2.628939156927641
2012-05-29 21:00:00,64.67034,65.5410661036515,1.7188997006739475
2012-05-29 21:05:00,64.66895,65.54061976867881,1.7189582665630796
2012-05-29 21:10:00,64.667564,65.54017281066474,1.7190166544403913
2012-05-29 21:15:00,64.66617,65.53972430988155,1.7190756727762349
2012-05-29 21:20:00,64.66477,65.53927551241199,1.719135143558791
2012-05-29 21:25:00,64.66339,65.53882766433883,1.7191936649449682
2012-05-29 21:30:00,64.662,65.53838135903474,1.7192522753370552
2012-05-29 21:35:00,64.66061,65.53793567677207,1.7193109895693721
2012-05-29 21:40:00,64.65922,65.53748797704206,1.71936978539044
2012-05-29 21:45:00,64.65783,65.53703882354888,1.719429322927429
2012-05-29 21:50:00,64.65644,65.53659094580705,1.7194881113313372
2012-05-29 21:55:00,64.65505,65.53614443282255,1.7195471296671814
2012-05-29 22:00:00,64.65366,65.07761661461213,1.8149663981719197
2012-05-29 22:05:00,64.65226,65.07718644904651,1.8149871068804375
2012-05-29 22:10:00,64.65087,65.07675340562311,1.8150075040682685
2012-05-29 22:15:00,64.64949,65.07632232032975,1.815028227611105
2012-05-29 22:20:00,64.6481,65.075891961918,1.815048535793025
2012-05-29 22:25:00,64.646706,65.07546287925763,1.8150687549690352
2012-05-29 22:30:00,64.64532,65.07502888643785,1.8150892708314137
2012-05-29 22:35:00,64.64393,65.07459892855269,1.8151100240428868
2012-05-29 22:40:00,64.64254,65.07416867398116,1.8151301987159414
2012-05-29 22:45:00,64.64115,65.073737737031,1.8151512931167388
2012-05-29 22:50:00,64.63975,65.07330816483811,1.8151714529554746
2012-05-29 22:55:00,64.63837,65.07287535876381,1.8151918501433053
2012-05-29 23:00:00,64.63698,64.41505310085373,2.054711947405299
2012-05-29 23:05:00,64.63558,64.41462768227001,2.0547246010789135
2012-05-29 23:10:00,64.63419,64.41420368778087,2.0547369432318408
2012-05-29 23:15:00,64.632805,64.4137803311674,2.054749092538629
2012-05-29 23:20:00,64.63142,64.41335345882048,2.0547611676738247
2012-05-29 23:25:00,64.63003,64.41292891546153,2.0547737026728923
2012-05-29 23:30:00,64.62864,64.41250524732739,2.0547856888021774
2012-05-29 23:35:00,64.62725,64.41208149018733,2.0547979122805575
2012-05-29 23:40:00,64.62585,64.4116566204734,2.054810476948261
2012-05-29 23:45:00,64.624466,64.41123038600215,2.0548227004266413
2012-05-29 23:50:00,64.62308,64.4108061541639,2.0548349535736588
2012-05-29 23:55:00,64.62168,64.41038202616589,2.054847028708855
2012-05-30 00:00:00,64.62029,63.48312626047757,2.5298458208590744
2012-05-30 00:05:00,64.618904,63.48267600924481,2.5298559972015124
2012-05-30 00:10:00,64.617516,63.482223785047694,2.529865313153482
2012-05-30 00:15:00,64.61613,63.481773711826754,2.529875029632048
2012-05-30 00:20:00,64.61474,63.48132317132478,2.5298848944537995
2012-05-30 00:25:00,64.61334,63.48087406233456,2.5298945515950924
2012-05-30 00:30:00,64.61195,63.48042444897748,2.5299048762807144
2012-05-30 00:35:00,64.61056,63.47997217286024,2.5299149487829236
2012-05-30 00:40:00,64.60917,63.47952282652091,2.529924472415351
2012-05-30 00:45:00,64.60778,63.479071729732,2.5299346784264256
2012-05-30 00:50:00,64.6064,63.47862253173585,2.5299446322540873
2012-05-30 00:55:00,64.60501,63.47816969191453,2.529954689921978
2012-05-30 01:00:00,64.603615,62.69657279232165,2.96702155132731
2012-05-30 01:05:00,64.60223,62.696207460144706,2.9670098618843928
2012-05-30 01:10:00,64.60084,62.69584080771341,2.966998068601247
2012-05-30 01:15:00,64.59944,62.69547336164607,2.9669872988860724
2012-05-30 01:20:00,64.59805,62.695104424729756,2.9669754610999703
2012-05-30 01:25:00,64.59666,62.69473923347883,2.9669630151068147
2012-05-30 01:30:00,64.595276,62.694371742908544,2.9669517706934503
2012-05-30 01:35:00,64.59389,62.69400601762215,2.966940036747578
2012-05-30 01:40:00,64.59249,62.69363963962576,2.966928584653756
2012-05-30 01:45:00,64.5911,62.69327070270942,2.966916969382431
2012-05-30 01:50:00,64.589714,62.692904517559164,2.966904998087464
2012-05-30 01:55:00,64.588326,62.692537805790586,2.9668933679818212
2012-05-30 02:00:00,64.58694,61.72237145434851,3.488903702485183
2012-05-30 02:05:00,64.58554,61.72199042560839,3.4888990741778354
2012-05-30 02:10:00,64.584145,61.72160683516689,3.4888942381900296
2012-05-30 02:15:00,64.582756,61.72122477544162,3.4888895505454083
2012-05-30 02:20:00,64.581375,61.72084375504579,3.488884447539871
2012-05-30 02:25:00,64.57999,61.72046261875685,3.4888800565816176
2012-05-30 02:30:00,64.57859,61.72008156961953,3.48887495357608
2012-05-30 02:35:00,64.5772,61.71969826473867,3.4888699989137275
2012-05-30 02:40:00,64.57581,61.719316536004136,3.488865934310479
2012-05-30 02:45:00,64.574425,61.71893541547666,3.488861009316763
2012-05-30 02:50:00,64.57304,61.718554197598955,3.488856024985773
2012-05-30 02:55:00,64.57163,61.71817250873167,3.48885115932933
2012-05-30 03:00:00,64.57025,61.131316763274604,3.785835193213863
2012-05-30 03:05:00,64.56886,61.13091630714019,3.785846912325417
2012-05-30 03:10:00,64.56747,61.13051351460066,3.7858588984547024
2012-05-30 03:15:00,64.56608,61.13011263012532,3.785870231873977
2012-05-30 03:20:00,64.56469,61.12970804263324,3.785882930050547
2012-05-30 03:25:00,64.5633,61.129307745967765,3.7858943524757316
2012-05-30 03:30:00,64.56191,61.128905798984356,3.7859059825813755
2012-05-30 03:35:00,64.560524,61.12850459557117,3.7859180873852085
2012-05-30 03:40:00,64.55912,61.1281022628955,3.785929806496762
2012-05-30 03:45:00,64.55773,61.127698895526116,3.7859420299751427
2012-05-30 03:50:00,64.55635,61.12729854323194,3.7859535414062386
2012-05-30 03:55:00,64.55496,61.1268954948004,3.785965586872798
2012-05-30 04:00:00,64.553566,61.711102219460905,3.2608503405176843
2012-05-30 04:05:00,64.55218,61.71071168563125,3.2608590037596428
2012-05-30 04:10:00,64.55079,61.710321813783054,3.260868023025244
2012-05-30 04:15:00,64.5494,61.709933347486526,3.26087680494175
2012-05-30 04:20:00,64.54801,61.70954310663464,3.2608855126866634
2012-05-30 04:25:00,64.54662,61.7091549907989,3.260893775402025
2012-05-30 04:30:00,64.54523,61.708766177750164,3.260903002348084
2012-05-30 04:35:00,64.54384,61.708375543788854,3.2609113244007193
2012-05-30 04:40:00,64.54244,61.707986009421404,3.260920848033146
2012-05-30 04:45:00,64.54105,61.70759688485199,3.260930060144887
2012-05-30 04:50:00,64.539665,61.70720865219598,3.2609374624697796
2012-05-30 04:55:00,64.53828,61.70681971676412,3.260946466901061
2012-05-30 05:00:00,64.53689,63.65978161663734,2.2182757208707895
2012-05-30 05:05:00,64.5355,63.65940684241671,2.2182709293859393
2012-05-30 05:10:00,64.53411,63.65902984304832,2.2182664642560943
2012-05-30 05:15:00,64.53272,63.658655335845424,2.2182608568837305
2012-05-30 05:20:00,64.53133,63.65827964189705,2.2182562434107007
2012-05-30 05:25:00,64.52994,63.65790191564705,2.218251763446537
2012-05-30 05:30:00,64.52854,63.65752684474006,2.218246912624413
2012-05-30 05:35:00,64.52716,63.65715129913488,2.218242061802289
2012-05-30 05:40:00,64.52577,63.65677559035219,2.218237344489031
2012-05-30 05:45:00,64.524376,63.656397063049006,2.2182330277023694
2012-05-30 05:50:00,64.52299,63.65602268935496,2.2182276725134193
2012-05-30 05:55:00,64.5216,63.655647796459796,2.218222851359932
2012-05-30 06:00:00,64.52021,65.52354585386674,1.587239539552901
2012-05-30 06:05:00,64.518814,65.52307400386634,1.5872466303571071
2012-05-30 06:10:00,64.517426,65.52260280657597,1.5872531648743722
2012-05-30 06:15:00,64.51603,65.52213152027967,1.5872600479981198
2012-05-30 06:20:00,64.51464,65.52166165807797,1.5872665676810669
2012-05-30 06:25:00,64.51326,65.52119253759217,1.5872732208728795
2012-05-30 06:30:00,64.51187,65.52072095460952,1.5872800520765127
2012-05-30 06:35:00,64.510475,65.52024889692869,1.5872869574517388
2012-05-30 06:40:00,64.50909,65.51977927207606,1.5872934771346854
2012-05-30 06:45:00,64.5077,65.51930863848979,1.5873001599951346
2012-05-30 06:50:00,64.50631,65.5188381532467,1.587306991198768
2012-05-30 06:55:00,64.50491,65.51836725264268,1.5873142896834322
2012-05-30 07:00:00,64.50352,66.0370613010911,1.4631881599513543
2012-05-30 07:05:00,64.50214,66.03651071052852,1.463211071556158
2012-05-30 07:10:00,64.50075,66.03596130671143,1.4632338051491407
2012-05-30 07:15:00,64.49935,66.03541113150978,1.463256635165193
2012-05-30 07:20:00,64.49796,66.03486137166904,1.463279665444544
2012-05-30 07:25:00,64.496574,66.03430763623096,1.463302525129233
2012-05-30 07:30:00,64.495186,66.0337589741298,1.4633252661393747
2012-05-30 07:35:00,64.4938,66.03320915495176,1.4633481332412233
2012-05-30 07:40:00,64.49241,66.03265865339512,1.4633710151773898
2012-05-30 07:45:00,64.491005,66.03211102969622,1.4633934520840042
2012-05-30 07:50:00,64.48962,66.03155643386768,1.4634174317597342
2012-05-30 07:55:00,64.488235,66.03100732673694,1.4634401505183983
2012-05-30 08:00:00,64.48685,65.72761833852438,1.645030342964722
2012-05-30 08:05:00,64.48545,65.72707771662378,1.6450754467098856
2012-05-30 08:10:00,64.48406,65.72653317846313,1.6451204391976615
2012-05-30 08:15:00,64.48267,65.72599095445615,1.645166114064084
2012-05-30 08:20:00,64.481285,65.72544962050827,1.6452113661524326
2012-05-30 08:25:00,64.4799,65.7249090876136,1.6452566108236215
2012-05-30 08:30:00,64.47849,65.72436713062434,1.6453018999977653
2012-05-30 08:35:00,64.47711,65.72382271113823,1.6453473004292973
2012-05-30 08:40:00,64.47572,65.72328099149807,1.6453924115916205
2012-05-30 08:45:00,64.47433,65.72274042893476,1.6454376933486055
2012-05-30 08:50:00,64.47294,65.72219888730643,1.645483219871844
2012-05-30 08:55:00,64.47155,65.72165770170174,1.6455285164631475
2012-05-30 09:00:00,64.47016,65.26425876028895,1.9219462216180154
2012-05-30 09:05:00,64.46877,65.26373718565321,1.9220055143887504
2012-05-30 09:10:00,64.467384,65.26321584836657,1.9220641989524303
2012-05-30 09:15:00,64.465996,65.26269436273674,1.9221230615279306
2012-05-30 09:20:00,64.46459,65.26217347047965,1.9221818054288837
2012-05-30 09:25:00,64.46321,65.26165005638843,1.9222405789984744
2012-05-30 09:30:00,64.46182,65.26112892678226,1.9222998124319357
2012-05-30 09:35:00,64.46043,65.26060699612287,1.922358689841755
2012-05-30 09:40:00,64.45904,65.26008494678895,1.9224183683047684
2012-05-30 09:45:00,64.45765,65.2595639951946,1.9224768600223088
2012-05-30 09:50:00,64.45626,65.25904075911518,1.9225360786214518
2012-05-30 09:55:00,64.45487,65.25851903613626,1.9225947780194492
2012-05-30 10:00:00,64.45348,64.86862023397774,2.006198370974599
2012-05-30 10:05:00,64.45209,64.86814050695428,2.0062418355275766
2012-05-30 10:10:00,64.44503,64.86766046841012,2.006284988559868
2012-05-30 10:15:00,64.542244,64.86717685479523,2.0063283492726174
2012-05-30 10:20:00,64.606026,64.86669769147586,2.006371190784222
2012-05-30 10:25:00,64.609726,64.86621744525127,2.0064146553372
2012-05-30 10:30:00,64.45151,64.86573718419233,2.0064579270440386
2012-05-30 10:35:00,64.61169,64.86525376342355,2.0065014806029273
2012-05-30 10:40:00,64.51157,64.86477427374919,2.006544470457716
2012-05-30 10:45:00,64.511116,64.86429353799208,2.00658759382137
2012-05-30 10:50:00,64.66123,64.86381452301589,2.006631162214577
2012-05-30 10:55:00,64.623955,64.863333891099,2.0066741669036836
2012-05-30 11:00:00,64.79514,64.64152181642437,1.9167008956297111
2012-05-30 11:05:00,64.69329,64.64108048061699,1.9167264996633087
2012-05-30 11:10:00,64.56829,64.61899022235578,1.9180324833885931
2012-05-30 11:15:00,64.016205,65.01797814492066,1.9011962143576424
2012-05-30 11:20:00,63.868057,64.88911758312675,1.9051439825135263
2012-05-30 11:25:00,63.774307,64.65875985813548,1.9157150513303034
2012-05-30 11:30:00,63.748844,64.04427184855048,1.9703612685057525
2012-05-30 11:35:00,63.623844,65.25853932948387,1.897171559929375
2012-05-30 11:40:00,63.66551,64.2626333865884,1.9460429252861082
2012-05-30 11:45:00,63.54514,64.64108048061699,1.9167264996633087
2012-05-30 11:50:00,63.311344,65.2183971594656,1.8975612129713804
2012-05-30 11:55:00,63.186344,64.49988138546922,1.925903394731779
2012-05-30 12:00:00,62.644672,65.16283655490258,1.7784219360634124
2012-05-30 12:05:00,62.64699,64.17534847950489,1.8062129042198656
2012-05-30 12:10:00,62.78241,64.07219718596319,1.816154656746203
2012-05-30 12:15:00,63.20949,62.93516249225794,2.0495174289575915
2012-05-30 12:20:00,63.21875,64.24148592343454,1.8006571552842507
2012-05-30 12:25:00,63.333332,64.22080802579602,1.8023272176865799
2012-05-30 12:30:00,63.534725,63.88706818526842,1.838114135656203
2012-05-30 12:35:00,63.555557,64.66983596132296,1.7787087724444308
2012-05-30 12:40:00,63.67824,64.33259173558281,1.7940081912524863
2012-05-30 12:45:00,63.67824,64.10930597521313,1.812395358605878
2012-05-30 12:50:00,63.964123,64.24148592343454,1.8006571552842507
2012-05-30 12:55:00,64.234955,63.96103896521269,1.8286864367661628
2012-05-30 13:00:00,64.87037,63.18894566800864,1.8977234855806044
2012-05-30 13:05:00,64.96065,64.13216966516826,1.731899095496382
2012-05-30 13:10:00,65.04861,64.49454129785482,1.7127027605759955
2012-05-30 13:15:00,65.10069,64.38541422165139,1.7163249154425042
2012-05-30 13:20:00,65.23032,64.22043951165777,1.725270736332906
2012-05-30 13:25:00,65.29282,64.56756687953218,1.7112248174315565
2012-05-30 13:30:00,65.20602,64.54319855949377,1.7116361730814142
2012-05-30 13:35:00,65.02894,64.6775842076871,1.7103345209771084
2012-05-30 13:40:00,65.07523,64.7062099029412,1.7103527968574053
2012-05-30 13:45:00,65.00231,64.06002521233656,1.7383256485920375
2012-05-30 13:50:00,64.75347,65.20053542367076,1.7243316498051666
2012-05-30 13:55:00,64.64931,64.86242023059303,1.712128880133501
2012-05-30 14:00:00,64.25463,65.3597960432139,1.8711788523550583
2012-05-30 14:05:00,64.13311,64.34428199438729,1.83120570456091
2012-05-30 14:10:00,64.07639,64.70887166919873,1.8336571943547841
2012-05-30 14:15:00,64.023155,64.46711408202042,1.8300084563896624
2012-05-30 14:20:00,63.836803,64.57474554740618,1.8307261110463087
2012-05-30 14:25:00,63.813656,64.69200058402241,1.8331739812664878
2012-05-30 14:30:00,63.863422,64.13821199458245,1.8387618168328501
2012-05-30 14:35:00,63.91551,63.95837182893192,1.8519151251260784
2012-05-30 14:40:00,63.73032,64.77666306546091,1.8359078868144907
2012-05-30 14:45:00,63.865738,63.707667515969774,1.8820778931178406
2012-05-30 14:50:00,63.85648,64.21463696416656,1.8350857688875124
2012-05-30 14:55:00,63.721066,64.39325128107994,1.830455488575326
2012-05-30 15:00:00,63.76157,63.72393521524422,2.548357922842221
2012-05-30 15:05:00,63.864582,63.72002023093206,2.5488949400034353
2012-05-30 15:10:00,63.875,64.31327163794383,2.511927432802154
2012-05-30 15:15:00,63.761578,64.07947767659884,2.5172520927253816
2012-05-30 15:20:00,64.021996,63.72002023093206,2.5488949400034353
2012-05-30 15:25:00,64.09722,64.42250719751789,2.5125084337174917
2012-05-30 15:30:00,64.125,64.11292080192634,2.5158680063136023
2012-05-30 15:35:00,64.145836,63.935392045600814,2.5259895211105845
2012-05-30 15:40:00,64.24537,63.91510210989199,2.5276110901259905
2012-05-30 15:45:00,64.37731,63.97209704470328,2.5233118672980397
2012-05-30 15:50:00,64.479164,63.98028561814118,2.522758740067018
2012-05-30 15:55:00,64.70833,63.72002023093206,2.5488949400034353
2012-05-30 16:00:00,64.945595,63.34960741859546,5.326764304805226
2012-05-30 16:05:00,64.93635,63.56128773166764,5.237189483324083
2012-05-30 16:10:00,64.94676,63.815118084259545,5.165374426532969
2012-05-30 16:15:00,65.06135,63.16071401675482,5.427846255429928
2012-05-30 16:20:00,64.81134,64.11223571601579,5.119297728092497
2012-05-30 16:25:00,64.615746,64.15073843424777,5.115249590938166
2012-05-30 16:30:00,64.48611,63.68765580532014,5.1968440683091215
2012-05-30 16:35:00,64.48727,63.494027415130724,5.2626655857593345
2012-05-30 16:40:00,64.3831,63.74319797082535,5.1820666988349915
2012-05-30 16:45:00,64.142365,63.912246370086784,5.14673445272502
2012-05-30 16:50:00,62.559032,63.815118084259545,5.165374426532969
2012-05-30 16:55:00,59.496532,63.998696461066764,5.133336452349412
2012-05-30 17:00:00,56.87384,61.88020254996257,16.316806238452838
2012-05-30 17:05:00,54.24884,60.77331709720493,18.272712754241518
2012-05-30 17:10:00,54.175922,61.3672374874746,17.41791701925786
2012-05-30 17:15:00,53.269672,60.84564209852615,18.18941037212194
2012-05-30 17:20:00,49.380783,60.11154326984487,18.86417646270585
2012-05-30 17:25:00,45.084488,60.63964459032686,18.414838252574786
2012-05-30 17:30:00,41.094906,60.11154326984487,18.86417646270585
2012-05-30 17:35:00,37.145836,60.70732777023616,18.344695542671037
2012-05-30 17:40:00,33.243053,60.46245404162705,18.582959855541286
2012-05-30 17:45:00,29.903933,59.667603030838684,19.154685079249845
2012-05-30 17:50:00,27.6331,35.052260561007756,20.953406296642676
2012-05-30 17:55:00,26.914352,31.812496684926582,18.78693300960278
2012-05-30 18:00:00,25.435186,31.21724699138309,21.173371943703245
2012-05-30 18:05:00,24.299768,31.116129393891214,20.767971738657035
2012-05-30 18:10:00,20.403936,61.184790474067626,18.48103797097318
2012-05-30 18:15:00,17.42014,43.98714333705258,29.532221283614604
2012-05-30 18:20:00,17.8831,31.13940230335435,19.567820669306133
2012-05-30 18:25:00,18.510416,31.210558731241818,19.48187276450771
2012-05-30 18:30:00,18.731482,31.159589081212847,19.538247328122573
2012-05-30 18:35:00,19.499338,31.136679790562894,19.57223737993599
2012-05-30 18:40:00,19.499338,31.133974604255354,19.57672553264337
2012-05-30 18:45:00,19.030588,31.05637687795971,19.795059523352002
2012-05-30 18:50:00,19.671793,31.101822227808125,19.64068268778855
2012-05-30 18:55:00,21.71346,31.081059997069374,19.697020106270088
2012-05-30 19:00:00,25.528275,31.114980861621664,20.922797520033225
2012-05-30 19:05:00,29.31994,31.109611787749078,21.068947717297714
2012-05-30 19:10:00,32.580357,31.113002082218646,20.959779238511555
2012-05-30 19:15:00,36.48082,31.113204897020122,20.95560391191107
2012-05-30 19:20:00,40.09193,31.115325017809067,21.352798128029562
2012-05-30 19:25:00,43.958004,31.109229893055613,21.144603927998208
2012-05-30 19:30:00,48.022816,31.112063366548863,20.980936180794895
2012-05-30 19:35:00,51.522816,31.160569926346948,21.82797267718445
2012-05-30 19:40:00,55.561016,31.11650559220641,20.898889701741606
2012-05-30 19:45:00,59.811016,31.116108981869065,20.904805746603067
2012-05-30 19:50:00,63.061016,31.176001889790115,21.937163110761883
2012-05-30 19:55:00,64.852684,34.91941140701367,28.284435793714312
2012-05-30 20:00:00,65.4337,66.1804697899561,1.7338612604627703
2012-05-30 20:05:00,65.76356,66.53696026809813,1.6143606863124615
2012-05-30 20:10:00,66.72189,63.47194227470937,3.4662406763553566
2012-05-30 20:15:00,66.99272,66.507525123425,1.6213863604434078
2012-05-30 20:20:00,67.26588,66.74247417380828,1.5751122023904138
2012-05-30 20:25:00,67.25397,66.97511458888407,1.546402945420649
2012-05-30 20:30:00,67.35351,67.08153435747244,1.537350628958291
2012-05-30 20:35:00,67.41898,67.38405633911047,1.5217383469575445
2012-05-30 20:40:00,67.54746,66.71840866671181,1.5789323138191118
2012-05-30 20:45:00,67.547455,67.39342575396343,1.5214494041033098
2012-05-30 20:50:00,67.65857,66.79788287495063,1.5669845015781743
2012-05-30 20:55:00,67.81482,67.00264144683533,1.5438487576403352
2012-05-30 21:00:00,67.62731,67.62504467787267,1.5353311738541553
2012-05-30 21:05:00,67.62037,67.28133532980895,1.5180442678981645
2012-05-30 21:10:00,67.46412,67.23020917772062,1.5159125318378883
2012-05-30 21:15:00,67.52662,67.07600421257041,1.510315981109452
2012-05-30 21:20:00,67.484955,67.32213308769556,1.5198362313121312
2012-05-30 21:25:00,67.547455,66.70142147332523,1.503045689067718
2012-05-30 21:30:00,67.55787,67.13783095190966,1.512402175812171
2012-05-30 21:35:00,67.553246,67.32213308769556,1.5198362313121312
2012-05-30 21:40:00,67.73727,66.86861062070433,1.505055004915212
2012-05-30 21:45:00,67.77662,67.13783095190966,1.512402175812171
2012-05-30 21:50:00,67.859955,66.89637352233032,1.5055917476415361
2012-05-30 21:55:00,67.63079,67.23020917772062,1.5159125318378883
2012-05-30 22:00:00,67.47454,66.42093827486347,1.7245187253947936
2012-05-30 22:05:00,67.31481,66.6086131116173,1.73293731977414
2012-05-30 22:10:00,67.47106,66.10431651091389,1.7137809485075837
2012-05-30 22:15:00,67.33565,66.6086131116173,1.73293731977414
2012-05-30 22:20:00,67.178246,66.54626224613953,1.729989814875171
2012-05-30 22:25:00,67.115746,66.231496225756,1.7175201016434907
2012-05-30 22:30:00,67.01505,66.51500835469052,1.7285669070520793
2012-05-30 22:35:00,66.76505,66.65695717629139,1.7353201860109915
2012-05-30 22:40:00,66.49422,66.76353371395685,1.7408529120844143
2012-05-30 22:45:00,66.361115,66.6016954832446,1.7326033102605374
2012-05-30 22:50:00,66.046295,66.49066325036044,1.7274853368958911
2012-05-30 22:55:00,66.11921,65.88028922746922,1.709332915214377
2012-05-30 23:00:00,65.983795,65.04530344898751,2.0596240055959223
2012-05-30 23:05:00,65.89352,65.23091432768192,2.065857816392313
2012-05-30 23:10:00,65.78125,65.69393503074731,2.0872457438478116
2012-05-30 23:15:00,65.635414,65.30694903601697,2.068836354685422
2012-05-30 23:20:00,65.36574,65.17282619260881,2.0637427392716257
2012-05-30 23:25:00,65.42824,65.14373016045478,2.062738856441016
2012-05-30 23:30:00,65.18519,65.31779117233428,2.0692806276878595
2012-05-30 23:35:00,65.12731,64.99778934959485,2.058282849701657
2012-05-30 23:40:00,65.00116,65.04530344898751,2.0596240055959223
2012-05-30 23:45:00,64.88955,65.30694903601697,2.068836354685422
2012-05-30 23:50:00,64.759926,64.61520816837098,2.051834890684518
2012-05-30 23:55:00,64.46131,65.2091461521423,2.0650485449850895
2012-05-31 00:00:00,64.14881,63.600667970297344,2.4635217167007046
2012-05-31 00:05:00,64.27381,63.92913263818799,2.472566067134069
2012-05-31 00:10:00,63.996037,64.32877222494399,2.4895551889820458
2012-05-31 00:15:00,64.42312,63.830685677876055,2.469317766760446
2012-05-31 00:20:00,64.2502,63.30476994203021,2.460424370351349
2012-05-31 00:25:00,63.78955,64.32153263252424,2.4892017020083546
2012-05-31 00:30:00,63.929432,63.53490546376582,2.4623778720757783
2012-05-31 00:35:00,63.710682,63.79784792624904,2.4683314477628486
2012-05-31 00:40:00,63.691006,63.62989363956004,2.4641071975802054
2012-05-31 00:45:00,62.990112,63.93850294310005,2.472896931772166
2012-05-31 00:50:00,62.77715,63.191635537882426,2.4607539740723796
2012-05-31 00:55:00,62.513264,63.25001458877412,2.460469941377543
2012-05-31 01:00:00,62.89984,61.654212784467944,2.959543467570272
2012-05-31 01:05:00,62.49358,63.36195331718843,2.989918336646839
2012-05-31 01:10:00,62.644054,62.46017994368637,2.9482762835271976
2012-05-31 01:15:00,62.329227,64.27541643771097,3.039551028893655
2012-05-31 01:20:00,62.4709,61.786470004654035,2.9518353332031366
2012-05-31 01:25:00,62.332012,61.890051549058676,2.9477876707469957
2012-05-31 01:30:00,62.140045,62.996036642131095,2.9699436153701844
2012-05-31 01:35:00,62.077545,62.11697169611753,2.943980205574752
2012-05-31 01:40:00,62.152775,62.57469469970628,2.951706511981955
2012-05-31 01:45:00,62.840275,60.92277911354025,3.082978852099322
2012-05-31 01:50:00,62.422455,61.569125271992334,2.966220260783397
2012-05-31 01:55:00,62.495373,61.47913406231881,2.9749487885775463
2012-05-31 02:00:00,61.973377,61.60380872991465,3.648025799162911
2012-05-31 02:05:00,61.775463,60.74549736530506,3.6260167142921063
2012-05-31 02:10:00,61.226852,61.711982176395416,3.651344384537221
2012-05-31 02:15:00,60.449078,62.00711957591258,3.6596295293880376
2012-05-31 02:20:00,60.63658,60.91558377189235,3.628614262785169
2012-05-31 02:25:00,61.027782,60.16316465081942,3.6368058920926507
2012-05-31 02:30:00,61.156254,61.09027868572093,3.632642254935082
2012-05-31 02:35:00,61.51389,60.613093767481956,3.625280071707879
2012-05-31 02:40:00,61.136578,61.57070694596263,3.646994606352086
2012-05-31 02:45:00,59.70949,61.67443966876059,3.6502041001487164
2012-05-31 02:50:00,58.997684,59.3010662441855,3.8460777460201307
2012-05-31 02:55:00,58.62384,60.35918979216774,3.6284348565381674
2012-05-31 03:00:00,58.99884,59.013192388022325,4.228460399560534
2012-05-31 03:05:00,58.686344,59.20836490466781,4.209913614940916
2012-05-31 03:10:00,58.526623,59.02200883882176,4.2274136900526385
2012-05-31 03:15:00,58.890045,58.69098704595577,4.2910411673052025
2012-05-31 03:20:00,58.234955,60.72094688725358,4.165479164555731
2012-05-31 03:25:00,57.901623,60.559087584391996,4.16956474352976
2012-05-31 03:30:00,56.83565,60.693806715480655,4.166206995554815
2012-05-31 03:35:00,56.10301,61.02317628792079,4.156015789129885
2012-05-31 03:40:00,56.239582,59.39154528412892,4.198820303944072
2012-05-31 03:45:00,56.677082,58.27540334833021,5.976411963205375
2012-05-31 03:50:00,57.86227,58.24087369818417,6.770444846498415
2012-05-31 03:55:00,57.86111,58.54699433712833,4.348420043945906
2012-05-31 04:00:00,57.434025,60.36686773498829,3.9805470152664237
2012-05-31 04:05:00,57.684025,58.564267016972956,4.412776212588022
2012-05-31 04:10:00,58.184025,58.7127541089215,4.297489170825296
2012-05-31 04:15:00,58.559025,59.777050502360005,4.031761728235731
2012-05-31 04:20:00,58.633102,58.73602020943249,4.2837316755770365
2012-05-31 04:25:00,58.726852,59.49055252181336,4.067609748762935
2012-05-31 04:30:00,59.414352,58.258655892363656,5.256942357368728
2012-05-31 04:35:00,59.58102,58.73366408947175,4.2850846840917205
2012-05-31 04:40:00,59.303238,59.9713622799305,4.012541079867449
2012-05-31 04:45:00,59.91782,58.326248864782606,4.8666374657433975
2012-05-31 04:50:00,59.434025,59.575583502555766,4.055767601372123
2012-05-31 04:55:00,60.166668,58.58102576185582,4.396679018969519
2012-05-31 05:00:00,60.489582,60.99536308961104,3.034212736231796
2012-05-31 05:05:00,60.822918,61.1649462679059,2.9556662069298505
2012-05-31 05:10:00,60.769672,62.218244353958454,2.7451310624455054
2012-05-31 05:15:00,60.425922,63.08596038532442,2.7126480883779087
2012-05-31 05:20:00,60.916668,60.946947912923015,3.060937576757539
2012-05-31 05:25:00,60.90625,61.832750191003186,2.7877493175575796
2012-05-31 05:30:00,60.822918,61.501190722703086,2.8503705384885856
2012-05-31 05:35:00,60.86111,61.19416087447562,2.9441730665485646
2012-05-31 05:40:00,61.333332,61.12004502416861,2.9744109258601816
2012-05-31 05:45:00,61.59375,61.63116034079093,2.8220963720781547
2012-05-31 05:50:00,62.466434,60.34780568773542,3.6463946175091677
2012-05-31 05:55:00,62.244213,62.77261886745319,2.7173098619481073
2012-05-31 06:00:00,62.55093,64.341038648676,1.9225652725601066
2012-05-31 06:05:00,62.675922,64.59898841361368,1.8969204297528
2012-05-31 06:10:00,63.09375,64.40998468894692,1.9145836081955785
2012-05-31 06:15:00,63.4375,64.26865748462525,1.9319560785002308
2012-05-31 06:20:00,63.641205,64.87445394837196,1.8802468635263077
2012-05-31 06:25:00,64.02662,64.16138493557374,1.9479938310048137
2012-05-31 06:30:00,64.578705,63.5855383525151,2.0957926550815125
2012-05-31 06:35:00,65.208336,63.63972971981908,2.076071808330341
2012-05-31 06:40:00,65.28241,65.04239583357078,1.8743378204631413
2012-05-31 06:45:00,65.428246,64.89963119862828,1.8791742532984468
2012-05-31 06:50:00,65.607635,65.3432401131325,1.8702968037816536
2012-05-31 06:55:00,65.9618,64.3774730994791,1.9182356838823453
2012-05-31 07:00:00,66.18403,66.40127906470535,1.677977060077685
2012-05-31 07:05:00,66.37153,65.92988471524545,1.7034233974530213
2012-05-31 07:10:00,66.333336,66.95931722650953,1.6651735375957017
2012-05-31 07:15:00,66.229164,66.47125776638462,1.6754718552168029
2012-05-31 07:20:00,66.43866,66.6007527326402,1.6715673142648029
2012-05-31 07:25:00,66.625,66.51615887475874,1.6740134192010896
2012-05-31 07:30:00,66.65774,66.47125776638462,1.6754718552168029
2012-05-31 07:35:00,66.75959,66.87664076362147,1.6661133584222034
2012-05-31 07:40:00,66.781586,66.24090688001417,1.6848565049147812
2012-05-31 07:45:00,66.9795,66.38126009265683,1.6787472727245027
2012-05-31 07:50:00,67.022316,67.04619568810259,1.6645083148375202
2012-05-31 07:55:00,67.03274,66.65035557823835,1.670309601411665
2012-05-31 08:00:00,66.97718,67.05025753216715,1.8235052247020807
2012-05-31 08:05:00,67.01885,66.40563320418009,1.8579647604420948
2012-05-31 08:10:00,67.14187,66.46866262105115,1.8535106821641305
2012-05-31 08:15:00,67.4127,65.64507155724796,1.9388579083238262
2012-05-31 08:20:00,67.35136,67.198083058017,1.8184774810792395
2012-05-31 08:25:00,67.258766,67.00923841658103,1.8250618490714328
2012-05-31 08:30:00,67.41352,66.27027749540215,1.8685032085926607
2012-05-31 08:35:00,67.4876,67.00923841658103,1.8250618490714328
2012-05-31 08:40:00,67.70635,65.97833935492905,1.8964009096701642
2012-05-31 08:45:00,67.58135,66.9217559905477,1.82863248435006
2012-05-31 08:50:00,67.41352,66.92691236996275,1.8284125804137643
2012-05-31 08:55:00,67.54894,66.35830006863789,1.8614946310136962
2012-05-31 09:00:00,67.5964,66.30380263967619,2.22275127924183
2012-05-31 09:05:00,67.554726,66.08634262767175,2.25101783564691
2012-05-31 09:10:00,67.44907,66.53145006052009,2.1974310187387665
2012-05-31 09:15:00,67.3588,66.3794410491946,2.2138842730852057
2012-05-31 09:20:00,67.12732,66.43330680320919,2.2078511038626387
2012-05-31 09:25:00,66.97256,66.08634262767175,2.25101783564691
2012-05-31 09:30:00,66.84293,66.47630271039968,2.203197199898365
2012-05-31 09:35:00,66.59292,66.85890817540277,2.1674661331376024
2012-05-31 09:40:00,66.44478,66.47630271039968,2.203197199898365
2012-05-31 09:45:00,66.121864,65.8395643357547,2.288681228142553
2012-05-31 09:50:00,65.98413,65.64074097467088,2.3239580754903755
2012-05-31 09:55:00,65.807045,66.47630271039968,2.203197199898365
2012-05-31 10:00:00,65.50959,66.01945791978588,2.452592881209371
2012-05-31 10:05:00,65.40542,65.40657605152511,2.5182984684611127
2012-05-31 10:10:00,65.25843,65.54841027801615,2.5001906906608915
2012-05-31 10:15:00,65.01538,65.46962675564308,2.510005543010283
2012-05-31 10:20:00,64.87649,64.8814454368161,2.604830882491178
2012-05-31 10:25:00,64.947914,64.89342171611409,2.6024688436373924
2012-05-31 10:30:00,64.75463,65.38555427955123,2.521153533304832
2012-05-31 10:35:00,64.51389,65.21737302779036,2.545700517874323
2012-05-31 10:40:00,64.2662,65.30146348307612,2.5330395902781766
2012-05-31 10:45:00,64.37037,63.910023996340946,2.8755130616054685
2012-05-31 10:50:00,64.43519,64.54724343309805,2.679305109534084
2012-05-31 10:55:00,64.37153,65.17008025642855,2.5531766064155335
2012-05-31 11:00:00,64.262726,64.43125770977194,2.533349879716621
2012-05-31 11:05:00,64.21064,64.6679149615902,2.4952189169214583
2012-05-31 11:10:00,62.493053,64.62049906538549,2.502057419039708
2012-05-31 11:15:00,58.388885,64.15811962023689,2.590783954856176
2012-05-31 11:20:00,54.445602,64.05492312652696,2.616583920131228
2012-05-31 11:25:00,50.466434,64.9246847010003,2.4645468867782507
2012-05-31 11:30:00,48.409725,64.28507983166928,2.562190494576017
2012-05-31 11:35:00,47.525463,63.94261284293913,2.6473879460397596
2012-05-31 11:40:00,47.513885,63.98937344796184,2.6342104874761403
2012-05-31 11:45:00,47.409718,64.15811962023689,2.590783954856176
2012-05-31 11:50:00,47.363422,64.58259442978651,2.5078058509373133
2012-05-31 11:55:00,47.395832,64.62049906538549,2.502057419039708
2012-05-31 12:00:00,47.375,63.86457946238005,2.5104334389251814
2012-05-31 12:05:00,47.35625,64.31458159726644,2.4103520630780815
2012-05-31 12:10:00,48.939587,57.38511981457359,9.447865611900554
2012-05-31 12:15:00,53.39792,39.80991414622344,20.782357229941393
2012-05-31 12:20:00,57.658337,40.22403253954386,20.61954833043747
2012-05-31 12:25:00,61.651394,40.833792332646475,20.359604907275408
2012-05-31 12:30:00,63.864353,53.67114005716559,12.440814021262703
2012-05-31 12:35:00,64.600464,60.41899560780532,5.324053822646013
2012-05-31 12:40:00,64.74398,63.81861713653462,2.5234512950568933
2012-05-31 12:45:00,65.23009,63.6151439286726,2.587469508256706
2012-05-31 12:50:00,65.24513,64.25594962124562,2.4206429561228116
2012-05-31 12:55:00,65.20347,64.59735979829702,2.3715988154594103
2012-05-31 13:00:00,65.40138,63.61781392797684,2.5575666078550703
2012-05-31 13:05:00,65.34028,64.09622783241134,2.439247653921551
2012-05-31 13:10:00,65.70486,63.79154588500507,2.508104628944662
2012-05-31 13:15:00,65.49653,65.25467859427415,2.367956916115082
2012-05-31 13:20:00,65.15162,65.015756898583,2.361965928276949
2012-05-31 13:25:00,65.06481,64.67088008965946,2.3698743407771077
2012-05-31 13:30:00,64.87731,64.61756455534946,2.373169369253762
2012-05-31 13:35:00,65.12037,63.01643599948116,2.7859186884926443
2012-05-31 13:40:00,65.08796,64.23960212817238,2.414692703323068
2012-05-31 13:45:00,64.9213,65.36135983255906,2.372976730794726
2012-05-31 13:50:00,64.9838,64.17091508026681,2.425835026907979
2012-05-31 13:55:00,65.09838,64.29424573450778,2.406638513975771
2012-05-31 14:00:00,65.21296,64.04048196204555,2.9699206370109477
2012-05-31 14:05:00,65.26157,63.44557226366314,3.0935794708783972
2012-05-31 14:10:00,65.07755,64.89985000482501,2.911158029982106
2012-05-31 14:15:00,65.02547,64.08358841457692,2.9641624292975024
2012-05-31 14:20:00,65.29398,63.24943416639721,3.155464420083136
2012-05-31 14:25:00,65.37731,63.954129035851246,2.982619673971122
2012-05-31 14:30:00,65.490746,63.47488095318889,3.0853180312684194
2012-05-31 14:35:00,65.490746,63.650084074078045,3.0409523972863965
2012-05-31 14:40:00,65.611115,63.717920351570605,3.025977093501556
2012-05-31 14:45:00,65.1875,64.370115440719,2.9347539270602536
2012-05-31 14:50:00,65.26736,64.04048196204555,2.9699206370109477
2012-05-31 14:55:00,65.11111,64.38441590169019,2.933651010319855
2012-05-31 15:00:00,64.91319,63.7923481360711,5.035594567192095
2012-05-31 15:05:00,64.89236,62.90811248718092,5.403005744201811
2012-05-31 15:10:00,64.78472,63.40083195559214,5.180117869920865
2012-05-31 15:15:00,64.78472,63.123352015888,5.2982787641915925
2012-05-31 15:20:00,64.69213,63.64009437332597,5.089585671197368
2012-05-31 15:25:00,64.65047,63.56474682028889,5.11721405522391
2012-05-31 15:30:00,64.40046,63.205429439329514,5.261538192393539
2012-05-31 15:35:00,64.66088,62.90811248718092,5.403005744201811
2012-05-31 15:40:00,64.545135,63.47998870199956,5.149213178327518
2012-05-31 15:45:00,65.00347,61.796550563752135,6.134417035705884
2012-05-31 15:50:00,64.91088,63.64009437332597,5.089585671197368
2012-05-31 15:55:00,65.02547,62.993937541571334,5.359712824287879
2012-05-31 16:00:00,65.13311,60.01882235458976,16.427753055331497
2012-05-31 16:05:00,65.114586,59.65975536858104,16.732046877630562
2012-05-31 16:10:00,65.052086,60.01882235458976,16.427753055331497
2012-05-31 16:15:00,64.84954,60.45999787531429,16.004707458190296
2012-05-31 16:20:00,64.52894,60.742191492941636,15.702702066857
2012-05-31 16:25:00,63.726856,61.0464671320749,15.346592919704335
2012-05-31 16:30:00,63.032406,57.485849442718596,17.961539665117176
2012-05-31 16:35:00,60.032406,62.14431119940854,13.748353258342918
2012-05-31 16:40:00,58.018513,60.13308915126864,16.323602967130412
2012-05-31 16:45:00,57.164352,61.78592763972102,14.329408600794935
2012-05-31 16:50:00,56.14583,60.742191492941636,15.702702066857
2012-05-31 16:55:00,54.596725,61.223830537670146,15.123204431679582
2012-05-31 17:00:00,50.822422,58.70184847430419,33.18946530625711
2012-05-31 17:05:00,47.37219,56.33869984290521,35.10460115162461
2012-05-31 17:10:00,43.62566,56.122966738411286,35.14596836932683
2012-05-31 17:15:00,40.671955,54.37038271380944,35.018960910590266
2012-05-31 17:20:00,37.34904,52.69128849604567,34.339066536790405
2012-05-31 17:25:00,33.96015,43.55626453740563,27.606613299499895
2012-05-31 17:30:00,30.966766,39.931542384413625,25.692041098895178
2012-05-31 17:35:00,29.779266,30.981962596397562,18.851039932026758
2012-05-31 17:40:00,28.121859,31.630895314821334,19.988410148346112
2012-05-31 17:45:00,24.996859,44.43085631430055,28.163237038711106
2012-05-31 17:50:00,21.54894,38.832139834712244,25.176015922342813
2012-05-31 17:55:00,18.91055,33.745959974681504,22.211141697944438
2012-05-31 18:00:00,18.535547,30.608020640370956,19.707041341074532
2012-05-31 18:05:00,17.97305,30.585420734266012,19.816215041540776
2012-05-31 18:10:00,18.000826,30.63168553186408,19.629649871142238
2012-05-31 18:15:00,17.111937,30.565547731910783,20.17291702739488
2012-05-31 18:20:00,16.934855,30.594529480475646,19.765732075830616
2012-05-31 18:25:00,17.35152,30.685935583731737,19.51150283212492
2012-05-31 18:30:00,17.488424,30.64401178240229,19.597314379868397
2012-05-31 18:35:00,18.030092,30.655675828966125,19.57020555301029
2012-05-31 18:40:00,17.95139,30.607134853549308,19.710480529457616
2012-05-31 18:45:00,18.034723,30.626803973032136,19.643737251963582
2012-05-31 18:50:00,18.92014,30.754051451040777,19.41787454796913
2012-05-31 18:55:00,18.905092,30.68086272152941,19.52037802682531
2012-05-31 19:00:00,19.54051,30.726880082696198,20.848995480461
2012-05-31 19:05:00,20.256945,30.728883546405072,20.83173628501182
2012-05-31 19:10:00,23.875992,30.708467489321027,21.091767171315308
2012-05-31 19:15:00,28.056547,30.723379895595755,20.881393631895858
2012-05-31 19:20:00,32.154926,30.707239445104733,21.12467324981295
2012-05-31 19:25:00,36.220898,30.70523455730128,21.212943852852703
2012-05-31 19:30:00,40.252148,30.70688270941531,21.135838625928688
2012-05-31 19:35:00,43.93155,30.713785770487334,21.569297172886603
2012-05-31 19:40:00,47.86905,30.70688270941531,21.135838625928688
2012-05-31 19:45:00,51.76488,30.70573773738218,21.181541618219462
2012-05-31 19:50:00,55.337795,30.706936825008913,21.409512338199033
2012-05-31 19:55:00,59.68039,30.730378133654778,20.819444094068704
2012-05-31 20:00:00,63.190807,31.437633814412308,23.94434299441491
2012-05-31 20:05:00,66.82854,31.46928004391496,24.082864198401044
2012-05-31 20:10:00,67.16319,66.58722896691297,2.849682522800148
2012-05-31 20:15:00,67.28819,67.07340173908365,2.090753466782008
2012-05-31 20:20:00,67.07523,67.38940811616779,1.9307136449950686
2012-05-31 20:25:00,66.93981,67.4893836788216,1.8991383532031108
2012-05-31 20:30:00,66.91319,67.27676024799561,1.9746028674237912
2012-05-31 20:35:00,66.68171,67.26129787419967,1.9815069817324236
2012-05-31 20:40:00,66.640045,67.10787271950032,2.066333389806622
2012-05-31 20:45:00,66.55671,67.10787271950032,2.066333389806622
2012-05-31 20:50:00,66.577545,66.90375952947291,2.2597814614384464
2012-05-31 20:55:00,66.541664,67.22655925301002,1.997951854688954
2012-05-31 21:00:00,66.76736,66.71919619100822,1.76440998775125
2012-05-31 21:05:00,66.70486,67.09312541918963,1.7158628412579597
2012-05-31 21:10:00,66.81365,66.84959548698347,1.7415747796874925
2012-05-31 21:15:00,66.67477,67.11537280255156,1.7143053639152983
2012-05-31 21:20:00,66.76852,66.77805579964523,1.7531062371132642
2012-05-31 21:25:00,66.791664,67.02731818718806,1.7211341643893
2012-05-31 21:30:00,66.78241,67.03697850302528,1.7202941043541895
2012-05-31 21:35:00,67.00116,66.6241439902957,1.7868372668927055
2012-05-31 21:40:00,67.03241,66.81805864574487,1.7463835094331432
2012-05-31 21:45:00,67.19213,66.73866389011552,1.760472989310541
2012-05-31 21:50:00,67.2338,66.68071801615606,1.7728167740131322
2012-05-31 21:55:00,67.20255,66.96291196755557,1.7273829875159343
2012-05-31 22:00:00,67.109955,66.57279277192826,1.8517198980784784
2012-05-31 22:05:00,67.25578,66.31168877103009,1.8482500990793287
2012-05-31 22:10:00,67.21181,66.44585091054775,1.8492991820781721
2012-05-31 22:15:00,67.3507,66.14476186473208,1.849715551727656
2012-05-31 22:20:00,67.50694,66.31168877103009,1.8482500990793287
2012-05-31 22:25:00,67.18171,66.45185898752074,1.8493851617877486
2012-05-31 22:30:00,67.015045,66.38001080569657,1.8485676721681188
2012-05-31 22:35:00,66.952545,66.41885995718384,1.8489522222045862
2012-05-31 22:40:00,66.97338,66.2058509230848,1.8487736170107791
2012-05-31 22:45:00,66.89005,66.4278469729765,1.8490605720663449
2012-05-31 22:50:00,67.00463,66.04977297689055,1.852250410391065
2012-05-31 22:55:00,66.99422,66.23218139325527,1.8485179326984476
2012-05-31 23:00:00,67.04051,65.43813050109968,2.1763681927886585
2012-05-31 23:05:00,66.98843,65.8516803246636,2.199446535331361
2012-05-31 23:10:00,66.793976,65.43813050109968,2.1763681927886585
2012-05-31 23:15:00,66.64814,65.63261787991449,2.1865211118377403
2012-05-31 23:20:00,66.20023,65.8829724589855,2.2013833929505204
2012-05-31 23:25:00,66.19212,64.61169575779218,2.161747043521837
2012-05-31 23:30:00,66.21759,64.99617826844256,2.161051877691919
2012-05-31 23:35:00,66.14468,65.35146510482211,2.172393040480967
2012-05-31 23:40:00,66.23843,65.35146510482211,2.172393040480967
2012-05-31 23:45:00,66.09954,65.29952763419061,2.170205557052059
2012-05-31 23:50:00,66.00579,65.4450689865241,2.1767029736868184
2012-05-31 23:55:00,65.88889,65.28914877363765,2.169787036426403
