epoch,train_loss,val_loss
1,1.500348247112112,0.4455796166190079
2,0.7567283888446524,0.2943074524934803
3,0.6204907686469403,0.23491122360740388
4,0.6407851749397022,0.16513928983892714
5,0.5592309344718431,0.23248745980007307
6,0.5527836479649271,0.2235988576098212
7,0.5265318858362933,0.25665525001074585
8,0.48588176721588094,0.12925671466759273
9,0.4770814453669176,0.19046501549226896
10,0.4531937461504911,0.2356255083744015
