timestamp,actual,predicted_mean,predicted_std
2012-06-01 02:55:00,62.652004,62.345383024095746,4.12110081756282
2012-06-01 03:00:00,62.433197,62.849840573445455,4.036836785917181
2012-06-01 03:05:00,62.586468,61.16588417788676,4.419922319133081
2012-06-01 03:10:00,62.835358,60.81983294709942,4.514796181669538
2012-06-01 03:15:00,62.85316,61.75428940128028,4.279163981254274
2012-06-01 03:20:00,63.12035,60.769670855113894,4.529961572410645
2012-06-01 03:25:00,63.160084,61.67162893164177,4.298085095064967
2012-06-01 03:30:00,63.321896,61.16588417788676,4.419922319133081
2012-06-01 03:35:00,63.52129,61.0279533501052,4.456074087164308
2012-06-01 03:40:00,64.03837,60.14822480476419,4.800737875275327
2012-06-01 03:45:00,64.446045,60.38684322023235,4.669195328047892
2012-06-01 03:50:00,64.46653,61.7960182703942,4.269679125735351
2012-06-01 03:55:00,64.48702,61.80374348647899,4.2679276377592
2012-06-01 04:00:00,64.507515,61.59458215378663,3.894132749165434
2012-06-01 04:05:00,64.52801,61.60222858109771,3.893459538126782
2012-06-01 04:10:00,64.54849,61.60988123325965,3.8927865644372237
2012-06-01 04:15:00,64.568985,61.61754142310965,3.8921142731263143
2012-06-01 04:20:00,64.58948,61.62520975143759,3.8914416554603997
2012-06-01 04:25:00,64.60997,61.63288361482058,3.890771025593152
2012-06-01 04:30:00,64.63046,61.64056663283234,3.890098971631337
2012-06-01 04:35:00,64.650955,61.64825329452356,3.889429350497743
2012-06-01 04:40:00,64.67145,61.65594830608175,3.8887595513523276
2012-06-01 04:45:00,64.69194,61.66365039175556,3.888090167567828
2012-06-01 04:50:00,64.71243,61.67135588005113,3.8874206947774184
2012-06-01 04:55:00,64.732925,61.679071602172165,3.8867521713833875
2012-06-01 05:00:00,64.75342,62.468275238930026,3.0066380672722626
2012-06-01 05:05:00,64.7739,62.474907848125724,3.0065435726639103
2012-06-01 05:10:00,64.7944,62.48154340564221,3.0064522229310646
2012-06-01 05:15:00,64.81489,62.488184618742594,3.0063631131803006
2012-06-01 05:20:00,64.83539,62.49482856877474,3.0062778751866444
2012-06-01 05:25:00,64.85588,62.501475188984195,3.006196657293281
2012-06-01 05:30:00,64.87637,62.50812673418736,3.0061181392458702
2012-06-01 05:35:00,64.896866,62.51478130930007,3.0060420391923626
2012-06-01 05:40:00,64.91735,62.521438172606395,3.0059700779136946
2012-06-01 05:45:00,64.93784,62.528098099199475,3.00590053462893
2012-06-01 05:50:00,64.958336,62.53476268005996,3.0058350262787754
2012-06-01 05:55:00,64.97882,62.54143080632253,3.0057717727450224
2012-06-01 06:00:00,64.99931,64.33742006888025,2.172277303128634
2012-06-01 06:05:00,65.019806,64.34301548478334,2.172231717268121
2012-06-01 06:10:00,65.0403,64.34860952109479,2.1721912492474647
2012-06-01 06:15:00,65.06079,64.35420637592676,2.1721544304691403
2012-06-01 06:20:00,65.08128,64.35980389830304,2.1721221509922524
2012-06-01 06:25:00,65.101776,64.36540208822368,2.1720942476392997
2012-06-01 06:30:00,65.12227,64.37099921007336,2.1720710170966497
2012-06-01 06:35:00,65.14276,64.37659653960351,2.172051406127695
2012-06-01 06:40:00,65.16325,64.38219495203892,2.1720371058447365
2012-06-01 06:45:00,65.18375,64.38779567862797,2.172026083946148
2012-06-01 06:50:00,65.20424,64.39339570800408,2.1720195420117236
2012-06-01 06:55:00,65.22473,64.39899760650432,2.172017747059195
2012-06-01 07:00:00,65.24522,66.36234517959124,1.642786904486724
2012-06-01 07:05:00,65.26572,66.36780411976484,1.6425288911864004
2012-06-01 07:10:00,65.2862,66.37325694819924,1.642276707773217
2012-06-01 07:15:00,65.306694,66.3787053263381,1.6420299314690985
2012-06-01 07:20:00,65.32719,66.3841471180396,1.6417889628006428
2012-06-01 07:25:00,65.34768,66.38958113655825,1.6415541355400134
2012-06-01 07:30:00,65.36817,66.39501201020137,1.6413243890334448
2012-06-01 07:35:00,65.38866,66.4004360303894,1.641100769100384
2012-06-01 07:40:00,65.40915,66.40585479922869,1.6408823560130894
2012-06-01 07:45:00,65.42964,66.41126790135836,1.6406695799667956
2012-06-01 07:50:00,65.450134,66.41667521810383,1.6404628414880997
2012-06-01 07:55:00,65.47063,66.42207550338237,1.6402615991243794
2012-06-01 08:00:00,65.49112,67.04509432896562,1.6306514603692188
2012-06-01 08:05:00,65.51161,67.05318140599687,1.6294870702132773
2012-06-01 08:10:00,65.532104,67.06125545849652,1.628333256926371
2012-06-01 08:15:00,65.55259,67.06931604143507,1.6271893010440568
2012-06-01 08:20:00,65.57309,67.07736810947483,1.6260551283947422
2012-06-01 08:25:00,65.593575,67.08540599590617,1.6249308947387702
2012-06-01 08:30:00,65.614075,67.0934321038887,1.6238166890820527
2012-06-01 08:35:00,65.63457,67.1014483025465,1.6227111615016117
2012-06-01 08:40:00,65.65506,67.1094507942941,1.6216163962191867
2012-06-01 08:45:00,65.67555,67.11744132958106,1.6205309023857755
2012-06-01 08:50:00,65.696045,67.12542059078599,1.6194546651670596
2012-06-01 08:55:00,65.71653,67.13338795486756,1.6183885449535085
2012-06-01 09:00:00,65.73702,66.50922706477762,2.2053658585771942
2012-06-01 09:05:00,65.757515,66.51896321365062,2.202807754536817
2012-06-01 09:10:00,65.77801,66.52869268708034,2.2002657160632917
2012-06-01 09:15:00,65.79849,66.5384124588658,2.197740047260145
2012-06-01 09:20:00,65.818985,66.54812395310158,2.1952303476007806
2012-06-01 09:25:00,65.83948,66.55782455894763,2.192737299463846
2012-06-01 09:30:00,65.85997,66.56751682790674,2.190260465236946
2012-06-01 09:35:00,65.88046,66.5771998105825,2.187799637239625
2012-06-01 09:40:00,65.900955,66.58687261691585,2.1853555201020067
2012-06-01 09:45:00,65.92145,66.59653676000723,2.1829261853626964
2012-06-01 09:50:00,65.94194,66.6061921211821,2.180513405722746
2012-06-01 09:55:00,65.96243,66.61583297439356,2.178117359193976
2012-06-01 10:00:00,65.982925,65.83458641319028,2.8762189303961283
2012-06-01 10:05:00,66.00342,65.84488359598602,2.8722730239472067
2012-06-01 10:10:00,66.0239,65.85516983105477,2.868350592807189
2012-06-01 10:15:00,66.0444,65.86544425800605,2.8644520300855127
2012-06-01 10:20:00,66.06489,65.87570702518305,2.860578084915259
2012-06-01 10:25:00,66.08539,65.88596053574535,2.8567268659208285
2012-06-01 10:30:00,66.10588,65.89620315791792,2.85289904806371
2012-06-01 10:35:00,66.12637,65.90643349727488,2.8490944681664003
2012-06-01 10:40:00,66.146866,65.91665490637212,2.8453132449034464
2012-06-01 10:45:00,66.16735,65.9268641216596,2.841555318937576
2012-06-01 10:50:00,66.18784,65.93706028274688,2.837821172384136
2012-06-01 10:55:00,66.208336,65.94725012441454,2.8341078457966025
2012-06-01 11:00:00,66.22882,65.28257273511524,3.4534454685088494
2012-06-01 11:05:00,66.24931,65.29327907808171,3.4483521275299425
2012-06-01 11:10:00,66.269806,65.303973019558,3.4432864748063725
2012-06-01 11:15:00,66.2903,65.31465298710631,3.4382500531072537
2012-06-01 11:20:00,66.31079,65.3253191587385,3.4332410303942615
2012-06-01 11:25:00,66.33128,65.33597186080954,3.4282606379158245
2012-06-01 11:30:00,66.351776,65.34661177569812,3.423308067201589
2012-06-01 11:35:00,66.37227,65.35724006048106,3.418382888056321
2012-06-01 11:40:00,66.39276,65.36784861562047,3.41348745913665
2012-06-01 11:45:00,66.41325,65.37845126670119,3.4086164549222606
2012-06-01 11:50:00,66.43375,65.38904003285985,3.4037737768389005
2012-06-01 11:55:00,66.45424,65.39961788096014,3.3989574074192617
2012-06-01 12:00:00,66.47473,64.83106061495663,3.806640576984907
2012-06-01 12:05:00,66.49522,64.8419983881248,3.8008653394739125
2012-06-01 12:10:00,66.51572,64.85292307742415,3.7951152387154843
2012-06-01 12:15:00,66.5362,64.86383413398485,3.7893914169521423
2012-06-01 12:20:00,66.556694,64.87473083092532,3.7836934365714927
2012-06-01 12:25:00,66.57719,64.88561524505015,3.778021164064669
2012-06-01 12:30:00,66.59768,64.89648132395739,3.7723782486740034
2012-06-01 12:35:00,66.61817,64.90733894730313,3.7667561161634473
2012-06-01 12:40:00,66.63866,64.91818408015276,3.7611612565473123
2012-06-01 12:45:00,66.65915,64.92901687084948,3.7555911850772596
2012-06-01 12:50:00,66.67964,64.93983675568914,3.7500452935462367
2012-06-01 12:55:00,66.700134,64.95064612299707,3.744524345921642
2012-06-01 13:00:00,66.72063,64.3680337927349,4.079578225209437
2012-06-01 13:05:00,66.70701,64.37952344705135,4.0743430755635694
2012-06-01 13:10:00,66.59214,64.3910009372267,4.069120713100183
2012-06-01 13:15:00,66.30658,64.40246842165428,4.063911048813368
2012-06-01 13:20:00,66.167465,64.41392023362444,4.058715299117231
2012-06-01 13:25:00,66.04747,64.42536652722815,4.0535287912014715
2012-06-01 13:30:00,65.86327,64.43680202144805,4.048355292982969
2012-06-01 13:35:00,65.663475,64.44822683495869,4.043193380367156
2012-06-01 13:40:00,65.46545,64.45964200616233,4.038043617058129
2012-06-01 13:45:00,65.46363,64.47104858829563,4.03290404492586
2012-06-01 13:50:00,65.2402,64.48244457872556,4.02777717097016
2012-06-01 13:55:00,65.18171,64.49383221743423,4.02266072554031
2012-06-01 14:00:00,65.070595,63.301992857489864,5.912807582986595
2012-06-01 14:05:00,64.99189,63.04294822713811,6.116544085166292
2012-06-01 14:10:00,64.98032,62.26444280321308,6.757471671333793
2012-06-01 14:15:00,65.09722,60.81395091733011,8.069355776439746
2012-06-01 14:20:00,65.03472,62.10076925208269,6.899785194653066
2012-06-01 14:25:00,65.12499,62.26444280321308,6.757471671333793
2012-06-01 14:30:00,63.5625,61.76619616510785,7.198760453933776
2012-06-01 14:35:00,60.67758,61.65143393371657,7.303312641170021
2012-06-01 14:40:00,57.40559,61.68031187728398,7.276930547571431
2012-06-01 14:45:00,53.43568,63.24611635611604,5.956516650035236
2012-06-01 14:50:00,50.17642,61.49501088657428,7.446864192201885
2012-06-01 14:55:00,46.010914,62.824026912385925,6.291580883677288
2012-06-01 15:00:00,42.348873,58.64760720064445,23.34054238437173
2012-06-01 15:05:00,38.265545,58.64760720064445,23.34054238437173
2012-06-01 15:10:00,34.43221,58.13389140853264,23.966773255254363
2012-06-01 15:15:00,30.55721,57.468397241661,24.591143872938176
2012-06-01 15:20:00,26.650957,56.93927670337175,24.970196518679085
2012-06-01 15:25:00,22.873182,59.68980381589788,21.574189234415993
2012-06-01 15:30:00,20.498182,33.51539942005446,15.627151802858679
2012-06-01 15:35:00,19.70949,31.400465658220046,13.382518272168559
2012-06-01 15:40:00,19.348381,31.352601365072385,13.5198784237204
2012-06-01 15:45:00,19.58912,31.398237662267515,13.825985771115262
2012-06-01 15:50:00,19.068289,31.352551284413384,13.524584522234045
2012-06-01 15:55:00,19.141205,31.445918959263125,14.000370304645216
2012-06-01 16:00:00,18.650463,30.208548110291844,14.393973666309078
2012-06-01 16:05:00,18.59838,30.303283865323788,14.453162300128694
2012-06-01 16:10:00,18.578703,30.24739859686777,14.40873043091492
2012-06-01 16:15:00,18.52199,30.26702831640087,14.422529729272492
2012-06-01 16:20:00,18.751158,30.28320769214344,14.435538833156334
2012-06-01 16:25:00,18.334492,30.215979510448804,14.39458519625173
2012-06-01 16:30:00,18.584492,30.2860003415924,14.437898320507353
2012-06-01 16:35:00,18.917824,30.22738199831021,14.398091969789546
2012-06-01 16:40:00,18.707176,30.21920271115566,14.395307568221634
2012-06-01 16:45:00,18.40162,30.203275637500827,14.394792342674181
2012-06-01 16:50:00,18.130787,30.25435340004245,14.413315540727508
2012-06-01 16:55:00,17.93287,30.291664677738865,14.442781006747497
2012-06-01 17:00:00,17.979166,29.779321260344428,15.911743810837109
2012-06-01 17:05:00,17.677084,29.776277970251396,15.919600599909154
2012-06-01 17:10:00,17.34375,29.746386937304504,16.06696015014873
2012-06-01 17:15:00,17.084492,29.757154278988327,15.988248722563199
2012-06-01 17:20:00,16.667824,29.743147359510107,16.150126857592014
2012-06-01 17:25:00,17.282408,29.774507346004484,15.924448336495102
2012-06-01 17:30:00,16.78935,29.743175366703298,16.159258329977476
2012-06-01 17:35:00,15.9664345,29.78636957906244,16.542161460414054
2012-06-01 17:40:00,15.9976845,29.750234128781482,16.03052920024479
2012-06-01 17:45:00,15.775463,29.74964194279005,16.035203434642465
2012-06-01 17:50:00,15.493056,29.78183573665432,15.905656518603777
2012-06-01 17:55:00,15.545139,29.796109199165954,15.876514678074495
2012-06-01 18:00:00,15.359954,29.70621038133614,18.32234274664238
2012-06-01 18:05:00,15.644676,29.712540481693413,17.901420622846093
2012-06-01 18:10:00,15.738426,29.70235939227365,18.16254479841732
2012-06-01 18:15:00,16.106482,29.702671981031443,18.103485045156155
2012-06-01 18:20:00,16.28125,29.70256303779696,18.190777651250944
2012-06-01 18:25:00,15.958333,29.88011202813281,19.559711993507268
2012-06-01 18:30:00,16.449074,29.702671981031443,18.103485045156155
2012-06-01 18:35:00,16.782408,29.70261240640866,18.107928160872806
2012-06-01 18:40:00,16.855324,29.732098284450803,18.65833246374218
2012-06-01 18:45:00,17.247686,29.703787521776828,18.254132711079997
2012-06-01 18:50:00,18.363426,29.71364154414401,17.889273630211697
2012-06-01 18:55:00,19.330688,29.70274888213815,18.205129379626573
2012-06-01 19:00:00,19.872355,29.934976458132255,20.77114456201852
2012-06-01 19:05:00,21.751984,29.963152643869503,21.095746684912616
2012-06-01 19:10:00,24.595734,29.970291392592625,21.165345034667528
2012-06-01 19:15:00,28.551752,30.051272055535893,21.805667321306117
2012-06-01 19:20:00,32.81895,30.00118831100312,21.434869410063257
2012-06-01 19:25:00,36.579365,30.08103658141528,22.002550472214825
2012-06-01 19:30:00,40.31085,30.11322990058136,22.20198061625941
2012-06-01 19:35:00,44.415012,30.037712776450395,21.710983545725924
2012-06-01 19:40:00,48.227512,30.08103658141528,22.002550472214825
2012-06-01 19:45:00,52.13145,30.12050607443034,22.245445584598404
2012-06-01 19:50:00,55.63145,30.47886499431498,23.997603893930147
2012-06-01 19:55:00,58.85169,30.619473446240445,24.570816139386014
2012-06-01 20:00:00,62.882935,30.639148499450645,25.16476462585477
2012-06-01 20:05:00,65.21859,33.83463418985689,37.825866673586
2012-06-01 20:10:00,66.74984,42.17627204148712,59.86038456796595
2012-06-01 20:15:00,66.87715,65.2446433262045,7.613466434606912
2012-06-01 20:20:00,66.8044,66.42034638555842,3.9111258021077933
2012-06-01 20:25:00,66.83565,64.0024281006204,12.915206623824902
2012-06-01 20:30:00,67.00231,64.32135240297255,11.428851619787139
2012-06-01 20:35:00,66.91319,66.06022713644386,4.8931066961284015
2012-06-01 20:40:00,66.97569,64.52541574969007,10.52201727378898
2012-06-01 20:45:00,66.87384,65.85215979950364,5.52482927619402
2012-06-01 20:50:00,66.92477,65.99776795077298,5.0780072928224245
2012-06-01 20:55:00,66.90162,64.7220217510277,9.681881138625492
2012-06-01 21:00:00,66.70965,66.99627108613785,2.206194414598368
2012-06-01 21:05:00,66.81382,66.54695435609986,3.1395767908809895
2012-06-01 21:10:00,66.772156,66.92859179282,2.300789673800529
2012-06-01 21:15:00,66.75132,66.79687049205556,2.523963998770214
2012-06-01 21:20:00,66.705025,66.76352276622985,2.5900838343639054
2012-06-01 21:25:00,66.85086,66.34236786230888,3.878027426340436
2012-06-01 21:30:00,67.02679,66.66996096948924,2.8001494430015392
2012-06-01 21:35:00,67.110115,66.59671435646736,2.9929512575512853
2012-06-01 21:40:00,67.25595,66.50643655147051,3.26872012445267
2012-06-01 21:45:00,67.3578,66.50643655147051,3.26872012445267
2012-06-01 21:50:00,67.47355,66.85967864023301,2.4104781102817174
2012-06-01 21:55:00,67.68651,66.3795486276718,3.7287976542400614
2012-06-01 22:00:00,67.63889,66.47368160500896,2.2742180866184096
2012-06-01 22:05:00,67.44097,66.62666793090075,2.1189701057055967
2012-06-01 22:10:00,67.33912,66.71532440423131,2.047928881134994
2012-06-01 22:15:00,67.328705,66.62666793090075,2.1189701057055967
2012-06-01 22:20:00,67.27662,66.5422671565079,2.198601528051057
2012-06-01 22:25:00,67.13079,66.50181714471374,2.241854721660254
2012-06-01 22:30:00,66.99653,66.92489149076401,1.917331190985167
2012-06-01 22:35:00,66.78356,66.63631729901097,2.110665097702412
2012-06-01 22:40:00,66.63773,66.67049595434882,2.0824191609999385
2012-06-01 22:45:00,66.577545,66.57921985905939,2.1621053219803783
2012-06-01 22:50:00,66.38773,67.00146235586982,1.8794571066649686
2012-06-01 22:55:00,66.302086,66.67542842456159,2.07848686503817
2012-06-01 23:00:00,66.39931,65.81851313249308,2.349462511473813
2012-06-01 23:05:00,66.38889,65.6505611451234,2.474010158363868
2012-06-01 23:10:00,66.40741,65.97996317876085,2.2543830452840217
2012-06-01 23:15:00,66.084496,66.11037837712544,2.1904402052561136
2012-06-01 23:20:00,65.96991,65.89505314221655,2.3018772518556783
2012-06-01 23:25:00,66.03472,65.62788196442084,2.4934310106935804
2012-06-01 23:30:00,65.94544,66.1382757963509,2.1779838429110137
2012-06-01 23:35:00,66.01836,65.62788196442084,2.4934310106935804
2012-06-01 23:40:00,66.15377,65.81851313249308,2.349462511473813
2012-06-01 23:45:00,66.08433,65.92111807808728,2.286746054218535
2012-06-01 23:50:00,65.78456,66.07654918866102,2.2060900551682647
2012-06-01 23:55:00,65.69428,65.97402250893082,2.2575427402737067
2012-06-02 00:00:00,65.62831,65.33139701634529,2.5582141703571706
2012-06-02 00:05:00,65.60979,64.76780780808447,2.800503983211838
2012-06-02 00:10:00,65.66187,65.28586007941496,2.574245069406642
2012-06-02 00:15:00,65.70354,64.42942178485532,3.017163372216706
2012-06-02 00:20:00,65.62946,64.76780780808447,2.800503983211838
2012-06-02 00:25:00,65.49983,64.96186181712089,2.7046631159603725
2012-06-02 00:30:00,65.325226,65.13194838873996,2.632316100510625
2012-06-02 00:35:00,65.20602,64.9868634438814,2.693415973081487
2012-06-02 00:40:00,64.950226,65.45782172371695,2.516122756063873
2012-06-02 00:45:00,64.8669,64.93347535492002,2.7177132367346526
2012-06-02 00:50:00,64.96296,64.4555966726942,2.997401226723047
2012-06-02 00:55:00,64.898155,64.93347535492002,2.7177132367346526
2012-06-02 01:00:00,64.78357,65.66959455472457,2.1658225648279754
2012-06-02 01:05:00,64.84375,65.13367827794849,2.294174828701136
2012-06-02 01:10:00,64.921295,66.06584993649874,2.0848083614907567
2012-06-02 01:15:00,65.06019,64.86456493184761,2.368884520880362
2012-06-02 01:20:00,65.06134,64.90320695174675,2.3576635605734935
2012-06-02 01:25:00,64.9074,64.94179464837184,2.3466308626017245
2012-06-02 01:30:00,65.16088,64.98032311156344,2.3357820805097584
2012-06-02 01:35:00,65.37384,65.01877986565981,2.325115968214848
2012-06-02 01:40:00,65.327545,65.05716494032954,2.3146271556937235
2012-06-02 01:45:00,65.04051,65.09546489568017,2.3043148567275087
2012-06-02 01:50:00,65.34474,65.13367827794849,2.294174828701136
2012-06-02 01:55:00,65.196594,65.17179268564429,2.2842050838159356
2012-06-02 02:00:00,65.06118,64.72942752489958,2.7501957509383783
2012-06-02 02:05:00,65.325066,64.9103564998537,2.696869357907302
2012-06-02 02:10:00,65.088295,65.94840162354775,2.4307881168233587
2012-06-02 02:15:00,64.54316,64.97013208315035,2.6797802230845207
2012-06-02 02:20:00,64.38691,64.40833535008746,2.851431444439212
2012-06-02 02:25:00,64.587135,63.76183655762454,3.0879409612803026
2012-06-02 02:30:00,64.17046,65.56332048881175,2.5225859350917137
2012-06-02 02:35:00,64.087135,65.43649617457042,2.5544595598614666
2012-06-02 02:40:00,64.42047,64.36215050946566,2.866764893173728
2012-06-02 02:45:00,64.587135,63.34695235744987,3.271872031425183
2012-06-02 02:50:00,64.620865,65.90805809249123,2.4400766994752323
2012-06-02 02:55:00,64.90327,64.03303919880067,2.9825474605090414
2012-06-02 03:00:00,64.79794,63.674127062679105,3.4103935469320086
2012-06-02 03:05:00,64.45072,65.63886748926002,2.800187730377388
2012-06-02 03:10:00,64.27083,64.57480911246061,3.1033676882090604
2012-06-02 03:15:00,64.391365,62.13422536949168,4.1642615636996085
2012-06-02 03:20:00,64.360115,63.24121653994669,3.583215433359334
2012-06-02 03:25:00,64.48049,64.2171700723804,3.218370000063984
2012-06-02 03:30:00,64.842094,63.288885999156186,3.563133178108434
2012-06-02 03:35:00,64.08285,64.68246354137129,3.0702329683615694
2012-06-02 03:40:00,63.228672,65.4091336808673,2.861510280902092
2012-06-02 03:45:00,63.367565,63.614964240573556,3.4328395618176324
2012-06-02 03:50:00,63.19395,65.69521727956311,2.785444969368139
2012-06-02 03:55:00,62.5377,64.86881859848368,3.0143330881019117
2012-06-02 04:00:00,63.06416,62.974476109963575,3.785224909353959
2012-06-02 04:05:00,62.855824,63.891023504092374,3.476741460171447
2012-06-02 04:10:00,62.569942,63.525486064676926,3.592923545370517
2012-06-02 04:15:00,62.928574,62.41551654413923,4.013028802588546
2012-06-02 04:20:00,62.91815,62.886353197398044,3.818501460119889
2012-06-02 04:25:00,62.12186,64.55222636966208,3.2825048703438715
2012-06-02 04:30:00,61.937336,64.73752615786485,3.2309783548356417
2012-06-02 04:35:00,62.585484,61.24052623113685,4.708561396194917
2012-06-02 04:40:00,62.560024,61.505794744417365,4.519763037832413
2012-06-02 04:45:00,61.933865,64.04145040568945,3.4309409470713668
2012-06-02 04:50:00,61.362106,64.75088739879942,3.227305511103083
2012-06-02 04:55:00,62.112106,61.774317034716454,4.346720950782424
2012-06-02 05:00:00,61.82639,65.53039358293104,2.965751985853752
2012-06-02 05:05:00,61.61343,63.17981582368963,3.5072573146103028
2012-06-02 05:10:00,61.964123,62.5467811555767,3.728528648709787
2012-06-02 05:15:00,61.849533,64.23460897076293,3.2355737448308983
2012-06-02 05:20:00,61.912033,63.091986274605226,3.5341429739820653
2012-06-02 05:25:00,62.430557,61.43512038366709,4.357745282198603
2012-06-02 05:30:00,62.211807,64.09465763464064,3.267812041650433
2012-06-02 05:35:00,61.927082,64.15684901636102,3.253383100647413
2012-06-02 05:40:00,62.510418,61.70619978967009,4.177212339043414
2012-06-02 05:45:00,62.979168,61.683191706168024,4.192161089398279
2012-06-02 05:50:00,63.16435,62.471361900861524,3.7603458288979428
2012-06-02 05:55:00,62.987263,65.24593002531583,3.0216184740626417
2012-06-02 06:00:00,62.88541,64.95217525937439,2.766483832566342
2012-06-02 06:05:00,63.327545,63.02589364515152,3.319772460972523
2012-06-02 06:10:00,63.401623,64.70958290059549,2.810328796806051
2012-06-02 06:15:00,63.322918,64.40741382739272,2.871184600335907
2012-06-02 06:20:00,63.552082,64.05040398492838,2.9546714917080266
2012-06-02 06:25:00,63.79051,64.18821892701442,2.920704077064521
2012-06-02 06:30:00,64.226845,63.83239391639683,3.0138282169087183
2012-06-02 06:35:00,64.48727,63.619262695725524,3.079512561416479
2012-06-02 06:40:00,64.637726,64.75000985985882,2.8027407017435912
2012-06-02 06:45:00,65.08217,64.22785732357906,2.911362417221332
2012-06-02 06:50:00,65.40625,63.91420602805335,2.990773653778447
2012-06-02 06:55:00,65.53124,65.1336637848194,2.736108399785674
2012-06-02 07:00:00,65.83102,65.43399230479821,2.3908754485454184
2012-06-02 07:05:00,65.98727,65.8016517044581,2.327517881716554
2012-06-02 07:10:00,66.041664,65.97750350042321,2.3015170301014236
2012-06-02 07:15:00,66.30093,64.96514361338551,2.493285990396681
2012-06-02 07:20:00,66.49885,65.98777997451045,2.3000757277234882
2012-06-02 07:25:00,66.39931,66.17128627878161,2.2757069478212073
2012-06-02 07:30:00,66.30672,66.6543101701807,2.2228769704218236
2012-06-02 07:35:00,66.62963,65.6606146149018,2.3502994192162583
2012-06-02 07:40:00,66.59838,66.3517390276114,2.254141320065326
2012-06-02 07:45:00,66.53356,67.06359850942273,2.1894170971488283
2012-06-02 07:50:00,66.635414,66.26191847564557,2.2645895013882913
2012-06-02 07:55:00,66.604164,66.61589358741863,2.2265240617776003
2012-06-02 08:00:00,66.58218,67.49376368934766,2.0277823339480503
2012-06-02 08:05:00,66.696754,67.21123890297868,2.056708631830656
2012-06-02 08:10:00,66.821754,66.91379782374354,2.0933198632063834
2012-06-02 08:15:00,66.96991,66.82862290560949,2.1050185627380507
2012-06-02 08:20:00,66.90741,67.58452761495924,2.019660144085105
2012-06-02 08:25:00,67.142365,66.3564469359119,2.1804537569283684
2012-06-02 08:30:00,67.271996,66.96437842893756,2.0866331903371886
2012-06-02 08:35:00,67.36574,67.80386434625596,2.0023401427647136
2012-06-02 08:40:00,67.59838,66.91379782374354,2.0933198632063834
2012-06-02 08:45:00,67.583336,67.55948930292926,2.0218441859521397
2012-06-02 08:50:00,67.759254,67.43745092550334,2.0331057329542133
2012-06-02 08:55:00,67.90509,67.21123890297868,2.056708631830656
2012-06-02 09:00:00,67.96065,67.47696590053869,2.1526885263143787
2012-06-02 09:05:00,67.88773,67.85242439860626,2.103799567455996
2012-06-02 09:10:00,67.96362,67.59131265419389,2.136962413171217
2012-06-02 09:15:00,68.00066,67.62100110968841,2.133000455989762
2012-06-02 09:20:00,68.11524,67.37262504300271,2.1676941885318715
2012-06-02 09:25:00,68.05274,67.59131265419389,2.136962413171217
2012-06-02 09:30:00,68.08978,67.66815602572909,2.1268093235274725
2012-06-02 09:35:00,67.89187,68.37768109018755,2.048387031642316
2012-06-02 09:40:00,67.83631,68.11560698420182,2.0741596572685146
2012-06-02 09:45:00,67.842094,67.59131265419389,2.136962413171217
2012-06-02 09:50:00,67.7414,68.36276595439823,2.049753383626421
2012-06-02 09:55:00,67.67312,68.00243151866063,2.0864436299992257
2012-06-02 10:00:00,67.71544,67.51571453468434,2.317193982313333
2012-06-02 10:05:00,67.58465,67.20804412482592,2.3662218942323796
2012-06-02 10:10:00,67.45668,67.74483351991572,2.2834332838970473
2012-06-02 10:15:00,67.39302,67.56660683857704,2.3095021953651
2012-06-02 10:20:00,67.31663,67.72902153090321,2.285692869530648
2012-06-02 10:25:00,67.45205,66.96234520758593,2.408771718633571
2012-06-02 10:30:00,67.43353,67.61707114271464,2.301985312448228
2012-06-02 10:35:00,67.4127,67.1474406233838,2.3764217193963146
2012-06-02 10:40:00,67.36062,67.61707114271464,2.301985312448228
2012-06-02 10:45:00,67.25066,67.36045318805061,2.3413777560134075
2012-06-02 10:50:00,67.27149,67.67332186943929,2.293734175272394
2012-06-02 10:55:00,67.04928,67.41263723472294,2.3331269971126933
2012-06-02 11:00:00,66.74421,67.54736444309795,2.266178108548162
2012-06-02 11:05:00,66.84606,66.14030967041256,2.5189382503632
2012-06-02 11:10:00,66.87731,66.79446359422288,2.3856723484445044
2012-06-02 11:15:00,66.90394,66.9865302199516,2.3522422031456274
2012-06-02 11:20:00,66.81365,67.09084295161986,2.3350083372951564
2012-06-02 11:25:00,66.771996,67.53083076449418,2.268503870076246
2012-06-02 11:30:00,66.540504,67.30795658228915,2.301023507161824
2012-06-02 11:35:00,66.51968,66.79446359422288,2.3856723484445044
2012-06-02 11:40:00,66.44213,67.11150638579794,2.3316667809787694
2012-06-02 11:45:00,66.49653,66.46094717336503,2.4495693949314417
2012-06-02 11:50:00,66.31944,67.58850407268694,2.2604396749811735
2012-06-02 11:55:00,66.46412,65.74055104566834,2.617738415796781
2012-06-02 12:00:00,66.74537,65.48919734558295,2.2486962351451436
2012-06-02 12:05:00,66.71181,66.73468740271916,1.9976051989188968
2012-06-02 12:10:00,66.65972,66.9111634861408,1.9733534692061288
2012-06-02 12:15:00,66.45602,67.06923638114513,1.9535340409918807
2012-06-02 12:20:00,66.29233,66.45595658229267,2.0409977461153552
2012-06-02 12:25:00,66.17427,67.2168753506065,1.9364965963516425
2012-06-02 12:30:00,66.340935,65.73013972762665,2.187944479524703
2012-06-02 12:35:00,66.35136,66.58967698547636,2.0193625157374346
2012-06-02 12:40:00,66.35598,66.56023400828309,2.023993663857249
2012-06-02 12:45:00,66.41154,66.73468740271916,1.9976051989188968
2012-06-02 12:50:00,66.49487,66.45595658229267,2.0409977461153552
2012-06-02 12:55:00,66.47983,66.65537527424344,2.009292223841966
2012-06-02 13:00:00,66.46941,67.2548902200257,1.5406981635050017
2012-06-02 13:05:00,66.44858,66.50222749162994,1.6134534713178528
2012-06-02 13:10:00,66.55506,66.56332224636094,1.6055243130233807
2012-06-02 13:15:00,66.690475,65.77178850069255,1.7427394294440062
2012-06-02 13:20:00,66.740746,65.33058013493275,1.8536989815850278
2012-06-02 13:25:00,66.81713,66.48171293467156,1.6162084786838118
2012-06-02 13:30:00,66.6875,66.80162515812772,1.5783346910499816
2012-06-02 13:35:00,66.666664,66.6237692457437,1.5980762910126263
2012-06-02 13:40:00,66.572914,66.56332224636094,1.6055243130233807
2012-06-02 13:45:00,66.56365,67.00651688285458,1.5592671847679356
2012-06-02 13:50:00,66.63657,66.91760270774438,1.567089194780441
2012-06-02 13:55:00,66.67361,66.53624997126343,1.6089874217449223
2012-06-02 14:00:00,66.694435,67.01901880139154,1.2265623346366712
2012-06-02 14:05:00,66.798615,66.31888881515694,1.2848197515344737
2012-06-02 14:10:00,66.733795,66.98080639818825,1.2283052780454105
2012-06-02 14:15:00,66.68171,66.52230405050256,1.2612051112949991
2012-06-02 14:20:00,66.88889,65.78380864507011,1.382411721069812
2012-06-02 14:25:00,66.982635,66.77219502745422,1.2402823064764814
2012-06-02 14:30:00,67.03935,66.03234971387964,1.3302045031921252
2012-06-02 14:35:00,67.13773,66.42111699873183,1.2721351854519207
2012-06-02 14:40:00,67.25231,66.0021654657948,1.3358892068577874
2012-06-02 14:45:00,67.203705,66.80526481748997,1.2380836973087563
2012-06-02 14:50:00,67.146996,67.1169484148485,1.2226544930488217
2012-06-02 14:55:00,67.215775,66.6282625607939,1.2513469946559284
2012-06-02 15:00:00,67.090775,66.8821507931877,1.0941107477934628
2012-06-02 15:05:00,67.03869,66.6374877267345,1.1188181432652164
2012-06-02 15:10:00,66.92758,66.51808374624862,1.1356283113129022
2012-06-02 15:15:00,67.13591,66.20965500603243,1.2007066071586687
2012-06-02 15:20:00,67.22967,66.6374877267345,1.1188181432652164
2012-06-02 15:25:00,67.29101,66.96502131862935,1.0880245384653762
2012-06-02 15:30:00,67.41601,66.24760813501835,1.1906117199632555
2012-06-02 15:35:00,67.49471,66.69573251221018,1.1118740875542308
2012-06-02 15:40:00,67.59888,66.43970469640165,1.1488625111444886
2012-06-02 15:45:00,67.54829,66.43970469640165,1.1488625111444886
2012-06-02 15:50:00,67.487434,66.65983286825487,1.1160652423724733
2012-06-02 15:55:00,67.33416,66.74730654204032,1.1063227073253916
2012-06-02 16:00:00,67.34689,66.34368200490928,1.3825539450976885
2012-06-02 16:05:00,67.35731,66.3897973022463,1.3596963372131128
2012-06-02 16:10:00,67.478836,65.93450898765867,1.6244490019048134
2012-06-02 16:15:00,67.31812,66.9640287543837,1.1595595010731958
2012-06-02 16:20:00,67.19312,66.9640287543837,1.1595595010731958
2012-06-02 16:25:00,66.887566,67.15201033517387,1.1233188458059822
2012-06-02 16:30:00,66.83548,66.68802813092562,1.2367493058636925
2012-06-02 16:35:00,66.61673,66.9640287543837,1.1595595010731958
2012-06-02 16:40:00,66.59821,66.80783142159481,1.1992851679331011
2012-06-02 16:45:00,66.70089,66.15247740142411,1.487479541797266
2012-06-02 16:50:00,66.7247,66.37674167793989,1.366065844937274
2012-06-02 16:55:00,66.88095,66.03425197786824,1.5597248457427488
2012-06-02 17:00:00,66.9203,66.41305911563926,1.4013987437572561
2012-06-02 17:05:00,66.97701,66.44574982950203,1.3811672107600703
2012-06-02 17:10:00,66.97851,66.52620574326541,1.3338109856012206
2012-06-02 17:15:00,67.023476,66.34057397785067,1.4481269802971652
2012-06-02 17:20:00,67.0339,66.48658170632102,1.3566871808867793
2012-06-02 17:25:00,67.21908,65.82914500718107,1.8303924501391895
2012-06-02 17:30:00,67.31432,66.48658170632102,1.3566871808867793
2012-06-02 17:35:00,67.509926,66.053642597857,1.6534717821944394
2012-06-02 17:40:00,67.4972,66.71862536643535,1.2361508449555714
2012-06-02 17:45:00,67.567795,66.6023975915355,1.2924042047717605
2012-06-02 17:50:00,67.63261,66.48658170632102,1.3566871808867793
2012-06-02 17:55:00,67.64302,66.71081254628308,1.239664420028386
2012-06-02 18:00:00,67.72636,66.70361603272404,1.2540272296398784
2012-06-02 18:05:00,67.69858,66.77209863405311,1.2169605253513047
2012-06-02 18:10:00,67.76075,66.67922461565183,1.2684011501558694
2012-06-02 18:15:00,67.772316,66.67194758141238,1.2728089824461508
2012-06-02 18:20:00,67.81399,66.67513286560134,1.2708725327707484
2012-06-02 18:25:00,67.86028,66.79672381031502,1.20479310586044
2012-06-02 18:30:00,67.82755,66.90156025276086,1.159417225125205
2012-06-02 18:35:00,67.67361,66.91900650896535,1.1528072530994138
2012-06-02 18:40:00,67.65278,66.78750089919079,1.2092795229525646
2012-06-02 18:45:00,67.603004,66.91900650896535,1.1528072530994138
2012-06-02 18:50:00,67.547455,66.82125784452451,1.1932612330737522
2012-06-02 18:55:00,67.41204,66.84267222156976,1.183663970506983
2012-06-02 19:00:00,67.33912,67.00200849613687,1.114799289055452
2012-06-02 19:05:00,67.36689,66.79941190748771,1.1804723075610968
2012-06-02 19:10:00,67.25116,66.9291244635259,1.1346567079591805
2012-06-02 19:15:00,67.28588,66.80469043268064,1.1782898084631783
2012-06-02 19:20:00,67.25463,66.87701800033894,1.1512402447071657
2012-06-02 19:25:00,67.15278,66.99633959102033,1.116219808553277
2012-06-02 19:30:00,67.06944,66.90157639249931,1.1431504974986106
2012-06-02 19:35:00,67.18635,66.6431147100672,1.2615109801065538
2012-06-02 19:40:00,67.30093,66.82857493142372,1.1687835247712945
2012-06-02 19:45:00,67.322914,66.87701800033894,1.1512402447071657
2012-06-02 19:50:00,67.449066,66.77840823338231,1.189471457826228
2012-06-02 19:55:00,67.59491,66.62066216808147,1.2762456415779444
2012-06-02 20:00:00,67.615746,66.8868492075244,1.1599886579051601
2012-06-02 20:05:00,67.77778,66.9242030003774,1.1520521269544324
2012-06-02 20:10:00,67.90278,66.71207737960907,1.2069179142940125
2012-06-02 20:15:00,67.95833,66.94736779732789,1.1474275504376787
2012-06-02 20:20:00,68.15624,66.86121814579892,1.1658028429191731
2012-06-02 20:25:00,68.258095,66.8105695104206,1.178269144257616
2012-06-02 20:30:00,68.33102,66.76082173353147,1.1919377374355697
2012-06-02 20:35:00,68.46412,66.97066191986634,1.1429905167915828
2012-06-02 20:40:00,68.37385,67.17863224036407,1.111230663826971
2012-06-02 20:45:00,68.41435,66.99407243246716,1.1387357895017405
2012-06-02 20:50:00,68.35185,67.15157218874494,1.1146757785202654
2012-06-02 20:55:00,68.37269,67.0175931937225,1.1346557659799605
2012-06-02 21:00:00,68.34144,66.98080820797509,1.2072692354572139
2012-06-02 21:05:00,68.36227,67.39938671714108,1.1641356064545034
2012-06-02 21:10:00,68.41782,67.06509268131153,1.1962355880890663
2012-06-02 21:15:00,68.40047,67.139947037764,1.1875444576116607
2012-06-02 21:20:00,68.329865,67.42680421649693,1.1621856575493361
2012-06-02 21:25:00,68.23843,67.11501179457844,1.190331388430865
2012-06-02 21:30:00,68.18634,66.98080820797509,1.2072692354572139
2012-06-02 21:35:00,67.99884,67.37187846142511,1.1661836917931945
2012-06-02 21:40:00,68.12847,66.99016976063929,1.2059734577430041
2012-06-02 21:45:00,68.05556,67.14929067057155,1.186527298066063
2012-06-02 21:50:00,68.0382,67.0369983216747,1.199759272749886
2012-06-02 21:55:00,67.94445,67.121247756351,1.1896241845515474
2012-06-02 22:00:00,67.80903,66.78863726731923,1.3459725307019899
2012-06-02 22:05:00,67.57986,67.37894826023623,1.2870172777969537
2012-06-02 22:10:00,67.3993,67.12957918427531,1.3070269561449714
2012-06-02 22:15:00,67.416664,67.00091310039592,1.3199705368443413
2012-06-02 22:20:00,67.240746,67.15566830008505,1.3046339877372741
2012-06-02 22:25:00,67.29282,66.75795372574493,1.3502700995034367
2012-06-02 22:30:00,67.428246,66.72720090790358,1.3547268257072391
2012-06-02 22:35:00,67.41782,66.75795372574493,1.3502700995034367
2012-06-02 22:40:00,67.15972,67.25888970061561,1.2958748048241053
2012-06-02 22:45:00,67.24305,66.84976293676982,1.3378376500796343
2012-06-02 22:50:00,67.135414,66.89031794586977,1.3327395324501963
2012-06-02 22:55:00,67.28125,66.75795372574493,1.3502700995034367
2012-06-02 23:00:00,67.44213,66.17792876021623,1.585866734640282
2012-06-02 23:05:00,67.452545,66.5535181859782,1.5238578150364852
2012-06-02 23:10:00,67.50347,66.4187082911123,1.544048093794138
2012-06-02 23:15:00,67.538185,66.90020964740576,1.4807957393686852
2012-06-02 23:20:00,67.65972,66.4638980753229,1.5370412444132704
2012-06-02 23:25:00,67.64352,66.75101785116055,1.497885052203288
2012-06-02 23:30:00,67.6331,66.97323531808902,1.4731517856802057
2012-06-02 23:35:00,67.790504,66.5535181859782,1.5238578150364852
2012-06-02 23:40:00,67.96759,66.31618953290814,1.5608928851410226
2012-06-02 23:45:00,67.833336,66.94207010619554,1.476358624133838
2012-06-02 23:50:00,67.875,66.38466106783567,1.5494928301078377
2012-06-02 23:55:00,67.822914,67.03496195544756,1.4670371612151805
2012-06-03 00:00:00,67.91551,66.4271432032419,1.747197475902148
2012-06-03 00:05:00,67.99885,66.30366978352043,1.7661763693830972
2012-06-03 00:10:00,68.22106,66.29964398684963,1.7668150757970986
2012-06-03 00:15:00,68.241905,66.75517279540752,1.7020909418865113
2012-06-03 00:20:00,68.17593,66.5862600485709,1.7244020979833554
2012-06-03 00:25:00,68.046295,66.4271432032419,1.747197475902148
2012-06-03 00:30:00,67.91087,66.6883403043225,1.710696671192758
2012-06-03 00:35:00,67.7743,66.79187411559904,1.697484366815164
2012-06-03 00:40:00,67.577545,66.6205298162925,1.7197236061362953
2012-06-03 00:45:00,67.482635,66.23485195626363,1.7772763409889116
2012-06-03 00:50:00,67.513885,66.23078127094529,1.7779449830574903
2012-06-03 00:55:00,67.34722,66.6205298162925,1.7197236061362953
2012-06-03 01:00:00,67.06019,66.32252980960784,2.012515654480754
2012-06-03 01:05:00,67.09144,66.15833446503551,2.04014221388613
2012-06-03 01:10:00,66.83912,66.64256684901922,1.9618643934280904
2012-06-03 01:15:00,66.80787,66.4209096149603,1.9965075557786978
2012-06-03 01:20:00,66.62384,65.9088251157596,2.084423959797473
2012-06-03 01:25:00,66.81134,65.4641214433901,2.170962626492754
2012-06-03 01:30:00,66.7662,65.7593194550052,2.112375598456761
2012-06-03 01:35:00,66.66203,65.88191183488694,2.0893746317189503
2012-06-03 01:40:00,66.87963,65.42576188374805,2.178928670319983
2012-06-03 01:45:00,67.108795,65.37755100158476,2.189060821323274
2012-06-03 01:50:00,67.125,65.88191183488694,2.0893746317189503
2012-06-03 01:55:00,67.30787,65.54972792151572,2.153486419799372
2012-06-03 02:00:00,67.518524,64.81241681389453,2.671232317951485
2012-06-03 02:05:00,67.37501,65.95909998565092,2.3827163063952828
2012-06-03 02:10:00,67.57292,65.36804137275406,2.522927777125443
2012-06-03 02:15:00,67.479164,65.99927393077924,2.3737624601386136
2012-06-03 02:20:00,67.666664,64.77600464423772,2.681592932292802
2012-06-03 02:25:00,67.604164,65.87791552884117,2.401023843127382
2012-06-03 02:30:00,67.61343,65.21985294013832,2.5607824804086228
2012-06-03 02:35:00,67.853004,65.09941393958745,2.5924272858167074
2012-06-03 02:40:00,67.74653,65.95909998565092,2.3827163063952828
2012-06-03 02:45:00,67.79861,65.95909998565092,2.3827163063952828
2012-06-03 02:50:00,67.84491,65.60884110799184,2.4638120539808703
2012-06-03 02:55:00,67.72454,65.94115473264334,2.386738513161011
2012-06-03 03:00:00,67.63079,65.4129265490702,2.829082846522669
2012-06-03 03:05:00,67.21412,65.06203926001409,2.9284030734915087
2012-06-03 03:10:00,66.83912,65.88407755637071,2.7034240201768545
2012-06-03 03:15:00,66.766205,65.32402738629025,2.853759052839939
2012-06-03 03:20:00,66.65162,65.27922412508045,2.8663182170117065
2012-06-03 03:25:00,66.626625,65.32402738629025,2.853759052839939
2012-06-03 03:30:00,66.85348,64.93868536039615,2.9645896131651166
2012-06-03 03:35:00,66.73889,65.80073040427814,2.7250513883660106
2012-06-03 03:40:00,66.83495,65.2241512135699,2.8818705164459115
2012-06-03 03:45:00,66.395966,65.88407755637071,2.7034240201768545
2012-06-03 03:50:00,65.74319,65.50086154048995,2.8049865582154925
2012-06-03 03:55:00,65.59735,65.14344169229875,2.9048951735902437
2012-06-03 04:00:00,64.5661,64.89538257566046,3.143506238653621
2012-06-03 04:05:00,64.441765,63.105838965383384,3.6599241389519097
2012-06-03 04:10:00,64.55635,64.16165365925197,3.3406041014871755
2012-06-03 04:15:00,64.504265,64.89538257566046,3.143506238653621
2012-06-03 04:20:00,64.57719,64.66895858555986,3.202819347239124
2012-06-03 04:25:00,64.4876,65.10058580623988,3.0907414877523416
2012-06-03 04:30:00,64.01075,65.77449247058597,2.9231367569426365
2012-06-03 04:35:00,62.802414,65.20631807834094,3.0638925878216305
2012-06-03 04:40:00,62.791996,65.50889325584485,2.988232520198345
2012-06-03 04:45:00,63.012238,63.875331999414094,3.4220240976048433
2012-06-03 04:50:00,63.109455,62.535741084948675,3.864921810380937
2012-06-03 04:55:00,63.267197,64.39348447656552,3.2767194713247574
2012-06-03 05:00:00,63.93684,60.916509335084555,4.464397949586208
2012-06-03 05:05:00,63.977844,62.95963140010097,3.4162275876812305
2012-06-03 05:10:00,63.967426,64.94280062284135,2.9631754575898945
2012-06-03 05:15:00,63.863262,64.94280062284135,2.9631754575898945
2012-06-03 05:20:00,63.632935,65.24648180262386,2.9107412004687507
2012-06-03 05:25:00,63.420135,64.98649279360131,2.9554935354634124
2012-06-03 05:30:00,63.91435,64.03844488377113,3.1372575638701705
2012-06-03 05:35:00,65.039345,60.24013020521833,4.867790715326203
2012-06-03 05:40:00,64.99999,65.71111972824937,2.833922928600306
2012-06-03 05:45:00,64.684525,65.11697780226838,2.9328400329660127
2012-06-03 05:50:00,65.13592,63.30544914984208,3.313461318874196
2012-06-03 05:55:00,64.945435,65.33831775992489,2.895276334507328
2012-06-03 06:00:00,65.18493,64.29760354182001,2.7368068439999633
2012-06-03 06:05:00,65.575294,63.78181605555172,2.870150722513447
2012-06-03 06:10:00,65.56611,65.55684483412212,2.527155646881781
2012-06-03 06:15:00,65.67587,65.1649857064527,2.5794087769749856
2012-06-03 06:20:00,65.8641,64.9399127370681,2.6140835660924697
2012-06-03 06:25:00,66.1225,64.74929572093565,2.646522927263904
2012-06-03 06:30:00,65.92248,66.70181891438442,2.418102816442044
2012-06-03 06:35:00,65.98725,65.77067782560361,2.5024069452503803
2012-06-03 06:40:00,65.970764,66.19623600026195,2.459746071141478
2012-06-03 06:45:00,66.401436,64.44740446484828,2.704544767767997
2012-06-03 06:50:00,66.52101,65.85524260822095,2.4932697171493716
2012-06-03 06:55:00,66.823524,65.20259714174806,2.5739671187823583
2012-06-03 07:00:00,67.126045,66.12131797491479,2.2064211868240933
2012-06-03 07:05:00,67.428566,66.23216735999004,2.1926745651312367
2012-06-03 07:10:00,67.731094,66.34175805314716,2.180059727762429
2012-06-03 07:15:00,68.03361,66.45001045343345,2.168525021620922
2012-06-03 07:20:00,68.33613,66.55686439285341,2.1580176662017703
2012-06-03 07:25:00,68.502335,66.66226160220428,2.148487447337111
2012-06-03 07:30:00,68.61158,66.76615271287434,2.139885293101604
2012-06-03 07:35:00,68.68222,66.86849672280748,2.1321617458776285
2012-06-03 07:40:00,68.74848,66.96925868234949,2.1252683419468967
2012-06-03 07:45:00,68.79995,67.06840847783398,2.1191579971827363
2012-06-03 07:50:00,68.812325,67.16592367977147,2.1137850812216796
2012-06-03 07:55:00,68.87587,67.26178823742947,2.1091028956293325
2012-06-03 08:00:00,68.67116,67.95065719586314,1.964821852154721
2012-06-03 08:05:00,68.552345,68.04760694325103,1.959755502218185
2012-06-03 08:10:00,68.41526,68.14211092689192,1.9555206825836657
2012-06-03 08:15:00,68.13839,68.23420118891366,1.9520645682432607
2012-06-03 08:20:00,68.102684,68.32391244162133,1.9493373307213888
2012-06-03 08:25:00,67.93601,67.91044972517521,1.9671367920475158
2012-06-03 08:30:00,67.95387,67.7835678537784,1.975258581383864
2012-06-03 08:35:00,67.99554,67.72885191530636,1.9791421317752962
2012-06-03 08:40:00,68.12054,67.8136613158345,1.9732199900089629
2012-06-03 08:45:00,68.15295,67.85542689432364,1.9705062888026514
2012-06-03 08:50:00,68.239746,67.79964600013206,1.974160841820595
2012-06-03 08:55:00,68.13558,68.09713101861834,1.9574495074193992
2012-06-03 09:00:00,68.35781,67.00272698151535,2.2183908500160676
2012-06-03 09:05:00,68.40641,67.58357857460382,2.129743700054638
2012-06-03 09:10:00,68.43766,67.61799336262233,2.1251002987878063
2012-06-03 09:15:00,68.72123,67.02171318831527,2.2151857026747357
2012-06-03 09:20:00,68.65278,68.31216004185698,2.046255347502154
2012-06-03 09:25:00,68.64352,67.15314658462776,2.1935688965202953
2012-06-03 09:30:00,68.66435,67.91734065177475,2.087608227835626
2012-06-03 09:35:00,68.70486,67.965397702056,2.08207674784495
2012-06-03 09:40:00,68.64236,68.41701873578047,2.036867107899117
2012-06-03 09:45:00,68.58681,68.06512069560432,2.0710351789507646
2012-06-03 09:50:00,68.55556,68.24267205943114,2.0528509005704385
2012-06-03 09:55:00,68.68056,67.71985893611769,2.111757778763099
2012-06-03 10:00:00,68.60764,67.96515560597933,2.16374282305377
2012-06-03 10:05:00,68.5868,67.6479897785673,2.205551880930213
2012-06-03 10:10:00,68.5868,67.59333012149936,2.2131374689928593
2012-06-03 10:15:00,68.490746,68.2739693264272,2.126634137644061
2012-06-03 10:20:00,68.53935,67.86151451291197,2.1769921538901476
2012-06-03 10:25:00,68.62269,66.86596426730364,2.3251344888613987
2012-06-03 10:30:00,68.56019,67.86151451291197,2.1769921538901476
2012-06-03 10:35:00,68.55093,68.01054126253042,2.1580666417040426
2012-06-03 10:40:00,68.48495,68.01618486029973,2.157365601484029
2012-06-03 10:45:00,68.5081,67.63588630982314,2.2072220323384535
2012-06-03 10:50:00,68.54977,67.96515560597933,2.16374282305377
2012-06-03 10:55:00,68.43403,68.16606556229247,2.139196765629181
2012-06-03 11:00:00,68.52778,67.46015897378958,2.1279561572675614
2012-06-03 11:05:00,68.423615,67.40303581112984,2.1348013867492153
2012-06-03 11:10:00,68.39468,67.46015897378958,2.1279561572675614
2012-06-03 11:15:00,68.37385,67.68389244872357,2.1020327407945962
2012-06-03 11:20:00,68.15856,67.98736649691797,2.069000437081494
2012-06-03 11:25:00,68.13079,67.19617735246652,2.1604090992575116
2012-06-03 11:30:00,68.11888,67.40303581112984,2.1348013867492153
2012-06-03 11:35:00,68.007774,67.8465636560839,2.084033097758516
2012-06-03 11:40:00,67.87583,67.55431654642668,2.1168764493407113
2012-06-03 11:45:00,67.844574,67.62868243844214,2.1083014122392805
2012-06-03 11:50:00,67.77514,68.05640117224145,2.0618093232143404
2012-06-03 11:55:00,67.68254,67.45383634992879,2.128708976676028
2012-06-03 12:00:00,67.64088,67.90707002240897,1.9405929747094834
2012-06-03 12:05:00,67.60963,66.734929320784,2.0640529322870003
2012-06-03 12:10:00,67.471886,67.24044568815401,2.006042269441839
2012-06-03 12:15:00,67.36657,67.51921089453063,1.9773537508492283
2012-06-03 12:20:00,67.43948,66.734929320784,2.0640529322870003
2012-06-03 12:25:00,67.54133,66.97122099565907,2.0358797208305934
2012-06-03 12:30:00,67.43866,67.27812806116007,2.002040118674618
2012-06-03 12:35:00,67.42477,67.18735603601064,2.011750656096862
2012-06-03 12:40:00,67.510414,66.734929320784,2.0640529322870003
2012-06-03 12:45:00,67.55208,67.4038754632212,1.9889717220200405
2012-06-03 12:50:00,67.45486,67.65125727454897,1.9644556595873015
2012-06-03 12:55:00,67.47338,66.8608826825221,2.048788522470422
2012-06-03 13:00:00,67.29051,67.70596929676093,1.7409277808894927
2012-06-03 13:05:00,67.384254,66.56082304939902,1.8415918116784356
2012-06-03 13:10:00,67.34606,66.42968728885137,1.855867558675106
2012-06-03 13:15:00,67.40972,66.9349272335319,1.804483259777592
2012-06-03 13:20:00,67.32639,67.18588779451045,1.7821475454665998
2012-06-03 13:25:00,67.24769,67.56876965253443,1.7512296513298564
2012-06-03 13:30:00,67.29977,66.68984708538194,1.8282205279103065
2012-06-03 13:35:00,67.18519,67.12560545606216,1.787347663869511
2012-06-03 13:40:00,67.172455,67.25889729578664,1.7759789611683123
2012-06-03 13:45:00,67.03704,67.65021602407025,1.745069737690687
2012-06-03 13:50:00,67.06829,67.12560545606216,1.787347663869511
2012-06-03 13:55:00,67.03125,66.98989013373703,1.7994318331653891
2012-06-03 14:00:00,67.15162,66.71832526817364,1.5058571632667526
2012-06-03 14:05:00,67.12037,67.15918756411897,1.480001680555004
2012-06-03 14:10:00,67.37963,66.28695420650415,1.538092448719648
2012-06-03 14:15:00,67.34838,67.32865926807376,1.4714673784919619
2012-06-03 14:20:00,67.421295,66.75137375612813,1.5037032944033897
2012-06-03 14:25:00,67.358795,67.15918756411897,1.480001680555004
2012-06-03 14:30:00,67.47685,67.04436480685423,1.486186189494118
2012-06-03 14:35:00,67.58549,66.51130508577089,1.5203041724696111
2012-06-03 14:40:00,67.61674,67.21605646656094,1.4770624754571922
2012-06-03 14:45:00,67.77414,66.92815453645018,1.4928155944770427
2012-06-03 14:50:00,67.89914,67.32865926807376,1.4714673784919619
2012-06-03 14:55:00,68.019516,66.82374360159393,1.4991218709189276
2012-06-03 15:00:00,68.00909,67.32712424247202,1.2467008787088252
2012-06-03 15:05:00,68.227844,66.97039030349602,1.2691795661807743
2012-06-03 15:10:00,68.107475,67.63548619858666,1.2321668365597813
2012-06-03 15:15:00,68.18039,67.12412077813717,1.2586433876809269
2012-06-03 15:20:00,68.21163,67.12412077813717,1.2586433876809269
2012-06-03 15:25:00,68.33664,66.81614098373375,1.2812627044915217
2012-06-03 15:30:00,68.39567,67.59211878072558,1.233975577587884
2012-06-03 15:35:00,68.547455,67.09491280621636,1.2605392209924886
2012-06-03 15:40:00,68.60301,67.32712424247202,1.2467008787088252
2012-06-03 15:45:00,68.61227,67.67859600367397,1.2304391947504947
2012-06-03 15:50:00,68.516205,67.86397502197144,1.2237752777257602
2012-06-03 15:55:00,68.52894,67.41629166906634,1.242082584525924
2012-06-03 16:00:00,68.53009,67.15552773008368,1.234275586843662
2012-06-03 16:05:00,68.37384,67.84944667620066,1.1630669347381832
2012-06-03 16:10:00,68.48496,66.94425006862501,1.267632984644994
2012-06-03 16:15:00,68.53704,67.34697392527869,1.2094031744137759
2012-06-03 16:20:00,68.484955,67.15552773008368,1.234275586843662
2012-06-03 16:25:00,68.297455,67.2994817065057,1.2151463623798187
2012-06-03 16:30:00,68.24537,67.7163777072762,1.1730256577247962
2012-06-03 16:35:00,68.06829,67.67132137259411,1.1767467500780238
2012-06-03 16:40:00,68.00231,67.456728893678,1.197122606159143
2012-06-03 16:45:00,67.80787,67.58020172002676,1.1848449305966022
2012-06-03 16:50:00,67.7581,67.28889332603931,1.2164638130332444
2012-06-03 16:55:00,67.72685,67.34697392527869,1.2094031744137759
2012-06-03 17:00:00,67.66319,67.11146241687811,1.134539368500458
2012-06-03 17:05:00,67.57986,67.10676305314504,1.1352433088297227
2012-06-03 17:10:00,67.515045,67.37145983695925,1.1011721429631705
2012-06-03 17:15:00,67.43171,67.48069833372837,1.0900465821580767
2012-06-03 17:20:00,67.52546,66.89343695032404,1.1716723228551065
2012-06-03 17:25:00,67.739746,66.4562843317239,1.281163499987071
2012-06-03 17:30:00,67.7328,67.39890477980417,1.0982309945696453
2012-06-03 17:35:00,67.76405,66.8503683549733,1.1801914494104024
2012-06-03 17:40:00,67.75595,67.10676305314504,1.1352433088297227
2012-06-03 17:45:00,67.78373,66.69130704933245,1.215589070361662
2012-06-03 17:50:00,67.85201,67.02184835862475,1.1486638202835369
2012-06-03 17:55:00,67.95202,67.14899876085363,1.1290534966217727
2012-06-03 18:00:00,68.07702,66.8634355797167,1.1091421549705782
2012-06-03 18:05:00,68.13952,66.78745856204601,1.1224721399962188
2012-06-03 18:10:00,68.13836,67.09479546675763,1.076377284349998
2012-06-03 18:15:00,68.20086,67.1282910610694,1.0724723206199227
2012-06-03 18:20:00,68.09818,67.24088703879572,1.0606672219393691
2012-06-03 18:25:00,67.96723,67.29953107511743,1.0552600090341198
2012-06-03 18:30:00,67.93251,67.32786839122137,1.0528148905800079
2012-06-03 18:35:00,68.07603,66.97720412130843,1.0916801150512907
2012-06-03 18:40:00,67.94871,67.06125142356193,1.0804817622456973
2012-06-03 18:45:00,67.93945,66.82545818178586,1.1156266286625145
2012-06-03 18:50:00,67.881584,67.26164971456402,1.058697847494228
2012-06-03 18:55:00,67.76307,67.48517871325286,1.0410518842779781
2012-06-03 19:00:00,67.64848,67.26821134896325,1.0540642146260775
2012-06-03 19:05:00,67.710976,66.9810598573528,1.0729898454867304
2012-06-03 19:10:00,67.66187,67.0532442441697,1.0673653988225007
2012-06-03 19:15:00,67.49752,67.3036874731276,1.052302735736469
2012-06-03 19:20:00,67.42312,66.84166138144381,1.0858462226452532
2012-06-03 19:25:00,67.51687,66.80039696556825,1.0902216567840997
2012-06-03 19:30:00,67.496025,67.16111474976252,1.0600941870530243
2012-06-03 19:35:00,67.375656,67.43646242586092,1.0466489838761959
2012-06-03 19:40:00,67.531906,66.58514180797958,1.1182414591365395
2012-06-03 19:45:00,67.60367,66.76834127920849,1.0938201731642019
2012-06-03 19:50:00,67.624504,67.01717163206159,1.0700950988412308
2012-06-03 19:55:00,67.684685,67.02519180631673,1.0694747573134362
2012-06-03 20:00:00,67.76802,66.81932816671548,1.1307666749705974
2012-06-03 20:05:00,67.68121,67.14179109188711,1.1135518712192993
2012-06-03 20:10:00,67.78703,66.8297025473043,1.130088761453005
2012-06-03 20:15:00,68.03472,66.68169530105374,1.1406852933773548
2012-06-03 20:20:00,68.2118,66.52751157864752,1.154125860829676
2012-06-03 20:25:00,68.2118,67.07107040726898,1.1167011747689297
2012-06-03 20:30:00,68.232635,67.03547985117233,1.118409353952446
2012-06-03 20:35:00,68.334496,66.97186614016725,1.1216806252681468
2012-06-03 20:40:00,68.35532,67.07107040726898,1.1167011747689297
2012-06-03 20:45:00,68.329865,66.96388495050091,1.1221115548011626
2012-06-03 20:50:00,68.1632,67.03547985117233,1.118409353952446
2012-06-03 20:55:00,68.173615,67.17690306320283,1.112104108495691
2012-06-03 21:00:00,68.259926,67.06638575917977,1.2121714288260865
2012-06-03 21:05:00,68.26339,66.80963619444275,1.2272138949875857
2012-06-03 21:10:00,68.217094,67.14948942076977,1.2080326317347163
2012-06-03 21:15:00,68.06159,67.46096871989499,1.1953145845954836
2012-06-03 21:20:00,68.010994,67.10054118397498,1.210429976266348
2012-06-03 21:25:00,67.971565,67.03201405002198,1.2139825285108181
2012-06-03 21:30:00,67.91204,67.06638575917977,1.2121714288260865
2012-06-03 21:35:00,67.78034,67.26794308514887,1.2026947915195698
2012-06-03 21:40:00,67.691055,67.10054118397498,1.210429976266348
2012-06-03 21:45:00,67.66964,66.8413041710562,1.2251609736610884
2012-06-03 21:50:00,67.75893,66.42058403133954,1.2578022150719352
2012-06-03 21:55:00,67.61979,67.16819149103465,1.20714664464977
2012-06-03 22:00:00,67.415924,67.27201356278677,1.3234099774108394
2012-06-03 22:05:00,67.36161,66.76926418149485,1.3580257259410018
2012-06-03 22:10:00,67.24554,66.93981362835164,1.3449511137070054
2012-06-03 22:15:00,67.12946,66.90857249441648,1.3472378609776376
2012-06-03 22:20:00,67.01339,66.87713311464991,1.349587253574969
2012-06-03 22:25:00,66.897316,66.8454940056201,1.352001271880508
2012-06-03 22:30:00,66.78125,66.81365952861665,1.3544808652906337
2012-06-03 22:35:00,66.665184,66.78163190878736,1.357028192198677
2012-06-03 22:40:00,66.54911,66.74941657549273,1.359643719885668
2012-06-03 22:45:00,66.43304,66.71701136292232,1.362330793490411
2012-06-03 22:50:00,66.31696,66.68442104772662,1.3650907332672453
2012-06-03 22:55:00,66.20089,66.65165355143168,1.3679237839824252
2012-06-03 23:00:00,66.084816,66.40265832996364,1.5553260253009096
2012-06-03 23:05:00,65.96875,66.36856627737676,1.5591508243742291
2012-06-03 23:10:00,65.852684,66.33427292308888,1.56306146964826
2012-06-03 23:15:00,65.73661,66.29978307341916,1.5670594148862085
2012-06-03 23:20:00,65.62054,66.26509622400079,1.571146536629353
2012-06-03 23:25:00,65.50446,66.23021706247842,1.5753252157858022
2012-06-03 23:30:00,65.38839,66.1951511665557,1.579597440154224
2012-06-03 23:35:00,65.272316,66.15989729014996,1.5839652642877198
2012-06-03 23:40:00,65.15625,66.12446154500037,1.5884300900293804
2012-06-03 23:45:00,65.040184,66.08884855941425,1.5929948694085727
2012-06-03 23:50:00,64.92411,66.05306400010124,1.5976615012180542
2012-06-03 23:55:00,65.07168,66.0171073923632,1.602432151268314
2012-06-04 00:00:00,65.37823,65.66525661432554,1.87189570595851
2012-06-04 00:05:00,65.22569,65.62700688797709,1.8784856739059084
2012-06-04 00:10:00,65.11408,65.58857582692025,1.8852007841635194
2012-06-04 00:15:00,65.1684,65.54996939455098,1.8920427426779611
2012-06-04 00:20:00,65.243965,65.51119218950808,1.8990137745969982
2012-06-04 00:25:00,65.38013,65.47225118392113,1.906116461092035
2012-06-04 00:30:00,65.52596,65.43314777221609,1.9133535465119806
2012-06-04 00:35:00,65.743965,65.39388963856992,1.9207271373300498
2012-06-04 00:40:00,65.86748,65.35448479351453,1.928239770214694
2012-06-04 00:45:00,66.00066,65.31493469081313,1.935893848325497
2012-06-04 00:50:00,66.16204,65.27524751900955,1.9436925313722835
2012-06-04 00:55:00,66.06135,66.25879751306131,1.7803761053321707
2012-06-04 01:00:00,65.62385,64.80843948094203,2.8638178184699936
2012-06-04 01:05:00,65.58218,62.70664799437651,3.4597271051478344
2012-06-04 01:10:00,65.6045,62.8421401900097,3.4159959794677
2012-06-04 01:15:00,65.37533,63.54244688264537,3.2037695595056808
2012-06-04 01:20:00,65.186676,63.595170245798236,3.188592108463695
2012-06-04 01:25:00,65.07093,63.82743898702595,3.1228856163185292
2012-06-04 01:30:00,64.82093,63.82743898702595,3.1228856163185292
2012-06-04 01:35:00,64.74802,64.11185445178084,3.044844062050006
2012-06-04 01:40:00,64.77927,63.63737951875141,3.1765125674751657
2012-06-04 01:45:00,64.37302,63.63737951875141,3.1765125674751657
2012-06-04 01:50:00,64.489914,63.72184368018688,3.152528471118218
2012-06-04 01:55:00,64.433205,63.684885637280765,3.1629930146944027
2012-06-04 02:00:00,64.61028,62.24418607876178,3.8994992715352503
2012-06-04 02:05:00,64.86028,61.917637406802875,3.99649257248201
2012-06-04 02:10:00,65.09838,62.346335510648764,3.869545430084152
2012-06-04 02:15:00,65.47338,61.917637406802875,3.99649257248201
2012-06-04 02:20:00,65.69213,62.14969315781383,3.9273594566214647
2012-06-04 02:25:00,65.6551,62.721709774820596,3.760707667592905
2012-06-04 02:30:00,65.95718,62.102781912141836,3.941249095978232
2012-06-04 02:35:00,65.68635,63.21985991290307,3.618720321267107
2012-06-04 02:40:00,65.20139,63.21985991290307,3.618720321267107
2012-06-04 02:45:00,65.31597,61.26974786546493,4.197799168801137
2012-06-04 02:50:00,65.041664,63.712874658422464,3.4805568913726836
2012-06-04 02:55:00,65.01653,62.85253687028768,3.7231702852151023
2012-06-04 03:00:00,65.05357,62.71752897435663,3.7822496197765845
2012-06-04 03:05:00,64.52232,62.71752897435663,3.7822496197765845
2012-06-04 03:10:00,64.41816,63.116471374106844,3.7012613319936496
2012-06-04 03:15:00,64.10797,63.31535071249123,3.6603723727173656
2012-06-04 03:20:00,63.847553,62.81727618122119,3.7621106380920373
2012-06-04 03:25:00,63.58829,62.18864590012809,3.8883546634653032
2012-06-04 03:30:00,63.71329,63.16625785373273,3.691061610669944
2012-06-04 03:35:00,63.49454,61.59416539566343,4.008491963648104
2012-06-04 03:40:00,63.802414,60.69397545214412,4.206738269745295
2012-06-04 03:45:00,63.93783,61.36239057419332,4.056650421330086
2012-06-04 03:50:00,63.678574,62.05802012583206,3.914540024332972
2012-06-04 03:55:00,63.9375,62.37661604365874,3.850713262846721
2012-06-04 04:00:00,63.872684,63.01941589882299,3.3054192639993687
2012-06-04 04:05:00,64.10185,60.65958087959306,3.5941612615624208
2012-06-04 04:10:00,63.76852,62.761029085195965,3.325157763589464
2012-06-04 04:15:00,63.891205,62.03421329494453,3.3887577973529446
2012-06-04 04:20:00,64.18287,61.79958320187739,3.4133680354561893
2012-06-04 04:25:00,64.34954,61.25864724300339,3.482697394515147
2012-06-04 04:30:00,63.849537,63.824151093856464,3.2466962497663965
2012-06-04 04:35:00,64.297455,60.920431832979006,3.539416262660596
2012-06-04 04:40:00,64.239586,62.206345912183515,3.372213690223326
2012-06-04 04:45:00,64.291664,62.16061680778373,3.376499428655831
2012-06-04 04:50:00,64.543976,61.149275248494206,3.49961988060477
2012-06-04 04:55:00,64.041664,63.68711573970649,3.2567432666162603
2012-06-04 05:00:00,63.756943,63.52034450474599,2.6150398010923053
2012-06-04 05:05:00,63.79051,62.39402295554219,2.684568800408595
2012-06-04 05:10:00,63.67245,62.19142300691991,2.7082593256039598
2012-06-04 05:15:00,63.745365,63.37517644690988,2.6194180315001745
2012-06-04 05:20:00,63.724537,63.8538430205815,2.608946738309108
2012-06-04 05:25:00,63.928238,62.789780764607826,2.649753322615191
2012-06-04 05:30:00,64.178246,62.47655783598665,2.6761532470645246
2012-06-04 05:35:00,63.93866,63.59293943132522,2.6132598905620577
2012-06-04 05:40:00,63.954865,62.789780764607826,2.649753322615191
2012-06-04 05:45:00,64.15278,63.201278115583385,2.6261919301616947
2012-06-04 05:50:00,64.07639,63.028127745426076,2.634733812561451
2012-06-04 05:55:00,64.33912,62.34398375475906,2.690003530974518
2012-06-04 06:00:00,64.74421,63.80784716175927,2.0175088563931487
2012-06-04 06:05:00,65.075226,63.97579936422654,1.9996518379115418
2012-06-04 06:10:00,65.40856,63.21405875242062,2.1120432058838667
2012-06-04 06:15:00,65.45023,65.04704961144334,1.9501048880252085
2012-06-04 06:20:00,65.47106,65.12569659874966,1.9502272859865133
2012-06-04 06:25:00,65.5544,65.00759625816673,1.9502221384780203
2012-06-04 06:30:00,65.64815,64.88876105511778,1.9513075803913174
2012-06-04 06:35:00,66.03356,64.04687886133867,1.9930526726867217
2012-06-04 06:40:00,66.36922,64.28773093205184,1.9745552566788138
2012-06-04 06:45:00,66.41088,65.35931978742093,1.9533515417894873
2012-06-04 06:50:00,66.787865,64.15378580377838,1.9841280797059817
2012-06-04 06:55:00,66.95453,64.80918134520634,1.9526566281429822
2012-06-04 07:00:00,67.065636,66.59193628184074,1.6074338606623242
2012-06-04 07:05:00,67.04943,66.47683541077423,1.6075461490356233
2012-06-04 07:10:00,67.41749,65.64997380995412,1.6427746810083441
2012-06-04 07:15:00,67.500824,66.43645942222899,1.60787137663272
2012-06-04 07:20:00,67.60499,66.43645942222899,1.60787137663272
2012-06-04 07:25:00,67.69758,66.5567634008136,1.6073396775746593
2012-06-04 07:30:00,67.76008,66.47683541077423,1.6075461490356233
2012-06-04 07:35:00,67.76356,66.75178018678427,1.6093124119929232
2012-06-04 07:40:00,67.698746,66.79840625937322,1.6103159981371642
2012-06-04 07:45:00,67.74041,66.75178018678427,1.6093124119929232
2012-06-04 07:50:00,67.62731,66.82246381527499,1.6109154232759828
2012-06-04 07:55:00,67.6169,66.67459909715586,1.6081059146241394
2012-06-04 08:00:00,67.51736,67.50216525392945,1.495656499963827
2012-06-04 08:05:00,67.58565,66.79547185317742,1.530835270215399
2012-06-04 08:10:00,67.46065,67.60681964961964,1.4934633201566445
2012-06-04 08:15:00,67.39666,67.20815048688901,1.5061766128968228
2012-06-04 08:20:00,67.36541,67.29991374119544,1.5022304023443738
2012-06-04 08:25:00,67.30059,67.38491833168537,1.499103061003168
2012-06-04 08:30:00,67.23809,67.161592800508,1.508400603583369
2012-06-04 08:35:00,67.24735,67.22356954447514,1.5054726206474438
2012-06-04 08:40:00,67.26819,66.9708887959323,1.5190123703527385
2012-06-04 08:45:00,67.257774,67.38986634826385,1.498937161403089
2012-06-04 08:50:00,67.42444,66.7731626403763,1.532476613377262
2012-06-04 08:55:00,67.43138,67.06713020461551,1.513358752001331
2012-06-04 09:00:00,67.40013,66.6400105696,1.723810119672385
2012-06-04 09:05:00,67.316795,66.69634605962015,1.718939330555613
2012-06-04 09:10:00,67.11888,66.6400105696,1.723810119672385
2012-06-04 09:15:00,67.141205,66.46072243344094,1.7403310333451494
2012-06-04 09:20:00,66.94213,66.75232300416401,1.7142523757298929
2012-06-04 09:25:00,66.83102,66.67760797163014,1.7205425791877678
2012-06-04 09:30:00,66.64352,66.41126736732289,1.7451611615951252
2012-06-04 09:35:00,66.516205,66.87539266340667,1.7044812401168923
2012-06-04 09:40:00,66.31481,66.6400105696,1.723810119672385
2012-06-04 09:45:00,66.19444,66.97247989525766,1.6972954072670976
2012-06-04 09:50:00,66.10069,67.18625384615184,1.6831256069726008
2012-06-04 09:55:00,66.06249,66.67760797163014,1.7205425791877678
2012-06-04 10:00:00,65.96875,65.89425244504538,1.942700990694602
2012-06-04 10:05:00,65.875,65.65105403018732,1.967134003195653
2012-06-04 10:10:00,65.708336,64.91094367184549,2.060567764933965
2012-06-04 10:15:00,65.697914,66.01493357134153,1.9316078873782165
2012-06-04 10:20:00,65.740746,65.02828350142585,2.043645442021845
2012-06-04 10:25:00,65.60185,65.4673183576847,1.9875271709263709
2012-06-04 10:30:00,65.84144,64.72396288834771,2.089368089784526
2012-06-04 10:35:00,65.92477,65.5899226940271,1.9737290148113145
2012-06-04 10:40:00,66.08449,64.89020812804559,2.0636483633378213
2012-06-04 10:45:00,65.927086,65.73913327051942,1.9579568485266092
2012-06-04 10:50:00,65.81251,66.13490021752521,1.9212356948513711
2012-06-04 10:55:00,65.85417,65.89425244504538,1.942700990694602
2012-06-04 11:00:00,65.68982,64.84942673241217,2.054243553801107
2012-06-04 11:05:00,65.66898,64.6044790992287,2.080109249941089
2012-06-04 11:10:00,65.827545,63.419007663445,2.2730738414668856
2012-06-04 11:15:00,65.608795,65.46019141707906,2.0056294155258207
2012-06-04 11:20:00,65.51968,64.78823340363525,2.0603311056350107
2012-06-04 11:25:00,65.51273,64.1531770775219,2.1392080916312963
2012-06-04 11:30:00,65.37731,65.64276677886329,1.994924593076986
2012-06-04 11:35:00,65.09606,65.58196443821704,1.998310978703646
2012-06-04 11:40:00,65.07986,65.33824587281781,2.0137003824872526
2012-06-04 11:45:00,65.18055,64.31778555786231,2.115808333911332
2012-06-04 11:50:00,65.107635,64.97175147152093,2.042785073804815
2012-06-04 11:55:00,64.75347,65.64276677886329,1.994924593076986
2012-06-04 12:00:00,64.95718,63.62915604016228,2.054620048802671
2012-06-04 12:05:00,64.84259,64.22579069534234,1.98003284359066
2012-06-04 12:10:00,64.81481,64.11785623900279,1.991120984827533
2012-06-04 12:15:00,64.77315,63.92183156493551,2.0138737437494982
2012-06-04 12:20:00,64.72685,64.00979297627639,2.0032347337543457
2012-06-04 12:25:00,64.65972,63.86082264157091,2.021677225698294
2012-06-04 12:30:00,64.48264,64.59011568141015,1.9494451984677983
2012-06-04 12:35:00,64.40047,63.67703525663426,2.047370561892525
2012-06-04 12:40:00,64.020836,64.9831373449457,1.9267485577724262
2012-06-04 12:45:00,63.694794,64.65094951531444,1.9452815983960259
2012-06-04 12:50:00,63.42813,64.28647805518649,1.974224748064359
2012-06-04 12:55:00,63.325,63.3043180812739,2.1102019257783042
2012-06-04 13:00:00,62.960648,64.73894253858786,1.771116256755081
2012-06-04 13:05:00,62.809605,63.508412313042356,1.8598776828884784
2012-06-04 13:10:00,62.587154,63.891042432682674,1.817040792174333
2012-06-04 13:15:00,62.409027,63.62510176160011,1.845038550729597
2012-06-04 13:20:00,62.21736,63.683421475218125,1.8382250518550487
2012-06-04 13:25:00,62.068863,63.424009024232525,1.8716504946749855
2012-06-04 13:30:00,61.902195,63.508412313042356,1.8598776828884784
2012-06-04 13:35:00,61.89062,63.16284283787152,1.9139283021792621
2012-06-04 13:40:00,61.95544,62.73676428644867,2.003351309245669
2012-06-04 13:45:00,62.06273,62.71849621642073,2.0077843821287464
2012-06-04 13:50:00,62.33089,62.70020065469217,2.0122746116407053
2012-06-04 13:55:00,62.37151,62.681879930251,2.0168222351306424
2012-06-04 14:00:00,62.467346,63.1436659841198,1.7198506620735845
2012-06-04 14:05:00,62.48297,63.13050844804584,1.7233290130573045
2012-06-04 14:10:00,62.510975,63.11732983982253,1.7268653217231016
2012-06-04 14:15:00,62.616184,63.10412740768384,1.7304594842307475
2012-06-04 14:20:00,62.696743,63.09090177467115,1.7341122422961615
2012-06-04 14:25:00,62.985287,63.07764780811027,1.737824693658908
2012-06-04 14:30:00,63.27695,63.06436638322597,1.7415960817687475
2012-06-04 14:35:00,63.3626,63.4575639335665,1.6522928766579215
2012-06-04 14:40:00,63.58945,63.467310332953524,1.6506553978360066
2012-06-04 14:45:00,63.44362,63.6347950170414,1.6264407835879322
2012-06-04 14:50:00,63.285877,64.36754364460273,1.585053673064701
2012-06-04 14:55:00,63.560184,63.32667541660399,1.676899806708158
2012-06-04 15:00:00,63.633102,64.4141678035646,1.7770229559959365
2012-06-04 15:05:00,63.92477,64.21244470408712,1.8370701408285794
2012-06-04 15:10:00,64.070274,64.23926820766468,1.828514877873606
2012-06-04 15:15:00,64.13277,64.4141678035646,1.7770229559959365
2012-06-04 15:20:00,64.45684,64.35380765911619,1.7929772580422334
2012-06-04 15:25:00,64.44643,64.88216429305255,1.7494973812132217
2012-06-04 15:30:00,64.38393,64.88216429305255,1.7494973812132217
2012-06-04 15:35:00,64.350365,64.55723117201148,1.7534808110705933
2012-06-04 15:40:00,64.317955,64.99678432452173,1.7549773341988564
2012-06-04 15:45:00,64.64087,64.0649050281361,1.882057095403412
2012-06-04 15:50:00,64.68485,64.45867921439375,1.76746788964792
2012-06-04 15:55:00,64.473045,65.05120428867258,1.7581731433367411
2012-06-04 16:00:00,64.441795,62.76165478932987,5.269066193632068
2012-06-04 16:05:00,64.29597,63.82674166651129,4.593648520445764
2012-06-04 16:10:00,64.31829,62.74911354316046,5.277605331682917
2012-06-04 16:15:00,64.1632,62.67303365505436,5.3293984643961565
2012-06-04 16:20:00,63.96065,64.52059881656632,4.245373643869779
2012-06-04 16:25:00,63.825237,63.50535853879478,4.7810883964300865
2012-06-04 16:30:00,63.831024,63.10043801997767,5.040225396374064
2012-06-04 16:35:00,63.935184,62.39312540510603,5.518150791868596
2012-06-04 16:40:00,63.69676,63.57666417025694,4.737980534638475
2012-06-04 16:45:00,63.550922,63.74618389290046,4.638965672114364
2012-06-04 16:50:00,63.597218,62.69290154327832,5.315880780739516
2012-06-04 16:55:00,63.805557,62.19141135734423,5.650662331609708
2012-06-04 17:00:00,63.72685,60.743019678104844,12.98960022634718
2012-06-04 17:05:00,63.775455,61.00088518411388,12.571124340996048
2012-06-04 17:10:00,63.577545,61.3756275035395,11.932903513573839
2012-06-04 17:15:00,63.679398,58.800760197520894,15.470660691227737
2012-06-04 17:20:00,63.418976,61.3756275035395,11.932903513573839
2012-06-04 17:25:00,63.32523,60.611044295134484,13.196161998642047
2012-06-04 17:30:00,63.09375,61.68702154241959,11.38306528829547
2012-06-04 17:35:00,61.26042,61.86108767955608,11.071241150604196
2012-06-04 17:40:00,59.841442,59.29164108196391,14.951204455498777
2012-06-04 17:45:00,58.935184,60.872896735608606,12.781189860627775
2012-06-04 17:50:00,58.916668,61.57931251209138,11.574700561713103
2012-06-04 17:55:00,58.552082,62.82148553496671,9.3620092348468
2012-06-04 18:00:00,58.641205,59.96094454233751,21.06727535557603
2012-06-04 18:05:00,58.363422,61.75504153552865,13.429357958942774
2012-06-04 18:10:00,57.05093,59.145076258082334,24.14826734356879
2012-06-04 18:15:00,54.270832,60.50280597261638,18.694616435219185
2012-06-04 18:20:00,52.261578,58.28393161282565,26.441666559931203
2012-06-04 18:25:00,50.824078,59.65924803303671,22.299325253203687
2012-06-04 18:30:00,50.935184,59.05566111320471,24.432950552936884
2012-06-04 18:35:00,52.864582,33.554539472525995,25.32486240532378
2012-06-04 18:40:00,54.51273,34.886090442298375,26.590633794264136
2012-06-04 18:45:00,55.663193,42.41641461641876,30.01531818952897
2012-06-04 18:50:00,55.93518,61.51683689741285,14.349333404590098
2012-06-04 18:55:00,56.01852,58.58653516838071,25.745605686577175
2012-06-04 19:00:00,56.457172,63.73024862699328,6.1904001068232555
2012-06-04 19:05:00,57.050922,61.55253530085873,13.305583995930048
2012-06-04 19:10:00,58.68634,36.80756238108779,29.35577347440389
2012-06-04 19:15:00,61.75926,31.558698467176978,22.902892727098532
2012-06-04 19:20:00,64.37269,32.70735059801759,25.252995235572048
2012-06-04 19:25:00,66.325066,36.093257313541315,28.92076729267359
2012-06-04 19:30:00,66.700066,63.223894543410466,7.521315351879642
2012-06-04 19:35:00,66.84359,65.35935620567267,3.37398235634021
2012-06-04 19:40:00,67.102844,64.80689837326973,4.12509960093976
2012-06-04 19:45:00,67.202385,65.85486976246172,2.8322761115749446
2012-06-04 19:50:00,67.31696,66.31464670445492,2.4229999438911745
2012-06-04 19:55:00,67.889885,62.61545628781601,9.458702793555515
2012-06-04 20:00:00,67.8783,66.91721743082631,1.5958598139083608
2012-06-04 20:05:00,67.877144,66.6735091011068,1.656440270236817
2012-06-04 20:10:00,68.14798,65.86251655692219,1.9894163362118011
2012-06-04 20:15:00,68.17923,66.18654699485289,1.8253777162136042
2012-06-04 20:20:00,68.127144,66.71369135345344,1.6455412072225577
2012-06-04 20:25:00,67.98727,66.77090895138424,1.6306722729179655
2012-06-04 20:30:00,68.09375,66.47133552788179,1.7176069639950142
2012-06-04 20:35:00,68.083336,66.47133552788179,1.7176069639950142
2012-06-04 20:40:00,67.9537,66.66903869024425,1.6576766884258591
2012-06-04 20:45:00,67.98495,66.55241860695944,1.6917360016719918
2012-06-04 20:50:00,67.58912,66.87327008012085,1.6058565053329763
2012-06-04 20:55:00,67.352516,66.99149707611447,1.5798006480651354
2012-06-04 21:00:00,67.11408,66.45099304901713,1.6280722619280448
2012-06-04 21:05:00,66.965935,66.23993285866653,1.654288915790427
2012-06-04 21:10:00,66.89302,66.49197303167125,1.6233613274265943
2012-06-04 21:15:00,66.874504,65.87106085731584,1.7097770917937443
2012-06-04 21:20:00,66.72867,66.0783618236977,1.6768820945319616
2012-06-04 21:25:00,66.687004,65.78874222785676,1.724278780294309
2012-06-04 21:30:00,66.372185,66.46011179355737,1.6270136923825704
2012-06-04 21:35:00,66.26802,65.99527839611804,1.6894915099573857
2012-06-04 21:40:00,66.14765,65.72511391988236,1.736131526805635
2012-06-04 21:45:00,66.0539,66.24454099134131,1.653678876696777
2012-06-04 21:50:00,66.322426,64.96171328109054,1.9506427804112105
2012-06-04 21:55:00,66.24653,65.63754515811583,1.7534605251401503
2012-06-04 22:00:00,66.12037,65.08710109927308,1.9234929959999352
2012-06-04 22:05:00,66.19445,65.23830303467047,1.8984438697518404
2012-06-04 22:10:00,66.11111,65.80976029125104,1.8183315039688022
2012-06-04 22:15:00,66.07407,65.3906453731309,1.8750421687361627
2012-06-04 22:20:00,66.03241,65.08240485074688,1.9243033799810407
2012-06-04 22:25:00,65.97453,65.20984122896631,1.9030120387727922
2012-06-04 22:30:00,66.06828,64.79136121967464,1.9789914151001229
2012-06-04 22:35:00,66.15162,65.16723697745083,1.909973739905541
2012-06-04 22:40:00,65.79051,64.82767334668802,1.9716358628132555
2012-06-04 22:45:00,65.62385,65.46701484752978,1.863925671699625
2012-06-04 22:50:00,65.41088,65.54340280548944,1.853181160031851
2012-06-04 22:55:00,65.18171,64.91474742843813,1.9546577035265933
2012-06-04 23:00:00,65.2338,64.15950465604503,2.314983876548831
2012-06-04 23:05:00,64.704865,65.15178543270734,2.118863862317054
2012-06-04 23:10:00,64.548615,65.07371782937568,2.132009827622663
2012-06-04 23:15:00,64.15046,64.83886107812161,2.1735218579413305
2012-06-04 23:20:00,64.11921,64.50258640859924,2.2389457563205464
2012-06-04 23:25:00,64.083336,64.56559143785081,2.2260797591065264
2012-06-04 23:30:00,63.822918,64.76547054254245,2.1871534098261836
2012-06-04 23:35:00,63.534725,65.11765400983936,2.1245737398210793
2012-06-04 23:40:00,63.792828,63.11522137509928,2.6648435330305333
2012-06-04 23:45:00,63.987263,64.37259563491904,2.266497639766984
2012-06-04 23:50:00,63.681713,64.25830127607652,2.291950022127077
2012-06-04 23:55:00,63.640045,63.60224602283966,2.469091854925189
2012-06-05 00:00:00,63.640045,63.865435461890314,2.7279985372413385
2012-06-05 00:05:00,63.752316,62.52976806147015,3.1684914289893147
2012-06-05 00:10:00,63.380787,63.91036709929174,2.7162822590423397
2012-06-05 00:15:00,63.50116,62.721041804004926,3.088940853679256
2012-06-05 00:20:00,62.538197,63.865435461890314,2.7279985372413385
2012-06-05 00:25:00,62.434032,63.91036709929174,2.7162822590423397
2012-06-05 00:30:00,62.329865,63.17183621758679,2.928900883549133
2012-06-05 00:35:00,62.228012,63.396253235662215,2.859177317312413
2012-06-05 00:40:00,62.26968,63.46801391725916,2.8379440524607897
2012-06-05 00:45:00,61.195606,64.71094992754108,2.526315297577462
2012-06-05 00:50:00,60.716434,62.56375604760473,3.153680875144874
2012-06-05 00:55:00,60.79977,62.89210728487955,3.024411064174324
2012-06-05 01:00:00,60.508102,61.460347108229634,4.2495139169758325
2012-06-05 01:05:00,60.447918,60.797566178991865,4.326180582109998
2012-06-05 01:10:00,60.87384,60.48215259610621,4.35898513453236
2012-06-05 01:15:00,61.175922,60.970889654519425,4.307646970365139
2012-06-05 01:20:00,62.003475,59.44378313487416,4.602926541062921
2012-06-05 01:25:00,62.01389,61.17758516375775,4.284292798505687
2012-06-05 01:30:00,62.460644,60.697326661893236,4.3366181865639275
2012-06-05 01:35:00,62.329865,60.846056769646175,4.321071079141171
2012-06-05 01:40:00,61.807873,61.30098246673712,4.269546239910922
2012-06-05 01:45:00,62.458332,59.58378513019387,4.54235392467175
2012-06-05 01:50:00,61.90625,59.685794848761354,4.50335975288758
2012-06-05 01:55:00,61.708332,60.99967357632241,4.304486133132936
2012-06-05 02:00:00,61.666668,59.684982462147254,4.805745792831597
2012-06-05 02:05:00,60.958332,59.684982462147254,4.805745792831597
2012-06-05 02:10:00,61.087963,60.67097672909697,4.751304496930836
2012-06-05 02:15:00,60.869213,60.90443251619345,4.725549064279689
2012-06-05 02:20:00,60.650463,60.0746995958252,4.795192035664418
2012-06-05 02:25:00,60.44808,60.21982616578128,4.7875577910373455
2012-06-05 02:30:00,59.845074,61.04330419949523,4.708132447043411
2012-06-05 02:35:00,59.865906,59.57095777637934,4.806264341266375
2012-06-05 02:40:00,59.939983,59.16309940609597,4.804589279698738
2012-06-05 02:45:00,59.325397,59.83242676084797,4.803428434944899
2012-06-05 02:50:00,60.356647,57.71089000653459,5.378358435136827
2012-06-05 02:55:00,60.41452,59.549127163193475,4.806253126521647
2012-06-05 03:00:00,59.96214,59.034427536832396,4.758296830931127
2012-06-05 03:05:00,60.628803,58.204638917307044,4.943342729774099
2012-06-05 03:10:00,59.590607,60.54669161626578,4.704786388511384
2012-06-05 03:15:00,59.099865,59.65249491910959,4.752807510073409
2012-06-05 03:20:00,58.912365,58.991849690403704,4.7582649668151555
2012-06-05 03:25:00,58.170303,59.137046100330885,4.75837109152915
2012-06-05 03:30:00,58.24322,58.85400982666271,4.758622889250056
2012-06-05 03:35:00,57.64947,59.05624742480603,4.758318696716482
2012-06-05 03:40:00,57.691135,58.73345626067064,4.760631841656748
2012-06-05 03:45:00,58.42378,58.3531999434986,4.836746225116043
2012-06-05 03:50:00,57.777943,59.034427536832396,4.758296830931127
2012-06-05 03:55:00,57.671467,59.113607684377115,4.758365602831335
2012-06-05 04:00:00,58.012737,58.485157287937774,4.45064549800621
2012-06-05 04:05:00,57.9294,59.24358719880964,4.186365736551501
2012-06-05 04:10:00,58.3669,58.41905897694013,4.513985486167745
2012-06-05 04:15:00,58.784725,58.76393848570964,4.288330432962574
2012-06-05 04:20:00,59.002316,58.816898827099315,4.270692250346339
2012-06-05 04:25:00,59.28009,58.172543519476875,4.790684687348999
2012-06-05 04:30:00,59.44907,59.1940620553714,4.193010621145701
2012-06-05 04:35:00,60.10532,58.332302690793576,4.6086242544258385
2012-06-05 04:40:00,60.304398,58.96930030998732,4.231640610412598
2012-06-05 04:45:00,60.436344,59.860492327072755,4.130523784305283
2012-06-05 04:50:00,60.73959,58.24824139977782,4.704959267658279
2012-06-05 04:55:00,60.996532,59.084402219456116,4.209829712035918
2012-06-05 05:00:00,60.98727,60.37694273677986,3.055285078397173
2012-06-05 05:05:00,60.966434,60.43404579522956,3.040277836324768
2012-06-05 05:10:00,61.12268,60.45596067476122,3.0349746564946156
2012-06-05 05:15:00,61.216434,61.06227500549121,2.952635956202721
2012-06-05 05:20:00,61.225693,60.63847414035185,2.9988902659376655
2012-06-05 05:25:00,61.684025,59.84768968352413,3.3295171544129363
2012-06-05 05:30:00,61.785877,60.98460603645419,2.9582660844109054
2012-06-05 05:35:00,61.890045,60.791442509301184,2.9773369951690296
2012-06-05 05:40:00,62.075237,60.79431554963025,2.976992112100024
2012-06-05 05:45:00,61.950237,61.57413452092867,2.9364688336071754
2012-06-05 05:50:00,62.67824,59.96576749077738,3.240590711321406
2012-06-05 05:55:00,62.861115,61.09067422891451,2.9508301449525063
2012-06-05 06:00:00,63.27315,62.61800496464702,2.2361352611865284
2012-06-05 06:05:00,63.6169,62.669241873465275,2.22098369603019
2012-06-05 06:10:00,64.015045,63.2470446729286,2.0954025421756364
2012-06-05 06:15:00,64.06713,63.80964230713454,2.042525999850724
2012-06-05 06:20:00,64.34028,63.04970547798578,2.129353861583652
2012-06-05 06:25:00,64.733795,63.12040547985544,2.116182292244446
2012-06-05 06:30:00,64.7963,63.7476017199695,2.045458388579221
2012-06-05 06:35:00,65.16683,63.52962188377887,2.061239982073283
2012-06-05 06:40:00,65.397156,63.77518814883496,2.0440718396705826
2012-06-05 06:45:00,65.46429,63.685460507914,2.0490740905172156
2012-06-05 06:50:00,65.63095,64.1493572553624,2.0377478362181822
2012-06-05 06:55:00,65.82539,64.10487046950183,2.037339076574049
2012-06-05 07:00:00,66.15873,65.62999825795563,1.6948969575787427
2012-06-05 07:05:00,66.48164,65.40375281371155,1.7198675880309047
2012-06-05 07:10:00,66.61475,66.37405085125258,1.6499729746856142
2012-06-05 07:15:00,66.865906,65.76123076792804,1.6826981709215738
2012-06-05 07:20:00,67.13674,65.62999825795563,1.6948969575787427
2012-06-05 07:25:00,67.238594,66.20422600151343,1.6547770687067584
2012-06-05 07:30:00,67.436516,65.71786824539207,1.6865391245676555
2012-06-05 07:35:00,67.2743,66.6041706782793,1.6493007946320926
2012-06-05 07:40:00,67.28472,66.40301729080085,1.6495082896610278
2012-06-05 07:45:00,67.53009,65.64965610335646,1.692960849092664
2012-06-05 07:50:00,67.478004,66.61919182010806,1.6495052560429102
2012-06-05 07:55:00,67.302086,66.66168884916998,1.65025532368531
2012-06-05 08:00:00,67.07292,67.04713496747647,1.703699545707616
2012-06-05 08:05:00,66.93634,66.76189529315569,1.7107398909794826
2012-06-05 08:10:00,66.58218,67.00054862119228,1.7044295573515085
2012-06-05 08:15:00,66.59143,66.81573760894719,1.7089493887458802
2012-06-05 08:20:00,66.48727,66.76189529315569,1.7107398909794826
2012-06-05 08:25:00,66.41319,66.64186171452731,1.7154745603904091
2012-06-05 08:30:00,66.35069,66.5141225085316,1.7216098416438372
2012-06-05 08:35:00,66.27778,65.88677588922313,1.7672927260159865
2012-06-05 08:40:00,66.25,66.46353181600107,1.7243458684993749
2012-06-05 08:45:00,66.02315,66.66384504702133,1.7145319062090885
2012-06-05 08:50:00,65.93055,66.46353181600107,1.7243458684993749
2012-06-05 08:55:00,65.979164,65.90474502548338,1.7656347758346491
2012-06-05 09:00:00,65.75,65.24759379796714,1.8682434893457185
2012-06-05 09:05:00,65.709496,65.39908227305918,1.8563254421646953
2012-06-05 09:10:00,65.74537,64.56360222992193,1.942172859290122
2012-06-05 09:15:00,65.2824,66.18081679433264,1.81824303209373
2012-06-05 09:20:00,65.12616,65.56173567923737,1.8452001261258557
2012-06-05 09:25:00,64.77431,65.58492148158274,1.843752986443621
2012-06-05 09:30:00,64.7118,65.50952003546685,1.8485851247437426
2012-06-05 09:35:00,64.55555,64.82687858324421,1.9096189771804657
2012-06-05 09:40:00,64.388885,65.63124460772084,1.8409648688789433
2012-06-05 09:45:00,64.38216,64.83857820250363,1.9082957263085374
2012-06-05 09:50:00,64.285355,65.30589786137924,1.8634765182064272
2012-06-05 09:55:00,64.16099,65.4572391800325,1.8521507237712658
2012-06-05 10:00:00,64.309975,63.66777347959577,1.9695439420636252
2012-06-05 10:05:00,64.242744,64.66574125924309,1.8470069386925634
2012-06-05 10:10:00,64.26716,64.25993021774818,1.8851752617186734
2012-06-05 10:15:00,64.47002,63.45276306600962,2.00955794357071
2012-06-05 10:20:00,64.49369,64.28624609094933,1.8822465741526229
2012-06-05 10:25:00,64.71086,63.40936910955289,2.0182716518807546
2012-06-05 10:30:00,64.65625,64.66574125924309,1.8470069386925634
2012-06-05 10:35:00,64.83332,63.61964936336094,1.9780472849041193
2012-06-05 10:40:00,64.74652,64.30203473074464,1.880521461594628
2012-06-05 10:45:00,64.85511,64.31351883702601,1.8792810826425663
2012-06-05 10:50:00,65.211174,64.32500364052034,1.8780527343227462
2012-06-05 10:55:00,65.21054,64.33648813249398,1.8768367726588082
2012-06-05 11:00:00,65.14489,64.06745297808551,1.765868698201854
2012-06-05 11:05:00,65.160034,64.07790827988133,1.7648459980383258
2012-06-05 11:10:00,65.22475,64.08836203890802,1.7638345571224798
2012-06-05 11:15:00,65.056274,64.09881171849715,1.762836014646503
2012-06-05 11:20:00,64.823105,64.109264646802,1.7618488130069592
2012-06-05 11:25:00,64.70316,64.11971714491163,1.7608726406831632
2012-06-05 11:30:00,64.5911,64.13016953918104,1.7599081578022842
2012-06-05 11:35:00,64.479996,64.14062105822563,1.7589561802518352
2012-06-05 11:40:00,64.448746,63.66408554936138,1.8147510483713793
2012-06-05 11:45:00,64.27282,64.48617886620502,1.7337304366086015
2012-06-05 11:50:00,63.679073,65.54461331554134,1.7209114048467073
2012-06-05 11:55:00,63.718426,64.05438297932454,1.7671646910136813
2012-06-05 12:00:00,63.676758,63.6496154876277,1.7127271185268453
2012-06-05 12:05:00,63.528606,63.993178851163826,1.6717783991987964
2012-06-05 12:10:00,63.29944,64.20851227461647,1.65277032661351
2012-06-05 12:15:00,63.413197,63.250260638196636,1.7784004708046544
2012-06-05 12:20:00,63.528934,62.9801542754034,1.8343095186730973
2012-06-05 12:25:00,63.70023,63.47643389864726,1.738740334546381
2012-06-05 12:30:00,63.741898,63.519902323382446,1.7318598216383583
2012-06-05 12:35:00,63.85301,63.53436283181509,1.729623637142069
2012-06-05 12:40:00,63.804398,63.38905041751783,1.7532929640964081
2012-06-05 12:45:00,63.81366,63.61127493074755,1.718165928530335
2012-06-05 12:50:00,64.084496,62.89250161444043,1.854448396517416
2012-06-05 12:55:00,63.84375,64.06958030835322,1.664480715588095
2012-06-05 13:00:00,63.8125,63.4415529495895,1.6609942724836753
2012-06-05 13:05:00,63.971066,63.34726815783761,1.677253360436282
2012-06-05 13:10:00,64.02315,63.22855420309029,1.6996090417398708
2012-06-05 13:15:00,64.12963,63.685550882290414,1.6248693619859536
2012-06-05 13:20:00,64.16088,63.4415529495895,1.6609942724836753
2012-06-05 13:25:00,64.05903,64.14145014828226,1.5780790438234467
2012-06-05 13:30:00,64.06713,63.6527078793147,1.6292471547814296
2012-06-05 13:35:00,63.973377,63.94980233986556,1.594743071583193
2012-06-05 13:40:00,64.0949,63.15669688332599,1.7141732865612234
2012-06-05 13:45:00,63.891205,63.61050240394706,1.635089829103973
2012-06-05 13:50:00,63.806713,63.99266365528499,1.590661075097063
2012-06-05 13:55:00,63.812267,63.04046803293809,1.739385115613776
2012-06-05 14:00:00,63.718517,63.55477317768652,1.6302992417297528
2012-06-05 14:05:00,63.466442,64.1670289783726,1.5549995071181106
2012-06-05 14:10:00,63.358105,63.664976164753675,1.6111612724351996
2012-06-05 14:15:00,63.091434,64.29052509460126,1.547266606856369
2012-06-05 14:20:00,62.96852,63.7767831792547,1.5945567525438056
2012-06-05 14:25:00,62.815746,63.91636980624142,1.5773988458208172
2012-06-05 14:30:00,62.680557,63.8821944589566,1.5812582459418578
2012-06-05 14:35:00,62.58264,63.7767831792547,1.5945567525438056
2012-06-05 14:40:00,62.472218,63.85247378332246,1.5847900894778097
2012-06-05 14:45:00,62.58426,63.09694141165655,1.7436460955688338
2012-06-05 14:50:00,62.49167,63.84824223465515,1.5853063460103922
2012-06-05 14:55:00,62.525005,63.3439980881017,1.6753873441047498
2012-06-05 15:00:00,62.847916,64.02007862538956,1.879603484302003
2012-06-05 15:05:00,62.829166,64.04030610861781,1.87299804416049
2012-06-05 15:10:00,62.9375,64.06034246648751,1.8666610458451516
2012-06-05 15:15:00,62.808334,64.08023160858119,1.8605865111256632
2012-06-05 15:20:00,62.795837,64.10001656925658,1.8547685211089748
2012-06-05 15:25:00,62.743748,64.11973363325656,1.8492026403338777
2012-06-05 15:30:00,62.766666,64.13942166649538,1.843881688990255
2012-06-05 15:35:00,62.708332,64.15911474340247,1.8388016914807703
2012-06-05 15:40:00,62.829166,64.17884481709969,1.8339571665247656
2012-06-05 15:45:00,62.856018,64.19864529447216,1.8293424399954452
2012-06-05 15:50:00,62.8456,64.21854232842323,1.8249538700676355
2012-06-05 15:55:00,62.92477,64.17884481709969,1.8339571665247656
2012-06-05 16:00:00,62.935184,64.91404070667416,3.335586230103244
2012-06-05 16:05:00,63.07523,62.78502489695588,3.2766708740976047
2012-06-05 16:10:00,63.10648,63.807729117670426,3.2555835641049415
2012-06-05 16:15:00,63.15509,61.854634328264204,3.3480104316460046
2012-06-05 16:20:00,63.393513,63.04771857308486,3.264603690096322
2012-06-05 16:25:00,63.60185,62.78502489695588,3.2766708740976047
2012-06-05 16:30:00,63.66435,63.44740697958279,3.254690953496819
2012-06-05 16:35:00,63.685184,62.874733557366405,3.27208853830256
2012-06-05 16:40:00,63.673615,64.19694301934737,3.2687070702524577
2012-06-05 16:45:00,63.832172,63.6519776154874,3.253971355544459
2012-06-05 16:50:00,63.925922,63.44740697958279,3.254690953496819
2012-06-05 16:55:00,62.113422,63.94233237048072,3.258586119159576
2012-06-05 17:00:00,58.585648,62.7057111589566,10.063337774672686
2012-06-05 17:05:00,55.42477,60.31152736442516,10.04356158107948
2012-06-05 17:10:00,52.45602,60.65218684337563,10.065383071159514
2012-06-05 17:15:00,49.215282,57.78244537374741,9.906441923497903
2012-06-05 17:20:00,45.483795,61.899149889921084,10.106318699201557
2012-06-05 17:25:00,41.53588,61.17177798795919,10.092284187891073
2012-06-05 17:30:00,37.66088,60.38609302649826,10.048525915408224
2012-06-05 17:35:00,33.587963,58.86426821771577,9.947281514162478
2012-06-05 17:40:00,29.61574,60.89980533625381,10.079423456860091
2012-06-05 17:45:00,25.86574,61.91237656875324,10.106210675694802
2012-06-05 17:50:00,21.855324,60.78375178856959,10.073078551853035
2012-06-05 17:55:00,19.407408,32.210738203925715,14.34722295577676
2012-06-05 18:00:00,18.862268,30.691442438753835,17.75820073750552
2012-06-05 18:05:00,17.949076,30.675269234087732,17.756745906229185
2012-06-05 18:10:00,16.886576,30.680739418674687,17.786631420809627
2012-06-05 18:15:00,16.578703,30.708214949884198,17.76719264862326
2012-06-05 18:20:00,16.873842,30.74660711535815,17.79428254689107
2012-06-05 18:25:00,16.905092,30.824978837051805,17.858717011065817
2012-06-05 18:30:00,16.755787,30.82174400623931,17.85594251882261
2012-06-05 18:35:00,17.287037,30.925649031500047,17.946698522908147
2012-06-05 18:40:00,17.229166,30.83959052202347,17.871285773041603
2012-06-05 18:45:00,17.625,30.750940160432105,17.797623710098012
2012-06-05 18:50:00,17.746527,30.854916865119463,17.884586460288357
2012-06-05 18:55:00,18.027777,30.94770635757436,17.966188621836256
2012-06-05 19:00:00,18.359953,31.051692793574613,19.9475516884285
2012-06-05 19:05:00,18.731482,31.074956565097594,19.873695592599947
2012-06-05 19:10:00,19.481482,31.06555255661408,19.896307781520537
2012-06-05 19:15:00,19.762732,31.044784748171594,20.009701014856173
2012-06-05 19:20:00,22.078703,31.086598538195616,20.299650229252453
2012-06-05 19:25:00,26.130789,31.050141005193066,19.95636297688513
2012-06-05 19:30:00,30.364916,31.067317009784528,19.891593969161317
2012-06-05 19:35:00,34.228344,31.04460317611411,20.05418094726164
2012-06-05 19:40:00,38.499172,31.06302407670759,19.903544140058884
2012-06-05 19:45:00,42.030422,31.10984237239465,20.377072317217962
2012-06-05 19:50:00,46.01306,31.05039045909166,19.95487313661732
2012-06-05 19:55:00,50.24223,31.060626613501412,19.911017372993797
2012-06-05 20:00:00,54.103344,32.04777870642116,21.6312978001064
2012-06-05 20:05:00,58.155426,31.965368964578342,21.561094744195305
2012-06-05 20:10:00,61.811676,32.25178310155726,21.74976009805884
2012-06-05 20:15:00,65.60334,32.0995926071802,21.667450042835814
2012-06-05 20:20:00,67.02001,48.78336431071142,11.738988175746021
2012-06-05 20:25:00,67.22834,66.0204721124678,2.5727282010106625
2012-06-05 20:30:00,67.290504,66.06274813985385,2.553175664436313
2012-06-05 20:35:00,67.552086,66.05340251924764,2.5574656306495687
2012-06-05 20:40:00,67.52431,66.30565663279266,2.4482686996406744
2012-06-05 20:45:00,67.61806,66.37353779151563,2.4212323384280583
2012-06-05 20:50:00,67.86806,65.74780222369078,2.707824309216219
2012-06-05 20:55:00,67.85185,66.23654280154607,2.476821588059947
2012-06-05 21:00:00,67.700226,65.81912748095623,2.090421979102537
2012-06-05 21:05:00,67.730316,65.89312871575623,2.0820754943450432
2012-06-05 21:10:00,67.7199,66.04665183629446,2.066371232152918
2012-06-05 21:15:00,67.81366,65.86276455705756,2.085432114911788
2012-06-05 21:20:00,67.664345,66.11914679440184,2.0595819058002385
2012-06-05 21:25:00,67.391205,66.07766226690951,2.063423460236217
2012-06-05 21:30:00,67.428246,65.6866209997177,2.106949204777791
2012-06-05 21:35:00,67.26157,66.26540323505486,2.046855009990067
2012-06-05 21:40:00,67.039345,65.63441588831323,2.1141166875756974
2012-06-05 21:45:00,67.0706,66.04665183629446,2.066371232152918
2012-06-05 21:50:00,67.078705,65.98492137168178,2.072450958883854
2012-06-05 21:55:00,67.080025,65.60849282786391,2.117833633736926
2012-06-05 22:00:00,67.1946,64.70758453989215,2.3124257725084534
2012-06-05 22:05:00,66.89831,65.34235352525765,2.24280061714015
2012-06-05 22:10:00,66.81498,65.37917209590198,2.2393650928337148
2012-06-05 22:15:00,66.60665,65.51243601743916,2.227267691325805
2012-06-05 22:20:00,66.50595,65.02000405295331,2.275179706475833
2012-06-05 22:25:00,66.56035,64.61065200031365,2.3257567514334285
2012-06-05 22:30:00,66.29184,65.13825063024724,2.2627547335485163
2012-06-05 22:35:00,66.18766,65.11662596190403,2.2649739475845294
2012-06-05 22:40:00,66.34391,64.32979447266082,2.371605639245885
2012-06-05 22:45:00,66.142525,65.51243601743916,2.227267691325805
2012-06-05 22:50:00,65.988594,65.37180003301872,2.2400496372916425
2012-06-05 22:55:00,65.71874,64.94267864024096,2.2837328926262273
2012-06-05 23:00:00,65.520836,64.34844221965162,2.63897230368978
2012-06-05 23:05:00,65.59953,63.71218027881142,2.731018225933752
2012-06-05 23:10:00,65.43981,64.416511655544,2.6301111719232515
2012-06-05 23:15:00,65.446754,64.14709711344187,2.666036316071936
2012-06-05 23:20:00,65.50579,63.99393501571108,2.687701111246472
2012-06-05 23:25:00,65.38078,64.04825867546674,2.6798921776856566
2012-06-05 23:30:00,65.63194,63.60363013892007,2.7493201849621243
2012-06-05 23:35:00,65.25695,64.08105690846946,2.6752467812029965
2012-06-05 23:40:00,65.017365,64.04825867546674,2.6798921776856566
2012-06-05 23:45:00,64.697914,64.16923697766389,2.66298900587862
2012-06-05 23:50:00,64.47222,64.18032923542411,2.661469452471005
2012-06-05 23:55:00,64.59028,63.420034413377465,2.7830878555080685
2012-06-06 00:00:00,64.4757,62.62565767429195,3.4443953475256173
2012-06-06 00:05:00,63.892365,62.85639806165266,3.4080631645137367
2012-06-06 00:10:00,63.818287,62.81179526771343,3.4150301911667995
2012-06-06 00:15:00,63.30093,63.08364428835478,3.3727756735424457
2012-06-06 00:20:00,63.297455,63.095181390238714,3.370988479361852
2012-06-06 00:25:00,63.30324,62.561352487493686,3.454695556522317
2012-06-06 00:30:00,62.73032,63.305424706593904,3.3383872016048355
2012-06-06 00:35:00,63.040512,61.881653395442974,3.5755135442402555
2012-06-06 00:40:00,62.978012,62.22186954800594,3.511405197721707
2012-06-06 00:45:00,63.353012,62.104799041966565,3.532350632292978
2012-06-06 00:50:00,63.464123,62.38336822116952,3.4838325907324332
2012-06-06 00:55:00,63.327545,62.658088275798356,3.439236297933259
2012-06-06 01:00:00,63.285877,61.223396978754174,4.084541402461343
2012-06-06 01:05:00,63.483795,60.37589136929599,4.106256649152835
2012-06-06 01:10:00,63.483795,61.46409204489544,4.0828033247090465
2012-06-06 01:15:00,63.962963,60.64337401585848,4.092959878166142
2012-06-06 01:20:00,63.83102,61.862708821157696,4.07726668237556
2012-06-06 01:25:00,63.80324,61.46409204489544,4.0828033247090465
2012-06-06 01:30:00,63.59491,60.664995754423764,4.092298059884039
2012-06-06 01:35:00,63.399303,61.62567176164914,4.0811328617801195
2012-06-06 01:40:00,63.940968,61.02941051407811,4.086011424079745
2012-06-06 01:45:00,63.38541,62.008285629366476,4.073780439534439
2012-06-06 01:50:00,62.854168,61.57913271644352,4.081678497680339
2012-06-06 01:55:00,62.187496,61.19602740166399,4.0847251996665985
2012-06-06 02:00:00,62.41666,59.99980544631356,4.759181965042764
2012-06-06 02:05:00,62.32291,59.69553805876992,4.7264301634567145
2012-06-06 02:10:00,61.40625,60.308452043330085,4.781399472087407
2012-06-06 02:15:00,61.010418,60.591807699873904,4.791853898658428
2012-06-06 02:20:00,60.885418,60.36728093009364,4.784348860944816
2012-06-06 02:25:00,60.61574,60.24535910590757,4.777777702913178
2012-06-06 02:30:00,60.917828,59.28558273890298,4.670391330136393
2012-06-06 02:35:00,59.99074,60.021522235774164,4.761115826129602
2012-06-06 02:40:00,59.520832,61.21929168126238,4.782243218450645
2012-06-06 02:45:00,59.53009,59.615507415247066,4.716182764633599
2012-06-06 02:50:00,59.75926,59.387662045258175,4.684545673071093
2012-06-06 02:55:00,60.351852,59.02908182701132,4.650871770251897
2012-06-06 03:00:00,59.664352,59.82290406298276,5.0722133492359
2012-06-06 03:05:00,59.945602,58.90733728776471,4.954848879852642
2012-06-06 03:10:00,60.866898,58.425783833344944,4.889944464470266
2012-06-06 03:15:00,60.245373,59.082501394396395,4.990219502344374
2012-06-06 03:20:00,59.266205,59.40873444676083,5.038856099777751
2012-06-06 03:25:00,59.349537,59.04850291669013,4.983877771881459
2012-06-06 03:30:00,59.401623,59.117439908026796,4.9964775375827495
2012-06-06 03:35:00,59.120373,58.30466487214053,4.956145072927769
2012-06-06 03:40:00,58.48148,59.38542970285035,5.036080213108613
2012-06-06 03:45:00,57.555557,58.992178938101084,4.972816117320129
2012-06-06 03:50:00,57.524307,59.117439908026796,4.9964775375827495
2012-06-06 03:55:00,57.047455,59.24275156681858,5.016800613158921
2012-06-06 04:00:00,56.493286,58.846529947953144,4.537967387045566
2012-06-06 04:05:00,56.066204,59.50894942047964,4.5904056939356375
2012-06-06 04:10:00,55.534954,59.74186276476294,4.606401569159313
2012-06-06 04:15:00,55.98982,58.64455954555323,4.624345516746877
2012-06-06 04:20:00,56.93889,58.47605266566867,4.793678668167586
2012-06-06 04:25:00,56.751392,59.32213986951941,4.574388931991623
2012-06-06 04:30:00,56.71435,59.33972045047721,4.5760050123092135
2012-06-06 04:35:00,58.110184,57.925711601498726,5.278623633471033
2012-06-06 04:40:00,58.823147,58.739480002683855,4.559342423478354
2012-06-06 04:45:00,60.01412,58.148756956904045,5.096006646589296
2012-06-06 04:50:00,60.273376,59.20604193940875,4.563293395847015
2012-06-06 04:55:00,60.565044,58.79853922190957,4.542680695037963
2012-06-06 05:00:00,61.452545,59.1681817770964,4.428180020494818
2012-06-06 05:05:00,62.025463,60.35666614083189,3.5603505418244126
2012-06-06 05:10:00,62.587963,60.37072392718798,3.5559856771374427
2012-06-06 05:15:00,63.129627,60.48618110745727,3.5271812728493153
2012-06-06 05:20:00,63.38889,61.00855513679969,3.486216228353843
2012-06-06 05:25:00,63.67014,60.546698777533,3.516335146100347
2012-06-06 05:30:00,63.438656,60.804681100091024,3.4913962536724514
2012-06-06 05:35:00,63.344906,61.39889963141948,3.493234151553413
2012-06-06 05:40:00,63.459488,61.19503788308935,3.4875862369974393
2012-06-06 05:45:00,63.583332,61.13042767859853,3.4866128535255068
2012-06-06 05:50:00,63.55324,61.21450580563856,3.4879671674602117
2012-06-06 05:55:00,64.19213,60.59362491129783,3.5095289234589857
2012-06-06 06:00:00,64.57755,63.432277120742896,2.445540668482767
2012-06-06 06:05:00,64.62963,64.20135943329086,2.3609264727507626
2012-06-06 06:10:00,64.80671,64.20135943329086,2.3609264727507626
2012-06-06 06:15:00,64.73611,64.34142279818589,2.3608275278468844
2012-06-06 06:20:00,64.73611,64.40992855588603,2.3626330720793667
2012-06-06 06:25:00,64.99653,63.8262726906601,2.3855303469314038
2012-06-06 06:30:00,65.58796,62.78360044636367,2.60741800245839
2012-06-06 06:35:00,65.73611,64.03141653946285,2.3678069856587847
2012-06-06 06:40:00,65.66319,64.29522632745848,2.360297245466233
2012-06-06 06:45:00,65.83102,64.24594608378307,2.3603427868237903
2012-06-06 06:50:00,65.90741,63.9813170853869,2.371210274991287
2012-06-06 06:55:00,65.8206,64.70659135260512,2.383973158857952
2012-06-06 07:00:00,65.90394,66.43196750160473,2.0166439192060435
2012-06-06 07:05:00,66.00116,66.30244799938652,2.0309053065824814
2012-06-06 07:10:00,66.0324,66.78983596925367,1.9843017005687997
2012-06-06 07:15:00,66.28241,66.03894374643029,2.063399962675836
2012-06-06 07:20:00,66.43866,66.47400935444018,2.0122815170159316
2012-06-06 07:25:00,66.604164,66.51548008601635,2.008113377642722
2012-06-06 07:30:00,66.885414,66.43196750160473,2.0166439192060435
2012-06-06 07:35:00,66.976845,66.39887854562959,2.020170956422827
2012-06-06 07:40:00,67.24768,65.93285472380546,2.077681509891009
2012-06-06 07:45:00,67.24652,66.826771938694,1.9816533148665025
2012-06-06 07:50:00,67.45949,65.99681285801567,2.068993257271378
2012-06-06 07:55:00,67.39699,66.67565921688761,1.99336800579343
2012-06-06 08:00:00,67.44907,66.5521934220058,2.3476138809634723
2012-06-06 08:05:00,67.49769,66.46381446910429,2.355210468673229
2012-06-06 08:10:00,67.23727,66.76030674533312,2.3310284454227292
2012-06-06 08:15:00,67.109955,66.9235287806051,2.3193397293873597
2012-06-06 08:20:00,66.82407,66.96230046728158,2.3167393623737964
2012-06-06 08:25:00,66.63773,67.05540952062393,2.3107796452788985
2012-06-06 08:30:00,66.487274,67.48242311993134,2.2889803399220656
2012-06-06 08:35:00,66.3588,66.5521934220058,2.3476138809634723
2012-06-06 08:40:00,66.30672,66.91240571196549,2.320098460271718
2012-06-06 08:45:00,66.260414,66.65119609072015,2.3394933006240763
2012-06-06 08:50:00,66.09606,66.69733906889535,2.3358508672442837
2012-06-06 08:55:00,66.13773,66.12012731318093,2.387830904952488
2012-06-06 09:00:00,65.95718,66.11671058395594,2.403434301196499
2012-06-06 09:05:00,65.696754,66.01421354319395,2.4071798034206915
2012-06-06 09:10:00,65.65741,64.76895553930082,2.5064202810936913
2012-06-06 09:15:00,65.56365,65.60080722682643,2.4285714172043176
2012-06-06 09:20:00,65.6007,64.84974782123443,2.49651844030107
2012-06-06 09:25:00,65.42361,65.44493212510231,2.439394788108826
2012-06-06 09:30:00,65.240746,66.09397197697373,2.404213533108918
2012-06-06 09:35:00,65.27778,65.21950973334731,2.4579453109766862
2012-06-06 09:40:00,65.06365,65.96280758619154,2.4092864323970375
2012-06-06 09:45:00,64.91319,65.72756704145127,2.420912028407519
2012-06-06 09:50:00,64.93403,65.18482199386985,2.4611198180333167
2012-06-06 09:55:00,64.884254,65.65269713863309,2.425314609349079
2012-06-06 10:00:00,64.72106,64.76698595717522,2.29756240107327
2012-06-06 10:05:00,64.67361,64.31586966113505,2.350583763431782
2012-06-06 10:10:00,64.74421,64.18607047267729,2.3702540993287244
2012-06-06 10:15:00,64.765045,64.68909597997235,2.3051069277425227
2012-06-06 10:20:00,64.67245,64.60091810625704,2.3144318099715764
2012-06-06 10:25:00,64.58912,64.17567081440988,2.3719202603053087
2012-06-06 10:30:00,64.49537,64.73581768941214,2.3005045878690846
2012-06-06 10:35:00,64.170135,64.93350376263979,2.2835195602929925
2012-06-06 10:40:00,64.12384,64.47653974860883,2.329050637667564
2012-06-06 10:45:00,64.103004,64.54908508406156,2.320312067039844
2012-06-06 10:50:00,64.12384,64.82936669897028,2.291974877027594
2012-06-06 10:55:00,64.30903,64.93350376263979,2.2835195602929925
2012-06-06 11:00:00,64.296295,63.80696857699922,2.2147529411033937
2012-06-06 11:05:00,64.21875,63.870871349533076,2.2027630142324544
2012-06-06 11:10:00,64.18519,64.24446560397017,2.143827290707622
2012-06-06 11:15:00,64.08102,64.50436686799928,2.113666525348847
2012-06-06 11:20:00,64.141205,63.94910377697675,2.188850099830081
2012-06-06 11:25:00,63.976852,63.58280881567388,2.2612537378732482
2012-06-06 11:30:00,63.789352,64.07059843212953,2.1689054477168694
2012-06-06 11:35:00,63.827545,63.258680730842144,2.340545988362295
2012-06-06 11:40:00,63.890045,64.0269511500171,2.175838666958247
2012-06-06 11:45:00,63.629627,64.20108309960729,2.149707451352819
2012-06-06 11:50:00,63.358795,64.63449275265167,2.1016926640447595
2012-06-06 11:55:00,62.954037,65.42706748178107,2.067663212281612
2012-06-06 12:00:00,63.10219,63.68591497580178,1.9981623536673705
2012-06-06 12:05:00,63.1751,63.47875732377019,2.042713431463993
2012-06-06 12:10:00,62.958664,64.02128936537342,1.9389476856189196
2012-06-06 12:15:00,62.791996,63.989124379755516,1.9439248367987807
2012-06-06 12:20:00,62.666996,64.1128528904166,1.925591658947288
2012-06-06 12:25:00,63.05589,62.785896264820025,2.232604708236279
2012-06-06 12:30:00,63.316303,63.20807347579508,2.109669625930348
2012-06-06 12:35:00,63.482967,63.3750326244842,2.0672274838465863
2012-06-06 12:40:00,63.420467,64.1949446438097,1.9146311373518043
2012-06-06 12:45:00,63.6288,63.01981260929199,2.16178660664907
2012-06-06 12:50:00,63.732967,63.43452872922176,2.0529894011843903
2012-06-06 12:55:00,63.95023,63.65874578810201,2.0036638089975587
2012-06-06 13:00:00,63.73148,64.1778675544535,1.894062249702212
2012-06-06 13:05:00,63.847218,63.68198345122457,1.976347761545403
2012-06-06 13:10:00,64.1493,63.01938287021303,2.1478285069127816
2012-06-06 13:15:00,64.3368,63.204374612668005,2.0933271913596836
2012-06-06 13:20:00,64.3368,63.51255456652993,2.0137325284552747
2012-06-06 13:25:00,64.14236,64.32494087651911,1.8771570010905962
2012-06-06 13:30:00,63.840275,64.1778675544535,1.894062249702212
2012-06-06 13:35:00,63.92361,63.95837734729836,1.9255241405469883
2012-06-06 13:40:00,63.92361,63.848390251484375,1.944231521497849
2012-06-06 13:45:00,63.95486,63.80699047245321,1.9517916390357637
2012-06-06 13:50:00,63.95486,63.765471351330326,1.9596601323850462
2012-06-06 13:55:00,63.86459,64.42681236890753,1.8672870021624692
2012-06-06 14:00:00,63.86459,63.08662554132817,2.481165847878628
2012-06-06 14:05:00,63.59607,63.9165805129003,2.2647925832074955
2012-06-06 14:10:00,63.464127,64.03963401757021,2.2462922893418136
2012-06-06 14:15:00,63.099537,63.74468224822377,2.2959561039886793
2012-06-06 14:20:00,63.090282,63.293771711597294,2.4110527917774074
2012-06-06 14:25:00,63.081024,63.330223236700895,2.3998465619487312
2012-06-06 14:30:00,63.28787,62.74193409833904,2.621282660822935
2012-06-06 14:35:00,63.197586,64.06833665843395,2.242402686548465
2012-06-06 14:40:00,63.353836,63.62102957059846,2.322528640567178
2012-06-06 14:45:00,63.44411,63.703330665893155,2.3044414973038827
2012-06-06 14:50:00,63.733463,63.53911961177761,2.3421596951889376
2012-06-06 14:55:00,63.865406,63.84183046395781,2.2775510316129517
2012-06-06 15:00:00,64.09458,63.165756780125065,3.485020389442845
2012-06-06 15:05:00,64.46494,62.946145639897566,3.6061770298160525
2012-06-06 15:10:00,64.59689,63.55017138668288,3.321855050935865
2012-06-06 15:15:00,64.93023,62.32672401414868,3.9980820993696238
2012-06-06 15:20:00,65.11657,63.31912544573987,3.4117497151565175
2012-06-06 15:25:00,65.348045,63.35204179700304,3.3974112041586015
2012-06-06 15:30:00,65.39567,63.607466976042794,3.303403250457107
2012-06-06 15:35:00,65.53109,63.72733675412716,3.269474123189451
2012-06-06 15:40:00,65.4165,64.25829115907136,3.1823751791216695
2012-06-06 15:45:00,65.573906,64.07421493512071,3.2025160299303383
2012-06-06 15:50:00,65.50331,64.74694253816996,3.1658648645694174
2012-06-06 15:55:00,65.39915,64.39004024451417,3.1731802751906337
2012-06-06 16:00:00,65.576225,63.37776107842017,7.48614760352666
2012-06-06 16:05:00,65.45586,63.92770389306059,7.423583346378394
2012-06-06 16:10:00,65.35169,63.451445333504125,7.477987185625139
2012-06-06 16:15:00,65.21627,62.65098761604208,7.562986139074069
2012-06-06 16:20:00,65.17461,63.37776107842017,7.48614760352666
2012-06-06 16:25:00,65.05771,63.74935140557596,7.4443152557702925
2012-06-06 16:30:00,65.04051,62.94221536140311,7.532980080822122
2012-06-06 16:35:00,65.01968,63.80209206925269,7.438232413832487
2012-06-06 16:40:00,65.25926,62.988957961271836,7.528068348986505
2012-06-06 16:45:00,65.03703,64.48084023977101,7.354527279967736
2012-06-06 16:50:00,64.99537,64.0642798357862,7.407341117628676
2012-06-06 16:55:00,65.141205,63.30277557917569,7.494381866665287
2012-06-06 17:00:00,65.078705,62.25713341625229,20.211378320792676
2012-06-06 17:05:00,64.90278,59.47969205398707,24.13244802640298
2012-06-06 17:10:00,63.788193,58.66584464151344,24.57677846732096
2012-06-06 17:15:00,61.08102,56.62665818792894,24.795296344240757
2012-06-06 17:20:00,57.880787,59.42970839660068,24.16723313834657
2012-06-06 17:25:00,54.30324,59.12711295170923,24.35604244443607
2012-06-06 17:30:00,50.618057,58.940141059531065,24.454874192133573
2012-06-06 17:35:00,46.680557,60.58710021806008,23.067673166858086
2012-06-06 17:40:00,42.70139,62.37541118640928,19.948865534342552
2012-06-06 17:45:00,38.65509,59.346105523109976,24.223094019183094
2012-06-06 17:50:00,35.35301,60.86121013346363,22.708049294972927
2012-06-06 17:55:00,31.311342,61.7704815577153,21.20967255928552
2012-06-06 18:00:00,27.436342,62.796683469656216,13.733008387183219
2012-06-06 18:05:00,23.97338,57.26314934865741,22.755358369250672
2012-06-06 18:10:00,21.25463,37.349709724311346,27.16313209364296
2012-06-06 18:15:00,20.690971,30.25607394363038,17.40137307530574
2012-06-06 18:20:00,20.30787,30.278523607758334,17.17943843949231
2012-06-06 18:25:00,20.208334,30.385171676507227,17.07991630261542
2012-06-06 18:30:00,20.958334,30.42721735659683,17.07668319258386
2012-06-06 18:35:00,21.208334,30.477851038982163,17.08329372089659
2012-06-06 18:40:00,21.804398,30.438623404694656,17.07732795139978
2012-06-06 18:45:00,22.773148,30.556274977476665,17.10803291372989
2012-06-06 18:50:00,24.289352,30.27810800949341,17.18053766248742
2012-06-06 18:55:00,27.780424,30.481866273618238,17.08418846764657
2012-06-06 19:00:00,31.854498,30.526698194731228,19.608479221948677
2012-06-06 19:05:00,35.823246,30.514186811899098,19.692692164201667
2012-06-06 19:10:00,40.010746,30.55966123701161,19.465473188142482
2012-06-06 19:15:00,43.778107,30.498731350895557,19.90532224080228
2012-06-06 19:20:00,47.61144,30.507953787321586,19.750205350761373
2012-06-06 19:25:00,51.528107,30.52329769425059,19.62867602780644
2012-06-06 19:30:00,54.71329,30.57731811086906,20.823807104465875
2012-06-06 19:35:00,58.546627,30.510292150603174,19.726721497290267
2012-06-06 19:40:00,61.86723,30.520679971084476,20.407137920424063
2012-06-06 19:45:00,65.117226,30.537569970016744,20.554463055044884
2012-06-06 19:50:00,66.97834,33.93231473510753,28.049848374345547
2012-06-06 19:55:00,67.4456,57.972768017665096,12.15612891310185
2012-06-06 20:00:00,67.29861,67.26035651802123,1.9773869574710174
2012-06-06 20:05:00,67.25694,67.21061746371133,1.9829106123587248
2012-06-06 20:10:00,67.09722,67.13844889027787,1.9922350569753853
2012-06-06 20:15:00,66.84028,67.1546539293913,1.9900016316623226
2012-06-06 20:20:00,66.86227,67.01325795316943,2.012323409131157
2012-06-06 20:25:00,66.726845,66.93440168329882,2.0276202912707624
2012-06-06 20:30:00,66.77315,66.9284295350451,2.028862999210815
2012-06-06 20:35:00,66.57523,66.96104604764712,2.0222211111489385
2012-06-06 20:40:00,66.64352,66.79491669364477,2.0596976876555266
2012-06-06 20:45:00,66.68519,66.79491669364477,2.0596976876555266
2012-06-06 20:50:00,66.82407,66.83006524638971,2.0510177496713715
2012-06-06 20:55:00,66.69907,66.57752669962326,2.1218630351470895
2012-06-06 21:00:00,66.84607,66.32463073478876,1.9548141462486777
2012-06-06 21:05:00,66.84607,66.5214880739834,1.950782727371209
2012-06-06 21:10:00,66.80787,66.16764623372707,1.9625706479110292
2012-06-06 21:15:00,66.990746,65.94999895328685,1.9821707655617182
2012-06-06 21:20:00,66.94444,66.47511368044083,1.951257499732323
2012-06-06 21:25:00,67.14236,66.02581614601088,1.9740225563042602
2012-06-06 21:30:00,67.12384,66.45327124430318,1.9515735448863154
2012-06-06 21:35:00,67.30092,65.89910730210416,1.9885135195926047
2012-06-06 21:40:00,67.20833,66.38765501898563,1.9529171929460751
2012-06-06 21:45:00,67.166664,66.32463073478876,1.9548141462486777
2012-06-06 21:50:00,67.06712,66.58414046181743,1.9505352538541245
2012-06-06 21:55:00,67.21296,65.74436868718301,2.012508103812677
2012-06-06 22:00:00,67.12847,65.83622210447685,2.275375949674245
2012-06-06 22:05:00,67.00695,65.6669048851141,2.2785042107431925
2012-06-06 22:10:00,67.18403,65.15444454362186,2.2985916728398594
2012-06-06 22:15:00,67.02663,65.5141215520356,2.282575415262671
2012-06-06 22:20:00,67.05093,65.48900055351476,2.283379539161402
2012-06-06 22:25:00,66.915504,65.63898091245868,2.2791509573577793
2012-06-06 22:30:00,66.80671,65.53919356763704,2.2818129461300702
2012-06-06 22:35:00,66.74421,65.44176084450994,2.285004371726861
2012-06-06 22:40:00,66.72685,65.26058349856248,2.292766280498278
2012-06-06 22:45:00,66.58218,65.32764443815124,2.289592463237455
2012-06-06 22:50:00,66.665504,65.47012655349937,2.284010131203226
2012-06-06 22:55:00,66.62384,65.1834837603363,2.2968952053507383
2012-06-06 23:00:00,66.41203,64.36629058972558,2.8801382537464364
2012-06-06 23:05:00,66.43981,64.07754626317454,2.8935180375790215
2012-06-06 23:10:00,66.07523,64.39583346121911,2.87890403845368
2012-06-06 23:15:00,66.39352,63.806943714681545,2.9089946968235894
2012-06-06 23:20:00,66.146996,64.30702462460403,2.8826787494508466
2012-06-06 23:25:00,65.81019,64.00698420192332,2.897235502941395
2012-06-06 23:30:00,65.61343,63.97663950585041,2.8988988899004347
2012-06-06 23:35:00,65.48032,64.00698420192332,2.897235502941395
2012-06-06 23:40:00,65.53241,63.94623355887675,2.900606349619507
2012-06-06 23:45:00,65.60648,63.642306826621365,2.9202556059499707
2012-06-06 23:50:00,65.32523,64.45473579269317,2.876502273295158
2012-06-06 23:55:00,65.135414,63.793286974124015,2.9098704704803016
2012-06-07 00:00:00,65.2118,62.67021136292862,3.4830583134823683
2012-06-07 00:05:00,65.17477,63.046230090157174,3.4691416905003893
2012-06-07 00:10:00,65.14352,62.28803034115281,3.5009362631872687
2012-06-07 00:15:00,64.42477,63.585378453396835,3.4491462456808986
2012-06-07 00:20:00,64.59838,62.520567943276184,3.489406422702205
2012-06-07 00:25:00,65.06019,62.00286368505589,3.5191037342848213
2012-06-07 00:30:00,65.15278,62.346764644302105,3.497792426083977
2012-06-07 00:35:00,64.86574,62.545471084996684,3.488300954459038
2012-06-07 00:40:00,64.42824,62.989685132143755,3.471136209115256
2012-06-07 00:45:00,64.18634,62.770245654649045,3.4791450944540903
2012-06-07 00:50:00,64.17593,62.56727360569204,3.4873506828552068
2012-06-07 00:55:00,64.14699,62.19865928016093,3.5060743963906513
2012-06-07 01:00:00,63.490738,62.65911395395131,3.6974366293434
2012-06-07 01:05:00,63.333332,62.73413141744344,3.695191247569688
2012-06-07 01:10:00,63.177082,61.967479897106564,3.7232565912796844
2012-06-07 01:15:00,63.4375,61.46514675010096,3.7766504952939024
2012-06-07 01:20:00,63.0,62.782258226107054,3.6937012292900526
2012-06-07 01:25:00,63.03125,63.066305313941136,3.683564880174649
2012-06-07 01:30:00,62.583332,62.360536647513776,3.706326153995388
2012-06-07 01:35:00,62.407406,61.57552257644778,3.759596132113503
2012-06-07 01:40:00,62.57407,61.60785266246683,3.7553212078991294
2012-06-07 01:45:00,61.98032,61.88743574230107,3.7284585417209217
2012-06-07 01:50:00,61.615738,62.30252142682428,3.708245477450172
2012-06-07 01:55:00,61.005787,61.88743574230107,3.7284585417209217
2012-06-07 02:00:00,61.078705,59.908474078353684,4.36710030776269
2012-06-07 02:05:00,60.64352,61.07097886659525,4.3522872914213915
2012-06-07 02:10:00,60.341434,60.369796333548436,4.340023582369646
2012-06-07 02:15:00,60.416668,60.88565761313372,4.349608955230201
2012-06-07 02:20:00,60.760418,60.39287721275959,4.340201712865265
2012-06-07 02:25:00,60.208332,62.01703546851334,4.330509028545242
2012-06-07 02:30:00,60.572918,60.079075460159295,4.346595808472212
2012-06-07 02:35:00,60.04398,60.02082167025235,4.351402513333398
2012-06-07 02:40:00,59.252316,60.8013476247696,4.347959675707981
2012-06-07 02:45:00,59.152775,59.62265944068519,4.483839243606705
2012-06-07 02:50:00,59.496525,60.19618368152612,4.34133380871
2012-06-07 02:55:00,58.95023,59.60241979331582,4.497844590647169
2012-06-07 03:00:00,58.45023,59.08970418287215,4.6144345899342225
2012-06-07 03:05:00,58.403934,59.11434775368891,4.615765257965362
2012-06-07 03:10:00,58.091434,58.9301496509781,4.618029983690296
2012-06-07 03:15:00,57.391205,60.14987581248451,4.6969476379705375
2012-06-07 03:20:00,57.20949,60.369887824207304,4.7037023261897
2012-06-07 03:25:00,57.42824,59.45678572649221,4.646501639381887
2012-06-07 03:30:00,56.93866,59.95952472376123,4.687279044583632
2012-06-07 03:35:00,57.55093,58.48760336320544,4.959618498917772
2012-06-07 03:40:00,58.11343,58.63513589643213,4.817022396666869
2012-06-07 03:45:00,58.931713,58.687733108541146,4.763330945893732
2012-06-07 03:50:00,58.695602,60.08056532267858,4.693833647515912
2012-06-07 03:55:00,59.497684,57.20643571702637,5.866353632994319
2012-06-07 04:00:00,60.36574,58.30236976573146,4.948363286169665
2012-06-07 04:05:00,60.406254,58.89002712159743,4.332648463616779
2012-06-07 04:10:00,61.083332,58.406685849955686,4.799763913264974
2012-06-07 04:15:00,61.364582,58.629725612822966,4.48331013313721
2012-06-07 04:20:00,61.151623,59.76110407733679,4.281159998135301
2012-06-07 04:25:00,60.766205,59.96559213059073,4.282682414566372
2012-06-07 04:30:00,61.037037,58.79733112985155,4.363962790079047
2012-06-07 04:35:00,61.070602,59.088812773843834,4.2991502881336165
2012-06-07 04:40:00,60.88773,59.18094561035944,4.291526338523529
2012-06-07 04:45:00,60.471066,59.99841621981045,4.282969784982854
2012-06-07 04:50:00,60.646988,59.358557809726086,4.283733070002968
2012-06-07 04:55:00,61.002316,58.85635087495593,4.342306791655336
2012-06-07 05:00:00,61.071762,61.1525934472491,3.171042931757994
2012-06-07 05:05:00,61.165512,60.226134648828015,3.352029315524405
2012-06-07 05:10:00,60.98843,60.78367615023424,3.2034979431353636
2012-06-07 05:15:00,61.25926,60.293848068495414,3.322871468765543
2012-06-07 05:20:00,61.537037,60.515605419369386,3.2530381582411336
2012-06-07 05:25:00,61.964123,60.27099606056604,3.332219922726569
2012-06-07 05:30:00,61.974537,60.617744470942036,3.2306586307706797
2012-06-07 05:35:00,61.922455,60.46202141727316,3.2669319957100154
2012-06-07 05:40:00,62.45949,60.08628281389654,3.4283455050515204
2012-06-07 05:45:00,62.855328,60.226134648828015,3.352029315524405
2012-06-07 05:50:00,62.98495,61.18042590513989,3.1697412351507332
2012-06-07 05:55:00,63.129627,60.962200375550395,3.1838659391172253
2012-06-07 06:00:00,63.306713,64.23083996356121,2.0595784197354097
2012-06-07 06:05:00,63.608795,63.329613753894165,2.2347759184178777
2012-06-07 06:10:00,64.0625,63.205374152751894,2.283674623423464
2012-06-07 06:15:00,64.177086,63.906451718161556,2.088891492802246
2012-06-07 06:20:00,64.241905,64.17169782049552,2.062452079397271
2012-06-07 06:25:00,64.47106,64.28373954358263,2.0578836433585876
2012-06-07 06:30:00,64.70023,63.56744422599641,2.158744028603331
2012-06-07 06:35:00,65.31135,63.205374152751894,2.283674623423464
2012-06-07 06:40:00,65.45718,64.33634245206993,2.0569964176080533
2012-06-07 06:45:00,65.63195,64.15090408166445,2.063713515664333
2012-06-07 06:50:00,65.885414,64.40604136366942,2.057011800796258
2012-06-07 06:55:00,66.114586,64.25732889392107,2.0586275399245237
2012-06-07 07:00:00,66.24769,67.21619831231372,1.649787642128402
2012-06-07 07:05:00,66.61227,66.40599118595229,1.7527189575622064
2012-06-07 07:10:00,66.84375,66.86201584643776,1.6833530615769738
2012-06-07 07:15:00,67.25,66.49723725658122,1.7366475459891229
2012-06-07 07:20:00,67.54167,66.7154987371414,1.7026111146791576
2012-06-07 07:25:00,67.60417,67.44722306243283,1.639317824952018
2012-06-07 07:30:00,67.916664,66.4518919790449,1.7444998847656439
2012-06-07 07:35:00,67.861115,67.40517842074553,1.6404569596808447
2012-06-07 07:40:00,67.93403,67.25078903534869,1.6475921184989089
2012-06-07 07:45:00,67.94329,67.10100359934884,1.6585572758188996
2012-06-07 07:50:00,67.615746,67.65388633113433,1.639393205541082
2012-06-07 07:55:00,67.58449,67.41577249759018,1.6401360785390466
2012-06-07 08:00:00,67.40972,67.79821739593066,1.9546400951906253
2012-06-07 08:05:00,67.20139,67.90374330782818,1.9430150851357217
2012-06-07 08:10:00,66.828705,67.79821739593066,1.9546400951906253
2012-06-07 08:15:00,66.72454,68.17506055894846,1.9174783770925554
2012-06-07 08:20:00,66.46065,67.90374330782818,1.9430150851357217
2012-06-07 08:25:00,66.34606,67.80889048035523,1.953422791020871
2012-06-07 08:30:00,65.95023,67.7118908303202,1.9648298849381474
2012-06-07 08:35:00,65.69155,67.16084547721451,2.0440122872992754
2012-06-07 08:40:00,65.37905,67.56248497486015,1.983888119771179
2012-06-07 08:45:00,65.20023,67.0151051224994,2.0690936262698245
2012-06-07 08:50:00,65.204865,66.14425319595337,2.25914985324581
2012-06-07 08:55:00,65.00116,67.30360511299172,2.0211479891370914
2012-06-07 09:00:00,64.875,65.98379176800253,2.64078510932113
2012-06-07 09:05:00,64.76389,65.92750718936323,2.653474073779095
2012-06-07 09:10:00,64.895836,64.906851269085,2.95312694247387
2012-06-07 09:15:00,64.552086,66.81740896193521,2.4890292085537373
2012-06-07 09:20:00,64.15394,65.6266881874801,2.7275058450235696
2012-06-07 09:25:00,63.862263,66.32023642397972,2.571855557395137
2012-06-07 09:30:00,64.02662,64.67585485251405,3.041624021052978
2012-06-07 09:35:00,64.17022,64.82056216012853,2.9852337923978625
2012-06-07 09:40:00,64.17138,64.96419191768713,2.932413991340917
2012-06-07 09:45:00,63.95784,65.1070035625847,2.882963939222519
2012-06-07 09:50:00,63.82358,65.24921530764527,2.8366919618143336
2012-06-07 09:55:00,63.805065,65.27444990737659,2.828784558047829
2012-06-07 10:00:00,63.545803,64.59872670656807,3.0246444821747023
2012-06-07 10:05:00,63.42543,64.62146915563874,3.017543753809697
2012-06-07 10:10:00,63.09557,64.89328753970398,2.939733659411521
2012-06-07 10:15:00,62.80837,64.29455154398208,3.1284754248492432
2012-06-07 10:20:00,63.21208,62.76819786970531,3.876410826821702
2012-06-07 10:25:00,63.24564,64.08349597452168,3.210097583058374
2012-06-07 10:30:00,63.051193,64.84806924393332,2.951785326715734
2012-06-07 10:35:00,63.00655,64.87390902451902,2.9448557567166884
2012-06-07 10:40:00,62.85956,64.30035366127805,3.126340870268466
2012-06-07 10:45:00,63.09914,63.29630657767785,3.578333563006701
2012-06-07 10:50:00,63.167923,63.87332873596852,3.2988841533614974
2012-06-07 10:55:00,63.10889,64.4846324923497,3.0616584207926465
2012-06-07 11:00:00,63.39015,62.88211120537056,3.552549826476003
2012-06-07 11:05:00,63.436443,63.63269125850567,3.190608789550286
2012-06-07 11:10:00,63.686443,62.82365274637234,3.5839888798875674
2012-06-07 11:15:00,63.994476,62.365567747401144,3.846309695422986
2012-06-07 11:20:00,63.979664,64.4655305927004,2.897515767719353
2012-06-07 11:25:00,63.950565,63.85439302518849,3.1000045553765285
2012-06-07 11:30:00,64.10797,63.49528126364391,3.2507786096933287
2012-06-07 11:35:00,64.13922,64.22517815666603,2.968311335976877
2012-06-07 11:40:00,64.35797,63.166374978093835,3.4061819355886622
2012-06-07 11:45:00,64.3788,64.13146744561992,2.999095469064405
2012-06-07 11:50:00,64.52761,63.82947684410211,3.1097682219102025
2012-06-07 11:55:00,64.737434,63.79426604655706,3.1237522223664573
2012-06-07 12:00:00,64.84971,64.13887379803025,2.6706346284279214
2012-06-07 12:05:00,64.930725,63.75144413108736,2.8070580521086543
2012-06-07 12:10:00,65.04531,63.96689812788017,2.727725096249855
2012-06-07 12:15:00,65.11822,63.87819218209768,2.759410043323592
2012-06-07 12:20:00,65.19229,64.25487751538459,2.6356878075792047
2012-06-07 12:25:00,65.26074,63.619349717545965,2.8594161350046985
2012-06-07 12:30:00,65.20585,64.10593701249344,2.6810981336018167
2012-06-07 12:35:00,65.11111,64.22263009545922,2.6450974679380437
2012-06-07 12:40:00,65.036705,64.09648489631529,2.6841428181207725
2012-06-07 12:45:00,64.951385,64.09648489631529,2.6841428181207725
2012-06-07 12:50:00,64.792656,64.34618921303824,2.610372123463376
2012-06-07 12:55:00,64.56944,64.55446311786248,2.560329158471948
2012-06-07 13:00:00,64.328705,64.53035916021268,2.4105030022680305
2012-06-07 13:05:00,64.18287,64.07872855835281,2.541202871203152
2012-06-07 13:10:00,64.13079,64.38998279119893,2.445479832942916
2012-06-07 13:15:00,64.103004,64.15908343557344,2.5143512120892146
2012-06-07 13:20:00,64.19561,64.4975335727268,2.4181773885607543
2012-06-07 13:25:00,64.24769,63.91115376319769,2.6012080897489773
2012-06-07 13:30:00,64.26554,63.8655462594146,2.6183772853882856
2012-06-07 13:35:00,64.4332,63.81915929378717,2.6361750110991573
2012-06-07 13:40:00,64.565475,63.77196570467834,2.6546119179222196
2012-06-07 13:45:00,64.869545,63.72393801151325,2.6737026324954374
2012-06-07 13:50:00,64.99587,63.675057804902735,2.6934587997587727
2012-06-07 13:55:00,65.14468,63.625304376138295,2.7138928805397007
2012-06-07 14:00:00,65.481476,63.31537981000682,3.3579722253365296
2012-06-07 14:05:00,65.74999,63.196364436743465,3.4221306673483913
2012-06-07 14:10:00,65.697914,63.87949542147405,3.1031650069164534
2012-06-07 14:15:00,65.66088,63.74402140900668,3.155424842121585
2012-06-07 14:20:00,65.58681,64.48949362432519,2.9502526152676793
2012-06-07 14:25:00,65.525795,63.8060788219974,3.130687874436056
2012-06-07 14:30:00,65.58135,63.64258042337318,3.198613002078817
2012-06-07 14:35:00,65.4795,64.1318562679401,3.0236624799637664
2012-06-07 14:40:00,65.20288,63.97212818935483,3.0712304576009384
2012-06-07 14:45:00,65.023476,64.53564238788455,2.9438178884625734
2012-06-07 14:50:00,65.16006,63.875443308722375,3.1046327885527734
2012-06-07 14:55:00,65.31631,63.915869897127756,3.090248587854115
2012-06-07 15:00:00,65.23296,62.99201957174811,7.77362016912502
2012-06-07 15:05:00,65.214455,62.428472682089144,7.9029917138513115
2012-06-07 15:10:00,64.88575,61.46927022148711,8.042154413103313
2012-06-07 15:15:00,64.96908,61.295491436224204,8.062815651802246
2012-06-07 15:20:00,62.68088,62.484847460801625,7.8920988589993115
2012-06-07 15:25:00,60.122684,61.244653796794886,8.068852359009759
2012-06-07 15:30:00,57.278934,61.76703805347271,8.005390937117616
2012-06-07 15:35:00,54.177082,61.636955403441355,8.021800749162557
2012-06-07 15:40:00,51.601852,59.72354419500652,8.288833404092848
2012-06-07 15:45:00,48.0,61.893761544414566,7.9885909528295285
2012-06-07 15:50:00,44.020832,62.691914927594354,7.848329787132652
2012-06-07 15:55:00,40.041668,62.87326989596203,7.804820864708169
2012-06-07 16:00:00,35.90625,58.31444989638414,28.075216542279957
2012-06-07 16:05:00,32.46875,57.94920175584658,28.12957233316933
2012-06-07 16:10:00,29.56134,52.52946625672866,25.186128121187824
2012-06-07 16:15:00,26.24074,57.19908719620643,28.025518371351623
2012-06-07 16:20:00,24.792826,31.966510257700502,14.14299396905975
2012-06-07 16:25:00,23.681715,31.40458010477772,13.685026695239557
2012-06-07 16:30:00,22.78588,31.284330746153557,13.630718196157318
2012-06-07 16:35:00,22.291666,31.2069288328611,13.651881665540765
2012-06-07 16:40:00,21.450232,31.296960328834874,13.633844143072592
2012-06-07 16:45:00,21.95949,31.195175780386723,13.826089967367862
2012-06-07 16:50:00,21.996529,31.224708416200528,13.96075674072963
2012-06-07 16:55:00,22.319443,31.220087229325543,13.942954371877093
2012-06-07 17:00:00,22.747686,30.344670189628136,15.069337223901774
2012-06-07 17:05:00,22.268518,30.21328156328866,15.051912121435363
2012-06-07 17:10:00,21.962961,30.212062300988872,15.07681188093126
2012-06-07 17:15:00,20.994213,30.211999878176954,15.068056488186444
2012-06-07 17:20:00,21.008102,30.245572907630873,15.016648454379455
2012-06-07 17:25:00,20.63426,30.269571986649428,15.021667675686365
2012-06-07 17:30:00,20.217592,30.26930734240877,15.021571845989351
2012-06-07 17:35:00,19.769676,30.243666994399945,15.016708385025884
2012-06-07 17:40:00,19.38426,30.251550781931517,15.016985252744922
2012-06-07 17:45:00,18.560186,30.232067269440794,15.185075169607273
2012-06-07 17:50:00,18.283564,30.282748896343268,15.027478752910667
2012-06-07 17:55:00,17.64236,30.223374358845167,15.026359711266144
2012-06-07 18:00:00,16.99537,29.873105720204563,17.26537459551054
2012-06-07 18:05:00,16.318287,29.905506482479456,17.073644708810008
2012-06-07 18:10:00,15.65162,29.87252279082783,17.27445616524883
2012-06-07 18:15:00,15.320601,30.0234556910263,16.890452565734392
2012-06-07 18:20:00,14.431712,29.874445081146302,17.247635064830842
2012-06-07 18:25:00,14.140045,29.974945333642694,16.93650879281544
2012-06-07 18:30:00,14.09838,29.987316443159823,16.922410256586645
2012-06-07 18:35:00,13.809028,29.96013878506423,16.956162069246197
2012-06-07 18:40:00,13.673611,29.954436947760794,16.96468800475365
2012-06-07 18:45:00,13.165509,29.918993607440154,17.034808344505215
2012-06-07 18:50:00,13.082176,29.963036580162168,16.952045486546666
2012-06-07 18:55:00,13.248843,29.976634309801014,16.934461122837664
2012-06-07 19:00:00,13.519676,30.04435214267814,19.304275058270157
2012-06-07 19:05:00,14.094907,30.108669712423723,19.045068900733693
2012-06-07 19:10:00,14.282407,30.046432032795533,19.29276594132793
2012-06-07 19:15:00,15.123843,30.134369160357142,18.974068885899666
2012-06-07 19:20:00,16.253473,30.10585522685804,19.053629489208976
2012-06-07 19:25:00,16.836805,30.08161666260288,19.135472026052593
2012-06-07 19:30:00,18.222223,30.03639145403987,19.35168091164129
2012-06-07 19:35:00,21.768518,30.068572193703915,19.187108567700566
2012-06-07 19:40:00,24.070602,30.03264394918268,19.37622144328226
2012-06-07 19:45:00,25.112268,30.08161666260288,19.135472026052593
2012-06-07 19:50:00,25.296297,30.02905451882261,19.401353270855562
2012-06-07 19:55:00,26.09375,30.003559191110686,19.679050168956646
2012-06-07 20:00:00,30.177084,30.520003763513497,22.34697136319599
2012-06-07 20:05:00,34.149307,30.52503864986066,22.42690739343594
2012-06-07 20:10:00,38.16419,30.50957250814785,22.135917343921857
2012-06-07 20:15:00,42.091274,30.563827188322858,22.884069994487618
2012-06-07 20:20:00,45.44081,30.748693888599288,24.207079660398662
2012-06-07 20:25:00,49.38872,30.547384117736016,22.712293749497263
2012-06-07 20:30:00,52.266037,31.403035436869015,27.158513754957113
2012-06-07 20:35:00,53.071594,49.40904287025055,37.41310093275663
2012-06-07 20:40:00,55.279926,34.949067464356744,36.820644838058456
2012-06-07 20:45:00,58.718586,30.752727636464744,24.230487621496717
2012-06-07 20:50:00,62.86789,30.519523606294797,22.338839071162198
2012-06-07 20:55:00,66.18039,30.930535574662983,25.16259525512865
2012-06-07 21:00:00,66.232475,66.83931966560625,2.3410458603901803
2012-06-07 21:05:00,66.132935,66.78108268298209,2.4881260359108985
2012-06-07 21:10:00,66.46759,66.71177211900458,2.7003863967934687
2012-06-07 21:15:00,66.58218,66.88158952191586,2.2621310394647582
2012-06-07 21:20:00,66.90856,66.73542407497204,2.626440182480496
2012-06-07 21:25:00,66.90856,66.84744697330906,2.3241105871180774
2012-06-07 21:30:00,67.05672,66.80179845263552,2.430885237106071
2012-06-07 21:35:00,67.25463,66.7525081364579,2.5734540590453965
2012-06-07 21:40:00,67.12963,67.05887199888694,2.0868941853355145
2012-06-07 21:45:00,67.08333,66.80868350484499,2.4129874094144843
2012-06-07 21:50:00,67.052086,66.89062065497151,2.247977972281442
2012-06-07 21:55:00,67.02546,66.87277259641823,2.276801587011926
2012-06-07 22:00:00,66.93171,66.19606626599055,2.159293076396786
2012-06-07 22:05:00,67.233795,65.80114840570265,2.3522518083668063
2012-06-07 22:10:00,67.28009,66.42772984119823,2.1063125751683685
2012-06-07 22:15:00,67.10301,66.41617174133657,2.1083308286927123
2012-06-07 22:20:00,67.00116,66.46499329305205,2.100160041602615
2012-06-07 22:25:00,66.85532,66.12017861025403,2.183995939984261
2012-06-07 22:30:00,66.84028,66.28296730541628,2.1359733201560744
2012-06-07 22:35:00,66.749504,66.25442177481894,2.143110199755075
2012-06-07 22:40:00,66.73165,66.27415382148052,2.138125853930779
2012-06-07 22:45:00,66.922615,65.95088951675903,2.2580614222173514
2012-06-07 22:50:00,66.739746,66.15785217167495,2.171174786914833
2012-06-07 22:55:00,66.77679,66.12850446047462,2.181062883711436
2012-06-07 23:00:00,67.016365,65.08955499222654,2.4680508714642047
2012-06-07 23:05:00,66.739746,65.48785842967078,2.4135839566955295
2012-06-07 23:10:00,66.40641,65.7213177881294,2.3938342275263893
2012-06-07 23:15:00,66.54034,65.16242819578507,2.455368137419977
2012-06-07 23:20:00,66.19775,65.40016624637494,2.4228676143536862
2012-06-07 23:25:00,66.156075,64.87600334842826,2.51507291651479
2012-06-07 23:30:00,66.0415,65.38611808749151,2.4244724354235934
2012-06-07 23:35:00,65.80936,65.16941287527705,2.4542288024278505
2012-06-07 23:40:00,65.76472,65.36809397524719,2.4265815046453203
2012-06-07 23:45:00,65.6293,65.43681899900794,2.4188394738605896
2012-06-07 23:50:00,65.61425,64.83983689442177,2.5247576941430934
2012-06-07 23:55:00,65.49388,65.31072655070032,2.433699307310829
2012-06-08 00:00:00,65.473045,64.5475055110016,2.9700865143595485
2012-06-08 00:05:00,65.43601,63.590606289723716,3.0390136260401612
2012-06-08 00:10:00,65.352684,63.687619275811024,3.028126556572347
2012-06-08 00:15:00,65.010414,64.33687882393828,2.980968035792273
2012-06-08 00:20:00,65.17708,63.32988932361034,3.0771581177337257
2012-06-08 00:25:00,65.07639,63.524583648584326,3.0473411822073486
2012-06-08 00:30:00,64.63889,63.91002254257774,3.008013994808909
2012-06-08 00:35:00,64.826385,63.36490726018159,3.07114505642978
2012-06-08 00:40:00,64.60764,64.08037777853777,2.9959287426077874
2012-06-08 00:45:00,64.59838,63.91002254257774,3.008013994808909
2012-06-08 00:50:00,64.733795,63.551525989886784,3.0438460684438104
2012-06-08 00:55:00,64.666664,63.81048695097405,3.016290120394125
2012-06-08 01:00:00,64.365746,64.80673596715165,3.0871750060828727
2012-06-08 01:05:00,64.16601,63.481251603155556,3.6637779762035425
2012-06-08 01:10:00,64.14749,63.451381234414235,3.681679378965869
2012-06-08 01:15:00,64.04333,63.38517360190695,3.722587474512917
2012-06-08 01:20:00,63.54332,63.82601195526235,3.478183266916209
2012-06-08 01:25:00,63.59193,63.2055457969418,3.8432694611995575
2012-06-08 01:30:00,63.84193,62.71394211775078,4.282599372051842
2012-06-08 01:35:00,63.640537,63.94940443894253,3.4195673564622475
2012-06-08 01:40:00,63.828037,63.48500421101827,3.661553303138348
2012-06-08 01:45:00,63.24471,63.99108442341437,3.400542105736229
2012-06-08 01:50:00,63.11971,64.02461234170597,3.3855034149087673
2012-06-08 01:55:00,62.622025,63.65797280885479,3.564192852810631
2012-06-08 02:00:00,62.797947,62.665269302328994,4.082437273067652
2012-06-08 02:05:00,63.0625,61.715733788504515,4.488308022694226
2012-06-08 02:10:00,62.64583,62.304865516152766,4.218980142680323
2012-06-08 02:15:00,62.568447,61.925600510653624,4.383331959643375
2012-06-08 02:20:00,62.301086,61.20535560678038,4.827776506138662
2012-06-08 02:25:00,62.193447,62.25732802674853,4.238218859248442
2012-06-08 02:30:00,62.31845,62.29618155806832,4.22246979741468
2012-06-08 02:35:00,62.26984,62.16812503951153,4.275259529308183
2012-06-08 02:40:00,61.5005,63.177231236682296,3.9090410314996427
2012-06-08 02:45:00,61.296795,61.12984037217071,4.895954588579164
2012-06-08 02:50:00,60.912537,62.53643489343847,4.129551068377681
2012-06-08 02:55:00,61.023647,61.11170996276346,4.913324032682858
2012-06-08 03:00:00,59.79448,62.73937731084441,4.058267510381328
2012-06-08 03:05:00,59.73082,61.93933052347271,4.2445402963637555
2012-06-08 03:10:00,59.92642,60.26823297220513,4.857739722879004
2012-06-08 03:15:00,59.35103,60.86303965366326,4.555834967561888
2012-06-08 03:20:00,59.93436,59.857038252451126,5.243469117330082
2012-06-08 03:25:00,59.271164,61.07985644220375,4.481363840891533
2012-06-08 03:30:00,58.104496,62.07253155955268,4.212243552329635
2012-06-08 03:35:00,57.239914,61.207313414165725,4.4415272578327825
2012-06-08 03:40:00,57.274303,60.02536640846734,5.076673643093282
2012-06-08 03:45:00,57.451553,59.91457674635807,5.187890711584959
2012-06-08 03:50:00,57.52331,60.467490133262594,4.73044664417553
2012-06-08 03:55:00,57.33697,60.512951281660115,4.706350993744047
2012-06-08 04:00:00,58.113754,57.56866494025607,6.676806771692469
2012-06-08 04:05:00,57.746197,61.70439455881259,3.922323175848371
2012-06-08 04:10:00,57.245037,60.707203458647776,4.223911633828079
2012-06-08 04:15:00,57.772816,59.082254061805344,5.610481251174231
2012-06-08 04:20:00,57.522816,61.3413668292551,4.009700693581809
2012-06-08 04:25:00,58.010086,58.94411151863127,5.717770459165346
2012-06-08 04:30:00,58.583004,56.741589443398624,7.242157451425761
2012-06-08 04:35:00,59.43717,57.66573582468817,6.61134049166552
2012-06-08 04:40:00,59.88046,59.9277233050364,4.8033876109006
2012-06-08 04:45:00,60.045803,60.120400778329135,4.6042608880050295
2012-06-08 04:50:00,59.788853,60.6053895456663,4.271192493232183
2012-06-08 04:55:00,60.330524,59.98887004663632,4.737076427433576
2012-06-08 05:00:00,60.2829,61.59947481332449,3.176990692392243
2012-06-08 05:05:00,60.538197,61.121084932141514,3.3929250689185264
2012-06-08 05:10:00,61.167828,59.77176927732111,4.698778222532518
2012-06-08 05:15:00,61.27199,61.44174019270028,3.2316238405331617
2012-06-08 05:20:00,61.574078,61.218702018032225,3.33497228216669
2012-06-08 05:25:00,61.666668,61.242421596240234,3.3221896686565238
2012-06-08 05:30:00,62.0625,60.763958759879266,3.688122783847252
2012-06-08 05:35:00,62.322918,61.91410089787379,3.0983865465975438
2012-06-08 05:40:00,62.5625,61.99278289046298,3.083394198180835
2012-06-08 05:45:00,62.895832,61.325714532607556,3.2809101959477665
2012-06-08 05:50:00,63.590275,60.65665255175924,3.798479076178143
2012-06-08 05:55:00,63.590275,62.48925262291459,3.017310958850692
2012-06-08 06:00:00,63.88657,63.254177246866675,2.4141113315497695
2012-06-08 06:05:00,64.03604,63.725430777850384,2.262693556819341
2012-06-08 06:10:00,64.18419,63.694657236466206,2.269453600227454
2012-06-08 06:15:00,64.4446,63.58078353439118,2.297676454730462
2012-06-08 06:20:00,64.59045,64.00105534762788,2.2157278080071685
2012-06-08 06:25:00,65.00016,63.33915505770329,2.377846110651248
2012-06-08 06:30:00,65.09391,63.752490918475424,2.2570301849035705
2012-06-08 06:35:00,64.88558,64.5895310460868,2.1734559935675346
2012-06-08 06:40:00,65.00826,64.5895310460868,2.1734559935675346
2012-06-08 06:45:00,65.21197,64.23598285116364,2.1910844448708864
2012-06-08 06:50:00,65.239746,64.66372343591398,2.1721738337576366
2012-06-08 06:55:00,65.37516,64.18295783214563,2.1956190438292484
2012-06-08 07:00:00,65.610115,66.06825821392304,1.6965710697500018
2012-06-08 07:05:00,65.87731,66.07296143457894,1.6959245975703061
2012-06-08 07:10:00,66.19444,66.0352733058573,1.7012583286792495
2012-06-08 07:15:00,66.34028,66.30833532500749,1.6701455338499114
2012-06-08 07:20:00,66.52778,66.34442606465272,1.6672663929073925
2012-06-08 07:25:00,66.704865,66.557634828015,1.6555626571246205
2012-06-08 07:30:00,66.923615,65.90238908353446,1.7229749623795136
2012-06-08 07:35:00,67.31945,65.67468460990195,1.7717615347721436
2012-06-08 07:40:00,67.263885,66.82454308235101,1.6527171233304878
2012-06-08 07:45:00,67.201385,66.76454363435505,1.6522746601148983
2012-06-08 07:50:00,67.266205,66.58094995594837,1.6548083913701073
2012-06-08 07:55:00,67.28704,66.48722699917242,1.6584551860395156
2012-06-08 08:00:00,67.141205,67.59879825895034,1.595202972540088
2012-06-08 08:05:00,66.86805,67.7368325412686,1.584834963291038
2012-06-08 08:10:00,66.791664,67.89275324368755,1.5763912544106022
2012-06-08 08:15:00,66.625,67.51082517300088,1.6032388118354957
2012-06-08 08:20:00,66.479164,67.72746170232107,1.5854523824581033
2012-06-08 08:25:00,66.291664,67.93294896559532,1.5747778071845324
2012-06-08 08:30:00,66.21181,67.32973309471572,1.6233457736437285
2012-06-08 08:35:00,66.06597,67.81100707057642,1.5803860102700888
2012-06-08 08:40:00,65.95718,67.30404969751486,1.6265936957422318
2012-06-08 08:45:00,65.87385,67.1895426738834,1.6423021560464715
2012-06-08 08:50:00,65.645836,67.50588973592444,1.6037230559089224
2012-06-08 08:55:00,65.578705,67.1895426738834,1.6423021560464715
2012-06-08 09:00:00,65.61921,66.31001106895378,2.2205662879784156
2012-06-08 09:05:00,65.69213,65.75755879942028,2.440314315587725
2012-06-08 09:10:00,65.28472,67.09638039500653,2.00429395600983
2012-06-08 09:15:00,65.22222,66.06842701363239,2.309075293349536
2012-06-08 09:20:00,65.09722,66.48767101999142,2.162563012623829
2012-06-08 09:25:00,64.87384,66.54626019900358,2.1446867169454324
2012-06-08 09:30:00,64.65162,66.32989294223144,2.213784534545292
2012-06-08 09:35:00,64.47338,66.60454049783756,2.127498904236504
2012-06-08 09:40:00,64.43171,66.12936069733395,2.2856676882751255
2012-06-08 09:45:00,64.390045,66.12936069733395,2.2856676882751255
2012-06-08 09:50:00,64.3125,65.6939811654776,2.469640858215689
2012-06-08 09:55:00,64.08796,66.2234199777772,2.250980764685172
2012-06-08 10:00:00,63.964123,65.80285328425032,2.8238254453991694
2012-06-08 10:05:00,63.729168,65.42872762002436,3.0167777986122672
2012-06-08 10:10:00,63.650463,63.68224688646828,4.314490308471195
2012-06-08 10:15:00,63.275463,64.8885815895335,3.3507249339055094
2012-06-08 10:20:00,63.16898,64.95865122558472,3.3037901294815666
2012-06-08 10:25:00,63.069443,64.33819436096464,3.7548142005640823
2012-06-08 10:30:00,63.027775,64.0552763835687,3.985981894175531
2012-06-08 10:35:00,62.86111,64.73784978335557,3.4552166416255456
2012-06-08 10:40:00,62.819443,65.09641135486419,3.214608728959309
2012-06-08 10:45:00,62.710648,65.09641135486419,3.214608728959309
2012-06-08 10:50:00,62.82986,64.33819436096464,3.7548142005640823
2012-06-08 10:55:00,62.862606,63.89006757319606,4.128141689452991
2012-06-08 11:00:00,62.75496,64.27800771128734,4.370260640628068
2012-06-08 11:05:00,62.948246,62.83091043295201,5.812211070597954
2012-06-08 11:10:00,63.258434,62.002331779244514,6.800211597525569
2012-06-08 11:15:00,63.623016,60.73094153895942,8.604465066293637
2012-06-08 11:20:00,63.666996,63.32947276853189,5.276958095535822
2012-06-08 11:25:00,63.416996,62.59457635046916,6.080824945197542
2012-06-08 11:30:00,63.301254,62.78824918798512,5.859966583688624
2012-06-08 11:35:00,63.323242,62.48593752731369,6.207700467506055
2012-06-08 11:40:00,63.200558,64.03864199477717,4.585102692117307
2012-06-08 11:45:00,63.17394,63.48933197507486,5.113950876028908
2012-06-08 11:50:00,63.09061,64.43209736928044,4.2373025433994815
2012-06-08 11:55:00,63.109955,63.2715606129782,5.337026226426079
2012-06-08 12:00:00,63.01736,62.52657309417984,6.610904689058902
2012-06-08 12:05:00,59.89236,63.65613073511321,5.409762835580556
2012-06-08 12:10:00,55.67593,63.88680252487694,5.179201509568949
2012-06-08 12:15:00,51.91551,63.21851646510661,5.861295797956558
2012-06-08 12:20:00,48.22801,62.84786704539115,6.257284592194357
2012-06-08 12:25:00,44.99884,59.31630170482966,10.819728990329414
2012-06-08 12:30:00,41.471066,60.739757800621284,8.8024821821712
2012-06-08 12:35:00,38.752316,61.7587781084203,7.5008255088957645
2012-06-08 12:40:00,36.645832,62.08482369950281,7.114518317742128
2012-06-08 12:45:00,36.229168,62.36241159039642,6.795575457657605
2012-06-08 12:50:00,35.66551,62.942153290906255,6.155371000010248
2012-06-08 12:55:00,35.123844,62.559149439156165,6.574590247891855
2012-06-08 13:00:00,34.667824,60.53990228620452,9.478702659001895
2012-06-08 13:05:00,37.256943,36.445961865941456,16.72617429732208
2012-06-08 13:10:00,40.694443,35.265249924800564,17.057366714518572
2012-06-08 13:15:00,43.350693,35.55995763252315,16.90976672964601
2012-06-08 13:20:00,45.965275,35.5891489603387,16.89809550327206
2012-06-08 13:25:00,49.256943,35.67113823826015,16.86785313432764
2012-06-08 13:30:00,52.973377,35.533641432966995,16.92069576540064
2012-06-08 13:35:00,55.900463,36.83065929619716,16.725202768139948
2012-06-08 13:40:00,58.33102,38.785565059196415,17.040038687831913
2012-06-08 13:45:00,58.76852,56.97765492458638,13.488543952253714
2012-06-08 13:50:00,59.30093,55.70270978545307,14.331863680493868
2012-06-08 13:55:00,59.746532,55.385239023791506,14.51492344211188
2012-06-08 14:00:00,60.20486,49.775664802182916,15.065913878570766
2012-06-08 14:05:00,60.73032,53.22634657783237,14.205528038370025
2012-06-08 14:10:00,61.36111,48.156467260257074,15.448975617539917
2012-06-08 14:15:00,62.267365,41.68090466207181,16.35583126561933
2012-06-08 14:20:00,63.184032,41.56124203040989,16.351760965993275
2012-06-08 14:25:00,63.481644,56.30361657599565,13.310026874297604
2012-06-08 14:30:00,63.512894,60.34136057690743,11.03179067518535
2012-06-08 14:35:00,63.217754,61.29277675780717,9.87873634167829
2012-06-08 14:40:00,62.69345,62.39089415302062,8.277448213046723
2012-06-08 14:45:00,62.620533,60.34136057690743,11.03179067518535
2012-06-08 14:50:00,62.63095,60.42920845750083,10.93975535947905
2012-06-08 14:55:00,62.68651,59.3813160721802,11.85664903481136
2012-06-08 15:00:00,62.759426,54.03312389109996,25.23696995872926
2012-06-08 15:05:00,62.64137,57.677944594841655,24.00881982540307
2012-06-08 15:10:00,62.645996,55.91410355512201,24.85095975063044
2012-06-08 15:15:00,62.32308,53.36989999798836,25.336202885734185
2012-06-08 15:20:00,61.687664,53.36989999798836,25.336202885734185
2012-06-08 15:25:00,60.400463,56.096348912658634,24.79715793252824
2012-06-08 15:30:00,59.077545,56.34803181593847,24.714175111296118
2012-06-08 15:35:00,58.70718,52.349862891303104,25.465418818460225
2012-06-08 15:40:00,59.01968,50.410228999782596,25.6142107111494
2012-06-08 15:45:00,58.946762,54.45496758209393,25.16699220644637
2012-06-08 15:50:00,58.95949,56.1723971647264,24.77321463054696
2012-06-08 15:55:00,59.004467,55.08002238821203,25.049836574597865
2012-06-08 16:00:00,57.60863,52.63410154581672,46.327869797115035
2012-06-08 16:05:00,55.904934,52.87830596481291,46.59767590588624
2012-06-08 16:10:00,52.99289,53.069963816063186,46.78465976008794
2012-06-08 16:15:00,50.254795,44.876392607294456,35.37299574532927
2012-06-08 16:20:00,47.55804,39.919368868017884,28.043566455854517
2012-06-08 16:25:00,45.89947,34.54197460424125,21.054340304609756
2012-06-08 16:30:00,44.63211,34.38679552873751,20.85548941103093
2012-06-08 16:35:00,41.32887,43.26545113495533,32.921482809918224
2012-06-08 16:40:00,38.20387,53.77294211010948,47.368495513676216
2012-06-08 16:45:00,34.499004,50.63910621529232,43.579945106155556
2012-06-08 16:50:00,30.776785,53.38424487290887,47.06971910843396
2012-06-08 16:55:00,26.907738,52.98817192358268,46.70584134739794
2012-06-08 17:00:00,24.595238,34.59386742357429,24.631158705167092
2012-06-08 17:05:00,22.493385,32.78985361805466,22.287061900175583
2012-06-08 17:10:00,22.103342,29.952916014761566,17.19917989111177
2012-06-08 17:15:00,21.685186,29.82893600306595,16.730416793716383
2012-06-08 17:20:00,21.036112,29.791349637768715,16.435205371877434
2012-06-08 17:25:00,20.100925,29.935946503882537,17.144780012628047
2012-06-08 17:30:00,18.499075,30.279235655042616,18.058235330299105
2012-06-08 17:35:00,18.311573,29.82472851566312,16.195642522109747
2012-06-08 17:40:00,17.561573,29.870065990347957,16.91108704332289
2012-06-08 17:45:00,17.495602,29.825997146574622,16.192835513040556
2012-06-08 17:50:00,17.298841,29.80183809426619,16.270830739732645
2012-06-08 17:55:00,20.830091,29.82858994808579,16.18735464774434
2012-06-08 18:00:00,24.768747,29.715487645403055,18.626413698141466
2012-06-08 18:05:00,28.496527,29.709913976610792,18.50762688463922
2012-06-08 18:10:00,29.525461,29.838162474426582,19.497488495487488
2012-06-08 18:15:00,29.30076,29.733252987796817,18.8348558093023
2012-06-08 18:20:00,29.688261,29.721252142867513,18.149518071363193
2012-06-08 18:25:00,29.734556,29.70842128815384,18.431066433224956
2012-06-08 18:30:00,30.093351,29.727893645237117,18.096200623426125
2012-06-08 18:35:00,30.537796,29.714217353047903,18.228591871679146
2012-06-08 18:40:00,30.381548,29.70976705752113,18.50270414573933
2012-06-08 18:45:00,30.537798,29.708650092681186,18.36357170849691
2012-06-08 18:50:00,30.839882,29.708328722006883,18.403584434252608
2012-06-08 18:55:00,28.100296,50.05259007837693,56.30442137965523
2012-06-08 19:00:00,25.994974,60.80104241608521,31.866386215735844
2012-06-08 19:05:00,25.387566,56.87544455702791,54.809373672702314
2012-06-08 19:10:00,27.248678,32.24293223513907,29.969084959360504
2012-06-08 19:15:00,31.37963,29.98592818830457,21.54263729184123
2012-06-08 19:20:00,35.285877,30.022195604682214,21.8460341719112
2012-06-08 19:25:00,39.447918,29.988994501259782,21.570563964342615
2012-06-08 19:30:00,43.444942,29.993863955287893,21.613817573312726
2012-06-08 19:35:00,47.229664,30.079403144945136,22.24930191401553
2012-06-08 19:40:00,51.438,29.952951142427583,21.196454558529656
2012-06-08 19:45:00,55.53175,30.007320936913555,21.727858354316137
2012-06-08 19:50:00,59.479664,30.081131521053184,22.260538198173332
2012-06-08 19:55:00,62.854664,30.49352652259655,24.32559037756644
2012-06-08 20:00:00,65.000496,34.72438521608509,40.993133811441574
2012-06-08 20:05:00,65.97272,49.32085035506298,58.40392032985736
2012-06-08 20:10:00,66.70767,56.36328139143662,45.83549716990287
2012-06-08 20:15:00,66.91601,65.42969668670963,7.297379447836462
2012-06-08 20:20:00,67.18684,64.49921714177604,11.0608367453549
2012-06-08 20:25:00,67.23892,65.71907178331432,6.295057187525067
2012-06-08 20:30:00,67.484955,64.56548060324072,10.767093891371147
2012-06-08 20:35:00,67.68287,64.59176823189958,10.651606141280165
2012-06-08 20:40:00,67.83796,64.94639674347901,9.153147727835526
2012-06-08 20:45:00,67.702545,65.6491576109202,6.5294764747288285
2012-06-08 20:50:00,67.68171,65.85413279352248,5.856489167266965
2012-06-08 20:55:00,67.74421,65.42969668670963,7.297379447836462
2012-06-08 21:00:00,67.62963,66.36834604708545,3.804297466721428
2012-06-08 21:05:00,67.60648,66.45553908523499,3.557437645390324
2012-06-08 21:10:00,67.54398,66.58478848418339,3.2321413802342875
2012-06-08 21:15:00,67.31481,67.04027056463825,2.404971715123495
2012-06-08 21:20:00,67.18634,66.9076448154796,2.6016766316963538
2012-06-08 21:25:00,67.23843,66.7467795083754,2.8862469073982964
2012-06-08 21:30:00,67.02546,66.86312156686434,2.6750895225933995
2012-06-08 21:35:00,67.03588,66.7467795083754,2.8862469073982964
2012-06-08 21:40:00,66.78704,66.74378769336731,2.8920654462847666
2012-06-08 21:45:00,66.84491,66.23273948998299,4.234953825763639
2012-06-08 21:50:00,66.68866,66.61182847980402,3.1698511129472897
2012-06-08 21:55:00,66.75116,66.66586824037371,3.050966333606178
2012-06-08 22:00:00,67.02894,66.09369365549152,3.1770119203019047
2012-06-08 22:05:00,67.12269,66.34977615059773,2.701479864073032
2012-06-08 22:10:00,67.21644,66.37260634466186,2.6672814345887326
2012-06-08 22:15:00,67.1632,66.39562905851047,2.633885719742915
2012-06-08 22:20:00,67.260414,66.50538726079121,2.4883972665889362
2012-06-08 22:25:00,67.0625,66.78402949066809,2.2008584509245015
2012-06-08 22:30:00,67.04398,66.28006808622376,2.8130921188074858
2012-06-08 22:35:00,66.76273,66.68413290592557,2.292356897812771
2012-06-08 22:40:00,66.90973,66.11361246622202,3.1326572933841526
2012-06-08 22:45:00,66.82061,66.33969314569137,2.7169393155082298
2012-06-08 22:50:00,66.97223,66.19602986257316,2.963964658164293
2012-06-08 22:55:00,66.69908,66.73390857133334,2.2453210271774156
2012-06-08 23:00:00,66.43982,66.25331175244001,2.267058925873138
2012-06-08 23:05:00,66.29398,66.09038293230596,2.363454833982703
2012-06-08 23:10:00,66.21065,66.11886357759452,2.345459975014314
2012-06-08 23:15:00,66.21991,65.75843731742589,2.617914306310318
2012-06-08 23:20:00,66.0324,66.2921170240134,2.246280822413673
2012-06-08 23:25:00,65.75115,65.8142655924305,2.5684792961908007
2012-06-08 23:30:00,65.7128,65.71221369989576,2.6612899868867292
2012-06-08 23:35:00,65.78803,65.51164315278811,2.8800503010725094
2012-06-08 23:40:00,65.48479,65.92564515604619,2.478504719496807
2012-06-08 23:45:00,65.444275,65.60832816692941,2.767835179637363
2012-06-08 23:50:00,65.126,66.04948260994176,2.390221551789352
2012-06-08 23:55:00,65.3158,65.57830700734131,2.801219961590503
2012-06-09 00:00:00,65.078545,64.7621440356421,2.9987797354310994
2012-06-09 00:05:00,64.93155,64.92398474368552,2.8892799173086536
2012-06-09 00:10:00,64.92857,65.15121015783892,2.757622300273216
2012-06-09 00:15:00,64.97106,65.01288976602125,2.835008756205882
2012-06-09 00:20:00,65.012726,65.02007911460451,2.8307832747748094
2012-06-09 00:25:00,65.01273,64.27717420802098,3.447742830152214
2012-06-09 00:30:00,64.93998,64.81249800211926,2.9630964648442943
2012-06-09 00:35:00,64.989746,64.89942228692193,2.9049657256086614
2012-06-09 00:40:00,65.25016,64.32594367644447,3.3912496513272465
2012-06-09 00:45:00,65.34275,64.68250518130311,3.058543718290737
2012-06-09 00:50:00,65.57193,64.40200115545831,3.3093699545159825
2012-06-09 00:55:00,65.2247,65.35307081595111,2.6577746687815
2012-06-09 01:00:00,65.4122,64.2491787784537,2.5956139941002405
2012-06-09 01:05:00,65.392525,64.83926930373029,2.3775008270556444
2012-06-09 01:10:00,65.49041,65.70465288514487,2.144399213020084
2012-06-09 01:15:00,65.012726,65.71034724595182,2.1431095025421096
2012-06-09 01:20:00,64.820595,65.71604068703104,2.1418232781289634
2012-06-09 01:25:00,64.758095,64.46021569375871,2.510252786595432
2012-06-09 01:30:00,65.15228,64.99056629744013,2.330578112601216
2012-06-09 01:35:00,64.86177,65.59564307422856,2.169608520238506
2012-06-09 01:40:00,65.059685,65.59564307422856,2.169608520238506
2012-06-09 01:45:00,65.00413,65.47354019718613,2.199088983754423
2012-06-09 01:50:00,64.972885,65.59564307422856,2.169608520238506
2012-06-09 01:55:00,65.19511,64.57371046800392,2.467977248741874
2012-06-09 02:00:00,64.97636,64.53075627491684,2.7826622144095707
2012-06-09 02:05:00,64.840935,64.25938602077683,2.876622090085057
2012-06-09 02:10:00,64.498344,65.65997690238713,2.463059420001384
2012-06-09 02:15:00,64.73793,63.24335103519019,3.330760240628109
2012-06-09 02:20:00,64.565475,64.46557419076224,2.80447076896394
2012-06-09 02:25:00,64.86756,63.674610320270375,3.1134727962498676
2012-06-09 02:30:00,64.40625,66.09988977228478,2.360852924200023
2012-06-09 02:35:00,64.56365,63.90278131838296,3.014560498203329
2012-06-09 02:40:00,64.26968,65.93481822386052,2.3980570387801445
2012-06-09 02:45:00,64.50231,64.78477352137797,2.7017753043587356
2012-06-09 02:50:00,64.233795,65.02031112334465,2.631991822309908
2012-06-09 02:55:00,63.702545,65.02031112334465,2.631991822309908
2012-06-09 03:00:00,63.434025,63.123927695918745,3.6010008614202333
2012-06-09 03:05:00,63.533566,63.21548614020788,3.5587502600559433
2012-06-09 03:10:00,63.302082,63.78715924353866,3.3224896037407086
2012-06-09 03:15:00,62.854168,63.823916830299936,3.3086565128057672
2012-06-09 03:20:00,63.035877,63.26155094894214,3.5380199231017992
2012-06-09 03:25:00,62.681713,64.57549944230271,3.0522957555545704
2012-06-09 03:30:00,62.421295,63.77666075904193,3.3264668031843434
2012-06-09 03:35:00,62.241898,64.16509317399004,3.186512796884724
2012-06-09 03:40:00,61.577545,64.33220045076577,3.130354888490425
2012-06-09 03:45:00,61.296295,65.38166515145606,2.8189649661337004
2012-06-09 03:50:00,60.957672,63.41108102698465,3.472972801576198
2012-06-09 03:55:00,61.12434,62.310794496539906,4.0588703770820205
2012-06-09 04:00:00,61.642857,61.86179435032708,4.29720429257431
2012-06-09 04:05:00,61.77345,63.45960378585847,3.550283661822182
2012-06-09 04:10:00,62.108707,62.57599520956807,3.9002062454826327
2012-06-09 04:15:00,62.653263,61.778010583448946,4.35402507248732
2012-06-09 04:20:00,62.694153,63.87832734498998,3.412866220132591
2012-06-09 04:25:00,62.980213,62.7938308042635,3.8035435421562394
2012-06-09 04:30:00,63.350574,62.44880471017649,3.9609876994085553
2012-06-09 04:35:00,63.555233,63.155159187546936,3.659607366916315
2012-06-09 04:40:00,64.20877,61.40022122362918,4.635088025781664
2012-06-09 04:45:00,64.23827,63.95180860726063,3.389993718592319
2012-06-09 04:50:00,64.77171,61.84258461074571,4.310027344436496
2012-06-09 04:55:00,65.06355,62.7938308042635,3.8035435421562394
2012-06-09 05:00:00,65.0751,64.18273981216778,3.2056592291579378
2012-06-09 05:05:00,65.086655,64.18709954418058,3.204583444385934
2012-06-09 05:10:00,65.09821,64.19146277709253,3.2035079266316617
2012-06-09 05:15:00,65.10977,64.19582427438921,3.2024345598535615
2012-06-09 05:20:00,65.12132,64.20018716611183,3.201361371087282
2012-06-09 05:25:00,65.13287,64.20454894526058,3.200288909202604
2012-06-09 05:30:00,65.14443,64.20891309790026,3.199217797240905
2012-06-09 05:35:00,65.15599,64.2132736606349,3.1981472786519407
2012-06-09 05:40:00,65.16754,64.21763787261186,3.1970774127729875
2012-06-09 05:45:00,65.1791,64.22199935507422,3.1960095791956586
2012-06-09 05:50:00,65.19065,64.22636313685594,3.1949414934349165
2012-06-09 05:55:00,65.2022,64.23072463415264,3.1938759443426243
2012-06-09 06:00:00,65.21375,64.8172839834376,2.797933091988981
2012-06-09 06:05:00,65.22532,64.82163224852225,2.7970779528691945
2012-06-09 06:10:00,65.23687,64.82598420735219,2.796223303281916
2012-06-09 06:15:00,65.24842,64.83033281362619,2.795370626658988
2012-06-09 06:20:00,65.25998,64.83468413458043,2.794518617580388
2012-06-09 06:25:00,65.27153,64.83903254800828,2.7936684034543178
2012-06-09 06:30:00,65.28309,64.84338386896252,2.7928189013755325
2012-06-09 06:35:00,65.29465,64.8477320005383,2.791971921130878
2012-06-09 06:40:00,65.3062,64.85208314348074,2.7911245551939445
2012-06-09 06:45:00,65.31775,64.85643087452993,2.7902801857893333
2012-06-09 06:50:00,65.32931,64.8607821213126,2.7894352675149405
2012-06-09 06:55:00,65.340866,64.86512965951566,2.7885930490864994
2012-06-09 07:00:00,65.35242,65.723035987895,2.3858084607331898
2012-06-09 07:05:00,65.363976,65.7275607813689,2.3850487656181345
2012-06-09 07:10:00,65.37553,65.732087681316,2.3842902720828705
2012-06-09 07:15:00,65.38708,65.73660938925165,2.3835341075355996
2012-06-09 07:20:00,65.398636,65.74113314432326,2.382779856615405
2012-06-09 07:25:00,65.41019,65.74565449623525,2.3820273709791024
2012-06-09 07:30:00,65.421745,65.75017564046681,2.3812765319521447
2012-06-09 07:35:00,65.4333,65.75469435187016,2.3805280070788615
2012-06-09 07:40:00,65.444855,65.75921478405441,2.379781039809012
2012-06-09 07:45:00,65.456406,65.76372999455857,2.3790361345094233
2012-06-09 07:50:00,65.467964,65.76824811258918,2.37829211926894
2012-06-09 07:55:00,65.479515,65.7727618099929,2.3775509373832757
2012-06-09 08:00:00,65.49107,66.45749795698269,2.12386890201555
2012-06-09 08:05:00,65.502625,66.46246691961878,2.123078277346583
2012-06-09 08:10:00,65.51418,66.46743487352121,2.122289551470374
2012-06-09 08:15:00,65.525734,66.47239808044175,2.121504385830587
2012-06-09 08:20:00,65.537285,66.47735864685363,2.1207209113031
2012-06-09 08:25:00,65.548836,66.48231870889866,2.1199396174204206
2012-06-09 08:30:00,65.5604,66.48727351959498,2.1191611865611972
2012-06-09 08:35:00,65.57195,66.49222782592447,2.1183848918438266
2012-06-09 08:40:00,65.5835,66.49717750394662,2.1176115639901405
2012-06-09 08:45:00,65.59506,66.5021268852824,2.1168393338760176
2012-06-09 08:50:00,65.60661,66.50706979885533,2.116070545323769
2012-06-09 08:55:00,65.61817,66.51201407718557,2.115303744570189
2012-06-09 09:00:00,65.62973,66.55381496135256,2.1767047983079846
2012-06-09 09:05:00,65.64128,66.55955507119754,2.17564773444583
2012-06-09 09:10:00,65.65283,66.56528642879464,2.1745953730626155
2012-06-09 09:15:00,65.66439,66.57101846877039,2.173544687957383
2012-06-09 09:20:00,65.67595,66.5767437146283,2.1724975482542535
2012-06-09 09:25:00,65.6875,66.58246762539756,2.1714528265450266
2012-06-09 09:30:00,65.69906,66.58818459370578,2.170412095267456
2012-06-09 09:35:00,65.71061,66.59390153234537,2.169373737480832
2012-06-09 09:40:00,65.72216,66.59960986708028,2.1683392366169985
2012-06-09 09:45:00,65.73373,66.60531938856066,2.167306590042968
2012-06-09 09:50:00,65.74527,66.61102095884638,2.1662780822437773
2012-06-09 09:55:00,65.75683,66.61672202476525,2.165252274290539
2012-06-09 10:00:00,65.76839,66.3961715495352,2.1271958836140867
2012-06-09 10:05:00,65.77994,66.40219095992744,2.1261482247098122
2012-06-09 10:10:00,65.79149,66.40820384321954,2.1251042743851434
2012-06-09 10:15:00,65.80305,66.41421604413303,2.1240626975514223
2012-06-09 10:20:00,65.814606,66.42021934445543,2.1230254820073173
2012-06-09 10:25:00,65.82616,66.42622433589017,2.1219901652559705
2012-06-09 10:30:00,65.83771,66.4322207234202,2.1209590911196927
2012-06-09 10:35:00,65.849266,66.43821630989704,2.1199307910009595
2012-06-09 10:40:00,65.860825,66.44420492424425,2.1189062884677425
2012-06-09 10:45:00,65.872375,66.4501938352778,2.117883833070468
2012-06-09 10:50:00,65.883934,66.45617423141258,2.11686536810485
2012-06-09 10:55:00,65.895485,66.46215530992599,2.115849691991094
2012-06-09 11:00:00,65.907036,66.27229965035225,1.9440065590589708
2012-06-09 11:05:00,65.91859,66.27831799267355,1.9430217012417383
2012-06-09 11:10:00,65.930145,66.28432580262877,1.942041345640147
2012-06-09 11:15:00,65.9417,66.29033542237084,1.9410638604791703
2012-06-09 11:20:00,65.953255,66.29633563715504,1.9400912632261142
2012-06-09 11:25:00,65.96481,66.30233513989192,1.9391214177391258
2012-06-09 11:30:00,65.976364,66.30832710679508,1.938155822284364
2012-06-09 11:35:00,65.987915,66.31431684855046,1.9371932530305618
2012-06-09 11:40:00,65.99947,66.32030027088622,1.9362350895693305
2012-06-09 11:45:00,66.01103,66.32627823419277,1.93528067919066
2012-06-09 11:50:00,66.02258,66.3322556931325,1.9343287238916893
2012-06-09 11:55:00,66.03414,66.33822511187164,1.9333809963734685
2012-06-09 12:00:00,66.04569,66.23304270345153,1.74156125820625
2012-06-09 12:05:00,66.05724,66.23901903498306,1.7405540450711552
2012-06-09 12:10:00,66.06881,66.24499385341413,1.7395509855452183
2012-06-09 12:15:00,66.08035,66.25095914821274,1.7385532886253907
2012-06-09 12:20:00,66.09191,66.25692242554406,1.737559315119488
2012-06-09 12:25:00,66.10347,66.26287650559796,1.7365710305746997
2012-06-09 12:30:00,66.11502,66.2688279748118,1.7355859576598498
2012-06-09 12:35:00,66.12657,66.27477089945826,1.7346070335699864
2012-06-09 12:40:00,66.13813,66.28071240001013,1.7336306461485729
2012-06-09 12:45:00,66.14969,66.28664413958049,1.7326603111290764
2012-06-09 12:50:00,66.16124,66.29257347599126,1.7316932767454285
2012-06-09 12:55:00,66.17279,66.29849477220144,1.7307315604649354
2012-06-09 13:00:00,66.18435,66.26509147701888,1.487898010502807
2012-06-09 13:05:00,66.19591,66.2705992221001,1.4869506241739099
2012-06-09 13:10:00,66.20746,66.2761047123649,1.4860083408505496
2012-06-09 13:15:00,66.21902,66.28160026363635,1.4850715462250061
2012-06-09 13:20:00,66.23057,66.28709439081324,1.484138853288507
2012-06-09 13:25:00,66.24212,66.29258029977773,1.483211567461072
2012-06-09 13:30:00,66.25367,66.29806161010349,1.4822891621243983
2012-06-09 13:35:00,66.265236,66.30353713504509,1.4813716446956453
2012-06-09 13:40:00,66.27679,66.30900847670887,1.4804590745120858
2012-06-09 13:45:00,66.28834,66.31447189684663,1.4795514515737203
2012-06-09 13:50:00,66.2999,66.31993226111477,1.4786483085995181
2012-06-09 13:55:00,66.31145,66.32538455551371,1.477750802666317
2012-06-09 14:00:00,66.28037,66.2681272609468,1.280695811013004
2012-06-09 14:05:00,66.37781,66.27270459757653,1.2798315562045468
2012-06-09 14:10:00,66.47559,66.27728039143716,1.2789723302300346
2012-06-09 14:15:00,66.368706,66.28185099328634,1.2781179773291245
2012-06-09 14:20:00,66.385864,66.28642174347868,1.2772682304840848
2012-06-09 14:25:00,66.36039,66.29098531386093,1.2764239797540204
2012-06-09 14:30:00,66.302704,66.29555027866911,1.2755833337633327
2012-06-09 14:35:00,66.27531,66.30010984378536,1.2747480577959138
2012-06-09 14:40:00,66.145096,66.30466739143434,1.273917306295614
2012-06-09 14:45:00,66.199104,66.30922209089415,1.2730915910464187
2012-06-09 14:50:00,66.20586,66.31377435752576,1.2722702074182028
2012-06-09 14:55:00,66.25794,66.3183227078973,1.271453815538136
2012-06-09 15:00:00,66.320435,66.15772640632338,1.2769325150238637
2012-06-09 15:05:00,66.210655,66.61641539940346,1.143653128709722
2012-06-09 15:10:00,66.1007,66.62121676391001,1.1427395794611468
2012-06-09 15:15:00,66.27662,65.88921539288772,1.409914740271365
2012-06-09 15:20:00,66.16204,66.3405132164824,1.2112543712612043
2012-06-09 15:25:00,66.208336,66.19438998800881,1.262171722900572
2012-06-09 15:30:00,66.427086,66.08372677362975,1.309280978909164
2012-06-09 15:35:00,66.489586,66.19438998800881,1.262171722900572
2012-06-09 15:40:00,66.41435,65.81367573542708,1.4539928406594036
2012-06-09 15:45:00,66.395836,66.48792124527459,1.1711607613843047
2012-06-09 15:50:00,66.5463,66.32425293436717,1.21632899874742
2012-06-09 15:55:00,66.49074,66.48792124527459,1.1711607613843047
2012-06-09 16:00:00,66.45949,66.37681617588699,1.3601080563037715
2012-06-09 16:05:00,66.39815,66.2044586036263,1.4690278377415769
2012-06-09 16:10:00,66.35648,66.20950322128634,1.4656721072339371
2012-06-09 16:15:00,66.24537,66.52080260979774,1.2808511930813207
2012-06-09 16:20:00,66.27662,65.75265487043613,1.7890053396159582
2012-06-09 16:25:00,66.33218,66.35499797902565,1.3731476743806088
2012-06-09 16:30:00,66.28009,66.82826851374237,1.1558791882613115
2012-06-09 16:35:00,66.236115,66.4151870392797,1.3377958766389562
2012-06-09 16:40:00,66.37616,64.63016268927574,2.5954713917972447
2012-06-09 16:45:00,66.35301,66.4235704169871,1.33303055210901
2012-06-09 16:50:00,66.23843,66.82826851374237,1.1558791882613115
2012-06-09 16:55:00,66.11805,66.28234447172296,1.4182382985897375
2012-06-09 17:00:00,65.9618,66.27384962894693,1.5845439213807466
2012-06-09 17:05:00,66.20833,65.85667275519144,1.936189496291659
2012-06-09 17:10:00,66.17708,65.99600655347213,1.8165987739882967
2012-06-09 17:15:00,66.15394,66.07226569021059,1.751850801328004
2012-06-09 17:20:00,66.17477,65.92875626864303,1.8741392853625334
2012-06-09 17:25:00,66.11921,66.58282136455465,1.3515871867160607
2012-06-09 17:30:00,66.04861,66.68749967316613,1.2848497539434833
2012-06-09 17:35:00,66.07771,66.2632040176801,1.5931871147581698
2012-06-09 17:40:00,66.21891,65.95921702842328,1.8480309961962273
2012-06-09 17:45:00,66.26058,66.36410696258439,1.5124976049825836
2012-06-09 17:50:00,66.233955,66.48400664665469,1.4212997607228288
2012-06-09 17:55:00,66.48281,65.52143347659201,2.228565442004365
2012-06-09 18:00:00,66.62748,65.69325413553172,2.3194805144863486
2012-06-09 18:05:00,66.52679,66.90699269884175,1.1822091095620093
2012-06-09 18:10:00,66.69114,66.12501433104205,1.8340466174648535
2012-06-09 18:15:00,66.52447,66.2181558122045,1.7347502885829928
2012-06-09 18:20:00,66.586975,66.30168658349051,1.6482688526881866
2012-06-09 18:25:00,66.63442,66.52424064110397,1.4362730247888866
2012-06-09 18:30:00,66.62517,66.57711024096787,1.3915775571538982
2012-06-09 18:35:00,66.60136,66.52810685017717,1.4329149727104145
2012-06-09 18:40:00,66.54928,66.68234575624794,1.3112787907427215
2012-06-09 18:45:00,66.4752,66.62763195391774,1.3515074819231765
2012-06-09 18:50:00,66.56432,66.52424064110397,1.4362730247888866
2012-06-09 18:55:00,66.50182,66.81322868067238,1.2291504336688985
2012-06-09 19:00:00,66.47404,66.49314156060204,1.4154488978565158
2012-06-09 19:05:00,66.45321,66.69590755716757,1.2786925920703813
2012-06-09 19:10:00,66.340935,66.71540005925526,1.268322609856981
2012-06-09 19:15:00,66.497185,65.82821258126229,2.2432107563758965
2012-06-09 19:20:00,66.57011,66.57114895143523,1.3561152289056793
2012-06-09 19:25:00,66.653435,66.69590755716757,1.2786925920703813
2012-06-09 19:30:00,66.8664,66.60439544787202,1.3334914840510355
2012-06-09 19:35:00,66.9676,66.52827783053132,1.387607151828102
2012-06-09 19:40:00,67.0301,66.59608828889266,1.3390013430226102
2012-06-09 19:45:00,67.233795,66.49314156060204,1.4154488978565158
2012-06-09 19:50:00,67.22338,66.79667283959691,1.2294180151046048
2012-06-09 19:55:00,67.41088,66.69590755716757,1.2786925920703813
2012-06-09 20:00:00,67.64236,66.45305110301778,1.3827880751453512
2012-06-09 20:05:00,67.84028,66.67725022720705,1.2767408778813223
2012-06-09 20:10:00,68.03588,66.47242380314991,1.3717132625435806
2012-06-09 20:15:00,68.34838,66.37398415615695,1.432801772026532
2012-06-09 20:20:00,68.50463,66.78274765721319,1.2400608152681143
2012-06-09 20:25:00,68.52546,66.94358801299381,1.195526848857792
2012-06-09 20:30:00,68.43287,67.18183517739196,1.148061153846143
2012-06-09 20:35:00,68.50579,66.80936724824973,1.2318238522835336
2012-06-09 20:40:00,68.63195,66.78274765721319,1.2400608152681143
2012-06-09 20:45:00,68.554405,67.03684063286985,1.1746998292333286
2012-06-09 20:50:00,68.56482,66.80936724824973,1.2318238522835336
2012-06-09 20:55:00,68.366905,67.2150867768343,1.1427993914330263
2012-06-09 21:00:00,68.24769,67.06765323301444,1.2302153745541355
2012-06-09 21:05:00,68.15278,67.22195064563705,1.2080896993576877
2012-06-09 21:10:00,67.978004,66.99296540662057,1.2427438910240423
2012-06-09 21:15:00,67.92593,67.19432958976381,1.2117067289671815
2012-06-09 21:20:00,67.790504,67.22195064563705,1.2080896993576877
2012-06-09 21:25:00,67.62963,67.02723852689813,1.2368358418602103
2012-06-09 21:30:00,67.52778,66.96800248259683,1.2472234991640112
2012-06-09 21:35:00,67.486115,67.02723852689813,1.2368358418602103
2012-06-09 21:40:00,67.35648,67.14196406003992,1.2189642931637088
2012-06-09 21:45:00,67.21065,66.8584943869247,1.2687644500311968
2012-06-09 21:50:00,67.084496,66.8584943869247,1.2687644500311968
2012-06-09 21:55:00,67.10532,66.71738925234982,1.3016403184393741
2012-06-09 22:00:00,67.178246,66.68392952742,1.3882090691324154
2012-06-09 22:05:00,67.085655,66.91967230284479,1.3473624470009098
2012-06-09 22:10:00,67.1493,66.44047151198954,1.4427254044329159
2012-06-09 22:15:00,67.0243,67.01095450987341,1.334164346483205
2012-06-09 22:20:00,67.06598,66.80415076017643,1.3660802638947809
2012-06-09 22:25:00,67.10186,66.51856040256818,1.4236820113354656
2012-06-09 22:30:00,67.083336,66.62674791754567,1.3997757803159185
2012-06-09 22:35:00,67.083336,66.86374543895991,1.3561303154075153
2012-06-09 22:40:00,66.93056,66.7341767461418,1.3786114802106404
2012-06-09 22:45:00,66.99306,66.3792400738486,1.4588022231150648
2012-06-09 22:50:00,66.96528,66.43707314765076,1.4435902896999062
2012-06-09 22:55:00,66.93403,66.7141021453992,1.382384233077775
2012-06-09 23:00:00,66.92477,66.74662938507298,1.5026261226226139
2012-06-09 23:05:00,66.83218,66.48736353423917,1.5443808423906746
2012-06-09 23:10:00,66.82061,66.45796562370528,1.5496844375817427
2012-06-09 23:15:00,66.862274,66.48736353423917,1.5443808423906746
2012-06-09 23:20:00,66.82804,66.77830952582752,1.4980959072053464
2012-06-09 23:25:00,66.682205,66.45428522930463,1.5503569959103842
2012-06-09 23:30:00,66.35582,66.398859557702,1.5607287804934733
2012-06-09 23:35:00,65.866234,66.71477820462698,1.5072994002067484
2012-06-09 23:40:00,65.94957,66.08273180622452,1.6294344009657182
2012-06-09 23:45:00,65.94378,66.38773147506276,1.5628665615385062
2012-06-09 23:50:00,66.06647,66.15874709643677,1.6113089109893004
2012-06-09 23:55:00,66.16022,66.45428522930463,1.5503569959103842
2012-06-10 00:00:00,65.928734,66.42129584127473,1.7444393755807983
2012-06-10 00:05:00,65.86508,65.83589631317564,1.858051296438612
2012-06-10 00:10:00,65.97851,66.09387362544261,1.8034634671404746
2012-06-10 00:15:00,65.77017,66.31142454215035,1.7630854166249819
2012-06-10 00:20:00,65.79398,66.37222450930568,1.7526301890007663
2012-06-10 00:25:00,65.87731,65.60110928321818,1.9150858537144109
2012-06-10 00:30:00,66.32523,64.85683149013327,2.1588670347716907
2012-06-10 00:35:00,66.79398,64.62635704872464,2.2616691877949897
2012-06-10 00:40:00,66.956024,66.01981774101354,1.818344305985601
2012-06-10 00:45:00,67.05556,66.03633777204436,1.8149717830295071
2012-06-10 00:50:00,67.10764,66.2397115603043,1.7758694690640355
2012-06-10 00:55:00,66.97801,66.45230131722745,1.739375651318623
2012-06-10 01:00:00,67.260414,65.08378554009973,2.21317056435726
2012-06-10 01:05:00,67.375,65.08877171054519,2.21204265179032
2012-06-10 01:10:00,67.334496,66.09445204518653,2.0153032750957647
2012-06-10 01:15:00,67.615746,65.04380948477916,2.2222798297680426
2012-06-10 01:20:00,67.523155,66.05969672055434,2.021214157614416
2012-06-10 01:25:00,67.429405,65.44109294415729,2.13651597435829
2012-06-10 01:30:00,67.2338,66.09877909719584,2.014571171812975
2012-06-10 01:35:00,67.2963,65.94078156052909,2.0418648342786305
2012-06-10 01:40:00,67.1551,66.19737497923043,1.9981199868539556
2012-06-10 01:45:00,67.08218,65.98069715116777,2.0348587488651613
2012-06-10 01:50:00,67.01968,66.02033691248968,2.027975372933684
2012-06-10 01:55:00,67.04745,65.55058344632776,2.114609379793466
2012-06-10 02:00:00,66.94328,65.9182560040281,2.3301147923339247
2012-06-10 02:05:00,67.06828,65.23006156205308,2.4880916647951135
2012-06-10 02:10:00,66.97453,65.62558676900584,2.394512838256947
2012-06-10 02:15:00,66.953705,65.87728334952726,2.3389007882776425
2012-06-10 02:20:00,66.87963,65.36911404231921,2.454276643104764
2012-06-10 02:25:00,67.138885,64.67356244595092,2.6347380403422016
2012-06-10 02:30:00,66.98032,64.96581861937669,2.555337425157077
2012-06-10 02:35:00,66.43866,65.87728334952726,2.3389007882776425
2012-06-10 02:40:00,66.48727,65.3197269470482,2.4661683371191088
2012-06-10 02:45:00,66.34144,65.36419151109978,2.4554557044016256
2012-06-10 02:50:00,66.00694,65.45236376260839,2.4345172716286494
2012-06-10 02:55:00,65.84837,65.32962915128161,2.463773380912743
2012-06-10 03:00:00,65.921295,65.21016998713118,2.7864639535349025
2012-06-10 03:05:00,65.91088,65.48256290434892,2.71462075604174
2012-06-10 03:10:00,66.046295,64.92927979430918,2.8640441901691216
2012-06-10 03:15:00,65.98032,65.5270758579472,2.703176568911248
2012-06-10 03:20:00,65.86574,64.73781375079612,2.9191502415470327
2012-06-10 03:25:00,65.28356,65.52214430746217,2.704440467675168
2012-06-10 03:30:00,65.553246,63.897489605480935,3.1866183578946194
2012-06-10 03:35:00,65.803246,63.0983698193032,3.4938036262033365
2012-06-10 03:40:00,65.765045,65.24087358470398,2.7782052137708777
2012-06-10 03:45:00,65.59722,64.39600045114157,3.0225154014574236
2012-06-10 03:50:00,65.671295,63.59060017798453,3.2971507780881404
2012-06-10 03:55:00,65.71875,64.29704853063055,3.0537430806657855
2012-06-10 04:00:00,65.15833,65.41291773748507,2.9113717183389825
2012-06-10 04:05:00,65.00208,65.32035790994799,2.9346355046962866
2012-06-10 04:10:00,64.42917,65.41291773748507,2.9113717183389825
2012-06-10 04:15:00,64.04722,65.11683313799513,2.9867229799556667
2012-06-10 04:20:00,64.09038,64.05342797557314,3.283996995096722
2012-06-10 04:25:00,63.885517,62.67535440999999,3.7718712042531606
2012-06-10 04:30:00,63.688763,65.03222652259984,3.008772250995078
2012-06-10 04:35:00,63.84732,64.15364582714973,3.2538513014054655
2012-06-10 04:40:00,63.57649,64.94167446072397,3.0326409808576535
2012-06-10 04:45:00,64.057976,63.44657708847297,3.4792389956897054
2012-06-10 04:50:00,63.97464,63.802448233820854,3.3619135702325367
2012-06-10 04:55:00,63.760517,64.38098123777421,3.187304237441204
2012-06-10 05:00:00,63.801258,62.99131862424259,3.504089534917077
2012-06-10 05:05:00,63.43089,64.7948298393455,3.00803100977214
2012-06-10 05:10:00,63.253803,62.93609480321073,3.5241897693619055
2012-06-10 05:15:00,63.18089,63.50413093589946,3.3364392775841334
2012-06-10 05:20:00,62.70602,64.45397023802234,3.085976274479783
2012-06-10 05:25:00,62.848377,62.03680701247487,3.935619561142784
2012-06-10 05:30:00,62.983795,64.29695418436538,3.1236258191391784
2012-06-10 05:35:00,62.854168,65.10009072569683,2.9419817558655037
2012-06-10 05:40:00,63.0625,63.84819783554013,3.23870488375762
2012-06-10 05:45:00,62.895832,65.89523281548128,2.7828603118977853
2012-06-10 05:50:00,62.78125,63.601721140150914,3.307718672360775
2012-06-10 05:55:00,62.958332,63.55284395974136,3.32199569510883
2012-06-10 06:00:00,63.38426,63.9184819610014,2.8646035181452443
2012-06-10 06:05:00,63.817127,63.798653140470186,2.898070304210625
2012-06-10 06:10:00,64.547455,62.95775425803063,3.207721822460046
2012-06-10 06:15:00,64.84954,63.91346327372994,2.8659629647541234
2012-06-10 06:20:00,65.416664,63.06677136001445,3.1589867548209796
2012-06-10 06:25:00,65.90625,63.38470734073602,3.0322567423418723
2012-06-10 06:30:00,65.81019,65.58647264692293,2.547222385435611
2012-06-10 06:35:00,66.083336,65.15960770232043,2.6093631227929106
2012-06-10 06:40:00,66.146996,65.4947366135908,2.559787661346569
2012-06-10 06:45:00,65.947914,65.77320675053964,2.5228393645876444
2012-06-10 06:50:00,66.34028,63.82350980627107,2.8909518785037407
2012-06-10 06:55:00,66.63194,65.07641604355355,2.6226493465792045
2012-06-10 07:00:00,66.57986,66.63235861279672,2.137977762929967
2012-06-10 07:05:00,66.508095,66.54268848081972,2.146373334447121
2012-06-10 07:10:00,66.396996,66.94229190892459,2.112712189141769
2012-06-10 07:15:00,66.521996,66.07945116703674,2.1980771497291385
2012-06-10 07:20:00,66.62616,66.36025054416135,2.165030575401714
2012-06-10 07:25:00,66.71644,66.36025054416135,2.165030575401714
2012-06-10 07:30:00,66.989586,65.97349597963273,2.211987675806246
2012-06-10 07:35:00,66.885414,67.14695631255596,2.0990757716004733
2012-06-10 07:40:00,66.959496,66.59263527492482,2.141635445989097
2012-06-10 07:45:00,67.26157,65.69383185806268,2.252776918794093
2012-06-10 07:50:00,67.428246,66.39093657790114,2.161741213634697
2012-06-10 07:55:00,67.459496,67.14695631255596,2.0990757716004733
2012-06-10 08:00:00,67.63194,66.92518924520341,2.0332825876984466
2012-06-10 08:05:00,67.90162,66.72349775765848,2.059928509650182
2012-06-10 08:10:00,68.12385,66.99857085052291,2.0242574625417578
2012-06-10 08:15:00,68.21644,67.17554937230949,2.003939860829084
2012-06-10 08:20:00,68.393524,67.36827947776399,1.984122249818842
2012-06-10 08:25:00,68.43866,67.30479844490289,1.9903852100509336
2012-06-10 08:30:00,68.51157,67.73295852934392,1.9531671067085394
2012-06-10 08:35:00,68.47222,67.27276874826902,1.993643864778816
2012-06-10 08:40:00,68.54282,67.47237951497472,1.974413307085828
2012-06-10 08:45:00,68.58449,67.59947992555053,1.9635041641522006
2012-06-10 08:50:00,68.65857,67.6741219435691,1.9575818147054098
2012-06-10 08:55:00,68.68981,67.86249773153702,1.9442354822608678
2012-06-10 09:00:00,68.68981,67.81982022815716,2.0035990720319625
2012-06-10 09:05:00,68.56481,68.08682081129102,1.9754124651860199
2012-06-10 09:10:00,68.55671,68.12366694409897,1.9718044400078092
2012-06-10 09:15:00,68.641205,67.68329978803395,2.0193808806236415
2012-06-10 09:20:00,68.60764,68.27284808930358,1.9579085776544627
2012-06-10 09:25:00,68.729164,67.58434536052309,2.0313934817502894
2012-06-10 09:30:00,68.708336,68.18090812859607,1.9663373335419283
2012-06-10 09:35:00,68.884254,67.10095785031082,2.0969999609206504
2012-06-10 09:40:00,68.86343,67.89220111035588,1.9956063264315722
2012-06-10 09:45:00,68.89468,67.89220111035588,1.9956063264315722
2012-06-10 09:50:00,68.73032,68.12366694409897,1.9718044400078092
2012-06-10 09:55:00,68.740746,68.13413397984064,1.970792502142296
2012-06-10 10:00:00,68.74537,67.68716961668083,2.0302476567438545
2012-06-10 10:05:00,68.79514,67.31668049661027,2.0753209989720207
2012-06-10 10:10:00,68.73264,67.9787483512872,1.9979220673775615
2012-06-10 10:15:00,68.70139,67.9787483512872,1.9979220673775615
2012-06-10 10:20:00,68.672455,68.01915130862331,1.9936565407039082
2012-06-10 10:25:00,68.59838,68.06493529629269,1.9888855272128458
2012-06-10 10:30:00,68.541664,67.9787483512872,1.9979220673775615
2012-06-10 10:35:00,68.56135,67.87931056234486,2.0086403964733197
2012-06-10 10:40:00,68.5926,67.65657514035435,2.0337976574855556
2012-06-10 10:45:00,68.56135,67.92633665716438,2.0035323991878125
2012-06-10 10:50:00,68.71759,67.14053337903397,2.098395284328635
2012-06-10 10:55:00,68.09375,68.08199603823,1.9871243079238106
2012-06-10 11:00:00,66.82986,67.56858454990915,2.0086949793479554
2012-06-10 11:05:00,66.29051,67.44000554347889,2.022331508146639
2012-06-10 11:10:00,66.10186,67.51100953391025,2.0147447704243153
2012-06-10 11:15:00,66.076385,67.68230081536274,1.9970051507387045
2012-06-10 11:20:00,65.90972,67.73843274886549,1.991357325188641
2012-06-10 11:25:00,65.91436,67.5430533824839,2.0113671444626835
2012-06-10 11:30:00,65.97107,67.5430533824839,2.0113671444626835
2012-06-10 11:35:00,65.90112,67.84920727996997,1.9804421001844608
2012-06-10 11:40:00,65.75529,67.68230081536274,1.9970051507387045
2012-06-10 11:45:00,65.69279,67.62568359196713,2.0027831103471296
2012-06-10 11:50:00,65.67196,67.84920727996997,1.9804421001844608
2012-06-10 11:55:00,66.19047,63.88237656504955,2.7218973007486897
2012-06-10 12:00:00,67.14418,55.381294637860236,8.658183396851754
2012-06-10 12:05:00,67.696266,63.50103456119797,2.700918622469833
2012-06-10 12:10:00,67.884926,66.30333598168727,2.0345824671017003
2012-06-10 12:15:00,67.82705,67.49169373822362,1.900446940351279
2012-06-10 12:20:00,67.95205,66.71056950081005,1.9824412619409946
2012-06-10 12:25:00,67.80621,67.51795475411524,1.8980143049761191
2012-06-10 12:30:00,67.62913,67.80647477093741,1.8723942428977371
2012-06-10 12:35:00,67.50116,67.41612555436863,1.9075485291067522
2012-06-10 12:40:00,67.48264,66.77550269477017,1.9748027895331717
2012-06-10 12:45:00,67.48264,67.21693729872024,1.9270340738991052
2012-06-10 12:50:00,67.335655,67.69260808549501,1.882272133683265
2012-06-10 12:55:00,67.326385,67.33208608463528,1.9156296575763043
2012-06-10 13:00:00,67.65047,65.58650780425758,1.8494346490740063
2012-06-10 13:05:00,67.66088,67.48207279266747,1.6466617471332425
2012-06-10 13:10:00,67.66088,67.48207279266747,1.6466617471332425
2012-06-10 13:15:00,67.68172,67.18206151942246,1.6684397874946162
2012-06-10 13:20:00,67.56713,67.48207279266747,1.6466617471332425
2012-06-10 13:25:00,67.59292,66.67740319869863,1.711874486406872
2012-06-10 13:30:00,67.602844,66.80636587994056,1.6998344566254608
2012-06-10 13:35:00,67.63856,66.67740319869863,1.711874486406872
2012-06-10 13:40:00,67.67692,66.69182521207495,1.7104923507079652
2012-06-10 13:45:00,67.6288,67.24303116151187,1.6638003989109185
2012-06-10 13:50:00,67.6493,66.86308465908012,1.6947580416038752
2012-06-10 13:55:00,67.60069,67.30352269351856,1.6593092496712167
2012-06-10 14:00:00,67.50149,67.59177892649055,1.3269148150701031
2012-06-10 14:05:00,67.42113,67.51956137013765,1.329177671670916
2012-06-10 14:10:00,67.35615,67.46493319149342,1.3309767407234074
2012-06-10 14:15:00,67.32738,67.29877621599017,1.3369478579920127
2012-06-10 14:20:00,67.3869,66.84119982646041,1.3580484372825066
2012-06-10 14:25:00,67.44643,66.86894798277389,1.3565408329183815
2012-06-10 14:30:00,67.50595,66.89663846325736,1.3550692091935908
2012-06-10 14:35:00,67.565475,66.92427005149668,1.3536322013508386
2012-06-10 14:40:00,67.625,66.95183972129091,1.352229557206713
2012-06-10 14:45:00,67.684525,66.9793475319773,1.3508601122672161
2012-06-10 14:50:00,67.74405,67.00678924094082,1.349523080313473
2012-06-10 14:55:00,67.803566,67.0341675480274,1.3482177492981988
2012-06-10 15:00:00,67.86309,67.01551704185336,1.1365981790513688
2012-06-10 15:05:00,67.92262,67.03870800654151,1.1356477294357175
2012-06-10 15:10:00,67.98215,67.06191030464898,1.134726555347473
2012-06-10 15:15:00,68.041664,67.08511818046013,1.1338341301683312
2012-06-10 15:20:00,68.1012,67.10833130762003,1.1329695045019135
2012-06-10 15:25:00,68.16072,67.13154354472081,1.1321326709310606
2012-06-10 15:30:00,68.22024,67.15475409070929,1.13132261330496
2012-06-10 15:35:00,68.27976,67.17795932601179,1.1305390201029255
2012-06-10 15:40:00,68.33929,67.20115156645134,1.129781260866424
2012-06-10 15:45:00,68.369545,67.22433683476123,1.1290482156044142
2012-06-10 15:50:00,68.394844,67.24750756543907,1.1283399955742848
2012-06-10 15:55:00,68.374664,67.27065990156207,1.1276560370719355
2012-06-10 16:00:00,68.47338,67.1930126286429,1.0818580680574643
2012-06-10 16:05:00,68.44329,67.21342628256735,1.0802675769391532
2012-06-10 16:10:00,68.30292,67.23385124024246,1.078721863211001
2012-06-10 16:15:00,68.18882,67.25428681928955,1.0772198588020807
2012-06-10 16:20:00,68.06977,67.27472809471492,1.0757610222597698
2012-06-10 16:25:00,67.96429,67.29517432480263,1.0743436698889277
2012-06-10 16:30:00,67.8874,67.31562150428672,1.0729676162605741
2012-06-10 16:35:00,67.864586,67.33606559823257,1.0716318748925338
2012-06-10 16:40:00,67.78819,67.35651037455709,1.070335058776034
2012-06-10 16:45:00,67.79398,67.25633009830908,1.0770720125675222
2012-06-10 16:50:00,67.66898,67.25633009830908,1.0770720125675222
2012-06-10 16:55:00,67.65972,67.08987756384556,1.0906417424303487
2012-06-10 17:00:00,67.53472,67.486827429071,1.014374328142207
2012-06-10 17:05:00,67.5544,67.03766794280828,1.0545186343023156
2012-06-10 17:10:00,67.6794,66.66900077372638,1.1178762753027722
2012-06-10 17:15:00,67.81829,66.7761467415388,1.0953030190508795
2012-06-10 17:20:00,67.82871,66.7761467415388,1.0953030190508795
2012-06-10 17:25:00,67.93056,66.84061749045641,1.0835686355662466
2012-06-10 17:30:00,67.90972,66.95909293161498,1.0650056073679555
2012-06-10 17:35:00,67.954865,67.17126578485316,1.0394444746195066
2012-06-10 17:40:00,68.06945,66.9962306181172,1.0598840218467729
2012-06-10 17:45:00,67.96759,67.20483958569164,1.0361328242890597
2012-06-10 17:50:00,68.1169,66.74019238861713,1.1024212296601457
2012-06-10 17:55:00,68.166664,67.00450528993922,1.0587842648161983
2012-06-10 18:00:00,68.21875,67.01201011997236,1.0292267741018728
2012-06-10 18:05:00,68.26389,67.08076009505669,1.0219298025384558
2012-06-10 18:10:00,68.25347,67.08076009505669,1.0219298025384558
2012-06-10 18:15:00,68.239586,67.23097890083494,1.00874638057883
2012-06-10 18:20:00,68.34954,66.80943240057624,1.0566973580661954
2012-06-10 18:25:00,68.208336,67.16919295587134,1.0137500184342347
2012-06-10 18:30:00,68.21875,66.87623181113118,1.04651804134748
2012-06-10 18:35:00,68.09954,67.28901763762771,1.0045224567511921
2012-06-10 18:40:00,67.94329,67.35871169840509,1.0000043016348021
2012-06-10 18:45:00,67.97106,66.8353129755376,1.0526067502582208
2012-06-10 18:50:00,67.83218,67.23097890083494,1.00874638057883
2012-06-10 18:55:00,67.73843,67.14992376961318,1.0154258588035898
2012-06-10 19:00:00,67.728004,67.13213306053493,1.0288409853998168
2012-06-10 19:05:00,67.64468,67.17850157968742,1.0263222961434881
2012-06-10 19:10:00,67.55093,66.99287485794092,1.0377459451601243
2012-06-10 19:15:00,67.52778,67.13213306053493,1.0288409853998168
2012-06-10 19:20:00,67.490746,67.11666404096435,1.0297281369787592
2012-06-10 19:25:00,67.61343,66.64912243101651,1.0711437071418843
2012-06-10 19:30:00,67.65509,66.85411102384266,1.0489676323485961
2012-06-10 19:35:00,67.63657,66.83876551480726,1.0503761582999769
2012-06-10 19:40:00,67.78241,66.78522596745479,1.0555827593000393
2012-06-10 19:45:00,67.87153,66.8694738000247,1.0475933885070903
2012-06-10 19:50:00,67.90856,66.71685299173883,1.0629508095001778
2012-06-10 19:55:00,68.01273,66.78522596745479,1.0555827593000393
2012-06-10 20:00:00,68.00001,67.09034345044994,1.0859422081026062
2012-06-10 20:05:00,68.17064,66.89343816673815,1.0968969146452685
2012-06-10 20:10:00,68.33846,66.67091178996283,1.1132595090546684
2012-06-10 20:15:00,68.38245,67.04815782340035,1.088047984105643
2012-06-10 20:20:00,68.3512,66.9864960713506,1.0913548058654434
2012-06-10 20:25:00,68.21809,67.04815782340035,1.088047984105643
2012-06-10 20:30:00,68.13476,66.9864960713506,1.0913548058654434
2012-06-10 20:35:00,68.26207,66.76864493770661,1.1054845905859951
2012-06-10 20:40:00,68.15096,67.26077202728024,1.0786238602863423
2012-06-10 20:45:00,68.16138,67.15895466531974,1.0827747695987042
2012-06-10 20:50:00,68.161385,66.8311169402286,1.1010100261142897
2012-06-10 20:55:00,67.97388,67.12471729574958,1.0843165522324745
2012-06-10 21:00:00,67.909065,66.97057677087862,1.1956406948345257
2012-06-10 21:05:00,67.75579,67.36876981132514,1.1766360489767953
2012-06-10 21:10:00,67.59838,67.15233390132728,1.1859659303711576
2012-06-10 21:15:00,67.546295,67.11495859871258,1.1878113270000825
2012-06-10 21:20:00,67.577545,66.80305717422233,1.2062309221735459
2012-06-10 21:25:00,67.65046,66.51454938087853,1.228868188509432
2012-06-10 21:30:00,67.69213,66.62372975678808,1.2195854134932207
2012-06-10 21:35:00,67.46296,67.11495859871258,1.1878113270000825
2012-06-10 21:40:00,67.50463,66.81487434062092,1.2054272878073224
2012-06-10 21:45:00,67.41436,67.11495859871258,1.1878113270000825
2012-06-10 21:50:00,67.335655,66.75163549284241,1.2098349643372603
2012-06-10 21:55:00,67.554405,66.40448265444326,1.2392167202983932
2012-06-10 22:00:00,67.66319,66.6021571272339,1.3574955177319428
2012-06-10 22:05:00,67.645836,66.72536507199288,1.347358983187558
2012-06-10 22:10:00,67.70139,66.47241086762425,1.369148223459341
2012-06-10 22:15:00,67.59838,66.79571472063861,1.341951933459811
2012-06-10 22:20:00,67.53588,66.7606521772719,1.3446130173386777
2012-06-10 22:25:00,67.62384,66.61819694170873,1.3561255906770977
2012-06-10 22:30:00,67.65625,66.61819694170873,1.3561255906770977
2012-06-10 22:35:00,67.822914,66.1721975509623,1.4004438957661929
2012-06-10 22:40:00,67.864586,66.807351027027,1.3410831912700312
2012-06-10 22:45:00,67.91319,66.66606509177917,1.3521286986757577
2012-06-10 22:50:00,67.6956,66.32361292253314,1.383855589784834
2012-06-10 22:55:00,67.51852,67.00121438540307,1.3276323436350426
2012-06-10 23:00:00,67.32639,66.76259864752939,1.5050503691907051
2012-06-10 23:05:00,67.354164,66.45522314392122,1.5342227461644626
2012-06-10 23:10:00,67.42824,66.45522314392122,1.5342227461644626
2012-06-10 23:15:00,67.385414,66.22322363073853,1.5595356933485431
2012-06-10 23:20:00,67.385414,66.3320636480462,1.5472818417013887
2012-06-10 23:25:00,67.30787,66.7088344492587,1.5098213307616521
2012-06-10 23:30:00,67.44213,66.51981105428574,1.5277001186055434
2012-06-10 23:35:00,67.44213,66.55181330743055,1.5245482190501896
2012-06-10 23:40:00,67.43865,66.73963177005531,1.507072071694082
2012-06-10 23:45:00,67.38078,66.62309318651593,1.5177134477630227
2012-06-10 23:50:00,67.40046,65.26035540608243,1.705099252656695
2012-06-10 23:55:00,67.12963,66.18086521354796,1.564495035929138
2012-06-11 00:00:00,66.87384,65.8510793864243,1.806431102209543
2012-06-11 00:05:00,66.603004,66.33328676726876,1.73904681898215
2012-06-11 00:10:00,66.44213,66.4955888671181,1.7189815490258438
2012-06-11 00:15:00,66.35532,65.82864894757303,1.8098784643020787
2012-06-11 00:20:00,66.33449,66.10576490409603,1.769308695055293
2012-06-11 00:25:00,66.16782,66.22071654191923,1.753695975442153
2012-06-11 00:30:00,65.802086,66.75906087026607,1.6888796981626841
2012-06-11 00:35:00,65.364586,66.33328676726876,1.73904681898215
2012-06-11 00:40:00,65.15625,66.51549610708027,1.7166028883182651
2012-06-11 00:45:00,65.016205,66.19960819686304,1.7565122559603565
2012-06-11 00:50:00,65.14468,65.06792028104977,1.9471964122180092
2012-06-11 00:55:00,65.38426,64.84814559617026,1.995816677066804
2012-06-11 01:00:00,65.55093,62.67289633747731,3.3690144321064075
2012-06-11 01:05:00,65.74885,63.174508382701525,3.2052327721719256
2012-06-11 01:10:00,65.16898,63.88645229403614,3.0005535342221576
2012-06-11 01:15:00,65.00579,63.39410809679524,3.139147381865611
2012-06-11 01:20:00,65.10764,64.02962008125041,2.9623786915131007
2012-06-11 01:25:00,64.56597,63.504804072766525,3.106905331963516
2012-06-11 01:30:00,64.64005,63.31012683692737,3.1640728195666994
2012-06-11 01:35:00,65.00463,62.45594977461067,3.4469046614927024
2012-06-11 01:40:00,65.015045,63.695406729278766,3.052909525479303
2012-06-11 01:45:00,65.19213,63.60000537321352,3.079704992195056
2012-06-11 01:50:00,65.07407,63.52065282122009,3.1023443130840445
2012-06-11 01:55:00,64.79282,63.79091744393941,3.0265244056797562
2012-06-11 02:00:00,64.990746,62.89183470056995,3.6012168194278282
2012-06-11 02:05:00,64.88773,63.579154255238784,3.4106288043878723
2012-06-11 02:10:00,65.040504,60.93333196210543,4.260183025803063
2012-06-11 02:15:00,64.62384,62.12988271548797,3.827813584835099
2012-06-11 02:20:00,64.41088,64.00747186530712,3.2963827609204497
2012-06-11 02:25:00,64.9213,60.79292542194229,4.324754351399581
2012-06-11 02:30:00,64.58797,63.13672779909035,3.532129333930751
2012-06-11 02:35:00,64.18172,63.579154255238784,3.4106288043878723
2012-06-11 02:40:00,64.202545,63.23501905839611,3.5047909014920955
2012-06-11 02:45:00,63.712963,63.921237465317006,3.319145117646434
2012-06-11 02:50:00,63.840275,62.45752487883221,3.7278239889160787
2012-06-11 02:55:00,64.18403,61.993298865143515,3.870969257634986
2012-06-11 03:00:00,63.408566,63.53657185467433,3.5031611142642833
2012-06-11 03:05:00,63.292828,62.79390799834798,3.6583336033306444
2012-06-11 03:10:00,63.636578,61.12984076898874,4.041563949162986
2012-06-11 03:15:00,64.07407,60.198029026234934,4.358009629752892
2012-06-11 03:20:00,63.67593,62.70518098041618,3.677042705062442
2012-06-11 03:25:00,63.61343,62.539246849752836,3.7122434449395976
2012-06-11 03:30:00,63.687504,61.30355245492084,3.9956668053126996
2012-06-11 03:35:00,63.95834,61.39256831928381,3.9730322759085634
2012-06-11 03:40:00,63.760418,63.038271915935866,3.607092277594086
2012-06-11 03:45:00,63.86111,61.347889050724554,3.9843251974941007
2012-06-11 03:50:00,63.638885,62.74953070830028,3.6676828138419104
2012-06-11 03:55:00,62.951385,63.28797601756119,3.554981393780236
2012-06-11 04:00:00,63.49768,60.29799091535572,3.8242825423523414
2012-06-11 04:05:00,63.487263,62.37843592155139,3.359002928614847
2012-06-11 04:10:00,63.712963,62.82008831925597,3.3061284482601963
2012-06-11 04:15:00,64.02546,62.039612508443575,3.404642163005038
2012-06-11 04:20:00,64.108795,61.04748851198409,3.585872170782903
2012-06-11 04:25:00,63.76157,62.37843592155139,3.359002928614847
2012-06-11 04:30:00,63.782745,61.76051048886719,3.446954831157608
2012-06-11 04:35:00,63.426258,62.77086197607655,3.3117396923810287
2012-06-11 04:40:00,63.091766,62.232493875734434,3.378006372892786
2012-06-11 04:45:00,62.84524,61.92823814518365,3.420937157425387
2012-06-11 04:50:00,62.882275,61.84404998365957,3.4337607433230364
2012-06-11 04:55:00,63.27232,60.42050734352713,3.7751889885742753
2012-06-11 05:00:00,63.068615,63.305750776038565,2.7064879744754404
2012-06-11 05:05:00,63.016537,63.0666694259954,2.7257364816937195
2012-06-11 05:10:00,62.67394,64.56303840714732,2.6511963902770184
2012-06-11 05:15:00,62.540844,64.20840807836389,2.660663340773605
2012-06-11 05:20:00,62.809357,62.142882558121386,2.8439720964263415
2012-06-11 05:25:00,63.198254,61.61101345148751,2.962677573360678
2012-06-11 05:30:00,63.38426,62.60080749850539,2.7750996343747976
2012-06-11 05:35:00,63.856487,61.9094518688374,2.889779284969712
2012-06-11 05:40:00,64.3287,61.538699979213156,2.983276537590873
2012-06-11 05:45:00,64.74537,61.62467195547466,2.9589273983261832
2012-06-11 05:50:00,64.8287,62.75560311800363,2.7567339174458447
2012-06-11 05:55:00,65.13657,62.75560311800363,2.7567339174458447
2012-06-11 06:00:00,65.36805,63.690033587094355,2.1060075222443273
2012-06-11 06:05:00,65.43055,64.10886330431708,2.0604332473345095
2012-06-11 06:10:00,65.62499,64.27599814325643,2.047204788384153
2012-06-11 06:15:00,65.79977,64.8247612216385,2.020202768618684
2012-06-11 06:20:00,65.93865,64.59050517127464,2.0288376028576764
2012-06-11 06:25:00,66.06828,64.55128072636559,2.030691432796624
2012-06-11 06:30:00,66.27778,64.68347938066255,2.0249175303742875
2012-06-11 06:35:00,66.33912,65.20888318417961,2.014590515764198
2012-06-11 06:40:00,66.478004,64.8247612216385,2.020202768618684
2012-06-11 06:45:00,66.72454,64.68347938066255,2.0249175303742875
2012-06-11 06:50:00,66.96991,64.3940692899007,2.039351974909442
2012-06-11 06:55:00,67.01389,65.33147977700779,2.0149275811473957
2012-06-11 07:00:00,67.30902,65.84269084637407,1.6104273741998807
2012-06-11 07:05:00,67.572914,65.53687129959094,1.6314685346279332
2012-06-11 07:10:00,67.62847,66.27231626478887,1.5933973615531725
2012-06-11 07:15:00,67.62037,66.70739765651358,1.5910168539729501
2012-06-11 07:20:00,67.73264,66.34775530106766,1.5918995626735246
2012-06-11 07:25:00,67.927086,66.27231626478887,1.5933973615531725
2012-06-11 07:30:00,67.9919,66.71180953115562,1.5910716890309995
2012-06-11 07:35:00,68.013885,66.62735923980787,1.5903030562390936
2012-06-11 07:40:00,68.02893,66.56884957274245,1.5901151202589985
2012-06-11 07:45:00,67.93635,66.85118308540969,1.5936476980937122
2012-06-11 07:50:00,67.93635,66.58691593312564,1.5901431867894538
2012-06-11 07:55:00,67.853004,66.67640722255975,1.5906772519213026
2012-06-11 08:00:00,67.73843,67.51043333931409,1.4789629667447386
2012-06-11 08:05:00,67.73495,67.06358667163663,1.4941034951681698
2012-06-11 08:10:00,67.76273,66.88881597112949,1.5034886195643375
2012-06-11 08:15:00,67.6875,67.10641827391625,1.492090878684827
2012-06-11 08:20:00,67.68634,67.23800728222899,1.4866333255200104
2012-06-11 08:25:00,67.56018,67.51532528216892,1.4788718988639422
2012-06-11 08:30:00,67.46759,67.43638436767739,1.4805472942037445
2012-06-11 08:35:00,67.541664,67.14889750179609,1.4902087226148508
2012-06-11 08:40:00,67.59144,67.0474355107677,1.4948925028964288
2012-06-11 08:45:00,67.677086,66.88881597112949,1.5034886195643375
2012-06-11 08:50:00,67.71875,66.99869056347258,1.4973702197652743
2012-06-11 08:55:00,67.73727,66.70866029436043,1.515091400393085
2012-06-11 09:00:00,67.76968,66.58759721403351,1.6978049141847977
2012-06-11 09:05:00,67.66204,66.64527636694773,1.6930410137494196
2012-06-11 09:10:00,67.70949,66.61327610160161,1.6956638473382337
2012-06-11 09:15:00,67.39583,66.29434985595371,1.7245496326972267
2012-06-11 09:20:00,67.3449,66.86618319217492,1.6762908134339567
2012-06-11 09:25:00,67.21181,66.52958078805564,1.702759984481687
2012-06-11 09:30:00,67.06134,66.61327610160161,1.6956638473382337
2012-06-11 09:35:00,66.91319,67.15957571889483,1.6577179352482334
2012-06-11 09:40:00,66.73843,66.91587611175454,1.67284948149186
2012-06-11 09:45:00,66.46759,66.92825149355536,1.6720111274033684
2012-06-11 09:50:00,66.10648,66.81618370657081,1.6798751927086022
2012-06-11 09:55:00,66.03241,66.35361025820588,1.7188013120570098
2012-06-11 10:00:00,65.66204,66.25510011853176,1.865782653931238
2012-06-11 10:05:00,65.425934,65.48719862885596,1.9408759022475977
2012-06-11 10:10:00,65.071754,66.36938456804958,1.8570230259885163
2012-06-11 10:15:00,65.229164,63.85667293383833,2.227135873572302
2012-06-11 10:20:00,65.06713,66.06528943661145,1.8816457397535544
2012-06-11 10:25:00,64.91898,65.20903275861227,1.9759284324493935
2012-06-11 10:30:00,64.72106,65.19509277157879,1.977809342436622
2012-06-11 10:35:00,64.71065,65.81885215600632,1.9048000488408994
2012-06-11 10:40:00,64.40856,65.38303590181559,1.953461419586043
2012-06-11 10:45:00,64.26968,64.81784632278037,2.0336357483171326
2012-06-11 10:50:00,64.37152,64.14196080485965,2.16101811478319
2012-06-11 10:55:00,64.26852,65.37608643899553,1.9543235975899214
2012-06-11 11:00:00,64.324066,63.582712043997645,2.232665024574985
2012-06-11 11:05:00,64.49536,63.61106299284025,2.226209203369082
2012-06-11 11:10:00,64.28356,63.80138845527844,2.185132545461798
2012-06-11 11:15:00,64.06134,64.36518874105612,2.0849492578471343
2012-06-11 11:20:00,63.92129,64.64195856842737,2.046254709626462
2012-06-11 11:25:00,63.847214,63.864480027943664,2.172363802039356
2012-06-11 11:30:00,63.909718,63.54721497377569,2.240872645277726
2012-06-11 11:35:00,63.559025,65.29988942838263,1.9768555921851216
2012-06-11 11:40:00,63.563656,63.093031318960875,2.358653662322288
2012-06-11 11:45:00,63.744213,63.52588138442858,2.245873249515013
2012-06-11 11:50:00,63.555557,64.30978103381308,2.093472404502722
2012-06-11 11:55:00,63.445602,64.30285451968363,2.094556978608391
2012-06-11 12:00:00,63.380783,63.62542767157584,2.0377665422937135
2012-06-11 12:05:00,63.32407,64.33148254392572,1.9422343772086201
2012-06-11 12:10:00,63.515045,62.18961634269639,2.423798749686752
2012-06-11 12:15:00,63.81134,62.72562916863392,2.2462972143355295
2012-06-11 12:20:00,63.951385,63.508935341441294,2.0589016039573806
2012-06-11 12:25:00,64.00463,63.12660750812463,2.140217982360867
2012-06-11 12:30:00,63.864582,63.632260373475596,2.036577927695788
2012-06-11 12:35:00,64.00347,62.899126354030216,2.1976987114318605
2012-06-11 12:40:00,64.07755,62.84157933780735,2.2133548955979787
2012-06-11 12:45:00,63.994217,64.30432770101184,1.9449719765019104
2012-06-11 12:50:00,64.23843,62.87757823077006,2.203507904697725
2012-06-11 12:55:00,64.44213,63.350201317950656,2.0903957668618847
2012-06-11 13:00:00,64.64054,63.18760551343089,1.8762086801996387
2012-06-11 13:05:00,64.55572,63.892312858546696,1.7679554195228773
2012-06-11 13:10:00,64.83697,63.321561997375106,1.8496612581222294
2012-06-11 13:15:00,64.67031,64.3647469008819,1.732633297835229
2012-06-11 13:20:00,64.66567,64.20766974466734,1.7416478980429975
2012-06-11 13:25:00,64.936516,63.37873448414359,1.839233110546294
2012-06-11 13:30:00,65.19114,62.771421248423984,1.9783785055658585
2012-06-11 13:35:00,65.22817,63.64469412831942,1.7974988028003833
2012-06-11 13:40:00,65.3578,63.23874242040006,1.8657208170748933
2012-06-11 13:45:00,65.3717,63.720702283224504,1.7875229684274698
2012-06-11 13:50:00,65.38096,64.20766974466734,1.7416478980429975
2012-06-11 13:55:00,65.23512,64.41755737115257,1.7301454342925824
2012-06-11 14:00:00,65.26935,64.49016024892646,1.5902489628969658
2012-06-11 14:05:00,65.46875,63.79056005553999,1.6465637961286985
2012-06-11 14:10:00,65.28356,65.06472489468996,1.5940249422283574
2012-06-11 14:15:00,65.13657,63.80142451750652,1.6448202000099477
2012-06-11 14:20:00,65.00231,64.40174281580296,1.5926115209518972
2012-06-11 14:25:00,64.8044,65.06472489468996,1.5940249422283574
2012-06-11 14:30:00,64.75347,64.40174281580296,1.5926115209518972
2012-06-11 14:35:00,64.79051,64.11937260303195,1.6079139288751148
2012-06-11 14:40:00,64.799774,64.2037478475628,1.6019324498350913
2012-06-11 14:45:00,64.78125,64.07797752647971,1.611359110322842
2012-06-11 14:50:00,64.75695,64.4703238725034,1.5906937105975922
2012-06-11 14:55:00,64.828705,63.927158153320136,1.627152675111872
2012-06-11 15:00:00,64.81829,65.11200164498786,1.8518523611248325
2012-06-11 15:05:00,64.99537,65.15837918340593,1.8510060113387112
2012-06-11 15:10:00,65.076385,64.69117276971716,1.8839347789263832
2012-06-11 15:15:00,65.38079,64.08108694796427,2.1389369202905324
2012-06-11 15:20:00,65.4919,64.48863407941282,1.9342730655289675
2012-06-11 15:25:00,65.491905,64.6526100244157,1.8906818942259906
2012-06-11 15:30:00,65.677086,64.72034012527413,1.8794757163174296
2012-06-11 15:35:00,65.773155,64.81374656219792,1.8682268897434036
2012-06-11 15:40:00,65.93055,64.78161578451834,1.8716329234248137
2012-06-11 15:45:00,66.0324,64.60924560308695,1.8996155880610825
2012-06-11 15:50:00,66.14402,64.85957583904141,1.8640771523421968
2012-06-11 15:55:00,66.13476,64.78161578451834,1.8716329234248137
2012-06-11 16:00:00,65.95883,64.26660573520992,4.1860238351804995
2012-06-11 16:05:00,65.58499,65.92313154012676,3.337774499751028
2012-06-11 16:10:00,65.51324,64.09559482237562,4.301794075197202
2012-06-11 16:15:00,65.38592,64.11451799815656,4.288593104238882
2012-06-11 16:20:00,65.22851,63.73971076004495,4.569988954472946
2012-06-11 16:25:00,65.27827,63.34266304023805,4.917168895171844
2012-06-11 16:30:00,65.14864,65.04086154968498,3.74300618693996
2012-06-11 16:35:00,65.04447,64.52582249928406,4.024442267845585
2012-06-11 16:40:00,64.83614,64.96283399901303,3.7828483773710744
2012-06-11 16:45:00,64.58267,64.03894009782302,4.341930222482178
2012-06-11 16:50:00,64.17129,64.76251998177389,3.8893906625952965
2012-06-11 16:55:00,63.921295,63.59164115031977,4.693453414266105
2012-06-11 17:00:00,63.865738,61.206186119077294,13.059455506497178
2012-06-11 17:05:00,63.828705,61.206186119077294,13.059455506497178
2012-06-11 17:10:00,63.71759,62.179517719107025,10.601422502447136
2012-06-11 17:15:00,62.752316,61.55806162036089,12.146266138486796
2012-06-11 17:20:00,59.909725,60.6454761203677,14.49431100832056
2012-06-11 17:25:00,56.276623,62.50940539402526,9.84246490520035
2012-06-11 17:30:00,52.33218,62.84496359100074,9.121055430377906
2012-06-11 17:35:00,48.395832,62.412625403160256,10.060087575506303
2012-06-11 17:40:00,44.32639,61.80033863861592,11.529262154325716
2012-06-11 17:45:00,40.76505,59.85019062722704,16.320402937628938
2012-06-11 17:50:00,36.95023,58.68234467588302,18.39956919961654
2012-06-11 17:55:00,33.153934,59.01770508410954,17.870828163986904
2012-06-11 18:00:00,30.0,60.97771407516092,17.531828771359628
2012-06-11 18:05:00,26.231483,61.203838627127006,16.470095748144555
2012-06-11 18:10:00,22.305555,61.317760629742814,15.943776889695586
2012-06-11 18:15:00,19.802082,41.58012433764359,31.179478235523067
2012-06-11 18:20:00,20.311342,30.766403691304863,20.88908219979699
2012-06-11 18:25:00,21.092592,30.552465287156654,19.680441509350135
2012-06-11 18:30:00,21.990738,30.552960872066517,19.378088609273476
2012-06-11 18:35:00,25.15625,30.555099624759407,19.354268076111456
2012-06-11 18:40:00,29.387732,30.57705251723203,19.217616767631114
2012-06-11 18:45:00,33.285877,30.547516083832704,19.511925610199963
2012-06-11 18:50:00,37.410877,30.572971299547614,19.23581485676189
2012-06-11 18:55:00,41.67014,30.567940210785967,19.261295112806305
2012-06-11 19:00:00,45.024307,31.246043963677682,22.668697230422495
2012-06-11 19:05:00,48.978012,31.00818077077758,21.499036856506404
2012-06-11 19:10:00,53.070602,30.987555371791945,21.300067407054748
2012-06-11 19:15:00,56.747684,31.119368378312867,22.138466532536864
2012-06-11 19:20:00,59.293987,32.374373552977595,25.77990630968108
2012-06-11 19:25:00,62.12732,31.71324002301219,24.16280325484195
2012-06-11 19:30:00,65.2199,31.507694994902,23.56069618992717
2012-06-11 19:35:00,66.09144,52.14991918315474,29.13904230213218
2012-06-11 19:40:00,66.165504,65.7975270222207,2.7128459781856655
2012-06-11 19:45:00,66.13773,65.92124862008939,2.5916438261235393
2012-06-11 19:50:00,66.36458,65.21792354418133,3.383322829437926
2012-06-11 19:55:00,66.24421,66.37289929278208,2.207729662714873
2012-06-11 20:00:00,66.327545,65.670945174914,1.9672345650402387
2012-06-11 20:05:00,66.55903,65.68402195295847,1.958984963216362
2012-06-11 20:10:00,66.798454,65.64919530492331,1.9812271100639045
2012-06-11 20:15:00,66.8841,66.0303739013403,1.7784754953700768
2012-06-11 20:20:00,66.89336,65.7540997330505,1.9167661962994071
2012-06-11 20:25:00,67.06928,65.47730623010703,2.1048610667793586
2012-06-11 20:30:00,67.2996,65.82471666644557,1.8774018489333197
2012-06-11 20:35:00,67.4385,65.89583129122373,1.8407051718834786
2012-06-11 20:40:00,67.4003,66.22084224793353,1.704057023112963
2012-06-11 20:45:00,67.48363,65.89583129122373,1.8407051718834786
2012-06-11 20:50:00,67.29845,66.51365831303953,1.6140962720037388
2012-06-11 20:55:00,67.418816,65.82471666644557,1.8774018489333197
2012-06-11 21:00:00,67.533394,65.65706768486402,1.726179397673561
2012-06-11 21:05:00,67.40261,66.26462152581128,1.6255102861305595
2012-06-11 21:10:00,67.357635,66.25929926904763,1.6262186990068281
2012-06-11 21:15:00,67.334496,66.04061848164291,1.6576266967727753
2012-06-11 21:20:00,67.37153,65.45575206927928,1.7715779600816648
2012-06-11 21:25:00,67.40857,65.81752620528843,1.6950570421259998
2012-06-11 21:30:00,67.210655,66.408606327947,1.607237721304141
2012-06-11 21:35:00,67.18288,66.11531532730238,1.6463697558265722
2012-06-11 21:40:00,66.98032,65.73926274445061,1.7097437219944525
2012-06-11 21:45:00,66.8588,65.891619709549,1.681940070495748
2012-06-11 21:50:00,66.91436,65.45575206927928,1.7715779600816648
2012-06-11 21:55:00,66.895836,65.96601868209457,1.6694736801513945
2012-06-11 22:00:00,66.803246,65.77822454775199,1.8112127074039586
2012-06-11 22:05:00,66.55175,65.39263578263954,1.868231021101084
2012-06-11 22:10:00,66.468414,65.74028462130948,1.8163871846874766
2012-06-11 22:15:00,66.41749,65.60711715251067,1.8352599682887487
2012-06-11 22:20:00,66.30637,65.24535417190897,1.8929840543534648
2012-06-11 22:25:00,66.12119,65.62616895666667,1.8324894961458345
2012-06-11 22:30:00,66.07952,65.2643091969716,1.8896918295629919
2012-06-11 22:35:00,65.9036,65.66424903774964,1.8270236431798603
2012-06-11 22:40:00,65.80175,64.58768639859095,2.033297956052332
2012-06-11 22:45:00,65.822586,65.05240988856511,1.9284898619889799
2012-06-11 22:50:00,65.6837,65.3212709029096,1.879991653912166
2012-06-11 22:55:00,65.40592,65.54992839249486,1.8437247567356627
2012-06-11 23:00:00,65.30407,64.98658742171851,2.1358648219511323
2012-06-11 23:05:00,65.27894,63.94547083756073,2.3716708805783075
2012-06-11 23:10:00,64.85069,64.98658742171851,2.1358648219511323
2012-06-11 23:15:00,64.578705,64.98658742171851,2.1358648219511323
2012-06-11 23:20:00,64.23611,64.36469127218781,2.2636858985502184
2012-06-11 23:25:00,64.27315,64.4413188192243,2.246155472423002
2012-06-11 23:30:00,64.115746,64.67374185219795,2.1962990786543743
2012-06-11 23:35:00,63.715282,64.51842609328425,2.2290873874980623
2012-06-11 23:40:00,63.738422,63.745285626708444,2.432540910219531
2012-06-11 23:45:00,63.598377,64.71762198860662,2.1873942004828186
2012-06-11 23:50:00,63.320602,64.32658204166914,2.2726271208019093
2012-06-11 23:55:00,62.978012,63.991807388757,2.3585642113822
2012-06-12 00:00:00,62.714127,64.06709404691696,2.6358136767710207
2012-06-12 00:05:00,62.723385,63.325357817607376,2.845322360592117
2012-06-12 00:10:00,63.031254,62.75769117070474,3.0522381390618176
2012-06-12 00:15:00,63.062504,63.34873694079042,2.837872788395087
2012-06-12 00:20:00,63.455357,62.550238011633034,3.1456208855790746
2012-06-12 00:25:00,62.859295,64.10729209781272,2.6257523299695604
2012-06-12 00:30:00,62.412533,63.514837842570024,2.786790175031333
2012-06-12 00:35:00,62.600033,62.485449578369234,3.177716817444708
2012-06-12 00:40:00,62.938,63.30672157463052,2.851309432170186
2012-06-12 00:45:00,63.171795,63.63091043566482,2.7528386182742217
2012-06-12 00:50:00,63.2829,62.73371300807516,3.0623989944712555
2012-06-12 00:55:00,63.885914,62.28003676019484,3.2920447166811875
2012-06-12 01:00:00,63.42758,61.05391533766036,4.199158734084565
2012-06-12 01:05:00,63.382435,61.32416370752956,4.166286121809281
2012-06-12 01:10:00,62.613922,61.77581985408574,4.107563908629504
2012-06-12 01:15:00,61.660217,61.40534887267802,4.156164666349574
2012-06-12 01:20:00,60.788193,61.84816304413564,4.097531488748968
2012-06-12 01:25:00,61.458332,60.327586919669244,4.299802108085103
2012-06-12 01:30:00,61.636578,60.34684266603491,4.2962134194409565
2012-06-12 01:35:00,61.398483,61.16701614022262,4.185506888852109
2012-06-12 01:40:00,60.53969,62.36462019047759,4.020084390122591
2012-06-12 01:45:00,59.44478,62.276382271149906,4.034058318076636
2012-06-12 01:50:00,59.528107,61.16701614022262,4.185506888852109
2012-06-12 01:55:00,58.79894,62.24055525694473,4.039643883992281
2012-06-12 02:00:00,59.289684,59.30502329120754,4.6969131926831595
2012-06-12 02:05:00,58.871857,60.346144110563245,4.600313090180509
2012-06-12 02:10:00,58.936676,59.22025134733345,4.718071292043337
2012-06-12 02:15:00,59.352142,58.784905207527856,4.921551828058653
2012-06-12 02:20:00,59.58817,59.11902583017504,4.752927045011258
2012-06-12 02:25:00,58.917908,61.28171591727905,4.496747681805732
2012-06-12 02:30:00,58.77423,59.876509712058144,4.63550635356118
2012-06-12 02:35:00,58.737812,59.74327436141825,4.645100270989146
2012-06-12 02:40:00,58.987568,59.33366975450743,4.691133326864818
2012-06-12 02:45:00,59.543995,58.99537832972687,4.809233726785017
2012-06-12 02:50:00,59.321445,60.55705546819709,4.581421199977108
2012-06-12 02:55:00,59.612743,59.47424135798594,4.669772650052261
2012-06-12 03:00:00,59.572983,59.75915899408806,4.578659079555465
2012-06-12 03:05:00,59.97647,58.90054497971403,4.656513825252095
2012-06-12 03:10:00,60.51765,58.772347111427,4.689132563001894
2012-06-12 03:15:00,61.058823,58.83208077293978,4.67192261748988
2012-06-12 03:20:00,61.600002,58.89694102655622,4.657231717257836
2012-06-12 03:25:00,62.141174,58.96763376331845,4.644638181970282
2012-06-12 03:30:00,62.682354,59.044666999295146,4.63375044495814
2012-06-12 03:35:00,63.223526,59.12837158429013,4.62420180187
2012-06-12 03:40:00,63.046688,59.21893925186897,4.61565572135813
2012-06-12 03:45:00,63.106007,59.31643766135801,4.607798042226976
2012-06-12 03:50:00,63.439663,59.420839339599524,4.6003361130427
2012-06-12 03:55:00,62.971283,59.53204498566604,4.592997575719063
2012-06-12 04:00:00,62.3703,59.82671317476434,3.8844895224630327
2012-06-12 04:05:00,62.05131,59.95303749830324,3.874347447300717
2012-06-12 04:10:00,60.728878,60.08504263520777,3.865321357913331
2012-06-12 04:15:00,60.01761,60.22242874681686,3.8572521710701095
2012-06-12 04:20:00,59.691788,60.36488983822722,3.849985787871278
2012-06-12 04:25:00,58.57782,60.51212268855313,3.8433820536763847
2012-06-12 04:30:00,58.300694,60.66383465006937,3.8373000424604116
2012-06-12 04:35:00,57.940277,60.81974255788868,3.831608025475767
2012-06-12 04:40:00,58.318752,59.05305559868265,4.028255162378371
2012-06-12 04:45:00,58.110416,59.62754713350779,3.9045867010382653
2012-06-12 04:50:00,57.693752,60.572068558699534,3.840901814973408
2012-06-12 04:55:00,58.172916,58.835030413980625,4.150633186358898
2012-06-12 05:00:00,58.71875,60.06313016625285,3.232060414524337
2012-06-12 05:05:00,59.199078,60.632679903787526,2.8787482484416067
2012-06-12 05:10:00,60.574078,57.696040631278855,5.32523160819149
2012-06-12 05:15:00,61.041668,60.10747053739061,3.1928887649545596
2012-06-12 05:20:00,61.347214,60.897817318779,2.808887227410384
2012-06-12 05:25:00,62.295135,59.36070371256046,3.8967334722026385
2012-06-12 05:30:00,62.313656,61.225379358260845,2.7614492725741857
2012-06-12 05:35:00,62.54282,61.131208395797096,2.7719829885771747
2012-06-12 05:40:00,62.768513,61.295712258961096,2.75487648276752
2012-06-12 05:45:00,63.101852,60.612745639405794,2.885727098046452
2012-06-12 05:50:00,63.509262,60.83737901972399,2.8216440440408146
2012-06-12 05:55:00,63.853012,61.156595206761175,2.768932904366313
2012-06-12 06:00:00,64.2548,63.48663006344313,1.9020111376401854
2012-06-12 06:05:00,64.17146,64.20305153949037,1.83699339548222
2012-06-12 06:10:00,64.216606,64.03435104949891,1.8436077139633091
2012-06-12 06:15:00,64.582344,63.33233236896846,1.9293933609868237
2012-06-12 06:20:00,64.591606,64.08066868693919,1.8412820191896577
2012-06-12 06:25:00,64.872856,63.80839552346549,1.8606534806561823
2012-06-12 06:30:00,65.19114,63.676783633216615,1.875074893242603
2012-06-12 06:35:00,65.28489,64.14511659842358,1.8386900113145261
2012-06-12 06:40:00,65.44114,64.30893641222507,1.8354113376739327
2012-06-12 06:45:00,65.74322,63.77969579012816,1.8635108893222119
2012-06-12 06:50:00,65.96545,64.27576800364044,1.8356980998833592
2012-06-12 06:55:00,65.992065,64.47051237218761,1.836673782674647
2012-06-12 07:00:00,65.94445,66.49739052475915,1.450701513345195
2012-06-12 07:05:00,66.24537,65.59326232929925,1.5302253572134557
2012-06-12 07:10:00,66.34458,65.87578451966249,1.4980427632595974
2012-06-12 07:15:00,66.534386,66.1602769003584,1.47214420168715
2012-06-12 07:20:00,66.82027,65.79669219128282,1.5064180933492646
2012-06-12 07:25:00,66.94527,66.4759169587834,1.4517421630340148
2012-06-12 07:30:00,67.01818,66.4379958719253,1.4536928981580581
2012-06-12 07:35:00,67.15013,66.24182731980363,1.4659934779082435
2012-06-12 07:40:00,67.18485,66.69446723385465,1.443424723871992
2012-06-12 07:45:00,67.25314,66.51340476486905,1.4499565264568555
2012-06-12 07:50:00,67.16865,66.86895510324673,1.4406899653506795
2012-06-12 07:55:00,67.15939,66.45911489769075,1.4525888836780967
2012-06-12 08:00:00,67.315636,66.26643163901383,1.543206016291723
2012-06-12 08:05:00,67.22636,66.89965956121002,1.4843207887868004
2012-06-12 08:10:00,67.31234,66.20384612428727,1.5501030397961497
2012-06-12 08:15:00,67.32044,67.01139844168652,1.4760085638877027
2012-06-12 08:20:00,67.18502,67.05005118679789,1.473283625685186
2012-06-12 08:25:00,67.195435,67.0993982590778,1.469918423465234
2012-06-12 08:30:00,67.28571,66.79750329441083,1.4924757105733448
2012-06-12 08:35:00,67.2371,66.83172132002977,1.48968549395261
2012-06-12 08:40:00,67.25446,66.96692895264123,1.479240257241852
2012-06-12 08:45:00,67.33779,66.87708555582505,1.486077639369061
2012-06-12 08:50:00,67.41071,66.64157947678501,1.5059274631017567
2012-06-12 08:55:00,67.39335,66.41107968352621,1.5280106676445608
2012-06-12 09:00:00,67.4871,66.32546928914056,1.6648198874445084
2012-06-12 09:05:00,67.58102,65.69425008200197,1.7252113323047833
2012-06-12 09:10:00,67.47123,65.89644181243271,1.703697261222579
2012-06-12 09:15:00,67.41915,66.32546928914056,1.6648198874445084
2012-06-12 09:20:00,67.3879,65.61562700761695,1.734162330372315
2012-06-12 09:25:00,67.13674,66.4329275490244,1.6564597031939507
2012-06-12 09:30:00,66.94229,66.52196464129703,1.6499409399749807
2012-06-12 09:35:00,66.702705,65.83552465416186,1.7099558008277809
2012-06-12 09:40:00,66.59275,66.32546928914056,1.6648198874445084
2012-06-12 09:45:00,66.25364,66.56924300853566,1.6466285627629311
2012-06-12 09:50:00,65.97239,66.2715104942808,1.6692222458712918
2012-06-12 09:55:00,65.832344,65.56055276101773,1.7406341800592735
2012-06-12 10:00:00,65.35318,66.14942657549732,1.7403700327682825
2012-06-12 10:05:00,65.23545,65.54784850237748,1.7807960426352354
2012-06-12 10:10:00,65.09524,64.72920371953754,1.869795878517161
2012-06-12 10:15:00,64.77232,65.42073064664322,1.7918297864264527
2012-06-12 10:20:00,64.86608,64.8531827224995,1.8533680131067019
2012-06-12 10:25:00,64.82556,64.542219034614,1.896867300641369
2012-06-12 10:30:00,64.81631,64.90438521199043,1.8469186744979496
2012-06-12 10:35:00,64.868385,64.04507755972128,1.9838904190905344
2012-06-12 10:40:00,64.79084,65.13298103531399,1.820384499466891
2012-06-12 10:45:00,64.70403,64.24547407060517,1.946007419344964
2012-06-12 10:50:00,64.84987,64.24547407060517,1.946007419344964
2012-06-12 10:55:00,64.792,64.27336687635758,1.9410449170545447
2012-06-12 11:00:00,64.91931,63.46068943545222,1.9905431362048602
2012-06-12 11:05:00,64.66782,64.55226691185433,1.805698264627991
2012-06-12 11:10:00,64.61227,63.70154177318309,1.93835917853846
2012-06-12 11:15:00,64.695595,63.50799098873052,1.9797410970502438
2012-06-12 11:20:00,64.48727,64.88324346004914,1.772466431914947
2012-06-12 11:25:00,64.39352,63.97773037712425,1.8869008341405402
2012-06-12 11:30:00,64.26736,64.45522038537307,1.8171884010597967
2012-06-12 11:35:00,64.10532,63.930823134863935,1.8950318059199913
2012-06-12 11:40:00,64.08449,64.35484091389726,1.8299751014246892
2012-06-12 11:45:00,64.2419,63.492234925098465,1.9833089434770075
2012-06-12 11:50:00,64.13773,64.54542775702608,1.8064806785017111
2012-06-12 11:55:00,64.20486,63.64934327788464,1.9490784718649155
2012-06-12 12:00:00,64.16088,63.84092241824138,1.803198830316975
2012-06-12 12:05:00,64.33565,63.2405036396891,1.9269999327152556
2012-06-12 12:10:00,64.452545,63.276274210239826,1.9183094846164976
2012-06-12 12:15:00,64.390045,63.69529495268946,1.8289978832814444
2012-06-12 12:20:00,64.56134,63.740474545723316,1.8207142960340617
2012-06-12 12:25:00,64.55539,63.37797506346343,1.89452372309686
2012-06-12 12:30:00,64.59705,63.69529495268946,1.8289978832814444
2012-06-12 12:35:00,64.759094,63.028649383107656,1.9819482952883354
2012-06-12 12:40:00,64.86674,64.05770065980545,1.7694812552643437
2012-06-12 12:45:00,64.86012,64.00208935154207,1.7776151864903202
2012-06-12 12:50:00,64.87054,63.87611609698295,1.797351015903098
2012-06-12 12:55:00,64.90758,63.76055623727012,1.8171133542428974
2012-06-12 13:00:00,64.84507,63.59024022324801,1.7367466985734594
2012-06-12 13:05:00,64.74322,63.92973490409877,1.678556436635156
2012-06-12 13:10:00,64.89947,63.7204686130407,1.7124967786475391
2012-06-12 13:15:00,65.10665,63.37378094919867,1.7827178063353994
2012-06-12 13:20:00,64.81034,64.41096053491572,1.6211083653161689
2012-06-12 13:25:00,65.01538,63.30558600013811,1.7987144232749968
2012-06-12 13:30:00,65.14038,63.80772223454668,1.6976145676279586
2012-06-12 13:35:00,65.29316,63.67698740112303,1.7203172013879737
2012-06-12 13:40:00,65.15426,64.45212004249142,1.6173562766545977
2012-06-12 13:45:00,65.20486,63.901751193643065,1.6827520862518803
2012-06-12 13:50:00,65.27893,63.85152400125114,1.6905426994294446
2012-06-12 13:55:00,65.362274,63.85152400125114,1.6905426994294446
2012-06-12 14:00:00,65.20023,63.53238359254819,1.6944891769996255
2012-06-12 14:05:00,65.273155,63.68491537267203,1.6598825886610893
2012-06-12 14:10:00,65.06481,64.51627606650935,1.5497774190896152
2012-06-12 14:15:00,65.0243,64.37811330415927,1.5609042333946155
2012-06-12 14:20:00,65.15394,63.382271223004615,1.7342922196644228
2012-06-12 14:25:00,65.017365,64.30066220026691,1.568174325173051
2012-06-12 14:30:00,64.86574,64.47150498093622,1.5531363093070787
2012-06-12 14:35:00,64.71296,64.45665876539029,1.5543012483328018
2012-06-12 14:40:00,64.640045,64.00183280683925,1.604298783224061
2012-06-12 14:45:00,64.59838,64.25281784444321,1.5730645398297973
2012-06-12 14:50:00,64.58912,64.30066220026691,1.568174325173051
2012-06-12 14:55:00,64.63078,64.33924982272039,1.5644547459203026
2012-06-12 15:00:00,65.010414,64.00996615952681,1.9822235163980289
2012-06-12 15:05:00,65.197914,64.66405848382988,1.7551513185024754
2012-06-12 15:10:00,65.271996,64.47137664924755,1.7902691790426042
2012-06-12 15:15:00,65.13657,64.8523097821976,1.736037150871831
2012-06-12 15:20:00,65.19445,64.59046452524217,1.7662941464542132
2012-06-12 15:25:00,65.25695,64.5236218578147,1.7787347473359885
2012-06-12 15:30:00,65.53356,64.59046452524217,1.7662941464542132
2012-06-12 15:35:00,65.65856,64.57805778369219,1.7684238131270693
2012-06-12 15:40:00,65.83565,64.49723421618103,1.7843461768858022
2012-06-12 15:45:00,65.82523,64.75545921706271,1.7443918093387758
2012-06-12 15:50:00,65.6956,64.89331585841784,1.7333012204393636
2012-06-12 15:55:00,65.77894,65.098908311844,1.7254143622038738
2012-06-12 16:00:00,65.704865,64.16749424193559,4.265404142183702
2012-06-12 16:05:00,65.648155,64.63874272554247,4.134637281466585
2012-06-12 16:10:00,65.79282,63.58194910758402,4.473730901684483
2012-06-12 16:15:00,65.83912,63.11731768680716,4.658784914899632
2012-06-12 16:20:00,65.88079,63.75933265447509,4.4064687642349805
2012-06-12 16:25:00,65.9919,63.637072107170745,4.452536502747125
2012-06-12 16:30:00,65.854164,64.99064207113862,4.061186459217333
2012-06-12 16:35:00,65.833336,64.11557966065745,4.282050339092705
2012-06-12 16:40:00,65.729164,64.23221218993541,4.245245920388161
2012-06-12 16:45:00,65.47917,63.69848860343401,4.429219935884874
2012-06-12 16:50:00,65.66436,63.23811277033746,4.609983552691535
2012-06-12 16:55:00,65.46644,64.81398793139297,4.095583876248953
2012-06-12 17:00:00,65.260414,61.29436114460345,13.971811423161304
2012-06-12 17:05:00,64.39005,62.23149833071792,12.612136009754323
2012-06-12 17:10:00,63.087963,62.36795975157815,12.408256549247989
2012-06-12 17:15:00,59.489582,60.75690377684369,14.66785600843371
2012-06-12 17:20:00,56.145832,61.70392840055476,13.392543245221246
2012-06-12 17:25:00,52.493057,62.1474925126359,12.737580613707799
2012-06-12 17:30:00,48.266205,62.063398478570804,12.862934965667991
2012-06-12 17:35:00,44.859955,61.70392840055476,13.392543245221246
2012-06-12 17:40:00,41.378475,61.11813975530339,14.20919629829819
2012-06-12 17:45:00,38.04514,58.47150499025861,16.613406597525692
2012-06-12 17:50:00,34.226852,62.23149833071792,12.612136009754323
2012-06-12 17:55:00,30.336807,61.21758877567907,14.076239447152352
2012-06-12 18:00:00,26.795141,59.4629219608506,22.401646210605993
2012-06-12 18:05:00,23.743057,47.90321055446716,25.777412838766068
2012-06-12 18:10:00,21.409723,39.04967894330251,26.759160848821764
2012-06-12 18:15:00,21.982637,30.60509365133436,18.53804477323921
2012-06-12 18:20:00,21.597221,30.574985206616663,18.811450577718837
2012-06-12 18:25:00,21.180555,30.590715992570125,18.593633355326773
2012-06-12 18:30:00,21.711805,30.72813233652015,18.383714695447427
2012-06-12 18:35:00,21.907408,30.574983545172994,18.749568269022777
2012-06-12 18:40:00,21.722221,30.583661265426553,18.63515206108873
2012-06-12 18:45:00,21.940971,30.59507300990265,18.573925725953316
2012-06-12 18:50:00,21.993055,30.616712126872006,18.506565993522912
2012-06-12 18:55:00,22.261574,30.65821071729818,18.436812417460022
2012-06-12 19:00:00,22.574076,31.01036438244938,20.858086662837625
2012-06-12 19:05:00,22.678244,31.006356980333436,20.779279583566904
2012-06-12 19:10:00,22.949076,31.044839101114295,21.15374981934118
2012-06-12 19:15:00,23.002314,31.240781459548646,21.979892771605307
2012-06-12 19:20:00,26.325232,31.016278172494438,20.93115541238158
2012-06-12 19:25:00,30.418982,31.00696981569611,20.63140700325901
2012-06-12 19:30:00,33.929398,31.02634153676321,21.02334595439586
2012-06-12 19:35:00,37.188656,31.18507515231008,21.78575029069381
2012-06-12 19:40:00,40.957176,31.016278172494438,20.93115541238158
2012-06-12 19:45:00,44.32176,31.087899448584,21.386227857967526
2012-06-12 19:50:00,47.902775,31.01879217410615,20.956713993627265
2012-06-12 19:55:00,51.743057,31.023621516137244,21.000685761620847
2012-06-12 20:00:00,55.440968,32.20414298462959,23.00236407126914
2012-06-12 20:05:00,59.38889,32.002923169073235,22.6697333185584
2012-06-12 20:10:00,62.805553,32.39384792752818,23.247563665351034
2012-06-12 20:15:00,66.054405,32.691136213283556,23.55000064634451
2012-06-12 20:20:00,66.76852,64.3495987476188,3.960005400511251
2012-06-12 20:25:00,66.68519,66.15025783136444,2.3680388163870925
2012-06-12 20:30:00,66.92477,65.46381033806415,2.810018537036244
2012-06-12 20:35:00,67.084496,66.07894469373716,2.4037533280484955
2012-06-12 20:40:00,67.14931,66.05160270106208,2.418048611842528
2012-06-12 20:45:00,67.18519,65.77351775202538,2.583135098425457
2012-06-12 20:50:00,67.4375,65.52760539861193,2.759583857032549
2012-06-12 20:55:00,67.27315,66.4220384769236,2.2513566218110435
2012-06-12 21:00:00,67.232635,65.99508525329217,2.096506883010603
2012-06-12 21:05:00,67.34722,65.90094017115116,2.107550677052552
2012-06-12 21:10:00,67.2743,65.71621653304163,2.1319596134548027
2012-06-12 21:15:00,67.388885,65.86980495424955,2.1113916974530667
2012-06-12 21:20:00,67.111115,66.26841285124506,2.0683121840439616
2012-06-12 21:25:00,67.02777,65.33644694469136,2.1994968830080874
2012-06-12 21:30:00,66.945595,65.6259138063898,2.145543294994106
2012-06-12 21:35:00,66.71643,65.96358665492646,2.10011184490206
2012-06-12 21:40:00,66.65163,65.6558498466588,2.140901384576276
2012-06-12 21:45:00,66.86574,65.32092337933193,2.2029625654838747
2012-06-12 21:50:00,66.92824,65.71621653304163,2.1319596134548027
2012-06-12 21:55:00,66.9676,65.37081283879631,2.1920661652297726
2012-06-12 22:00:00,66.921295,65.21840792918077,2.324320670735578
2012-06-12 22:05:00,66.62963,65.6209234229979,2.2825049225815266
2012-06-12 22:10:00,66.577545,64.8212729019928,2.3727351390848965
2012-06-12 22:15:00,66.46412,65.58680579604605,2.2858649253728713
2012-06-12 22:20:00,66.31945,64.7540589315752,2.38202250532266
2012-06-12 22:25:00,66.2882,64.390121343733,2.4409177608268364
2012-06-12 22:30:00,66.359955,64.69800842364629,2.390082939918012
2012-06-12 22:35:00,66.46644,64.60122520631704,2.4047646725412712
2012-06-12 22:40:00,66.59375,64.78227453209651,2.3780755827229263
2012-06-12 22:45:00,66.302086,65.28175491914062,2.3173695316375458
2012-06-12 22:50:00,66.114586,65.24818171167486,2.321032925909269
2012-06-12 22:55:00,66.03125,64.78934746094878,2.3770978972986514
2012-06-12 23:00:00,65.90162,64.26709735935677,2.803870661446474
2012-06-12 23:05:00,65.78703,63.87158219523756,2.8601155879526403
2012-06-12 23:10:00,65.50578,63.83841872648097,2.865081835908461
2012-06-12 23:15:00,65.46296,64.4211671541975,2.7830185347380803
2012-06-12 23:20:00,65.29282,63.48319698309066,2.9220260966880214
2012-06-12 23:25:00,65.1794,63.45186400989013,2.9274619249935085
2012-06-12 23:30:00,64.87731,64.10714905048017,2.826052046925757
2012-06-12 23:35:00,64.67361,64.1147183652955,2.824987966430989
2012-06-12 23:40:00,64.20486,64.38251049282609,2.7882110653871184
2012-06-12 23:45:00,64.17361,63.54637293335907,2.9113020118767152
2012-06-12 23:50:00,64.09028,63.83841872648097,2.865081835908461
2012-06-12 23:55:00,64.19444,63.707133999707715,2.8852565237974512
2012-06-13 00:00:00,64.265045,62.88378041850817,3.4574819162202624
2012-06-13 00:05:00,64.38079,62.54881933529927,3.5089865511088196
2012-06-13 00:10:00,64.734955,62.03561916833434,3.5942288763857904
2012-06-13 00:15:00,64.28704,63.32434476716799,3.3903960104736206
2012-06-13 00:20:00,64.51968,62.02617707273827,3.5959398666726483
2012-06-13 00:25:00,64.37153,62.15412252582589,3.573329754556634
2012-06-13 00:30:00,64.31944,62.20982511892197,3.5638266231574147
2012-06-13 00:35:00,64.052086,62.50647203272177,3.5156303676320917
2012-06-13 00:40:00,63.635418,61.97935957068728,3.604535998174876
2012-06-13 00:45:00,63.416668,62.485421092769286,3.518949190355496
2012-06-13 00:50:00,63.224537,62.612950745474386,3.499000740656767
2012-06-13 00:55:00,63.21991,63.080329782418055,3.4276157455910408
2012-06-13 01:00:00,62.77199,62.12749006509097,3.9837954639832316
2012-06-13 01:05:00,62.90625,61.96571706551254,3.9887951929957315
2012-06-13 01:10:00,62.502316,62.12749006509097,3.9837954639832316
2012-06-13 01:15:00,62.648148,61.16777445945464,4.008407170683999
2012-06-13 01:20:00,62.609955,61.801129175206114,3.993109042461647
2012-06-13 01:25:00,62.902782,61.001434250450245,4.0144176804851766
2012-06-13 01:30:00,63.006947,61.26428721563613,4.005619238548301
2012-06-13 01:35:00,63.14236,61.00397943009069,4.014311170078902
2012-06-13 01:40:00,63.493053,60.35068097175516,4.077808313009804
2012-06-13 01:45:00,63.326385,61.096755336164215,4.010751794047958
2012-06-13 01:50:00,63.08102,61.25346242249136,4.005914026123995
2012-06-13 01:55:00,62.63657,62.08753104420369,3.985112751459154
2012-06-13 02:00:00,62.597218,60.13232742199768,4.529500581131345
2012-06-13 02:05:00,61.878468,61.406658151476286,4.520886885796107
2012-06-13 02:10:00,61.850693,60.22333219760316,4.532158979998578
2012-06-13 02:15:00,61.246525,60.59281658186982,4.539125027586625
2012-06-13 02:20:00,60.95023,60.779114979302996,4.539406968642563
2012-06-13 02:25:00,60.04398,60.77046021886579,4.539448415728237
2012-06-13 02:30:00,60.033558,60.59281658186982,4.539125027586625
2012-06-13 02:35:00,59.273148,60.39987930774141,4.536412513125787
2012-06-13 02:40:00,59.339123,60.14646233939241,4.5299268304368985
2012-06-13 02:45:00,58.984955,59.874993659549666,4.5217936780126395
2012-06-13 02:50:00,58.841434,59.85668601897734,4.521336246969763
2012-06-13 02:55:00,58.70255,60.10896582556186,4.5287853296342835
2012-06-13 03:00:00,58.66898,59.398891950659056,4.782094103881861
2012-06-13 03:05:00,58.76273,59.13583164435027,4.763821783821697
2012-06-13 03:10:00,58.725693,59.50516316838273,4.788928511728225
2012-06-13 03:15:00,59.434032,58.890843988175696,4.759262100030884
2012-06-13 03:20:00,59.39352,59.451140037083995,4.785545960772879
2012-06-13 03:25:00,59.622684,58.681118040926975,4.821960978618831
2012-06-13 03:30:00,59.598377,59.90004892720558,4.806095230036358
2012-06-13 03:35:00,60.265045,58.67149154733576,4.8275708431480515
2012-06-13 03:40:00,60.348377,59.62084283005115,4.7954114945711614
2012-06-13 03:45:00,60.826385,58.80094017118057,4.7727703787296445
2012-06-13 03:50:00,60.959488,59.011736370000506,4.757662070445826
2012-06-13 03:55:00,61.17245,59.20817865980002,4.768684799755616
2012-06-13 04:00:00,61.37453,59.446972602340914,4.2875560815409175
2012-06-13 04:05:00,61.27037,59.402415279296235,4.285975751930726
2012-06-13 04:10:00,60.791203,59.52592268444122,4.29134390607557
2012-06-13 04:15:00,60.541203,60.16274370849129,4.331121359541087
2012-06-13 04:20:00,59.853703,59.47785074050429,4.288913392007944
2012-06-13 04:25:00,59.774998,59.08319147205511,4.314582488925873
2012-06-13 04:30:00,59.886112,59.870826024543284,4.313309467056122
2012-06-13 04:35:00,60.156948,59.610662022483446,4.296284060465285
2012-06-13 04:40:00,59.970608,59.83692523082383,4.311075300027139
2012-06-13 04:45:00,59.888428,59.54056782080094,4.292147273424061
2012-06-13 04:50:00,60.22755,59.33285067761573,4.284759723512356
2012-06-13 04:55:00,60.498383,59.66423937509643,4.299672278130269
2012-06-13 05:00:00,60.858795,61.641164588446486,3.0569442672440985
2012-06-13 05:05:00,61.296295,61.221902099453835,3.0903410946637986
2012-06-13 05:10:00,61.692127,60.81181520567248,3.2665464666085318
2012-06-13 05:15:00,62.016205,61.555937818806676,3.054459682085824
2012-06-13 05:20:00,63.187336,60.312080143049705,3.602511484568158
2012-06-13 05:25:00,63.95354,60.85361462495053,3.242770124881092
2012-06-13 05:30:00,64.01835,61.85186888495523,3.074684420965173
2012-06-13 05:35:00,64.01836,61.876678297889065,3.0775352951139374
2012-06-13 05:40:00,64.36095,61.44079161220876,3.0574107472212138
2012-06-13 05:45:00,64.81928,61.36281710164236,3.064546603252244
2012-06-13 05:50:00,64.99058,61.71178674723023,3.0613411888931803
2012-06-13 05:55:00,65.0253,61.922097561588515,3.0830443456151575
2012-06-13 06:00:00,64.7753,64.81962222804464,2.11104145919511
2012-06-13 06:05:00,64.81234,64.33958448494401,2.1108078038456366
2012-06-13 06:10:00,65.27662,63.46357708016777,2.2614064571814083
2012-06-13 06:15:00,65.44329,64.64455206715151,2.1013577348034147
2012-06-13 06:20:00,65.37054,64.72276224311754,2.104194605355589
2012-06-13 06:25:00,65.641365,64.46740703014062,2.1031892094245
2012-06-13 06:30:00,65.6321,64.57757802700009,2.1007581019841384
2012-06-13 06:35:00,65.66335,64.48778034955329,2.1024354777054506
2012-06-13 06:40:00,65.86706,64.50790829450493,2.1018231467096045
2012-06-13 06:45:00,66.03373,64.60509145989319,2.1008065805367435
2012-06-13 06:50:00,66.13096,64.58609021109437,2.1007440835532294
2012-06-13 06:55:00,66.18999,64.61138049885706,2.1008555189532196
2012-06-13 07:00:00,66.41105,65.95328787002434,1.8231709333364288
2012-06-13 07:05:00,66.71776,66.07974693367744,1.8045727255519985
2012-06-13 07:10:00,66.8368,66.49939030955707,1.7490252938637425
2012-06-13 07:15:00,66.79977,67.21279798984489,1.6812766649415727
2012-06-13 07:20:00,66.99305,66.4937918377844,1.7497005075353815
2012-06-13 07:25:00,67.00347,67.24176766327457,1.6795005371625222
2012-06-13 07:30:00,67.18865,66.41442093573907,1.7594759080149285
2012-06-13 07:35:00,67.38657,66.38419586360993,1.7632944247543965
2012-06-13 07:40:00,67.37037,67.09220966704477,1.6896754184200293
2012-06-13 07:45:00,67.31829,67.14211617114104,1.6860109264087424
2012-06-13 07:50:00,67.40856,66.86266502588056,1.7095084942072265
2012-06-13 07:55:00,67.57523,66.77045680135873,1.7186820738055293
2012-06-13 08:00:00,67.640045,66.80983488530369,1.89366306561062
2012-06-13 08:05:00,67.66088,67.38268802157918,1.8285295267630481
2012-06-13 08:10:00,67.62384,66.90705788083689,1.8818460846410103
2012-06-13 08:15:00,67.701385,67.0984787686847,1.859491597500054
2012-06-13 08:20:00,67.69097,67.27963122264583,1.8394464651310065
2012-06-13 08:25:00,67.73611,67.38268802157918,1.8285295267630481
2012-06-13 08:30:00,67.79398,67.14565388906708,1.8541673455205825
2012-06-13 08:35:00,67.85648,67.1749878933572,1.8508935597879095
2012-06-13 08:40:00,67.90856,67.01525527547048,1.8690623066368472
2012-06-13 08:45:00,67.8993,66.90705788083689,1.8818460846410103
2012-06-13 08:50:00,67.826385,67.22750390240718,1.8451033767011038
2012-06-13 08:55:00,67.7743,67.48407907489685,1.8181401931812655
2012-06-13 09:00:00,67.83218,66.39672282247642,2.158491600423893
2012-06-13 09:05:00,67.68634,66.74873989322357,2.121480903104524
2012-06-13 09:10:00,67.733795,65.96221584522966,2.2114369665691274
2012-06-13 09:15:00,67.31365,66.74873989322357,2.121480903104524
2012-06-13 09:20:00,66.92824,66.48070876998891,2.1492111395613556
2012-06-13 09:25:00,66.74306,66.87254812351186,2.1095997785420555
2012-06-13 09:30:00,66.60764,66.69540678024627,2.126776139157161
2012-06-13 09:35:00,66.53472,66.74873989322357,2.121480903104524
2012-06-13 09:40:00,66.37847,66.53456683982655,2.143411974294746
2012-06-13 09:45:00,66.2419,66.10736523036746,2.192786668075556
2012-06-13 09:50:00,66.05787,66.10132291578758,2.19354289937726
2012-06-13 09:55:00,65.87037,66.48070876998891,2.1492111395613556
2012-06-13 10:00:00,65.578705,65.9895830859147,2.2835896005274243
2012-06-13 10:05:00,65.30787,65.32947229319862,2.3570228218578677
2012-06-13 10:10:00,65.18635,65.5315265094976,2.331358308744332
2012-06-13 10:15:00,65.22106,64.02750702159703,2.6124305334876894
2012-06-13 10:20:00,65.32523,63.94561023565095,2.6347877056402793
2012-06-13 10:25:00,65.06597,65.25681507731632,2.367016946945396
2012-06-13 10:30:00,64.888885,65.32947229319862,2.3570228218578677
2012-06-13 10:35:00,64.69097,65.68378755589309,2.3139590402434496
2012-06-13 10:40:00,64.37847,65.07871893797979,2.393346942417686
2012-06-13 10:45:00,64.29282,64.7806020665346,2.44373751257555
2012-06-13 10:50:00,64.26852,64.5505741381105,2.4885816868355657
2012-06-13 10:55:00,64.24769,64.87964864483148,2.4260700841005436
2012-06-13 11:00:00,64.07804,64.19283409115614,2.492004186610425
2012-06-13 11:05:00,64.08846,63.681578600423336,2.625201620732442
2012-06-13 11:10:00,64.022484,64.53291005477429,2.422510003439474
2012-06-13 11:15:00,63.913692,63.82184315576196,2.5850847877300516
2012-06-13 11:20:00,63.882442,64.05398561243697,2.5246610040556154
2012-06-13 11:25:00,64.05258,63.66592878017982,2.629847091386693
2012-06-13 11:30:00,63.85258,64.10028230381964,2.51348637132518
2012-06-13 11:35:00,63.63383,64.33171900296138,2.4618662661020214
2012-06-13 11:40:00,63.550495,63.25240315138925,2.764961134283222
2012-06-13 11:45:00,63.55281,63.99736155042056,2.5387201700033164
2012-06-13 11:50:00,63.55281,64.05398561243697,2.5246610040556154
2012-06-13 11:55:00,63.457905,64.3780675996242,2.4523571119695227
2012-06-13 12:00:00,63.554626,63.21745370486618,2.587422290621167
2012-06-13 12:05:00,63.60555,63.50802995106785,2.49360394917775
2012-06-13 12:10:00,63.459717,64.00183110089263,2.3631808886243935
2012-06-13 12:15:00,63.626392,63.11532227071603,2.623311120358353
2012-06-13 12:20:00,63.614487,63.68899350481821,2.4415347794673035
2012-06-13 12:25:00,63.249905,64.18003428467092,2.325044496468688
2012-06-13 12:30:00,63.397816,62.98286252499769,2.6720496888965677
2012-06-13 12:35:00,63.49504,63.13646225737341,2.615760793470597
2012-06-13 12:40:00,63.55754,62.644578606382254,2.80744948526887
2012-06-13 12:45:00,63.44296,63.77871860536214,2.4175535609681305
2012-06-13 12:50:00,63.27629,63.82344788782598,2.4060532556110457
2012-06-13 12:55:00,63.246197,63.728922416674834,2.430712224450309
2012-06-13 13:00:00,63.16402,63.556151671560265,2.3456757105071335
2012-06-13 13:05:00,63.261906,63.638243335947465,2.32151477424027
2012-06-13 13:10:00,63.242233,63.29143470565584,2.4315508084707362
2012-06-13 13:15:00,63.111446,63.75358662944566,2.289581738025235
2012-06-13 13:20:00,63.08168,63.54992545593492,2.3475573251244866
2012-06-13 13:25:00,63.08168,62.47681307897799,2.7651342656135314
2012-06-13 13:30:00,62.93585,63.556151671560265,2.3456757105071335
2012-06-13 13:35:00,62.945103,63.48331866900467,2.3681017732344776
2012-06-13 13:40:00,63.070103,62.87500775119955,2.589766231606478
2012-06-13 13:45:00,63.21941,63.20127968431256,2.463486826383775
2012-06-13 13:50:00,63.396496,63.01709743948815,2.532765852600325
2012-06-13 13:55:00,63.417328,63.51250323237101,2.3590048796452603
2012-06-13 14:00:00,63.42659,63.32923174794333,2.436964667150639
2012-06-13 14:05:00,63.350693,64.1093303479983,2.1833482588076145
2012-06-13 14:10:00,63.091434,63.32923174794333,2.436964667150639
2012-06-13 14:15:00,63.383102,63.324637025492386,2.438917100804142
2012-06-13 14:20:00,63.443287,63.528856444074016,2.3571964130520486
2012-06-13 14:25:00,63.641205,62.66090248692914,2.769679812298888
2012-06-13 14:30:00,63.751156,63.07072766532058,2.5543909956417177
2012-06-13 14:35:00,63.79051,63.61852802981423,2.324665880159589
2012-06-13 14:40:00,63.832172,63.528856444074016,2.3571964130520486
2012-06-13 14:45:00,63.67477,63.905637236199986,2.2346080681049263
2012-06-13 14:50:00,63.560184,63.85150789118134,2.2499556984478555
2012-06-13 14:55:00,63.653934,63.69010404639828,2.300205824696054
2012-06-13 15:00:00,63.728012,63.93891179916725,2.9732687723475553
2012-06-13 15:05:00,63.780094,64.29024778185268,2.813636108098359
2012-06-13 15:10:00,64.204865,62.80843707100038,3.7079764867542155
2012-06-13 15:15:00,63.960648,64.87357593473317,2.683746207783427
2012-06-13 15:20:00,64.00463,64.25011749412347,2.8282121313685393
2012-06-13 15:25:00,64.16088,64.03375338222682,2.9229991241363114
2012-06-13 15:30:00,64.40162,64.05127496710026,2.914282359956672
2012-06-13 15:35:00,64.5162,64.25737987205632,2.82550799829761
2012-06-13 15:40:00,64.54745,64.19252383138634,2.8507320211599065
2012-06-13 15:45:00,64.48264,63.88206677256078,3.0057470291018933
2012-06-13 15:50:00,64.53472,63.970618404345885,2.9558967174038187
2012-06-13 15:55:00,64.68171,64.49532870347669,2.752145677592068
2012-06-13 16:00:00,64.84723,61.95009325817353,11.548358580111527
2012-06-13 16:05:00,64.92014,62.681971839979354,10.484062453690768
2012-06-13 16:10:00,64.22222,62.60226639809355,10.602818886508887
2012-06-13 16:15:00,63.935184,61.636578952942735,11.96951621354709
2012-06-13 16:20:00,63.685184,62.52204356484981,10.722087696685321
2012-06-13 16:25:00,62.67477,62.84003673557749,10.248533648474911
2012-06-13 16:30:00,62.026623,63.51220598229846,9.275215210194196
2012-06-13 16:35:00,61.797455,63.07451871261091,9.901712950465251
2012-06-13 16:40:00,59.432873,62.27763493662621,11.08186172154155
2012-06-13 16:45:00,56.359955,60.475277469910075,13.250879301871379
2012-06-13 16:50:00,53.557873,61.85374169169602,11.680782641876903
2012-06-13 16:55:00,50.039352,63.853104419867236,8.816115810860632
2012-06-13 17:00:00,48.372684,61.105738339273735,27.064907010231668
2012-06-13 17:05:00,44.66435,61.105738339273735,27.064907010231668
2012-06-13 17:10:00,41.66898,47.286405528184766,32.9843057924141
2012-06-13 17:15:00,38.483795,54.64253323826415,35.21885388536964
2012-06-13 17:20:00,35.681713,56.99802578150218,35.34100737710652
2012-06-13 17:25:00,33.108795,40.42429643162107,29.188477371588963
2012-06-13 17:30:00,29.673613,51.998860013237866,34.51683851660079
2012-06-13 17:35:00,25.725695,58.26563961504209,34.46988849216615
2012-06-13 17:40:00,24.197916,30.746142623179704,16.69037220384471
2012-06-13 17:45:00,23.666666,30.642301919523643,15.7775965353065
2012-06-13 17:50:00,22.46875,30.593458561360084,15.965016103108901
2012-06-13 17:55:00,21.681715,30.650961363896897,15.772056866772054
2012-06-13 18:00:00,19.098381,33.81535764577679,29.831182880488047
2012-06-13 18:05:00,18.622686,30.242785479861997,17.966166073672255
2012-06-13 18:10:00,18.753473,30.261614383549375,17.908756015294227
2012-06-13 18:15:00,19.623842,30.23411345598672,17.99692983924059
2012-06-13 18:20:00,20.092592,30.17375653058541,18.78336879758403
2012-06-13 18:25:00,20.673613,30.22446687672836,18.03529559962774
2012-06-13 18:30:00,21.854166,30.34785327833798,17.74030467509783
2012-06-13 18:35:00,22.497686,30.403176504137594,17.677098789174835
2012-06-13 18:40:00,23.858797,30.338199578606773,17.75406018254742
2012-06-13 18:45:00,24.703703,30.30787443416556,17.804206646578482
2012-06-13 18:50:00,25.203703,30.39543655015744,17.6845662663942
2012-06-13 18:55:00,26.296297,30.411841407540038,17.669193699562
2012-06-13 19:00:00,27.327547,30.559772791086147,20.013782054528765
2012-06-13 19:05:00,27.901619,30.545169888030994,20.08607105295916
2012-06-13 19:10:00,27.891203,30.486843484135363,20.930339940229263
2012-06-13 19:15:00,26.945602,30.889797450736424,23.95119372001153
2012-06-13 19:20:00,27.28125,31.062103162219916,24.732838523327178
2012-06-13 19:25:00,30.335648,30.66351119728237,22.72350439995283
2012-06-13 19:30:00,33.136574,30.823167626109683,23.621205849470954
2012-06-13 19:35:00,36.868057,30.49236113854127,21.1332152063843
2012-06-13 19:40:00,39.627316,31.09485686259872,24.87246363795305
2012-06-13 19:45:00,42.886578,30.645652339345286,22.608391691100206
2012-06-13 19:50:00,46.77199,30.48626150415501,20.865796710831837
2012-06-13 19:55:00,50.129627,30.618588608815173,22.424775523866796
2012-06-13 20:00:00,53.54398,31.638487400315444,23.809435193047406
2012-06-13 20:05:00,57.42477,31.387613442087837,22.90982082850005
2012-06-13 20:10:00,61.320602,31.368943562293946,22.8200576556779
2012-06-13 20:15:00,65.21991,31.336766857564502,22.64795464032133
2012-06-13 20:20:00,67.74885,33.39012324495234,26.74614438711598
2012-06-13 20:25:00,67.937836,66.60819089724636,2.2025825547488447
2012-06-13 20:30:00,68.058205,66.4225977010595,2.295413761307151
2012-06-13 20:35:00,67.91931,67.03893965925802,2.050183860712725
2012-06-13 20:40:00,68.04547,66.86940615553267,2.0989834724712484
2012-06-13 20:45:00,68.087135,67.03893965925802,2.050183860712725
2012-06-13 20:50:00,67.91005,67.10785945761965,2.034370477274283
2012-06-13 20:55:00,67.84756,67.1532541927736,2.025131552503329
2012-06-13 21:00:00,67.84987,66.43055631289319,2.074439677280218
2012-06-13 21:05:00,67.58945,66.62467330844565,2.0657899938884854
2012-06-13 21:10:00,67.50843,66.54457466440715,2.0688539036841163
2012-06-13 21:15:00,67.557045,66.30879067924579,2.082237752119949
2012-06-13 21:20:00,67.37996,66.40938189578274,2.075651477917838
2012-06-13 21:25:00,67.32639,66.41327563735094,2.075424423840062
2012-06-13 21:30:00,67.49884,66.05919917751443,2.105381588178488
2012-06-13 21:35:00,67.52662,66.00820686064694,2.11147169893232
2012-06-13 21:40:00,67.34954,66.51771027744802,2.0700333951762118
2012-06-13 21:45:00,67.19676,66.49076083050701,2.0712990740583423
2012-06-13 21:50:00,67.24735,65.98898428381726,2.1138994686510357
2012-06-13 21:55:00,67.10963,66.35467316678948,2.079058742847678
2012-06-13 22:00:00,66.911705,65.69532082310569,2.289629608370785
2012-06-13 22:05:00,66.88393,65.19037970093547,2.3201670467429447
2012-06-13 22:10:00,66.754295,65.59016790531062,2.2942464932934357
2012-06-13 22:15:00,66.68139,65.69532082310569,2.289629608370785
2012-06-13 22:20:00,66.72305,65.19037970093547,2.3201670467429447
2012-06-13 22:25:00,66.4499,65.52810331250978,2.2973361554658482
2012-06-13 22:30:00,66.04365,65.7784943840041,2.286462021523698
2012-06-13 22:35:00,66.06101,65.3410063317958,2.3085906116637154
2012-06-13 22:40:00,66.01008,65.30342886708961,2.3112486990102608
2012-06-13 22:45:00,66.006615,65.3410063317958,2.3085906116637154
2012-06-13 22:50:00,65.85186,65.3838889641308,2.3057291013086423
2012-06-13 22:55:00,65.864586,65.24068079790179,2.316021477785215
2012-06-13 23:00:00,65.833336,64.23070609125462,2.7306798402962147
2012-06-13 23:05:00,65.81945,64.18361905705501,2.733945763840124
2012-06-13 23:10:00,65.541664,64.3092347897058,2.7255637212213712
2012-06-13 23:15:00,64.875,64.57027077525402,2.7109845234070487
2012-06-13 23:20:00,64.791664,64.37209815121643,2.721738885062255
2012-06-13 23:25:00,64.65857,63.858039530588684,2.7615840571913726
2012-06-13 23:30:00,64.78356,63.752056113476726,2.7729249381283694
2012-06-13 23:35:00,64.6794,64.45700519122842,2.7169101809068477
2012-06-13 23:40:00,64.553246,64.23384486985532,2.7304679320575485
2012-06-13 23:45:00,64.547455,64.40039502896835,2.7200886413093386
2012-06-13 23:50:00,64.63079,64.03313376758062,2.745523445002101
2012-06-13 23:55:00,64.66204,64.34380576826298,2.7234324450249656
2012-06-14 00:00:00,64.71412,63.01213905372109,3.3349608152385497
2012-06-14 00:05:00,64.579865,63.01213905372109,3.3349608152385497
2012-06-14 00:10:00,64.641205,62.44186236041213,3.3717619703930404
2012-06-14 00:15:00,64.02662,61.72336802200584,3.467994567491092
2012-06-14 00:20:00,63.859955,63.01213905372109,3.3349608152385497
2012-06-14 00:25:00,63.909725,62.38560968668315,3.3766618941111943
2012-06-14 00:30:00,63.649307,62.95662026339314,3.3378218212267963
2012-06-14 00:35:00,63.38889,63.0399612332835,3.3335628884076822
2012-06-14 00:40:00,63.07986,62.76370488471869,3.348708223150282
2012-06-14 00:45:00,62.79398,63.2483107041258,3.3236588002158194
2012-06-14 00:50:00,62.599537,63.12366943043501,3.3294791340548193
2012-06-14 00:55:00,62.130787,63.29210407460602,3.3216642519323147
2012-06-14 01:00:00,61.682873,62.632556133016685,3.7524051369208977
2012-06-14 01:05:00,61.6088,62.11920581400784,3.7995265274019587
2012-06-14 01:10:00,61.86227,62.061997053622235,3.806461600933139
2012-06-14 01:15:00,62.464123,59.72562248672609,5.15012873762624
2012-06-14 01:20:00,62.328705,62.03516988967658,3.8098890405360333
2012-06-14 01:25:00,61.83102,61.9761903780252,3.817858422084908
2012-06-14 01:30:00,61.635418,61.752249450710956,3.8548598108694665
2012-06-14 01:35:00,62.010418,61.82711762718534,3.8411277713116196
2012-06-14 01:40:00,61.777775,61.47865821817819,3.921369714866079
2012-06-14 01:45:00,61.90625,61.95575984079209,3.82076808463758
2012-06-14 01:50:00,61.496525,62.07097875872889,3.8053396517622047
2012-06-14 01:55:00,61.337963,61.56155080781421,3.8979916597539663
2012-06-14 02:00:00,61.462963,60.20846540685759,4.3850319131973245
2012-06-14 02:05:00,61.055553,60.61931882603048,4.379175709976381
2012-06-14 02:10:00,60.638885,61.46469123453944,4.3853786505561345
2012-06-14 02:15:00,60.85995,59.98584599665429,4.408418156853207
2012-06-14 02:20:00,60.193287,60.402053143597364,4.3791499575996
2012-06-14 02:25:00,60.839123,59.76099140327121,4.479036900035135
2012-06-14 02:30:00,61.005783,60.061405539518795,4.397389820171054
2012-06-14 02:35:00,60.318287,61.55020090761161,4.384409257515858
2012-06-14 02:40:00,60.17129,59.82608154432023,4.45052353024014
2012-06-14 02:45:00,59.94907,60.98001623899699,4.383715159756867
2012-06-14 02:50:00,59.94907,59.92628008161424,4.4204928173509765
2012-06-14 02:55:00,59.993053,59.98584599665429,4.408418156853207
2012-06-14 03:00:00,59.83333,59.662468075888036,4.525746341493602
2012-06-14 03:05:00,59.969906,59.099778717382684,4.540225288984025
2012-06-14 03:10:00,59.756943,59.55856373300594,4.520050230237073
2012-06-14 03:15:00,59.934025,59.59478482180714,4.521928403292553
2012-06-14 03:20:00,60.138885,58.75390167487085,4.850400295496261
2012-06-14 03:25:00,58.774303,60.2476178311507,4.560102444948415
2012-06-14 03:30:00,58.56134,59.5777572345715,4.521028108507489
2012-06-14 03:35:00,58.25926,59.16049592387554,4.526369976240087
2012-06-14 03:40:00,58.511906,58.9496421679001,4.6304486520322845
2012-06-14 03:45:00,58.40774,59.6169925975389,4.523142799935898
2012-06-14 03:50:00,58.0582,59.16049592387554,4.526369976240087
2012-06-14 03:55:00,58.547787,59.27385104784713,4.515379793424917
2012-06-14 04:00:00,58.96048,59.33138019613346,4.0906910878379605
2012-06-14 04:05:00,58.79381,59.247705042426226,4.111666903093361
2012-06-14 04:10:00,59.080853,59.16581599999438,4.140746973520734
2012-06-14 04:15:00,58.29381,60.039166945490514,4.042662638122633
2012-06-14 04:20:00,58.651455,58.90497613897002,4.367171067461567
2012-06-14 04:25:00,59.75678,56.86571548412479,6.54653947148255
2012-06-14 04:30:00,59.941967,59.17933602747331,4.135191877295131
2012-06-14 04:35:00,60.17229,58.804481300999846,4.534667789598837
2012-06-14 04:40:00,60.69743,59.16964780828314,4.13913715328552
2012-06-14 04:45:00,61.181217,59.39637168896497,4.078580884313251
2012-06-14 04:50:00,61.83284,58.74751231141148,4.632347593133555
2012-06-14 04:55:00,61.428898,60.434737400823046,4.047779053883846
2012-06-14 05:00:00,61.24768,61.72133707215923,2.959038151347526
2012-06-14 05:05:00,61.675922,60.35521458793992,3.3778156035578717
2012-06-14 05:10:00,61.82407,61.135934210974206,2.9981666182163766
2012-06-14 05:15:00,62.756943,59.85647045407919,4.051743614488184
2012-06-14 05:20:00,63.090275,60.781146872983136,3.0887318232983643
2012-06-14 05:25:00,63.432865,61.00692927788483,3.022263440559017
2012-06-14 05:30:00,63.692127,60.924627370411194,3.0423186083444773
2012-06-14 05:35:00,64.24768,60.37396363849124,3.358247891475776
2012-06-14 05:40:00,64.3669,61.7576439088838,2.959120704329548
2012-06-14 05:45:00,64.329865,62.01725953625739,2.965301408265986
2012-06-14 05:50:00,64.49305,61.10036446371771,3.004023800502338
2012-06-14 05:55:00,64.95602,60.80706868549543,3.0790846803358995
2012-06-14 06:00:00,65.1412,64.01027044477487,2.0182371175874674
2012-06-14 06:05:00,65.326385,63.96289423778911,2.028112857396824
2012-06-14 06:10:00,65.5736,64.26545608294934,1.9800294391145818
2012-06-14 06:15:00,65.500694,64.55113297655413,1.9643202000086257
2012-06-14 06:20:00,65.80047,64.32509958147475,1.974520002921083
2012-06-14 06:25:00,65.91952,64.60057280782712,1.9642091132151185
2012-06-14 06:30:00,66.13248,64.3109403877179,1.9757169395716432
2012-06-14 06:35:00,66.20655,64.3109403877179,1.9757169395716432
2012-06-14 06:40:00,66.254005,64.7717021578597,1.9692336897109766
2012-06-14 06:45:00,66.411415,64.6224637373517,1.9643896172016844
2012-06-14 06:50:00,66.71697,64.26545608294934,1.9800294391145818
2012-06-14 06:55:00,66.78178,64.66609683785569,1.9651630340612805
2012-06-14 07:00:00,66.80956,66.70152029955456,1.6305888447111572
2012-06-14 07:05:00,67.060715,66.62742498550712,1.642816877227097
2012-06-14 07:10:00,67.188484,67.28779849400247,1.56521536818026
2012-06-14 07:15:00,67.355156,66.5469529320053,1.6570577116553598
2012-06-14 07:20:00,67.34705,67.52156759302977,1.556537432829091
2012-06-14 07:25:00,67.33912,67.32188790608068,1.5632659607277153
2012-06-14 07:30:00,67.44444,67.23680510906404,1.5685423794474334
2012-06-14 07:35:00,67.58449,66.7379659057651,1.6248872595911308
2012-06-14 07:40:00,67.603004,67.32606026581747,1.5630428822472773
2012-06-14 07:45:00,67.48264,67.46747665406151,1.557537673834528
2012-06-14 07:50:00,67.39931,67.46747665406151,1.557537673834528
2012-06-14 07:55:00,67.41782,67.23680510906404,1.5685423794474334
2012-06-14 08:00:00,67.50116,66.62415297989266,1.9374904437658393
2012-06-14 08:05:00,67.459496,67.66342616263734,1.735314897576474
2012-06-14 08:10:00,67.28819,67.93244379771575,1.6997348886802086
2012-06-14 08:15:00,67.3507,67.15294080296262,1.8212743953947423
2012-06-14 08:20:00,67.395836,67.66342616263734,1.735314897576474
2012-06-14 08:25:00,67.48843,67.34500018954394,1.7860520567499634
2012-06-14 08:30:00,67.46644,67.76016547038408,1.7217538161212875
2012-06-14 08:35:00,67.35417,67.25835444873827,1.801502481502401
2012-06-14 08:40:00,67.4375,67.48123020338107,1.7631928541761572
2012-06-14 08:45:00,67.57639,67.01609552093457,1.8485718776973912
2012-06-14 08:50:00,67.65972,67.20583921107287,1.811217550808923
2012-06-14 08:55:00,67.7257,67.34500018954394,1.7860520567499634
2012-06-14 09:00:00,67.76273,66.18328377115495,2.453500363221712
2012-06-14 09:05:00,67.58564,66.60806667466387,2.339043264488932
2012-06-14 09:10:00,67.55787,66.23281297919645,2.439009474104959
2012-06-14 09:15:00,67.47007,66.60806667466387,2.339043264488932
2012-06-14 09:20:00,67.247856,67.06039364393345,2.2393747499750085
2012-06-14 09:25:00,66.97933,66.96501330809741,2.258654194164357
2012-06-14 09:30:00,66.79415,66.82072398707312,2.289541203250145
2012-06-14 09:35:00,66.78141,65.78540987623497,2.5819314863316065
2012-06-14 09:40:00,66.66105,67.06039364393345,2.2393747499750085
2012-06-14 09:45:00,66.47587,66.86897195503246,2.2789774551695094
2012-06-14 09:50:00,66.4203,66.7723326305919,2.3003795048961453
2012-06-14 09:55:00,66.18766,66.82676247439885,2.2882058549915425
2012-06-14 10:00:00,66.15989,65.56250365190213,2.887113142588263
2012-06-14 10:05:00,66.36822,64.88588451759813,3.139598389648613
2012-06-14 10:10:00,66.30341,65.28176177259571,2.982533397575177
2012-06-14 10:15:00,66.22454,65.33511301311016,2.963414683225936
2012-06-14 10:20:00,66.03936,65.09536061042166,3.0531034545240416
2012-06-14 10:25:00,66.20602,64.7693529210227,3.191072436172583
2012-06-14 10:30:00,66.06945,65.04880951047804,3.0716600446281372
2012-06-14 10:35:00,65.99885,64.93826649858117,3.1172447777324437
2012-06-14 10:40:00,65.8507,65.60946076714099,2.872369536022864
2012-06-14 10:45:00,65.77662,65.09536061042166,3.0531034545240416
2012-06-14 10:50:00,65.77662,65.65647259134619,2.8579448450520712
2012-06-14 10:55:00,65.48958,64.81599406527917,3.1701803161417224
2012-06-14 11:00:00,65.33218,64.85960264465481,3.1378963147871275
2012-06-14 11:05:00,64.99884,65.33530247702505,2.9906633161180203
2012-06-14 11:10:00,65.0081,64.43334242104281,3.3057259190298005
2012-06-14 11:15:00,64.79861,64.4173245316906,3.312709723296999
2012-06-14 11:20:00,64.97338,63.68573984925565,3.679751510943673
2012-06-14 11:25:00,64.66782,65.03120158987139,3.08008450598042
2012-06-14 11:30:00,64.5544,63.87850264954793,3.5745031788124955
2012-06-14 11:35:00,64.53588,64.08842998750355,3.466522365227881
2012-06-14 11:40:00,64.28588,64.3477902216883,3.3435830996441567
2012-06-14 11:45:00,64.172455,64.21873693984662,3.4032506000967735
2012-06-14 11:50:00,63.765045,65.07431949449658,3.066411714690353
2012-06-14 11:55:00,63.931717,62.8502423646685,4.193799925560327
2012-06-14 12:00:00,63.76505,63.84134811125998,3.470746704416436
2012-06-14 12:05:00,63.700237,63.50204535682096,3.643886341944371
2012-06-14 12:10:00,63.311344,64.1624517084973,3.323935697603495
2012-06-14 12:15:00,63.47801,63.13628538037771,3.847295495219439
2012-06-14 12:20:00,63.38657,64.19689103247846,3.3093238939572793
2012-06-14 12:25:00,63.3125,63.322850038992264,3.741552305060002
2012-06-14 12:30:00,63.28009,63.0401165634317,3.903347130556558
2012-06-14 12:35:00,63.326397,63.716750724900244,3.532383861166245
2012-06-14 12:40:00,63.581024,62.84195846590043,4.02210730162292
2012-06-14 12:45:00,63.64649,63.40212084647403,3.6978590217261633
2012-06-14 12:50:00,63.740414,62.84195846590043,4.02210730162292
2012-06-14 12:55:00,63.895504,63.45790426991692,3.6675730398855837
2012-06-14 13:00:00,64.02513,62.86207416141364,3.8665926590021438
2012-06-14 13:05:00,64.099205,63.00618131700771,3.783842825575167
2012-06-14 13:10:00,64.256615,62.02245865148951,4.410060582920316
2012-06-14 13:15:00,64.05985,63.73564258543501,3.4107691815431047
2012-06-14 13:20:00,63.782074,63.61649523124067,3.4660427420446442
2012-06-14 13:25:00,63.75777,62.76337177268136,3.9249509715166973
2012-06-14 13:30:00,63.7624,62.68801246344694,3.9704438950242853
2012-06-14 13:35:00,63.669804,63.73564258543501,3.4107691815431047
2012-06-14 13:40:00,63.56564,63.87084603476868,3.3511900787939677
2012-06-14 13:45:00,63.38558,63.52774323973378,3.508778900319541
2012-06-14 13:50:00,63.35648,63.15195898003364,3.7030635978417608
2012-06-14 13:55:00,63.252316,63.956026827292824,3.3155001624325102
2012-06-14 14:00:00,63.20602,63.35699266177065,3.923834792895629
2012-06-14 14:05:00,63.228012,63.246936178432236,3.9839656432841744
2012-06-14 14:10:00,63.348385,62.85175362198353,4.23020317979177
2012-06-14 14:15:00,63.508106,62.75491282895592,4.296357416169885
2012-06-14 14:20:00,63.785885,62.18027998612203,4.712446711870242
2012-06-14 14:25:00,63.848385,62.6027138678916,4.403583682147934
2012-06-14 14:30:00,64.03356,62.67709862174295,4.35074119941812
2012-06-14 14:35:00,63.996525,63.20953760818907,4.00532378342828
2012-06-14 14:40:00,63.87384,63.29315899490916,3.958207985485263
2012-06-14 14:45:00,64.03703,62.6027138678916,4.403583682147934
2012-06-14 14:50:00,64.2037,62.935069811145006,4.174864748815771
2012-06-14 14:55:00,64.16203,63.37505960810942,3.914364311831257
2012-06-14 15:00:00,64.125,60.76159775201061,10.253000024402846
2012-06-14 15:05:00,64.09376,61.082632156423934,10.145998127490937
2012-06-14 15:10:00,64.09375,61.12666476181165,10.130699672913579
2012-06-14 15:15:00,63.98264,61.26485258674273,10.08146910937056
2012-06-14 15:20:00,63.834488,61.33249529492278,10.056623257787813
2012-06-14 15:25:00,63.981487,60.20174000900016,10.427529311211968
2012-06-14 15:30:00,63.99167,61.33249529492278,10.056623257787813
2012-06-14 15:35:00,62.778706,60.526634056446476,10.327568137847047
2012-06-14 15:40:00,59.81574,59.91919276347309,10.512660438438045
2012-06-14 15:45:00,55.991673,61.0560083635667,10.155165736276077
2012-06-14 15:50:00,51.91759,61.5945678766823,9.95487784227166
2012-06-14 15:55:00,47.862034,60.83708859714648,10.228460353152338
2012-06-14 16:00:00,44.18611,55.74886678205916,31.0414717823862
2012-06-14 16:05:00,40.07153,56.24483619745333,31.467392893479058
2012-06-14 16:10:00,36.430325,56.638250851752524,31.75585375103937
2012-06-14 16:15:00,32.661804,55.64814886560853,30.950387346490785
2012-06-14 16:20:00,29.0044,55.340656081878926,30.670014337346274
2012-06-14 16:25:00,24.951157,57.03304075862689,31.977686920114788
2012-06-14 16:30:00,20.681715,57.04294799169426,31.982229069741223
2012-06-14 16:35:00,18.22801,36.17270375193605,19.265663819581746
2012-06-14 16:40:00,17.283564,31.25413543166717,14.280945001183001
2012-06-14 16:45:00,17.098381,31.27251004918718,14.48400759511108
2012-06-14 16:50:00,17.09838,31.302120060805887,14.566447776975304
2012-06-14 16:55:00,17.200232,31.318033368213218,14.60777737484601
2012-06-14 17:00:00,16.885418,30.31909226443123,15.574083630808387
2012-06-14 17:05:00,17.083332,30.426992112305896,15.592640413758618
2012-06-14 17:10:00,16.802084,30.29485963390344,15.588777972602303
2012-06-14 17:15:00,16.496527,30.343585029566896,15.570003540532175
2012-06-14 17:20:00,16.274305,30.3233163662707,15.572791146312866
2012-06-14 17:25:00,15.975694,30.38599029353506,15.576544940921055
2012-06-14 17:30:00,16.021992,30.45252565322208,15.60589179173094
2012-06-14 17:35:00,15.392362,30.314975444382608,15.575643192372786
2012-06-14 17:40:00,15.318288,30.394826088285715,15.579361681303128
2012-06-14 17:45:00,15.086806,30.386668637247883,15.57674461084702
2012-06-14 17:50:00,14.902778,30.38398374428795,15.575964622384367
2012-06-14 17:55:00,14.587962,30.37866237758341,15.574533585354777
2012-06-14 18:00:00,14.052082,30.025216109262136,17.446119076046436
2012-06-14 18:05:00,13.894676,29.996105480138812,17.517896409165804
2012-06-14 18:10:00,13.55787,29.989340793589037,17.53901264607939
2012-06-14 18:15:00,13.59375,30.05049568664693,17.400260916784962
2012-06-14 18:20:00,13.788196,30.00674940029337,17.488545345409488
2012-06-14 18:25:00,14.056712,30.095195879012337,17.341482600212913
2012-06-14 18:30:00,14.075231,30.055818002747845,17.39198348577973
2012-06-14 18:35:00,14.288194,30.11308393088808,17.323533846306184
2012-06-14 18:40:00,14.444444,30.03756989229535,17.422242765847145
2012-06-14 18:45:00,14.62037,30.07506559023838,17.36514630496057
2012-06-14 18:50:00,14.77662,30.058169182880548,17.388443068007724
2012-06-14 18:55:00,15.359955,30.09226936467393,17.344686634980366
2012-06-14 19:00:00,15.775464,30.21262909062716,19.39440190924276
2012-06-14 19:05:00,15.608798,30.108047145748163,19.934031393931818
2012-06-14 19:10:00,15.840279,30.13141440147646,19.74340541787102
2012-06-14 19:15:00,15.813659,30.11068290744549,19.90695923750885
2012-06-14 19:20:00,15.873843,30.09020442754951,20.43503367820585
2012-06-14 19:25:00,16.244213,30.10050371681847,20.027241231633543
2012-06-14 19:30:00,16.832174,30.115870646609675,19.859039048649375
2012-06-14 19:35:00,18.054398,30.114485239943548,19.87123564724457
2012-06-14 19:40:00,22.116898,30.093626526797777,20.15496085632894
2012-06-14 19:45:00,26.431715,30.103519711765596,19.986510168842546
2012-06-14 19:50:00,30.681715,30.09957425776339,20.04108942390464
2012-06-14 19:55:00,34.653934,30.094440634192807,20.60216630683175
2012-06-14 20:00:00,39.190975,30.629127383320746,22.066031089714997
2012-06-14 20:05:00,43.755787,30.630912248513344,21.9248963161719
2012-06-14 20:10:00,48.10764,30.63494053734963,22.380069575785843
2012-06-14 20:15:00,52.552082,30.629279049392306,22.13202529346597
2012-06-14 20:20:00,56.625,30.680613623654455,23.026917123074867
2012-06-14 20:25:00,60.615738,30.700355846658482,23.21199470802199
2012-06-14 20:30:00,64.48148,30.734748442536613,23.49095531204085
2012-06-14 20:35:00,67.67593,31.246908863778984,26.100530639758798
2012-06-14 20:40:00,67.920135,66.15014879912403,6.616259225299434
2012-06-14 20:45:00,67.91088,66.75064245389855,4.841447101949602
2012-06-14 20:50:00,68.02546,66.66114561642935,5.120617908260512
2012-06-14 20:55:00,67.91436,66.7781762246422,4.754366537602345
2012-06-14 21:00:00,67.831024,66.99755375031457,2.4566434437747637
2012-06-14 21:05:00,67.710655,66.92991344158554,2.546408025857168
2012-06-14 21:10:00,67.734955,66.97463149447033,2.484906825635702
2012-06-14 21:15:00,67.72569,66.92991344158554,2.546408025857168
2012-06-14 21:20:00,67.63889,66.97889941688639,2.479486261843872
2012-06-14 21:25:00,67.583336,66.9633241835959,2.4996415464443666
2012-06-14 21:30:00,67.55093,66.92991344158554,2.546408025857168
2012-06-14 21:35:00,67.61573,66.89706842114252,2.59729016824176
2012-06-14 21:40:00,67.42658,66.99755375031457,2.4566434437747637
2012-06-14 21:45:00,67.39765,66.86448513741375,2.652673146675984
2012-06-14 21:50:00,67.19048,66.97889941688639,2.479486261843872
2012-06-14 21:55:00,67.13492,66.75295637022337,2.8753930668037486
2012-06-14 22:00:00,67.033066,66.1996027675025,2.372921176272234
2012-06-14 22:05:00,67.060844,66.02248560417591,2.4605523460163803
2012-06-14 22:10:00,66.83283,66.3759794609907,2.308411902629679
2012-06-14 22:15:00,66.79926,66.23572326479048,2.358076473826785
2012-06-14 22:20:00,66.7252,66.16373745016001,2.3885996860875776
2012-06-14 22:25:00,66.57705,66.1996027675025,2.372921176272234
2012-06-14 22:30:00,66.566635,66.19061245849115,2.376760920921365
2012-06-14 22:35:00,66.437004,66.32722332861947,2.324345577556209
2012-06-14 22:40:00,66.54861,65.9975663523856,2.4751080166016846
2012-06-14 22:45:00,66.55903,66.09050282326744,2.4237607144943163
2012-06-14 22:50:00,66.69328,65.93554700425597,2.514003807186077
2012-06-14 22:55:00,66.77662,65.86639332803007,2.5621233989537924
2012-06-14 23:00:00,66.665504,65.0786177382595,2.6471999507223907
2012-06-14 23:05:00,66.454865,65.16587951864061,2.6247035881600413
2012-06-14 23:10:00,66.38079,64.99233244172288,2.672029632898061
2012-06-14 23:15:00,66.19213,65.28470715618715,2.5977535033433705
2012-06-14 23:20:00,66.05324,65.10033948238247,2.641366607186135
2012-06-14 23:25:00,66.210655,64.97091015798593,2.6786288129571987
2012-06-14 23:30:00,66.12732,65.28470715618715,2.5977535033433705
2012-06-14 23:35:00,66.016205,65.16587951864061,2.6247035881600413
2012-06-14 23:40:00,65.46413,65.33498149204301,2.587477785806386
2012-06-14 23:45:00,65.43635,65.20988359577971,2.614259530777598
2012-06-14 23:50:00,65.29282,65.3098063185913,2.59254575268363
2012-06-14 23:55:00,65.0706,65.10033948238247,2.641366607186135
2012-06-15 00:00:00,64.64352,63.763757201333654,3.1217057094655183
2012-06-15 00:05:00,64.5949,63.6090101160167,3.1590865452810077
2012-06-15 00:10:00,64.459496,63.763757201333654,3.1217057094655183
2012-06-15 00:15:00,64.53356,63.787068872870826,3.1166046175552364
2012-06-15 00:20:00,64.74653,63.717432829112795,3.1322318896347494
2012-06-15 00:25:00,64.63145,64.34883279242136,3.0224374026111582
2012-06-15 00:30:00,64.49603,64.05898403602944,3.0652147557883143
2012-06-15 00:35:00,64.12566,63.857585259255636,3.101915022743214
2012-06-15 00:40:00,64.55274,62.99146738278773,3.401341868345344
2012-06-15 00:45:00,64.36756,64.12343027865302,3.054835331531238
2012-06-15 00:50:00,64.14649,63.92897262781232,3.088083845435349
2012-06-15 00:55:00,64.45205,63.513928795537105,3.1855445609212842
2012-06-15 01:00:00,64.99024,62.599964671869884,5.048275061254241
2012-06-15 01:05:00,65.16617,63.35515924385384,4.063381137290677
2012-06-15 01:10:00,65.30158,63.28331936924801,4.131413754404727
2012-06-15 01:15:00,65.3664,63.99654797706098,3.5762924052947125
2012-06-15 01:20:00,65.22404,64.40070846328231,3.3459404805219575
2012-06-15 01:25:00,65.135414,64.08151239621664,3.523985916158143
2012-06-15 01:30:00,65.072914,63.63960376903851,3.8241848731998473
2012-06-15 01:35:00,65.36921,62.78429581616547,4.73507426914472
2012-06-15 01:40:00,65.03472,64.03358863228642,3.553208663060104
2012-06-15 01:45:00,64.89583,63.55674207001632,3.889429617515475
2012-06-15 01:50:00,64.84374,63.223483217429255,4.1908857237062165
2012-06-15 01:55:00,64.58448,64.43511076080468,3.328299998586365
2012-06-15 02:00:00,64.390045,63.253272093842334,3.942209380746998
2012-06-15 02:05:00,64.3044,63.0633217987342,4.036424095178666
2012-06-15 02:10:00,64.239586,62.80472236111263,4.175885112574147
2012-06-15 02:15:00,64.09144,63.407601318660795,3.870081957712859
2012-06-15 02:20:00,63.641205,63.0117827853127,4.063124978280156
2012-06-15 02:25:00,62.983795,62.8775975932642,4.135147077653495
2012-06-15 02:30:00,62.754627,62.488978588550374,4.367728570816523
2012-06-15 02:35:00,62.671295,62.661762851437594,4.259456559561275
2012-06-15 02:40:00,63.026623,61.963240807969775,4.763636859208241
2012-06-15 02:45:00,62.915512,62.136667877105765,4.619501548077813
2012-06-15 02:50:00,62.86459,62.06268155821294,4.679036118203046
2012-06-15 02:55:00,61.49422,62.59181118159507,4.302269025570138
2012-06-15 03:00:00,61.337967,61.77600598862329,4.459994263487925
2012-06-15 03:05:00,61.37732,62.03527220289789,4.3451357555157895
2012-06-15 03:10:00,60.756943,61.8514955023791,4.425350492930262
2012-06-15 03:15:00,59.809032,62.12429523872669,4.308164836421271
2012-06-15 03:20:00,59.438656,60.73599734169556,5.117572986392461
2012-06-15 03:25:00,59.806713,60.224818826241055,5.7048099228400195
2012-06-15 03:30:00,60.211803,60.96699261602398,4.927289356732218
2012-06-15 03:35:00,59.332172,61.62881516299432,4.530793184301413
2012-06-15 03:40:00,58.71759,62.63101837790037,4.116585547721364
2012-06-15 03:45:00,58.930553,61.01529001378659,4.892157982128006
2012-06-15 03:50:00,58.282406,61.13119175632753,4.812938864828781
2012-06-15 03:55:00,59.822918,54.331047649387926,9.785746407912862
2012-06-15 04:00:00,59.491074,61.06806185734638,4.277432994306182
2012-06-15 04:05:00,59.317795,62.120941458931924,3.895482998496892
2012-06-15 04:10:00,59.678905,59.83154870270622,5.408384519718644
2012-06-15 04:15:00,60.553905,58.39868190444489,6.600322835692633
2012-06-15 04:20:00,60.91501,59.5143805463062,5.725828460932477
2012-06-15 04:25:00,60.54001,60.95957233048009,4.334947159930901
2012-06-15 04:30:00,59.984455,62.45610665123656,3.811841355514989
2012-06-15 04:35:00,60.619873,57.95542009815744,6.911637325540178
2012-06-15 04:40:00,61.0921,60.31409357171197,4.846048766861553
2012-06-15 04:45:00,60.76918,61.67818844844202,4.027807343973831
2012-06-15 04:50:00,61.697422,58.70785200455854,6.376990451060156
2012-06-15 04:55:00,61.24025,62.55694991026069,3.7887831579767037
2012-06-15 05:00:00,61.624176,60.81081054774873,4.206787846037463
2012-06-15 05:05:00,61.612274,62.13553392233549,3.240834290829904
2012-06-15 05:10:00,61.51042,61.54159956184645,3.509505188549509
2012-06-15 05:15:00,61.447918,62.45662953500091,3.1528493819286525
2012-06-15 05:20:00,61.6794,61.288431280647224,3.6962785586071063
2012-06-15 05:25:00,62.12732,60.55112193181992,4.518182708222222
2012-06-15 05:30:00,62.64584,61.12924248423814,3.8456960441728008
2012-06-15 05:35:00,62.927082,61.415686376078376,3.5951006299422104
2012-06-15 05:40:00,62.76736,62.64025586374243,3.113644948515161
2012-06-15 05:45:00,63.099537,61.291804864257095,3.6933905096563744
2012-06-15 05:50:00,63.141205,62.841690268840516,3.0778529572086377
2012-06-15 05:55:00,63.462963,61.48330338380176,3.5474704520078926
2012-06-15 06:00:00,63.594906,63.63027308288239,2.481358916532898
2012-06-15 06:05:00,63.938656,63.70079480220466,2.4541915089513373
2012-06-15 06:10:00,64.37499,62.871041925969564,2.989428789304577
2012-06-15 06:15:00,64.59374,63.80821830528046,2.417358875373153
2012-06-15 06:20:00,64.89468,63.66934086255458,2.4659982764927126
2012-06-15 06:25:00,65.101845,63.59535240751989,2.495771168927693
2012-06-15 06:30:00,65.09838,64.49539026589814,2.275296734413869
2012-06-15 06:35:00,65.28356,63.99119936713067,2.3655024446232047
2012-06-15 06:40:00,65.51273,63.63027308288239,2.481358916532898
2012-06-15 06:45:00,65.67014,64.02418327387993,2.3574317001765484
2012-06-15 06:50:00,65.77431,64.52093313760062,2.2723248418954127
2012-06-15 06:55:00,66.00347,64.21594989035286,2.317110138745609
2012-06-15 07:00:00,66.236115,65.75777408988353,1.9814146010144469
2012-06-15 07:05:00,66.34607,66.60711226428522,1.8172567353476108
2012-06-15 07:10:00,66.59607,66.00368298690078,1.9123539062964399
2012-06-15 07:15:00,66.75348,66.27131334618896,1.8586515671335804
2012-06-15 07:20:00,66.805565,66.42188028375195,1.836838636455277
2012-06-15 07:25:00,67.05671,65.99939942911308,1.9133844983173693
2012-06-15 07:30:00,67.25463,66.15720052973528,1.8790668899188632
2012-06-15 07:35:00,67.35648,66.33847002646881,1.8482316229357332
2012-06-15 07:40:00,67.50231,66.11896044569382,1.8867111328765518
2012-06-15 07:45:00,67.64121,66.27131334618896,1.8586515671335804
2012-06-15 07:50:00,67.75579,66.57035564175463,1.8205444356709641
2012-06-15 07:55:00,67.69329,66.71643519799478,1.8091333735735098
2012-06-15 08:00:00,67.672455,67.23648415375062,1.7003154000630385
2012-06-15 08:05:00,67.66319,67.68493298715498,1.640399699211734
2012-06-15 08:10:00,67.64236,67.58021047227463,1.6512067375316588
2012-06-15 08:15:00,67.60995,67.50120597789433,1.6606169467602792
2012-06-15 08:20:00,67.59953,67.23648415375062,1.7003154000630385
2012-06-15 08:25:00,67.46412,67.58021047227463,1.6512067375316588
2012-06-15 08:30:00,67.4456,67.53855395569452,1.6560323487316746
2012-06-15 08:35:00,67.41898,67.34886132528023,1.6818947516529672
2012-06-15 08:40:00,67.362434,67.28074074065793,1.6927790767718738
2012-06-15 08:45:00,67.39021,67.425621565295,1.6706516659601707
2012-06-15 08:50:00,67.201546,67.6623827166795,1.6425675271687321
2012-06-15 08:55:00,67.24322,67.10156282348474,1.7256120888341275
2012-06-15 09:00:00,67.21197,66.68742478952673,2.1927864381436204
2012-06-15 09:05:00,67.00827,67.32196267104554,2.005074189238742
2012-06-15 09:10:00,66.904106,67.12765905976731,2.0548513084097197
2012-06-15 09:15:00,66.85202,66.96510249201978,2.101540515857858
2012-06-15 09:20:00,66.861275,66.7436189084923,2.1730960091623746
2012-06-15 09:25:00,66.736275,66.51689154174564,2.256543456081808
2012-06-15 09:30:00,66.72354,67.0858182119465,2.0664167809276344
2012-06-15 09:35:00,66.71313,66.79948486266572,2.1541490836376265
2012-06-15 09:40:00,66.821754,66.54959931507459,2.243838307382444
2012-06-15 09:45:00,66.665504,67.1811407829466,2.0405125155597528
2012-06-15 09:50:00,66.770836,66.33689503721324,2.3306494953414654
2012-06-15 09:55:00,66.614586,66.85502380912384,2.1359207399144258
2012-06-15 10:00:00,66.44329,65.83597110780912,3.028253998201915
2012-06-15 10:05:00,66.37963,65.52748504778656,3.227705741014123
2012-06-15 10:10:00,66.43865,65.89780146672206,2.991164478731607
2012-06-15 10:15:00,66.36574,66.02033756519968,2.920488000382379
2012-06-15 10:20:00,66.2419,66.1347846581847,2.857829122534057
2012-06-15 10:25:00,66.4294,65.05543571866535,3.5786927315243475
2012-06-15 10:30:00,66.19213,66.37996778617315,2.7341943499310895
2012-06-15 10:35:00,66.077545,66.08107481285673,2.88683519196398
2012-06-15 10:40:00,65.95255,66.49744366128776,2.6798939207180705
2012-06-15 10:45:00,65.90047,65.64798264389522,3.146939285628879
2012-06-15 10:50:00,65.859955,66.26132949386694,2.7922438786905186
2012-06-15 10:55:00,65.85648,65.25851580225485,3.4210560841561803
2012-06-15 11:00:00,65.90278,63.931021076591804,5.537152337353774
2012-06-15 11:05:00,66.04861,64.37614754187065,5.038824769697243
2012-06-15 11:10:00,65.86343,65.63630874734395,3.836946421977854
2012-06-15 11:15:00,65.68634,64.90421893411522,4.4930091220425625
2012-06-15 11:20:00,65.625,64.68347607260955,4.714631213601147
2012-06-15 11:25:00,65.458336,65.59248422479503,3.872478160001973
2012-06-15 11:30:00,65.50066,64.15307840705292,5.28452344958814
2012-06-15 11:35:00,65.459,64.68347607260955,4.714631213601147
2012-06-15 11:40:00,65.20899,65.11764080729596,4.288592703712285
2012-06-15 11:45:00,65.02149,64.60810223316024,4.792521813845404
2012-06-15 11:50:00,64.780754,65.39997808788006,4.034425170771226
2012-06-15 11:55:00,64.41964,64.5061206330433,4.899612657330574
2012-06-15 12:00:00,64.409225,63.48074342390936,6.934050690090952
2012-06-15 12:05:00,64.11756,64.72226771886146,5.514667916417756
2012-06-15 12:10:00,64.1083,63.56053648098836,6.8408756833688855
2012-06-15 12:15:00,64.220566,62.6278762096579,7.944481552029617
2012-06-15 12:20:00,64.27149,63.40010493677198,7.028411611564994
2012-06-15 12:25:00,64.278435,63.659085953857755,6.726069021339637
2012-06-15 12:30:00,64.171295,63.68421456980112,6.6968449245147
2012-06-15 12:35:00,64.015045,63.570448861564216,6.829314052939441
2012-06-15 12:40:00,63.869213,62.227575483289854,8.431742065432916
2012-06-15 12:45:00,63.774303,62.12621063572282,8.556943089877892
2012-06-15 12:50:00,63.972218,62.726284808422406,7.826223759990955
2012-06-15 12:55:00,64.36111,60.30668052902407,10.962478301420985
2012-06-15 13:00:00,64.27778,62.386001798513455,8.49537150081551
2012-06-15 13:05:00,64.31945,61.23607642143401,9.606214751582558
2012-06-15 13:10:00,64.18403,62.48001983955147,8.408081119868484
2012-06-15 13:15:00,63.988422,62.64594983143996,8.254086416347603
2012-06-15 13:20:00,63.844906,62.8510238031858,8.06310610775696
2012-06-15 13:25:00,63.900463,62.72830188261843,8.177533471098462
2012-06-15 13:30:00,63.858795,61.71765719046971,9.126636724009845
2012-06-15 13:35:00,63.879627,61.13998939721122,9.705373002628543
2012-06-15 13:40:00,63.910877,59.89131393164862,11.083566540751946
2012-06-15 13:45:00,63.859955,60.26887288019892,10.656010242739361
2012-06-15 13:50:00,63.432873,63.4796509208605,7.463091349284086
2012-06-15 13:55:00,63.266205,62.9727719249203,7.948977967452361
2012-06-15 14:00:00,62.984955,60.47072268886149,12.798927136491073
2012-06-15 14:05:00,63.047455,60.47072268886149,12.798927136491073
2012-06-15 14:10:00,62.901623,60.076335168437204,13.26135298338771
2012-06-15 14:15:00,63.089123,59.616048593434606,13.74765238130041
2012-06-15 14:20:00,62.931717,60.39804491075958,12.886795996519304
2012-06-15 14:25:00,62.8588,61.88162001822653,11.059843469061962
2012-06-15 14:30:00,62.9838,60.18014086310179,13.14334155970941
2012-06-15 14:35:00,63.025467,60.18014086310179,13.14334155970941
2012-06-15 14:40:00,63.108795,58.57965225231309,14.635924247970058
2012-06-15 14:45:00,63.372684,57.82452426787595,15.149609043773538
2012-06-15 14:50:00,60.726852,57.39969380554214,15.404380748835313
2012-06-15 14:55:00,57.535885,60.31282607191725,12.988443891226146
2012-06-15 15:00:00,54.39236,49.52690188614138,34.11595506482787
2012-06-15 15:05:00,51.01736,57.3182995914699,31.99335463054632
2012-06-15 15:10:00,49.576385,52.00927447615506,34.199619671334695
2012-06-15 15:15:00,49.399303,57.96702994753891,31.17656762357402
2012-06-15 15:20:00,49.65857,52.57553541933538,34.1382408394059
2012-06-15 15:25:00,49.20023,57.96702994753891,31.17656762357402
2012-06-15 15:30:00,48.63773,57.80944071065242,31.399014162047575
2012-06-15 15:35:00,48.04398,56.427992485981314,32.772252770800115
2012-06-15 15:40:00,47.5625,54.77289473639605,33.61415647434092
2012-06-15 15:45:00,47.038197,57.37432303418485,31.932452632948895
2012-06-15 15:50:00,49.517365,31.56284448116426,14.637749047147851
2012-06-15 15:55:00,51.995373,31.5151384998628,14.673715030175154
2012-06-15 16:00:00,52.659718,30.37307494254364,15.311391883140809
2012-06-15 16:05:00,52.138885,30.362347475507743,15.332089020890328
2012-06-15 16:10:00,49.809025,32.61414028561768,19.557631866040783
2012-06-15 16:15:00,46.216442,52.46705474855721,50.41982195036209
2012-06-15 16:20:00,42.320602,54.989956728802916,51.338442815056986
2012-06-15 16:25:00,39.51852,47.060855887646305,42.688475909830395
2012-06-15 16:30:00,36.33102,44.89089487433345,38.90962423903167
2012-06-15 16:35:00,33.36227,42.91247244435073,35.4050646935697
2012-06-15 16:40:00,29.65625,43.39400296491422,36.25201930452157
2012-06-15 16:45:00,26.097221,45.0803765904084,39.24576562220303
2012-06-15 16:50:00,22.690973,46.45121192090193,41.64760839387892
2012-06-15 16:55:00,19.150463,40.64740517406901,31.556233253020782
2012-06-15 17:00:00,17.560186,30.156361452779493,18.234367702562878
2012-06-15 17:05:00,17.01108,29.884988602633765,16.71830611549348
2012-06-15 17:10:00,16.72983,29.90779049281834,16.656810389135515
2012-06-15 17:15:00,15.957839,29.86512509424233,16.826614975195692
2012-06-15 17:20:00,15.239089,29.880285767670177,16.736094243400334
2012-06-15 17:25:00,14.553902,29.917992468958456,17.403440979293844
2012-06-15 17:30:00,14.022652,29.864443902340366,16.8335548253774
2012-06-15 17:35:00,13.585152,29.860209357140736,16.919376994492875
2012-06-15 17:40:00,13.460152,29.98388935958057,16.56174994054194
2012-06-15 17:45:00,13.342097,29.92054681991627,16.632711920183528
2012-06-15 17:50:00,13.02381,29.878811117744423,16.74226098824314
2012-06-15 17:55:00,13.044643,29.986932649673594,16.559601990571625
2012-06-15 18:00:00,13.093254,29.827284765413694,18.406865073440393
2012-06-15 18:05:00,13.027779,29.8333098721842,18.380380059340588
2012-06-15 18:10:00,12.722222,29.80881141067027,18.507546126609725
2012-06-15 18:15:00,13.045139,29.84447168806352,18.336711504815558
2012-06-15 18:20:00,13.638889,29.862964505432718,18.275746431696202
2012-06-15 18:25:00,13.638888,29.785395023679357,18.991521995559264
2012-06-15 18:30:00,13.930554,29.801683342656414,18.55931356628346
2012-06-15 18:35:00,13.868054,29.785007195258515,18.786135932005298
2012-06-15 18:40:00,14.295138,29.833886867833566,18.37795405490576
2012-06-15 18:45:00,14.409722,29.79561954798346,18.61422665284733
2012-06-15 18:50:00,14.684855,29.7930673331675,18.64226280261867
2012-06-15 18:55:00,15.176753,29.810362012306342,18.497557408631266
2012-06-15 19:00:00,15.853836,29.99368095913583,20.854924935546315
2012-06-15 19:05:00,16.926752,29.99960756603201,20.619897174269497
2012-06-15 19:10:00,18.139715,30.008075944383986,20.478908548431498
2012-06-15 19:15:00,18.32027,30.00017696651035,21.204384391785613
2012-06-15 19:20:00,18.799437,30.026009567285925,21.615905770648435
2012-06-15 19:25:00,19.078373,30.04544181237219,21.82749311333849
2012-06-15 19:30:00,19.87004,30.032499166234874,21.691282324778026
2012-06-15 19:35:00,21.30291,30.006436099488283,21.33414717682598
2012-06-15 19:40:00,22.188326,30.020185969896872,21.54255688983538
2012-06-15 19:45:00,23.006615,30.010413120920095,21.401733458967332
2012-06-15 19:50:00,26.820602,30.047159270421876,21.844505465729117
2012-06-15 19:55:00,30.931715,30.06957784181842,22.049086856514567
2012-06-15 20:00:00,34.994213,30.705252358483396,25.423978319224986
2012-06-15 20:05:00,38.722225,30.895755625062204,26.545481748559578
2012-06-15 20:10:00,42.366898,30.935813031784992,26.7607697196606
2012-06-15 20:15:00,46.73727,30.553182081422836,24.308361740813208
2012-06-15 20:20:00,50.51852,30.832853130619583,26.195287993558363
2012-06-15 20:25:00,54.476852,30.746482032385213,25.684066406660307
2012-06-15 20:30:00,57.684032,31.19323473948977,28.039721044495746
2012-06-15 20:35:00,60.628475,32.07108223391753,31.700639171787884
2012-06-15 20:40:00,63.930557,31.234980885021784,28.234029966459953
2012-06-15 20:45:00,67.37269,31.072473418868203,27.4590972768696
2012-06-15 20:50:00,67.68171,62.698094956569314,20.576938530886896
2012-06-15 20:55:00,67.62037,65.75981438720505,6.458702416233017
2012-06-15 21:00:00,67.54745,66.84345606695518,3.0339926691179984
2012-06-15 21:05:00,67.47569,66.58383060257422,3.5363552158884204
2012-06-15 21:10:00,67.392365,66.45664976032391,3.8219633450101598
2012-06-15 21:15:00,67.16435,66.8399687857118,3.0400811629311217
2012-06-15 21:20:00,67.03935,66.52220347382365,3.6712568016765013
2012-06-15 21:25:00,67.02431,66.71661407020632,3.2666941719170643
2012-06-15 21:30:00,67.28588,65.79699814910028,5.834627654195827
2012-06-15 21:35:00,67.15857,66.49674273974229,3.728888929801316
2012-06-15 21:40:00,67.01389,66.1931801306669,4.510193982722124
2012-06-15 21:45:00,67.09029,66.22611101214495,4.416421850180593
2012-06-15 21:50:00,67.157745,66.37990518534941,4.008327643902936
2012-06-15 21:55:00,67.126495,66.39088077119524,3.9809985719192063
2012-06-15 22:00:00,67.01191,66.59862193114198,2.690597630593023
2012-06-15 22:05:00,67.000336,66.38091391900213,2.9913650832196357
2012-06-15 22:10:00,67.02117,66.24705261946207,3.208411900118745
2012-06-15 22:15:00,67.04199,66.19436073473288,3.301653883788491
2012-06-15 22:20:00,67.09408,66.19436073473288,3.301653883788491
2012-06-15 22:25:00,67.03852,66.64111676472479,2.638499222440966
2012-06-15 22:30:00,67.00728,66.59862193114198,2.690597630593023
2012-06-15 22:35:00,66.79894,66.16824607422681,3.349660601227328
2012-06-15 22:40:00,66.98528,65.8973098277409,3.9321403349342763
2012-06-15 22:45:00,66.648476,66.47131461149283,2.859226315066163
2012-06-15 22:50:00,66.61806,66.57520877803248,2.7201696663565618
2012-06-15 22:55:00,66.63889,66.32706104117592,3.07544579235821
2012-06-15 23:00:00,66.73264,65.81941345694678,2.8699906157147126
2012-06-15 23:05:00,66.577545,65.87426459539692,2.8145317449074394
2012-06-15 23:10:00,66.5324,65.81941345694678,2.8699906157147126
2012-06-15 23:15:00,66.54282,65.76182277590763,2.931041193845457
2012-06-15 23:20:00,66.56365,65.84839992282491,2.8403656066000873
2012-06-15 23:25:00,66.46759,66.03104930785808,2.6692535533827826
2012-06-15 23:30:00,66.29282,66.0540990795035,2.649432441473393
2012-06-15 23:35:00,66.4699,65.15878114893222,3.806588048663372
2012-06-15 23:40:00,66.45949,65.87750307545173,2.8113363437133105
2012-06-15 23:45:00,66.69444,65.13593629856149,3.8516927432235253
2012-06-15 23:50:00,66.452545,66.03104930785808,2.6692535533827826
2012-06-15 23:55:00,66.515045,65.9067137472185,2.7828990294688687
2012-06-16 00:00:00,66.41088,65.40636666512057,2.8183990368858804
2012-06-16 00:05:00,66.26968,64.68542760136962,3.371493409892319
2012-06-16 00:10:00,66.41898,64.95910644631414,3.1281336421527866
2012-06-16 00:15:00,66.39815,65.06857604692996,3.0434785185362547
2012-06-16 00:20:00,66.50231,65.20227904945814,2.94833569497248
2012-06-16 00:25:00,66.385414,65.03552993246639,3.0683583852111482
2012-06-16 00:30:00,66.37269,64.81655094559275,3.2487253916804626
2012-06-16 00:35:00,66.20718,64.84118560098412,3.2269823603105654
2012-06-16 00:40:00,65.94676,65.13514248451408,2.9950371704019543
2012-06-16 00:45:00,66.04514,64.98810213913832,3.1050775362534
2012-06-16 00:50:00,66.05556,64.59520411964682,3.463551867135358
2012-06-16 00:55:00,65.8368,65.40636666512057,2.8183990368858804
2012-06-16 01:00:00,65.42245,65.58695090534887,2.18420820424657
2012-06-16 01:05:00,65.8449,64.52065038065716,2.5438326695044657
2012-06-16 01:10:00,65.79745,66.01589774270174,2.0802615687226518
2012-06-16 01:15:00,65.81828,65.50634753846036,2.205853388452151
2012-06-16 01:20:00,65.68403,66.12822340947777,2.055841565918858
2012-06-16 01:25:00,66.01273,65.08450865378556,2.332130153166176
2012-06-16 01:30:00,66.08102,65.21902447312306,2.289315580684097
2012-06-16 01:35:00,66.19444,64.6336385777626,2.4966413055434047
2012-06-16 01:40:00,66.25695,64.62892678287066,2.4985560748624325
2012-06-16 01:45:00,66.10069,65.86291198051404,2.115299605795349
2012-06-16 01:50:00,66.1632,65.00982891209523,2.35704019284474
2012-06-16 01:55:00,66.15278,65.13567106094811,2.3155430413474507
2012-06-16 02:00:00,66.56944,63.40532973206359,3.289168312670417
2012-06-16 02:05:00,66.68403,65.79305667069542,2.3976478489407778
2012-06-16 02:10:00,66.88773,65.44296435276358,2.4871734204847575
2012-06-16 02:15:00,67.15856,65.1689479084004,2.5638639985402203
2012-06-16 02:20:00,67.41782,65.21676042977677,2.5500208499373893
2012-06-16 02:25:00,67.48727,65.96378119217825,2.3569983007295154
2012-06-16 02:30:00,67.78356,65.06299275066503,2.595287446248805
2012-06-16 02:35:00,68.1794,64.64046012425489,2.7320071557713903
2012-06-16 02:40:00,68.62731,64.41576382788368,2.813347476764811
2012-06-16 02:45:00,68.98148,64.81872908340104,2.6719461898569334
2012-06-16 02:50:00,69.33565,64.81872908340104,2.6719461898569334
2012-06-16 02:55:00,69.73148,64.64046012425489,2.7320071557713903
2012-06-16 03:00:00,70.0,64.806599669434,2.9240965521788937
2012-06-16 03:05:00,70.0,65.92275830867526,2.616676011579995
2012-06-16 03:10:00,70.0,65.92275830867526,2.616676011579995
2012-06-16 03:15:00,70.0,65.92275830867526,2.616676011579995
2012-06-16 03:20:00,70.0,65.92275830867526,2.616676011579995
2012-06-16 03:25:00,70.0,65.92275830867526,2.616676011579995
2012-06-16 03:30:00,70.0,65.92275830867526,2.616676011579995
2012-06-16 03:35:00,70.0,65.92275830867526,2.616676011579995
2012-06-16 03:40:00,70.0,65.92275830867526,2.616676011579995
2012-06-16 03:45:00,70.0,65.92275830867526,2.616676011579995
2012-06-16 03:50:00,70.0,65.92275830867526,2.616676011579995
2012-06-16 03:55:00,70.0,65.92275830867526,2.616676011579995
2012-06-16 04:00:00,70.0,65.75709504895774,2.83975290474628
2012-06-16 04:05:00,70.0,65.75709504895774,2.83975290474628
2012-06-16 04:10:00,70.0,65.75709504895774,2.83975290474628
2012-06-16 04:15:00,70.0,65.75709504895774,2.83975290474628
2012-06-16 04:20:00,70.0,65.75709504895774,2.83975290474628
2012-06-16 04:25:00,70.0,65.75709504895774,2.83975290474628
2012-06-16 04:30:00,70.0,65.75709504895774,2.83975290474628
2012-06-16 04:35:00,70.0,65.75709504895774,2.83975290474628
2012-06-16 04:40:00,70.0,65.75709504895774,2.83975290474628
2012-06-16 04:45:00,70.0,65.75709504895774,2.83975290474628
2012-06-16 04:50:00,70.0,65.75709504895774,2.83975290474628
2012-06-16 04:55:00,70.0,65.75709504895774,2.83975290474628
2012-06-16 05:00:00,70.0,65.88538618060467,2.8010713513885457
2012-06-16 05:05:00,70.0,65.88538618060467,2.8010713513885457
2012-06-16 05:10:00,70.0,65.88538618060467,2.8010713513885457
2012-06-16 05:15:00,70.0,65.88538618060467,2.8010713513885457
2012-06-16 05:20:00,70.0,65.88538618060467,2.8010713513885457
2012-06-16 05:25:00,70.0,65.88538618060467,2.8010713513885457
2012-06-16 05:30:00,70.0,65.88538618060467,2.8010713513885457
2012-06-16 05:35:00,70.0,65.88538618060467,2.8010713513885457
2012-06-16 05:40:00,70.0,65.88538618060467,2.8010713513885457
2012-06-16 05:45:00,70.0,65.88538618060467,2.8010713513885457
2012-06-16 05:50:00,70.0,65.88538618060467,2.8010713513885457
2012-06-16 05:55:00,70.0,65.88538618060467,2.8010713513885457
2012-06-16 06:00:00,70.0,66.3926279275504,2.5389514073588875
2012-06-16 06:05:00,70.0,66.3926279275504,2.5389514073588875
2012-06-16 06:10:00,70.0,66.3926279275504,2.5389514073588875
2012-06-16 06:15:00,70.0,66.3926279275504,2.5389514073588875
2012-06-16 06:20:00,70.0,66.3926279275504,2.5389514073588875
2012-06-16 06:25:00,70.0,66.3926279275504,2.5389514073588875
2012-06-16 06:30:00,70.0,66.3926279275504,2.5389514073588875
2012-06-16 06:35:00,70.0,66.3926279275504,2.5389514073588875
2012-06-16 06:40:00,70.0,66.3926279275504,2.5389514073588875
2012-06-16 06:45:00,70.0,66.3926279275504,2.5389514073588875
2012-06-16 06:50:00,70.0,66.3926279275504,2.5389514073588875
2012-06-16 06:55:00,70.0,66.3926279275504,2.5389514073588875
2012-06-16 07:00:00,70.0,67.18484850216178,2.2137862924120246
2012-06-16 07:05:00,70.0,67.18484850216178,2.2137862924120246
2012-06-16 07:10:00,70.0,67.18484850216178,2.2137862924120246
2012-06-16 07:15:00,70.0,67.18484850216178,2.2137862924120246
2012-06-16 07:20:00,70.0,67.18484850216178,2.2137862924120246
2012-06-16 07:25:00,70.0,67.18484850216178,2.2137862924120246
2012-06-16 07:30:00,70.0,67.18484850216178,2.2137862924120246
2012-06-16 07:35:00,70.0,67.18484850216178,2.2137862924120246
2012-06-16 07:40:00,70.0,67.18484850216178,2.2137862924120246
2012-06-16 07:45:00,70.0,67.18484850216178,2.2137862924120246
2012-06-16 07:50:00,70.0,67.18484850216178,2.2137862924120246
2012-06-16 07:55:00,70.0,67.18484850216178,2.2137862924120246
2012-06-16 08:00:00,70.0,67.93289778719677,1.9500948451916367
2012-06-16 08:05:00,70.0,67.93289778719677,1.9500948451916367
2012-06-16 08:10:00,69.833336,67.93289778719677,1.9500948451916367
2012-06-16 08:15:00,69.708336,67.93289778719677,1.9500948451916367
2012-06-16 08:20:00,69.49537,67.93289778719677,1.9500948451916367
2012-06-16 08:25:00,69.23347,67.93289778719677,1.9500948451916367
2012-06-16 08:30:00,68.95569,67.93289778719677,1.9500948451916367
2012-06-16 08:35:00,68.695274,67.93289778719677,1.9500948451916367
2012-06-16 08:40:00,68.55638,67.93289778719677,1.9500948451916367
2012-06-16 08:45:00,68.46114,67.93289778719677,1.9500948451916367
2012-06-16 08:50:00,68.33614,67.93289778719677,1.9500948451916367
2012-06-16 08:55:00,68.187996,67.93289778719677,1.9500948451916367
2012-06-16 09:00:00,67.95883,68.20419201545484,2.010957005226937
2012-06-16 09:05:00,67.69841,68.20419201545484,2.010957005226937
2012-06-16 09:10:00,67.61508,67.39762754498798,2.111297677542905
2012-06-16 09:15:00,67.52133,67.6113506438386,2.08122483518942
2012-06-16 09:20:00,67.49471,67.15134546102217,2.1494347817458945
2012-06-16 09:25:00,67.57953,66.88148927159197,2.195926885605153
2012-06-16 09:30:00,67.59689,66.79197400989929,2.212529143262987
2012-06-16 09:35:00,67.76356,66.88983408007148,2.1944101507180385
2012-06-16 09:40:00,67.68022,67.54097052550283,2.090831925492145
2012-06-16 09:45:00,67.640045,67.75919904420748,2.061953631463955
2012-06-16 09:50:00,67.57986,67.6113506438386,2.08122483518942
2012-06-16 09:55:00,67.48843,67.49356689727945,2.097464794288421
2012-06-16 10:00:00,67.44676,66.90819009535618,2.2187246221805745
2012-06-16 10:05:00,67.33218,66.72162252179807,2.2548640777275093
2012-06-16 10:10:00,67.43634,66.78424589370523,2.2424340759662464
2012-06-16 10:15:00,67.414345,66.96950926365628,2.2074164064127437
2012-06-16 10:20:00,67.320595,66.84643562881628,2.230392481164242
2012-06-16 10:25:00,67.33102,67.2103937621895,2.1655190843416867
2012-06-16 10:30:00,67.350685,66.72162252179807,2.2548640777275093
2012-06-16 10:35:00,67.18403,67.67022007279441,2.0954373434866556
2012-06-16 10:40:00,67.26736,66.94911857325674,2.2111467108777125
2012-06-16 10:45:00,67.22569,67.44407572443039,2.12840323395618
2012-06-16 10:50:00,67.09838,67.16411068871115,2.17326965227667
2012-06-16 10:55:00,67.0324,66.84643562881628,2.230392481164242
2012-06-16 11:00:00,66.76157,66.53068944567728,2.120305275952378
2012-06-16 11:05:00,66.701385,65.85800870423992,2.2846192876549303
2012-06-16 11:10:00,66.545135,67.26869390934154,1.9908603087670527
2012-06-16 11:15:00,66.55672,66.71445606256812,2.083651596174484
2012-06-16 11:20:00,66.52894,66.1346563116617,2.210958693308865
2012-06-16 11:25:00,66.43369,67.15017986928643,2.0086769037309575
2012-06-16 11:30:00,66.39319,66.71445606256812,2.083651596174484
2012-06-16 11:35:00,66.1999,66.59477165412676,2.1071557207417104
2012-06-16 11:40:00,65.93253,67.30781182900999,1.9851969665199192
2012-06-16 11:45:00,65.850365,67.09026785476325,2.0180757572888255
2012-06-16 11:50:00,65.99619,66.26899913317777,2.178329082003662
2012-06-16 11:55:00,65.98693,66.31324180549437,2.168015210599695
2012-06-16 12:00:00,66.195274,64.55810133829586,2.5145128319884287
2012-06-16 12:05:00,66.20338,65.41744223427257,2.1514495343710904
2012-06-16 12:10:00,66.20338,66.31292263029921,1.883975350787269
2012-06-16 12:15:00,66.17328,66.74802665919383,1.7924059958569398
2012-06-16 12:20:00,66.13856,65.93547912241486,1.983258625468918
2012-06-16 12:25:00,66.03588,66.55626001305224,1.8298912801084424
2012-06-16 12:30:00,66.06713,66.44029234309166,1.8547291434107223
2012-06-16 12:35:00,66.34491,65.27849589355476,2.2029672382941783
2012-06-16 12:40:00,66.51968,65.626593099499,2.0790318333940587
2012-06-16 12:45:00,66.46644,66.5719591425702,1.8266569759142508
2012-06-16 12:50:00,66.43072,67.10072412078974,1.7341973987010657
2012-06-16 12:55:00,66.46429,66.23370051646766,1.90323060762043
2012-06-16 13:00:00,66.62054,66.16749145244866,1.6479199791875248
2012-06-16 13:05:00,66.797615,65.56947474315844,1.8506016204013533
2012-06-16 13:10:00,66.923775,66.34674021832664,1.5989771420846317
2012-06-16 13:15:00,66.93304,66.58133434280732,1.5431952984966621
2012-06-16 13:20:00,67.078865,65.78091083513787,1.77216011065668
2012-06-16 13:25:00,67.24901,65.97953698879257,1.705166311193124
2012-06-16 13:30:00,67.29067,66.63069399458927,1.532623769816014
2012-06-16 13:35:00,67.25364,67.01249434179431,1.4635864762353183
2012-06-16 13:40:00,67.15179,66.72818507592503,1.5128937999590126
2012-06-16 13:45:00,67.297615,66.28784527434316,1.6144492249419666
2012-06-16 13:50:00,67.35185,66.87848840764961,1.485356884339864
2012-06-16 13:55:00,67.33549,66.46226671565735,1.5703497334667633
2012-06-16 14:00:00,67.31257,66.86352339888175,1.2593182304946058
2012-06-16 14:05:00,67.34034,66.54141163169582,1.323454050170873
2012-06-16 14:10:00,67.27183,66.86855071972654,1.2584821905597883
2012-06-16 14:15:00,67.25515,66.54141163169582,1.323454050170873
2012-06-16 14:20:00,67.182236,66.54141163169582,1.323454050170873
2012-06-16 14:25:00,67.20075,66.787817048185,1.2724871074050181
2012-06-16 14:30:00,67.20075,66.72686781811773,1.2839031835020995
2012-06-16 14:35:00,67.20539,66.70646374716297,1.28789357807197
2012-06-16 14:40:00,67.29798,66.15140838110132,1.432927774727213
2012-06-16 14:45:00,67.33965,66.90871552691469,1.2519672916807674
2012-06-16 14:50:00,67.22854,66.98866748921263,1.239846770887595
2012-06-16 14:55:00,67.35949,66.32267405852018,1.3802518665589656
2012-06-16 15:00:00,67.43449,66.63353283810581,1.2049731499831342
2012-06-16 15:05:00,67.314125,66.55690910348913,1.2267980297049277
2012-06-16 15:10:00,67.37106,66.48077831327366,1.2511079989518226
2012-06-16 15:15:00,67.53357,66.40507762928654,1.2781984831752038
2012-06-16 15:20:00,67.585655,66.2141128670616,1.3616553647211542
2012-06-16 15:25:00,67.51157,66.71712075118636,1.1838334748464379
2012-06-16 15:30:00,67.51157,66.60473809095895,1.2128834538588913
2012-06-16 15:35:00,67.54282,66.60473809095895,1.2128834538588913
2012-06-16 15:40:00,67.40856,66.49343614049728,1.2468713991990927
2012-06-16 15:45:00,67.16319,66.89579109732041,1.146478146641476
2012-06-16 15:50:00,67.09838,66.43026897214536,1.2688396674427584
2012-06-16 15:55:00,67.09838,66.74942853195338,1.1763362399843167
2012-06-16 16:00:00,67.015045,66.89064901818833,1.2071282871807223
2012-06-16 16:05:00,67.23727,66.12360590151376,1.6890884466915266
2012-06-16 16:10:00,67.23727,66.70053889071637,1.291903991554552
2012-06-16 16:15:00,67.06019,66.95290909763735,1.1845146593312423
2012-06-16 16:20:00,67.1956,66.4229989397042,1.4608013107000062
2012-06-16 16:25:00,67.26852,66.49689105325787,1.4108672221886405
2012-06-16 16:30:00,67.21759,66.63487632298805,1.327086685483347
2012-06-16 16:35:00,67.15509,66.73280477936818,1.2757477276800915
2012-06-16 16:40:00,67.37533,65.95088927940995,1.831083336268242
2012-06-16 16:45:00,67.48528,65.97760105090116,1.8089125424923125
2012-06-16 16:50:00,67.51769,66.20972119676124,1.62023811002591
2012-06-16 16:55:00,67.42394,66.76477519806564,1.2604690175805537
2012-06-16 17:00:00,67.25727,66.67745215194944,1.3924126847781328
2012-06-16 17:05:00,67.13806,66.91205209148295,1.237845880932965
2012-06-16 17:10:00,67.085976,66.73619249266632,1.3488418809943503
2012-06-16 17:15:00,67.01537,66.43867169380398,1.5935066014740364
2012-06-16 17:20:00,66.92162,66.87378489030739,1.2593843544689742
2012-06-16 17:25:00,66.79315,66.76459706757001,1.3288733827142736
2012-06-16 17:30:00,66.84408,66.5178776085598,1.5235113966155225
2012-06-16 17:35:00,66.833664,66.58285483077701,1.468215732979534
2012-06-16 17:40:00,66.76968,66.82381712047605,1.2897195343266024
2012-06-16 17:45:00,66.853004,66.5138969675543,1.5269679856541172
2012-06-16 17:50:00,66.853004,66.39821117931238,1.630081154997464
2012-06-16 17:55:00,66.87268,66.5138969675543,1.5269679856541172
2012-06-16 18:00:00,67.164345,66.20335846090346,1.9115707136210025
2012-06-16 18:05:00,67.19097,66.64820098249338,1.4402197397081624
2012-06-16 18:10:00,67.326385,66.64820098249338,1.4402197397081624
2012-06-16 18:15:00,67.44907,66.29755501812937,1.8021323837484184
2012-06-16 18:20:00,67.521996,66.67537849224577,1.4167925533334345
2012-06-16 18:25:00,67.66088,66.45885060947373,1.6242635432558947
2012-06-16 18:30:00,67.71296,66.72829689701729,1.3736585979757185
2012-06-16 18:35:00,67.74421,66.62044561670115,1.4650001719466692
2012-06-16 18:40:00,67.75,66.70205469104143,1.3946320545744904
2012-06-16 18:45:00,67.75,66.80504470587321,1.317142811649475
2012-06-16 18:50:00,67.91071,66.50185482388252,1.579652905670806
2012-06-16 18:55:00,67.97437,66.64514891048384,1.4429038316149023
2012-06-16 19:00:00,67.77993,67.06113138425725,1.1908507453359978
2012-06-16 19:05:00,67.6966,66.74478975157676,1.3348287978568285
2012-06-16 19:10:00,67.425766,67.00992548287309,1.20892400367725
2012-06-16 19:15:00,67.41535,66.7054730223728,1.359259844810688
2012-06-16 19:20:00,67.293816,66.88258727817298,1.2618407544222463
2012-06-16 19:25:00,67.08549,66.85722599336232,1.2739272082031612
2012-06-16 19:30:00,66.89799,66.88258727817298,1.2618407544222463
2012-06-16 19:35:00,66.90377,66.73075081963938,1.3433523227875372
2012-06-16 19:40:00,66.950066,66.74478975157676,1.3348287978568285
2012-06-16 19:45:00,67.05307,66.83189402116484,1.2865738058477116
2012-06-16 19:50:00,66.9618,66.94431952290387,1.2346576892175902
2012-06-16 19:55:00,67.03471,66.83189402116484,1.2865738058477116
2012-06-16 20:00:00,67.135414,66.59045869471996,1.4157906434671752
2012-06-16 20:05:00,67.18171,66.54188493545941,1.442579924272146
2012-06-16 20:10:00,67.43171,66.33694695732771,1.5798095412390296
2012-06-16 20:15:00,67.47338,66.69075699280535,1.366092665384982
2012-06-16 20:20:00,67.56366,66.59045869471996,1.4157906434671752
2012-06-16 20:25:00,67.79282,66.33694695732771,1.5798095412390296
2012-06-16 20:30:00,67.865746,66.4179129639644,1.5203980959567038
2012-06-16 20:35:00,67.90162,66.76063351569933,1.335439979192997
2012-06-16 20:40:00,67.892365,66.88185197067739,1.2889208027026176
2012-06-16 20:45:00,67.90394,67.12207779580403,1.2170889015429338
2012-06-16 20:50:00,67.90394,66.73633961943644,1.3457554304518762
2012-06-16 20:55:00,67.8831,67.04440702532446,1.2377232604568842
2012-06-16 21:00:00,67.89352,66.83495469707906,1.3642876403536441
2012-06-16 21:05:00,67.93519,66.6334199489426,1.431169863491185
2012-06-16 21:10:00,67.7581,66.97609027167535,1.3257155345972318
2012-06-16 21:15:00,67.854164,66.77782061636097,1.381747336450621
2012-06-16 21:20:00,67.8125,66.80643497819578,1.3728626329521196
2012-06-16 21:25:00,67.93056,66.91993590868317,1.34031940930025
2012-06-16 21:30:00,68.159805,66.57509105288148,1.4534776373634288
2012-06-16 21:35:00,68.2815,66.83495469707906,1.3642876403536441
2012-06-16 21:40:00,68.38823,66.83811761111585,1.3633533749793918
2012-06-16 21:45:00,68.36773,67.14204517409307,1.2877737983678672
2012-06-16 21:50:00,68.49314,66.71070019115535,1.40373758173703
2012-06-16 21:55:00,68.50753,66.97609027167535,1.3257155345972318
2012-06-16 22:00:00,68.54978,66.8188283095219,1.4206685308053124
2012-06-16 22:05:00,68.619896,66.7010359887267,1.4488683550289692
2012-06-16 22:10:00,68.76995,66.43019165567775,1.5274644309544463
2012-06-16 22:15:00,68.70596,66.99835168830252,1.3836386675465413
2012-06-16 22:20:00,68.755486,66.64150144827009,1.464417576342101
2012-06-16 22:25:00,68.58982,67.19743464995875,1.3499239184315688
2012-06-16 22:30:00,68.42415,67.1608506988946,1.3555908209151235
2012-06-16 22:35:00,68.258484,67.12402189257058,1.361528457127049
2012-06-16 22:40:00,68.09282,67.08695707224044,1.3677458685844244
2012-06-16 22:45:00,67.92715,67.04965496215281,1.3742562207448488
2012-06-16 22:50:00,67.761475,67.0121245815733,1.3810700904773576
2012-06-16 22:55:00,67.59581,66.9743653667978,1.388200457810571
2012-06-16 23:00:00,67.43014,66.76007435090071,1.5454241029195366
2012-06-16 23:05:00,67.26447,66.71891629708824,1.5530261051555174
2012-06-16 23:10:00,67.0988,66.67746458310828,1.5609363200253636
2012-06-16 23:15:00,66.933136,66.63571523336348,1.5691686250339598
2012-06-16 23:20:00,66.76746,66.5936846249414,1.5777327737456683
2012-06-16 23:25:00,66.6018,66.55136958329788,1.5866428439286722
2012-06-16 23:30:00,66.43613,66.50878147152083,1.595910576946003
2012-06-16 23:35:00,66.270454,66.465925867314,1.6055489676605994
2012-06-16 23:40:00,66.10479,66.42281018783659,1.6155729245624748
2012-06-16 23:45:00,65.93912,66.37944374904055,1.6259938107395424
2012-06-16 23:50:00,65.77346,66.33583370106739,1.6368285744005988
2012-06-16 23:55:00,65.60778,66.29199134766772,1.648090136236991
2012-06-17 00:00:00,65.442116,65.92553244489481,1.8823793264681867
2012-06-17 00:05:00,65.27644,65.87650902777425,1.8950590194771377
2012-06-17 00:10:00,65.11078,65.82721230317108,1.9081718894183457
2012-06-17 00:15:00,64.945114,65.77765971624373,1.9217301597701908
2012-06-17 00:20:00,64.77944,65.7278621850506,1.9357485610108667
2012-06-17 00:25:00,64.61377,65.67783899420564,1.9502412154115119
2012-06-17 00:30:00,64.448105,65.62760055740036,1.9652239511898832
2012-06-17 00:35:00,64.28244,65.57716785036101,1.9807104900905206
2012-06-17 00:40:00,64.11677,65.52655573707466,1.9967177729050638
2012-06-17 00:45:00,63.951096,65.47578718106622,2.013258749993495
2012-06-17 00:50:00,63.78543,65.42487582990866,2.030352127431345
2012-06-17 00:55:00,63.619762,65.37384951278331,2.0480108852472343
2012-06-17 01:00:00,63.45409,64.79056492829604,2.2790017982860404
2012-06-17 01:05:00,63.28842,64.73029634126095,2.2947250632400658
2012-06-17 01:10:00,63.122753,64.66982620034145,2.3108454725668985
2012-06-17 01:15:00,62.957092,64.6091851532394,2.3273716895085
2012-06-17 01:20:00,62.791412,64.54839202470487,2.3443145431173167
2012-06-17 01:25:00,62.62575,64.4874759048363,2.3616831861678156
2012-06-17 01:30:00,62.46008,64.42646055821182,2.379488091688803
2012-06-17 01:35:00,62.294415,64.36537603916052,2.397737952590876
2012-06-17 01:40:00,62.128742,64.30424848575147,2.416444725334681
2012-06-17 01:45:00,61.963074,64.24310870886406,2.4356178297124185
2012-06-17 01:50:00,61.797405,64.1819874303717,2.4552674272322066
2012-06-17 01:55:00,61.63174,64.12091541665085,2.4754036497335274
2012-06-17 02:00:00,61.46607,63.623573455944616,2.942264067779403
2012-06-17 02:05:00,61.3004,63.55924588786842,2.968117570109642
2012-06-17 02:10:00,61.13473,63.495109133630116,2.994534791374256
2012-06-17 02:15:00,60.96906,63.431195354031985,3.021527020489566
2012-06-17 02:20:00,60.80339,63.36754055196488,3.049103425064356
2012-06-17 02:25:00,60.637722,63.30417553089101,3.0772755016954023
2012-06-17 02:30:00,60.472057,63.2411411816091,3.106049925825998
2012-06-17 02:35:00,60.306385,63.178466549714614,3.135440048342721
2012-06-17 02:40:00,60.140717,63.11618750458951,3.1654523666770413
2012-06-17 02:45:00,59.975048,63.054335925184056,3.1960992674848416
2012-06-17 02:50:00,59.809387,62.99294789597784,3.22738707018577
2012-06-17 02:55:00,59.643707,62.93205114231197,3.2593270488618273
2012-06-17 03:00:00,59.478046,62.517036270334906,3.7360720479708394
2012-06-17 03:05:00,59.312378,62.45656660782217,3.770613550737297
2012-06-17 03:10:00,59.14671,62.3966710111809,3.805749256962488
2012-06-17 03:15:00,58.981037,62.33736284613202,3.8414868508233564
2012-06-17 03:20:00,58.815372,62.278648725072934,3.8778335121300174
2012-06-17 03:25:00,58.6497,62.22053401153693,3.914798319485346
2012-06-17 03:30:00,58.484035,62.16302047266215,3.9523866132439753
2012-06-17 03:35:00,58.318363,62.10610261696939,3.990606552281036
2012-06-17 03:40:00,58.152695,62.04977102466642,4.029465731767562
2012-06-17 03:45:00,57.987026,61.99401179785118,4.068971301845031
2012-06-17 03:50:00,57.821354,61.9388041981465,4.109130145637194
2012-06-17 03:55:00,57.655685,61.884123195421495,4.149948107865507
2012-06-17 04:00:00,57.49002,61.63753380000665,4.389052161833022
2012-06-17 04:05:00,57.324352,61.5810798635168,4.431094044337107
2012-06-17 04:10:00,57.15868,61.524555545603164,4.473958074436807
2012-06-17 04:15:00,56.99301,61.46786993229103,4.517662706024239
2012-06-17 04:20:00,56.827343,61.410916540988495,4.56223381015073
2012-06-17 04:25:00,56.661682,61.35358813069906,4.607691680163887
2012-06-17 04:30:00,56.496006,61.29577087398891,4.654059190582714
2012-06-17 04:35:00,56.33034,61.237342311705184,4.701357465476646
2012-06-17 04:40:00,56.16467,61.178176891739604,4.749610417766981
2012-06-17 04:45:00,55.999004,61.118143627060505,4.798840150588166
2012-06-17 04:50:00,55.833332,61.057109585486224,4.849067609997815
2012-06-17 04:55:00,55.667667,60.9949344454902,4.900314869461741
2012-06-17 05:00:00,55.501995,61.07049448901295,4.655280500018443
2012-06-17 05:05:00,55.33633,60.99368681626502,4.70930616798564
2012-06-17 05:10:00,55.17066,60.9144208558968,4.7649296997274035
2012-06-17 05:15:00,55.00499,60.83257022693248,4.822190287513007
2012-06-17 05:20:00,54.83932,60.748014181728685,4.88113127722088
2012-06-17 05:25:00,54.67365,60.660645942861414,4.941791831451658
2012-06-17 05:30:00,54.50798,60.57036670635282,5.00420977771732
2012-06-17 05:35:00,54.342316,60.47709338518542,5.068421519435273
2012-06-17 05:40:00,54.176647,60.38075752639682,5.13445948442559
2012-06-17 05:45:00,54.010975,60.28130255931376,5.202353816023307
2012-06-17 05:50:00,53.845306,60.1786873706227,5.272137387078046
2012-06-17 05:55:00,53.679638,60.07289009082971,5.343833606144276
2012-06-17 06:00:00,53.513966,60.34858682214918,4.869256108637258
2012-06-17 06:05:00,53.3483,60.22298835664503,4.9500583147299
2012-06-17 06:10:00,53.182636,60.09426453018119,5.033252940360458
2012-06-17 06:15:00,53.016964,59.96249657548532,5.1188620886633815
2012-06-17 06:20:00,52.8513,59.82778739822434,5.206903026785313
2012-06-17 06:25:00,52.685627,59.69024877498756,5.297388274891005
2012-06-17 06:30:00,52.519962,59.55000463537965,5.390329522423369
2012-06-17 06:35:00,52.35429,59.4071959647629,5.485727095737416
2012-06-17 06:40:00,52.188625,59.26197003454205,5.583582300253162
2012-06-17 06:45:00,52.022953,59.11448210811085,5.683894572266509
2012-06-17 06:50:00,51.857285,58.964900198959775,5.7866519553168105
2012-06-17 06:55:00,51.691616,58.81339312163242,5.891845074114819
2012-06-17 07:00:00,51.52595,58.32860200304534,6.420850961665571
2012-06-17 07:05:00,51.360275,58.16612083813833,6.551157780499769
2012-06-17 07:10:00,51.19461,58.00310054959689,6.683802754935093
2012-06-17 07:15:00,51.028942,57.83969648240353,6.818751884713717
2012-06-17 07:20:00,50.86327,57.676063773860335,6.955964761152262
2012-06-17 07:25:00,50.697605,57.512350322121954,7.095402785354188
2012-06-17 07:30:00,50.531933,57.348702274893505,7.237022344423337
2012-06-17 07:35:00,50.36627,57.185260617537274,7.3807798254635415
2012-06-17 07:40:00,50.200603,57.02215741999017,7.526630488170443
2012-06-17 07:45:00,50.03493,56.8595205689113,7.6745292362160376
2012-06-17 07:50:00,49.86926,56.69747215074131,7.824427769059537
2012-06-17 07:55:00,49.703594,56.53613796050041,7.976269538279118
2012-06-17 08:00:00,49.53792,55.85024399495774,9.322386562659704
2012-06-17 08:05:00,49.372257,55.70021494978076,9.488029351017795
2012-06-17 08:10:00,49.206585,55.55125842582572,9.655020697595047
2012-06-17 08:15:00,49.040924,55.40343153521857,9.823334553328307
2012-06-17 08:20:00,48.875248,55.25679506899619,9.992929619475085
2012-06-17 08:25:00,48.70958,55.11139827709574,10.163778660226757
2012-06-17 08:30:00,48.543915,54.9672850987684,10.335854499111974
2012-06-17 08:35:00,48.378246,54.824506860755896,10.50911714280827
2012-06-17 08:40:00,48.21257,54.68309462612103,10.683546772666233
2012-06-17 08:45:00,48.04691,54.54309061333401,10.85910464144614
2012-06-17 08:50:00,47.881237,54.4045200704048,11.035765530806673
2012-06-17 08:55:00,47.715565,54.26741385271571,11.213496211874569
2012-06-17 09:00:00,47.5499,54.010414567062334,11.709367839441697
2012-06-17 09:05:00,47.384228,53.88045543498333,11.883889323399336
2012-06-17 09:10:00,47.218563,53.75174348339137,12.059454312652084
2012-06-17 09:15:00,47.0529,53.624298619941804,12.23605349124798
2012-06-17 09:20:00,46.887226,53.4981416126804,12.413666387827602
2012-06-17 09:25:00,46.721558,53.37329242859977,12.592272293682427
2012-06-17 09:30:00,46.55589,53.249763795545114,12.771863316955054
2012-06-17 09:35:00,46.390217,53.12756680958662,12.952418926948797
2012-06-17 09:40:00,46.224552,53.00671505895995,13.133920076398786
2012-06-17 09:45:00,46.05888,52.8872233483149,13.316346768643799
2012-06-17 09:50:00,45.893215,52.76908707901276,13.49967841364986
2012-06-17 09:55:00,45.727543,52.65231880088691,13.683894540057551
2012-06-17 10:00:00,45.56188,51.28102467459319,16.888562495555536
2012-06-17 10:05:00,45.396206,51.17463496033395,17.092471001657344
2012-06-17 10:10:00,45.23054,51.06972553304144,17.296558350302053
2012-06-17 10:15:00,45.06487,50.96627004696618,17.500783717445366
2012-06-17 10:20:00,44.8992,50.86425141297332,17.705104854948413
2012-06-17 10:25:00,44.733532,50.76365319463807,17.909473106246775
2012-06-17 10:30:00,44.567867,50.66444993626999,18.113837559959617
2012-06-17 10:35:00,44.402195,50.56662425204789,18.31814599928609
2012-06-17 10:40:00,44.23653,50.47015062694411,18.522354395969128
2012-06-17 10:45:00,44.070858,50.37500318990731,18.726406260924172
2012-06-17 10:50:00,43.905186,50.281161528915334,18.93024937735037
2012-06-17 10:55:00,43.73952,50.18860095966233,19.133828798932292
2012-06-17 11:00:00,43.573853,48.741550817373785,22.004645137313357
2012-06-17 11:05:00,43.408184,48.65675981140049,22.196465097995357
2012-06-17 11:10:00,43.24252,48.572850675988796,22.386290851583166
2012-06-17 11:15:00,43.076847,48.48977736541429,22.574051549372015
2012-06-17 11:20:00,42.91118,48.40750676947828,22.759673019769778
2012-06-17 11:25:00,42.009315,48.325999962929195,22.943076225527914
2012-06-17 11:30:00,41.03792,48.24520805185353,23.124196489018086
2012-06-17 11:35:00,39.507423,48.165113887779206,23.302935073016883
2012-06-17 11:40:00,37.822903,48.08567741804646,23.47923275892516
2012-06-17 11:45:00,36.215847,48.00686630384113,23.65300932274889
2012-06-17 11:50:00,34.76843,47.92864298466896,23.82420329107252
2012-06-17 11:55:00,33.597546,47.85096912865118,23.99276778744985
2012-06-17 12:00:00,31.89649,45.8341629590874,24.800214454833295
2012-06-17 12:05:00,30.521742,45.74176960227165,24.9021463970693
2012-06-17 12:10:00,31.216352,45.64968491795364,24.999845099525682
2012-06-17 12:15:00,31.78588,45.55790214168417,25.093340349513852
2012-06-17 12:20:00,33.15625,45.466435870432555,25.182657187363308
2012-06-17 12:25:00,36.083332,41.15677389525881,25.535562774446717
2012-06-17 12:30:00,39.120373,40.77899803930453,25.285435516471225
2012-06-17 12:35:00,42.620373,38.7423418902477,23.521100783217335
2012-06-17 12:40:00,46.39236,38.308338745791865,23.096880337725704
2012-06-17 12:45:00,50.208332,38.46546194773079,23.250707116762044
2012-06-17 12:50:00,53.854168,38.86030664516024,23.635531172759798
2012-06-17 12:55:00,57.153934,39.707944702830474,24.42614694113556
2012-06-17 13:00:00,61.070602,35.6981908133828,19.769137323293148
2012-06-17 13:05:00,64.59837,36.20398648130007,20.247253221104863
2012-06-17 13:10:00,66.0949,48.72001714273978,16.767938125361653
2012-06-17 13:15:00,67.78009,47.13411101556692,19.147382262964967
2012-06-17 13:20:00,68.68055,59.17655918028206,5.405430443216613
2012-06-17 13:25:00,68.65972,67.1313038221351,1.8743113634562352
2012-06-17 13:30:00,68.70602,67.29256321774251,1.855027112947717
2012-06-17 13:35:00,68.86227,66.6064355523474,1.9447689614371388
2012-06-17 13:40:00,68.8206,67.25777935188167,1.8591059719755005
2012-06-17 13:45:00,68.71296,67.8785477223543,1.791937683841499
2012-06-17 13:50:00,68.671295,67.74338711453224,1.805646974972045
2012-06-17 13:55:00,68.71296,67.25777935188167,1.8591059719755005
2012-06-17 14:00:00,68.68171,67.7015130675068,1.4227069664198695
2012-06-17 14:05:00,68.62269,67.29080380824033,1.44873716031684
2012-06-17 14:10:00,68.552086,67.42363967068512,1.4396143066703828
2012-06-17 14:15:00,68.50231,67.68937651823258,1.4233893450673074
2012-06-17 14:20:00,68.43519,67.7015130675068,1.4227069664198695
2012-06-17 14:25:00,68.46644,67.07859143637786,1.464941153610825
2012-06-17 14:30:00,68.48727,67.59154771880361,1.429070644256891
2012-06-17 14:35:00,68.45023,67.59154771880361,1.429070644256891
2012-06-17 14:40:00,68.57523,67.07859143637786,1.464941153610825
2012-06-17 14:45:00,68.57523,67.30989177846465,1.4473805767314156
2012-06-17 14:50:00,68.520836,67.53595913671604,1.4324466977807697
2012-06-17 14:55:00,68.354164,67.53595913671604,1.4324466977807697
2012-06-17 15:00:00,68.322914,67.44046674243863,1.165746843367128
2012-06-17 15:05:00,68.30417,66.95229557989603,1.1946039094856553
2012-06-17 15:10:00,68.24862,67.01171883329583,1.190072158716431
2012-06-17 15:15:00,68.13403,67.34298017073571,1.1701707263899428
2012-06-17 15:20:00,68.171074,67.2723798814459,1.1737421478874464
2012-06-17 15:25:00,68.066895,67.19626982960757,1.177970292078675
2012-06-17 15:30:00,68.009026,67.58573023315374,1.1601400792104581
2012-06-17 15:35:00,68.05648,67.315840429158,1.1715055554474003
2012-06-17 15:40:00,67.8956,67.63380544064073,1.1585215512303286
2012-06-17 15:45:00,67.74976,67.24520240136212,1.1752053012164179
2012-06-17 15:50:00,67.71042,67.1853953544761,1.1786081232678896
2012-06-17 15:55:00,67.78565,66.6651100286905,1.2220663345748453
2012-06-17 16:00:00,67.727776,67.18894321907595,1.0473287368492723
2012-06-17 16:05:00,67.763885,66.84321797614453,1.0809010097529554
2012-06-17 16:10:00,67.826385,66.75737219079413,1.0930232587442241
2012-06-17 16:15:00,67.87963,66.79831725346268,1.0869938351870587
2012-06-17 16:20:00,67.79862,67.31566511718289,1.0392515765598989
2012-06-17 16:25:00,67.87731,66.72507752356458,1.0981302695475565
2012-06-17 16:30:00,67.82871,67.20695433645731,1.046071031413294
2012-06-17 16:35:00,67.734955,67.39314523700206,1.0351209976809348
2012-06-17 16:40:00,67.78357,66.85664902738158,1.0791755337541589
2012-06-17 16:45:00,67.90278,66.61941991258813,1.1174013620156333
2012-06-17 16:50:00,67.93055,66.95042598107659,1.0682372636363087
2012-06-17 16:55:00,67.958336,66.95906631884772,1.0673187226395844
2012-06-17 17:00:00,67.986115,66.95240087388818,1.022997428435327
2012-06-17 17:05:00,68.01389,66.95955905556845,1.0220228285492834
2012-06-17 17:10:00,68.04167,66.96673664053718,1.021060259295481
2012-06-17 17:15:00,68.06945,66.97392983120892,1.0201101360348346
2012-06-17 17:20:00,68.09722,66.98114509534649,1.0191705748089055
2012-06-17 17:25:00,68.125,66.988376291542,1.0182430293808986
2012-06-17 17:30:00,68.15278,66.99562579328646,1.0173268989609179
2012-06-17 17:35:00,68.18055,67.00289211714802,1.0164219610341867
2012-06-17 17:40:00,68.208336,67.01017570815624,1.015528326858094
2012-06-17 17:45:00,68.236115,67.01747615095015,1.0146455291516083
2012-06-17 17:50:00,68.26389,67.0247932081807,1.013773753343711
2012-06-17 17:55:00,68.29167,67.03212717653427,1.0129126656622371
2012-06-17 18:00:00,68.31945,67.001377622243,1.0071032350472782
2012-06-17 18:05:00,68.34722,67.00842508057056,1.0063288984599394
2012-06-17 18:10:00,68.375,67.01548307126417,1.005563714647067
2012-06-17 18:15:00,68.40278,67.02255423483257,1.0048077429459354
2012-06-17 18:20:00,68.43055,67.0296355747434,1.0040608943506337
2012-06-17 18:25:00,68.458336,67.0367283370794,1.003323287535709
2012-06-17 18:30:00,68.486115,67.04383207681106,1.0025943217112656
2012-06-17 18:35:00,68.51389,67.05094617089695,1.0018748572677716
2012-06-17 18:40:00,68.54167,67.05807121270986,1.0011636407053208
2012-06-17 18:45:00,68.56945,67.06520432439197,1.0004614656599484
2012-06-17 18:50:00,68.59722,67.07234942220337,0.9997673604837978
2012-06-17 18:55:00,68.625,67.0795041029845,0.9990824080821142
2012-06-17 19:00:00,68.65278,67.04879825059527,1.0212092032696025
2012-06-17 19:05:00,68.68055,67.05617796798686,1.0206846024329073
2012-06-17 19:10:00,68.708336,67.06355928748482,1.0201661430040392
2012-06-17 19:15:00,68.736115,67.07094324749147,1.0196541068350478
2012-06-17 19:20:00,68.76389,67.07832800855131,1.0191481972395653
2012-06-17 19:25:00,68.79167,67.08571496509028,1.0186487405725961
2012-06-17 19:30:00,68.81945,67.09310073488378,1.0181549431981056
2012-06-17 19:35:00,68.84722,67.10048979789596,1.0176672872314416
2012-06-17 19:40:00,68.87269,67.107880670695,1.0171854314832809
2012-06-17 19:45:00,68.739586,67.11527195885493,1.0167096874743107
2012-06-17 19:50:00,68.541664,67.12266473044671,1.0162396843465695
2012-06-17 19:55:00,68.33796,67.13005575158893,1.0157758597124518
2012-06-17 20:00:00,68.166664,67.10857186092757,1.0806130904666922
2012-06-17 20:05:00,68.04514,67.11605429113989,1.0802030254025377
2012-06-17 20:10:00,67.89004,67.12353316111583,1.0797972177877702
2012-06-17 20:15:00,67.76968,67.13100271513977,1.0793959568915994
2012-06-17 20:20:00,67.66204,67.13846639477362,1.0789992130453883
2012-06-17 20:25:00,67.55556,67.14592526808829,1.0786070159177734
2012-06-17 20:30:00,67.44329,67.1533777923147,1.0782187424673817
2012-06-17 20:35:00,67.25811,67.16082239501505,1.0778353346734322
2012-06-17 20:40:00,67.112274,67.16082239501505,1.0778353346734322
2012-06-17 20:45:00,67.15394,66.64819700689603,1.115275589351363
2012-06-17 20:50:00,67.22685,66.44216054748516,1.1386461382983537
2012-06-17 20:55:00,67.43056,66.43079932869759,1.1401234361499413
2012-06-17 21:00:00,67.51389,66.4340085554765,1.2447783881270587
2012-06-17 21:05:00,67.52893,66.61422104768512,1.2263814894607814
2012-06-17 21:10:00,67.570595,66.50640845527143,1.2370205662103675
2012-06-17 21:15:00,67.57261,66.63406722959265,1.2245353733674134
2012-06-17 21:20:00,67.55695,66.68547677650012,1.2199085939543741
2012-06-17 21:25:00,67.53521,66.69729874921788,1.2188755987738606
2012-06-17 21:30:00,67.51431,66.68547677650012,1.2199085939543741
2012-06-17 21:35:00,67.5614,66.44207085919597,1.2438888482228503
2012-06-17 21:40:00,67.56652,66.57839969926245,1.229799909798075
2012-06-17 21:45:00,67.53776,66.68547677650012,1.2199085939543741
2012-06-17 21:50:00,67.537636,66.57839969926245,1.229799909798075
2012-06-17 21:55:00,67.40757,67.0060075910345,1.1956259272705363
2012-06-17 22:00:00,67.36054,66.60950429813084,1.3558420697662463
2012-06-17 22:05:00,67.327095,66.55407304882448,1.3612583983601672
2012-06-17 22:10:00,67.29565,66.53814992109834,1.3628546748626622
2012-06-17 22:15:00,67.26421,66.52912130987683,1.363768661723631
2012-06-17 22:20:00,67.23278,66.52008483646655,1.3646885823119692
2012-06-17 22:25:00,67.20135,66.51103370674966,1.3656159571453141
2012-06-17 22:30:00,67.16991,66.50197370611036,1.3665507046349152
2012-06-17 22:35:00,67.13847,66.49289958319993,1.3674927431920212
2012-06-17 22:40:00,67.10704,66.48381641135525,1.3684416871243528
2012-06-17 22:45:00,67.0756,66.4747189392276,1.369398871520568
2012-06-17 22:50:00,67.04417,66.46561301153847,1.3703628648689392
2012-06-17 22:55:00,67.01273,66.45649310992137,1.3713343495481138
2012-06-17 23:00:00,66.98129,66.23916755617911,1.558869958806376
2012-06-17 23:05:00,66.94986,66.22975141322311,1.5600562963364233
2012-06-17 23:10:00,66.91842,66.22032444121469,1.5612500955286377
2012-06-17 23:15:00,66.88698,66.21088073609508,1.5624520684303025
2012-06-17 23:20:00,66.85554,66.201426201923,1.5636618590177764
2012-06-17 23:25:00,66.8241,66.19195784216616,1.564879051930143
2012-06-17 23:30:00,66.792656,66.18247636887183,1.5661050341761744
2012-06-17 23:35:00,66.76122,66.17298089198094,1.5673386338447166
2012-06-17 23:40:00,66.72979,66.16347381465302,1.5685806149031674
2012-06-17 23:45:00,66.69835,66.1539514579771,1.5698310070201635
2012-06-17 23:50:00,66.666916,66.14441726351511,1.571089172320013
2012-06-17 23:55:00,66.63548,66.1348713796102,1.5723554668263582
2012-06-18 00:00:00,66.60404,65.90209493383448,1.7968458776921734
2012-06-18 00:05:00,66.57261,65.89214012710791,1.7984265336573702
2012-06-18 00:10:00,66.541176,65.88216837958974,1.80001684676386
2012-06-18 00:15:00,66.50974,65.8721833108536,1.8016154967573028
2012-06-18 00:20:00,66.4783,65.86218210237902,1.8032235962115817
2012-06-18 00:25:00,66.44686,65.85216861108879,1.804840047387132
2012-06-18 00:30:00,66.41542,65.84213898006011,1.8064655771655567
2012-06-18 00:35:00,66.38398,65.83209676952943,1.8080999333634435
2012-06-18 00:40:00,66.35254,65.82203776655027,1.8097438576967122
2012-06-18 00:45:00,66.3211,65.81196829054231,1.8113961040826163
2012-06-18 00:50:00,66.289665,65.80188107268954,1.813057963106858
2012-06-18 00:55:00,66.25823,65.79178290710975,1.8147288858996564
2012-06-18 01:00:00,66.2268,63.77007441066823,3.01363664652061
2012-06-18 01:05:00,66.19536,63.75826127920425,3.01699556640671
2012-06-18 01:10:00,66.163925,63.746447391190024,3.0203633127122718
2012-06-18 01:15:00,66.132484,63.7346380128086,3.023738550348637
2012-06-18 01:20:00,66.10105,63.72282869376445,3.02712199136309
2012-06-18 01:25:00,66.06962,63.71102182238284,3.0305135467497197
2012-06-18 01:30:00,66.038185,63.69921953480564,3.0339126379701082
2012-06-18 01:35:00,66.006744,63.68741800377867,3.037320021574495
2012-06-18 01:40:00,65.9753,63.6756229108459,3.040734525651725
2012-06-18 01:45:00,65.94386,63.663826467990134,3.044158775876158
2012-06-18 01:50:00,65.91242,63.652037768648604,3.0475892861829657
2012-06-18 01:55:00,65.88098,63.64024954400526,3.0510284003944577
2012-06-18 02:00:00,65.84954,63.174618527515804,3.4463154571992773
2012-06-18 02:05:00,65.81811,63.16237907999184,3.4498973220569504
2012-06-18 02:10:00,65.786674,63.15014555877807,3.4534854173283605
2012-06-18 02:15:00,65.75524,63.13791399569436,3.457078556268035
2012-06-18 02:20:00,65.7238,63.12568861110426,3.4606770058937038
2012-06-18 02:25:00,65.69237,63.113464227830654,3.4642823238088027
2012-06-18 02:30:00,65.66093,63.10124779575171,3.46789235903716
2012-06-18 02:35:00,65.62949,63.08903225373188,3.471508891696987
2012-06-18 02:40:00,65.59806,63.07682447747775,3.4751300971671166
2012-06-18 02:45:00,65.56663,63.06461904504592,3.4787576517255308
2012-06-18 02:50:00,65.53519,63.05241855244214,3.482391466366319
2012-06-18 02:55:00,65.503746,63.040226218713485,3.4860293456103553
2012-06-18 03:00:00,65.472305,62.75679799639252,3.5972504193680073
2012-06-18 03:05:00,65.440865,62.744458216955906,3.600068939868292
2012-06-18 03:10:00,65.409424,62.73211964280767,3.602891584309099
2012-06-18 03:15:00,65.37798,62.71979035123417,3.6057163945603947
2012-06-18 03:20:00,65.34655,62.7074612376725,3.6085463671545024
2012-06-18 03:25:00,65.31512,62.69514090602732,3.611378564896373
2012-06-18 03:30:00,65.28368,62.68282057438216,3.6142161326615128
2012-06-18 03:35:00,65.25224,62.6705094993517,3.6170558662371417
2012-06-18 03:40:00,65.22081,62.65819928471169,3.619900673149672
2012-06-18 03:45:00,65.18937,62.64590022547915,3.6227478832217863
2012-06-18 03:50:00,65.157936,62.63360072121705,3.625601056689906
2012-06-18 03:55:00,65.1265,62.62131036972942,3.6284562772939686
2012-06-18 04:00:00,65.09507,62.7604582161201,3.229437707027229
2012-06-18 04:05:00,65.06363,62.748492832629005,3.2309265978986645
2012-06-18 04:10:00,65.03219,62.7365262104723,3.2324216895152005
2012-06-18 04:15:00,65.00075,62.72456603382696,3.2339216616224973
2012-06-18 04:20:00,64.96931,62.71260600923336,3.235429080557641
2012-06-18 04:25:00,64.93787,62.70064943361883,3.236940860782402
2012-06-18 04:30:00,64.906425,62.688698439416584,3.2384595686338664
2012-06-18 04:35:00,64.87499,62.676747964415505,3.2399849519286206
2012-06-18 04:40:00,64.84356,62.6648059078901,3.241515245382773
2012-06-18 04:45:00,64.812126,62.65286297613994,3.243051724747708
2012-06-18 04:50:00,64.780685,62.64092628222064,3.244594835052976
2012-06-18 04:55:00,64.74925,62.62899260708517,3.246143879085615
2012-06-18 05:00:00,64.71782,63.401042461987714,2.531236953572104
2012-06-18 05:05:00,64.68638,63.39004011503144,2.53199129349821
2012-06-18 05:10:00,64.654945,63.37904355345935,2.5327529764119343
2012-06-18 05:15:00,64.62351,63.368046494937595,2.5335236044196674
2012-06-18 05:20:00,64.59207,63.35705563716093,2.534301397403199
2012-06-18 05:25:00,64.56063,63.34606369647903,2.535088773356431
2012-06-18 05:30:00,64.52919,63.335079076533276,2.535883729646377
2012-06-18 05:35:00,64.49775,63.32409370003726,2.536687660698969
2012-06-18 05:40:00,64.46631,63.31311361197579,2.5375002253248833
2012-06-18 05:45:00,64.434875,63.302135081517726,2.5383209488259286
2012-06-18 05:50:00,64.403435,63.29116396080173,2.5391496976932415
2012-06-18 05:55:00,64.372,63.280191912940836,2.5399878811870713
2012-06-18 06:00:00,64.34057,64.4325305832985,1.9492545848932281
2012-06-18 06:05:00,64.30913,64.42200444763222,1.9500137163041833
2012-06-18 06:10:00,64.277695,64.41147632416728,1.9507826383652984
2012-06-18 06:15:00,64.24626,64.40095230980853,1.9515608912127007
2012-06-18 06:20:00,64.21482,64.39042553626656,1.9523498989409596
2012-06-18 06:25:00,64.18339,64.3799013290617,1.9531489643371083
2012-06-18 06:30:00,64.151955,64.36937675099885,1.9539572566793169
2012-06-18 06:35:00,64.12052,64.35885558482924,1.9547755918550969
2012-06-18 06:40:00,64.08908,64.34833260887281,1.95560518627856
2012-06-18 06:45:00,64.05763,64.33781387553141,1.9564443785060421
2012-06-18 06:50:00,64.0262,64.3272943114682,1.9572928421825386
2012-06-18 06:55:00,63.994762,64.31677855982483,1.958152372260578
2012-06-18 07:00:00,63.963318,65.38554220441604,1.5907599458293493
2012-06-18 07:05:00,63.93188,65.37395410956253,1.591996134086456
2012-06-18 07:10:00,63.900448,65.3623538505679,1.593245302372182
2012-06-18 07:15:00,63.869015,65.35074688646137,1.5945077177042597
2012-06-18 07:20:00,63.837574,65.33912752086464,1.5957834468371217
2012-06-18 07:25:00,63.80614,65.32750305226233,1.5970719186495088
2012-06-18 07:30:00,63.774704,65.31586579647758,1.5983744682300784
2012-06-18 07:35:00,63.743267,65.30422153889451,1.5996901981025669
2012-06-18 07:40:00,63.711826,65.29256891475588,1.6010188783350383
2012-06-18 07:45:00,63.680393,65.28090753836938,1.6023614286552348
2012-06-18 07:50:00,63.648956,65.26923755807816,1.6037182940927088
2012-06-18 07:55:00,63.617523,65.25755852885273,1.6050884214108523
2012-06-18 08:00:00,63.586075,65.22245118584435,1.6676949192808241
2012-06-18 08:05:00,63.55464,65.20792785407322,1.6702124069573603
2012-06-18 08:10:00,63.523197,65.19339603707193,1.6727499283809262
2012-06-18 08:15:00,63.49176,65.17885481511277,1.6753072758710639
2012-06-18 08:20:00,63.460327,65.16430774843215,1.6778840785698126
2012-06-18 08:25:00,63.42889,65.14975184049774,1.6804811375303677
2012-06-18 08:30:00,63.397457,65.13518812971186,1.6830982079864745
2012-06-18 08:35:00,63.366016,65.1206175951395,1.6857353121896113
2012-06-18 08:40:00,63.334583,65.10603818964472,1.6883931918556987
2012-06-18 08:45:00,63.303146,65.09145071428071,1.6910710904344965
2012-06-18 08:50:00,63.27171,65.07685665247932,1.6937703355975053
2012-06-18 08:55:00,63.24027,65.06225588556602,1.6964902078802806
2012-06-18 09:00:00,63.208836,64.42351435873286,2.0097783518738326
2012-06-18 09:05:00,63.1774,64.40772463603231,2.01367050616995
2012-06-18 09:10:00,63.145966,64.39193009217827,2.017588857872401
2012-06-18 09:15:00,63.114517,64.37612913989865,2.021535750803498
2012-06-18 09:20:00,63.083084,64.36032253574372,2.025511095957329
2012-06-18 09:25:00,63.05164,64.34451054673124,2.0295143444641126
2012-06-18 09:30:00,63.020203,64.32869125923405,2.033546490223184
2012-06-18 09:35:00,62.98877,64.31286661654792,2.037606836021576
2012-06-18 09:40:00,62.957333,64.29703563960784,2.041696301587032
2012-06-18 09:45:00,62.9259,64.28119783888125,2.0458146199018197
2012-06-18 09:50:00,62.89446,64.26535138974707,2.0499627551966366
2012-06-18 09:55:00,62.863026,64.24950068316349,2.054139847081015
2012-06-18 10:00:00,62.83159,63.62176825290148,2.333722824929295
2012-06-18 10:05:00,62.80015,63.60555469888925,2.338711487540252
2012-06-18 10:10:00,62.76871,63.58932835769457,2.3437366129058925
2012-06-18 10:15:00,62.737278,63.573088487601474,2.3488000553160178
2012-06-18 10:20:00,62.70584,63.556834806757934,2.353900494516289
2012-06-18 10:25:00,62.674408,63.54056636576755,2.3590399183053745
2012-06-18 10:30:00,62.64296,63.52428527110359,2.3642170212632534
2012-06-18 10:35:00,62.611526,63.50798901576618,2.3694329901353997
2012-06-18 10:40:00,62.580082,63.49167843789431,2.3746872908863494
2012-06-18 10:45:00,62.548645,63.47535295894961,2.3799807097349794
2012-06-18 10:50:00,62.517212,63.459011651787144,2.3853137955510717
2012-06-18 10:55:00,62.485775,63.442656504205594,2.3906864741630334
2012-06-18 11:00:00,62.45434,62.96163467838087,2.487074164060192
2012-06-18 11:05:00,62.4229,62.94509437625393,2.492867944469215
2012-06-18 11:10:00,62.342007,62.92853328382972,2.498709001851051
2012-06-18 11:15:00,62.409557,62.91195128243368,2.5045970691879673
2012-06-18 11:20:00,62.65218,62.895345679637046,2.5105333183911207
2012-06-18 11:25:00,62.797894,62.878721036992715,2.51651662205231
2012-06-18 11:30:00,62.852467,62.86207595265759,2.522547825727686
2012-06-18 11:35:00,62.964066,62.845408438833026,2.528628071659767
2012-06-18 11:40:00,62.89888,62.828720802255496,2.5347552088723817
2012-06-18 11:45:00,63.1384,62.81201009089568,2.540932753098996
2012-06-18 11:50:00,63.349293,62.795278644867274,2.5471594137539078
2012-06-18 11:55:00,63.425076,62.77852572245439,2.5534353540146184
2012-06-18 12:00:00,63.662037,62.501513261262424,2.45395205338336
2012-06-18 12:05:00,63.92824,62.48492572295704,2.460418347618069
2012-06-18 12:10:00,64.16187,62.14974040789946,2.6011333989557204
2012-06-18 12:15:00,64.11211,63.06314652013631,2.261945892336526
2012-06-18 12:20:00,63.897984,64.07123782092216,2.0397429704572647
2012-06-18 12:25:00,63.729004,63.4945960071387,2.1486501946445253
2012-06-18 12:30:00,63.937336,62.937254431550436,2.3005100320639458
2012-06-18 12:35:00,64.06696,63.26331766434615,2.2058046873847705
2012-06-18 12:40:00,64.36905,62.14974040789946,2.6011333989557204
2012-06-18 12:45:00,64.296135,63.97761354203235,2.054377040415432
2012-06-18 12:50:00,64.19544,63.79703624426509,2.0858285917402672
2012-06-18 12:55:00,64.49984,62.986374331078025,2.2851608292832633
2012-06-18 13:00:00,64.30192,63.88790203714127,1.8674306651192323
2012-06-18 13:05:00,64.24405,64.03322887039603,1.847137235928428
2012-06-18 13:10:00,64.375,63.574413503757306,1.9229754117958533
2012-06-18 13:15:00,64.69561,62.82133901176792,2.132190435449458
2012-06-18 13:20:00,64.93519,62.8670806993783,2.1162565973454246
2012-06-18 13:25:00,65.239586,62.554212548316514,2.2334525637057197
2012-06-18 13:30:00,64.90046,64.11603541542233,1.8369757278089789
2012-06-18 13:35:00,64.87269,63.98252373109886,1.8538527392954771
2012-06-18 13:40:00,64.92593,63.944608029098326,1.8591271034620933
2012-06-18 13:45:00,64.99884,63.55037989044546,1.92794866154997
2012-06-18 13:50:00,65.19329,63.231478855721726,2.0043272442203706
2012-06-18 13:55:00,64.75132,64.70694003325964,1.7893302037722527
2012-06-18 14:00:00,65.053406,63.405767255451146,1.8870421681093108
2012-06-18 14:05:00,65.083496,64.07985796918592,1.7029188155290376
2012-06-18 14:10:00,65.06498,64.56211597955917,1.6530092778146608
2012-06-18 14:15:00,64.96081,64.8309182351684,1.6415363417750657
2012-06-18 14:20:00,65.06498,64.45983881306483,1.6599333591158902
2012-06-18 14:25:00,65.023315,64.51060047111521,1.656295969404362
2012-06-18 14:30:00,65.362434,62.9466214654953,2.089623136221165
2012-06-18 14:35:00,65.247856,64.17070437360793,1.6896946214452269
2012-06-18 14:40:00,65.28489,64.51628599066838,1.6559132588233787
2012-06-18 14:45:00,65.236275,64.26421640121025,1.6781888199731672
2012-06-18 14:50:00,65.37517,64.56211597955917,1.6530092778146608
2012-06-18 14:55:00,65.85136,62.95372131121837,2.0863326173773107
2012-06-18 15:00:00,65.884926,65.34427560789568,1.7443799418840384
2012-06-18 15:05:00,65.84441,64.98303162075831,1.7737846242842934
2012-06-18 15:10:00,65.86293,65.15714108152174,1.7543125342187496
2012-06-18 15:15:00,65.905754,65.04747945065395,1.764906470137375
2012-06-18 15:20:00,65.840935,65.56918793644604,1.7401843219359503
2012-06-18 15:25:00,65.872185,65.04747945065395,1.764906470137375
2012-06-18 15:30:00,65.82011,65.113943160583,1.7579318928162355
2012-06-18 15:35:00,66.077545,64.71423669330237,1.859965635562406
2012-06-18 15:40:00,66.15162,65.33030521050942,1.7448708317321182
2012-06-18 15:45:00,66.22107,64.88741209637202,1.792631091804684
2012-06-18 15:50:00,66.03588,65.83768423423783,1.7412396056798942
2012-06-18 15:55:00,66.001656,65.68092806300531,1.7400244079833556
2012-06-18 16:00:00,65.81184,65.7234315004928,2.8474160317913206
2012-06-18 16:05:00,65.89517,64.88403776362908,3.299287068284172
2012-06-18 16:10:00,65.73892,65.41310263242987,2.9973561452293604
2012-06-18 16:15:00,65.69263,65.37023041378642,3.019799252588573
2012-06-18 16:20:00,65.64286,65.49980005600092,2.9533041977447017
2012-06-18 16:25:00,65.622025,65.31700648139268,3.048271575824493
2012-06-18 16:30:00,65.5625,65.03151738284197,3.2111686653514373
2012-06-18 16:35:00,65.38839,65.69732443515777,2.8592467122539937
2012-06-18 16:40:00,65.286545,65.91034328957561,2.7662363145463025
2012-06-18 16:45:00,65.14071,65.22190896183737,3.100774901532212
2012-06-18 16:50:00,65.23908,65.20084083261843,3.1126738643625838
2012-06-18 16:55:00,65.124504,65.76369362080983,2.829422730426367
2012-06-18 17:00:00,65.093254,63.28347770705428,8.44741870612414
2012-06-18 17:05:00,65.03191,64.26361661263063,6.676233751640443
2012-06-18 17:10:00,65.25066,62.92274294127399,9.070819634081301
2012-06-18 17:15:00,65.38955,64.02073885639957,7.114465448231271
2012-06-18 17:20:00,65.27496,64.26361661263063,6.676233751640443
2012-06-18 17:25:00,65.214775,64.16031107184597,6.861846484624659
2012-06-18 17:30:00,63.774307,63.080090082083835,8.802768098824476
2012-06-18 17:35:00,60.086807,63.39909447121257,8.241769748779088
2012-06-18 17:40:00,56.105328,64.56714620793035,6.141044341632752
2012-06-18 17:45:00,52.688656,62.53670590994602,9.697431094237386
2012-06-18 17:50:00,48.709488,65.05385359410262,5.328613016904319
2012-06-18 17:55:00,44.73264,64.16031107184597,6.861846484624659
2012-06-18 18:00:00,40.90972,62.6457703704914,11.912917058351312
2012-06-18 18:05:00,37.20023,63.434999707705934,9.097812159882979
2012-06-18 18:10:00,33.10648,65.24244769873478,4.713991157264169
2012-06-18 18:15:00,29.032408,65.45581588651714,4.351377443335264
2012-06-18 18:20:00,25.539352,62.774907587688176,11.41350886993497
2012-06-18 18:25:00,21.62037,63.32039326447244,9.470364614971585
2012-06-18 18:30:00,19.33912,35.003183888684056,27.85918988145877
2012-06-18 18:35:00,18.965277,30.596197332564532,19.74349157559242
2012-06-18 18:40:00,19.082176,30.61382881006884,19.59759640993025
2012-06-18 18:45:00,19.061342,30.594589055098435,19.954247069042612
2012-06-18 18:50:00,19.144676,30.607075753624702,19.637812247173787
2012-06-18 18:55:00,19.673613,30.619062832306508,19.572060317511294
2012-06-18 19:00:00,20.152777,31.071201702418477,21.88143010175016
2012-06-18 19:05:00,21.788193,31.110025843244895,22.167336489678103
2012-06-18 19:10:00,24.756943,31.06332479801065,21.806370052638428
2012-06-18 19:15:00,28.877314,31.069322134937067,21.86442320838871
2012-06-18 19:20:00,32.526623,31.164830698621554,22.477906118729013
2012-06-18 19:25:00,36.519676,31.064784494943428,21.82106475045599
2012-06-18 19:30:00,40.530094,31.09406435397132,22.060740281706412
2012-06-18 19:35:00,44.78935,31.048817309291582,21.617028669215745
2012-06-18 19:40:00,48.768513,31.09406435397132,22.060740281706412
2012-06-18 19:45:00,52.458332,31.170454685421916,22.50663871008166
2012-06-18 19:50:00,56.5,31.09909757887482,22.095560758665126
2012-06-18 19:55:00,60.177082,31.23409818373837,22.80734719629254
2012-06-18 20:00:00,63.854168,32.368745768591715,24.455161087851867
2012-06-18 20:05:00,66.1875,35.79387240455736,28.23933839763882
2012-06-18 20:10:00,67.34375,52.74343112530096,18.52333500375413
2012-06-18 20:15:00,67.47454,66.1821115633132,1.717754090765129
2012-06-18 20:20:00,67.56829,65.7382305132375,1.9393268211291634
2012-06-18 20:25:00,67.80903,65.60225106587284,2.0334596797917754
2012-06-18 20:30:00,67.728004,66.24412595678048,1.6945115026488515
2012-06-18 20:35:00,67.67593,66.00679371380535,1.7924316888964478
2012-06-18 20:40:00,67.58218,66.12480306067908,1.7406306939944445
2012-06-18 20:45:00,67.4618,65.93760746141623,1.82608305838596
2012-06-18 20:50:00,67.44097,66.44503273854949,1.6286507484264099
2012-06-18 20:55:00,67.46643,66.40470460551549,1.640816862497254
2012-06-18 21:00:00,67.3206,66.00594293597518,1.6761025956018116
2012-06-18 21:05:00,67.37615,65.96387117715379,1.6837669464781226
2012-06-18 21:10:00,67.553246,65.67158060294362,1.744229440306482
2012-06-18 21:15:00,67.422455,66.34223278100531,1.6223599590129576
2012-06-18 21:20:00,67.38079,65.71297244561443,1.734816642489297
2012-06-18 21:25:00,67.15857,66.15096961163098,1.6513802471370882
2012-06-18 21:30:00,67.125,65.55757153771299,1.7718516532565607
2012-06-18 21:35:00,67.072914,65.42757834603889,1.80677230636758
2012-06-18 21:40:00,67.145836,65.38783699930441,1.8182748072037913
2012-06-18 21:45:00,67.32639,65.10785141805415,1.9131571994733394
2012-06-18 21:50:00,67.2882,66.00594293597518,1.6761025956018116
2012-06-18 21:55:00,66.95023,66.15096961163098,1.6513802471370882
2012-06-18 22:00:00,67.07523,65.05240279776089,1.9503925996310139
2012-06-18 22:05:00,66.9051,65.837656197376,1.8086517551744439
2012-06-18 22:10:00,66.73843,66.03509937347381,1.781105256585594
2012-06-18 22:15:00,66.515045,65.45650378353103,1.8700572592077662
2012-06-18 22:20:00,66.52546,65.1799666027756,1.923014693071037
2012-06-18 22:25:00,66.607635,64.88910986928116,1.9886770976218502
2012-06-18 22:30:00,66.58564,65.05240279776089,1.9503925996310139
2012-06-18 22:35:00,66.606476,64.84301582952246,2.000220674685773
2012-06-18 22:40:00,66.62383,65.30843168164034,1.8974049334267986
2012-06-18 22:45:00,66.51967,65.43738163503707,1.8734669866344642
2012-06-18 22:50:00,66.40162,65.4947461223889,1.863339419435566
2012-06-18 22:55:00,66.34953,64.44460923422794,2.117243954745312
2012-06-18 23:00:00,66.08218,65.24478527579747,2.0955101206528366
2012-06-18 23:05:00,65.7176,64.80820128629112,2.1815804530811986
2012-06-18 23:10:00,65.61343,65.02675374200714,2.136681836872573
2012-06-18 23:15:00,65.58681,64.20683777675295,2.3294186771076277
2012-06-18 23:20:00,65.3993,64.89559344549683,2.163155843908108
2012-06-18 23:25:00,65.045135,64.89559344549683,2.163155843908108
2012-06-18 23:30:00,65.22106,64.62915891028534,2.221481402247585
2012-06-18 23:35:00,65.01273,64.59061954386969,2.230479914637024
2012-06-18 23:40:00,64.77662,65.05588629625312,2.1309829664328173
2012-06-18 23:45:00,64.7662,64.6774322597635,2.210422566206756
2012-06-18 23:50:00,64.69329,64.6774322597635,2.210422566206756
2012-06-18 23:55:00,64.22222,63.8817396684224,2.4300979204901125
2012-06-19 00:00:00,64.145836,63.653401072180266,2.7516582367230207
2012-06-19 00:05:00,64.375,62.873624473258126,3.0403718562349304
2012-06-19 00:10:00,63.875,64.124397654226,2.617229554171933
2012-06-19 00:15:00,63.378704,63.615022020243806,2.763645745600058
2012-06-19 00:20:00,63.180786,63.63898890879138,2.756139461803698
2012-06-19 00:25:00,63.368286,62.98529567215684,2.991725008287522
2012-06-19 00:30:00,62.83935,64.92180589382995,2.429561407695724
2012-06-19 00:35:00,62.482876,63.26070468074476,2.8837021245758634
2012-06-19 00:40:00,62.420376,63.59589767627073,2.7696865470794525
2012-06-19 00:45:00,61.701626,64.16922135712657,2.605500533293409
2012-06-19 00:50:00,61.07662,63.901635115101385,2.678096157085601
2012-06-19 00:55:00,61.734028,61.982723709472005,3.650463463372015
2012-06-19 01:00:00,61.619446,61.503777844524585,4.077768913060074
2012-06-19 01:05:00,61.54537,61.814759363260826,4.032795472549325
2012-06-19 01:10:00,61.57662,60.72657591401363,4.2021899193737555
2012-06-19 01:15:00,61.276623,60.50129422576884,4.253850047588019
2012-06-19 01:20:00,61.274307,61.16303476491834,4.127844765735445
2012-06-19 01:25:00,60.82639,61.78264840608491,4.037474809952535
2012-06-19 01:30:00,60.53125,61.08387544846527,4.140043352129315
2012-06-19 01:35:00,61.148148,60.5972606395657,4.229989432097621
2012-06-19 01:40:00,60.752316,61.503777844524585,4.077768913060074
2012-06-19 01:45:00,61.23148,60.345587029986355,4.301051454382652
2012-06-19 01:50:00,61.79398,60.39692471203822,4.284114074637333
2012-06-19 01:55:00,61.472218,62.10922985632465,3.989078261459871
2012-06-19 02:00:00,61.378475,60.35710680538637,4.475361133941847
2012-06-19 02:05:00,60.850693,60.756669962025306,4.4384170352950365
2012-06-19 02:10:00,60.64236,59.96971512913297,4.512431650650256
2012-06-19 02:15:00,61.277775,59.27210583478767,4.686024891966916
2012-06-19 02:20:00,61.425922,60.3246674516321,4.478283524339727
2012-06-19 02:25:00,61.582172,59.82604439918689,4.529609880389483
2012-06-19 02:30:00,62.096066,59.65790919315041,4.556250625164089
2012-06-19 02:35:00,61.752316,61.42456246732789,4.364783127887814
2012-06-19 02:40:00,61.770832,59.75084355755902,4.540354347554301
2012-06-19 02:45:00,61.416668,60.55155132785527,4.45775164089744
2012-06-19 02:50:00,60.5,60.88519954792372,4.425647208967351
2012-06-19 02:55:00,60.572918,60.33053180631102,4.477754354532958
2012-06-19 03:00:00,60.683033,59.66312548837755,4.411550838549045
2012-06-19 03:05:00,61.264053,59.11130213460788,4.516927368860031
2012-06-19 03:10:00,61.468914,59.12339094704543,4.512860926156767
2012-06-19 03:15:00,61.750164,59.95528698918315,4.3825243793484505
2012-06-19 03:20:00,61.593914,60.28652138008363,4.354651970783858
2012-06-19 03:25:00,61.664516,59.687976146279475,4.408772074022132
2012-06-19 03:30:00,61.31035,60.41583234887062,4.344171257800592
2012-06-19 03:35:00,60.64831,59.927052675169165,4.385064548697855
2012-06-19 03:40:00,60.47354,59.30928378163009,4.464521549127304
2012-06-19 03:45:00,59.464283,59.276081150272866,4.47158229900416
2012-06-19 03:50:00,59.97173,58.6434135944551,4.808334114378599
2012-06-19 03:55:00,59.950893,60.07142658889425,4.372433630927878
2012-06-19 04:00:00,59.553272,60.16006809810611,3.6944998199880126
2012-06-19 04:05:00,59.303272,60.71057310374609,3.6495271508618217
2012-06-19 04:10:00,59.306747,59.68915173634582,3.769933486243534
2012-06-19 04:15:00,58.598415,61.05926100112416,3.6319881801671943
2012-06-19 04:20:00,58.598415,60.05781176270344,3.7067542130877897
2012-06-19 04:25:00,58.153973,60.0797458971804,3.703981797649162
2012-06-19 04:30:00,58.32758,59.673713312557,3.773504492380121
2012-06-19 04:35:00,58.666702,58.895986067307774,4.239563857231179
2012-06-19 04:40:00,59.045177,59.20060849942854,3.9636558889259454
2012-06-19 04:45:00,60.37735,56.554993981321864,6.226625912937728
2012-06-19 04:50:00,60.442825,59.57817646724444,3.7980222088393636
2012-06-19 04:55:00,60.536575,60.23180034973178,3.6868357880495473
2012-06-19 05:00:00,61.043987,60.687567241683205,2.870882944470784
2012-06-19 05:05:00,61.137737,61.38505374032203,2.6475727964816236
2012-06-19 05:10:00,61.293987,61.11765194913925,2.7017226276940165
2012-06-19 05:15:00,62.002316,60.642044378812464,2.897890452934069
2012-06-19 05:20:00,62.121525,61.46259024353126,2.63624231440184
2012-06-19 05:25:00,62.537037,60.55046659984355,2.958660365760258
2012-06-19 05:30:00,62.71759,61.50647207754226,2.630523892330403
2012-06-19 05:35:00,63.054398,60.81654073343467,2.805272652880589
2012-06-19 05:40:00,63.08218,61.36808223608148,2.650277819611657
2012-06-19 05:45:00,63.384262,61.62314864434876,2.617485505501995
2012-06-19 05:50:00,63.712967,61.14082704203386,2.695910556570379
2012-06-19 05:55:00,63.671295,61.87648758418285,2.598160824058617
2012-06-19 06:00:00,63.909725,64.15506177767747,1.7699057986232782
2012-06-19 06:05:00,63.98264,63.91820472613296,1.7937622085844038
2012-06-19 06:10:00,64.38773,63.76837051489415,1.8141959185073706
2012-06-19 06:15:00,64.44329,64.6254774626481,1.7510996656146787
2012-06-19 06:20:00,64.584496,64.07803083360297,1.7765611636634422
2012-06-19 06:25:00,65.06367,63.677071233565016,1.8287750050643046
2012-06-19 06:30:00,65.31366,64.29421642189459,1.7604955671431803
2012-06-19 06:35:00,65.74884,63.86858514742364,1.8000580861690747
2012-06-19 06:40:00,66.228004,63.70762002760794,1.8237133650238675
2012-06-19 06:45:00,66.25115,64.73313938288959,1.7518240921376844
2012-06-19 06:50:00,66.54745,64.28167326395238,1.7612080149540603
2012-06-19 06:55:00,66.79745,64.06511386567085,1.7777798770934472
2012-06-19 07:00:00,66.81828,66.47542448908042,1.399806442852098
2012-06-19 07:05:00,67.203705,65.43858480210137,1.4969695744933178
2012-06-19 07:10:00,67.259254,66.58518726033124,1.3950632066222826
2012-06-19 07:15:00,67.27662,66.44962755000633,1.4010880908780106
2012-06-19 07:20:00,67.515045,65.98420336100149,1.4344787249697684
2012-06-19 07:25:00,67.56713,66.73578555764335,1.3905053103668383
2012-06-19 07:30:00,67.577545,66.6997514850945,1.3913838728754142
2012-06-19 07:35:00,67.50347,66.81061858234594,1.3891204154847052
2012-06-19 07:40:00,67.450226,66.77144307585338,1.3897700992943394
2012-06-19 07:45:00,67.541664,66.4839849885498,1.3993948498531459
2012-06-19 07:50:00,67.5625,66.84163159413241,1.3887253479164758
2012-06-19 07:55:00,67.678246,66.39750886334099,1.4038678418870985
2012-06-19 08:00:00,67.771996,66.53396159963494,1.4481835954734246
2012-06-19 08:05:00,67.71991,67.0926937108549,1.405463621439927
2012-06-19 08:10:00,67.64468,66.85504870111015,1.42151416112699
2012-06-19 08:15:00,67.83102,66.48124589099035,1.4531067719857056
2012-06-19 08:20:00,67.90509,66.9887024685355,1.412096668248024
2012-06-19 08:25:00,67.90278,67.04363839994971,1.4085163609937856
2012-06-19 08:30:00,67.98611,66.79296758287859,1.4262268238265365
2012-06-19 08:35:00,68.15278,66.53396159963494,1.4481835954734246
2012-06-19 08:40:00,68.22685,66.58057369829591,1.4439590337700947
2012-06-19 08:45:00,68.28356,66.89428775782284,1.4186465316155672
2012-06-19 08:50:00,68.25231,67.04363839994971,1.4085163609937856
2012-06-19 08:55:00,68.24967,66.89987489617624,1.4182448998614354
2012-06-19 09:00:00,68.17444,66.35980821445462,1.582637577954583
2012-06-19 09:05:00,68.08813,66.19858910885604,1.5980887221714644
2012-06-19 09:10:00,68.03373,65.81918669955537,1.6400821557915808
2012-06-19 09:15:00,67.69114,66.7775143470228,1.5488164519422023
2012-06-19 09:20:00,67.41337,66.73098834674597,1.5521513995697314
2012-06-19 09:25:00,67.34276,66.40142277958223,1.578870321202424
2012-06-19 09:30:00,67.24901,66.57288946201574,1.564285760781992
2012-06-19 09:35:00,66.957344,66.73098834674597,1.5521513995697314
2012-06-19 09:40:00,66.84275,66.30618663332125,1.587624163760961
2012-06-19 09:45:00,66.6946,66.54344244988788,1.566684514573874
2012-06-19 09:50:00,66.705025,66.2524450722205,1.592774001241579
2012-06-19 09:55:00,66.623184,66.24475656365662,1.5935231046532812
2012-06-19 10:00:00,66.35466,65.3288161712948,1.7505870360729503
2012-06-19 10:05:00,66.12847,65.11934265964267,1.7772431269499638
2012-06-19 10:10:00,66.017365,64.9177581423679,1.8061175640553644
2012-06-19 10:15:00,66.079865,64.42323719432746,1.8921042754307782
2012-06-19 10:20:00,65.93055,64.69190206931377,1.8425628439108979
2012-06-19 10:25:00,65.5868,65.39206323728573,1.7431675330393628
2012-06-19 10:30:00,65.40972,65.44388152900302,1.7372976970797878
2012-06-19 10:35:00,65.22222,64.6245066158446,1.8543343428602246
2012-06-19 10:40:00,65.27199,65.08266074273966,1.782254322890605
2012-06-19 10:45:00,65.13426,65.14545304786503,1.7737400026544776
2012-06-19 10:50:00,64.86343,65.65168339098072,1.7155707016081052
2012-06-19 10:55:00,64.57176,65.18547885748957,1.768471512877957
2012-06-19 11:00:00,64.63128,63.70983498790314,2.003096010625617
2012-06-19 11:05:00,64.73313,63.70983498790314,2.003096010625617
2012-06-19 11:10:00,64.69478,64.04437751340059,1.9241899938681775
2012-06-19 11:15:00,64.39153,64.37000829243706,1.8602311476106923
2012-06-19 11:20:00,64.50612,63.662684625998196,2.0153503740567564
2012-06-19 11:25:00,64.44957,63.425655396228315,2.08131624425954
2012-06-19 11:30:00,64.32456,64.22780182839382,1.8866782229411319
2012-06-19 11:35:00,64.470406,63.425655396228315,2.08131624425954
2012-06-19 11:40:00,64.3373,64.93748424046778,1.7752437055928576
2012-06-19 11:45:00,64.25281,64.13336762538678,1.9055001619160112
2012-06-19 11:50:00,64.23197,63.99209452182439,1.9356108095299953
2012-06-19 11:55:00,64.182205,63.4732797813613,2.0674751576269688
2012-06-19 12:00:00,64.13195,63.77270610776228,1.855974744042868
2012-06-19 12:05:00,64.03009,63.955815475341105,1.8163303766650774
2012-06-19 12:10:00,63.79646,63.66971722033869,1.880283919653727
2012-06-19 12:15:00,63.870533,62.80857079496379,2.1417730639611032
2012-06-19 12:20:00,63.71081,63.965844824517724,1.8142886181631928
2012-06-19 12:25:00,63.86111,62.985840373494995,2.079495939880227
2012-06-19 12:30:00,63.89236,63.46936080661748,1.9318258628531175
2012-06-19 12:35:00,63.746525,63.87565795389279,1.8331291593733738
2012-06-19 12:40:00,63.5,64.10154216764894,1.7879458577599008
2012-06-19 12:45:00,63.550266,63.55501242557404,1.9091002952368215
2012-06-19 12:50:00,63.41601,63.69547705878241,1.8740660260810031
2012-06-19 12:55:00,63.351196,63.06400907270671,2.053408248165051
2012-06-19 13:00:00,63.175266,63.52009310755168,1.8041272880555652
2012-06-19 13:05:00,62.860455,63.48189938075527,1.814621915629511
2012-06-19 13:10:00,63.058365,62.630502558980176,2.112545050876102
2012-06-19 13:15:00,60.714615,63.13417872173272,1.921642919143548
2012-06-19 13:20:00,60.634754,63.25119527442885,1.8833236940132843
2012-06-19 13:25:00,60.74934,63.61068501440684,1.7802278659881738
2012-06-19 13:30:00,60.78406,63.567784076522905,1.79137211803448
2012-06-19 13:35:00,60.735455,63.22207311904012,1.8926433248936168
2012-06-19 13:40:00,60.856983,63.01553057943908,1.9628524035379877
2012-06-19 13:45:00,60.76968,63.72717032790879,1.7515273538491192
2012-06-19 13:50:00,60.851852,63.094829965235306,1.9350487817079205
2012-06-19 13:55:00,60.92477,62.77192838185073,2.054759120537882
2012-06-19 14:00:00,61.04977,63.13125567491625,1.936722196666213
2012-06-19 14:05:00,61.145832,62.54240723082976,2.253060892151656
2012-06-19 14:10:00,61.135418,63.72504372452267,1.7120971569435541
2012-06-19 14:15:00,63.534725,40.043337842980584,17.645131367009697
2012-06-19 14:20:00,63.743057,63.24444723198434,1.8858168979105632
2012-06-19 14:25:00,63.78241,64.26958669149694,1.5895751065654622
2012-06-19 14:30:00,63.76852,63.92658977640977,1.658711790079589
2012-06-19 14:35:00,63.99074,63.3312484661157,1.8493372766078808
2012-06-19 14:40:00,64.06365,63.76241570425007,1.70139392918395
2012-06-19 14:45:00,64.16435,63.62607457395078,1.7423142333750608
2012-06-19 14:50:00,64.35185,63.687824560526515,1.7231378951159078
2012-06-19 14:55:00,64.56597,63.39282426812452,1.8248297068224382
2012-06-19 15:00:00,64.52431,64.4183083585227,1.9417737864559192
2012-06-19 15:05:00,64.66898,64.00528757867384,2.210411470136576
2012-06-19 15:10:00,64.62732,64.48966981152509,1.9087681251787039
2012-06-19 15:15:00,64.59259,64.44959641340704,1.9266715305740172
2012-06-19 15:20:00,64.33449,64.70086309538057,1.8365323448656472
2012-06-19 15:25:00,63.899307,65.04160004655901,1.7704025183584984
2012-06-19 15:30:00,63.98264,64.61768429796777,1.86110554909295
2012-06-19 15:35:00,64.06944,64.80944231053603,1.8102787609675521
2012-06-19 15:40:00,64.0382,64.72971464313265,1.8289694829788241
2012-06-19 15:45:00,63.934025,64.70086309538057,1.8365323448656472
2012-06-19 15:50:00,63.90509,65.01486006019415,1.7740837583152842
2012-06-19 15:55:00,63.774307,64.83691833127806,1.8045144192634384
2012-06-19 16:00:00,63.95139,62.73716421040188,5.336907996908249
2012-06-19 16:05:00,63.997684,62.80751906589339,5.293137945976574
2012-06-19 16:10:00,64.06019,62.96771619635576,5.191409204234331
2012-06-19 16:15:00,63.95602,62.8929740503964,5.2392124986646404
2012-06-19 16:20:00,64.16898,61.79765987964665,5.860773437101945
2012-06-19 16:25:00,64.18981,60.95832727130057,6.2475744627158685
2012-06-19 16:30:00,64.0,64.0551913903413,4.481691783168901
2012-06-19 16:35:00,62.739582,64.46100658544539,4.249068353387693
2012-06-19 16:40:00,62.635418,63.635765789673286,4.750056278041488
2012-06-19 16:45:00,61.989582,63.11176465255182,5.0978284789034065
2012-06-19 16:50:00,58.185184,64.18475630040824,4.403891820610207
2012-06-19 16:55:00,54.445602,63.2495942806131,5.006905989262211
2012-06-19 17:00:00,50.841434,61.67814755671614,13.735217543551343
2012-06-19 17:05:00,46.806713,60.45715205966811,15.360302292423631
2012-06-19 17:10:00,43.055553,60.8609468465631,14.888067371144627
2012-06-19 17:15:00,39.398148,58.743060754967644,16.718697978848933
2012-06-19 17:20:00,35.464123,61.037744408207836,14.660512991145907
2012-06-19 17:25:00,31.785881,57.77288487803884,17.171476089410366
2012-06-19 17:30:00,28.090279,60.042885274951935,15.77781910942011
2012-06-19 17:35:00,25.143518,37.83868018959921,20.716084022329532
2012-06-19 17:40:00,21.174768,60.188085037435094,15.638935295354452
2012-06-19 17:45:00,18.185184,46.03922314233426,19.96420677109424
2012-06-19 17:50:00,17.914352,31.05413203022147,17.000903144993178
2012-06-19 17:55:00,17.872686,31.082604664978074,17.034032272302625
2012-06-19 18:00:00,17.351852,30.688806202358325,18.946015409644406
2012-06-19 18:05:00,17.653934,30.82835797611391,18.773548478788296
2012-06-19 18:10:00,17.54051,30.73683046879586,18.844452426576215
2012-06-19 18:15:00,17.355324,30.75828658961314,18.819338756208666
2012-06-19 18:20:00,17.511574,30.781130965285673,18.799552148923926
2012-06-19 18:25:00,17.762732,30.78146420341473,18.79930595857539
2012-06-19 18:30:00,17.546957,30.741729354111715,18.838031896213845
2012-06-19 18:35:00,17.847883,30.811774157513877,18.780855804705975
2012-06-19 18:40:00,18.016867,30.815341989106326,18.779145289117306
2012-06-19 18:45:00,17.452051,30.719414978967777,18.871578579918246
2012-06-19 18:50:00,17.597885,30.787155360008896,18.79524924718501
2012-06-19 18:55:00,17.63955,30.749727069208788,18.82846749907954
2012-06-19 19:00:00,18.129133,31.132442990546867,20.82585880937826
2012-06-19 19:05:00,18.254133,31.11645776636381,21.026517175650955
2012-06-19 19:10:00,18.847883,31.118632596119113,20.949816628933515
2012-06-19 19:15:00,20.690475,31.13011507062545,20.839910943859024
2012-06-19 19:20:00,24.190475,31.11647058321493,21.035574654456127
2012-06-19 19:25:00,28.034225,31.119012117321628,21.122152543089314
2012-06-19 19:30:00,32.302082,31.126917028922644,20.861712941644655
2012-06-19 19:35:00,36.260418,31.11703927164598,21.072898274305462
2012-06-19 19:40:00,40.497684,31.11852958661198,20.951606003758915
2012-06-19 19:45:00,45.006943,31.16035453204346,20.713023643101685
2012-06-19 19:50:00,49.059025,31.116597327631542,21.008740262488832
2012-06-19 19:55:00,53.19792,31.11647058321493,21.035574654456127
2012-06-19 20:00:00,57.07292,32.179337156037946,22.62915386250168
2012-06-19 20:05:00,61.087967,32.12700630895052,22.565937829904886
2012-06-19 20:10:00,64.62963,32.3920871532687,22.82584950762553
2012-06-19 20:15:00,67.15046,34.83902945716193,22.944273770385532
2012-06-19 20:20:00,67.733795,64.60302179062118,4.005567377771096
2012-06-19 20:25:00,67.81713,65.98755493789997,2.502430991680543
2012-06-19 20:30:00,67.83796,66.27442003815894,2.3471374100728988
2012-06-19 20:35:00,67.884254,66.15887576931476,2.404088598479163
2012-06-19 20:40:00,67.84408,66.540306830997,2.239295890738274
2012-06-19 20:45:00,67.9089,66.2357511236405,2.3654300086463467
2012-06-19 20:50:00,68.10681,66.2164760333236,2.374829744846161
2012-06-19 20:55:00,68.00959,66.5503257813164,2.2357658718234883
2012-06-19 21:00:00,67.95403,65.80982562158937,2.16134377257552
2012-06-19 21:05:00,67.97024,65.95046101263709,2.139709224576247
2012-06-19 21:10:00,67.94825,65.65547955240234,2.188251861436737
2012-06-19 21:15:00,67.72949,65.87274870606593,2.1513643408803893
2012-06-19 21:20:00,67.67394,65.80982562158937,2.16134377257552
2012-06-19 21:25:00,67.392685,65.62516835222043,2.1940022069614185
2012-06-19 21:30:00,67.32093,65.74755411971516,2.1717550757828863
2012-06-19 21:35:00,67.31631,65.69960482592295,2.1801709999849166
2012-06-19 21:40:00,67.16898,65.84570544689528,2.1555902080037406
2012-06-19 21:45:00,67.19677,65.83771476326514,2.1568568807852055
2012-06-19 21:50:00,64.95718,66.22802149434597,2.102955835927077
2012-06-19 21:55:00,60.89699,65.6859853491733,2.182629595417316
2012-06-19 22:00:00,58.3335,64.99623106378183,2.372139748880689
2012-06-19 22:05:00,57.382107,65.37502703131106,2.320345651936752
2012-06-19 22:10:00,56.95618,64.9383638710473,2.380965916158695
2012-06-19 22:15:00,56.92494,64.56620301229641,2.44638775256765
2012-06-19 22:20:00,56.907574,64.99623106378183,2.372139748880689
2012-06-19 22:25:00,57.20503,64.17001643209107,2.54257841304752
2012-06-19 22:30:00,57.0291,64.88101021274791,2.3900155327751
2012-06-19 22:35:00,56.89368,65.03994771116717,2.3656586796648305
2012-06-19 22:40:00,56.70503,64.7505392076774,2.411866498645839
2012-06-19 22:45:00,56.490906,65.29211464342283,2.330933097841068
2012-06-19 22:50:00,58.438824,48.20937148342016,11.702852310104147
2012-06-19 22:55:00,62.55109,35.310943067103906,22.525436165013982
2012-06-19 23:00:00,64.96644,46.2846650698419,12.791325764713626
2012-06-19 23:05:00,65.771996,62.227335790372784,3.464008778977091
2012-06-19 23:10:00,66.13657,62.99701747613944,3.0400406652418286
2012-06-19 23:15:00,66.16782,63.73662544061926,2.8589540756544722
2012-06-19 23:20:00,66.00116,64.22770312083905,2.774002948048137
2012-06-19 23:25:00,65.734955,64.31469892189085,2.760352897768211
2012-06-19 23:30:00,65.701385,63.619338688230215,2.8820484837640272
2012-06-19 23:35:00,65.58218,63.8961305890673,2.8295658222618703
2012-06-19 23:40:00,65.583336,63.45895727659297,2.916185988702565
2012-06-19 23:45:00,65.489586,63.8961305890673,2.8295658222618703
2012-06-19 23:50:00,65.3125,63.96118840613648,2.81813986650872
2012-06-19 23:55:00,64.885414,64.50249566707346,2.7318624766638155
2012-06-20 00:00:00,64.984955,62.94644918342971,3.3899813319364367
2012-06-20 00:05:00,64.609955,63.336992269705966,3.3230708123365047
2012-06-20 00:10:00,64.37037,63.16540132760418,3.3521022113651333
2012-06-20 00:15:00,64.172455,62.964716259558315,3.3867733215716487
2012-06-20 00:20:00,63.995373,62.8344666158959,3.4098893432831456
2012-06-20 00:25:00,63.859955,62.61413754657688,3.4506212516302894
2012-06-20 00:30:00,63.672455,62.64498574537709,3.444766724687326
2012-06-20 00:35:00,63.524307,62.66221668144968,3.4415194775503104
2012-06-20 00:40:00,63.274307,62.583507464177586,3.4564922595010206
2012-06-20 00:45:00,63.06366,62.73880593369316,3.4272828041483656
2012-06-20 00:50:00,62.92824,62.55309908437571,3.462381216897042
2012-06-20 00:55:00,62.77199,62.31818016249316,3.5103433275403835
2012-06-20 01:00:00,62.440975,62.374723006616215,3.8894041914936985
2012-06-20 01:05:00,62.621532,61.47866095325565,3.942948426490809
2012-06-20 01:10:00,62.538197,61.67738811193022,3.9295320018917206
2012-06-20 01:15:00,62.371532,61.62691864544981,3.9327411099960714
2012-06-20 01:20:00,62.371532,61.576964461999864,3.936036405490457
2012-06-20 01:25:00,62.444443,61.50303168016222,3.9411756957706774
2012-06-20 01:30:00,62.285877,61.40639490537014,3.9484740617600274
2012-06-20 01:35:00,62.42824,61.511186194005006,3.940591253293466
2012-06-20 01:40:00,62.343746,61.220226501069284,3.965100662534392
2012-06-20 01:45:00,62.471066,61.42500689423638,3.947009499170805
2012-06-20 01:50:00,61.73148,61.45443057012708,3.944754208072387
2012-06-20 01:55:00,61.460648,61.220226501069284,3.965100662534392
2012-06-20 02:00:00,61.354168,60.51168963029543,4.474584142011511
2012-06-20 02:05:00,61.090282,60.88316829582786,4.474547886937287
2012-06-20 02:10:00,61.246532,60.460317502956194,4.474228326049828
2012-06-20 02:15:00,61.484955,60.24057791607405,4.4725253759635555
2012-06-20 02:20:00,61.599537,60.55342103051493,4.474830688383694
2012-06-20 02:25:00,61.672455,60.6493038863047,4.475202762758369
2012-06-20 02:30:00,61.289352,60.07494307149349,4.4721217934965525
2012-06-20 02:35:00,60.61227,60.82342643093699,4.474959361261692
2012-06-20 02:40:00,60.66551,60.05789694877697,4.472194511325459
2012-06-20 02:45:00,60.714115,60.69825001662628,4.475265363582111
2012-06-20 02:50:00,61.037033,59.28347183022576,4.6234414243762965
2012-06-20 02:55:00,60.95486,59.75167506560956,4.482945149566742
2012-06-20 03:00:00,60.600697,59.71762732313181,4.627214236580705
2012-06-20 03:05:00,60.621532,59.71762732313181,4.627214236580705
2012-06-20 03:10:00,60.62732,60.25341774555039,4.63424650456619
2012-06-20 03:15:00,60.46991,60.19968613827728,4.634082852365352
2012-06-20 03:20:00,59.92824,60.25341774555039,4.63424650456619
2012-06-20 03:25:00,59.31366,60.25341774555039,4.63424650456619
2012-06-20 03:30:00,59.699078,59.013601103163516,4.6804266575433395
2012-06-20 03:35:00,60.00232,59.06576534602072,4.661837773128039
2012-06-20 03:40:00,59.56482,59.59746431507518,4.625216528587376
2012-06-20 03:45:00,58.611115,60.24487856299658,4.634230958200483
2012-06-20 03:50:00,58.506947,59.16982989954178,4.639525949486864
2012-06-20 03:55:00,58.80324,59.12294042879493,4.647600417347445
2012-06-20 04:00:00,59.682407,59.31713890925848,4.260744267406263
2012-06-20 04:05:00,59.599075,59.91449364450627,4.162144943809804
2012-06-20 04:10:00,59.009953,60.419888070070265,4.151399675591791
2012-06-20 04:15:00,58.482178,59.995798652404666,4.15894254081738
2012-06-20 04:20:00,59.086346,59.38103913028957,4.236267345322682
2012-06-20 04:25:00,58.77153,59.29300884320825,4.271931004940532
2012-06-20 04:30:00,58.604862,59.67902611244265,4.178733568729008
2012-06-20 04:35:00,58.67662,59.62775514773788,4.184589682944043
2012-06-20 04:40:00,59.199768,59.16043680911662,4.359011984648704
2012-06-20 04:45:00,59.923313,58.91717491821004,4.619826004290352
2012-06-20 04:50:00,60.69415,59.213734023043365,4.318230129151431
2012-06-20 04:55:00,60.855026,59.70752136211769,4.175918994157424
2012-06-20 05:00:00,60.55688,62.52800295188111,2.9828922397378186
2012-06-20 05:05:00,60.379795,61.48687447059996,2.970561850424763
2012-06-20 05:10:00,60.959656,61.055602226815495,3.11083344464749
2012-06-20 05:15:00,61.22933,60.85373367777302,3.2296075451388506
2012-06-20 05:20:00,60.927246,62.099423378875166,2.94829854983915
2012-06-20 05:25:00,61.96429,60.40044155436967,3.57544917813262
2012-06-20 05:30:00,62.505955,61.16779298473691,3.0595559231739813
2012-06-20 05:35:00,62.93304,61.48687447059996,2.970561850424763
2012-06-20 05:40:00,63.164516,61.62283567731583,2.9530842641397683
2012-06-20 05:45:00,63.45023,61.595206672102215,2.95586200509871
2012-06-20 05:50:00,63.51422,62.137474751843406,2.950388438287156
2012-06-20 05:55:00,63.853344,61.70382611607494,2.946930009793077
2012-06-20 06:00:00,64.05357,64.53344515830844,2.001711108326324
2012-06-20 06:05:00,64.6126,63.15078458783851,2.305620484429152
2012-06-20 06:10:00,64.76075,64.55472276293783,1.9998990369937355
2012-06-20 06:15:00,65.36492,63.298089162094016,2.2576287199832845
2012-06-20 06:20:00,65.84408,63.93661950015294,2.091224515729198
2012-06-20 06:25:00,65.834816,64.79334501307729,1.9874812142078977
2012-06-20 06:30:00,66.04316,64.63251904658556,1.9942142591564813
2012-06-20 06:35:00,66.05357,64.8280888262784,1.9869822470734368
2012-06-20 06:40:00,66.30936,64.5966005185429,1.996652279389228
2012-06-20 06:45:00,66.43899,64.67773869227916,1.991614767367705
2012-06-20 06:50:00,66.614586,64.87186939474184,1.986867221768388
2012-06-20 06:55:00,66.62384,64.92003912650581,1.9874214615732917
2012-06-20 07:00:00,66.70718,66.77932902919544,1.6464235005622168
2012-06-20 07:05:00,66.76273,66.32422881376542,1.6984485826783116
2012-06-20 07:10:00,66.763885,66.60516253047766,1.6645794231428785
2012-06-20 07:15:00,67.00115,66.69576784755667,1.6548489038937193
2012-06-20 07:20:00,67.01157,66.97841118979848,1.628619507351812
2012-06-20 07:25:00,67.13194,66.40655527574461,1.6879618321274477
2012-06-20 07:30:00,67.09028,66.97841118979848,1.628619507351812
2012-06-20 07:35:00,67.173615,66.5662830279749,1.6689383763539576
2012-06-20 07:40:00,67.30672,67.09108955732931,1.6200903008771481
2012-06-20 07:45:00,67.416664,66.75634194737968,1.648687506822708
2012-06-20 07:50:00,67.395836,67.26772519867991,1.609285999488972
2012-06-20 07:55:00,67.40162,66.75634194737968,1.648687506822708
2012-06-20 08:00:00,67.44213,67.0406962502397,1.7963997800685705
2012-06-20 08:05:00,67.65046,66.31962192717339,1.893838911621201
2012-06-20 08:10:00,67.796295,66.3765728337276,1.885214891600339
2012-06-20 08:15:00,67.66667,67.69251477763213,1.7295143898040461
2012-06-20 08:20:00,67.69495,66.93295222204576,1.8093819003272023
2012-06-20 08:25:00,67.7968,66.76890839520179,1.8301930175623162
2012-06-20 08:30:00,67.817635,66.65807250935629,1.8449765136099538
2012-06-20 08:35:00,67.86971,66.76890839520179,1.8301930175623162
2012-06-20 08:40:00,67.78869,67.69251477763213,1.7295143898040461
2012-06-20 08:45:00,67.8616,67.14703822766228,1.7841176097075477
2012-06-20 08:50:00,67.815315,67.19965433869297,1.7782357876186865
2012-06-20 08:55:00,67.89864,66.6022504647654,1.8526462270923751
2012-06-20 09:00:00,67.79679,66.55269001564932,2.035050400842022
2012-06-20 09:05:00,67.77596,66.71906840818933,2.0145775876556926
2012-06-20 09:10:00,67.73429,66.45112726993021,2.048266487970814
2012-06-20 09:15:00,67.79333,66.36123601760279,2.0604342115652066
2012-06-20 09:20:00,67.72338,66.38180388910156,2.057610921831549
2012-06-20 09:25:00,67.55671,66.60034885348682,2.0290382889344554
2012-06-20 09:30:00,67.6088,66.07237656190647,2.102670445892105
2012-06-20 09:35:00,67.547455,66.34323190201971,2.0629255463383642
2012-06-20 09:40:00,67.52662,66.61224971510994,2.027555465299256
2012-06-20 09:45:00,67.4456,66.82531862051815,2.0022454775617002
2012-06-20 09:50:00,67.3044,66.26511998857889,2.073946673541763
2012-06-20 09:55:00,67.15046,66.34323190201971,2.0629255463383642
2012-06-20 10:00:00,67.09722,65.38925450743558,2.2975212135881695
2012-06-20 10:05:00,66.85764,65.94141649902622,2.2112270312948112
2012-06-20 10:10:00,66.74306,65.5856286038733,2.2639571959826887
2012-06-20 10:15:00,66.40972,65.99241115971604,2.204459363047029
2012-06-20 10:20:00,66.40972,65.38366096065664,2.298527314149383
2012-06-20 10:25:00,66.18287,65.12183616022632,2.3488852562238773
2012-06-20 10:30:00,65.93287,65.68701891547506,2.2479098085882905
2012-06-20 10:35:00,65.67361,65.38925450743558,2.2975212135881695
2012-06-20 10:40:00,65.48611,65.83952443143814,2.2253236835651653
2012-06-20 10:45:00,65.18171,65.74909700750568,2.2384954309161933
2012-06-20 10:50:00,64.99421,64.93379175609765,2.389239571829894
2012-06-20 10:55:00,64.78356,64.9448232524896,2.3867703921113006
2012-06-20 11:00:00,64.57523,64.69345347200304,2.3638612794731624
2012-06-20 11:05:00,64.38657,64.3686770458675,2.442018660099929
2012-06-20 11:10:00,64.07407,64.60039304555647,2.384821874717862
2012-06-20 11:15:00,63.91782,63.998347780412246,2.5489885148840448
2012-06-20 11:20:00,63.646988,64.92748073267387,2.315981662474569
2012-06-20 11:25:00,63.62616,63.670680909583524,2.660118001559756
2012-06-20 11:30:00,63.722225,64.0911172762059,2.520349795098379
2012-06-20 11:35:00,63.73032,63.775364855236,2.622924241333893
2012-06-20 11:40:00,63.42708,64.50757711834613,2.406861918811215
2012-06-20 11:45:00,63.541668,63.90528977195958,2.5789673669960043
2012-06-20 11:50:00,63.479168,63.670680909583524,2.660118001559756
2012-06-20 11:55:00,63.523148,63.57576384951182,2.6952035232857234
2012-06-20 12:00:00,63.48148,63.54713591427566,2.648375184765099
2012-06-20 12:05:00,63.618057,63.30876585496654,2.7436109750024276
2012-06-20 12:10:00,63.745373,62.975998315005604,2.890349857359199
2012-06-20 12:15:00,63.787033,63.07418821141362,2.8454282331226994
2012-06-20 12:20:00,63.839115,63.50095895067697,2.666159262903022
2012-06-20 12:25:00,63.766205,63.36111865684523,2.721970893802384
2012-06-20 12:30:00,63.555553,64.28045619713173,2.4103653249587507
2012-06-20 12:35:00,63.565968,63.593120372924176,2.630989274567956
2012-06-20 12:40:00,63.775463,62.92083883412133,2.9161684990411447
2012-06-20 12:45:00,63.723377,64.18061037542687,2.43783922439324
2012-06-20 12:50:00,63.827545,63.17103675166405,2.802441775393058
2012-06-20 12:55:00,64.0544,63.557371089620396,2.644477823623215
2012-06-20 13:00:00,63.991898,63.19502222761259,2.9046599309686987
2012-06-20 13:05:00,64.04977,63.73809644871984,2.6712081380124566
2012-06-20 13:10:00,64.33912,63.38859917238572,2.81544957385688
2012-06-20 13:15:00,64.21412,63.101838171956295,2.9498664779591404
2012-06-20 13:20:00,64.15162,63.559123274809515,2.7423104354720045
2012-06-20 13:25:00,64.240746,62.86356134262988,3.0718672800565003
2012-06-20 13:30:00,64.38657,63.19502222761259,2.9046599309686987
2012-06-20 13:35:00,64.43287,63.46909281723802,2.7802777609006477
2012-06-20 13:40:00,64.30787,63.69344317730361,2.6883990955968904
2012-06-20 13:45:00,64.172455,63.78271773734556,2.6543957522341657
2012-06-20 13:50:00,64.016205,63.46909281723802,2.7802777609006477
2012-06-20 13:55:00,63.983795,64.36667898185054,2.467513616953895
2012-06-20 14:00:00,64.28588,62.90623941713099,3.2541123705753843
2012-06-20 14:05:00,64.165504,63.92997769738841,2.718679084372827
2012-06-20 14:10:00,63.88426,64.58772030984287,2.5113657165007655
2012-06-20 14:15:00,64.2037,62.53563498248616,3.511569695478695
2012-06-20 14:20:00,64.31828,63.25790669094118,3.039665757512335
2012-06-20 14:25:00,64.34375,63.2386790407746,3.0505921972612433
2012-06-20 14:30:00,64.333336,63.77471220456269,2.7823474450069625
2012-06-20 14:35:00,64.25,63.62108620802619,2.851472476163968
2012-06-20 14:40:00,64.447914,63.127565879266314,3.115575946578543
2012-06-20 14:45:00,64.51968,63.17117103191439,3.0897011421670495
2012-06-20 14:50:00,64.70718,62.770019312618565,3.3451473636874955
2012-06-20 14:55:00,64.71875,64.16726072009499,2.6328325424721872
2012-06-20 15:00:00,64.865746,64.61045381381952,3.1412876921619364
2012-06-20 15:05:00,65.01157,63.962297657130854,3.4465413987031717
2012-06-20 15:10:00,65.06366,63.92711129170825,3.4690785556411825
2012-06-20 15:15:00,65.09144,64.3560859730768,3.239128729903589
2012-06-20 15:20:00,65.20602,64.21622150672319,3.3040442858591006
2012-06-20 15:25:00,65.40741,63.89211225405868,3.492205984943546
2012-06-20 15:30:00,65.52894,64.21622150672319,3.3040442858591006
2012-06-20 15:35:00,65.701385,63.837946461119664,3.5294020296544453
2012-06-20 15:40:00,65.5243,64.40827243774301,3.2170593583627145
2012-06-20 15:45:00,65.663185,63.993757107730254,3.426991665815004
2012-06-20 15:50:00,65.84028,64.06928457138115,3.3823158907377215
2012-06-20 15:55:00,66.01736,64.65211239236989,3.127424161205592
2012-06-20 16:00:00,65.99884,64.4579255939321,9.103309224254916
2012-06-20 16:05:00,66.12385,63.1022553760362,11.335339933374152
2012-06-20 16:10:00,66.17593,62.2933416946924,12.744191142020531
2012-06-20 16:15:00,66.38079,63.04895203182736,11.428623705318893
2012-06-20 16:20:00,66.36921,63.42117032905918,10.782435068785562
2012-06-20 16:25:00,66.38657,63.368103165742546,10.873644943677556
2012-06-20 16:30:00,66.29927,63.47420288391095,10.691677699942728
2012-06-20 16:35:00,64.89302,63.02228306476196,11.475350799616285
2012-06-20 16:40:00,64.465935,61.525301078579844,13.96409113948738
2012-06-20 16:45:00,61.54398,63.12001137280934,11.304309446760582
2012-06-20 16:50:00,57.650463,63.58018295588412,10.511574625666787
2012-06-20 16:55:00,53.640045,64.76127019044677,8.656042597022923
2012-06-20 17:00:00,49.843746,62.66319699254831,23.116290628020696
2012-06-20 17:05:00,45.66551,62.29246376264236,24.93626627883754
2012-06-20 17:10:00,42.07176,60.4823278413269,33.60503627603747
2012-06-20 17:15:00,37.9542,63.07759713778713,21.14722500372029
2012-06-20 17:20:00,33.778275,61.31091393537221,29.827072765551346
2012-06-20 17:25:00,29.872025,61.53466259693968,28.724915660930716
2012-06-20 17:30:00,26.035715,60.617488148754006,33.0350322189582
2012-06-20 17:35:00,23.30655,35.161560293843316,25.114680050600157
2012-06-20 17:40:00,19.775297,51.33668541080556,37.591913688347525
2012-06-20 17:45:00,18.299109,30.741803881727474,16.603214115349374
2012-06-20 17:50:00,18.27133,30.870238698582657,16.264905794280132
2012-06-20 17:55:00,17.889385,30.858780671033077,16.26216761644842
2012-06-20 18:00:00,17.317625,30.33932413861775,18.53887312157993
2012-06-20 18:05:00,17.419477,30.450400904125775,18.19706342666477
2012-06-20 18:10:00,17.06531,30.34116834108404,18.52855555643067
2012-06-20 18:15:00,16.82986,30.409498771974736,18.28252310437527
2012-06-20 18:20:00,16.725695,30.48083594119787,18.148420569149017
2012-06-20 18:25:00,16.445932,30.391030401562304,18.33191153473494
2012-06-20 18:30:00,16.154264,30.396778284590127,18.31562066425511
2012-06-20 18:35:00,16.091766,30.48083594119787,18.148420569149017
2012-06-20 18:40:00,16.26885,30.484353454782227,18.14343077912986
2012-06-20 18:45:00,16.824406,30.569164932114933,18.05203689935215
2012-06-20 18:50:00,16.454035,30.392294997539192,18.328240871647186
2012-06-20 18:55:00,16.454035,30.490249918343377,18.135320797910975
2012-06-20 19:00:00,16.797785,30.692593819212515,20.363655447589323
2012-06-20 19:05:00,16.72834,30.64771395358238,20.66088878702926
2012-06-20 19:10:00,16.676256,30.654489558190516,20.597913901112747
2012-06-20 19:15:00,17.039682,30.681601707935943,20.418460599652352
2012-06-20 19:20:00,18.654264,30.701711584687757,20.32294942512783
2012-06-20 19:25:00,20.410881,30.67745830478871,20.441160904424372
2012-06-20 19:30:00,24.556715,30.683927017017325,20.40626536581444
2012-06-20 19:35:00,28.776619,30.692593819212515,20.363655447589323
2012-06-20 19:40:00,32.85995,30.651476411432526,20.624480147940236
2012-06-20 19:45:00,36.804398,30.635857179553597,20.818477133856646
2012-06-20 19:50:00,40.92477,30.697096331540127,20.34306315880242
2012-06-20 19:55:00,45.244213,30.68533568389473,20.399029600648838
2012-06-20 20:00:00,49.26852,31.47198701034071,22.654445544690304
2012-06-20 20:05:00,53.310184,31.44338098539285,22.447231121722123
2012-06-20 20:10:00,57.429398,31.43932350261791,22.40858570476406
2012-06-20 20:15:00,61.460648,31.49063813955611,22.759680852289907
2012-06-20 20:20:00,64.36689,32.66834203694455,25.31657215746743
2012-06-20 20:25:00,66.93171,33.387182133644615,26.04691086841228
2012-06-20 20:30:00,67.10433,66.41775925075689,2.5391519228410053
2012-06-20 20:35:00,67.26174,66.50685811313143,2.4743540326992215
2012-06-20 20:40:00,67.20618,66.73878766766843,2.328397690307878
2012-06-20 20:45:00,67.27909,66.73878766766843,2.328397690307878
2012-06-20 20:50:00,67.584656,66.14625327743765,2.761619288697626
2012-06-20 20:55:00,67.54299,66.83547291915885,2.2780837171531876
2012-06-20 21:00:00,67.549934,66.24947892058327,2.1661220103796532
2012-06-20 21:05:00,67.747856,65.89113875127713,2.2351809398137683
2012-06-20 21:10:00,67.75364,66.0114758103918,2.2080607647020645
2012-06-20 21:15:00,67.70156,66.45253878499676,2.1403056976856996
2012-06-20 21:20:00,67.524475,66.53153411176825,2.1322438538300976
2012-06-20 21:25:00,67.44114,66.32031320641188,2.156202331319129
2012-06-20 21:30:00,67.42477,66.22919788546551,2.1691600491239553
2012-06-20 21:35:00,67.25579,66.27311642792459,2.1626945559424406
2012-06-20 21:40:00,67.19229,65.96346305538538,2.218357576639846
2012-06-20 21:45:00,67.202705,66.29377707325078,2.15979578177949
2012-06-20 21:50:00,67.12054,66.34387473237423,2.1531299511276782
2012-06-20 21:55:00,67.13905,66.10706180921845,2.189489740806144
2012-06-20 22:00:00,67.13905,65.53003919106392,2.365673410143024
2012-06-20 22:05:00,66.86822,65.66865836088893,2.354171665857053
2012-06-20 22:10:00,66.90873,65.28023695300506,2.391594037764126
2012-06-20 22:15:00,66.929565,65.58550844589409,2.360856870128724
2012-06-20 22:20:00,66.804565,65.3357613321625,2.3851676478459725
2012-06-20 22:25:00,66.73975,65.36352248333893,2.382107075771987
2012-06-20 22:30:00,66.73231,65.44679442543709,2.373495902270879
2012-06-20 22:35:00,66.90939,65.08595244832898,2.417660412563728
2012-06-20 22:40:00,67.04928,65.04632314520155,2.4237412221999093
2012-06-20 22:45:00,66.78886,65.58550844589409,2.360856870128724
2012-06-20 22:50:00,66.70437,65.39128170605395,2.379143475637529
2012-06-20 22:55:00,66.41501,65.4128711577252,2.376904131431416
2012-06-20 23:00:00,66.404594,64.6630050988787,2.739827289242616
2012-06-20 23:05:00,66.338615,64.07867827001336,2.795042550872754
2012-06-20 23:10:00,66.07936,64.51956861765484,2.751052121306594
2012-06-20 23:15:00,65.91964,64.77564547572005,2.7317184502662513
2012-06-20 23:20:00,65.79464,64.133665884193,2.788543606303197
2012-06-20 23:25:00,65.69279,64.32117631219573,2.768751955350195
2012-06-20 23:30:00,65.37731,64.55870608895496,2.7478756932057276
2012-06-20 23:35:00,65.12732,64.69113638113409,2.73775018797709
2012-06-20 23:40:00,64.55093,64.5506965212375,2.748518212039564
2012-06-20 23:45:00,64.72801,64.02386215538901,2.8018792135355195
2012-06-20 23:50:00,64.515045,64.29649148713945,2.771168584495776
2012-06-20 23:55:00,64.640045,63.779553050607724,2.8374404718532986
2012-06-21 00:00:00,64.41088,63.5139853142903,3.3449438665073754
2012-06-21 00:05:00,64.73727,62.77818652463791,3.395843201867019
2012-06-21 00:10:00,64.65394,62.70562829074532,3.4022830613462993
2012-06-21 00:15:00,64.46991,63.22168534253939,3.3630881812338713
2012-06-21 00:20:00,64.58449,62.67853624150132,3.404794274106143
2012-06-21 00:25:00,64.5324,62.92456944268981,3.3839486151605818
2012-06-21 00:30:00,64.52778,62.597665897675604,3.4126681523130133
2012-06-21 00:35:00,64.517365,62.89700130824755,3.3860891331373644
2012-06-21 00:40:00,64.75,61.94599736285818,3.507540798435358
2012-06-21 00:45:00,64.302086,63.37206969189407,3.353584960828742
2012-06-21 00:50:00,64.141205,62.60960849565361,3.411467180727841
2012-06-21 00:55:00,63.880787,62.97986273283485,3.3797796524826995
2012-06-21 01:00:00,63.412037,62.539157547155945,3.859579497618786
2012-06-21 01:05:00,62.797455,63.34303611963779,3.703448058872317
2012-06-21 01:10:00,62.672455,62.147228598058284,3.9706615441441815
2012-06-21 01:15:00,62.443287,62.377041243436274,3.9010171783335204
2012-06-21 01:20:00,61.776623,62.622719566933704,3.840097765246268
2012-06-21 01:25:00,61.569447,62.430318468118934,3.8868080374265674
2012-06-21 01:30:00,61.386578,62.23602949089585,3.9419521833341875
2012-06-21 01:35:00,61.37616,62.51166775274927,3.8662455062824184
2012-06-21 01:40:00,61.08449,62.171934528641096,3.962418083728131
2012-06-21 01:45:00,60.87616,61.88980424891769,4.0711948771706625
2012-06-21 01:50:00,61.042828,61.88980424891769,4.0711948771706625
2012-06-21 01:55:00,61.03241,61.980325486934156,4.032414853607239
2012-06-21 02:00:00,61.39699,60.53401178603939,4.6863588718118825
2012-06-21 02:05:00,61.449078,60.77683291225984,4.556713218549778
2012-06-21 02:10:00,61.71991,60.88436549949615,4.513275426682131
2012-06-21 02:15:00,61.86574,60.86221533654858,4.521721672231016
2012-06-21 02:20:00,62.465282,60.29112597477346,4.89170636613795
2012-06-21 02:25:00,62.214123,60.95532303996794,4.4877040582539705
2012-06-21 02:30:00,62.42477,60.84038549845585,4.530286800007741
2012-06-21 02:35:00,62.48727,61.53703608417871,4.330596462018025
2012-06-21 02:40:00,62.64352,60.5855603824306,4.653978165535491
2012-06-21 02:45:00,62.27199,60.51737121875423,4.69752549401037
2012-06-21 02:50:00,61.84491,61.30854749999731,4.384317759439827
2012-06-21 02:55:00,61.604168,60.97616261684297,4.480584979837076
2012-06-21 03:00:00,61.239582,60.55342427181352,4.578576838094132
2012-06-21 03:05:00,60.818287,60.09651597548255,4.702211773874601
2012-06-21 03:10:00,60.703705,60.8353530634798,4.520070909276955
2012-06-21 03:15:00,60.221066,60.43648721622981,4.605819974871239
2012-06-21 03:20:00,59.48611,60.75634432277587,4.535648041360198
2012-06-21 03:25:00,59.67245,59.68779929153524,4.899327764245268
2012-06-21 03:30:00,59.628468,60.59022340950069,4.570425261446391
2012-06-21 03:35:00,58.920135,61.002178936943615,4.488740324401697
2012-06-21 03:40:00,58.449894,60.09651597548255,4.702211773874601
2012-06-21 03:45:00,58.77397,59.20660895156181,5.44490171634989
2012-06-21 03:50:00,58.87814,59.64268580022428,4.933738903021428
2012-06-21 03:55:00,58.1293,59.717690176138966,4.87863394938308
2012-06-21 04:00:00,58.28902,59.57658050226264,4.566442662310851
2012-06-21 04:05:00,58.220737,59.2137832581462,5.015139495850598
2012-06-21 04:10:00,57.668655,60.434173236859124,4.185907118763151
2012-06-21 04:15:00,58.13046,59.32090495701369,4.849339374711316
2012-06-21 04:20:00,58.47421,59.10690582116586,5.192216161487882
2012-06-21 04:25:00,58.41865,59.90734844285462,4.364425680151105
2012-06-21 04:30:00,58.1293,60.40190768197948,4.194237953314709
2012-06-21 04:35:00,58.40013,59.265965317019855,4.931663107175923
2012-06-21 04:40:00,59.162037,59.13870939828402,5.13948837770811
2012-06-21 04:45:00,59.64352,59.47623028406275,4.658699009361648
2012-06-21 04:50:00,59.726852,59.65615641458856,4.506172220985948
2012-06-21 04:55:00,60.79977,57.30595396731183,7.179957391629091
2012-06-21 05:00:00,61.056713,61.039659916461346,3.1531038646611926
2012-06-21 05:05:00,61.285877,60.117073333158146,4.195265348540018
2012-06-21 05:10:00,61.796295,60.3164068149296,3.879557259930717
2012-06-21 05:15:00,62.056713,61.3936908599732,3.0214157334327596
2012-06-21 05:20:00,62.046295,60.78493052907431,3.315186950633336
2012-06-21 05:25:00,62.388885,60.90538584922975,3.2289516160811593
2012-06-21 05:30:00,62.95949,60.78959517308513,3.311467912833209
2012-06-21 05:35:00,63.384262,60.848962825605184,3.2669081717946287
2012-06-21 05:40:00,63.290512,61.89253619726279,2.9315536157067275
2012-06-21 05:45:00,63.38773,61.73043937100322,2.952333514118721
2012-06-21 05:50:00,64.08565,60.961045938294966,3.1952301989400564
2012-06-21 05:55:00,64.31713,61.42144222420805,3.0140807415112256
2012-06-21 06:00:00,64.358795,64.30615167688498,1.994642889370142
2012-06-21 06:05:00,65.06713,62.92258847151624,2.715414332740073
2012-06-21 06:10:00,65.28125,64.01329735778036,2.072259670347795
2012-06-21 06:15:00,65.3125,64.66650926157648,1.9460929021048738
2012-06-21 06:20:00,65.885414,63.261636435410615,2.45914936068293
2012-06-21 06:25:00,66.04282,64.37000342678061,1.9825141355302456
2012-06-21 06:30:00,66.03241,64.79231941280452,1.9396425250938318
2012-06-21 06:35:00,66.24306,64.50790844284812,1.9616583892481563
2012-06-21 06:40:00,66.53472,64.22720617858904,2.011920145601999
2012-06-21 06:45:00,66.65046,64.56482481510905,1.9550755121049643
2012-06-21 06:50:00,66.46147,65.2841815317825,1.9573287634845984
2012-06-21 06:55:00,66.53555,64.62143527405546,1.949644912896721
2012-06-21 07:00:00,66.84805,66.35069205108577,1.6772870714248969
2012-06-21 07:05:00,66.92328,66.998453036366,1.5507214751140266
2012-06-21 07:10:00,67.11541,66.57664818161766,1.6243921642137777
2012-06-21 07:15:00,67.31333,66.85763755669262,1.5716013568321887
2012-06-21 07:20:00,67.37583,66.89349898744368,1.5659231505979958
2012-06-21 07:25:00,67.51587,66.87761522999864,1.56840802502548
2012-06-21 07:30:00,67.53373,66.89349898744368,1.5659231505979958
2012-06-21 07:35:00,67.55456,67.22840229839949,1.52507718859366
2012-06-21 07:40:00,67.56035,67.13236290346457,1.5344731791280724
2012-06-21 07:45:00,67.63211,67.00226415078056,1.550209572453901
2012-06-21 07:50:00,67.66253,66.99354311431722,1.5513850364285446
2012-06-21 07:55:00,67.77364,66.94062963453943,1.5588332364511208
2012-06-21 08:00:00,67.73198,67.64943395880299,1.6993254911603828
2012-06-21 08:05:00,67.75976,67.37260492766691,1.7535376784302654
2012-06-21 08:10:00,67.73297,67.36168271569875,1.7558661843072583
2012-06-21 08:15:00,67.64269,67.74191949607344,1.683249569954499
2012-06-21 08:20:00,67.621864,67.16179662404313,1.8010775376168686
2012-06-21 08:25:00,67.67394,67.50744285939463,1.7259838887739114
2012-06-21 08:30:00,67.80886,66.9411233799938,1.8568601896751915
2012-06-21 08:35:00,67.8297,67.4592656808028,1.7355769828972043
2012-06-21 08:40:00,67.78224,67.2402550671623,1.782739345765749
2012-06-21 08:45:00,67.75099,67.36168271569875,1.7558661843072583
2012-06-21 08:50:00,67.8158,67.15051384913139,1.8037780140283062
2012-06-21 08:55:00,67.77414,67.4592656808028,1.7355769828972043
2012-06-21 09:00:00,67.71164,66.65268450689341,2.3926111824754046
2012-06-21 09:05:00,67.665344,66.70065987941742,2.377259524615024
2012-06-21 09:10:00,67.67593,66.40401976437118,2.477608897258747
2012-06-21 09:15:00,67.641205,66.50800133471499,2.4409408949464164
2012-06-21 09:20:00,67.65972,66.21568622454214,2.5483037108255453
2012-06-21 09:25:00,67.48264,66.97365278547807,2.2960258401195843
2012-06-21 09:30:00,67.31944,66.79618915181042,2.3476647849271393
2012-06-21 09:35:00,67.196754,66.76043239201015,2.3585919960606057
2012-06-21 09:40:00,67.19676,66.16050247100434,2.570092365141751
2012-06-21 09:45:00,67.134254,66.38055703496953,2.486112091756057
2012-06-21 09:50:00,66.83218,66.65268450689341,2.3926111824754046
2012-06-21 09:55:00,66.65162,66.43526641667282,2.466416619106547
2012-06-21 10:00:00,66.54745,65.51173702435509,3.1221620427688332
2012-06-21 10:05:00,66.50115,65.64060319352137,3.0673408028874753
2012-06-21 10:10:00,66.52628,65.64060319352137,3.0673408028874753
2012-06-21 10:15:00,66.27629,65.51173702435509,3.1221620427688332
2012-06-21 10:20:00,66.155914,65.50003132302513,3.127287403624054
2012-06-21 10:25:00,66.094574,65.24860974109863,3.243321813183227
2012-06-21 10:30:00,66.16749,65.14341368510557,3.2952895309899812
2012-06-21 10:35:00,66.04713,65.31289446766321,3.212561682022907
2012-06-21 10:40:00,65.81945,65.35381030672448,3.193376992042482
2012-06-21 10:45:00,65.859955,65.24860974109863,3.243321813183227
2012-06-21 10:50:00,65.797455,64.29039177116444,3.7898892937641993
2012-06-21 10:55:00,65.52894,64.70329306057842,3.5346146904735836
2012-06-21 11:00:00,65.18518,64.51045834351041,3.5244231873622844
2012-06-21 11:05:00,65.12962,64.89244220606867,3.3467929791330646
2012-06-21 11:10:00,64.928566,65.22057023877134,3.215940183209325
2012-06-21 11:15:00,64.91816,63.81468297886588,3.9106716197806493
2012-06-21 11:20:00,64.53042,64.42482329448751,3.56784424611875
2012-06-21 11:25:00,64.38343,64.46769761960421,3.545946388967477
2012-06-21 11:30:00,64.10218,64.98782844596342,3.306671428817417
2012-06-21 11:35:00,63.970234,64.25181551179888,3.659325781884018
2012-06-21 11:40:00,63.85648,63.76987066872184,3.937910810629058
2012-06-21 11:45:00,63.461807,64.93481744537632,3.3287571774458296
2012-06-21 11:50:00,63.534725,63.54837416450303,4.076176612154916
2012-06-21 11:55:00,63.629627,62.849238507797956,4.549882074253465
2012-06-21 12:00:00,63.640045,62.45485164193797,4.707354001349869
2012-06-21 12:05:00,63.397984,64.33572178418711,3.5838223794975925
2012-06-21 12:10:00,63.286877,64.00900489569302,3.747308257957048
2012-06-21 12:15:00,63.14104,63.48890573318648,4.038091339060495
2012-06-21 12:20:00,63.27646,62.07263930862454,4.988152518084012
2012-06-21 12:25:00,63.349377,63.48890573318648,4.038091339060495
2012-06-21 12:30:00,63.56812,63.383707585554525,4.100767031608748
2012-06-21 12:35:00,63.547287,63.330202928518965,4.13310626113083
2012-06-21 12:40:00,63.686176,62.89285400738314,4.409058168687229
2012-06-21 12:45:00,63.932705,62.700918706166824,4.536910738544326
2012-06-21 12:50:00,63.932705,63.64236958320544,3.948871947848756
2012-06-21 12:55:00,64.00562,63.10998250945665,4.269456477450147
2012-06-21 13:00:00,64.107475,62.266783265550714,4.771234255388353
2012-06-21 13:05:00,64.09954,62.94233765923278,4.317761794884513
2012-06-21 13:10:00,63.965275,63.23671474708352,4.14283217432412
2012-06-21 13:15:00,64.13194,62.451198780032335,4.639952673490608
2012-06-21 13:20:00,64.31018,62.630844382471004,4.517571504634575
2012-06-21 13:25:00,64.33102,63.592544170910855,3.949262416778275
2012-06-21 13:30:00,64.06712,64.14128079228601,3.6922807394608648
2012-06-21 13:35:00,64.10879,62.974046942005884,4.298277674186728
2012-06-21 13:40:00,63.976517,63.37360387193965,4.06601864943757
2012-06-21 13:45:00,63.896656,63.719024440222164,3.8853551494459437
2012-06-21 13:50:00,63.990406,63.396001237678,4.05372733371924
2012-06-21 13:55:00,63.969574,63.24250600565841,4.139523542777471
2012-06-21 14:00:00,64.10847,62.50959390019947,5.358241882941734
2012-06-21 14:05:00,64.17328,62.55147249765209,5.324800048199941
2012-06-21 14:10:00,64.287865,62.22011529713799,5.600074057073068
2012-06-21 14:15:00,64.29828,62.92089229329633,5.055925059927478
2012-06-21 14:20:00,64.12003,63.09318813995807,4.949825326924755
2012-06-21 14:25:00,63.984623,63.21250555477882,4.884166319432861
2012-06-21 14:30:00,64.04944,62.55147249765209,5.324800048199941
2012-06-21 14:35:00,64.17444,62.79187656082314,5.143859072282221
2012-06-21 14:40:00,64.37384,62.36736263688443,5.475103587605013
2012-06-21 14:45:00,64.42593,62.92089229329633,5.055925059927478
2012-06-21 14:50:00,64.39468,63.33594849368453,4.822827273146071
2012-06-21 14:55:00,64.65509,62.748018108479414,5.175306759267108
2012-06-21 15:00:00,64.74769,61.23032138641042,11.464343616672203
2012-06-21 15:05:00,64.67593,60.783767062354706,11.57461010203936
2012-06-21 15:10:00,64.70486,60.635590562093824,11.610548997601223
2012-06-21 15:15:00,64.63194,61.014065739341476,11.518436009403665
2012-06-21 15:20:00,64.84028,59.811510672267126,11.814523605425924
2012-06-21 15:25:00,64.927086,60.470648439389215,11.650665237230877
2012-06-21 15:30:00,65.00116,60.783767062354706,11.57461010203936
2012-06-21 15:35:00,65.04282,61.5490965927367,11.379223911871312
2012-06-21 15:40:00,64.8831,61.4212800665648,11.414385340804648
2012-06-21 15:45:00,64.84144,61.28997701199114,11.449009589399267
2012-06-21 15:50:00,64.60764,61.4212800665648,11.414385340804648
2012-06-21 15:55:00,64.26505,62.27390224012739,11.136389620193263
2012-06-21 16:00:00,64.19213,57.81680020145084,34.14434753492773
2012-06-21 16:05:00,64.41088,55.44203692918552,31.67226521491742
2012-06-21 16:10:00,64.26273,56.311759252052326,32.750587486093075
2012-06-21 16:15:00,64.07523,55.787705163831255,32.097027231706015
2012-06-21 16:20:00,60.961807,57.182155156815746,33.70082129208007
2012-06-21 16:25:00,57.145832,56.69016995749781,33.19795296922303
2012-06-21 16:30:00,53.34375,56.97146179690825,33.49934110456676
2012-06-21 16:35:00,49.572918,57.81680020145084,34.14434753492773
2012-06-21 16:40:00,46.045135,55.520313963424684,31.767002809404847
2012-06-21 16:45:00,42.576385,56.54893263431146,33.035476833149964
2012-06-21 16:50:00,38.75231,54.62776686101998,30.76536909881735
2012-06-21 16:55:00,34.896988,55.091137594662854,31.262316511156484
2012-06-21 17:00:00,31.146988,55.71889122316588,51.48639532267254
2012-06-21 17:05:00,26.87963,56.33903214647219,52.2395164611762
2012-06-21 17:10:00,23.32176,53.430797396947064,45.17967883556554
2012-06-21 17:15:00,20.280092,52.22975674318899,42.315841865990464
2012-06-21 17:20:00,19.261576,30.488379370127557,16.31191634273394
2012-06-21 17:25:00,19.219908,30.510028693107984,16.02934393820283
2012-06-21 17:30:00,19.115742,30.501556279821404,16.030673033796216
2012-06-21 17:35:00,18.928242,30.48130707915097,16.040676348744007
2012-06-21 17:40:00,18.631945,30.478152234983412,16.04358814743853
2012-06-21 17:45:00,18.194445,30.46063990672467,16.077741910790063
2012-06-21 17:50:00,18.158566,30.555668075841357,16.036799844653824
2012-06-21 17:55:00,18.387732,30.55416636811881,16.03628408507091
2012-06-21 18:00:00,18.090277,30.08515007857658,18.232451939344518
2012-06-21 18:05:00,18.07639,30.16493521412954,17.879608715735763
2012-06-21 18:10:00,17.550926,30.087796520983165,18.200008038871648
2012-06-21 18:15:00,16.57176,30.107484865742673,18.789885691678876
2012-06-21 18:20:00,16.797453,30.144766712151327,17.927515435034113
2012-06-21 18:25:00,16.368055,30.10164512861518,18.092682991167223
2012-06-21 18:30:00,16.536211,30.10480780530287,18.07500790076675
2012-06-21 18:35:00,16.192461,30.100139623307115,18.10172005795024
2012-06-21 18:40:00,15.877646,30.114328352191915,18.029537985287035
2012-06-21 18:45:00,15.718419,30.111676213407055,18.041234964037766
2012-06-21 18:50:00,15.905919,30.136218109805323,17.951659949710486
2012-06-21 18:55:00,16.180225,30.090945194074262,18.168971559193434
2012-06-21 19:00:00,16.346891,30.237791180210042,20.543962849767215
2012-06-21 19:05:00,16.721891,30.25355994201867,20.29520812226945
2012-06-21 19:10:00,17.111938,30.266160805459524,20.18328520723859
2012-06-21 19:15:00,17.870039,30.270497885468092,20.151320158564403
2012-06-21 19:20:00,17.734625,30.23552615779874,20.80340297417384
2012-06-21 19:25:00,19.684855,30.269152116100788,20.160963830296357
2012-06-21 19:30:00,20.787535,30.24635259940717,21.097136363862436
2012-06-21 19:35:00,25.047949,30.2549085595751,20.281432914844995
2012-06-21 19:40:00,29.42758,30.263280099496413,20.206040636337875
2012-06-21 19:45:00,33.655094,30.242717360671804,20.436902861664365
2012-06-21 19:50:00,37.81134,30.23552615779874,20.80340297417384
2012-06-21 19:55:00,41.505787,30.28978060062465,21.60153778385981
2012-06-21 20:00:00,45.71991,30.802796902702738,23.483409628294762
2012-06-21 20:05:00,49.840282,30.81318496053314,23.58180922262798
2012-06-21 20:10:00,53.922455,30.79367059266009,23.390939311035037
2012-06-21 20:15:00,57.7581,30.9223396730718,24.3949402821564
2012-06-21 20:20:00,61.997692,30.770313068244672,23.11347940600508
2012-06-21 20:25:00,64.66782,32.85864047125458,31.538352677641527
2012-06-21 20:30:00,67.54398,32.0911885504329,29.22647980984932
2012-06-21 20:35:00,67.83564,65.74285653610029,8.575712863972038
2012-06-21 20:40:00,67.96296,66.04717041439788,7.515493593946075
2012-06-21 20:45:00,68.12384,66.12975721866539,7.225389568602739
2012-06-21 20:50:00,67.99884,66.65506841153255,5.3700173945741945
2012-06-21 20:55:00,68.09259,66.31658789369506,6.565772551009669
2012-06-21 21:00:00,67.87384,66.93880338159842,2.8240430500161096
2012-06-21 21:05:00,67.826385,66.85786739962225,2.9584515578941435
2012-06-21 21:10:00,67.921295,66.70846910966459,3.2781236730723182
2012-06-21 21:15:00,67.81713,66.83547502563205,3.0001496847374214
2012-06-21 21:20:00,67.765045,66.76514531431026,3.1451502223241636
2012-06-21 21:25:00,67.5706,66.88383161047086,2.912645378084425
2012-06-21 21:30:00,67.56944,66.79457861952791,3.081809433109435
2012-06-21 21:35:00,67.27778,66.92360983532095,2.8474498688716428
2012-06-21 21:40:00,66.92361,66.77904916494408,3.1147463818237173
2012-06-21 21:45:00,66.6632,66.84983835444469,2.973166994088858
2012-06-21 21:50:00,66.65626,66.66872509275281,3.3798177173437716
2012-06-21 21:55:00,66.677086,66.82122458598259,3.0277821630358486
2012-06-21 22:00:00,66.85417,66.00377412895317,2.8292667475681537
2012-06-21 22:05:00,66.771996,66.20644361344306,2.6504622991955604
2012-06-21 22:10:00,66.60532,66.26462630246182,2.6085945122524827
2012-06-21 22:15:00,66.59607,66.075607713808,2.7593238114306025
2012-06-21 22:20:00,66.56482,66.075607713808,2.7593238114306025
2012-06-21 22:25:00,66.65741,65.98027033815812,2.853940906749481
2012-06-21 22:30:00,66.37616,66.20644361344306,2.6504622991955604
2012-06-21 22:35:00,66.32407,65.86568938028367,2.988389927151127
2012-06-21 22:40:00,66.51157,65.60428121652056,3.4002959153876873
2012-06-21 22:45:00,66.509254,65.83216103179684,3.032580100814847
2012-06-21 22:50:00,66.48495,66.0274945007972,2.8052851137080643
2012-06-21 22:55:00,66.28704,66.28430734873666,2.5952296072412753
2012-06-21 23:00:00,66.12385,65.53691397792504,2.7089830623311593
2012-06-21 23:05:00,65.96644,65.20353898745903,2.8392844518048146
2012-06-21 23:10:00,65.93634,65.08695960954397,2.8966893033370766
2012-06-21 23:15:00,65.831024,65.20353898745903,2.8392844518048146
2012-06-21 23:20:00,65.84376,65.15497961748736,2.8623074771741197
2012-06-21 23:25:00,65.52894,65.30763421835059,2.7937774356947234
2012-06-21 23:30:00,65.43519,64.78448604712125,3.0865972390489507
2012-06-21 23:35:00,65.65394,64.84730118226268,3.0414324506648693
2012-06-21 23:40:00,65.452545,64.9980601352433,2.94577018860721
2012-06-21 23:45:00,65.23611,64.90640837567416,3.0019019737667674
2012-06-21 23:50:00,65.05903,65.10950439132164,2.8850049782599605
2012-06-21 23:55:00,64.85069,65.04225458119076,2.9207515913864293
2012-06-22 00:00:00,64.64699,64.22047348224694,3.1969029760226566
2012-06-22 00:05:00,64.70949,63.87859225624837,3.3251204997815855
2012-06-22 00:10:00,64.4375,64.0573779837111,3.2535884076143815
2012-06-22 00:15:00,64.802086,64.00343291059592,3.274026449158327
2012-06-22 00:20:00,64.61227,64.24425495664856,3.189208355719605
2012-06-22 00:25:00,64.640045,63.626515412808494,3.448446570218179
2012-06-22 00:30:00,64.671295,63.57401006963348,3.4783542769389837
2012-06-22 00:35:00,64.416664,64.40159187661301,3.1414184715131497
2012-06-22 00:40:00,64.04514,63.56658713987233,3.4827205953891602
2012-06-22 00:45:00,63.805557,63.44334052946238,3.560708286247492
2012-06-22 00:50:00,63.33234,63.734373546579775,3.391909615319548
2012-06-22 00:55:00,63.179565,63.59639622804428,3.4653977458796317
2012-06-22 01:00:00,62.911045,63.450830176570626,4.445076783876295
2012-06-22 01:05:00,62.385586,63.869897847386575,4.014240410380027
2012-06-22 01:10:00,62.61475,63.072161810139875,4.9469301723355
2012-06-22 01:15:00,62.229336,65.17164674561967,3.1322830086960334
2012-06-22 01:20:00,61.7085,63.52339913567545,4.362718902810679
2012-06-22 01:25:00,61.614746,63.394102489422885,4.512127903146236
2012-06-22 01:30:00,61.441135,63.331760175929695,4.588736447420822
2012-06-22 01:35:00,61.44577,63.508741761003044,4.379057539795826
2012-06-22 01:40:00,61.39369,62.43901188308138,6.241520785048082
2012-06-22 01:45:00,61.608963,62.5663088780449,5.928496135635512
2012-06-22 01:50:00,62.019672,62.39354041926967,6.352207289307059
2012-06-22 01:55:00,62.29745,62.87979540879588,5.265755989647668
2012-06-22 02:00:00,62.214123,61.777363541075125,5.587517014208834
2012-06-22 02:05:00,62.760418,61.499621066385,6.037637764305326
2012-06-22 02:10:00,62.34375,62.926360530879,4.411997173521743
2012-06-22 02:15:00,62.04398,62.926360530879,4.411997173521743
2012-06-22 02:20:00,62.60648,61.30198210138979,6.388459723023099
2012-06-22 02:25:00,62.783566,62.20217015260636,5.057601159897405
2012-06-22 02:30:00,62.769672,61.91567962908616,5.396700921523131
2012-06-22 02:35:00,62.755783,62.655747275716685,4.626672635615097
2012-06-22 02:40:00,63.438656,61.30198210138979,6.388459723023099
2012-06-22 02:45:00,63.364582,62.06800988592138,5.208214410202506
2012-06-22 02:50:00,63.013393,62.3680541720149,4.887622359601672
2012-06-22 02:55:00,62.739582,62.808494579944316,4.502295390540762
2012-06-22 03:00:00,63.5,60.83415596550603,5.703258045452563
2012-06-22 03:05:00,62.989582,62.52704563768461,4.359299859432013
2012-06-22 03:10:00,63.097225,60.90795490099712,5.610109206468192
2012-06-22 03:15:00,62.81366,61.220958051773714,5.268136868085851
2012-06-22 03:20:00,62.15741,62.17920809165005,4.551755411321139
2012-06-22 03:25:00,61.84491,62.17920809165005,4.551755411321139
2012-06-22 03:30:00,61.59491,61.15379923535204,5.334918358784143
2012-06-22 03:35:00,61.515045,61.95762461845803,4.6888647145484565
2012-06-22 03:40:00,60.440975,62.68613373410452,4.279023678270633
2012-06-22 03:45:00,61.011078,61.140686986597906,5.348338046933286
2012-06-22 03:50:00,60.695602,60.70107505310093,5.882605518885334
2012-06-22 03:55:00,60.395336,61.20537160930137,5.283353615237338
2012-06-22 04:00:00,58.607143,63.52563144099747,3.6128161586947023
2012-06-22 04:05:00,58.941635,60.66481294740928,4.834600796979863
2012-06-22 04:10:00,58.826557,61.073005976207696,4.477974644161534
2012-06-22 04:15:00,59.054565,60.36310722043387,5.190273014117712
2012-06-22 04:20:00,59.544144,60.07544286193261,5.536742791490766
2012-06-22 04:25:00,59.819607,60.96990167778676,4.55486050118471
2012-06-22 04:30:00,59.184193,60.38874277695783,5.158352676079246
2012-06-22 04:35:00,59.097385,61.55091560745746,4.198989682191821
2012-06-22 04:40:00,59.81961,58.45228221316564,6.9179310521486785
2012-06-22 04:45:00,59.47288,63.226546111074065,3.673135315921305
2012-06-22 04:50:00,59.962467,59.52639265048317,6.0799099941058765
2012-06-22 04:55:00,60.465115,60.30774825134401,5.25917607936816
2012-06-22 05:00:00,61.585484,53.09318566580232,13.054189293788532
2012-06-22 05:05:00,61.38641,62.42308006244465,3.349936727230446
2012-06-22 05:10:00,61.4876,61.45757486616711,4.00730652359432
2012-06-22 05:15:00,61.54315,61.655008924721926,3.8134650755065667
2012-06-22 05:20:00,61.72024,62.158808231787425,3.4705396469998937
2012-06-22 05:25:00,61.684357,62.63045564544817,3.273904822581581
2012-06-22 05:30:00,62.815144,55.9326509479487,9.661963633314995
2012-06-22 05:35:00,62.8707,61.971619940280675,3.577102166234445
2012-06-22 05:40:00,63.14385,61.941419645171884,3.596316332005576
2012-06-22 05:45:00,63.374176,62.49573145214836,3.321676356736148
2012-06-22 05:50:00,63.655426,61.72056986717047,3.7575829667603795
2012-06-22 05:55:00,63.800934,62.50126371094077,3.319599848843359
2012-06-22 06:00:00,64.177086,63.061621885974624,3.273586151753227
2012-06-22 06:05:00,64.395836,63.165676671096996,3.169174564186991
2012-06-22 06:10:00,64.72454,63.165676671096996,3.169174564186991
2012-06-22 06:15:00,65.08681,63.240001479467594,3.1003438162388526
2012-06-22 06:20:00,65.28935,64.19551144828232,2.56101600224923
2012-06-22 06:25:00,65.258095,63.89703496328992,2.6751955434671646
2012-06-22 06:30:00,65.575226,63.99139932632585,2.635106791829549
2012-06-22 06:35:00,65.73148,63.57404563862048,2.8474838691294675
2012-06-22 06:40:00,65.72106,64.30937041987914,2.5261997382369503
2012-06-22 06:45:00,65.65625,64.73521256789506,2.428837403950793
2012-06-22 06:50:00,65.68634,64.08257586850435,2.600013482086409
2012-06-22 06:55:00,65.73727,64.42816288525671,2.4941863148503827
2012-06-22 07:00:00,65.94709,65.84673885001955,2.0157610324936477
2012-06-22 07:05:00,66.270004,65.4112557746206,2.196172274900498
2012-06-22 07:10:00,66.38922,65.79480861853544,2.0330608146380293
2012-06-22 07:15:00,66.555885,65.98981150474977,1.9732524029947163
2012-06-22 07:20:00,66.50959,66.39182960387019,1.8890353516355203
2012-06-22 07:25:00,66.749176,65.3006599970531,2.25615825333533
2012-06-22 07:30:00,66.59872,66.58198432330333,1.8645245331343439
2012-06-22 07:35:00,66.75497,65.63017874710788,2.0950746592355425
2012-06-22 07:40:00,66.85913,65.77480092056895,2.040005026109358
2012-06-22 07:45:00,67.04778,65.98585361958871,1.9743313326422254
2012-06-22 07:50:00,67.20519,65.69859708616956,2.0679315651018757
2012-06-22 07:55:00,67.22602,66.09633816943669,1.9461722212054793
2012-06-22 08:00:00,67.15162,67.29307835428406,1.8117247435729498
2012-06-22 08:05:00,67.12037,67.24603211446014,1.8222285610071582
2012-06-22 08:10:00,67.177086,66.86069609646499,1.9282941973289864
2012-06-22 08:15:00,67.09375,67.28722031160764,1.8130051084303187
2012-06-22 08:20:00,67.047455,66.90481531758367,1.9142623339443423
2012-06-22 08:25:00,67.06945,66.771469658952,1.9582416526060042
2012-06-22 08:30:00,67.25116,66.70620248514693,1.9815050606881879
2012-06-22 08:35:00,67.31829,66.8162474051341,1.9429473516378044
2012-06-22 08:40:00,67.28704,66.771469658952,1.9582416526060042
2012-06-22 08:45:00,67.21875,67.36861505971535,1.795913258927266
2012-06-22 08:50:00,67.24999,66.90481531758367,1.9142623339443423
2012-06-22 08:55:00,67.22454,66.8162474051341,1.9429473516378044
2012-06-22 09:00:00,67.109955,66.62752547318011,2.5388687505366367
2012-06-22 09:05:00,67.01157,66.79201272747036,2.4573692276379058
2012-06-22 09:10:00,66.98909,66.76181320003755,2.471810777811585
2012-06-22 09:15:00,66.98794,66.57192713011104,2.568015056195767
2012-06-22 09:20:00,67.02232,66.26219537303326,2.7457017980124943
2012-06-22 09:25:00,67.00381,66.46583297481205,2.6259265590394336
2012-06-22 09:30:00,66.87881,67.21389489868633,2.2789359339122446
2012-06-22 09:35:00,66.770004,66.76181320003755,2.471810777811585
2012-06-22 09:40:00,66.80473,66.17140468631125,2.8028245453113154
2012-06-22 09:45:00,66.78968,66.76181320003755,2.471810777811585
2012-06-22 09:50:00,66.78969,66.68273753059748,2.5107307928379616
2012-06-22 09:55:00,66.69015,66.26219537303326,2.7457017980124943
2012-06-22 10:00:00,66.82093,65.26832828853044,4.301403858451097
2012-06-22 10:05:00,66.760086,65.57487755027111,3.999956000141397
2012-06-22 10:10:00,66.7085,66.00561886545493,3.619991281166596
2012-06-22 10:15:00,66.47007,65.91811846022767,3.692913808833865
2012-06-22 10:20:00,66.41948,65.78914026228868,3.804397539033506
2012-06-22 10:25:00,66.345406,65.69100454081156,3.8923776416155884
2012-06-22 10:30:00,66.272484,65.92511055687888,3.687005462983665
2012-06-22 10:35:00,66.189156,65.47171919559386,4.098612955064927
2012-06-22 10:40:00,65.9762,65.69100454081156,3.8923776416155884
2012-06-22 10:45:00,65.71577,66.0500152213104,3.5838337574198227
2012-06-22 10:50:00,65.44494,66.0500152213104,3.5838337574198227
2012-06-22 10:55:00,65.43336,64.91459711228954,4.678810606894387
2012-06-22 11:00:00,65.24008,65.45046855975535,5.066919989724543
2012-06-22 11:05:00,65.134254,64.4214206059449,6.351347165856283
2012-06-22 11:10:00,64.922455,65.00582105011542,5.598516245958241
2012-06-22 11:15:00,64.83912,63.41799741669178,7.749975125949938
2012-06-22 11:20:00,64.67014,64.75615399720033,5.91352956926422
2012-06-22 11:25:00,64.43865,64.46195311138382,6.29747510725635
2012-06-22 11:30:00,64.27199,64.75615399720033,5.91352956926422
2012-06-22 11:35:00,64.13079,64.11759993906625,6.762002606215503
2012-06-22 11:40:00,64.04861,63.3161574657729,7.8986253212295425
2012-06-22 11:45:00,63.888885,63.41799741669178,7.749975125949938
2012-06-22 11:50:00,64.03472,63.32638678897902,7.883636073185386
2012-06-22 11:55:00,62.400463,64.02412467832214,6.890661109758178
2012-06-22 12:00:00,57.369213,63.19085051316866,9.045223136317734
2012-06-22 12:05:00,53.896988,62.670543733250035,9.786612494759645
2012-06-22 12:10:00,52.157406,62.41934824117062,10.146401294597025
2012-06-22 12:15:00,51.13657,61.71652781394099,11.165777769745636
2012-06-22 12:20:00,49.399303,62.49619883701891,10.036135016910324
2012-06-22 12:25:00,49.408558,61.51359945390602,11.464439950736038
2012-06-22 12:30:00,49.439816,62.51809604146016,10.004751354843748
2012-06-22 12:35:00,49.36227,61.963700610649305,10.804737991835681
2012-06-22 12:40:00,49.388885,61.61511584794292,11.314779597709132
2012-06-22 12:45:00,49.434025,60.97179018294502,12.270687886516399
2012-06-22 12:50:00,49.166668,63.73636998623886,8.269067742865722
2012-06-22 12:55:00,50.979168,46.30809777458308,23.733952247186085
2012-06-22 13:00:00,55.90625,34.83829806592643,18.076253805502425
2012-06-22 13:05:00,59.480328,35.822762655046205,17.87000367256898
2012-06-22 13:10:00,61.246532,40.951576583572454,20.01225032214572
2012-06-22 13:15:00,62.444447,46.59248150873086,21.653908208908785
2012-06-22 13:20:00,64.142365,41.01696281761719,20.04456195983554
2012-06-22 13:25:00,64.28125,60.47325599177575,13.581353797393492
2012-06-22 13:30:00,64.364586,61.63677463892707,12.0759137899951
2012-06-22 13:35:00,64.52083,60.091303418503635,14.07525222326133
2012-06-22 13:40:00,64.62963,60.731348663119945,13.245695834990896
2012-06-22 13:45:00,64.56713,60.28881523299277,13.820640669501245
2012-06-22 13:50:00,64.7801,60.12441819361001,14.03272929347944
2012-06-22 13:55:00,64.51968,63.6084671317509,9.408275323030574
2012-06-22 14:00:00,64.71528,59.93137308140382,17.157878063085153
2012-06-22 14:05:00,64.428246,61.062942137240725,15.415316460033234
2012-06-22 14:10:00,64.40162,60.322569945761565,16.630071648853413
2012-06-22 14:15:00,64.203705,60.888727740363045,15.721907702895038
2012-06-22 14:20:00,64.15162,59.836905019064965,17.27264222479212
2012-06-22 14:25:00,63.940975,60.53101826508467,16.31393582750671
2012-06-22 14:30:00,63.853176,61.03791490273806,15.459971467064724
2012-06-22 14:35:00,63.790676,60.358088974483394,16.577880185021886
2012-06-22 14:40:00,63.714283,60.514017865446114,16.34057701731087
2012-06-22 14:45:00,63.7872,58.13805212703806,18.753498592020197
2012-06-22 14:50:00,63.695766,60.79792679014698,15.877388271086396
2012-06-22 14:55:00,63.70618,60.110104622809935,16.927435470958198
2012-06-22 15:00:00,63.595074,59.22527433655722,29.60327565139133
2012-06-22 15:05:00,63.753643,53.233399702869555,33.90383000776364
2012-06-22 15:10:00,63.951557,56.68150363000081,33.01498654513653
2012-06-22 15:15:00,63.77563,54.784759817643156,33.694091851870866
2012-06-22 15:20:00,61.36938,55.01714890969624,33.64229569295667
2012-06-22 15:25:00,58.21313,53.291498518651935,33.89968814738551
2012-06-22 15:30:00,54.8044,57.31509693629406,32.57669616398203
2012-06-22 15:35:00,51.73148,56.098335153723816,33.29968862375766
2012-06-22 15:40:00,48.495373,56.232126731967305,33.242180006168034
2012-06-22 15:45:00,44.818287,54.784759817643156,33.694091851870866
2012-06-22 15:50:00,41.037037,56.68150363000081,33.01498654513653
2012-06-22 15:55:00,37.618053,56.86532019404178,32.90411567996821
2012-06-22 16:00:00,33.82523,55.133871794807725,54.60955623427236
2012-06-22 16:05:00,30.179398,54.1201367219493,54.725154381361044
2012-06-22 16:10:00,26.480324,57.12880859652876,51.567097100429464
2012-06-22 16:15:00,23.010416,48.85609323568897,49.775161752993114
2012-06-22 16:20:00,22.109955,30.737521392010706,16.898821791502026
2012-06-22 16:25:00,21.287037,30.447829701382243,15.945462513297946
2012-06-22 16:30:00,20.846064,30.450859462576858,15.922597369579607
2012-06-22 16:35:00,20.168982,30.45514361373729,16.062060612122853
2012-06-22 16:40:00,20.159721,30.446879118257723,15.969092870497787
2012-06-22 16:45:00,20.201387,30.513722082371558,15.855175036325463
2012-06-22 16:50:00,20.211805,30.516134498570707,15.855047935885215
2012-06-22 16:55:00,19.572916,30.45374230468183,15.910243289860032
2012-06-22 17:00:00,19.510416,30.009258654923176,17.246745658435497
2012-06-22 17:05:00,19.354166,30.001562373176466,17.304399593008394
2012-06-22 17:10:00,18.949074,29.997531710849234,17.425170110907377
2012-06-22 17:15:00,18.92824,30.010467473862793,17.24009644222032
2012-06-22 17:20:00,18.030092,30.003877713595852,17.53826529311726
2012-06-22 17:25:00,18.175926,30.08841623946959,17.06344012182986
2012-06-22 17:30:00,17.931713,30.020328616702827,17.196812274554258
2012-06-22 17:35:00,17.327547,30.015803318862112,17.214682465910624
2012-06-22 17:40:00,16.197916,30.02178950038108,17.683753583093736
2012-06-22 17:45:00,15.947917,30.009258654923176,17.246745658435497
2012-06-22 17:50:00,15.572917,30.014397262824748,17.220867901994637
2012-06-22 17:55:00,15.46412,30.06650298429579,17.091462505353707
2012-06-22 18:00:00,15.402779,29.918429903340094,19.465098117235488
2012-06-22 18:05:00,15.173612,29.917929334099245,19.449518463318107
2012-06-22 18:10:00,15.059028,29.916505239530682,19.303143437123612
2012-06-22 18:15:00,15.106647,29.92034175029839,19.512885746625543
2012-06-22 18:20:00,15.541832,29.95646367168095,18.890046238283396
2012-06-22 18:25:00,15.833499,29.919658659603673,19.19750077914012
2012-06-22 18:30:00,16.189318,29.924686662827085,19.11919836338214
2012-06-22 18:35:00,16.33515,29.975388939100807,18.810285193663557
2012-06-22 18:40:00,16.807375,29.978321861864767,18.799588107311784
2012-06-22 18:45:00,16.619873,29.919073356735993,19.210184299403227
2012-06-22 18:50:00,17.64418,29.934454290123778,19.02387172777879
2012-06-22 18:55:00,18.114088,29.935809316105775,19.013342743923374
2012-06-22 19:00:00,20.854828,30.15942942717837,22.24219787759752
2012-06-22 19:05:00,24.313162,30.124589190907518,21.818589080723086
2012-06-22 19:10:00,28.119873,30.126068113116975,21.841604763104773
2012-06-22 19:15:00,31.436838,30.202845086242935,22.623987544093296
2012-06-22 19:20:00,34.9461,30.15942942717837,22.24219787759752
2012-06-22 19:25:00,38.675266,30.2083871876056,22.66726649007927
2012-06-22 19:30:00,42.64699,30.207265475783757,22.658552930112418
2012-06-22 19:35:00,47.15741,30.107723638932004,21.398699484826285
2012-06-22 19:40:00,51.43866,30.142395594694666,22.058276301416427
2012-06-22 19:45:00,55.821102,30.11102682628379,21.537256587863002
2012-06-22 19:50:00,59.30258,30.604794591474967,24.84460395723366
2012-06-22 19:55:00,63.249344,30.212827751819475,22.701304011711642
2012-06-22 20:00:00,64.55489,42.10477572969595,56.58258478740208
2012-06-22 20:05:00,65.502815,53.051812455035446,49.48753215129994
2012-06-22 20:10:00,66.07688,60.68800651737462,30.987619942962272
2012-06-22 20:15:00,66.781746,57.4671365582356,40.82030094761863
2012-06-22 20:20:00,67.521324,58.56055581169296,38.04126263852513
2012-06-22 20:25:00,67.76091,63.151593684942476,18.36187733264668
2012-06-22 20:30:00,67.775955,64.9592811649165,9.51941951051584
2012-06-22 20:35:00,67.939156,64.9592811649165,9.51941951051584
2012-06-22 20:40:00,67.91981,65.51970845303991,7.4578968011677444
2012-06-22 20:45:00,67.99917,64.56805027804947,11.16385114780619
2012-06-22 20:50:00,67.94131,65.55704711488812,7.332855601669451
2012-06-22 20:55:00,67.837135,64.88645345821259,9.812830965826032
2012-06-22 21:00:00,67.93899,65.7239780857894,5.975731780037063
2012-06-22 21:05:00,67.89617,66.43014534293563,4.171233708192527
2012-06-22 21:10:00,67.744545,66.37218914429054,4.2950935767432386
2012-06-22 21:15:00,67.6751,66.17412856386001,4.748039048085116
2012-06-22 21:20:00,67.56052,66.5097750148315,4.007065569760182
2012-06-22 21:25:00,67.427414,66.024771068278,5.122568472789895
2012-06-22 21:30:00,67.41237,66.08361124395789,4.971431333695384
2012-06-22 21:35:00,67.29084,66.65344126481341,3.72762734519107
2012-06-22 21:40:00,67.20602,66.27473298294036,4.512054947968234
2012-06-22 21:45:00,67.21528,66.1198267698897,4.880753743817026
2012-06-22 21:50:00,67.12897,66.14698472801042,4.813899090260273
2012-06-22 21:55:00,67.09772,65.58316806514522,6.426826254794812
2012-06-22 22:00:00,67.153275,66.26129760008233,3.550880194268908
2012-06-22 22:05:00,67.10235,66.37540062588585,3.369055656677304
2012-06-22 22:10:00,67.09193,65.99518867816022,4.028125050571487
2012-06-22 22:15:00,67.16485,66.09040524312087,3.8481265434061065
2012-06-22 22:20:00,66.99818,66.21848106947023,3.622436748227191
2012-06-22 22:25:00,66.88129,65.78527265878955,4.467559943895249
2012-06-22 22:30:00,66.80242,66.1863926289354,3.6773120072790846
2012-06-22 22:35:00,66.7295,66.31482074067866,3.464021002455471
2012-06-22 22:40:00,66.687836,66.12233833867317,3.7901611178149746
2012-06-22 22:45:00,64.94593,66.28984811501068,3.504196015654714
2012-06-22 22:50:00,62.105164,66.01776600643251,3.9844437236982966
2012-06-22 22:55:00,62.256786,65.74849001686445,4.551460386396351
2012-06-22 23:00:00,61.719746,66.01807476793616,3.0288174204499216
2012-06-22 23:05:00,60.17808,65.80439237445529,3.2679699529700414
2012-06-22 23:10:00,56.688496,65.55044427075232,3.5965769561459413
2012-06-22 23:15:00,52.36558,65.90052059728892,3.156474696504986
2012-06-22 23:20:00,48.82391,65.30469272135058,3.969663876892991
2012-06-22 23:25:00,45.615574,65.0460395130333,4.4381424223923975
2012-06-22 23:30:00,42.46081,65.5325439953982,3.6217773034360357
2012-06-22 23:35:00,40.567955,65.67677851845025,3.4265940319096875
2012-06-22 23:40:00,39.31217,65.58186620536044,3.553023975795744
2012-06-22 23:45:00,40.24967,49.88748530107938,20.83042991559426
2012-06-22 23:50:00,42.833004,36.805742506903705,27.451582211156733
2012-06-22 23:55:00,42.28555,65.79017190012905,3.2850320744989747
2012-06-23 00:00:00,41.357307,63.88922464272034,5.023270126440727
2012-06-23 00:05:00,42.792492,55.86568159544189,13.344488894785952
2012-06-23 00:10:00,46.000828,36.71244627413149,23.735524210240687
2012-06-23 00:15:00,49.91228,35.28056250164906,24.288073733565785
2012-06-23 00:20:00,53.22478,36.36842157812675,23.892490049729787
2012-06-23 00:25:00,56.60557,37.008627563708906,23.593171005119633
2012-06-23 00:30:00,59.235035,37.761708471541006,23.210882905524855
2012-06-23 00:35:00,61.002895,49.26134343610729,17.336172151566732
2012-06-23 00:40:00,62.086227,59.19336769059467,10.944720494860988
2012-06-23 00:45:00,62.773727,63.35285263713943,6.578227029396327
2012-06-23 00:50:00,62.867477,64.21050118585899,4.397696297189665
2012-06-23 00:55:00,62.979748,63.736261725383024,5.413224394115823
2012-06-23 01:00:00,63.92766,59.72719312952635,7.0212197411476
2012-06-23 01:05:00,63.918407,65.35684828613152,2.3092195719305137
2012-06-23 01:10:00,64.272575,64.36207249578509,2.728490858601146
2012-06-23 01:15:00,64.40741,64.30261682939954,2.7610975657187047
2012-06-23 01:20:00,64.70602,64.24352702180926,2.7946368916011717
2012-06-23 01:25:00,64.7419,65.42675560507054,2.2865515318010594
2012-06-23 01:30:00,65.12731,63.48287137721842,3.3684016264123717
2012-06-23 01:35:00,64.82639,65.12703481744886,2.3889625928534675
2012-06-23 01:40:00,64.93635,64.82254444043069,2.5086865199191046
2012-06-23 01:45:00,64.94677,65.40495556541494,2.2935447113575016
2012-06-23 01:50:00,65.13426,64.88543110665556,2.4825017079212164
2012-06-23 01:55:00,64.865746,64.07958491388672,2.894182407363894
2012-06-23 02:00:00,65.00116,63.534816598781305,3.344422054522543
2012-06-23 02:05:00,64.929405,64.87881780432528,2.7087773400032753
2012-06-23 02:10:00,64.54398,65.29779639505911,2.5706765257669124
2012-06-23 02:15:00,64.7953,64.3493620809027,2.916274341903089
2012-06-23 02:20:00,64.70271,64.95347842457916,2.682683106353675
2012-06-23 02:25:00,64.6923,65.13379894029454,2.6223993141421924
2012-06-23 02:30:00,64.47239,64.41587235575724,2.887783698283918
2012-06-23 02:35:00,64.77331,63.45937860832196,3.393771737642494
2012-06-23 02:40:00,64.68188,64.79911860397894,2.737415585090751
2012-06-23 02:45:00,64.546455,65.00922712829977,2.6636421312501275
2012-06-23 02:50:00,64.54646,65.17503395455098,2.6091275389820416
2012-06-23 02:55:00,65.1923,62.63801984613224,4.118486031591751
2012-06-23 03:00:00,65.12054,63.646140889726546,3.4245583035582423
2012-06-23 03:05:00,65.328865,64.18090080171295,3.1870032936233663
2012-06-23 03:10:00,65.173775,63.29768320242747,3.6086948586819116
2012-06-23 03:15:00,64.88657,64.9991102121415,2.895115144803349
2012-06-23 03:20:00,64.479164,64.17096369232827,3.191018884283078
2012-06-23 03:25:00,63.614582,64.7136147496682,2.989192953310295
2012-06-23 03:30:00,63.29051,63.08176907474583,3.738280076930763
2012-06-23 03:35:00,62.99884,64.27027728835677,3.151475976226138
2012-06-23 03:40:00,62.86111,64.01195599791421,3.257149311580122
2012-06-23 03:45:00,62.663193,64.0467318384088,3.2423749534726336
2012-06-23 03:50:00,62.23727,64.8011219786819,2.959577037632862
2012-06-23 03:55:00,61.633102,64.7136147496682,2.989192953310295
2012-06-23 04:00:00,61.875698,63.26585169970488,3.6412466046497154
2012-06-23 04:05:00,61.70903,64.93566168127207,3.046399944703437
2012-06-23 04:10:00,61.523846,62.630692119318134,3.987498465885143
2012-06-23 04:15:00,61.242596,63.68435726852718,3.461609268634969
2012-06-23 04:20:00,61.089817,62.46539652076558,4.09816699095019
2012-06-23 04:25:00,61.25301,61.24663596213108,5.132232200520356
2012-06-23 04:30:00,61.526157,61.8576010575127,4.589664156026331
2012-06-23 04:35:00,61.432407,62.97594477053326,3.7858084321034284
2012-06-23 04:40:00,61.151157,63.34460941036389,3.60511044232147
2012-06-23 04:45:00,60.98912,63.13765343089127,3.7027889404361676
2012-06-23 04:50:00,60.99838,62.94052333679236,3.8048802625892955
2012-06-23 04:55:00,61.64421,62.22457224214798,4.2779165040808484
2012-06-23 05:00:00,61.265045,64.35068663719464,3.134268448708026
2012-06-23 05:05:00,60.88773,64.3333278738002,3.1391157550987345
2012-06-23 05:10:00,60.915512,62.101779908633944,4.244721275048511
2012-06-23 05:15:00,60.946762,62.712632403194426,3.7976559198488746
2012-06-23 05:20:00,61.118053,62.04944453151652,4.287720178771308
2012-06-23 05:25:00,61.319443,61.99596780008542,4.331986259642396
2012-06-23 05:30:00,61.60185,62.93422961018387,3.6694870526543713
2012-06-23 05:35:00,62.0706,62.7491058793807,3.775286687395406
2012-06-23 05:40:00,62.47685,62.42386473855192,3.9932359945587073
2012-06-23 05:45:00,62.5787,62.65617721505894,3.833312369987972
2012-06-23 05:50:00,62.662037,63.08635564944738,3.591437473019582
2012-06-23 05:55:00,62.298615,64.85356175416949,3.003473699472274
2012-06-23 06:00:00,62.809032,63.09396730882465,3.5862076637283473
2012-06-23 06:05:00,63.186344,63.08512439360114,3.5920166344794353
2012-06-23 06:10:00,63.612274,62.33196698889751,4.17722355378814
2012-06-23 06:15:00,63.792324,63.0541777134695,3.6125921011492483
2012-06-23 06:20:00,64.29232,62.87208009091006,3.741126011251493
2012-06-23 06:25:00,64.813156,62.93455351010945,3.695630907099096
2012-06-23 06:30:00,64.75761,64.33252199945191,3.0220509389476136
2012-06-23 06:35:00,64.60136,64.92813731444157,2.8562473762464564
2012-06-23 06:40:00,64.66386,64.23653453946578,3.052972779013057
2012-06-23 06:45:00,65.10831,63.26263422875352,3.4813276232206456
2012-06-23 06:50:00,65.34788,63.66538324070268,3.2730144074525866
2012-06-23 06:55:00,65.57589,63.627827241255254,3.29021899777565
2012-06-23 07:00:00,65.62798,65.93158683460987,2.529054899503739
2012-06-23 07:05:00,65.39881,65.29162942770152,2.6838152318670474
2012-06-23 07:10:00,65.66733,64.64633377263429,2.895816763561781
2012-06-23 07:15:00,65.96759,64.32797468748265,3.0315630896124337
2012-06-23 07:20:00,65.796295,65.61047478181106,2.6013522199867714
2012-06-23 07:25:00,65.52778,65.78524767779733,2.560809656879972
2012-06-23 07:30:00,64.66551,64.6895940570477,2.8792110940107083
2012-06-23 07:35:00,64.4676,64.84716862279326,2.8219816879624298
2012-06-23 07:40:00,64.64468,65.1430373532815,2.7266294779941203
2012-06-23 07:45:00,64.228004,65.82873086267934,2.5511755532834
2012-06-23 07:50:00,59.738422,65.34118020484202,2.670199730714728
2012-06-23 07:55:00,58.658566,65.24207986697516,2.697752964084142
2012-06-23 08:00:00,58.35301,66.84698571501204,2.2522257941960584
2012-06-23 08:05:00,58.54051,64.70427126520383,2.90494138249213
2012-06-23 08:10:00,58.460648,66.57916957071991,2.3018423912073853
2012-06-23 08:15:00,58.36574,66.39649784520321,2.3393578039596044
2012-06-23 08:20:00,58.56366,65.37450796367516,2.6228167370282844
2012-06-23 08:25:00,58.693287,65.05522477465738,2.745598521487637
2012-06-23 08:30:00,59.807865,57.75504537888728,9.152588503699633
2012-06-23 08:35:00,60.130787,64.35463180934481,3.091318320224202
2012-06-23 08:40:00,60.015045,66.64685601417928,2.288725219313835
2012-06-23 08:45:00,60.526623,64.28817812741501,3.1299146949255547
2012-06-23 08:50:00,64.97106,40.40302912200867,31.019630978023574
2012-06-23 08:55:00,65.98843,56.48529042658071,10.660758411380053
2012-06-23 09:00:00,66.22106,65.35182276023927,2.739334804705306
2012-06-23 09:05:00,66.172455,65.81485522691916,2.566257248799968
2012-06-23 09:10:00,66.23496,66.3574546014937,2.4022492468349954
2012-06-23 09:15:00,66.32871,66.05924483754656,2.4876362808881782
2012-06-23 09:20:00,66.38542,66.59030201464877,2.3428031189161977
2012-06-23 09:25:00,66.607635,65.85596180564671,2.5524515271825163
2012-06-23 09:30:00,66.56597,66.76150924485309,2.302727109958107
2012-06-23 09:35:00,66.53472,66.23912159946063,2.4348230662686112
2012-06-23 09:40:00,66.395836,66.23251172385791,2.436692353567356
2012-06-23 09:45:00,66.260414,67.20256756148204,2.2119223306335947
2012-06-23 09:50:00,66.420135,65.85596180564671,2.5524515271825163
2012-06-23 09:55:00,66.732635,65.62793254944665,2.6321512912329497
2012-06-23 10:00:00,66.75926,66.59884361519649,2.376507372750886
2012-06-23 10:05:00,66.92989,65.31229851375493,2.819146464019601
2012-06-23 10:10:00,66.78059,66.59884361519649,2.376507372750886
2012-06-23 10:15:00,66.73892,66.47600121771205,2.4096810475185553
2012-06-23 10:20:00,66.44263,66.80679043813382,2.3240143420601527
2012-06-23 10:25:00,66.22387,67.016693670322,2.2753471710965054
2012-06-23 10:30:00,66.096565,66.4139900877948,2.4270709481473536
2012-06-23 10:35:00,66.05787,65.90265561173358,2.5883922473655443
2012-06-23 10:40:00,66.03125,65.18550501039296,2.875497559742717
2012-06-23 10:45:00,66.053246,66.35157682917378,2.445024271024159
2012-06-23 10:50:00,65.828705,66.65968277462107,2.3606848068693407
2012-06-23 10:55:00,65.66204,67.30354135509113,2.2151404060834317
2012-06-23 11:00:00,65.49537,66.67607959180306,2.2267646892567328
2012-06-23 11:05:00,65.446266,66.31183978439164,2.331523978412475
2012-06-23 11:10:00,65.41849,65.56754524336121,2.6028122284402375
2012-06-23 11:15:00,65.22983,66.13643945607338,2.3882650980355575
2012-06-23 11:20:00,65.50066,64.75286758746269,2.9965428240532073
2012-06-23 11:25:00,65.44858,65.59130836771094,2.5928829070727377
2012-06-23 11:30:00,65.5759,65.50371219212396,2.629912377222071
2012-06-23 11:35:00,65.697914,65.54026896671675,2.6143158715189667
2012-06-23 11:40:00,65.80787,64.83406236895807,2.9525636092317735
2012-06-23 11:45:00,65.671295,66.40049934326042,2.3044391831502087
2012-06-23 11:50:00,65.760414,65.10579591555621,2.8130951005054885
2012-06-23 11:55:00,65.791664,66.2660919627906,2.3459145875366914
2012-06-23 12:00:00,65.74272,65.61995981534182,2.504686727808514
2012-06-23 12:05:00,65.74157,66.00733798494828,2.3262628093720954
2012-06-23 12:10:00,65.8249,65.34736215486122,2.645842046882627
2012-06-23 12:15:00,65.99157,64.74724361549666,3.001657103672566
2012-06-23 12:20:00,65.81448,66.58572049474124,2.108205374861813
2012-06-23 12:25:00,65.990074,65.18633024352683,2.7352474307787475
2012-06-23 12:30:00,65.88591,66.33667712107562,2.195078021402059
2012-06-23 12:35:00,65.70304,66.33667712107562,2.195078021402059
2012-06-23 12:40:00,65.88475,65.61995981534182,2.504686727808514
2012-06-23 12:45:00,65.91601,65.50276763173272,2.563796042527527
2012-06-23 12:50:00,66.01207,65.7260571748536,2.453224978934515
2012-06-23 12:55:00,66.10731,66.46261805165486,2.149840782206801
2012-06-23 13:00:00,66.27398,65.4034856624711,2.4815297337095337
2012-06-23 13:05:00,66.40013,66.13614199832035,2.0717046591583337
2012-06-23 13:10:00,66.50198,66.07788317957947,2.100534385628008
2012-06-23 13:15:00,66.51653,66.13614199832035,2.0717046591583337
2012-06-23 13:20:00,66.66352,65.57560449121108,2.376456372364149
2012-06-23 13:25:00,66.61292,66.50265804288784,1.9066690172017975
2012-06-23 13:30:00,66.719406,65.80117000447026,2.246664423053762
2012-06-23 13:35:00,66.95437,65.19739249146089,2.6138099915921207
2012-06-23 13:40:00,66.871025,66.84581718608125,1.7785741361704277
2012-06-23 13:45:00,67.07936,65.8727474599832,2.207442366469983
2012-06-23 13:50:00,67.1083,66.46545478869818,1.9221048894878632
2012-06-23 13:55:00,67.01306,67.06372578787479,1.7104007858775019
2012-06-23 14:00:00,66.9833,66.52753029955737,1.6798234209373077
2012-06-23 14:05:00,66.89417,66.82856155086849,1.553697491573004
2012-06-23 14:10:00,66.75066,66.67389678118447,1.6152076146370014
2012-06-23 14:15:00,66.87268,66.28286690674918,1.8014932026362276
2012-06-23 14:20:00,66.94147,66.5405281293592,1.673833864610903
2012-06-23 14:25:00,66.8998,66.2668071549504,1.810056335197124
2012-06-23 14:30:00,66.9461,66.4947911961479,1.6951249388014198
2012-06-23 14:35:00,66.95651,66.73331807645421,1.590754961498359
2012-06-23 14:40:00,67.052574,66.4307177696149,1.7259594047313547
2012-06-23 14:45:00,66.9866,67.01284727989821,1.4893321627392624
2012-06-23 14:50:00,67.07143,66.63555339094948,1.6315329897414792
2012-06-23 14:55:00,67.13393,66.58559811161426,1.6534439530130784
2012-06-23 15:00:00,67.26819,66.31967687348883,1.6196596309447042
2012-06-23 15:05:00,67.30523,66.33872286259201,1.6076971104770508
2012-06-23 15:10:00,67.35731,65.9485093206995,1.8900136675183286
2012-06-23 15:15:00,67.25314,66.72822441653746,1.4048102142163685
2012-06-23 15:20:00,67.22487,66.71699931745574,1.4096225783700331
2012-06-23 15:25:00,67.39153,66.04799499482172,1.8112435405347993
2012-06-23 15:30:00,67.26191,66.59588565210301,1.4652211736225285
2012-06-23 15:35:00,67.27232,66.649192241319,1.4399033681991646
2012-06-23 15:40:00,67.06167,66.73694296083531,1.4011111582431575
2012-06-23 15:45:00,67.08151,66.59588565210301,1.4652211736225285
2012-06-23 15:50:00,66.90295,66.85043039209292,1.3559109529238418
2012-06-23 15:55:00,66.767525,66.72822441653746,1.4048102142163685
2012-06-23 16:00:00,66.65641,66.78452946653621,1.4199416417854478
2012-06-23 16:05:00,66.66683,66.45428223277231,1.6469518470643136
2012-06-23 16:10:00,66.77546,66.13407267023769,1.9241946740956404
2012-06-23 16:15:00,66.76157,66.28112022509221,1.7913470480363463
2012-06-23 16:20:00,66.69328,66.57220607463468,1.5580490721278268
2012-06-23 16:25:00,66.61227,66.68293206784926,1.4824100024822686
2012-06-23 16:30:00,66.6412,65.97902013147011,2.071029415818057
2012-06-23 16:35:00,66.53356,66.64669423110256,1.5063036539997936
2012-06-23 16:40:00,66.481476,65.69186576200191,2.3510246393753
2012-06-23 16:45:00,66.3783,66.63096887450963,1.5169349872351623
2012-06-23 16:50:00,66.576225,66.08067674875618,1.9741450136028382
2012-06-23 16:55:00,66.74289,66.13407267023769,1.9241946740956404
2012-06-23 17:00:00,66.64683,66.42357611336537,1.7725830222405883
2012-06-23 17:05:00,66.59937,66.53216732948444,1.668068039474947
2012-06-23 17:10:00,66.60532,66.61872830699464,1.5893441213933046
2012-06-23 17:15:00,66.608795,66.26447787027168,1.9341134334284227
2012-06-23 17:20:00,66.666664,66.34728974081828,1.8490146598508268
2012-06-23 17:25:00,66.6331,66.42357611336537,1.7725830222405883
2012-06-23 17:30:00,66.678246,66.17981102754358,2.022841215327638
2012-06-23 17:35:00,66.7338,66.26447787027168,1.9341134334284227
2012-06-23 17:40:00,67.01505,65.22900126430952,3.049127946192708
2012-06-23 17:45:00,67.15394,66.26447787027168,1.9341134334284227
2012-06-23 17:50:00,67.03009,66.85601886553499,1.401199956473235
2012-06-23 17:55:00,67.103004,66.79686903829237,1.443836146276282
2012-06-23 18:00:00,67.384254,66.16402013293188,2.1330616698047327
2012-06-23 18:05:00,67.47338,66.45662546171035,1.7778681042022655
2012-06-23 18:10:00,67.48727,66.69267254834324,1.5390685765404886
2012-06-23 18:15:00,67.58565,66.40584067695757,1.8356124910317426
2012-06-23 18:20:00,67.64815,66.63400901972715,1.593396530831341
2012-06-23 18:25:00,67.79398,66.40584067695757,1.8356124910317426
2012-06-23 18:30:00,67.914345,66.48677487881552,1.7445445360640957
2012-06-23 18:35:00,68.006935,66.57292853561046,1.6536391133062456
2012-06-23 18:40:00,68.03471,66.80451470534462,1.4455252781949437
2012-06-23 18:45:00,68.00346,66.80451470534462,1.4455252781949437
2012-06-23 18:50:00,68.01273,66.54486630710734,1.6825152711925826
2012-06-23 18:55:00,68.00231,67.01505975915366,1.3048996555459034
2012-06-23 19:00:00,67.97107,67.06382384271957,1.27495902405536
2012-06-23 19:05:00,67.95023,66.7832924920602,1.432534123836393
2012-06-23 19:10:00,67.83218,66.79187764616681,1.4266184572500509
2012-06-23 19:15:00,67.76736,66.76897010596643,1.4425824461062777
2012-06-23 19:20:00,67.72569,66.86034802401751,1.3821726511941141
2012-06-23 19:25:00,67.67956,66.8859320609536,1.3667483867622139
2012-06-23 19:30:00,67.54067,66.88309360312937,1.3684296935779081
2012-06-23 19:35:00,67.302246,66.88309360312937,1.3684296935779081
2012-06-23 19:40:00,67.14947,66.92847415667488,1.3424281892527672
2012-06-23 19:45:00,67.09739,66.7832924920602,1.432534123836393
2012-06-23 19:50:00,67.1703,66.6536538405964,1.5322052788589955
2012-06-23 19:55:00,66.94924,67.03853147815231,1.2865110640979436
2012-06-23 20:00:00,66.834656,67.07480028895587,1.2829585786079065
2012-06-23 20:05:00,66.82424,66.82066726063947,1.3960923819658022
2012-06-23 20:10:00,67.06382,66.59120367419114,1.5396952523222494
2012-06-23 20:15:00,67.1842,66.69853421059337,1.4664864519780618
2012-06-23 20:20:00,67.19461,66.84622599022833,1.3828408853189356
2012-06-23 20:25:00,67.10532,66.86082426497613,1.375481728292691
2012-06-23 20:30:00,67.17014,66.6306211580858,1.5114135426609001
2012-06-23 20:35:00,67.28472,66.39317021089467,1.713122022917572
2012-06-23 20:40:00,67.45139,66.64191479171863,1.5036205337409105
2012-06-23 20:45:00,67.44097,66.74395066318948,1.4388590692680128
2012-06-23 20:50:00,67.35764,66.92277228970282,1.345854256681207
2012-06-23 20:55:00,67.55787,66.58558823195818,1.543866900011766
2012-06-23 21:00:00,67.52778,66.77422124700755,1.4419607249868702
2012-06-23 21:05:00,67.6498,66.77422124700755,1.4419607249868702
2012-06-23 21:10:00,67.60814,67.17406401200584,1.3069947805083129
2012-06-23 21:15:00,67.51554,66.98454740561397,1.3635782484123593
2012-06-23 21:20:00,67.53638,66.85607117134174,1.4093162274431297
2012-06-23 21:25:00,67.466934,66.60819683097372,1.5176561724595932
2012-06-23 21:30:00,67.531746,66.76812452014771,1.4445089642054965
2012-06-23 21:35:00,67.69263,66.63605176471123,1.504000151366503
2012-06-23 21:40:00,67.68221,67.04347222591475,1.3446715758106507
2012-06-23 21:45:00,67.68221,66.69155774931379,1.4779716114960368
2012-06-23 21:50:00,67.748184,66.69155774931379,1.4779716114960368
2012-06-23 21:55:00,67.66485,67.06981251640404,1.3366150871439988
2012-06-23 22:00:00,67.65559,66.5350992138461,1.5854406855980272
2012-06-23 22:05:00,67.65856,66.95795956001885,1.4516067405411353
2012-06-23 22:10:00,67.52315,66.93795429488057,1.4568377069092067
2012-06-23 22:15:00,67.525795,66.58806695756068,1.565773034712719
2012-06-23 22:20:00,67.51537,66.76708774963315,1.505728371714208
2012-06-23 22:25:00,67.74107,66.23773367096038,1.7142842991831386
2012-06-23 22:30:00,67.70403,66.79591088966545,1.4969324071085104
2012-06-23 22:35:00,67.741066,66.92234482398315,1.460989142839873
2012-06-23 22:40:00,67.81399,66.88155498762258,1.472127416655855
2012-06-23 22:45:00,67.98181,66.53177757260222,1.5867048142938824
2012-06-23 22:50:00,67.936676,66.71874783856823,1.5210061250002072
2012-06-23 22:55:00,68.04084,66.70903681903063,1.5241567191355403
2012-06-23 23:00:00,68.21561,66.15880103401855,1.8372477224544153
2012-06-23 23:05:00,68.06977,66.66682176069328,1.6768344318668698
2012-06-23 23:10:00,68.042,66.2181454281816,1.8154856289853454
2012-06-23 23:15:00,68.01968,66.25603361252145,1.802044386571536
2012-06-23 23:20:00,68.021996,66.41463635971121,1.7494150581631358
2012-06-23 23:25:00,67.928246,66.57361399979614,1.7021659738690929
2012-06-23 23:30:00,67.854164,66.36427702321079,1.7655070894388272
2012-06-23 23:35:00,67.572914,66.72803154072933,1.6610976083458067
2012-06-23 23:40:00,67.3669,66.78849189099869,1.646225677508893
2012-06-23 23:45:00,67.271996,66.70091956899573,1.6679820597653705
2012-06-23 23:50:00,67.40046,66.2513070426484,1.803701869471843
2012-06-23 23:55:00,67.37963,66.69752114531967,1.6688552077477217
2012-06-24 00:00:00,67.22338,66.44940236505266,1.8405430327831203
2012-06-24 00:05:00,67.202545,65.92762251135464,1.983448415738816
2012-06-24 00:10:00,67.20651,65.83050644158861,2.0149334852061274
2012-06-24 00:15:00,67.16335,65.89134183309632,1.9950117817835145
2012-06-24 00:20:00,67.015205,66.14938121215158,1.9176160692361537
2012-06-24 00:25:00,66.90063,65.99966876099836,1.9611645399535513
2012-06-24 00:30:00,67.00132,65.83050644158861,2.0149334852061274
2012-06-24 00:35:00,67.07424,65.52025227915327,2.1277681916188285
2012-06-24 00:40:00,66.82192,65.86300926397426,2.004205706649534
2012-06-24 00:45:00,66.77794,66.14158509544187,1.9197953047840188
2012-06-24 00:50:00,66.65989,66.39365475907162,1.853904763250185
2012-06-24 00:55:00,66.57655,66.38243645410775,1.856644394845099
2012-06-24 01:00:00,66.5453,65.5621360574916,2.1234906713987303
2012-06-24 01:05:00,66.47354,65.47923589308174,2.1414227812001916
2012-06-24 01:10:00,66.3783,65.46732251129386,2.1440397923190253
2012-06-24 01:15:00,66.58813,65.34723805095328,2.1710053641641287
2012-06-24 01:20:00,66.56729,65.22552792732542,2.199469929051514
2012-06-24 01:25:00,66.69229,65.18256785984825,2.2098025807026036
2012-06-24 01:30:00,66.51521,65.8450350543771,2.0657714361561386
2012-06-24 01:35:00,66.39021,65.39547477449926,2.1600438560864705
2012-06-24 01:40:00,66.642525,64.43152788721336,2.4191226758335946
2012-06-24 01:45:00,66.56845,65.63507343431162,2.108107750212274
2012-06-24 01:50:00,66.453865,65.64413877530556,2.1062210325893833
2012-06-24 01:55:00,66.26289,65.76539909273022,2.0814997447784274
2012-06-24 02:00:00,66.46081,65.12074385002359,2.5071052705811714
2012-06-24 02:05:00,66.53257,64.86016836622217,2.5778645392615167
2012-06-24 02:10:00,66.55902,64.746024219688,2.6104697777815518
2012-06-24 02:15:00,66.38195,65.87199684347102,2.327093902061719
2012-06-24 02:20:00,66.4132,64.81035051201282,2.591967140093559
2012-06-24 02:25:00,66.0382,65.37934263122656,2.441439899166673
2012-06-24 02:30:00,66.16088,64.81035051201282,2.591967140093559
2012-06-24 02:35:00,66.08797,64.53837614508937,2.6725705366507015
2012-06-24 02:40:00,66.07523,65.17402237270913,2.493223760430898
2012-06-24 02:45:00,66.141205,65.01823737463509,2.5343578123161596
2012-06-24 02:50:00,66.19329,64.85519735645015,2.57926259960125
2012-06-24 02:55:00,66.071754,64.65981862794426,2.635799079801693
2012-06-24 03:00:00,65.729164,65.66566230326576,2.6254243135206012
2012-06-24 03:05:00,65.69444,64.88261758532057,2.8324167112449543
2012-06-24 03:10:00,65.63078,64.56725601155532,2.9252497869273815
2012-06-24 03:15:00,65.4537,64.88261758532057,2.8324167112449543
2012-06-24 03:20:00,65.29745,64.65438827350226,2.898965495990152
2012-06-24 03:25:00,65.359955,63.43823627042511,3.3238821160453527
2012-06-24 03:30:00,65.1956,65.05236043094747,2.7849131887213274
2012-06-24 03:35:00,64.83102,63.90668231393286,3.1433672410900013
2012-06-24 03:40:00,64.86227,64.83727813767139,2.84538430870585
2012-06-24 03:45:00,64.39352,65.01762140923123,2.794505296362445
2012-06-24 03:50:00,63.870373,64.79177914692757,2.858520157006294
2012-06-24 03:55:00,64.06829,63.812564645612305,3.177634101285184
2012-06-24 04:00:00,64.25811,64.06412756892472,3.2025110752679846
2012-06-24 04:05:00,63.75116,64.6061489687849,3.0448786705148865
2012-06-24 04:10:00,63.45949,64.15308565361745,3.175408330480428
2012-06-24 04:15:00,63.56482,63.96471965629971,3.233454039402863
2012-06-24 04:20:00,63.14815,63.82364930820151,3.278648822778795
2012-06-24 04:25:00,62.994217,63.589736227279595,3.3573081374037073
2012-06-24 04:30:00,62.837963,64.2001610577114,3.161278345496577
2012-06-24 04:35:00,63.379627,62.238691913571955,3.9610718693312847
2012-06-24 04:40:00,62.935184,64.85268933306877,2.97835130652549
2012-06-24 04:45:00,63.29977,62.821500716964465,3.660284078854115
2012-06-24 04:50:00,64.01273,62.39124937931815,3.874479413397404
2012-06-24 04:55:00,63.804398,64.57511315665101,3.0534603237223332
2012-06-24 05:00:00,63.873844,65.11050195473263,2.8413374769715403
2012-06-24 05:05:00,63.64005,62.68416681473908,3.5479050975376727
2012-06-24 05:10:00,63.702545,63.12826437169215,3.3625885020521262
2012-06-24 05:15:00,63.628475,64.64663909257607,2.939203495705417
2012-06-24 05:20:00,63.70139,62.3729127747391,3.7068058068472634
2012-06-24 05:25:00,63.42824,63.179305804987955,3.3439182068973214
2012-06-24 05:30:00,63.415512,63.73268218209618,3.1668307418762285
2012-06-24 05:35:00,63.478012,64.77848399288159,2.91048306849388
2012-06-24 05:40:00,63.193287,63.14215052498409,3.3574624291496207
2012-06-24 05:45:00,62.995373,64.64156339701891,2.9403255042136247
2012-06-24 05:50:00,62.53241,65.67814612393427,2.7315240613576424
2012-06-24 05:55:00,62.230328,63.86694163474271,3.1293833593082945
2012-06-24 06:00:00,62.03241,65.88509204573899,2.498054526556566
2012-06-24 06:05:00,62.912037,62.10470196711395,3.7555327749484717
2012-06-24 06:10:00,63.172455,63.83143650948585,2.915456763277549
2012-06-24 06:15:00,63.214123,64.78561226857589,2.6808321394381824
2012-06-24 06:20:00,63.63889,63.07290512075023,3.2074368700374674
2012-06-24 06:25:00,64.365746,62.51802355541749,3.5047157360006485
2012-06-24 06:30:00,64.48264,64.13243463576393,2.8298651046360455
2012-06-24 06:35:00,64.26389,65.52504159819325,2.5511779267743484
2012-06-24 06:40:00,64.85764,62.42572405348011,3.559396695149843
2012-06-24 06:45:00,65.34722,64.23292799030224,2.8040430213922254
2012-06-24 06:50:00,65.68056,64.13243463576393,2.8298651046360455
2012-06-24 06:55:00,66.17014,63.07290512075023,3.2074368700374674
2012-06-24 07:00:00,66.40972,65.56726161119298,2.409468071208963
2012-06-24 07:05:00,66.47222,66.49253344255261,2.2711484656101857
2012-06-24 07:10:00,66.78472,65.51706172878129,2.418627506284649
2012-06-24 07:15:00,66.95139,65.51706172878129,2.418627506284649
2012-06-24 07:20:00,67.108795,65.405231735921,2.439771794894376
2012-06-24 07:25:00,67.13195,66.19715071400451,2.3096867342862764
2012-06-24 07:30:00,67.236115,65.16400874791002,2.4891433141310437
2012-06-24 07:35:00,67.38079,65.06292793952782,2.511511463679267
2012-06-24 07:40:00,67.50579,65.46678006477211,2.4280059552375275
2012-06-24 07:45:00,67.09954,66.990101077745,2.2159709424861145
2012-06-24 07:50:00,67.133095,66.19715071400451,2.3096867342862764
2012-06-24 07:55:00,67.21644,65.7172746649747,2.3832486210775574
2012-06-24 08:00:00,67.20602,67.12402118052329,2.2124450771804867
2012-06-24 08:05:00,66.84144,67.22193862983913,2.1998888947067217
2012-06-24 08:10:00,66.64468,67.4131974082552,2.1767845327695055
2012-06-24 08:15:00,66.56134,66.7179916146837,2.2701619537664492
2012-06-24 08:20:00,66.552086,66.5543562656318,2.2961955892252934
2012-06-24 08:25:00,66.640045,66.7179916146837,2.2701619537664492
2012-06-24 08:30:00,66.921295,66.01633565178157,2.3947604972030114
2012-06-24 08:35:00,67.016205,66.12097227595828,2.373896206353511
2012-06-24 08:40:00,67.17477,66.45358656257558,2.313087457281692
2012-06-24 08:45:00,67.53935,65.39340353278952,2.539261667128695
2012-06-24 08:50:00,67.5706,66.76993884629668,2.2622443884918244
2012-06-24 08:55:00,67.62269,66.5070635684416,2.3040393389314477
2012-06-24 09:00:00,67.49768,67.20320528883104,2.2763169053261056
2012-06-24 09:05:00,67.81829,65.25324576229205,2.716197569918465
2012-06-24 09:10:00,67.71296,66.51787004305743,2.4003152374049734
2012-06-24 09:15:00,67.84838,66.33010433126894,2.4392547892287126
2012-06-24 09:20:00,67.90394,66.57092889915575,2.389730016648421
2012-06-24 09:25:00,67.92907,67.28258672324243,2.2635941927937293
2012-06-24 09:30:00,67.87698,67.57921473348485,2.218736756653044
2012-06-24 09:35:00,67.94874,66.6892981265944,2.3667499811339043
2012-06-24 09:40:00,67.915184,67.37902937428935,2.2485522977534895
2012-06-24 09:45:00,67.79597,67.42077756695731,2.242179637736663
2012-06-24 09:50:00,67.82722,67.03550094557313,2.3042509356494265
2012-06-24 09:55:00,67.73347,66.86412985548752,2.334341920374342
2012-06-24 10:00:00,67.8087,66.32966354433135,2.555202091670108
2012-06-24 10:05:00,67.82589,67.00567364085818,2.4168249734188065
2012-06-24 10:10:00,67.968254,65.6661360520589,2.7191107185359678
2012-06-24 10:15:00,67.88492,66.95836637636727,2.425742023148629
2012-06-24 10:20:00,68.00529,66.73212762240081,2.469883043298256
2012-06-24 10:25:00,67.93386,67.30841852296483,2.3621014249414207
2012-06-24 10:30:00,67.819275,67.19901115231478,2.3814263288995754
2012-06-24 10:35:00,67.819275,66.95158949600776,2.4270282178931377
2012-06-24 10:40:00,67.74636,67.07952000537385,2.403109325782817
2012-06-24 10:45:00,67.80308,66.62060499661827,2.4926075280093074
2012-06-24 10:50:00,67.782234,67.07952000537385,2.403109325782817
2012-06-24 10:55:00,67.77183,66.13416040039685,2.6002155551719612
2012-06-24 11:00:00,67.73479,66.64970978102014,2.50450968021814
2012-06-24 11:05:00,67.68865,66.98354362662359,2.4374458479373113
2012-06-24 11:10:00,67.74421,66.41551072410768,2.5551128632447964
2012-06-24 11:15:00,67.827545,66.3040179746424,2.5803681716846456
2012-06-24 11:20:00,67.69329,67.32140593907512,2.37468022975078
2012-06-24 11:25:00,67.63773,66.76493561638505,2.4807322036653416
2012-06-24 11:30:00,67.65856,66.37104360855332,2.565091501303891
2012-06-24 11:35:00,67.61806,66.82207284197864,2.4691955913139174
2012-06-24 11:40:00,67.57639,66.50391709082963,2.535634987795068
2012-06-24 11:45:00,67.4456,66.82919055563825,2.4677696647070277
2012-06-24 11:50:00,67.27894,66.82919055563825,2.4677696647070277
2012-06-24 11:55:00,67.43519,65.89342382968692,2.680756247065133
2012-06-24 12:00:00,67.490746,66.44242851461313,2.3143135211164747
2012-06-24 12:05:00,67.48264,66.73157566708095,2.2564604209844386
2012-06-24 12:10:00,67.50347,66.79716097767893,2.24406761627662
2012-06-24 12:15:00,67.50347,66.86231831819039,2.2320029763609455
2012-06-24 12:20:00,67.48032,66.53225719578545,2.295749506436009
2012-06-24 12:25:00,67.483795,66.44242851461313,2.3143135211164747
2012-06-24 12:30:00,67.483795,66.53225719578545,2.295749506436009
2012-06-24 12:35:00,67.52546,66.59912428050102,2.282285204074211
2012-06-24 12:40:00,67.671295,66.26042460044316,2.353700097708718
2012-06-24 12:45:00,67.8125,66.01267822090587,2.4114791449231894
2012-06-24 12:50:00,68.020836,65.76668706759294,2.474115674870807
2012-06-24 12:55:00,67.947914,66.92704549313625,2.2202512515580763
2012-06-24 13:00:00,67.958336,66.950322763889,1.7915414517792734
2012-06-24 13:05:00,68.0081,66.83894625614293,1.807879710489301
2012-06-24 13:10:00,68.1169,67.0742009824916,1.774336913376324
2012-06-24 13:15:00,68.16898,67.01245084757271,1.7827901681406644
2012-06-24 13:20:00,68.22338,66.55539042530631,1.8536143147126303
2012-06-24 13:25:00,68.327545,66.63409761027677,1.8402856276898518
2012-06-24 13:30:00,68.43171,66.69808114084012,1.8298190963149983
2012-06-24 13:35:00,68.43055,67.01245084757271,1.7827901681406644
2012-06-24 13:40:00,68.3368,67.31728748725148,1.7432497225805832
2012-06-24 13:45:00,68.326385,67.0742009824916,1.774336913376324
2012-06-24 13:50:00,68.31597,67.25711569414408,1.7506363675988645
2012-06-24 13:55:00,68.38657,66.63409761027677,1.8402856276898518
2012-06-24 14:00:00,68.4074,67.09831888440073,1.3687990606894704
2012-06-24 14:05:00,68.32407,67.20739844628226,1.3590047538710939
2012-06-24 14:10:00,68.28968,67.70970707030523,1.3234962686411034
2012-06-24 14:15:00,68.3001,67.36948550785173,1.3459464668045218
2012-06-24 14:20:00,68.36608,66.98856139416728,1.3795614551281028
2012-06-24 14:25:00,68.27233,67.31568155360769,1.3500942164070597
2012-06-24 14:30:00,68.25149,67.36948550785173,1.3459464668045218
2012-06-24 14:35:00,68.33483,67.09223826761068,1.3693706195611322
2012-06-24 14:40:00,68.41815,66.87824269199928,1.3913849631978181
2012-06-24 14:45:00,68.479164,67.09831888440073,1.3687990606894704
2012-06-24 14:50:00,68.52083,67.26164757842217,1.3544439500892391
2012-06-24 14:55:00,68.53935,67.1408252294146,1.3648796186646148
2012-06-24 15:00:00,68.6331,67.1536276615742,1.095468488455724
2012-06-24 15:05:00,68.75,66.80516791972204,1.1231772003165243
2012-06-24 15:10:00,68.71726,67.42782757678764,1.0816151190074987
2012-06-24 15:15:00,68.6536,67.33200040161205,1.0858359127939494
2012-06-24 15:20:00,68.52514,67.25753301318996,1.0895570644844508
2012-06-24 15:25:00,68.25728,66.84772772761953,1.1189923500836116
2012-06-24 15:30:00,68.22488,67.19809169159032,1.0928303013473426
2012-06-24 15:35:00,68.17394,67.41647261808245,1.0820836312862385
2012-06-24 15:40:00,68.14037,67.2426595618354,1.090349869798226
2012-06-24 15:45:00,68.152275,67.32561063762608,1.0861396454636514
2012-06-24 15:50:00,68.14187,67.37671996759732,1.0837902899521163
2012-06-24 15:55:00,68.13261,67.17831454860072,1.0939829575574118
2012-06-24 16:00:00,68.07011,67.42306653195855,0.994332081048093
2012-06-24 16:05:00,67.9127,67.21320824775518,1.006704666579901
2012-06-24 16:10:00,67.79812,67.20531024894656,1.0072733179251518
2012-06-24 16:15:00,67.8259,67.02872848584049,1.0225664024792411
2012-06-24 16:20:00,67.96131,66.7834607725684,1.0563437969209122
2012-06-24 16:25:00,68.197914,66.39940727040678,1.2826871105807736
2012-06-24 16:30:00,68.25116,67.02872848584049,1.0225664024792411
2012-06-24 16:35:00,68.25116,67.13497309079692,1.01273555873459
2012-06-24 16:40:00,68.17708,67.05864224496321,1.019581848870012
2012-06-24 16:45:00,68.072914,67.27693001193565,1.0024168513428173
2012-06-24 16:50:00,67.864586,67.24097521398443,1.0047725336911595
2012-06-24 16:55:00,67.70718,67.08892229307641,1.0167403425933308
2012-06-24 17:00:00,67.65509,67.14838835831918,0.9968963858335708
2012-06-24 17:05:00,67.75695,66.74442901062135,1.071508690712353
2012-06-24 17:10:00,67.798615,66.83786700014042,1.046325595734584
2012-06-24 17:15:00,67.740746,67.07457593472408,1.005598886816047
2012-06-24 17:20:00,67.6875,67.14838835831918,0.9968963858335708
2012-06-24 17:25:00,67.834496,66.78854609559819,1.0586633428695769
2012-06-24 17:30:00,67.84491,67.14838835831918,0.9968963858335708
2012-06-24 17:35:00,67.84028,67.08782594793907,1.0039322140554774
2012-06-24 17:40:00,68.020836,66.82946923314412,1.0482968912239612
2012-06-24 17:45:00,68.171295,66.9164716206333,1.0299950212014992
2012-06-24 17:50:00,68.297455,66.65736209384706,1.104068246948806
2012-06-24 17:55:00,68.510414,66.66837841473127,1.0992636930637907
2012-06-24 18:00:00,68.57407,66.93785804982265,1.024947028734011
2012-06-24 18:05:00,68.710655,66.93462218060785,1.025427074695324
2012-06-24 18:10:00,68.76273,66.88019933859921,1.0339977875929345
2012-06-24 18:15:00,68.85648,66.85188682547566,1.038865068393399
2012-06-24 18:20:00,68.90278,66.93462218060785,1.025427074695324
2012-06-24 18:25:00,68.828705,67.121157563695,1.0022537257602837
2012-06-24 18:30:00,68.802086,67.11774753958193,1.0026067380357853
2012-06-24 18:35:00,68.70255,67.01333541798024,1.0146067003231372
2012-06-24 18:40:00,68.608795,67.27338968316955,0.9885866679342867
2012-06-24 18:45:00,68.5,67.28739817508553,0.9875126336118569
2012-06-24 18:50:00,68.601845,66.88336714796107,1.0334713843865508
2012-06-24 18:55:00,68.54977,67.14854156715985,0.9995004985125354
2012-06-24 19:00:00,68.57754,67.07888275272305,1.033634354208741
2012-06-24 19:05:00,68.42129,67.30010216670804,1.0174447279521484
2012-06-24 19:10:00,68.42593,66.97922129192753,1.0429498463142335
2012-06-24 19:15:00,68.43635,67.0753166122429,1.0339437906738764
2012-06-24 19:20:00,68.484955,67.02187280558151,1.0387879002689648
2012-06-24 19:25:00,68.54051,66.8521498379413,1.0571083651095698
2012-06-24 19:30:00,68.50463,66.9934274659708,1.0415332059906757
2012-06-24 19:35:00,68.40973,66.66573728301069,1.083807445841372
2012-06-24 19:40:00,68.35996,66.94731365206563,1.0462471370244473
2012-06-24 19:45:00,68.11292,66.91548828333372,1.0497020572022193
2012-06-24 19:50:00,67.687004,67.13598861856751,1.0289066495103139
2012-06-24 19:55:00,67.63723,66.94731365206563,1.0462471370244473
2012-06-24 20:00:00,67.46246,67.14254099635201,1.0927777804429677
2012-06-24 20:05:00,67.460976,66.78728399178682,1.1243099562884298
2012-06-24 20:10:00,67.45171,66.96797569181776,1.106605775789531
2012-06-24 20:15:00,67.23296,67.08468985435,1.0970378703389196
2012-06-24 20:20:00,67.03505,67.14974596547256,1.0922686369660686
2012-06-24 20:25:00,66.89617,66.99726827869085,1.1040760943032513
2012-06-24 20:30:00,66.89616,66.8538744758011,1.1173433301619644
2012-06-24 20:35:00,67.081345,66.31807316499278,1.192609895237614
2012-06-24 20:40:00,67.13111,66.76134087533899,1.1271748266166262
2012-06-24 20:45:00,67.348045,66.10609642144414,1.2395040684633973
2012-06-24 20:50:00,67.65012,65.8034670245064,1.3394634172071542
2012-06-24 20:55:00,67.59573,66.76134087533899,1.1271748266166262
2012-06-24 21:00:00,67.65939,66.47074939429228,1.2719816131704513
2012-06-24 21:05:00,67.671295,66.67499615252275,1.246537723457655
2012-06-24 21:10:00,67.658066,66.83553949557991,1.2295736567734943
2012-06-24 21:15:00,67.73098,66.25806214622847,1.3038619801379276
2012-06-24 21:20:00,67.85251,66.40016304926179,1.2819041330029537
2012-06-24 21:25:00,67.83167,66.43550204498663,1.2768589145530103
2012-06-24 21:30:00,67.821266,66.74862213840395,1.238449467098101
2012-06-24 21:35:00,67.78422,66.8054221799398,1.2325688910919879
2012-06-24 21:40:00,67.7634,66.81673097424606,1.2314347629456284
2012-06-24 21:45:00,67.73562,66.68375555053355,1.245546991250327
2012-06-24 21:50:00,67.6002,66.61068347810226,1.2540550810727165
2012-06-24 21:55:00,67.62682,66.47074939429228,1.2719816131704513
2012-06-24 22:00:00,67.46941,66.59291941145989,1.3741049181140979
2012-06-24 22:05:00,67.48793,66.62361541386167,1.3705488353018433
2012-06-24 22:10:00,67.48496,66.70187169488935,1.3618365510863673
2012-06-24 22:15:00,67.57523,66.41373977350575,1.3965169104904191
2012-06-24 22:20:00,67.453705,66.71481899900265,1.360442740778862
2012-06-24 22:25:00,67.58912,66.27058851172218,1.4166135179443928
2012-06-24 22:30:00,67.44097,66.62361541386167,1.3705488353018433
2012-06-24 22:35:00,67.34838,66.59291941145989,1.3741049181140979
2012-06-24 22:40:00,67.11921,66.6579732380974,1.366662117783428
2012-06-24 22:45:00,67.072914,66.49999044674318,1.3853669991516346
2012-06-24 22:50:00,67.27663,66.05186565419044,1.4515684531652868
2012-06-24 22:55:00,67.21875,66.4687402045365,1.3893271836320376
2012-06-24 23:00:00,67.427086,65.77557107387848,1.6695670770201831
2012-06-24 23:05:00,67.29398,66.43846487373654,1.5640903853912078
2012-06-24 23:10:00,67.179405,66.44634652512626,1.5630567375006834
2012-06-24 23:15:00,67.03704,66.469924279833,1.5599914110276432
2012-06-24 23:20:00,66.9919,66.04369651370969,1.6221555940252095
2012-06-24 23:25:00,66.87731,66.48167389074547,1.558478599817752
2012-06-24 23:30:00,66.73843,65.84442275304991,1.6567027709184632
2012-06-24 23:35:00,66.51736,66.0143184218252,1.6270098354597808
2012-06-24 23:40:00,66.62153,65.57959311307991,1.7090566631195527
2012-06-24 23:45:00,66.3507,66.08130343937226,1.61605661976612
2012-06-24 23:50:00,66.06366,66.5012037753156,1.5559863749854894
2012-06-24 23:55:00,66.00116,66.00590496012002,1.6284147121688297
2012-06-25 00:00:00,65.76157,66.3014832643222,1.7618253896181704
2012-06-25 00:05:00,65.635414,65.72889925225154,1.8582317410879041
2012-06-25 00:10:00,65.49107,65.80817011165341,1.8434431865376848
2012-06-25 00:15:00,65.37563,65.72889925225154,1.8582317410879041
2012-06-25 00:20:00,65.29256,65.6353904140277,1.876341224834744
2012-06-25 00:25:00,65.162,65.84748942202876,1.8362932824071088
2012-06-25 00:30:00,65.24322,65.04583589717863,2.009692446335847
2012-06-25 00:35:00,65.368385,64.89952120215717,2.04883828419157
2012-06-25 00:40:00,65.29329,65.72889925225154,1.8582317410879041
2012-06-25 00:45:00,65.46584,64.77159541010434,2.085431165515409
2012-06-25 00:50:00,65.5423,65.1958050858808,1.9722942692021217
2012-06-25 00:55:00,65.54349,65.52725001284549,1.8982290539867632
2012-06-25 01:00:00,65.58399,63.43480007857435,3.1739136097218523
2012-06-25 01:05:00,65.68932,63.253453228287434,3.2351674031806676
2012-06-25 01:10:00,65.807045,63.264579471471166,3.2313164734554465
2012-06-25 01:15:00,66.01855,63.29858125723047,3.2196245383729796
2012-06-25 01:20:00,65.3331,63.332680726976555,3.2080158683198188
2012-06-25 01:25:00,65.32823,63.36687098275141,3.1964886535091157
2012-06-25 01:30:00,65.20073,63.40114802670618,3.185043887840205
2012-06-25 01:35:00,65.083664,63.43550453810476,3.1736815713130873
2012-06-25 01:40:00,65.00252,63.469937075385246,3.16240208962004
2012-06-25 01:45:00,64.42371,63.50444132917814,3.151203974163542
2012-06-25 01:50:00,64.13429,63.539010601788696,3.140088129837015
2012-06-25 01:55:00,64.268524,63.57364026490953,3.129054704983643
2012-06-25 02:00:00,63.759262,63.1887328474594,3.462012079717415
2012-06-25 02:05:00,63.663197,63.28503810304909,3.4345569308614117
2012-06-25 02:10:00,63.589123,63.35107349428515,3.4159912176514866
2012-06-25 02:15:00,63.024307,63.799052688002575,3.2949027558057504
2012-06-25 02:20:00,63.561344,60.603923321633424,4.641901784256784
2012-06-25 02:25:00,63.238422,62.922059379589655,3.5406487720067337
2012-06-25 02:30:00,62.863422,62.4374102921843,3.6958304583505157
2012-06-25 02:35:00,62.706013,62.514129975172516,3.6700076482250936
2012-06-25 02:40:00,62.747684,62.69904160859944,3.6098312861476263
2012-06-25 02:45:00,63.039352,60.97269704191598,4.3710880692410425
2012-06-25 02:50:00,62.721066,61.92486442342919,3.8846740613842097
2012-06-25 02:55:00,62.346066,63.74309933002501,3.309610626498069
2012-06-25 03:00:00,62.648148,60.96147703842265,4.0649096951295745
2012-06-25 03:05:00,61.740738,62.65494278095999,3.551178230560335
2012-06-25 03:10:00,61.009262,62.816149266262165,3.5162290213863527
2012-06-25 03:15:00,60.905094,61.24409251068874,3.9482743324967857
2012-06-25 03:20:00,60.452545,62.06505699431054,3.6922323647484885
2012-06-25 03:25:00,60.431713,61.394101418278446,3.8937066778717018
2012-06-25 03:30:00,60.538193,60.82862623411063,4.127279429860361
2012-06-25 03:35:00,60.288193,61.65637453406297,3.8078377509845627
2012-06-25 03:40:00,60.288193,62.664985184336814,3.5489647425712327
2012-06-25 03:45:00,59.95486,61.669866320708245,3.803701082617886
2012-06-25 03:50:00,59.550922,60.607679148543234,4.243589861582422
2012-06-25 03:55:00,59.53009,61.91821807858178,3.731653764903229
2012-06-25 04:00:00,59.630787,62.27986429733601,3.2179355177117057
2012-06-25 04:05:00,59.59259,59.45229518545957,4.5432068386437745
2012-06-25 04:10:00,60.555557,60.294072533984625,3.9718504554284757
2012-06-25 04:15:00,60.930557,61.063764308942105,3.5519115947601914
2012-06-25 04:20:00,60.68866,60.62621420663413,3.7671228872692857
2012-06-25 04:25:00,60.55324,61.50265644051486,3.3970456123810773
2012-06-25 04:30:00,60.45718,61.359891701732124,3.4418231212141017
2012-06-25 04:35:00,60.79977,60.94885169464783,3.6019453624741975
2012-06-25 04:40:00,60.653934,62.850260358696765,3.130539857606836
2012-06-25 04:45:00,60.79861,60.69225586166115,3.7303261527416853
2012-06-25 04:50:00,61.641205,59.21828706105953,4.699601171181327
2012-06-25 04:55:00,61.797455,62.02509757289666,3.267026074957451
2012-06-25 05:00:00,61.94676,63.436708064901275,2.502509984426143
2012-06-25 05:05:00,62.603012,59.96790158549428,4.002983180164615
2012-06-25 05:10:00,62.325237,64.63598222206153,2.4411156061316377
2012-06-25 05:15:00,62.283558,63.243500168301864,2.5223365405303935
2012-06-25 05:20:00,63.04282,60.55976101423686,3.6040362448215375
2012-06-25 05:25:00,63.365738,61.85219762086863,2.836731599113159
2012-06-25 05:30:00,63.57407,61.85219762086863,2.836731599113159
2012-06-25 05:35:00,63.73148,62.98062891054706,2.5555841198724436
2012-06-25 05:40:00,63.814816,62.99857110768505,2.5530568860487035
2012-06-25 05:45:00,64.36806,61.9834134422328,2.786762479358838
2012-06-25 05:50:00,64.58565,63.12498347290378,2.536357389433609
2012-06-25 05:55:00,64.74537,63.40899993899606,2.5051379136033356
2012-06-25 06:00:00,64.77663,64.9884754299271,1.9502761799000339
2012-06-25 06:05:00,65.05788,63.41149883927161,2.147544444549308
2012-06-25 06:10:00,65.1632,64.48949599781612,1.9815276830237822
2012-06-25 06:15:00,65.29861,64.0424081834584,2.030204525963041
2012-06-25 06:20:00,65.25231,64.23307993822586,2.006675531660979
2012-06-25 06:25:00,65.50826,63.961376371785214,2.041622471184243
2012-06-25 06:30:00,65.88326,63.52637333863899,2.120631564203241
2012-06-25 06:35:00,65.95965,64.56294931223088,1.975547553906735
2012-06-25 06:40:00,66.084656,64.28787402388734,2.000710978578276
2012-06-25 06:45:00,65.990906,65.02934738907449,1.9486254317802911
2012-06-25 06:50:00,66.01405,64.94752901733558,1.9520589682880563
2012-06-25 06:55:00,66.18767,65.00210704114924,1.9497110517054084
2012-06-25 07:00:00,66.19808,66.05787331580247,1.6078504305751071
2012-06-25 07:05:00,66.43767,65.39956612402317,1.6576371549672633
2012-06-25 07:10:00,66.58234,65.84243323360035,1.6200605209829144
2012-06-25 07:15:00,66.80109,65.48918492925844,1.6485892442974768
2012-06-25 07:20:00,67.13211,64.91125203282253,1.7217674785285546
2012-06-25 07:25:00,67.209496,65.91063727609809,1.6157868131826507
2012-06-25 07:30:00,67.31482,65.92916290697964,1.61469172154522
2012-06-25 07:35:00,67.31482,65.79880787661058,1.6229972784181868
2012-06-25 07:40:00,67.2963,65.71106933606967,1.6293912627677454
2012-06-25 07:45:00,67.45255,65.57833817424431,1.6403406437900936
2012-06-25 07:50:00,67.23148,65.98180755923897,1.6117328906441353
2012-06-25 07:55:00,67.00231,66.63318820722021,1.593071177142538
2012-06-25 08:00:00,66.91782,66.35228205267158,1.5783458983775498
2012-06-25 08:05:00,66.709496,66.70327914535265,1.5515803376477368
2012-06-25 08:10:00,66.48727,66.74672382034404,1.5488518837117544
2012-06-25 08:15:00,66.195595,66.70327914535265,1.5515803376477368
2012-06-25 08:20:00,66.10185,66.60457372671083,1.5582534667842118
2012-06-25 08:25:00,65.90278,66.50457668396398,1.565690845171499
2012-06-25 08:30:00,65.78704,66.65957133922107,1.5544541753214196
2012-06-25 08:35:00,65.734955,65.9872924594698,1.6154684983779395
2012-06-25 08:40:00,65.90972,65.78552656298366,1.6403672788088215
2012-06-25 08:45:00,65.826385,66.50457668396398,1.565690845171499
2012-06-25 08:50:00,66.075226,65.0611469015894,1.7596579621877695
2012-06-25 08:55:00,66.075226,65.88084331893096,1.6281975377471232
2012-06-25 09:00:00,66.01835,65.50069993542508,1.8468885089114373
2012-06-25 09:05:00,66.0415,65.20753692527983,1.8998797798550295
2012-06-25 09:10:00,65.94196,65.18080005412183,1.905104716072662
2012-06-25 09:15:00,65.8378,64.72470500479544,2.005425502984784
2012-06-25 09:20:00,65.68154,65.74546369723171,1.8082463555034334
2012-06-25 09:25:00,65.37021,65.02015077919681,1.937967708292448
2012-06-25 09:30:00,65.19891,65.68611007612259,1.8171770231375672
2012-06-25 09:35:00,65.14683,65.26764585054575,1.8883802607168212
2012-06-25 09:40:00,64.90724,66.32981497305379,1.733959478485046
2012-06-25 09:45:00,64.69891,65.68611007612259,1.8171770231375672
2012-06-25 09:50:00,64.50446,65.97490888912519,1.7762207012213265
2012-06-25 09:55:00,64.421135,65.44754017629283,1.8559334527175386
2012-06-25 10:00:00,64.333336,64.59916239050013,2.1816185031079525
2012-06-25 10:05:00,64.21644,64.7708441853851,2.1432104352446566
2012-06-25 10:10:00,64.18635,64.01790607270215,2.337936186722216
2012-06-25 10:15:00,64.070274,63.51757245274817,2.509327080622909
2012-06-25 10:20:00,63.903606,64.26509063209784,2.2662164404269656
2012-06-25 10:25:00,63.88277,62.537790023260676,2.9582518731338574
2012-06-25 10:30:00,63.83647,64.1141894180035,2.3090316359504186
2012-06-25 10:35:00,63.711475,64.38828863786348,2.233433368097681
2012-06-25 10:40:00,63.648975,64.38828863786348,2.233433368097681
2012-06-25 10:45:00,63.528606,63.89373101938791,2.377101264688933
2012-06-25 10:50:00,63.463787,64.2787896652972,2.262476308226043
2012-06-25 10:55:00,63.44295,64.38828863786348,2.233433368097681
2012-06-25 11:00:00,63.19296,63.75413848092529,2.4022961974528028
2012-06-25 11:05:00,63.047123,63.75413848092529,2.4022961974528028
2012-06-25 11:10:00,62.852676,63.512448263804096,2.482996150588559
2012-06-25 11:15:00,62.833332,62.45783708560631,2.9422404812131107
2012-06-25 11:20:00,62.863422,62.93177566531029,2.7135532488194163
2012-06-25 11:25:00,62.84259,62.05565025353099,3.1664859626474513
2012-06-25 11:30:00,62.638885,63.512448263804096,2.482996150588559
2012-06-25 11:35:00,62.597225,63.31676587680011,2.554789534440458
2012-06-25 11:40:00,62.503475,63.692251113726655,2.422137810390252
2012-06-25 11:45:00,62.512737,62.83008654603254,2.759472777656201
2012-06-25 11:50:00,62.491898,63.56794843335387,2.46369582709603
2012-06-25 11:55:00,62.38773,63.93894887012899,2.3463220120921666
2012-06-25 12:00:00,62.429398,62.0443365564825,3.031758605929243
2012-06-25 12:05:00,62.368057,62.718989861743445,2.6802060866977957
2012-06-25 12:10:00,62.414352,62.14466363314565,2.974540236613871
2012-06-25 12:15:00,62.51703,62.182980403196204,2.9531401450172665
2012-06-25 12:20:00,62.507767,62.96970430283648,2.5694270607948178
2012-06-25 12:25:00,62.695267,61.761066468923055,3.202461306129677
2012-06-25 12:30:00,62.772816,62.08304370274809,3.009481034729308
2012-06-25 12:35:00,62.866566,62.91291468240933,2.5935853713873196
2012-06-25 12:40:00,62.658234,62.97678316541613,2.5664544413947596
2012-06-25 12:45:00,62.717266,62.7407164270199,2.6701829085976367
2012-06-25 12:50:00,62.69643,63.290990165635684,2.4429519612434842
2012-06-25 12:55:00,62.70106,63.16626791140064,2.490004253469333
2012-06-25 13:00:00,62.94296,62.403475490789866,2.6743802196580244
2012-06-25 13:05:00,63.2543,62.410836783957954,2.6704713767536816
2012-06-25 13:10:00,63.34921,62.52706863087817,2.609797278790183
2012-06-25 13:15:00,63.435184,62.89936796428295,2.430428013743651
2012-06-25 13:20:00,63.497692,62.96809924070891,2.4000538270457317
2012-06-25 13:25:00,63.589123,63.02769678251585,2.3744510988684255
2012-06-25 13:30:00,63.776623,62.66164617581463,2.542198520987037
2012-06-25 13:35:00,63.79398,63.491344843741636,2.199404272358175
2012-06-25 13:40:00,64.04398,61.68281679009422,3.0873367891595893
2012-06-25 13:45:00,64.10532,63.145553847693805,2.3258703526439084
2012-06-25 13:50:00,64.03241,63.20389530100547,2.3028440933931873
2012-06-25 13:55:00,64.06019,63.22971444705423,2.292871945348402
2012-06-25 14:00:00,64.02662,64.11184960095872,1.9101002692245261
2012-06-25 14:05:00,64.00231,64.43298786599819,1.8414598826675446
2012-06-25 14:10:00,64.07523,63.57076679809381,2.0990407329403595
2012-06-25 14:15:00,64.27199,63.79630553540823,2.008024356897868
2012-06-25 14:20:00,64.303246,63.74771750553336,2.0261898698653895
2012-06-25 14:25:00,64.21991,63.91315986741525,1.9677604267940003
2012-06-25 14:30:00,64.204865,64.05648479456457,1.9248622925962475
2012-06-25 14:35:00,64.29167,63.95238487602839,1.9553238979326313
2012-06-25 14:40:00,64.40626,63.703889956783485,2.0432792272029476
2012-06-25 14:45:00,64.58747,63.874107737949,1.9806768606906564
2012-06-25 14:50:00,64.89649,63.33583906462611,2.2087261135519523
2012-06-25 14:55:00,65.19147,63.79630553540823,2.008024356897868
2012-06-25 15:00:00,65.345406,64.8952618243085,2.0583997292965086
2012-06-25 15:05:00,65.51554,65.08731238447038,1.978374055270332
2012-06-25 15:10:00,65.73429,64.85289159900046,2.0842212636705475
2012-06-25 15:15:00,65.807205,65.33379249175283,1.9234561698044512
2012-06-25 15:20:00,66.09309,64.85289159900046,2.0842212636705475
2012-06-25 15:25:00,66.428734,64.69534403171441,2.199749555953779
2012-06-25 15:30:00,66.558365,64.90740639894898,2.0516320610487266
2012-06-25 15:35:00,66.652115,65.09709371867729,1.9754762453380783
2012-06-25 15:40:00,66.72619,65.01371746165196,2.0031656280819736
2012-06-25 15:45:00,66.71164,65.34471126215911,1.921652613370637
2012-06-25 15:50:00,66.71511,65.35941990423596,1.9192824008073999
2012-06-25 15:55:00,66.50347,65.74135726120598,1.874304628675671
2012-06-25 16:00:00,66.3831,65.66854858693259,3.1322125011805713
2012-06-25 16:05:00,66.15394,66.0971996873134,2.837583815872216
2012-06-25 16:10:00,66.03935,65.85928211180196,2.9932077280824934
2012-06-25 16:15:00,65.84375,66.00047405680826,2.8987390501194312
2012-06-25 16:20:00,65.761734,66.16828585986882,2.794283300787251
2012-06-25 16:25:00,65.59275,66.04858353157083,2.8679845856687494
2012-06-25 16:30:00,65.45734,65.59078821716979,3.1930681563672425
2012-06-25 16:35:00,65.360115,65.7678013029183,3.0581252273337185
2012-06-25 16:40:00,65.108955,65.55237454193413,3.224058189794475
2012-06-25 16:45:00,64.953865,65.62950175331802,3.1624566205745617
2012-06-25 16:50:00,64.830025,65.72283786073818,3.0912013664577596
2012-06-25 16:55:00,64.86309,65.20985600394745,3.5222867784917056
2012-06-25 17:00:00,64.8087,64.02221263110057,7.93338886407415
2012-06-25 17:05:00,64.9337,63.8945806475584,8.20409924322776
2012-06-25 17:10:00,64.787865,64.49405482121648,6.927167892697894
2012-06-25 17:15:00,64.565636,64.02221263110057,7.93338886407415
2012-06-25 17:20:00,64.51802,65.34955092887581,5.218520805109987
2012-06-25 17:25:00,64.16617,64.3769026754328,7.17593171363285
2012-06-25 17:30:00,61.38492,63.67795650118553,8.656575505077935
2012-06-25 17:35:00,57.671955,64.46231902209918,6.994377279311084
2012-06-25 17:40:00,54.296955,62.04613302952928,11.483935894385604
2012-06-25 17:45:00,50.377975,63.56550770956657,8.886621397861632
2012-06-25 17:50:00,46.564316,64.11304845865352,7.739636466399887
2012-06-25 17:55:00,42.707172,64.42585214347602,7.071782381982007
2012-06-25 18:00:00,39.039352,63.422011683388575,10.641076564052016
2012-06-25 18:05:00,34.935184,65.13521398592887,5.419010638691088
2012-06-25 18:10:00,31.351852,62.951144371302156,12.47006302490827
2012-06-25 18:15:00,27.805555,61.29059504678242,18.562062780848073
2012-06-25 18:20:00,24.222221,65.03744548800431,5.646217376437575
2012-06-25 18:25:00,21.416666,59.59003203598484,22.61608067436225
2012-06-25 18:30:00,20.447916,30.90462037640243,21.367323951966203
2012-06-25 18:35:00,20.174768,30.724229605354996,20.074919977126378
2012-06-25 18:40:00,19.912035,30.718356402005142,20.19461921988616
2012-06-25 18:45:00,21.331018,30.76411089904948,19.88094536136214
2012-06-25 18:50:00,25.292824,30.738696744727964,19.97355785072963
2012-06-25 18:55:00,29.313658,30.740097816434332,19.966731216066115
2012-06-25 19:00:00,33.314816,31.217799896099333,22.37954117736363
2012-06-25 19:05:00,37.538193,31.173309757682787,22.000205937856773
2012-06-25 19:10:00,41.44907,31.22884897115864,22.449368806344083
2012-06-25 19:15:00,45.350693,31.20718018555245,22.307184831127596
2012-06-25 19:20:00,49.01736,31.296985250489826,22.81165419230334
2012-06-25 19:25:00,52.270832,31.512348698602977,23.669092216084433
2012-06-25 19:30:00,56.333332,31.204014898024713,22.28436045211629
2012-06-25 19:35:00,60.504627,31.178829548230542,22.065944991330877
2012-06-25 19:40:00,64.33796,31.201447492866688,22.265297759570572
2012-06-25 19:45:00,66.983795,32.24660782322054,25.72450535205293
2012-06-25 19:50:00,66.90046,66.00510770451072,2.677898104100341
2012-06-25 19:55:00,66.83796,66.24026247722188,2.401556261649886
2012-06-25 20:00:00,66.82755,66.2957639818603,1.7457501062879779
2012-06-25 20:05:00,66.87384,66.1187224142204,1.8245166433664488
2012-06-25 20:10:00,66.858795,66.1187224142204,1.8245166433664488
2012-06-25 20:15:00,66.984955,65.76256989152067,2.0358051190432467
2012-06-25 20:20:00,66.984955,65.94882811020241,1.9150487085810806
2012-06-25 20:25:00,67.078705,65.76256989152067,2.0358051190432467
2012-06-25 20:30:00,67.05787,66.2957639818603,1.7457501062879779
2012-06-25 20:35:00,67.12269,66.1187224142204,1.8245166433664488
2012-06-25 20:40:00,67.342255,65.43877530441856,2.3227702471113263
2012-06-25 20:45:00,67.38392,65.65403093670541,2.1192494507558117
2012-06-25 20:50:00,67.54133,65.56000064252038,2.201154173062255
2012-06-25 20:55:00,67.68717,65.79932586134125,2.009899043888518
2012-06-25 21:00:00,67.67675,65.871132329062,1.781197971075735
2012-06-25 21:05:00,67.57374,65.90771613178295,1.7719991063816807
2012-06-25 21:10:00,67.625824,65.66648433218681,1.8374821195198099
2012-06-25 21:15:00,67.61426,65.83459314797085,1.7906325679238417
2012-06-25 21:20:00,67.540184,65.54520992215966,1.875222331533405
2012-06-25 21:25:00,67.49851,65.70720821516771,1.8255831715237567
2012-06-25 21:30:00,67.37351,65.83002975560044,1.7918285848466604
2012-06-25 21:35:00,67.317955,65.98096594901759,1.7542891553329156
2012-06-25 21:40:00,67.14468,65.8241623673034,1.793372229187393
2012-06-25 21:45:00,67.196754,65.38632428451758,1.9306089147070054
2012-06-25 21:50:00,67.171295,65.72534696702479,1.8204014699271667
2012-06-25 21:55:00,67.077545,65.95348590817527,1.7608249186807978
2012-06-25 22:00:00,67.028435,65.5065982384417,1.930912543536478
2012-06-25 22:05:00,66.89996,65.17144164633315,2.010975362695985
2012-06-25 22:10:00,66.7452,65.5485876371272,1.9218771678657587
2012-06-25 22:15:00,66.59937,65.46460269834836,1.9401538937184941
2012-06-25 22:20:00,66.69196,64.91931571613362,2.082296659198405
2012-06-25 22:25:00,66.421135,65.21314186481533,2.0001740652572892
2012-06-25 22:30:00,66.2753,65.0057777932429,2.0565995699216137
2012-06-25 22:35:00,66.18849,65.43660505846765,1.9464322223044717
2012-06-25 22:40:00,66.17924,64.81136601011475,2.11642318674131
2012-06-25 22:45:00,66.037865,65.25492385006064,1.9896073132271734
2012-06-25 22:50:00,65.79829,65.29677493356117,1.979271056836707
2012-06-25 22:55:00,65.944115,65.25492385006064,1.9896073132271734
2012-06-25 23:00:00,65.63327,64.87573299297499,2.2395349754482905
2012-06-25 23:05:00,65.60549,64.2126422082026,2.4413155282410184
2012-06-25 23:10:00,65.56233,64.48437677836873,2.350631218416416
2012-06-25 23:15:00,65.479004,64.43595051673628,2.3658821290032295
2012-06-25 23:20:00,65.377144,64.85389641639311,2.2452200203032757
2012-06-25 23:25:00,65.20354,63.71108347381022,2.6502787096707627
2012-06-25 23:30:00,64.6827,63.98209500446213,2.5294643711951568
2012-06-25 23:35:00,64.352844,64.6488426267375,2.3014468489409663
2012-06-25 23:40:00,64.03687,64.32367797165452,2.4027098227533794
2012-06-25 23:45:00,63.58449,64.24422433861534,2.4301007241762944
2012-06-25 23:50:00,63.571762,63.90290138735626,2.5626156016390524
2012-06-25 23:55:00,63.259262,65.41923519900304,2.1139926875080035
2012-06-26 00:00:00,63.0463,63.20140663640962,2.9991688841062776
2012-06-26 00:05:00,62.931717,63.67685325438154,2.807183861963196
2012-06-26 00:10:00,62.879627,63.89268180288019,2.7326298411214966
2012-06-26 00:15:00,62.504627,63.67685325438154,2.807183861963196
2012-06-26 00:20:00,62.328705,64.02403792722801,2.6902965532663194
2012-06-26 00:25:00,62.3669,62.65832802434412,3.2918872355568127
2012-06-26 00:30:00,62.5544,62.002282235402426,3.9076693020751088
2012-06-26 00:35:00,62.47107,62.93240096520901,3.1311137232150124
2012-06-26 00:40:00,62.51273,62.712667011659306,3.257337292063173
2012-06-26 00:45:00,62.741898,62.280350285368996,3.587510828933132
2012-06-26 00:50:00,62.82523,63.415917348562566,2.907111628443031
2012-06-26 00:55:00,62.63773,63.71964696981192,2.7918680660676016
2012-06-26 01:00:00,62.439816,61.05146797736987,4.160121780126063
2012-06-26 01:05:00,62.366898,61.597475894479906,4.048270781870916
2012-06-26 01:10:00,62.033566,61.92904708745443,3.9895709388433205
2012-06-26 01:15:00,62.158566,60.96157765960452,4.182535040836609
2012-06-26 01:20:00,62.15741,61.65887604332429,4.037130238404216
2012-06-26 01:25:00,62.08449,61.270506635289365,4.111487051816807
2012-06-26 01:30:00,61.77315,60.983620351623706,4.176871327731516
2012-06-26 01:35:00,61.998844,61.17847672669214,4.131071971708272
2012-06-26 01:40:00,62.009262,61.3222984254968,4.100893479338982
2012-06-26 01:45:00,61.84491,61.40205201401735,4.085078375119603
2012-06-26 01:50:00,61.461807,61.985212876580384,3.979877394132829
2012-06-26 01:55:00,61.42014,61.42917944867361,4.079819579570171
2012-06-26 02:00:00,61.090282,59.89078216583612,4.451141023578798
2012-06-26 02:05:00,60.82986,60.608510259775755,4.344726061309596
2012-06-26 02:10:00,60.663193,60.26476897342448,4.385019393032578
2012-06-26 02:15:00,60.600693,60.454207024683164,4.361693287703581
2012-06-26 02:20:00,60.569447,60.85849518246599,4.318949326577194
2012-06-26 02:25:00,60.363422,60.310345243550124,4.379053386186668
2012-06-26 02:30:00,60.883102,59.67479134472824,4.519150499156109
2012-06-26 02:35:00,60.166668,60.976296882259,4.3070322658783455
2012-06-26 02:40:00,59.739582,60.555941440552196,4.350369392061177
2012-06-26 02:45:00,59.980328,60.22526614769592,4.39042534502076
2012-06-26 02:50:00,59.78241,60.198658972983885,4.394206612786669
2012-06-26 02:55:00,59.306717,60.530079905438534,4.353191591472432
2012-06-26 03:00:00,59.480328,59.01564163783411,4.598689088336881
2012-06-26 03:05:00,59.33449,59.62640798394465,4.277508500986953
2012-06-26 03:10:00,59.042828,59.53312255055625,4.303336206437456
2012-06-26 03:15:00,58.392365,59.90614980767461,4.222205627872212
2012-06-26 03:20:00,57.454865,60.38146029110636,4.164527216673919
2012-06-26 03:25:00,57.212967,59.501758262109526,4.313257161249364
2012-06-26 03:30:00,57.0544,60.29556391331298,4.173136847405911
2012-06-26 03:35:00,57.0,59.14339797746761,4.498024619935546
2012-06-26 03:40:00,57.010418,59.322692789069976,4.386505168697143
2012-06-26 03:45:00,56.496532,60.420438375072195,4.160787841023235
2012-06-26 03:50:00,56.32986,59.430798210929346,4.338547805035698
2012-06-26 03:55:00,56.533566,59.24161884793247,4.431719963568628
2012-06-26 04:00:00,56.24884,59.4870833087698,3.8576463485792325
2012-06-26 04:05:00,55.7037,59.62948355351457,3.754062515980975
2012-06-26 04:10:00,55.662033,59.335305623805795,4.000536615364456
2012-06-26 04:15:00,55.75,59.04070497535927,4.315544019777385
2012-06-26 04:20:00,56.608795,58.80276688398544,4.554122849866832
2012-06-26 04:25:00,56.640045,59.38125986494769,3.954256182394769
2012-06-26 04:30:00,56.756943,60.174233818963046,3.5493071928120163
2012-06-26 04:35:00,57.413193,59.288052934772374,4.049997377860754
2012-06-26 04:40:00,57.600693,59.580557864883765,3.7862339396930618
2012-06-26 04:45:00,58.077545,59.580557864883765,3.7862339396930618
2012-06-26 04:50:00,58.71147,59.42658022082907,3.9109786011660845
2012-06-26 04:55:00,58.67444,59.80590488346689,3.662674406753133
2012-06-26 05:00:00,59.219574,60.011144105811375,3.631642510879312
2012-06-26 05:05:00,60.1918,59.37973171505255,4.200106854712223
2012-06-26 05:10:00,60.58763,60.38040312711255,3.279924826346548
2012-06-26 05:15:00,60.96263,60.28104010313506,3.3749367963875176
2012-06-26 05:20:00,60.703373,61.74260947921429,2.567396761803915
2012-06-26 05:25:00,61.265873,60.60091314730199,3.077126045937295
2012-06-26 05:30:00,61.186016,61.757885980854674,2.5649672713042615
2012-06-26 05:35:00,61.311016,61.84139668130786,2.5526906860641247
2012-06-26 05:40:00,61.75777,61.180455333646215,2.7130769781921416
2012-06-26 05:45:00,62.114258,61.891666590973976,2.5460662134920757
2012-06-26 05:50:00,62.34491,62.03830636895793,2.5296676013575463
2012-06-26 05:55:00,62.841434,60.99242122638879,2.7995689167843913
2012-06-26 06:00:00,63.08102,63.17466020824199,1.9626664850251976
2012-06-26 06:05:00,63.29977,63.958791094982075,1.779127152144061
2012-06-26 06:10:00,63.561344,63.142264560098376,1.9734612553637874
2012-06-26 06:15:00,64.11343,62.945639652421924,2.045027926327235
2012-06-26 06:20:00,64.65972,63.062649347954384,2.0011817382562556
2012-06-26 06:25:00,64.87847,63.958791094982075,1.779127152144061
2012-06-26 06:30:00,65.270836,63.6299429599602,1.8390392705074667
2012-06-26 06:35:00,65.358795,64.31777639025351,1.7376359788770952
2012-06-26 06:40:00,65.47454,64.46051197960055,1.7273583847988307
2012-06-26 06:45:00,65.46991,65.00040223677316,1.7170631156301657
2012-06-26 06:50:00,65.41782,64.8057080527252,1.7158167658649397
2012-06-26 06:55:00,65.615746,64.34713755618066,1.7352461034247895
2012-06-26 07:00:00,66.13657,64.93810743018473,1.5624710266892468
2012-06-26 07:05:00,66.28241,65.97709481495066,1.408959350827679
2012-06-26 07:10:00,66.760414,64.99135254598515,1.5519715260416989
2012-06-26 07:15:00,67.020836,65.97709481495066,1.408959350827679
2012-06-26 07:20:00,67.09375,66.1011308707013,1.39749454399458
2012-06-26 07:25:00,67.35648,65.97709481495066,1.408959350827679
2012-06-26 07:30:00,67.39815,66.22219175554908,1.3876884142244206
2012-06-26 07:35:00,67.54977,65.95380300656586,1.4112720729898696
2012-06-26 07:40:00,67.73032,66.26187462540032,1.384774531308156
2012-06-26 07:45:00,67.578705,66.55081136789563,1.3681210804174453
2012-06-26 07:50:00,67.578705,66.1011308707013,1.39749454399458
2012-06-26 07:55:00,67.52662,66.41724052431027,1.374810134194747
2012-06-26 08:00:00,67.266205,66.97511604264726,1.4305816234284572
2012-06-26 08:05:00,67.18287,66.33069147359213,1.4746330813806081
2012-06-26 08:10:00,66.891205,66.83083223998943,1.4378811984147575
2012-06-26 08:15:00,66.76389,66.87924362280053,1.4352663160206178
2012-06-26 08:20:00,66.67014,66.12339350374258,1.4951310461538225
2012-06-26 08:25:00,66.50115,66.88995874768351,1.4347105037779615
2012-06-26 08:30:00,66.520836,66.12339350374258,1.4951310461538225
2012-06-26 08:35:00,66.39434,66.33069147359213,1.4746330813806081
2012-06-26 08:40:00,66.255455,66.84700333818232,1.4369892182651685
2012-06-26 08:45:00,66.18254,65.59130569753363,1.5627151476503673
2012-06-26 08:50:00,66.26588,65.75269379568766,1.539847044485508
2012-06-26 08:55:00,66.161705,65.91266993374563,1.519247709397353
2012-06-26 09:00:00,66.21379,64.99278199574267,1.7594585296108962
2012-06-26 09:05:00,66.067955,65.20400413234749,1.7243045030024533
2012-06-26 09:10:00,65.96379,64.67672853453188,1.820589672924994
2012-06-26 09:15:00,65.726524,65.56218593047015,1.6741337774436111
2012-06-26 09:20:00,65.570274,64.94003372576914,1.7689286917374212
2012-06-26 09:25:00,65.3411,65.36256190188378,1.7006897366712723
2012-06-26 09:30:00,65.03423,65.51523510498232,1.6800714729928103
2012-06-26 09:35:00,64.93155,64.98524340280079,1.7607944044878028
2012-06-26 09:40:00,64.733635,65.46826736837147,1.6861992184124803
2012-06-26 09:45:00,64.62946,64.51909537322852,1.8552100423453448
2012-06-26 09:50:00,64.421135,65.46826736837147,1.6861992184124803
2012-06-26 09:55:00,64.11905,64.67672853453188,1.820589672924994
2012-06-26 10:00:00,63.781086,64.79461287260422,1.8075816964493514
2012-06-26 10:05:00,63.729004,64.05769911703632,1.9695161277165827
2012-06-26 10:10:00,63.812336,63.76381772535282,2.053638180100601
2012-06-26 10:15:00,63.562336,63.95989535793686,1.996199684334156
2012-06-26 10:20:00,63.665344,63.76381772535282,2.053638180100601
2012-06-26 10:25:00,63.415344,63.812926217289544,2.038752787119718
2012-06-26 10:30:00,63.379627,63.58768750406522,2.1098028826127373
2012-06-26 10:35:00,63.358795,64.05769911703632,1.9695161277165827
2012-06-26 10:40:00,63.244213,64.05769911703632,1.9695161277165827
2012-06-26 10:45:00,63.202545,63.61596224901407,2.1004921523234583
2012-06-26 10:50:00,63.04051,64.00880765117812,1.982693586280203
2012-06-26 10:55:00,63.00926,62.80050757893372,2.414463438931847
2012-06-26 11:00:00,62.66666,62.95702323765307,2.275019688683009
2012-06-26 11:05:00,62.489582,63.555647134139235,2.058384049421936
2012-06-26 11:10:00,62.425922,63.88099235996322,1.9621439906617189
2012-06-26 11:15:00,62.69229,62.519633555518816,2.4650693218044557
2012-06-26 11:20:00,62.495533,63.968254971066166,1.9389009426815702
2012-06-26 11:25:00,62.597385,62.360224284979324,2.5410184657908412
2012-06-26 11:30:00,62.43072,63.17507402268013,2.1902362185434847
2012-06-26 11:35:00,62.170303,63.6956277902919,2.0151131584708613
2012-06-26 11:40:00,62.28836,63.27147793390447,2.154884480139106
2012-06-26 11:45:00,62.434193,63.17507402268013,2.1902362185434847
2012-06-26 11:50:00,62.406418,63.001090928058154,2.2573489150691977
2012-06-26 11:55:00,62.666836,62.41371540199074,2.5151281743509144
2012-06-26 12:00:00,63.157574,61.03274846009224,3.25194590737568
2012-06-26 12:05:00,63.376324,62.61096325461787,2.3333860117295107
2012-06-26 12:10:00,63.46081,63.462159605413795,1.9983720070896362
2012-06-26 12:15:00,63.413193,63.62755577322812,1.9459046694384101
2012-06-26 12:20:00,63.621532,62.95620456499655,2.1846776955903255
2012-06-26 12:25:00,63.84375,62.75016507567613,2.2713514732577984
2012-06-26 12:30:00,64.21875,62.246671226697,2.509184715669008
2012-06-26 12:35:00,64.510414,62.35273013194686,2.4559614508196055
2012-06-26 12:40:00,64.59376,63.66156378940115,1.9356416500779954
2012-06-26 12:45:00,64.62501,63.69127706271039,1.9268215352019062
2012-06-26 12:50:00,64.91898,62.75016507567613,2.2713514732577984
2012-06-26 12:55:00,64.94444,63.512269562187214,1.982029557684654
2012-06-26 13:00:00,64.946754,63.516372883006085,1.9008809999254819
2012-06-26 13:05:00,64.99884,63.610768872808876,1.8692774784255664
2012-06-26 13:10:00,65.009254,63.82216422974991,1.8046093589013428
2012-06-26 13:15:00,65.101845,63.44044478891754,1.9275255274512852
2012-06-26 13:20:00,65.133095,63.86443539147954,1.7926812392181117
2012-06-26 13:25:00,65.100685,63.74236204956509,1.8280347651578601
2012-06-26 13:30:00,65.00346,63.94911006672776,1.7697709843374543
2012-06-26 13:35:00,65.05556,63.6954077231781,1.8423754271319475
2012-06-26 13:40:00,64.791664,64.00570524632619,1.755180542109768
2012-06-26 13:45:00,64.67708,63.82216422974991,1.8046093589013428
2012-06-26 13:50:00,64.53125,64.03406196571865,1.7480838931823286
2012-06-26 13:55:00,64.47454,63.629597168289195,1.8631755298856334
2012-06-26 14:00:00,64.59954,63.84375739000078,1.8597991945097052
2012-06-26 14:05:00,64.56135,64.1065689099553,1.7719735691025165
2012-06-26 14:10:00,64.36343,64.14490455667605,1.760765522069834
2012-06-26 14:15:00,64.30788,64.10232448509962,1.7732380760734916
2012-06-26 14:20:00,64.29746,64.26136058723344,1.7289838700743008
2012-06-26 14:25:00,64.422455,63.91800463713751,1.8329465711650699
2012-06-26 14:30:00,64.665504,63.8684487718258,1.8506824080994824
2012-06-26 14:35:00,64.540504,64.18347657342655,1.7498689586382294
2012-06-26 14:40:00,64.790504,63.32514761531534,2.096526360470692
2012-06-26 14:45:00,64.885414,63.69644815776931,1.9181835857560452
2012-06-26 14:50:00,64.947914,63.769964236185295,1.8881804795334656
2012-06-26 14:55:00,65.041664,63.73318298868613,1.9029734695448937
2012-06-26 15:00:00,65.13657,64.96374053904616,1.9972471355579724
2012-06-26 15:05:00,65.32061,64.70545431693235,2.0955560773713096
2012-06-26 15:10:00,65.38311,64.34750966022399,2.3253772895681792
2012-06-26 15:15:00,65.53357,64.65725991569683,2.1190444256408933
2012-06-26 15:20:00,65.57523,64.90066737577008,2.0176971928998415
2012-06-26 15:25:00,65.48148,65.02883019056267,1.97805038527667
2012-06-26 15:30:00,65.3125,65.38184871131223,1.8997441200130547
2012-06-26 15:35:00,65.5,64.54030462131863,2.1851382566743904
2012-06-26 15:40:00,65.4375,64.90066737577008,2.0176971928998415
2012-06-26 15:45:00,65.51968,64.75524380792488,2.073261402202233
2012-06-26 15:50:00,65.61343,64.72393580088227,2.0870579562109
2012-06-26 15:55:00,65.81134,64.78075208599678,2.062545580106289
2012-06-26 16:00:00,65.79282,65.37099482621473,3.6358274204494982
2012-06-26 16:05:00,65.803246,65.36608873142012,3.6380848476897696
2012-06-26 16:10:00,65.88079,64.11098195650851,4.343573197419068
2012-06-26 16:15:00,65.87037,65.14445916336503,3.746299494635677
2012-06-26 16:20:00,65.98148,65.05502937701512,3.793221066847586
2012-06-26 16:25:00,65.92047,64.6386095727003,4.030241700129927
2012-06-26 16:30:00,65.94825,64.77055912912229,3.952569401715577
2012-06-26 16:35:00,66.06283,65.09982572543254,3.769498781376479
2012-06-26 16:40:00,66.146164,64.5900232784407,4.05918805401104
2012-06-26 16:45:00,66.06283,65.01003874352931,3.817463844049186
2012-06-26 16:50:00,65.96214,65.01003874352931,3.817463844049186
2012-06-26 16:55:00,65.930885,65.54282849485169,3.560711787146639
2012-06-26 17:00:00,65.97719,64.18940449315993,9.038841916899178
2012-06-26 17:05:00,65.81052,64.39313929681016,8.747518658924692
2012-06-26 17:10:00,63.21214,62.71676074209131,10.838287434723313
2012-06-26 17:15:00,59.28505,63.84459007367105,9.513857501497853
2012-06-26 17:20:00,55.58135,64.59148729216014,8.458702638112712
2012-06-26 17:25:00,51.725697,62.38007038158951,11.15690468151846
2012-06-26 17:30:00,47.744217,63.460029323116714,10.008545884490326
2012-06-26 17:35:00,43.671295,64.68889970710528,8.315620949282563
2012-06-26 17:40:00,40.035877,63.59415626450536,9.840705688544302
2012-06-26 17:45:00,36.046295,62.964680597856834,10.58089791748951
2012-06-26 17:50:00,32.092594,62.80419099211815,10.749744058236407
2012-06-26 17:55:00,27.707178,64.39313929681016,8.747518658924692
2012-06-26 18:00:00,23.586805,64.60958587268293,9.82225841253266
2012-06-26 18:05:00,19.443949,63.07094812183524,14.256084226275918
2012-06-26 18:10:00,18.097883,31.1492306920193,19.885549281090494
2012-06-26 18:15:00,18.13955,31.044796140928145,19.251244862075023
2012-06-26 18:20:00,17.732141,30.98252048544479,19.28339409364675
2012-06-26 18:25:00,17.46131,31.068533186546087,19.251413142583207
2012-06-26 18:30:00,17.261078,31.070677160919058,19.25158314387233
2012-06-26 18:35:00,17.531912,31.052474621492753,19.250916370927875
2012-06-26 18:40:00,17.042328,30.99180297119179,19.272207415449753
2012-06-26 18:45:00,17.000662,31.08831077456522,19.253693474011122
2012-06-26 18:50:00,17.093252,31.08318688230752,19.252954843628228
2012-06-26 18:55:00,17.437002,31.153029464280948,19.26927229720667
2012-06-26 19:00:00,17.611773,31.28529153528915,21.334277540816277
2012-06-26 19:05:00,17.726852,31.29836258728672,21.202452014130618
2012-06-26 19:10:00,18.104168,31.28680344902278,21.30224110940184
2012-06-26 19:15:00,18.572918,31.28661356974696,21.44469364511905
2012-06-26 19:20:00,20.082178,31.284933612854246,21.347557875378158
2012-06-26 19:25:00,24.44676,31.304285159248284,21.172203770796106
2012-06-26 19:30:00,28.91551,31.297634400264,21.206682168371994
2012-06-26 19:35:00,32.666668,31.30625444468752,21.628997294005433
2012-06-26 19:40:00,37.010418,31.29146000091289,21.24995868152975
2012-06-26 19:45:00,41.181713,31.290028785871485,21.262967488727227
2012-06-26 19:50:00,45.17477,31.284680598719234,21.367991970993405
2012-06-26 19:55:00,49.153934,31.284682260162892,21.37844826668855
2012-06-26 20:00:00,53.14352,32.17773445627557,23.556182344180282
2012-06-26 20:05:00,57.212963,32.057673315483555,23.246485922448997
2012-06-26 20:10:00,60.827545,32.27642053096617,23.760417857997396
2012-06-26 20:15:00,64.24305,32.523217306443975,24.17048422757206
2012-06-26 20:20:00,66.91898,34.446408958099475,25.578469438377564
2012-06-26 20:25:00,66.87731,65.99995313488252,2.550051705319708
2012-06-26 20:30:00,66.68287,66.44047625897146,2.282763781438
2012-06-26 20:35:00,66.71296,65.97719162371271,2.5685205207616972
2012-06-26 20:40:00,66.47801,66.29639292729279,2.354504800145868
2012-06-26 20:45:00,66.52547,65.90987419875843,2.6266869365331367
2012-06-26 20:50:00,66.49272,65.849341308672,2.6838711127445456
2012-06-26 20:55:00,66.57374,65.849341308672,2.6838711127445456
2012-06-26 21:00:00,66.41865,65.57733117620684,2.2506414148169376
2012-06-26 21:05:00,66.58532,65.09520075580635,2.4280594032868037
2012-06-26 21:10:00,66.81448,65.02606784762627,2.465125039504451
2012-06-26 21:15:00,66.83648,65.21516740199,2.3727735748039294
2012-06-26 21:20:00,66.71379,65.69107274900767,2.2212831267475495
2012-06-26 21:25:00,66.67213,65.29601968874165,2.340590476483245
2012-06-26 21:30:00,66.61657,65.33169411807468,2.327454450170979
2012-06-26 21:35:00,66.67907,65.46112915368381,2.2843428649654443
2012-06-26 21:40:00,66.80869,65.10573700847779,2.4227788606265643
2012-06-26 21:45:00,66.662865,65.43281480110477,2.293222346783861
2012-06-26 21:50:00,66.54977,65.16423442239618,2.3950187330181114
2012-06-26 21:55:00,66.604164,65.45481003072217,2.2862999862635687
2012-06-26 22:00:00,66.65972,64.54678439994878,2.528087642605315
2012-06-26 22:05:00,66.732635,64.94066882744379,2.4326632785121984
2012-06-26 22:10:00,66.65972,65.03745231179079,2.412896682723012
2012-06-26 22:15:00,66.795135,64.661420971683,2.4973357296574012
2012-06-26 22:20:00,66.74305,64.75247352862812,2.474821491741353
2012-06-26 22:25:00,66.763885,64.5726324135812,2.5208958611938326
2012-06-26 22:30:00,66.86805,64.5726324135812,2.5208958611938326
2012-06-26 22:35:00,66.59722,65.07006599103799,2.4064884351762905
2012-06-26 22:40:00,66.49421,64.84213145196107,2.454066069954756
2012-06-26 22:45:00,66.36921,64.4301401218906,2.5626866283556597
2012-06-26 22:50:00,66.49421,64.24340471285386,2.62713416156494
2012-06-26 22:55:00,66.27546,65.03745231179079,2.412896682723012
2012-06-26 23:00:00,66.333336,64.09787329951374,2.7790553092224006
2012-06-26 23:05:00,66.260414,64.583572871761,2.6758713208429046
2012-06-26 23:10:00,66.07523,64.21328448968733,2.7526065798654566
2012-06-26 23:15:00,65.87731,64.48086822471271,2.69608640258096
2012-06-26 23:20:00,65.83912,63.98847422124769,2.805531526571381
2012-06-26 23:25:00,65.453705,64.01997784844734,2.7977545016294925
2012-06-26 23:30:00,65.297455,64.27921753154344,2.7381015981462027
2012-06-26 23:35:00,65.29977,63.6575803002065,2.896405137133374
2012-06-26 23:40:00,64.99769,63.92613068392324,2.8213131200654438
2012-06-26 23:45:00,65.22106,63.463974673278706,2.960007277370071
2012-06-26 23:50:00,65.25231,63.957191269368884,2.8133838060106284
2012-06-26 23:55:00,65.168976,63.77438996608075,2.8621695921843817
2012-06-27 00:00:00,65.17939,63.50541937062605,3.2507327864837214
2012-06-27 00:05:00,64.637726,63.574595120317746,3.2363976725447237
2012-06-27 00:10:00,64.489586,62.86011757415098,3.397408088951732
2012-06-27 00:15:00,64.354164,63.07235712990197,3.345932944688199
2012-06-27 00:20:00,63.95486,63.08305578869149,3.343439429270234
2012-06-27 00:25:00,64.37153,62.17510950205161,3.6080232200810123
2012-06-27 00:30:00,64.25695,63.008660776908975,3.3609658352971565
2012-06-27 00:35:00,64.25694,62.86011757415098,3.397408088951732
2012-06-27 00:40:00,64.31944,62.2964215921747,3.563119026168659
2012-06-27 00:45:00,63.995373,63.31660095626504,3.2909445739583334
2012-06-27 00:50:00,63.287037,63.268379000283055,3.301505955965181
2012-06-27 00:55:00,63.266205,62.73337571276004,3.430322934531565
2012-06-27 01:00:00,62.623844,62.675176861751346,3.83967747933672
2012-06-27 01:05:00,62.901623,61.37408118531288,4.003812151546703
2012-06-27 01:10:00,62.995373,61.74304684591437,3.943105551591541
2012-06-27 01:15:00,62.880787,61.94256193312052,3.9175093801829775
2012-06-27 01:20:00,62.547455,61.35247712925511,4.008180057268951
2012-06-27 01:25:00,62.495373,62.50548772748289,3.856824052640434
2012-06-27 01:30:00,62.359955,61.94256193312052,3.9175093801829775
2012-06-27 01:35:00,61.67014,62.103823665133085,3.8989223352231606
2012-06-27 01:40:00,61.784725,61.74304684591437,3.943105551591541
2012-06-27 01:45:00,61.71991,61.67865032885328,3.9522122209965986
2012-06-27 01:50:00,62.14699,60.887270283412356,4.143811358014555
2012-06-27 01:55:00,62.026623,61.94256193312052,3.9175093801829775
2012-06-27 02:00:00,61.63773,60.23933055757518,4.455690768376268
2012-06-27 02:05:00,61.537037,61.07069541429312,4.3799814804844575
2012-06-27 02:10:00,60.964123,61.02803090206763,4.382905591663274
2012-06-27 02:15:00,60.891205,60.73478053818405,4.403961601244067
2012-06-27 02:20:00,61.003475,59.88167608238664,4.542294676403972
2012-06-27 02:25:00,59.680557,61.42716895720639,4.355147377681896
2012-06-27 02:30:00,59.788197,60.68844166912552,4.40760262536361
2012-06-27 02:35:00,60.256947,59.840048811665305,4.5588881966482555
2012-06-27 02:40:00,59.361115,61.07928083356315,4.379394189818108
2012-06-27 02:45:00,59.305557,60.600568692573916,4.414916923410943
2012-06-27 02:50:00,59.253475,60.805697658846725,4.398613117405453
2012-06-27 02:55:00,58.61343,60.7218326629495,4.4049663889681
2012-06-27 03:00:00,58.73843,59.196426719899534,4.769321904063227
2012-06-27 03:05:00,58.46759,60.295255930611056,4.506034855197356
2012-06-27 03:10:00,58.631943,59.412654207723534,4.6413823754315375
2012-06-27 03:15:00,58.538193,60.0402035454104,4.525426335576591
2012-06-27 03:20:00,57.621532,59.52092035942301,4.604840494494436
2012-06-27 03:25:00,58.57986,58.408592119210255,5.408198289685166
2012-06-27 03:30:00,58.243057,60.40280176489372,4.498957105191587
2012-06-27 03:35:00,57.753475,60.1070818819565,4.519827923141194
2012-06-27 03:40:00,58.555557,59.05686654991971,4.889240487055207
2012-06-27 03:45:00,58.484955,59.94968055138148,4.5338830838229205
2012-06-27 03:50:00,58.109955,60.152810663709865,4.516246384638526
2012-06-27 03:55:00,58.111115,59.184634415818614,4.7787049071518615
2012-06-27 04:00:00,58.652782,59.46396669368556,4.3648374808305155
2012-06-27 04:05:00,58.63542,59.89277832364318,4.147454162252309
2012-06-27 04:10:00,58.33119,59.79619632642616,4.178496456983343
2012-06-27 04:15:00,58.6541,60.01264700398798,4.116682415820663
2012-06-27 04:20:00,59.691135,57.27717355011658,6.393885612335243
2012-06-27 04:25:00,59.784885,60.18683668132829,4.082533013758751
2012-06-27 04:30:00,59.792328,59.854935220796996,4.158840866398912
2012-06-27 04:35:00,60.386078,59.437619549741164,4.387761961822538
2012-06-27 04:40:00,60.03191,60.50186544345118,4.040122439104592
2012-06-27 04:45:00,60.213623,59.97164163981503,4.1264039973929725
2012-06-27 04:50:00,60.744873,59.619063186538654,4.257689020852591
2012-06-27 04:55:00,61.578205,59.29562345116751,4.534821384131784
2012-06-27 05:00:00,61.703205,61.793570745999055,3.0220131559385917
2012-06-27 05:05:00,61.678905,61.177259111928834,3.1831061698305767
2012-06-27 05:10:00,62.17758,60.510746408701436,3.6392567143421957
2012-06-27 05:15:00,62.32341,62.10026573822963,2.98775173993827
2012-06-27 05:20:00,62.508602,61.177259111928834,3.1831061698305767
2012-06-27 05:25:00,62.560684,61.744023072939704,3.029679160841406
2012-06-27 05:30:00,62.64005,61.18536179466306,3.1797600667955934
2012-06-27 05:35:00,62.95255,61.86878004875131,3.011620736818577
2012-06-27 05:40:00,63.434032,61.06574678023613,3.2338349698656352
2012-06-27 05:45:00,63.366898,61.70582543544611,3.0360681089398605
2012-06-27 05:50:00,63.336807,62.048112281776184,2.9921674715031124
2012-06-27 05:55:00,63.475697,62.182139234295796,2.981814585841693
2012-06-27 06:00:00,63.402782,64.42761849543923,2.057106072889833
2012-06-27 06:05:00,63.954865,63.05939844415786,2.4108412247280646
2012-06-27 06:10:00,64.3669,63.68033614837528,2.202059867539226
2012-06-27 06:15:00,64.16088,64.82291675215447,2.0251386952276493
2012-06-27 06:20:00,64.35764,63.770207300201214,2.178640736199401
2012-06-27 06:25:00,64.53472,64.1545718149743,2.0971108326165404
2012-06-27 06:30:00,64.92708,63.43420733258739,2.2748922915563963
2012-06-27 06:35:00,64.822914,65.00857198546096,2.0206939477359733
2012-06-27 06:40:00,64.8507,64.49268865466135,2.049736798858424
2012-06-27 06:45:00,65.43403,63.732922212493996,2.18815318355059
2012-06-27 06:50:00,65.73032,64.28120859376213,2.0767287757903206
2012-06-27 06:55:00,65.71528,64.88857641235639,2.022796074496678
2012-06-27 07:00:00,66.12616,65.37477480339494,1.898022256170794
2012-06-27 07:05:00,66.37616,66.30348180303737,1.7334252427585355
2012-06-27 07:10:00,66.48032,66.48013806409055,1.7108077728205842
2012-06-27 07:15:00,66.83218,65.43835214065123,1.8842900237668072
2012-06-27 07:20:00,67.07325,65.63193450736773,1.8447515734225537
2012-06-27 07:25:00,67.29084,66.11973206760088,1.7599296082267228
2012-06-27 07:30:00,67.45751,66.07272748254307,1.7671896349201088
2012-06-27 07:35:00,67.561676,66.25819687150837,1.739677996979552
2012-06-27 07:40:00,67.72949,65.9721405086212,1.7833803737505836
2012-06-27 07:45:00,67.646164,67.18338868655444,1.6512651699119252
2012-06-27 07:50:00,67.59061,66.79369686764089,1.677892482211199
2012-06-27 07:55:00,67.65311,66.4366539594808,1.7161103889466363
2012-06-27 08:00:00,67.62765,67.06307930827793,1.8695812926840194
2012-06-27 08:05:00,67.460976,67.23903028649605,1.849999532502378
2012-06-27 08:10:00,67.26885,66.73242252865107,1.9124815704407843
2012-06-27 08:15:00,67.3001,66.83656902694706,1.8981113214186032
2012-06-27 08:20:00,67.37153,66.47430761324638,1.9515310074782386
2012-06-27 08:25:00,67.297455,66.8824294706936,1.892033745663838
2012-06-27 08:30:00,67.32176,66.57382322302315,1.9358922017161524
2012-06-27 08:35:00,67.29051,66.46661064912102,1.9527718759628074
2012-06-27 08:40:00,67.36343,66.46661064912102,1.9527718759628074
2012-06-27 08:45:00,67.3426,66.73242252865107,1.9124815704407843
2012-06-27 08:50:00,67.40278,66.31591311021866,1.9779569364877672
2012-06-27 08:55:00,67.271996,66.46661064912102,1.9527718759628074
2012-06-27 09:00:00,67.04282,66.29927214982406,2.114721772006994
2012-06-27 09:05:00,66.84838,65.76739220208482,2.2107103000640387
2012-06-27 09:10:00,66.82325,65.10136417776182,2.3685127580263745
2012-06-27 09:15:00,66.403114,66.35199892487016,2.1065141142184576
2012-06-27 09:20:00,66.090614,66.19350393416944,2.1318741232777336
2012-06-27 09:25:00,65.95172,65.86238648961825,2.1917366653489707
2012-06-27 09:30:00,65.62533,66.05191801933447,2.156305889696037
2012-06-27 09:35:00,65.41699,65.66040576253273,2.233083678709506
2012-06-27 09:40:00,65.03158,66.19350393416944,2.1318741232777336
2012-06-27 09:45:00,64.65658,65.98093079168292,2.169204522410586
2012-06-27 09:50:00,64.34408,65.98093079168292,2.169204522410586
2012-06-27 09:55:00,64.32903,65.14889911937185,2.3557202351915016
2012-06-27 10:00:00,64.10218,64.62255987856939,2.491179561683633
2012-06-27 10:05:00,63.93204,64.29770509756392,2.597164833085408
2012-06-27 10:10:00,63.491566,64.4833806835553,2.5347802343675605
2012-06-27 10:15:00,63.57837,63.77271375485342,2.8002307202321766
2012-06-27 10:20:00,63.35962,64.13477925912787,2.6559470807518415
2012-06-27 10:25:00,63.072582,64.6442190218686,2.4846338890110453
2012-06-27 10:30:00,62.945267,63.93810324722446,2.731986269051052
2012-06-27 10:35:00,62.757767,64.13477925912787,2.6559470807518415
2012-06-27 10:40:00,62.66402,63.78932951174104,2.7931979182112285
2012-06-27 10:45:00,62.747356,63.63908873633721,2.8582185901470822
2012-06-27 10:50:00,62.842266,63.93810324722446,2.731986269051052
2012-06-27 10:55:00,62.779766,64.57384011994694,2.5061381620259313
2012-06-27 11:00:00,63.10036,63.2907001398762,2.9279092686998585
2012-06-27 11:05:00,63.19411,63.229908027492485,2.9574971920184283
2012-06-27 11:10:00,63.560184,62.03524726362719,3.6412686336125724
2012-06-27 11:15:00,63.34375,63.90223275270483,2.659406874003215
2012-06-27 11:20:00,63.625,62.81917321982113,3.170505603076092
2012-06-27 11:25:00,63.76157,63.021721281706135,3.062628466542934
2012-06-27 11:30:00,63.862106,63.06723707231558,3.039143708178409
2012-06-27 11:35:00,63.997517,62.97592078344039,3.0865402307632532
2012-06-27 11:40:00,64.23594,63.07857115913473,3.0333385646814737
2012-06-27 11:45:00,64.36689,63.76188602265932,2.716210683455951
2012-06-27 11:50:00,64.50116,64.09249028138183,2.5871503033928898
2012-06-27 11:55:00,64.58797,63.99504146301927,2.6234720727132377
2012-06-27 12:00:00,64.53588,64.54474684697617,2.37587896135387
2012-06-27 12:05:00,64.72338,63.51073218534602,2.7663285914240494
2012-06-27 12:10:00,64.767365,63.69586441992222,2.684010822355449
2012-06-27 12:15:00,64.983795,62.728144156727815,3.1673252290465257
2012-06-27 12:20:00,65.03935,63.967332498975054,2.5728188980334976
2012-06-27 12:25:00,65.27894,63.51073218534602,2.7663285914240494
2012-06-27 12:30:00,65.4203,63.389382402146964,2.823010032584118
2012-06-27 12:35:00,65.44114,63.46377851166904,2.788009007135885
2012-06-27 12:40:00,65.422615,64.00709897504494,2.5575132784803416
2012-06-27 12:45:00,65.4375,64.17106955002454,2.4971160482358816
2012-06-27 12:50:00,65.33631,64.50036308545704,2.389093016181038
2012-06-27 12:55:00,65.290016,64.20488387450192,2.485206805222843
2012-06-27 13:00:00,64.95667,64.24034382925917,2.520344439909429
2012-06-27 13:05:00,64.94626,64.24034382925917,2.520344439909429
2012-06-27 13:10:00,64.97404,63.8080980471696,2.6999779635043404
2012-06-27 13:15:00,65.06316,63.663708676084696,2.767540659079401
2012-06-27 13:20:00,64.79928,64.12275227612953,2.565781690219978
2012-06-27 13:25:00,64.74719,64.46160630727057,2.441809066014937
2012-06-27 13:30:00,64.808205,63.931435020830236,2.6452098082314577
2012-06-27 13:35:00,64.75611,63.48151336953845,2.857876347586755
2012-06-27 13:40:00,64.72371,63.8476565460952,2.6821123559523676
2012-06-27 13:45:00,64.54084,64.15214371890058,2.5541830333317526
2012-06-27 13:50:00,64.600365,63.98828963782356,2.6208977399285063
2012-06-27 13:55:00,64.507774,63.92651671739154,2.6473397938421606
2012-06-27 14:00:00,61.933697,62.75669260597729,3.72249943283308
2012-06-27 14:05:00,58.97536,64.15885519475017,2.8429176285699107
2012-06-27 14:10:00,58.73991,63.88752193740033,2.975175071270764
2012-06-27 14:15:00,58.59871,64.00541010272686,2.915458765910536
2012-06-27 14:20:00,58.87996,62.94964734751566,3.5739639661721534
2012-06-27 14:25:00,58.93205,64.20371286823996,2.8227952316533593
2012-06-27 14:30:00,58.8502,64.15245798393637,2.8458265049037075
2012-06-27 14:35:00,59.06085,63.2275532277861,3.374422446064852
2012-06-27 14:40:00,59.08168,63.672401942703964,3.09325491082563
2012-06-27 14:45:00,59.294647,63.337780862073295,3.3002286024744514
2012-06-27 14:50:00,59.155758,64.20371286823996,2.8227952316533593
2012-06-27 14:55:00,59.103664,63.496048998959566,3.198847458481485
2012-06-27 15:00:00,61.906906,36.04975597145355,16.557545360665525
2012-06-27 15:05:00,64.79232,35.92093475027209,16.574908515018205
2012-06-27 15:10:00,65.0,63.150994374769645,4.9176947272569675
2012-06-27 15:15:00,65.135414,63.59883271292506,4.453478437464002
2012-06-27 15:20:00,65.08102,64.28951260786597,3.954388623189646
2012-06-27 15:25:00,64.9456,64.55912874835545,3.813351963828594
2012-06-27 15:30:00,65.08935,63.95146339783661,4.168977037502495
2012-06-27 15:35:00,65.22454,64.25554376912791,3.973870370396483
2012-06-27 15:40:00,65.51204,63.91096145851082,4.198148071970436
2012-06-27 15:45:00,65.752785,64.37297447374291,3.9082431528489674
2012-06-27 15:50:00,65.86042,63.77855546494529,4.299575232019149
2012-06-27 15:55:00,66.07917,63.48549924705836,4.560743999551554
2012-06-27 16:00:00,66.26667,63.13124875099812,10.678304591553434
2012-06-27 16:05:00,66.308334,63.26368720205236,10.534706727779453
2012-06-27 16:10:00,66.32685,63.14608915149123,10.66248491836398
2012-06-27 16:15:00,66.406715,63.45805669253869,10.3144578935802
2012-06-27 16:20:00,66.27361,63.37944414310261,10.40484544286476
2012-06-27 16:25:00,66.45069,63.26368720205236,10.534706727779453
2012-06-27 16:30:00,66.296524,64.06592179457226,9.565837427948667
2012-06-27 16:35:00,66.124306,64.44771921199943,9.065020275968553
2012-06-27 16:40:00,65.88889,64.82246721296899,8.564675419018375
2012-06-27 16:45:00,65.72222,65.19284230163386,8.071402541524098
2012-06-27 16:50:00,65.83681,63.58514602929579,10.164808428943013
2012-06-27 16:55:00,65.679405,63.77258673600195,9.936870136783519
2012-06-27 17:00:00,62.08565,62.550955944433156,23.75929110250729
2012-06-27 17:05:00,58.12732,61.214401344222516,27.983193746738408
2012-06-27 17:10:00,55.08565,60.7377131716788,29.08046418952156
2012-06-27 17:15:00,51.776623,61.97383644798072,25.778100320419043
2012-06-27 17:20:00,48.651623,59.34848786272854,31.05609687758172
2012-06-27 17:25:00,44.776623,62.65637016503867,23.36341631000657
2012-06-27 17:30:00,40.575233,60.4935480117063,29.556314827572873
2012-06-27 17:35:00,36.849537,61.05725450936004,28.36967995844677
2012-06-27 17:40:00,32.484955,61.096704932858785,28.27494841636126
2012-06-27 17:45:00,28.359955,62.550955944433156,23.75929110250729
2012-06-27 17:50:00,24.378473,62.550955944433156,23.75929110250729
2012-06-27 17:55:00,20.608795,59.85254634666119,30.538095235780002
2012-06-27 18:00:00,19.94213,30.652295028460355,18.776599364052352
2012-06-27 18:05:00,20.015045,30.7578899792758,18.537739898326993
2012-06-27 18:10:00,19.369211,30.65210799737368,19.195482540450097
2012-06-27 18:15:00,18.590939,30.639387272639976,18.99192940528042
2012-06-27 18:20:00,17.768023,30.63925269570325,18.946111714039606
2012-06-27 18:25:00,17.247189,30.701069555386425,18.615651637475
2012-06-27 18:30:00,17.458996,30.853093074675318,18.481267962246
2012-06-27 18:35:00,16.953207,30.701069555386425,18.615651637475
2012-06-27 18:40:00,17.255291,30.890598503931244,18.471561333666664
2012-06-27 18:45:00,17.036541,30.76997270964279,18.526924671463295
2012-06-27 18:50:00,16.647652,30.729921473996455,18.56928086350612
2012-06-27 18:55:00,16.512236,30.73762653765968,18.559542964183546
2012-06-27 19:00:00,16.428904,30.88550333091401,20.799276838173245
2012-06-27 19:05:00,16.116404,30.85460973539084,21.076303165744353
2012-06-27 19:10:00,15.866402,30.848460257694686,21.291952619516696
2012-06-27 19:15:00,16.300926,30.868201531302322,20.920280788906926
2012-06-27 19:20:00,17.761574,30.88047390359603,20.829984114657027
2012-06-27 19:25:00,20.719908,30.908335364433626,20.68614451083003
2012-06-27 19:30:00,25.063658,30.872769789329183,20.88347423406053
2012-06-27 19:35:00,29.498842,30.905375621221953,20.698997854370436
2012-06-27 19:40:00,33.748844,30.87574852046843,20.861719824768404
2012-06-27 19:45:00,38.10301,30.900267868702702,20.722229702440178
2012-06-27 19:50:00,42.473377,30.905375621221953,20.698997854370436
2012-06-27 19:55:00,46.744213,30.868583425995794,20.91702602077047
2012-06-27 20:00:00,51.025463,31.52217922340979,22.858883873308887
2012-06-27 20:05:00,55.209488,31.524324147179144,22.887060533744332
2012-06-27 20:10:00,59.219906,31.560041863053318,23.210355634510844
2012-06-27 20:15:00,62.8912,31.705243732009695,23.94663388787754
2012-06-27 20:20:00,65.59722,32.88385181077463,26.756009920914266
2012-06-27 20:25:00,66.91319,43.351105082899885,25.51518730405788
2012-06-27 20:30:00,66.71528,67.008200132966,2.3609229125143414
2012-06-27 20:35:00,66.76157,66.8129617519467,2.504498406136139
2012-06-27 20:40:00,66.50116,66.78871307068637,2.525937244972463
2012-06-27 20:45:00,66.4074,66.70882210710579,2.602580160362835
2012-06-27 20:50:00,66.28703,66.68862835711764,2.6234117118715763
2012-06-27 20:55:00,66.06829,66.92772451922774,2.414149811771757
2012-06-27 21:00:00,66.16204,65.95852904240347,2.372151824015885
2012-06-27 21:05:00,66.28009,65.80485268335595,2.453321402004262
2012-06-27 21:10:00,66.326225,65.8949826495354,2.4032609918543684
2012-06-27 21:15:00,66.45701,66.01104956108625,2.3487593944492215
2012-06-27 21:20:00,66.50099,65.95852904240347,2.372151824015885
2012-06-27 21:25:00,66.59127,65.86009307432148,2.4217671007728727
2012-06-27 21:30:00,66.61211,66.02308051968194,2.343674130756696
2012-06-27 21:35:00,66.43849,66.33057552855931,2.2415631086287036
2012-06-27 21:40:00,66.81349,65.66951056281367,2.543809127441129
2012-06-27 21:45:00,66.823906,65.9160557185824,2.39258526692112
2012-06-27 21:50:00,66.90724,65.84160230408823,2.432013030998464
2012-06-27 21:55:00,66.982475,65.8949826495354,2.4032609918543684
2012-06-27 22:00:00,66.92345,65.42016453938358,2.4612155587244158
2012-06-27 22:05:00,67.11095,65.29091015610418,2.4867072520283284
2012-06-27 22:10:00,67.26273,65.22513840779227,2.5011079633233906
2012-06-27 22:15:00,67.13194,65.57743077382072,2.434468333212173
2012-06-27 22:20:00,67.30671,65.29661846117045,2.4855056425674653
2012-06-27 22:25:00,67.390045,65.29091015610418,2.4867072520283284
2012-06-27 22:30:00,67.28009,65.31662043309005,2.481352700953479
2012-06-27 22:35:00,67.12037,65.18881509570281,2.509518962531705
2012-06-27 22:40:00,66.89814,65.76341880022672,2.4076906825128463
2012-06-27 22:45:00,67.12847,65.16348306416809,2.515590293038414
2012-06-27 22:50:00,67.03009,65.25106351537754,2.4953073146249376
2012-06-27 22:55:00,66.756935,65.29661846117045,2.4855056425674653
2012-06-27 23:00:00,66.732635,64.47797668969714,2.8009481375397276
2012-06-27 23:05:00,66.445595,64.9862463065664,2.7316540841586154
2012-06-27 23:10:00,66.289345,64.82040506469643,2.751928161981038
2012-06-27 23:15:00,66.3621,64.45441473353954,2.8047837730826557
2012-06-27 23:20:00,65.881775,64.9584737626334,2.7349281962462944
2012-06-27 23:25:00,65.87136,64.71102935048192,2.766384694816324
2012-06-27 23:30:00,65.64798,64.24557335669836,2.842244551040124
2012-06-27 23:35:00,65.70354,63.99909756620261,2.8966247740519386
2012-06-27 23:40:00,65.290344,64.40749583150495,2.8126404286458375
2012-06-27 23:45:00,65.132935,64.96155532526795,2.734563420356283
2012-06-27 23:50:00,65.24752,64.20852386021916,2.8496303356679373
2012-06-27 23:55:00,65.381775,63.83726832508729,2.9404278313421037
