timestamp,actual,predicted_mean,predicted_std
2012-06-01 02:55:00,62.65200585156334,61.305307904426705,3.1760098221230293
2012-06-01 03:00:00,62.43319862688059,60.97618002878772,3.763804196527491
2012-06-01 03:05:00,62.58646935321016,59.778522433337514,4.052021152499157
2012-06-01 03:10:00,62.835363414945725,59.48927280550598,4.135937848224418
2012-06-01 03:15:00,62.853160877405365,60.2192793501813,3.9375931428395283
2012-06-01 03:20:00,63.120351168998575,59.44420798193382,4.14984279618493
2012-06-01 03:25:00,63.160082503534206,60.1597568598138,3.9523100894405445
2012-06-01 03:30:00,63.32189178989188,59.778522433337514,4.052021152499157
2012-06-01 03:35:00,63.521288560970554,59.667075460576534,4.083350752225425
2012-06-01 03:40:00,64.03836536070379,58.744218347860205,4.409222906552681
2012-06-01 03:45:00,64.44603856982546,59.05511909979324,4.282171484787346
2012-06-01 03:50:00,64.4665298593599,60.24911620053357,3.930288313137211
2012-06-01 03:55:00,64.48702113440781,60.2546240059128,3.928944745986847
2012-06-01 04:00:00,64.50751304686277,59.61628099948387,4.297541686699411
2012-06-01 04:05:00,64.5280049593177,59.62111381976613,4.296511318196868
2012-06-01 04:10:00,64.54849687177268,59.625947262968914,4.295481500182237
2012-06-01 04:15:00,64.56898879871416,59.63078537083242,4.2944537102809575
2012-06-01 04:20:00,64.58948072565566,59.635625637187985,4.2934275718434085
2012-06-01 04:25:00,64.60997265259714,59.64046798960302,4.292401259567573
2012-06-01 04:30:00,64.6304645650521,59.64531410851425,4.2913762510788915
2012-06-01 04:35:00,64.65095647750705,59.65016244386367,4.290352314592984
2012-06-01 04:40:00,64.67144838996201,59.65501405316749,4.289330145462998
2012-06-01 04:45:00,64.69193966500991,59.65986847285697,4.288308613740066
2012-06-01 04:50:00,64.71243157746487,59.66472380519745,4.2872881250468575
2012-06-01 04:55:00,64.73292350440637,59.66958362836036,4.286268534518134
2012-06-01 05:00:00,64.75341543134783,60.34308170538185,3.678296214092304
2012-06-01 05:05:00,64.7739073438028,60.34756016355849,3.677476045052291
2012-06-01 05:10:00,64.79439927074428,60.35204068606478,3.6766589471553552
2012-06-01 05:15:00,64.81489118319925,60.3565220994923,3.6758455867816
2012-06-01 05:20:00,64.83538311014074,60.361004505246704,3.675033008680138
2012-06-01 05:25:00,64.85587502259568,60.36548625186429,3.6742256167542497
2012-06-01 05:30:00,64.87636693505065,60.36997104789515,3.673420513699147
2012-06-01 05:35:00,64.89685822458507,60.37445482262606,3.6726178733531145
2012-06-01 05:40:00,64.91734949963299,60.37894177714901,3.6718187387458787
2012-06-01 05:45:00,64.93784142657447,60.38342631966569,3.671022559389529
2012-06-01 05:50:00,64.95833333902944,60.3879140419744,3.6702287558231066
2012-06-01 05:55:00,64.9788252659709,60.39240201779726,3.6694380813458576
2012-06-01 06:00:00,64.99931717842587,61.728721375525566,3.095481147700296
2012-06-01 06:05:00,65.01980909088083,61.73335897903269,3.0944335692073
2012-06-01 06:10:00,65.04030100333578,61.73799604291681,3.0933909306189715
2012-06-01 06:15:00,65.06079291579074,61.74263059882147,3.0923528263126383
2012-06-01 06:20:00,65.0812848282457,61.747261447986794,3.091320473156315
2012-06-01 06:25:00,65.10177610329362,61.75189159455572,3.090291625738787
2012-06-01 06:30:00,65.12226740731457,61.75652054960806,3.0892681528216457
2012-06-01 06:35:00,65.14275931976952,61.76114386034848,3.088250503487133
2012-06-01 06:40:00,65.16325123222448,61.76576886420141,3.087236041187889
2012-06-01 06:45:00,65.18374314467944,61.770390358693895,3.08622680852379
2012-06-01 06:50:00,65.2042350571344,61.77501112976561,3.085222515764359
2012-06-01 06:55:00,65.22472696958936,61.77962938470919,3.084222568962114
2012-06-01 07:00:00,65.24521888204431,63.22608109393379,2.855647906911033
2012-06-01 07:05:00,65.26571082347232,63.23086902319454,2.8543846820225016
2012-06-01 07:10:00,65.28620273592729,63.235653282837696,2.8531269909861194
2012-06-01 07:15:00,65.30669403994825,63.24043295568523,2.8518744136926917
2012-06-01 07:20:00,65.32718531499614,63.245210060796374,2.8506274861436047
2012-06-01 07:25:00,65.34767722745111,63.24997984840211,2.8493872803416314
2012-06-01 07:30:00,65.36816913990607,63.25474819278789,2.8481516377947025
2012-06-01 07:35:00,65.38866105236103,63.25951160089065,2.846921992668689
2012-06-01 07:40:00,65.40915299378905,63.264272347094625,2.8456981711253047
2012-06-01 07:45:00,65.429644906244,63.269029580316534,2.844479217053967
2012-06-01 07:50:00,65.450136847672,63.27378138833524,2.8432660141326385
2012-06-01 07:55:00,65.47062876012696,63.27852974856123,2.8420584754421747
2012-06-01 08:00:00,65.49112067258193,64.2449924319407,3.0146183560891573
2012-06-01 08:05:00,65.51161194762982,64.25008713960295,3.0131558690636786
2012-06-01 08:10:00,65.53210322267773,64.25517690736054,3.011699495351308
2012-06-01 08:15:00,65.55259513513268,64.26026090948157,3.0102495391690467
2012-06-01 08:20:00,65.57308704758765,64.26534286900275,3.0088038420248284
2012-06-01 08:25:00,65.59357898901564,64.27041744039673,3.007366300793594
2012-06-01 08:30:00,65.61407090147061,64.27548827426749,3.0059324536259653
2012-06-01 08:35:00,65.63456281392557,64.280555616886,3.0045054151245956
2012-06-01 08:40:00,65.65505472638053,64.28561628121696,3.0030841422597585
2012-06-01 08:45:00,65.67554663883548,64.29067422208142,3.0016672443251537
2012-06-01 08:50:00,65.69603855129044,64.29572649871503,3.000258241546103
2012-06-01 08:55:00,65.71652982633834,64.30077415414748,2.9988530487228506
2012-06-01 09:00:00,65.73702113035931,64.56501190021304,3.4023005677810345
2012-06-01 09:05:00,65.75751304281427,64.57059168912978,3.4008493367846655
2012-06-01 09:10:00,65.77800495526924,64.57616834895735,3.3994037989922106
2012-06-01 09:15:00,65.79849686772418,64.58174005439373,3.3979633025100893
2012-06-01 09:20:00,65.81898878017914,64.58730934058063,3.396528658583646
2012-06-01 09:25:00,65.8394806926341,64.59287190502039,3.395101055107841
2012-06-01 09:30:00,65.85997260508908,64.5984298917186,3.39367962289124
2012-06-01 09:35:00,65.88046454651709,64.60398344554048,3.3922636376076443
2012-06-01 09:40:00,65.90095645897203,64.60953239264775,3.3908546927746888
2012-06-01 09:45:00,65.92144837142699,64.6150766895808,3.3894507602790207
2012-06-01 09:50:00,65.94193964647489,64.62061610455531,3.3880533032595594
2012-06-01 09:55:00,65.96243155892986,64.62614918891883,3.3866627997715937
2012-06-01 10:00:00,65.98292347138482,64.51196022139091,3.7193713620492104
2012-06-01 10:05:00,66.0034153838398,64.51797343261777,3.718028606144187
2012-06-01 10:10:00,66.02390732526777,64.52398206610304,3.716693513610334
2012-06-01 10:15:00,66.04439923772274,64.52998803406791,3.715363462386817
2012-06-01 10:20:00,66.06489117915076,64.53598668633816,3.7140436096761604
2012-06-01 10:25:00,66.0853830916057,64.54198402033477,3.712728624437551
2012-06-01 10:30:00,66.10587500406068,64.54797582047921,3.7114207665687267
2012-06-01 10:35:00,66.12636691651562,64.55396465088624,3.7101195725009184
2012-06-01 10:40:00,66.14685819156354,64.55994780257588,3.7088252015858933
2012-06-01 10:45:00,66.1673494955845,64.56592630409135,3.707537784202362
2012-06-01 10:50:00,66.18784140803946,64.57189940213335,3.706257740459524
2012-06-01 10:55:00,66.20833334946747,64.57787083422512,3.7049827380270197
2012-06-01 11:00:00,66.22882526192244,64.27936262990885,3.917763134150416
2012-06-01 11:05:00,66.24931717437738,64.28571631790811,3.9165128747008207
2012-06-01 11:10:00,66.26980908683232,64.2920684558493,3.915269293538767
2012-06-01 11:15:00,66.29030099928728,64.29841572631847,3.9140348388868023
2012-06-01 11:20:00,66.31079291174227,64.30475907093962,3.9128082938769144
2012-06-01 11:25:00,66.33128482419723,64.3111000687439,3.9115881808836614
2012-06-01 11:30:00,66.35177612821818,64.31743676405058,3.910377628996215
2012-06-01 11:35:00,66.37226740326606,64.32377067794465,3.909172784799207
2012-06-01 11:40:00,66.39275931572104,64.33009771073985,3.9079765600839487
2012-06-01 11:45:00,66.41325122817598,64.33642401920885,3.906787651063286
2012-06-01 11:50:00,66.43374314063097,64.34274630042417,3.9056074629300412
2012-06-01 11:55:00,66.45423505308592,64.3490660320113,3.9044324899454192
2012-06-01 12:00:00,66.47472696554087,63.995333807687324,4.119189934425035
2012-06-01 12:05:00,66.49521890696887,64.00211030661788,4.117890377334434
2012-06-01 12:10:00,66.51571081942383,64.00888302456568,4.1165988023185305
2012-06-01 12:15:00,66.5362027318788,64.01565274380302,4.115316107541808
2012-06-01 12:20:00,66.5566940069267,64.02242015968308,4.114041003703638
2012-06-01 12:25:00,66.57718528197461,64.02918549674693,4.112772969289154
2012-06-01 12:30:00,66.59767719442956,64.03594453217288,4.111514046898236
2012-06-01 12:35:00,66.61816910688454,64.0427024231634,4.110263367339445
2012-06-01 12:40:00,66.63866104831254,64.04945814117538,4.109019032878146
2012-06-01 12:45:00,66.65915296076749,64.05621032447549,4.1077835786560275
2012-06-01 12:50:00,66.6796449021955,64.06296049414875,4.106555787805082
2012-06-01 12:55:00,66.70013681465048,64.06970637581095,4.105335892109687
2012-06-01 13:00:00,66.72062872710542,63.48965870268398,4.687415477680699
2012-06-01 13:05:00,66.70700516538614,63.49743685782662,4.685577210223931
2012-06-01 13:10:00,66.59213699718278,63.505211557933286,4.683748069277251
2012-06-01 13:15:00,66.306579585927,63.51298269435506,4.681925461752873
2012-06-01 13:20:00,66.1674632944734,63.52074771022048,4.680111111547148
2012-06-01 13:25:00,66.04747263345484,63.52851205246253,4.678303323736772
2012-06-01 13:30:00,65.86327425049255,63.53627450421319,4.676502605350085
2012-06-01 13:35:00,65.66347948751972,63.54403297941303,4.674709970443762
2012-06-01 13:40:00,65.46544900932585,63.55178733319681,4.6729247091781305
2012-06-01 13:45:00,65.4636275027773,63.55953873897298,4.67114564814475
2012-06-01 13:50:00,65.24019113833903,63.567286030576334,4.669374569186066
2012-06-01 13:55:00,65.1817137347824,63.57503025827987,4.667611037706361
2012-06-01 14:00:00,65.07060241478136,62.42826817467016,6.485413816685074
2012-06-01 14:05:00,64.99189883956514,62.228381438567595,6.564390433904737
2012-06-01 14:10:00,64.9803250630388,61.58708476209455,6.815213644305082
2012-06-01 14:15:00,65.09722327854627,60.32360393561721,7.264958210662711
2012-06-01 14:20:00,65.03472328599194,61.44588033961909,6.869244177550558
2012-06-01 14:25:00,65.12500127514154,61.58708476209455,6.815213644305082
2012-06-01 14:30:00,63.562501287445436,61.15354418764314,6.978718288560741
2012-06-01 14:35:00,60.67758034569432,61.052691145563614,7.015587071477125
2012-06-01 14:40:00,57.40558956659179,61.07807938993806,7.006354143383018
2012-06-01 14:45:00,53.435682174993026,62.38572971757753,6.50222870168468
2012-06-01 14:50:00,50.17642252978831,60.915186976968435,7.065009354534626
2012-06-01 14:55:00,46.01091305049213,62.05402047193837,6.633132177087745
2012-06-01 15:00:00,42.348876047313716,59.376137379486494,11.459810231140887
2012-06-01 15:05:00,38.26554264994399,59.376137379486494,11.459810231140887
2012-06-01 15:10:00,34.432209048953226,59.01145286862185,11.64987701803662
2012-06-01 15:15:00,30.55720909047659,58.526213698334125,11.871651792664219
2012-06-01 15:20:00,26.650959164695838,58.1276865705955,12.02945089048871
2012-06-01 15:25:00,22.87318112229993,60.09750751852933,11.020504972645911
2012-06-01 15:30:00,20.49818099961334,41.0619569277751,11.572673116752844
2012-06-01 15:35:00,19.7094905966853,38.444500025838664,13.759170823292125
2012-06-01 15:40:00,19.34837956722444,38.16245957319182,14.694930966999452
2012-06-01 15:45:00,19.589120330793143,37.92808163861899,15.907229639503115
2012-06-01 15:50:00,19.06828714642634,38.156916449667186,14.717643576656963
2012-06-01 15:55:00,19.14120373197375,37.85106015164481,16.49025138513233
2012-06-01 16:00:00,18.650462882295603,37.38865714476656,15.508985592929003
2012-06-01 16:05:00,18.598379540680487,37.31659642305418,16.538845096965925
2012-06-01 16:10:00,18.578703596173593,37.34733219119064,16.012516304873056
2012-06-01 16:15:00,18.521990593288102,37.33423672121546,16.21296714802909
2012-06-01 16:20:00,18.75115720368087,37.32550644652941,16.36410366170411
2012-06-01 16:25:00,18.334490702544304,37.378072710906956,15.624073492727652
2012-06-01 16:30:00,18.584490788653753,37.324151782701705,16.38917461951476
2012-06-01 16:35:00,18.917824082276756,37.36493134762391,15.77891507976839
2012-06-01 16:40:00,18.707175885181094,37.374042791728165,15.670017909061082
2012-06-01 16:45:00,18.401620327395943,37.39766185216234,15.416715706736136
2012-06-01 16:50:00,18.130786997354203,37.342313827509614,16.086142266525304
2012-06-01 16:55:00,17.93287025285988,37.321526129208614,16.43921049378073
2012-06-01 17:00:00,17.97916663377922,36.97892088079599,17.255758134590067
2012-06-01 17:05:00,17.67708343783904,36.97915938692632,17.217900327710495
2012-06-01 17:10:00,17.34374991243165,36.989352684639236,16.66281509022164
2012-06-01 17:15:00,17.08449073556584,36.98283061977208,16.929616762701702
2012-06-01 17:20:00,16.667824234429276,36.99783564538839,16.42737917583162
2012-06-01 17:25:00,17.28240748006017,36.97932766238853,17.19513006168766
2012-06-01 17:30:00,16.789352031531216,36.998840546581825,16.40374725136417
2012-06-01 17:35:00,15.966435419439849,37.0480326098007,15.647182163949983
2012-06-01 17:40:00,15.997685517122676,36.986105269538164,16.779785079212004
2012-06-01 17:45:00,15.775463166851083,36.986499187097444,16.764221337339954
2012-06-01 17:50:00,15.49305545184903,36.97877369771263,17.285971692511144
2012-06-01 17:55:00,15.54513879346415,36.978561730894185,17.443478220497916
2012-06-01 18:00:00,15.359953501571153,36.89981043706806,17.945577895659987
2012-06-01 18:05:00,15.64467558363963,36.90416902650226,18.537657774985316
2012-06-01 18:10:00,15.738425876688103,36.899144056966314,18.149278008192148
2012-06-01 18:15:00,16.10648139805452,36.89953878577093,18.230423866481292
2012-06-01 18:20:00,16.2812496044126,36.8990903988816,18.111664502052495
2012-06-01 18:25:00,15.958332932755743,36.95500108012458,16.85321692144331
2012-06-01 18:30:00,16.449073550649505,36.89953878577093,18.230423866481292
2012-06-01 18:35:00,16.78240684427251,36.89949335603182,18.224198253840278
2012-06-01 18:40:00,16.855323429819922,36.90757521390582,17.57759874724784
2012-06-01 18:45:00,17.24768455696361,36.899243840143285,18.02986802499966
2012-06-01 18:50:00,18.363425506023177,36.904639896476766,18.557835416789683
2012-06-01 18:55:00,19.3306874652535,36.899088544606535,18.09282796468942
2012-06-01 19:00:00,19.872354125336983,37.02980601304206,18.89375044076515
2012-06-01 19:05:00,21.75198385296724,37.038911894321124,18.69077882654944
2012-06-01 19:10:00,24.595733702513318,37.04131549837508,18.650093945547777
2012-06-01 19:15:00,28.551752110300953,37.06962622240214,18.315411087353485
2012-06-01 19:20:00,32.8189482089,37.05193018009668,18.500931539464613
2012-06-01 19:25:00,36.57936486218025,37.08032527363923,18.225121335146444
2012-06-01 19:30:00,40.31084637879158,37.091994690196664,18.138901716708684
2012-06-01 19:35:00,44.415013107012754,37.0647944451496,18.3607894862231
2012-06-01 19:40:00,48.22751308742159,37.08032527363923,18.225121335146444
2012-06-01 19:45:00,52.1314482694863,37.09464711478601,18.120773860097298
2012-06-01 19:50:00,55.63144831609662,37.22885768976881,17.55052366576771
2012-06-01 19:55:00,58.85168643746626,37.282948284142584,17.418317678023158
2012-06-01 20:00:00,62.88293652219392,37.432131782604614,18.51689337101484
2012-06-01 20:05:00,65.21858466894757,39.45640307781559,16.905818069370532
2012-06-01 20:10:00,66.74983470382612,48.16924421737723,9.409007099097952
2012-06-01 20:15:00,66.87714957751605,65.0978774320218,1.7027282067820995
2012-06-01 20:20:00,66.80439819628776,65.81424736986303,1.5650457335230936
2012-06-01 20:25:00,66.83564819256493,64.51335408575244,1.8431227456495538
2012-06-01 20:30:00,67.00231486834949,64.65644032217567,1.8062601919384693
2012-06-01 20:35:00,66.913194613221,65.5638900170999,1.6091387358792686
2012-06-01 20:40:00,66.9756946057753,64.74974153298167,1.7831125954262796
2012-06-01 20:45:00,66.87384281112635,65.43406580221772,1.633667702126073
2012-06-01 20:50:00,66.92476902715437,65.52392239287208,1.616566534440145
2012-06-01 20:55:00,66.90162080772164,64.84144167867406,1.7610325688101378
2012-06-01 21:00:00,66.70965637310746,66.01075854488447,1.4581030846272602
2012-06-01 21:05:00,66.81382302736466,65.32162741521708,1.5357891191579112
2012-06-01 21:10:00,66.77215636566179,65.91646616610974,1.467206300385909
2012-06-01 21:15:00,66.75132303481034,65.72389097964579,1.487214848239456
2012-06-01 21:20:00,66.70502659594489,65.67307008064692,1.4928280141073893
2012-06-01 21:25:00,66.85085994087801,64.96681845827065,1.5872996853457912
2012-06-01 21:30:00,67.02678614201464,65.52574184233426,1.5099321587739898
2012-06-01 21:35:00,67.11011949439343,65.40553475264787,1.524844492366796
2012-06-01 21:40:00,67.25595283932655,65.25218364059688,1.5451917858531525
2012-06-01 21:45:00,67.35780463397552,65.25218364059688,1.5451917858531525
2012-06-01 21:50:00,67.47354506475901,65.8172901193537,1.477266300348691
2012-06-01 21:55:00,67.68650817940902,65.03132573255668,1.5772752280695228
2012-06-01 22:00:00,67.63888929474511,65.26682899479654,1.561022673713385
2012-06-01 22:05:00,67.44097263716993,65.49132342597115,1.541788995539456
2012-06-01 22:10:00,67.33912087149403,65.60968128190211,1.532563578708018
2012-06-01 22:15:00,67.32870419158179,65.49132342597115,1.541788995539456
2012-06-01 22:20:00,67.27662084996668,65.37121078842092,1.551783965496222
2012-06-01 22:25:00,67.13078750503355,65.31048394639824,1.557094558581652
2012-06-01 22:30:00,66.9965279655998,65.86657040550342,1.5144822238385134
2012-06-01 22:35:00,66.7835648509498,65.50455958906693,1.540727111604058
2012-06-01 22:40:00,66.63773150601669,65.55071915925409,1.5370843882374225
2012-06-01 22:45:00,66.57754640204367,65.42481272336877,1.5472418607766094
2012-06-01 22:50:00,66.38773153579945,65.95450835746617,1.5088532314431633
2012-06-01 22:55:00,66.30208332381241,65.55729189798201,1.5365731008610943
2012-06-01 23:00:00,66.3993053412988,64.74311969942407,1.721040969385198
2012-06-01 23:05:00,66.38888866138656,64.53072925155239,1.740505294750214
2012-06-01 23:10:00,66.40740710365671,64.9280917496845,1.7057257728045752
2012-06-01 23:15:00,66.08449044648638,65.06772706431819,1.695063285553931
2012-06-01 23:20:00,65.96990711231695,64.83274521553491,1.7134419328679584
2012-06-01 23:25:00,66.03472199345255,64.50000776712852,1.7435025855287343
2012-06-01 23:30:00,65.94543644708578,65.09669085533149,1.6929423280687812
2012-06-01 23:35:00,66.01835311955233,64.50000776712852,1.7435025855287343
2012-06-01 23:40:00,66.15376981354625,64.74311969942407,1.721040969385198
2012-06-01 23:45:00,66.0843251552481,64.86243741794549,1.7109989689284253
2012-06-01 23:50:00,65.78455670302395,65.03220247147271,1.6977073369324283
2012-06-01 23:55:00,65.69427871387435,64.92154523156492,1.7062438543606364
2012-06-02 00:00:00,65.62830670715165,64.41245140469319,1.9425712404615538
2012-06-02 00:05:00,65.60978826488149,63.8859834622945,1.992703145894798
2012-06-02 00:10:00,65.66187160649662,64.37282450350871,1.9459968832667827
2012-06-02 00:15:00,65.70353828268601,63.50742215440702,2.0362237060137853
2012-06-02 00:20:00,65.62946449911887,63.8859834622945,1.992703145894798
2012-06-02 00:25:00,65.49983473684766,64.0777611583717,1.9732099054279757
2012-06-02 00:30:00,65.32523160443002,64.23584132373388,1.958242588233513
2012-06-02 00:35:00,65.20601849309801,64.10151633418491,1.9708998263726454
2012-06-02 00:40:00,64.95023157667151,64.52066410163035,1.9334679812433324
2012-06-02 00:45:00,64.86689823877923,64.05055227935634,1.975883002286996
2012-06-02 00:50:00,64.96296313067852,63.539407769127145,2.0322564845106466
2012-06-02 00:55:00,64.89814824954291,64.05055227935634,1.975883002286996
2012-06-02 01:00:00,64.78356491537347,64.48102056991637,1.9932600368485243
2012-06-02 01:05:00,64.84375001934652,64.07012665884382,2.0477583254658547
2012-06-02 01:10:00,64.92129644000258,64.78959664037794,1.9565783473889684
2012-06-02 01:15:00,65.06018511919184,63.86390739774267,2.077789584969534
2012-06-02 01:20:00,65.06134224477896,63.893596108900994,2.073348031212665
2012-06-02 01:25:00,64.90740713024466,63.92320795456323,2.0689583392115414
2012-06-02 01:30:00,65.16087912911685,63.95274683160435,2.0646190168541954
2012-06-02 01:35:00,65.37384224376684,63.98220777114659,2.0603297454371012
2012-06-02 01:40:00,65.32754581938794,64.0115926419516,2.0560905829063527
2012-06-02 01:45:00,65.0405089211708,64.0408987205528,2.0519002399613195
2012-06-02 01:50:00,65.34474185931921,64.07012665884382,2.0477583254658547
2012-06-02 01:55:00,65.19659394450835,64.0992735884929,2.0436639702285215
2012-06-02 02:00:00,65.06117727948748,63.26308724078649,2.459372405103584
2012-06-02 02:05:00,65.32506597275842,63.40234397184653,2.4345665651677653
2012-06-02 02:10:00,65.08829344474954,64.2133151990992,2.3066275830529968
2012-06-02 02:15:00,64.54315475601113,63.44838511470038,2.4265629055500484
2012-06-02 02:20:00,64.38690475108474,63.01555194256491,2.5057937757515787
2012-06-02 02:25:00,64.58713630448447,62.5079710610924,2.611403056009909
2012-06-02 02:30:00,64.1704696512394,63.90862195165223,2.3515944197771614
2012-06-02 02:35:00,64.08713629886061,63.809492464584146,2.366997868261694
2012-06-02 02:40:00,64.42046962145666,62.979817023499805,2.512753739264717
2012-06-02 02:45:00,64.58713628999796,62.16665968924215,2.6915683794389005
2012-06-02 02:50:00,64.6208664805812,64.18109191122385,2.3112187536292317
2012-06-02 02:55:00,64.90327393482582,62.72328139643431,2.56477128308805
2012-06-02 03:00:00,64.79794982722392,61.72798345983679,3.1580772873140734
2012-06-02 03:05:00,64.45072781054722,63.26143674765317,2.813482619053763
2012-06-02 03:10:00,64.27083367806777,62.42409639801638,2.9864867289577037
2012-06-02 03:15:00,64.39136953217196,60.44569733822244,3.5743800463207513
2012-06-02 03:20:00,64.36011953182046,61.387739883555476,3.2536865056024697
2012-06-02 03:25:00,64.48048976873957,62.14798724164128,3.051096596806344
2012-06-02 03:30:00,64.84209699786206,61.42562358328579,3.2425988678469095
2012-06-02 03:35:00,64.08283779364261,62.50746979476901,2.967780135714472
2012-06-02 03:40:00,63.22867114181451,63.07743665623071,2.848841065956057
2012-06-02 03:45:00,63.36755982824704,61.6819008513453,3.1705247026402983
2012-06-02 03:50:00,63.19394848671865,63.306927438813204,2.804951389206797
2012-06-02 03:55:00,62.53769846349268,62.652287176236825,2.9361204895130277
2012-06-02 04:00:00,63.06415373199372,60.57193485636936,3.7331753389377837
2012-06-02 04:05:00,62.85582039722252,61.24827206392252,3.5384879593356726
2012-06-02 04:10:00,62.569940624592505,60.979218595294604,3.6112024578739685
2012-06-02 04:15:00,62.92857145250401,60.14761235770339,3.880410689658879
2012-06-02 04:20:00,62.91815478572018,60.50608785386182,3.754506948267041
2012-06-02 04:25:00,62.12185866798737,61.740165057634336,3.4179567336758936
2012-06-02 04:30:00,61.93733477283189,61.88025235181533,3.3860607977822834
2012-06-02 04:35:00,62.585482671536816,59.203811418174205,4.333135220912384
2012-06-02 04:40:00,62.560019563522815,59.412881525783256,4.2117412503187
2012-06-02 04:45:00,61.93386242547342,61.359356248853366,3.509979363877964
2012-06-02 04:50:00,61.362103198916905,61.8904042932186,3.3837856457361988
2012-06-02 04:55:00,62.11210322546086,59.63339549477181,4.098952999278138
2012-06-02 05:00:00,61.8263887295826,62.38409771920826,3.20280005508271
2012-06-02 05:05:00,61.613425626702906,60.786559970074336,3.50940040994826
2012-06-02 05:10:00,61.96412028046853,60.3435346048234,3.6609436182966806
2012-06-02 05:15:00,61.849536931812565,61.49013409349911,3.3435534686080035
2012-06-02 05:20:00,61.91203693161014,60.726683979549364,3.5272272365919446
2012-06-02 05:25:00,62.430555365017646,59.57379928248392,4.084425014895539
2012-06-02 05:30:00,62.21180536346261,61.396990166505276,3.3617974926549548
2012-06-02 05:35:00,61.92708335020512,61.43834346839776,3.353586125256829
2012-06-02 05:40:00,62.51041667199147,59.73982536417936,3.969085889798532
2012-06-02 05:45:00,62.97916667409493,59.72479826110055,3.9788541818717746
2012-06-02 05:50:00,63.164351783095555,60.28880472014766,3.6832830550972133
2012-06-02 05:55:00,62.98726842739876,62.18098766362101,3.230606952293277
2012-06-02 06:00:00,62.885416647236326,62.42029117568895,2.925366708188443
2012-06-02 06:05:00,63.32754641573866,61.18178428262268,3.30728635449088
2012-06-02 06:10:00,63.4016201993058,62.27230243699245,2.9511187788956974
2012-06-02 06:15:00,63.322916638576096,62.087426431480395,2.989175224991683
2012-06-02 06:20:00,63.5520832996717,61.86540764674877,3.044946067818971
2012-06-02 06:25:00,63.79050918190237,61.95179716404484,3.0218270387320114
2012-06-02 06:30:00,64.22685204629691,61.72635239245304,3.0863055138084157
2012-06-02 06:35:00,64.48726871453457,61.58693976647633,3.133366681786708
2012-06-02 06:40:00,64.63773183663024,62.29695790771506,2.9465541476313404
2012-06-02 06:45:00,65.08217646474081,61.976466579857565,3.015566600487421
2012-06-02 06:50:00,65.40625056076934,61.77892035718634,3.0700428551018226
2012-06-02 06:55:00,65.53125057485103,62.53139420758746,2.9084503161155104
2012-06-02 07:00:00,65.83101901258864,63.265571120102116,2.778808732840775
2012-06-02 07:05:00,65.98726900846094,63.4793602110774,2.7291811177927907
2012-06-02 07:10:00,66.04166723865734,63.58204762102253,2.708984672480337
2012-06-02 07:15:00,66.30092615476572,62.99124767860192,2.85914125972921
2012-06-02 07:20:00,66.49884284131394,63.58806659064265,2.707869688191396
2012-06-02 07:25:00,66.39930594973279,63.696058078359066,2.6891007304625556
2012-06-02 07:30:00,66.30671307200193,63.987042199433034,2.649186068966319
2012-06-02 07:35:00,66.62962975814531,63.39730268324135,2.746975639488064
2012-06-02 07:40:00,66.59837974738163,63.803419496446004,2.6726546723627407
2012-06-02 07:45:00,66.53356489521907,64.24530983168047,2.6248544309055144
2012-06-02 07:50:00,66.63541668986802,63.749812744728935,2.6806003858846528
2012-06-02 07:55:00,66.60416667910435,63.963432106157164,2.65189491856645
2012-06-02 08:00:00,66.58217622266581,64.91735496105251,2.737286081672497
2012-06-02 08:05:00,66.69675955683523,64.75232801491397,2.76660161997385
2012-06-02 08:10:00,66.82175954194386,64.58432720270615,2.8014125342168903
2012-06-02 08:15:00,66.9699077464852,64.53708800983503,2.8121557693520383
2012-06-02 08:20:00,66.90740772495785,64.97175369827725,2.7286161578452237
2012-06-02 08:25:00,67.14236128155987,64.28051124466313,2.878322127280075
2012-06-02 08:30:00,67.2719910728041,64.6125480957982,2.7951975401979343
2012-06-02 08:35:00,67.36574107612209,65.10650412806162,2.709133492540886
2012-06-02 08:40:00,67.59837975862935,64.58432720270615,2.8014125342168903
2012-06-02 08:45:00,67.58333330155456,64.95667399462998,2.730972333019766
2012-06-02 08:50:00,67.75925953166423,64.883964841619,2.7428469946485383
2012-06-02 08:55:00,67.90509284762429,64.75232801491397,2.76660161997385
2012-06-02 09:00:00,67.96064820340781,65.26351515898317,3.1028292196766074
2012-06-02 09:05:00,67.88773153094125,65.47564300963519,3.057583691204673
2012-06-02 09:10:00,67.96362428591526,65.32705658774432,3.088652881176397
2012-06-02 09:15:00,68.00066117045557,65.34369604093888,3.085030757646819
2012-06-02 09:20:00,68.11524453359806,65.20623918080388,3.1160861274746936
2012-06-02 09:25:00,68.05274454104375,65.32705658774432,3.088652881176397
2012-06-02 09:30:00,68.08978142558406,65.37025401146005,3.079324921485171
2012-06-02 09:35:00,67.89186473903582,65.79372845452743,2.9999986430369003
2012-06-02 09:40:00,67.8363093832523,65.63132093267666,3.027965848121509
2012-06-02 09:45:00,67.84209628600199,65.32705658774432,3.088652881176397
2012-06-02 09:50:00,67.74140161694015,65.78425774462919,3.001552989110752
2012-06-02 09:55:00,67.6731147506092,65.56355824672836,3.040504731359961
2012-06-02 10:00:00,67.71544260623826,65.40122782215808,3.535782774826101
2012-06-02 10:05:00,67.58465571837995,65.22785229226656,3.5758127490529863
2012-06-02 10:10:00,67.45667965076386,65.53399142518255,3.5069464797100967
2012-06-02 10:15:00,67.39302253262242,65.43042517939705,3.529313803069235
2012-06-02 10:20:00,67.31663384598748,65.52471610951937,3.508914213231416
2012-06-02 10:25:00,67.45205053998139,65.0928669490098,3.6090862954282463
2012-06-02 10:30:00,67.43353209771125,65.45953755868652,3.5229376754443713
2012-06-02 10:35:00,67.4126987668598,65.19428756675988,3.583904341871086
2012-06-02 10:40:00,67.3606154252447,65.45953755868652,3.5229376754443713
2012-06-02 10:45:00,67.25066186823783,65.31309131789807,3.5557744965820786
2012-06-02 10:50:00,67.27149517011621,65.4921813179195,3.5158708303575215
2012-06-02 10:55:00,67.04927253011414,65.34256058719158,3.5490103908727577
2012-06-02 11:00:00,66.74421312128779,65.33049681847915,3.867401486933833
2012-06-02 11:05:00,66.84606491593674,64.5230165392817,4.0599119041492
2012-06-02 11:10:00,66.87731489772737,64.88263670261667,3.967074885030172
2012-06-02 11:15:00,66.9039351313285,64.9934883661624,3.9410469184742705
2012-06-02 11:20:00,66.81365714217888,65.05465299093889,3.9271152718501163
2012-06-02 11:25:00,66.77199045150296,65.3202613939546,3.8695405960334917
2012-06-02 11:30:00,66.54050889458281,65.18413710569827,3.8985088054365953
2012-06-02 11:35:00,66.51967556373138,64.88263670261667,3.967074885030172
2012-06-02 11:40:00,66.44212914307532,65.06684725425909,3.924371871890362
2012-06-02 11:45:00,66.4965273732717,64.69569868619084,4.013572657605484
2012-06-02 11:50:00,66.31944407552102,65.35604896066938,3.8620832087474466
2012-06-02 11:55:00,66.46412026589397,64.31809955873767,4.119839524645524
2012-06-02 12:00:00,66.74537026136142,63.88286905521309,4.389098285425977
2012-06-02 12:05:00,66.71180536201645,64.60061967467904,4.169541643886189
2012-06-02 12:10:00,66.6597220493744,64.7146431191843,4.138778829409506
2012-06-02 12:15:00,66.45601848904954,64.81899185456102,4.111261793056676
2012-06-02 12:20:00,66.29232791025895,64.42618814962411,4.218319740196637
2012-06-02 12:25:00,66.17427256192113,64.91829083395932,4.0855412450255395
2012-06-02 12:30:00,66.34093923770567,64.00880046586569,4.3464132066028185
2012-06-02 12:35:00,66.35135588864487,64.50897431702022,4.194885614727218
2012-06-02 12:40:00,66.35598566580744,64.49060049371867,4.20003994892205
2012-06-02 12:45:00,66.4115409926179,64.60061967467904,4.169541643886189
2012-06-02 12:50:00,66.49487431602365,64.42618814962411,4.218319740196637
2012-06-02 12:55:00,66.4798278879219,64.55026040325238,4.183394353441334
2012-06-02 13:00:00,66.46941120800965,64.74210688858855,4.095043434140325
2012-06-02 13:05:00,66.44857787715821,64.13753165078599,4.311726992357948
2012-06-02 13:10:00,66.55505941999668,64.1842605993105,4.294386956378591
2012-06-02 13:15:00,66.69047608501756,63.62432284711006,4.51305964471341
2012-06-02 13:20:00,66.7407404552258,63.36061908156063,4.627217538647447
2012-06-02 13:25:00,66.81712914186076,64.12195421914879,4.317537117005521
2012-06-02 13:30:00,66.68749937958957,64.37093420045791,4.226297019854237
2012-06-02 13:35:00,66.66666604873814,64.23097037492057,4.277179921175628
2012-06-02 13:40:00,66.57291604542014,64.1842605993105,4.294386956378591
2012-06-02 13:45:00,66.5636571574751,64.53634441656062,4.167256930734298
2012-06-02 13:50:00,66.63657382994167,64.46405327219826,4.192932092485894
2012-06-02 13:55:00,66.67361071448198,64.16349325457566,4.302077431835009
2012-06-02 14:00:00,66.69444407430647,64.42078637111366,4.130849587065327
2012-06-02 14:05:00,66.79861072856367,63.63281670172524,4.5731047074594064
2012-06-02 14:10:00,66.73379584742807,64.37744245966773,4.154244627893124
2012-06-02 14:15:00,66.68171250581295,63.85909157015299,4.442196002421196
2012-06-02 14:20:00,66.88888868874022,63.074842941901316,4.9124823148761765
2012-06-02 14:25:00,66.98263866308515,64.14099411109183,4.283670825529756
2012-06-02 14:30:00,67.0393517528898,63.32499735657205,4.757153893711539
2012-06-02 14:35:00,67.13773153337036,63.74599135181915,4.507196571820797
2012-06-02 14:40:00,67.25231486753978,63.293653755620376,4.776317377433664
2012-06-02 14:45:00,67.20370354009306,64.17844615043553,4.26296293348921
2012-06-02 14:50:00,67.14699042131537,64.53188841973937,4.071333094118732
2012-06-02 14:55:00,67.2157738567143,63.97830304450778,4.374570996396527
2012-06-02 15:00:00,67.09077384263263,64.33073226394848,3.9586522751397912
2012-06-02 15:05:00,67.03869052999057,63.91075959036971,4.275711958244096
2012-06-02 15:10:00,66.92757920998953,63.69535950920109,4.447333170085146
2012-06-02 15:15:00,67.13591254747696,63.10576979453196,4.948073487785746
2012-06-02 15:20:00,67.22966255079494,63.91075959036971,4.275711958244096
2012-06-02 15:25:00,67.2910054467352,64.46726423920506,3.8605571693413943
2012-06-02 15:30:00,67.41600546081686,63.18056729586266,4.882080707387689
2012-06-02 15:35:00,67.49470900706005,64.01322941634673,4.196212145725416
2012-06-02 15:40:00,67.59887566131725,63.54993360137573,4.566654162561007
2012-06-02 15:45:00,67.5482806941459,63.54993360137573,4.566654162561007
2012-06-02 15:50:00,67.48743436727365,63.95026839016767,4.244896325901087
2012-06-02 15:55:00,67.33416048288184,64.10261452859258,4.127994481519386
2012-06-02 16:00:00,67.34689205137538,63.387500489080416,4.258204298696102
2012-06-02 16:05:00,67.35730870231457,63.476965212018676,4.182322712832055
2012-06-02 16:10:00,67.47883667325479,62.67245913932381,4.908920918855002
2012-06-02 16:15:00,67.31812222043125,64.63616417200844,3.3096999687328883
2012-06-02 16:20:00,67.19312223532262,64.63616417200844,3.3096999687328883
2012-06-02 16:25:00,66.88756627191482,64.99982067205231,3.076611276845613
2012-06-02 16:30:00,66.8354829302997,64.07847319999694,3.7042503718086746
2012-06-02 16:35:00,66.61673294187307,64.63616417200844,3.3096999687328883
2012-06-02 16:40:00,66.59821449960292,64.32286607419978,3.525709019908827
2012-06-02 16:45:00,66.70089277941632,63.03422707651057,4.569969881622495
2012-06-02 16:50:00,66.72470222174827,63.45149452755263,4.203798941129917
2012-06-02 16:55:00,66.88095221762059,62.832321418754304,4.756738941719486
2012-06-02 17:00:00,66.92030399074217,64.11282011087782,2.8787833926892006
2012-06-02 17:05:00,66.97701710951986,64.17824181077195,2.840021423903751
2012-06-02 17:10:00,66.97850548396363,64.34310600081388,2.745124899134174
2012-06-02 17:15:00,67.02347947703062,63.971498188206596,2.96469682395673
2012-06-02 17:20:00,67.03389612796981,64.26127581361982,2.7917324216149386
2012-06-02 17:25:00,67.21908121705148,63.13828623170596,3.5347467131196457
2012-06-02 17:30:00,67.3143195658402,64.26127581361982,2.7917324216149386
2012-06-02 17:35:00,67.50992136380715,63.469150239375416,3.295067652404794
2012-06-02 17:40:00,67.49718982428668,64.75145327513825,2.5266506037448644
2012-06-02 17:45:00,67.56779163714498,64.50321301195837,2.6567006200758763
2012-06-02 17:50:00,67.6326065182806,64.26127581361982,2.7917324216149386
2012-06-02 17:55:00,67.6430231692198,64.73470827313018,2.5351599444541404
2012-06-02 18:00:00,67.72635652159859,65.26164032753992,1.790723090783964
2012-06-02 18:05:00,67.69857852500331,65.4032848361265,1.7494399163431205
2012-06-02 18:10:00,67.76074726870095,65.21093933349981,1.8059558010972099
2012-06-02 18:15:00,67.77232107420032,65.19580946302008,1.8105488549215585
2012-06-02 18:20:00,67.81398776487625,65.20243397658462,1.8085352860384578
2012-06-02 18:25:00,67.86028423271472,65.45373266367407,1.7351827720123103
2012-06-02 18:30:00,67.8275458764803,65.66384540987147,1.6782592147444524
2012-06-02 18:35:00,67.67361074021623,65.69793283813533,1.6693908038092635
2012-06-02 18:40:00,67.65277738039175,65.4348808864878,1.7404833911259996
2012-06-02 18:45:00,67.60300892735792,65.69793283813533,1.6693908038092635
2012-06-02 18:50:00,67.54745357157441,65.5036353778119,1.7213068260727482
2012-06-02 18:55:00,67.41203693552657,65.54685435747527,1.7094694672431496
2012-06-02 19:00:00,67.33912023408696,66.15097549345481,1.3533238097587048
2012-06-02 19:05:00,67.36689823068228,65.80071629011265,1.4075302456212553
2012-06-02 19:10:00,67.25115779989876,66.03056953276764,1.3710825569830813
2012-06-02 19:15:00,67.2858797958578,65.81049701162344,1.405909152888299
2012-06-02 19:20:00,67.2546297850941,65.94078541819258,1.3849138844288742
2012-06-02 19:25:00,67.15277799044514,66.14181270910967,1.354643981172888
2012-06-02 19:30:00,67.0694446670394,65.9835080315993,1.3782688000003356
2012-06-02 19:35:00,67.18634288979011,65.49354125484196,1.4617698049208208
2012-06-02 19:40:00,67.3009262529326,65.85428461632493,1.3987292115089633
2012-06-02 19:45:00,67.32291668039811,65.94078541819258,1.3849138844288742
2012-06-02 19:50:00,67.44907382006689,65.76141710307299,1.4141080256595178
2012-06-02 19:55:00,67.59490713602696,65.44671637655583,1.470622497977522
2012-06-02 20:00:00,67.61574049585144,66.06861586726991,1.2912407248771782
2012-06-02 20:05:00,67.77777736550037,66.12066910588825,1.285892973857814
2012-06-02 20:10:00,67.90277735060901,65.8101065708299,1.3197804808479048
2012-06-02 20:15:00,67.95833331482653,66.15248501822356,1.2826879897854073
2012-06-02 20:20:00,68.15624997240171,66.03232274984228,1.2950460522319025
2012-06-02 20:25:00,68.25810176705068,65.95910264264505,1.302920564488595
2012-06-02 20:30:00,68.33101843951722,65.88503298773723,1.3111597315261836
2012-06-02 20:35:00,68.46412024492984,66.18413789921833,1.2795461452276413
2012-06-02 20:40:00,68.37384222680718,66.45418423435989,1.2545872406797556
2012-06-02 20:45:00,68.41435176292296,66.21562606843575,1.2764670345618452
2012-06-02 20:50:00,68.3518517413956,66.4201514202913,1.2575559133302108
2012-06-02 20:55:00,68.3726851012201,66.24695285777638,1.2734489918377652
2012-06-02 21:00:00,68.3414350904564,66.13572749985879,1.3005341052357329
2012-06-02 21:05:00,68.36226845028091,66.5968937052682,1.2685668594279735
2012-06-02 21:10:00,68.41782380606442,66.23063080432156,1.2933444651286121
2012-06-02 21:15:00,68.40046251835443,66.31387567301209,1.287306409513194
2012-06-02 21:20:00,68.3298607634422,66.62644204200946,1.266764294009482
2012-06-02 21:25:00,68.23842561973244,66.28624416414699,1.2892833347339603
2012-06-02 21:30:00,68.18634227811732,66.13572749985879,1.3005341052357329
2012-06-02 21:35:00,67.99884224250827,66.56719241980709,1.2704077706753631
2012-06-02 21:40:00,68.12847203375252,66.14633693745873,1.2997137406276467
2012-06-02 21:45:00,68.055555390259,66.32420694037911,1.2865740867544206
2012-06-02 21:50:00,68.03819407357595,66.19914385197217,1.2956933680681313
2012-06-02 21:55:00,67.94444404128492,66.29316336258175,1.2887858095553852
2012-06-02 22:00:00,67.80902737626404,65.91343367307803,1.3836876001764178
2012-06-02 22:05:00,67.57986070792519,66.49008969240658,1.3454491453935107
2012-06-02 22:10:00,67.39930536703305,66.24643403740761,1.3603195042831686
2012-06-02 22:15:00,67.41666665474305,66.12100038371796,1.3686961991358864
2012-06-02 22:20:00,67.24074042463337,66.27186979486437,1.3586820200483618
2012-06-02 22:25:00,67.2928237662485,65.88329579275808,1.3859851701183166
2012-06-02 22:30:00,67.42824043126936,65.85303509568804,1.3883243308704785
2012-06-02 22:35:00,67.41782378033015,65.88329579275808,1.3859851701183166
2012-06-02 22:40:00,67.1597219898089,66.37259937644895,1.3523927463778467
2012-06-02 22:45:00,67.24305531321465,65.97335306522875,1.3792114236273065
2012-06-02 22:50:00,67.13541664478906,66.0130259756133,1.3763146548384826
2012-06-02 22:55:00,67.28124996074914,65.88329579275808,1.3859851701183166
2012-06-02 23:00:00,67.442129733784,65.2776904834267,1.5478088488375292
2012-06-02 23:05:00,67.45254638472319,65.60738829694505,1.5187748851022127
2012-06-02 23:10:00,67.50347257177815,65.48900091747826,1.5287574980540484
2012-06-02 23:15:00,67.53819462568327,65.91420899183989,1.4950712378546855
2012-06-02 23:20:00,67.65972262559656,65.52865844317436,1.5253597997535209
2012-06-02 23:25:00,67.64351907190769,65.78159836650833,1.5049423842479799
2012-06-02 23:30:00,67.63310239199544,65.97954411302362,1.4904110679648719
2012-06-02 23:35:00,67.7905094844818,65.60738829694505,1.5187748851022127
2012-06-02 23:40:00,67.9675928401786,65.39906976468511,1.5366681252149512
2012-06-02 23:45:00,67.83333330074485,65.95162267086818,1.492386551776505
2012-06-02 23:50:00,67.87499996244772,65.45913106682444,1.5313529833610005
2012-06-02 23:55:00,67.8229166787787,66.03502422580173,1.486557485998867
2012-06-03 00:00:00,67.91550891910252,65.34647962651607,1.6951314301625968
2012-06-03 00:05:00,67.99884227148134,65.24567529446792,1.7044596578545155
2012-06-03 00:10:00,68.2210643030494,65.24240102135145,1.7047684888153656
2012-06-03 00:15:00,68.24189760492779,65.61877850023986,1.6715872723005083
2012-06-03 00:20:00,68.17592559820508,65.47766144599034,1.6834927250359388
2012-06-03 00:25:00,68.04629580696084,65.34647962651607,1.6951314301625968
2012-06-03 00:30:00,67.91087914193997,65.56269508168528,1.6762437336401905
2012-06-03 00:35:00,67.77430538030502,65.6497230481595,1.6690604024142504
2012-06-03 00:40:00,67.57754581934391,65.50612613279395,1.6810402144771215
2012-06-03 00:45:00,67.4826386904388,65.18981422956946,1.709776726416151
2012-06-03 00:50:00,67.51388870120248,65.18651660417639,1.7100939812906792
2012-06-03 00:55:00,67.34722202541793,65.50612613279395,1.6810402144771215
2012-06-03 01:00:00,67.06018511271428,65.48687840993504,1.8581670007727207
2012-06-03 01:05:00,67.09143509450489,65.35019463763723,1.8743191707611395
2012-06-03 01:10:00,66.83912020673331,65.75829015790511,1.828101357504444
2012-06-03 01:15:00,66.80787022494268,65.56957226920055,1.8487279149562663
2012-06-03 01:20:00,66.6238422324751,65.14534817749175,1.8998486994874575
2012-06-03 01:25:00,66.81134226808415,64.78712250143884,1.9485142210202806
2012-06-03 01:30:00,66.76620359221285,65.02404438550968,1.9157400251256138
2012-06-03 01:35:00,66.66203690898264,65.1234377880711,1.902675759123029
2012-06-03 01:40:00,66.87962977182214,64.75654728744735,1.9529168784603401
2012-06-03 01:45:00,67.10879644016099,64.71818038065656,1.9584984347330128
2012-06-03 01:50:00,67.12499999384987,65.1234377880711,1.902675759123029
2012-06-03 01:55:00,67.30787019435023,64.8555170316158,1.9388113645757257
2012-06-03 02:00:00,67.51851842041894,63.823570555478916,2.3877366745443513
2012-06-03 02:05:00,67.37499999304016,64.75380051212751,2.22505386527896
2012-06-03 02:10:00,67.57291665061535,64.26972898283246,2.30469564573236
2012-06-03 02:15:00,67.47916664729736,64.78721431702766,2.219926867154823
2012-06-03 02:20:00,67.6666666249603,63.794491726978926,2.3934977043622534
2012-06-03 02:25:00,67.60416660343294,64.6864998593741,2.235521190078935
2012-06-03 02:30:00,67.61342552035102,64.1501335721334,2.326000368073166
2012-06-03 02:35:00,67.85300883962907,64.05330842745718,2.343750488572529
2012-06-03 02:40:00,67.7465272967906,64.75380051212751,2.22505386527896
2012-06-03 02:45:00,67.79861063840572,64.75380051212751,2.22505386527896
2012-06-03 02:50:00,67.84490707727117,64.4654069219693,2.2712617625100107
2012-06-03 02:55:00,67.72453686932509,64.73889799315468,2.227355744961734
2012-06-03 03:00:00,67.63078686600711,63.667997746655224,2.760421683342855
2012-06-03 03:05:00,67.21412018831603,63.38045808638111,2.8220510647807586
2012-06-03 03:10:00,66.83912018953058,64.06095960097412,2.6823518790629546
2012-06-03 03:15:00,66.76620351706401,63.59479221290109,2.7757350980810327
2012-06-03 03:20:00,66.65162018289459,63.557994464654904,2.783528456830551
2012-06-03 03:25:00,66.62661991932083,63.59479221290109,2.7757350980810327
2012-06-03 03:30:00,66.85347169907841,63.2801705248586,2.84450936351031
2012-06-03 03:35:00,66.73888839388202,63.99076504776363,2.6958045432591913
2012-06-03 03:40:00,66.83495325680825,63.512847401086255,2.79317864027402
2012-06-03 03:45:00,66.39596520972822,64.06095960097412,2.6823518790629546
2012-06-03 03:50:00,65.74318754834722,63.74067600715386,2.7454641445520593
2012-06-03 03:55:00,65.59735420341411,63.44684672553265,2.8074645113818253
2012-06-03 04:00:00,64.56610419588922,62.718089802899875,3.157806258937473
2012-06-03 04:05:00,64.441765407423,61.325223072146855,3.5019385318397895
2012-06-03 04:10:00,64.55634872710591,62.14077591882943,3.284803761860663
2012-06-03 04:15:00,64.5042653854908,62.718089802899875,3.157806258937473
2012-06-03 04:20:00,64.57718205795736,62.538277312847804,3.195533614668863
2012-06-03 04:25:00,64.4875989873617,62.882613027249214,3.1245508931497716
2012-06-03 04:30:00,64.0107472084138,63.435650496793556,3.0204090398215873
2012-06-03 04:35:00,62.802413903138216,62.96802586581672,3.1077287793747126
2012-06-03 04:40:00,62.791997281172065,63.215123699988034,3.0606320324935967
2012-06-03 04:45:00,63.01223533982547,61.91884081731424,3.3387545178187388
2012-06-03 04:50:00,63.10945734282533,60.880615179100545,3.6487840067417907
2012-06-03 04:55:00,63.26719571314141,62.32162350089629,3.243110575332432
2012-06-03 05:00:00,63.93683849154382,60.23396037382455,3.953473473206006
2012-06-03 05:05:00,63.977843944833985,61.47600479093134,3.2256830262618865
2012-06-03 05:10:00,63.96742729389479,62.83808375235935,2.941199059187595
2012-06-03 05:15:00,63.863260639637595,62.83808375235935,2.941199059187595
2012-06-03 05:20:00,63.63293686019816,63.05531133749744,2.9133112982003335
2012-06-03 05:25:00,63.42013938446302,62.86907056833427,2.93704368671138
2012-06-03 05:30:00,63.914352509066994,62.2122848696689,3.0417013616978896
2012-06-03 05:35:00,65.03935249093684,60.009806194881264,4.206163648867066
2012-06-03 05:40:00,65.00000068884219,63.397086515330955,2.874429641754
2012-06-03 05:45:00,64.68452457837382,62.96213212133128,2.924929229651646
2012-06-03 05:50:00,65.13591358249776,61.71428063261183,3.1550857911451327
2012-06-03 05:55:00,64.94543685594725,63.121909002703084,2.905297831205903
2012-06-03 06:00:00,65.18493245207952,62.92998192068549,2.7072661216574994
2012-06-03 06:05:00,65.57529932087652,62.61494138105979,2.795974220693046
2012-06-03 06:10:00,65.56610843267492,63.70154888380244,2.578153296506977
2012-06-03 06:15:00,65.67587760520493,63.45661011753918,2.6087990743566594
2012-06-03 06:20:00,65.86409731683734,63.318657180878006,2.629775285793827
2012-06-03 06:25:00,66.12250077473335,63.20287277987267,2.6497940828630684
2012-06-03 06:30:00,65.92248345529309,64.4713319826979,2.5210903716354482
2012-06-03 06:35:00,65.98725954151753,63.83850056263095,2.564150941159418
2012-06-03 06:40:00,65.97076414231715,64.11963365909338,2.541160378566857
2012-06-03 06:45:00,66.40143645383723,63.02048092665667,2.6864520723694407
2012-06-03 06:50:00,66.52100941042417,63.89341002950084,2.5590873650371395
2012-06-03 06:55:00,66.8235307657678,63.47983171483733,2.60554993535925
2012-06-03 07:00:00,67.12605215008443,64.52941838048658,2.468582241678513
2012-06-03 07:05:00,67.42857356337414,64.59276441501267,2.458227926251879
2012-06-03 07:10:00,67.73109431028372,64.65610017859329,2.4485404110361886
2012-06-03 07:15:00,68.03361508616638,64.71941683444884,2.4394918819054547
2012-06-03 07:20:00,68.33613580410292,64.7827113838688,2.431054466787596
2012-06-03 07:25:00,68.50233517359786,64.84597371525952,2.423200786152345
2012-06-03 07:30:00,68.61157854325455,64.90919801952487,2.415905836259362
2012-06-03 07:35:00,68.68221912205097,64.97237189620033,2.4091449610448827
2012-06-03 07:40:00,68.74848294531215,65.03548471217736,2.4028966335343154
2012-06-03 07:45:00,68.79995339107195,65.09852437120841,2.397136806097901
2012-06-03 07:50:00,68.81232505636443,65.16148126872817,2.391844589168103
2012-06-03 07:55:00,68.87587540882434,65.22433839755742,2.3869990786908595
2012-06-03 08:00:00,68.67116031247808,66.04941667426625,2.4530770977958434
2012-06-03 08:05:00,68.55234581233911,66.11334515397432,2.446536461204992
2012-06-03 08:10:00,68.41526594950342,66.17700235903489,2.440432448446025
2012-06-03 08:15:00,68.13839266611163,66.24037864142299,2.4347493126674076
2012-06-03 08:20:00,68.10267822736976,66.30346374467969,2.4294689746872495
2012-06-03 08:25:00,67.93601155158522,66.02329541449609,2.455871780050384
2012-06-03 08:30:00,67.9538687999292,65.9422965075059,2.4650001733876605
2012-06-03 08:35:00,67.99553546163206,65.9080087885619,2.469081186536435
2012-06-03 08:40:00,68.1205355046868,65.96131600966649,2.4627935136268166
2012-06-03 08:45:00,68.15294261206454,65.98790735713884,2.45977310235607
2012-06-03 08:50:00,68.23974800758477,65.95244501288677,2.4638180006006345
2012-06-03 08:55:00,68.13558132435455,66.14653450467237,2.443303387762645
2012-06-03 09:00:00,68.35780332694956,65.79679545445917,2.817769688519217
2012-06-03 09:05:00,68.40641468336933,66.10935159597064,2.7640427638427076
2012-06-03 09:10:00,68.43766469413302,66.12871503718286,2.7610098507017917
2012-06-03 09:15:00,68.72122959266828,65.80663728012802,2.815930653276679
2012-06-03 09:20:00,68.652777406126,66.54635230926243,2.7027673533742864
2012-06-03 09:25:00,68.64351848920793,65.87540579440727,2.803363448883902
2012-06-03 09:30:00,68.66435184903241,66.30202068408285,2.735243757039353
2012-06-03 09:35:00,68.70486138514819,66.33072906319235,2.731203755239884
2012-06-03 09:40:00,68.64236136362081,66.61482289369012,2.6943985536771216
2012-06-03 09:45:00,68.58680606578339,66.3911639727844,2.7229007316047196
2012-06-03 09:50:00,68.55555602604666,66.50186274555635,2.708370088944975
2012-06-03 09:55:00,68.6805560111553,66.1866791831959,2.7521208471728067
2012-06-03 10:00:00,68.60763936766179,66.39153926067387,3.0533212271001493
2012-06-03 10:05:00,68.58680600783731,66.20386556061571,3.0810261753984105
2012-06-03 10:10:00,68.58680600783731,66.17245063526337,3.085799470553758
2012-06-03 10:15:00,68.49074111593804,66.5845298337256,3.026030615116674
2012-06-03 10:20:00,68.53935244338476,66.32914165887085,3.06238855249571
2012-06-03 10:25:00,68.62268579576356,65.77507832975455,3.1506079486457677
2012-06-03 10:30:00,68.56018577423619,66.32914165887085,3.06238855249571
2012-06-03 10:35:00,68.55092621991106,66.41921654695464,3.0493404824269015
2012-06-03 10:40:00,68.4849541842153,66.42267294465022,3.0488449274155847
2012-06-03 10:45:00,68.50810237467498,66.1968881263547,3.082082300940538
2012-06-03 10:50:00,68.54976903637785,66.39153926067387,3.0533212271001493
2012-06-03 10:55:00,68.43402860559435,66.51580967546329,3.035629045453327
2012-06-03 11:00:00,68.52777860891234,65.96532086715885,3.361090651691811
2012-06-03 11:05:00,68.42361195465516,65.93159502253279,3.366135800955624
2012-06-03 11:10:00,68.39467683247277,65.96532086715885,3.361090651691811
2012-06-03 11:15:00,68.37384347264826,66.10010991801606,3.34098027081815
2012-06-03 11:20:00,68.158565469417,66.29066052583872,3.3124853651255766
2012-06-03 11:25:00,68.13078747282172,65.81160412972987,3.3841878206141285
2012-06-03 11:30:00,68.11888244743874,65.93159502253279,3.366135800955624
2012-06-03 11:35:00,68.00777112743769,66.20105810124706,3.3259123157418
2012-06-03 11:40:00,67.87582650555828,66.02150795127882,3.352701346319994
2012-06-03 11:45:00,67.84457652376764,66.06643173405381,3.346001140667822
2012-06-03 11:50:00,67.77513189444254,66.33540652999177,3.3057502904102543
2012-06-03 11:55:00,67.68253901671166,65.96157531844521,3.3616504689233757
2012-06-03 12:00:00,67.6408723550088,66.04628100821094,3.459591510539553
2012-06-03 12:05:00,67.6096223442451,65.33064417540079,3.5527650081503914
2012-06-03 12:10:00,67.47189079064296,65.62342499485104,3.5165077593560774
2012-06-03 12:15:00,67.36656701079865,65.79451823084017,3.4943753639558532
2012-06-03 12:20:00,67.43948368326521,65.33064417540079,3.5527650081503914
2012-06-03 12:25:00,67.5413354489411,65.46489719589879,3.5362844866100978
2012-06-03 12:30:00,67.43865714015465,65.64612152446698,3.51362644768831
2012-06-03 12:35:00,67.42476847504705,65.59166859315614,3.5205138047434055
2012-06-03 12:40:00,67.5104166870341,65.33064417540079,3.5527650081503914
2012-06-03 12:45:00,67.55208334873696,65.72281686184091,3.503774597344918
2012-06-03 12:50:00,67.45486133125057,65.87830814050783,3.4831277225432538
2012-06-03 12:55:00,67.47337977352073,65.40166279452623,3.5440601862869197
2012-06-03 13:00:00,67.29050951507425,65.70281656406277,3.4692509653583508
2012-06-03 13:05:00,67.38425951839224,64.98045785376063,3.5584840125623107
2012-06-03 13:10:00,67.34606487085776,64.90631518677209,3.5665002464828173
2012-06-03 13:15:00,67.4097219889992,65.20089895553372,3.534022415895141
2012-06-03 13:20:00,67.3263886366204,65.35666356593451,3.5156004538744994
2012-06-03 13:25:00,67.2476850903772,65.60813200611163,3.4827857536588662
2012-06-03 13:30:00,67.29976843199232,65.05496873921494,3.5503583329533552
2012-06-03 13:35:00,67.1851850978229,65.31863409374613,3.520213325263613
2012-06-03 13:40:00,67.17245355830242,65.40326564148228,3.509832847174723
2012-06-03 13:45:00,67.03703689328155,65.6640250717415,3.4748799649969624
2012-06-03 13:50:00,67.06828687507219,65.31863409374613,3.520213325263613
2012-06-03 13:55:00,67.03124999053188,65.23444664488822,3.530154890649834
2012-06-03 14:00:00,67.15162022745098,64.78712786145272,3.5641452592032388
2012-06-03 14:05:00,67.1203702166873,65.10300146040852,3.4978392801573612
2012-06-03 14:10:00,67.37962977020273,64.49764883951444,3.622316591481834
2012-06-03 14:15:00,67.3483797884121,65.2306991839534,3.469577737879114
2012-06-03 14:20:00,67.42129646087865,64.81006580899027,3.5594681690534498
2012-06-03 14:25:00,67.35879646832434,65.10300146040852,3.4978392801573612
2012-06-03 14:30:00,67.47685181666218,65.01857578066425,3.5160169848976643
2012-06-03 14:35:00,67.58548295684365,64.64594873244808,3.5926408747354857
2012-06-03 14:40:00,67.61673293863429,65.14542711456077,3.4885556637159496
2012-06-03 14:45:00,67.77414003112067,64.93472898241706,3.5337143599633216
2012-06-03 14:50:00,67.89914007417538,65.2306991839534,3.469577737879114
2012-06-03 14:55:00,68.01951031109449,64.8606934867327,3.549080737433064
2012-06-03 15:00:00,68.00909363118224,65.09904490098704,3.4621531335967686
2012-06-03 15:05:00,68.22784364858191,64.73602605426791,3.6300728937030864
2012-06-03 15:10:00,68.10747341166281,65.42379969523542,3.314252561695842
2012-06-03 15:15:00,68.18039005515631,64.89122027227467,3.5579761729786834
2012-06-03 15:20:00,68.21164003694695,64.89122027227467,3.5579761729786834
2012-06-03 15:25:00,68.33664005102861,64.58151222483156,3.7023159283193947
2012-06-03 15:30:00,68.39566805838759,65.37732973678608,3.335264540360644
2012-06-03 15:35:00,68.54745359730866,64.86161207721645,3.571695635486526
2012-06-03 15:40:00,68.60300895309216,65.09904490098704,3.4621531335967686
2012-06-03 15:45:00,68.6122685074173,65.47028151814786,3.2932927490037867
2012-06-03 15:50:00,68.51620361551802,65.67372156860203,3.2022543622119977
2012-06-03 15:55:00,68.52893512606546,65.19168420802718,3.4197213661314194
2012-06-03 16:00:00,68.53009225165256,65.07116784554097,3.276011282040764
2012-06-03 16:05:00,68.37384222680721,65.99023047406574,2.7529248202790426
2012-06-03 16:10:00,68.4849529094012,64.79222920394294,3.4549330065999935
2012-06-03 16:15:00,68.53703625101632,65.32342013704256,3.1223504336211794
2012-06-03 16:20:00,68.48495293837425,65.07116784554097,3.276011282040764
2012-06-03 16:25:00,68.29745290276522,65.26083589086494,3.1597562319804275
2012-06-03 16:30:00,68.2453695611501,65.81235832713979,2.84630389615127
2012-06-03 16:35:00,68.06828620545329,65.75239680817742,2.878623287626493
2012-06-03 16:40:00,68.00231416975754,65.46819185155444,3.0376322854448508
2012-06-03 16:45:00,67.80786952635076,65.6314740986944,2.9451001641954218
2012-06-03 16:50:00,67.75810107331691,65.24688481781216,3.1681597631187652
2012-06-03 16:55:00,67.72685109152629,65.32342013704256,3.1223504336211794
2012-06-03 17:00:00,67.66319397338485,65.576223959484,2.356157254712548
2012-06-03 17:05:00,67.5798606499791,65.56921639325317,2.3596069451475357
2012-06-03 17:10:00,67.51504573987046,65.9565402083425,2.180064806227054
2012-06-03 17:15:00,67.43171241646469,66.1125844376286,2.113900041816651
2012-06-03 17:20:00,67.52546239080965,65.24551043782536,2.5274626023853686
2012-06-03 17:25:00,67.7397479512581,64.54566739288761,2.951196064500976
2012-06-03 17:30:00,67.73280328551425,65.99592848750444,2.1630400114953954
2012-06-03 17:35:00,67.76405329627792,65.17875105955285,2.564205627787333
2012-06-03 17:40:00,67.75595153392001,65.56921639325317,2.3596069451475357
2012-06-03 17:45:00,67.78372953051529,64.92795152013265,2.7090002889531557
2012-06-03 17:50:00,67.85201639684624,65.44171393356461,2.423718679383595
2012-06-03 17:55:00,67.9520161183811,65.63200747801973,2.3289654842819907
2012-06-03 18:00:00,68.07701613246277,65.86645080476168,1.6977551859210387
2012-06-03 18:05:00,68.13951615399013,65.75772584985111,1.7302236075114088
2012-06-03 18:10:00,68.13835902840302,66.18639321921312,1.6097632499267984
2012-06-03 18:15:00,68.20085904993037,66.2314791061911,1.5982243134905916
2012-06-03 18:20:00,68.09818077011697,66.38108477093412,1.5613735228369556
2012-06-03 18:25:00,67.96722856204734,66.45792181548535,1.5432798471788305
2012-06-03 18:30:00,67.9325065660883,66.49481134310405,1.5347880713798459
2012-06-03 18:35:00,68.07602502244013,66.02574754840529,1.6525759405394418
2012-06-03 18:40:00,67.94871014875021,66.14095357132022,1.6216012823797612
2012-06-03 18:45:00,67.93945059442508,65.81234627435187,1.7137428614299937
2012-06-03 18:50:00,67.88158037903335,66.40836663305714,1.5548859648698603
2012-06-03 18:55:00,67.76306221522833,66.6971229802616,1.490380240641904
2012-06-03 19:00:00,67.6484788810589,66.77348900997309,1.2683649824734535
2012-06-03 19:05:00,67.71097884464017,66.43955070116378,1.3135884914289828
2012-06-03 19:10:00,67.66187161450554,66.52466305662986,1.3014378542756808
2012-06-03 19:15:00,67.49751982730227,66.81402760605589,1.2633052380367602
2012-06-03 19:20:00,67.42311480936498,66.27226356755843,1.3388015113367562
2012-06-03 19:25:00,67.51686481268298,66.22188668051864,1.3467542870390945
2012-06-03 19:30:00,67.4960314528585,66.65028405004723,1.2842973774070114
2012-06-03 19:35:00,67.37566121593939,66.96480873632534,1.2452523419435575
2012-06-03 19:40:00,67.5319112118117,65.95117439987102,1.3925417781018243
2012-06-03 19:45:00,67.60367075869115,66.18244590219389,1.3531012532912448
2012-06-03 19:50:00,67.6245040895426,66.48224448638784,1.307437962441609
2012-06-03 19:55:00,67.68468919351562,66.4916939300689,1.3060919253389114
2012-06-03 20:00:00,67.76802254589442,66.41743105390465,1.2376874646497946
2012-06-03 20:05:00,67.68121723729331,66.75457317337789,1.2057974175281705
2012-06-03 20:10:00,67.78703758620561,66.42838002665293,1.2365761671811992
2012-06-03 20:15:00,68.03472269681461,66.27115723172426,1.2530473594000686
2012-06-03 20:20:00,68.21180599456532,66.10441331379401,1.271782853258583
2012-06-03 20:25:00,68.21180599456532,66.68104711079484,1.2123556697321465
2012-06-03 20:30:00,68.2326393543898,66.64398429537663,1.2157432202226464
2012-06-03 20:35:00,68.33449112006572,66.57760049472411,1.2219497468683531
2012-06-03 20:40:00,68.35532442194412,66.68104711079484,1.2123556697321465
2012-06-03 20:45:00,68.3298613139301,66.56925848785298,1.2227425581078841
2012-06-03 20:50:00,68.16319463814555,66.64398429537663,1.2157432202226464
2012-06-03 20:55:00,68.1736113180578,66.79103589902793,1.202623470833329
2012-06-03 21:00:00,68.25992075294405,66.63504515398826,1.2359047312825922
2012-06-03 21:05:00,68.2633927381394,66.3827651787394,1.2555387373026465
2012-06-03 21:10:00,68.21709629927396,66.71714442836472,1.2299597588268216
2012-06-03 21:15:00,68.06159018640655,67.02820622698452,1.2093064664950475
2012-06-03 21:20:00,68.01099524820826,66.66875378862387,1.2334380673898748
2012-06-03 21:25:00,67.97156081498099,66.60116827286348,1.2384202220042866
2012-06-03 21:30:00,67.91203690493414,66.63504515398826,1.2359047312825922
2012-06-03 21:35:00,67.7803402054256,66.83473869961823,1.2218096114789123
2012-06-03 21:40:00,67.69105468803188,66.66875378862387,1.2334380673898748
2012-06-03 21:45:00,67.66964279438689,66.4138125809791,1.2530076590811807
2012-06-03 21:50:00,67.75892834075366,66.0005998120177,1.2895176035560347
2012-06-03 21:55:00,67.61979171022044,66.73566176965906,1.2286479678667441
2012-06-03 22:00:00,67.41592282968425,66.71994632490818,1.3061238898540095
2012-06-03 22:05:00,67.36160728856657,66.23351118885181,1.3411036517769617
2012-06-03 22:10:00,67.24553557995335,66.39658054203579,1.3285975442989488
2012-06-03 22:15:00,67.12946447977416,66.36657979115157,1.330837812795359
2012-06-03 22:20:00,67.01339277116095,66.33645054479987,1.3331147756569373
2012-06-03 22:25:00,66.89732106254773,66.30619002156814,1.335429533859504
2012-06-03 22:30:00,66.78124999134157,66.27580036546192,1.3377824278363717
2012-06-03 22:35:00,66.66517894910845,66.24528166340032,1.3401739573726168
2012-06-03 22:40:00,66.5491072694683,66.2146387538824,1.342603999332786
2012-06-03 22:45:00,66.43303556085509,66.18386821808845,1.345073741611843
2012-06-03 22:50:00,66.31696448964892,66.15297257667366,1.3475834666970046
2012-06-03 22:55:00,66.20089278103572,66.12195432132013,1.3501334425889644
2012-06-03 23:00:00,66.08482107242251,65.84208997635513,1.4830965974808648
2012-06-03 23:05:00,65.96875000121635,65.81171257584816,1.4858880564838266
2012-06-03 23:10:00,65.85267895898323,65.78121670454833,1.4887212221892439
2012-06-03 23:15:00,65.73660725037003,65.75060699814328,1.4915963988141188
2012-06-03 23:20:00,65.62053554175682,65.71987841532268,1.4945141803059336
2012-06-03 23:25:00,65.50446447055067,65.68903631610041,1.497475095422813
2012-06-03 23:30:00,65.38839276193745,65.65808293140115,1.500479078975399
2012-06-03 23:35:00,65.27232105332423,65.62701632003069,1.503527970752233
2012-06-03 23:40:00,65.15624996763155,65.59583735118049,1.5066211261029991
2012-06-03 23:45:00,65.04017891091193,65.56454929880489,1.5097596242737323
2012-06-03 23:50:00,64.92410721678523,65.53315543685841,1.5129440374821288
2012-06-03 23:55:00,65.07167688750607,65.50165269419786,1.5161747930806444
2012-06-04 00:00:00,65.37822468526274,65.11877764715432,1.709245817043131
2012-06-04 00:05:00,65.22569464041624,65.08702273757139,1.7131148488869299
2012-06-04 00:10:00,65.11408738875427,65.05515620932138,1.7170378720054942
2012-06-04 00:15:00,65.168402958845,65.02318621831735,1.7210141765591507
2012-06-04 00:20:00,65.24396513134245,64.99110860692686,1.725045566120131
2012-06-04 00:25:00,65.3801256793682,64.95893043008711,1.7291312004700459
2012-06-04 00:30:00,65.52595902430133,64.92664598010765,1.7332732308577021
2012-06-04 00:35:00,65.7439651586961,64.89426152965336,1.73747172971572
2012-06-04 00:40:00,65.8674767838475,64.86177981667727,1.7417266825575748
2012-06-04 00:45:00,66.00066120590621,64.82919684289875,1.7460397408469974
2012-06-04 00:50:00,66.1620368961155,64.79651714259982,1.7504114550718979
2012-06-04 00:55:00,66.06134222705366,65.61892098968941,1.6532979561364243
2012-06-04 01:00:00,65.62384222122736,64.90826798468721,2.1429732060857796
2012-06-04 01:05:00,65.58217555952449,62.94648788508888,2.4897052595494
2012-06-04 01:10:00,65.60449726481971,63.08374780817403,2.4603469135697718
2012-06-04 01:15:00,65.37533061096737,63.76118817901257,2.3279006957985406
2012-06-04 01:20:00,65.18667347874427,63.81050660817987,2.318996611798122
2012-06-04 01:25:00,65.07093301898772,64.02567635361765,2.2812232613531878
2012-06-04 01:30:00,64.82093300531089,64.02567635361765,2.2812232613531878
2012-06-04 01:35:00,64.74801633284433,64.28519883754278,2.2378846374885017
2012-06-04 01:40:00,64.77926634360801,63.849855643348434,2.311960014573283
2012-06-04 01:45:00,64.37301635578866,63.849855643348434,2.311960014573283
2012-06-04 01:50:00,64.48991457853937,63.92825679789067,2.2981130996277184
2012-06-04 01:55:00,64.43320148873475,63.89400636725929,2.304133641035679
2012-06-04 02:00:00,64.61028481545848,62.044081791181235,3.1461164743273637
2012-06-04 02:05:00,64.86028480016226,61.72498225701775,3.23306036101658
2012-06-04 02:10:00,65.0983797739696,62.142149649638895,3.120395158510458
2012-06-04 02:15:00,65.47337977275505,61.72498225701775,3.23306036101658
2012-06-04 02:20:00,65.69212979015471,61.95266742386303,3.1705049719946765
2012-06-04 02:25:00,65.65509225372082,62.496713849519914,3.031007366257652
2012-06-04 02:30:00,65.9571755800397,61.90701859961839,3.1828362053988144
2012-06-04 02:35:00,65.68634224999798,62.95610912807913,2.9229250045764936
2012-06-04 02:40:00,65.2013886869624,62.95610912807913,2.9229250045764936
2012-06-04 02:45:00,65.31597202113183,61.05726836471188,3.433545204044329
2012-06-04 02:50:00,65.04166666243516,63.40185043046203,2.825607158734167
2012-06-04 02:55:00,65.01653477430479,62.618442947737044,3.001552453109366
2012-06-04 03:00:00,65.05357168781815,61.95877507500304,3.4993115166134583
2012-06-04 03:05:00,64.52232170764691,61.95877507500304,3.4993115166134583
2012-06-04 03:10:00,64.41815502441666,62.29175975631231,3.4271257761993765
2012-06-04 03:15:00,64.10796990676681,62.45820240253099,3.3919758483228324
2012-06-04 03:20:00,63.847553227664264,62.04193409202557,3.4810407794163414
2012-06-04 03:25:00,63.58829431879915,61.51850766912114,3.599013004079739
2012-06-04 03:30:00,63.71329433288083,62.33339385774179,3.418277161099167
2012-06-04 03:35:00,63.49454432996769,61.02324178890268,3.7182262602769747
2012-06-04 03:40:00,63.802414566279516,60.2613671423787,3.9234626397010985
2012-06-04 03:45:00,63.93783123854365,60.829191021406395,3.7674923206601894
2012-06-04 03:50:00,63.67857169951474,61.40982083006589,3.6244706651607355
2012-06-04 03:55:00,63.937500033146556,61.67490144012203,3.562994580119282
2012-06-04 04:00:00,63.87268515201097,62.1660192418291,3.162497661772925
2012-06-04 04:05:00,64.10185181310656,60.506738121327324,3.4261078226478596
2012-06-04 04:10:00,63.76851849051051,61.977782664034834,3.183045593616003
2012-06-04 04:15:00,63.89120360152438,61.45940453645978,3.247246347541742
2012-06-04 04:20:00,64.18287026241757,61.29514211662277,3.270808939505557
2012-06-04 04:25:00,64.34953693095885,60.92030483047433,3.3335234195334906
2012-06-04 04:30:00,63.84953692533498,62.76643544387571,3.1032476339478863
2012-06-04 04:35:00,64.29745359658698,60.68706256875746,3.3816498250774756
2012-06-04 04:40:00,64.23958336670871,61.58078825240531,3.230981979425321
2012-06-04 04:45:00,64.29166669383731,61.548463788835896,3.235227211809606
2012-06-04 04:50:00,64.54398158160889,60.84487868100434,3.3481383520328443
2012-06-04 04:55:00,64.04166667472803,62.66266700243215,3.1129444205389056
2012-06-04 05:00:00,63.75694465603811,62.90618710295218,2.5708082232411233
2012-06-04 05:05:00,63.79050954089655,62.18012679197573,2.6732144751077818
2012-06-04 05:10:00,63.6724538738552,62.050513270003286,2.7003789529272146
2012-06-04 05:15:00,63.74537054632176,62.811073752946186,2.580539357380431
2012-06-04 05:20:00,63.72453721547032,63.127266973965085,2.551370118484459
2012-06-04 05:25:00,63.928240761308665,62.43297291506713,2.629250091354505
2012-06-04 05:30:00,64.17824076774222,62.23282783806672,2.663134519958257
2012-06-04 05:35:00,63.93865743397763,62.95399440251551,2.5662429835427614
2012-06-04 05:40:00,63.95486098766651,62.43297291506713,2.629250091354505
2012-06-04 05:45:00,64.15277764524168,62.69793240058029,2.593326322341545
2012-06-04 05:50:00,64.07638864714647,62.58603203221432,2.607400806091856
2012-06-04 05:55:00,64.33912020577621,62.14815667149838,2.679591080787935
2012-06-04 06:00:00,64.74421306981928,63.45220696393566,2.276511910574255
2012-06-04 06:05:00,65.07523152556384,63.557769358559234,2.2547509206750873
2012-06-04 06:10:00,65.40856518134994,63.07855503942033,2.3737009712186574
2012-06-04 06:15:00,65.4502318430528,64.25086145155142,2.1560112514800127
2012-06-04 06:20:00,65.47106517390425,64.30384642717398,2.150955802297671
2012-06-04 06:25:00,65.55439852628304,64.22441053644224,2.1586469006746194
2012-06-04 06:30:00,65.64814852960104,64.14525055604567,2.166991529606572
2012-06-04 06:35:00,66.03356520829873,63.602560397693615,2.246159904943776
2012-06-04 06:40:00,66.3692134339626,63.755186604086084,2.2195059612014254
2012-06-04 06:45:00,66.41088012463852,64.46335109589585,2.137438571664185
2012-06-04 06:50:00,66.78786408909538,63.67012174993204,2.2338778822615
2012-06-04 06:55:00,66.95453073590689,64.09265520272801,2.1729306712364513
2012-06-04 07:00:00,67.06564141850087,65.53861900039348,2.0151612418130136
2012-06-04 07:05:00,67.04943783583894,65.46304604992223,2.0202983805039154
2012-06-04 07:10:00,67.4174931978536,64.96011926667516,2.067582785816294
2012-06-04 07:15:00,67.50082655023239,65.4368940207752,2.022182005267175
2012-06-04 07:20:00,67.60499320448959,65.4368940207752,2.022182005267175
2012-06-04 07:25:00,67.69758608222047,65.51536268251904,2.0166945534540885
2012-06-04 07:30:00,67.76008607477478,65.46304604992223,2.0202983805039154
2012-06-04 07:35:00,67.76355805997012,65.64617196654338,2.0085940659102834
2012-06-04 07:40:00,67.69874317883452,65.67813497504288,2.006803502576886
2012-06-04 07:45:00,67.74040984053741,65.64617196654338,2.0085940659102834
2012-06-04 07:50:00,67.62731488081177,65.69473360521295,2.0059020206779357
2012-06-04 07:55:00,67.61689822987258,65.59385414605157,2.011681969896118
2012-06-04 08:00:00,67.51736135277794,66.62069245654547,1.9224715941021404
2012-06-04 08:05:00,67.58564824808192,66.2011207409766,1.932537352458193
2012-06-04 08:10:00,67.46064823400026,66.68818928580622,1.9217884820652287
2012-06-04 08:15:00,67.39665983802912,66.43900702191992,1.9255177913855197
2012-06-04 08:20:00,67.36540985623849,66.49451955553862,1.924391319283086
2012-06-04 08:25:00,67.30059497510287,66.54688880319043,1.9234889392196506
2012-06-04 08:30:00,67.23809498254856,66.41122864867499,1.9261508379956567
2012-06-04 08:35:00,67.2473545368737,66.44826188261128,1.9253180367067586
2012-06-04 08:40:00,67.26818786772513,66.30002455697459,1.929165020061104
2012-06-04 08:45:00,67.2577711878129,66.54996718953004,1.9234404528239866
2012-06-04 08:50:00,67.4244378346244,66.18875675354182,1.933008005134839
2012-06-04 08:55:00,67.43138250036823,66.35564191508061,1.9275588122315073
2012-06-04 09:00:00,67.40013248960456,66.49626237128908,1.9865266135969317
2012-06-04 09:05:00,67.3167991661988,66.5257141118886,1.9865138944289027
2012-06-04 09:10:00,67.11888250862363,66.49626237128908,1.9865266135969317
2012-06-04 09:15:00,67.14120421391884,66.40375974460241,1.9869996565500294
2012-06-04 09:20:00,66.94213043075655,66.55517034331059,1.986565495427216
2012-06-04 09:25:00,66.83101908178246,66.51589700022966,1.9865107653397294
2012-06-04 09:30:00,66.64351907514647,66.37855275833186,1.9872462606472479
2012-06-04 09:35:00,66.51620420145657,66.62064314441794,1.9869017493779062
2012-06-04 09:40:00,66.31481551522644,66.49626237128908,1.9865266135969317
2012-06-04 09:45:00,66.19444527830734,66.67302009890051,1.9873855051154656
2012-06-04 09:50:00,66.10069527498935,66.79081190839462,1.989130392438846
2012-06-04 09:55:00,66.06250059848183,66.51589700022966,1.9865107653397294
2012-06-04 10:00:00,65.96875059516384,66.24817688213109,2.0387261516206614
2012-06-04 10:05:00,65.87500059184585,66.12853728753397,2.0379442559769276
2012-06-04 10:10:00,65.70833391606129,65.77392610061253,2.044673029054332
2012-06-04 10:15:00,65.69791726512209,66.3082311438198,2.0396332542909046
2012-06-04 10:20:00,65.74074105241208,65.82928499015821,2.0426460891096245
2012-06-04 10:25:00,65.60185238770934,66.03925223370904,2.0383060713991292
2012-06-04 10:30:00,65.84143570698741,65.68636494313775,2.0486952848619606
2012-06-04 10:35:00,65.92476903039315,66.09873149628908,2.037972852375207
2012-06-04 10:40:00,66.08449105492038,65.76417574285593,2.0450709014346473
2012-06-04 10:45:00,65.92708331054043,66.1716651469617,2.038064030556955
2012-06-04 10:50:00,65.81249997637099,66.36842493970721,2.040871214681666
2012-06-04 10:55:00,65.85416663807388,66.24817688213109,2.0387261516206614
2012-06-04 11:00:00,65.68981486535712,65.7624650582156,2.026863716618104
2012-06-04 11:05:00,65.66898153450569,65.64808812803942,2.0269182004346837
2012-06-04 11:10:00,65.82754641895927,65.11820742859857,2.0544103489393657
2012-06-04 11:15:00,65.60879641604613,66.05315077862595,2.034248642311347
2012-06-04 11:20:00,65.51967617540417,65.73377122357611,2.0267078705934387
2012-06-04 11:25:00,65.51273152414684,65.4411141625,2.0319247575986914
2012-06-04 11:30:00,65.37731485912597,66.14165321248097,2.0384105916694355
2012-06-04 11:35:00,65.09606484917198,66.11208841904852,2.0369283739983364
2012-06-04 11:40:00,65.07986126651008,65.99447687985845,2.0319554400564193
2012-06-04 11:45:00,65.1805559210854,65.51598403850436,2.029340767348494
2012-06-04 11:50:00,65.10763927759189,65.82006026143667,2.027502934487444
2012-06-04 11:55:00,64.7534726241444,66.14165321248097,2.0384105916694355
2012-06-04 12:00:00,64.95717619895579,65.23506734897994,1.9481976325258543
2012-06-04 12:05:00,64.84259286478634,65.48905642983803,1.9476861568247144
2012-06-04 12:10:00,64.81481486819106,65.44239010655656,1.946793757976282
2012-06-04 12:15:00,64.77314819200166,65.35838272519136,1.9462710407325563
2012-06-04 12:20:00,64.72685176762275,65.39595294559744,1.9463283349347824
2012-06-04 12:25:00,64.65972199790586,65.33245474462377,1.94640253491046
2012-06-04 12:30:00,64.48263867118213,65.64838556534919,1.9537223147054945
2012-06-04 12:35:00,64.40046278482376,65.2550479740586,1.9476571837768126
2012-06-04 12:40:00,64.02083302607849,65.82295417638026,1.9651079692317757
2012-06-04 12:45:00,63.69479148433513,65.67523248407709,1.955166534224271
2012-06-04 12:50:00,63.42812474431889,65.51541028523674,1.9483718764359377
2012-06-04 12:55:00,63.32499980739764,65.10174752138185,1.9542047738991606
2012-06-04 13:00:00,62.96064788901477,65.69223864913896,1.9542591200937631
2012-06-04 13:05:00,62.80960622676073,65.18695838521081,1.9160002393120845
2012-06-04 13:10:00,62.587152796513145,65.34437080873799,1.9206225124552423
2012-06-04 13:15:00,62.409027740230435,65.23487724232614,1.9166303524011215
2012-06-04 13:20:00,62.21736113044054,65.25886562220194,1.917205612267218
2012-06-04 13:25:00,62.06886576902843,65.15238745472354,1.915982985862059
2012-06-04 13:30:00,61.90219910591958,65.18695838521081,1.9160002393120845
2012-06-04 13:35:00,61.89062499620322,65.04609175950084,1.9182993737985699
2012-06-04 13:40:00,61.95543988186585,64.87555344429818,1.9297684634595467
2012-06-04 13:45:00,62.062731420696075,64.86832397349345,1.9304700530577579
2012-06-04 13:50:00,62.33088650618305,64.86109028711026,1.9311899608655054
2012-06-04 13:55:00,62.3715114433067,64.85385213887767,1.931928375207601
2012-06-04 14:00:00,62.46734490574261,64.51059748132612,2.171336798681999
2012-06-04 14:05:00,62.48296990569201,64.49994675713292,2.172239569881581
2012-06-04 14:10:00,62.510979002182246,64.48922464334969,2.173164085353613
2012-06-04 14:15:00,62.61618740048491,64.47843186430262,2.1741109028292676
2012-06-04 14:20:00,62.696742998112406,64.46756660917625,2.175078421547649
2012-06-04 14:25:00,62.98528480170797,64.4566241553637,2.1760690028121594
2012-06-04 14:30:00,63.27695147889849,64.44560674827626,2.1770802708328723
2012-06-04 14:35:00,63.362599698128776,64.74847831533638,2.1561977002865254
2012-06-04 14:40:00,63.58945147064309,64.75536872904804,2.155929887918242
2012-06-04 14:45:00,63.44361813657486,64.86937082041699,2.153192311541116
2012-06-04 14:50:00,63.28587978074531,65.28812697366044,2.175540896581524
2012-06-04 14:55:00,63.56018513219871,64.65308449717263,2.1609797235725527
2012-06-04 15:00:00,63.63310179017875,63.75450972849774,3.0599833114645443
2012-06-04 15:05:00,63.924768448355685,63.218981435964785,3.088701932546494
2012-06-04 15:10:00,64.07027117640675,63.28544521671605,3.0846179641468336
2012-06-04 15:15:00,64.13277116896106,63.75450972849774,3.0599833114645443
2012-06-04 15:20:00,64.4568452668004,63.59073117304721,3.0674997603087397
2012-06-04 15:25:00,64.44642858688816,64.56612026416053,3.064822114681199
2012-06-04 15:30:00,64.38392857984732,64.56612026416053,3.064822114681199
2012-06-04 15:35:00,64.35036369498889,64.09074823655301,3.0509611043478295
2012-06-04 15:40:00,64.31795658761114,64.68244909408733,3.0753292629355165
2012-06-04 15:45:00,64.64087326288963,62.895013448291735,3.109656023061589
2012-06-04 15:50:00,64.6848548131738,63.869044793569365,3.0557603014080024
2012-06-04 15:55:00,64.47304946151796,64.73254851349063,3.0808969990643393
2012-06-04 16:00:00,64.4417994652408,62.17638184173662,5.4465813886859165
2012-06-04 16:05:00,64.29596613479423,63.133097980936924,5.355539756912762
2012-06-04 16:10:00,64.31828752138591,62.16403065676735,5.447785421637583
2012-06-04 16:15:00,64.16319496980424,62.08887199552967,5.455111256799629
2012-06-04 16:20:00,63.960648549553014,63.63620032274611,5.317576604031021
2012-06-04 16:25:00,63.825231884532144,62.86850334486733,5.379277809654673
2012-06-04 16:30:00,63.8310187727953,62.50347021218218,5.414427462287261
2012-06-04 16:35:00,63.935185441539026,61.81089763853356,5.481711948079936
2012-06-04 16:40:00,63.69675922430748,62.92916399071884,5.373659718368597
2012-06-04 16:45:00,63.55092587937437,63.06887791647477,5.36110307465178
2012-06-04 16:50:00,63.59722231823981,62.10853273642968,5.453199035638092
2012-06-04 16:55:00,63.805555655727225,61.61170631895919,5.500163650934248
2012-06-04 17:00:00,63.726852094997525,60.56546155857429,9.440012374526004
2012-06-04 17:05:00,63.77546342244424,60.76695858951703,9.390384643585827
2012-06-04 17:10:00,63.57754675038254,61.05178770707852,9.308971653795028
2012-06-04 17:15:00,63.67939853054497,58.9789681804759,9.6582296065478
2012-06-04 17:20:00,63.418981858685676,61.05178770707852,9.308971653795028
2012-06-04 17:25:00,63.32523186080013,60.460856612724136,9.463362449183458
2012-06-04 17:30:00,63.09375063163759,61.280184968968115,9.233321403231956
2012-06-04 17:35:00,61.26041727044014,61.40431652318219,9.188096851246703
2012-06-04 17:40:00,59.841435733663396,59.38329553313381,9.625846141177144
2012-06-04 17:45:00,58.935185740220184,60.66745569871299,9.41567718726683
2012-06-04 17:50:00,58.916667297950035,61.202087124210294,9.26027366796203
2012-06-04 17:55:00,58.55208396096867,62.043612637859816,8.90656939538601
2012-06-04 18:00:00,58.641204187124096,60.201967570166914,11.296895941709282
2012-06-04 18:05:00,58.36342619858178,61.51481819049845,9.7017210197806
2012-06-04 18:10:00,57.050926239048984,59.52912508803009,11.884615087594867
2012-06-04 18:15:00,54.270833739428724,60.62791364736282,10.835863128212418
2012-06-04 18:20:00,52.26157443060882,58.812439785805736,12.329708320842292
2012-06-04 18:25:00,50.82407448053497,59.956088021876035,11.531985802015157
2012-06-04 18:30:00,50.93518548726494,59.45442889820466,11.939231368949777
2012-06-04 18:35:00,52.86458372587513,40.241287928847775,10.100129778132034
2012-06-04 18:40:00,54.512731925558285,41.172076761103874,10.074608521210891
2012-06-04 18:45:00,55.66319501544212,46.610954679921385,11.337053629131319
2012-06-04 18:50:00,55.935185456584456,61.35596598666667,9.917619654670984
2012-06-04 18:55:00,56.018518789044286,59.063074178852894,12.193250828048585
2012-06-04 19:00:00,56.45717589148464,62.977184586691884,4.721298588010771
2012-06-04 19:05:00,57.0509259004265,61.074701136174305,7.132949355536088
2012-06-04 19:10:00,58.68634253161614,42.00886346657913,11.477744142169618
2012-06-04 19:15:00,61.75925913642022,37.94505764273798,12.964524894475618
2012-06-04 19:20:00,64.37268513409423,38.87011838753164,11.810600829154632
2012-06-04 19:25:00,66.32506624295277,41.45332358402259,11.421975892430119
2012-06-04 19:30:00,66.70006624173821,62.54045231231054,5.219125289095191
2012-06-04 19:35:00,66.84358469809004,64.41525181636796,3.3848670068030486
2012-06-04 19:40:00,67.10284425160548,63.90930659201741,3.803552480296149
2012-06-04 19:45:00,67.20238115767314,64.90299522315907,3.029926483246092
2012-06-04 19:50:00,67.31696452081563,65.39545168289568,2.7161464912182094
2012-06-04 19:55:00,67.88988118623035,62.00609689674326,5.883239234928836
2012-06-04 20:00:00,67.87830743867708,66.82408290514165,1.4761164180235522
2012-06-04 20:05:00,67.87715031308996,66.52427623746733,1.532245751615794
2012-06-04 20:10:00,68.14798361415866,65.47971825714744,1.780046624037707
2012-06-04 20:15:00,68.17923362492235,65.90830306780943,1.6672667027484172
2012-06-04 20:20:00,68.12715028330723,66.57401122663083,1.5225379335367857
2012-06-04 20:25:00,67.98726913236207,66.6446110113758,1.5090344723443152
2012-06-04 20:30:00,68.09375070417359,66.27180254842018,1.5841423764237075
2012-06-04 20:35:00,68.08333402426136,66.27180254842018,1.5841423764237075
2012-06-04 20:40:00,67.95370423301712,66.51873493924472,1.5333374126011732
2012-06-04 20:45:00,67.98495424378079,66.37353703119821,1.5626910866768275
2012-06-04 20:50:00,67.58912089965737,66.77032016977795,1.4857701941249613
2012-06-04 20:55:00,67.35251366288678,66.91470364544793,1.4602320966197262
2012-06-04 21:00:00,67.11408744022279,66.75479223859308,1.3236566907643215
2012-06-04 21:05:00,66.96593920670838,66.53540171402345,1.3464635135303489
2012-06-04 21:10:00,66.89302256321488,66.7971261206161,1.3194420466753602
2012-06-04 21:15:00,66.87450412094472,66.14295453692749,1.3916454099458289
2012-06-04 21:20:00,66.72867077601161,66.36529315604032,1.3653218024091345
2012-06-04 21:25:00,66.68700411430873,66.05298409668139,1.4028754502318277
2012-06-04 21:30:00,66.37218920500979,66.76421676545297,1.3227132486487472
2012-06-04 21:35:00,66.26802255075259,66.276823200972,1.3755602835902554
2012-06-04 21:40:00,66.14765234280652,65.98263461009724,1.4119026189829957
2012-06-04 21:45:00,66.05390233948854,66.54022178616462,1.3459444975934929
2012-06-04 21:50:00,66.322420780949,65.03614810805516,1.5589689699156783
2012-06-04 21:55:00,66.24652802597497,65.88450057900899,1.4248706075474018
2012-06-04 22:00:00,66.12037090079271,65.5309864275733,1.4661634082834105
2012-06-04 22:05:00,66.19444469884637,65.68191650828201,1.4495355443080111
2012-06-04 22:10:00,66.11111137544063,66.23434949501983,1.395040087806113
2012-06-04 22:15:00,66.07407446192727,65.83149244667788,1.43383328229394
2012-06-04 22:20:00,66.03240780022439,65.52625179695038,1.4666976640434635
2012-06-04 22:25:00,65.97453755585961,65.65371382475057,1.452581278022624
2012-06-04 22:30:00,66.06828755917759,65.22588348674248,1.502411320513038
2012-06-04 22:35:00,66.15162088258334,65.61132495188265,1.4572115767000504
2012-06-04 22:40:00,65.79050954890549,65.26421772642176,1.4976496218201134
2012-06-04 22:45:00,65.62384287312094,65.90571284835393,1.4263133711705207
2012-06-04 22:50:00,65.41087977295747,65.97952475902763,1.4190074984384786
2012-06-04 22:55:00,65.18171309737534,65.35505266447116,1.4866117452743257
2012-06-04 23:00:00,65.23379642450394,64.65584108711245,1.679955405617571
2012-06-04 23:05:00,64.70486131118419,65.60246534151077,1.5691370103740876
2012-06-04 23:10:00,64.54861131531189,65.53067531498492,1.576521110335465
2012-06-04 23:15:00,64.15046310433698,65.31281684172878,1.5998734883502272
2012-06-04 23:20:00,64.1192130935733,64.99396426296072,1.6367998841723639
2012-06-04 23:25:00,64.08333333462011,65.0544849038015,1.629524817033504
2012-06-04 23:30:00,63.82291667000408,65.24402797388335,1.6075539608618576
2012-06-04 23:35:00,63.534722341982835,65.57111125955902,1.5723436386669623
2012-06-04 23:40:00,63.79282411801756,63.42919524377486,1.8842331682922808
2012-06-04 23:45:00,63.987268790397394,64.86770296518472,1.6524032322008975
2012-06-04 23:50:00,63.68171344266684,64.75490455909086,1.6668507149699003
2012-06-04 23:55:00,63.64004677734233,64.05763275626224,1.768559983952963
2012-06-05 00:00:00,63.64004677734234,64.30179225256424,1.9315721008808104
2012-06-05 00:05:00,63.752315224741295,62.851449008491706,2.195152289137691
2012-06-05 00:10:00,63.380787544341246,64.34500114960694,1.9252227733252563
2012-06-05 00:15:00,63.501157774017095,63.09044320430024,2.143547364976056
2012-06-05 00:20:00,62.538194690769245,64.30179225256424,1.9315721008808104
2012-06-05 00:25:00,62.43402800753901,64.34500114960694,1.9252227733252563
2012-06-05 00:30:00,62.3298613387953,63.60076046520084,2.0453611534285305
2012-06-05 00:35:00,62.22800923992934,63.83595533107559,2.0047635392471466
2012-06-05 00:40:00,62.269675916118736,63.90922557613222,1.9926428384955894
2012-06-05 00:45:00,61.1956014838968,65.08887875101999,1.8260591270337063
2012-06-05 00:50:00,60.71643479463785,62.89521369189068,2.1853981793713966
2012-06-05 00:55:00,60.799768128908504,63.29140478072306,2.103079883239324
2012-06-05 01:00:00,60.50810146439369,62.30026733057107,2.9488591564032878
2012-06-05 01:05:00,60.44791634774495,61.363117796121905,3.1405279355501468
2012-06-05 01:10:00,60.873842229368364,60.865721330312304,3.25751752480742
2012-06-05 01:15:00,61.17592555568726,61.62097327680346,3.0845827763801563
2012-06-05 01:20:00,62.00347197391424,59.09434188490558,3.939601496574006
2012-06-05 01:25:00,62.013888653826484,61.9160740922401,3.0237294235437875
2012-06-05 01:30:00,62.46064818500485,61.209227186000014,3.1753270432761673
2012-06-05 01:35:00,62.32986128990328,61.43627369180172,3.1243689858685193
2012-06-05 01:40:00,61.80787050189408,62.08636516774931,2.9899768947406105
2012-06-05 01:45:00,62.45833359882976,59.27822488175496,3.8212700350896704
2012-06-05 01:50:00,61.906250316780124,59.44084116890235,3.734230711180665
2012-06-05 01:55:00,61.70833365196168,61.66284716823147,3.075752704030606
2012-06-05 02:00:00,61.666666986637175,60.18856060371048,3.9052334643411974
2012-06-05 02:05:00,60.95833368336381,60.18856060371048,3.9052334643411974
2012-06-05 02:10:00,61.08796347460805,61.45629062010937,3.664847910339777
2012-06-05 02:15:00,60.86921348618143,61.724847810305185,3.615316630676066
2012-06-05 02:20:00,60.65046349051155,60.71986276796263,3.802530934086693
2012-06-05 02:25:00,60.44808266933723,60.9065965877793,3.7672816866019403
2012-06-05 02:30:00,59.845073142286566,61.8800465698372,3.5868213483338693
2012-06-05 02:35:00,59.86590647313801,60.02306548209089,3.9384781245876983
2012-06-05 02:40:00,59.93998058989519,59.376625421424336,4.083391198600297
2012-06-05 02:45:00,59.325397251912726,60.395266148447625,3.864712339006275
2012-06-05 02:50:00,60.3566472232213,58.18661513521079,5.029004380545978
2012-06-05 02:55:00,60.414517449477934,59.990753254201785,3.9450770259778807
2012-06-05 03:00:00,59.96213663273496,59.805453084173855,4.130562391727997
2012-06-05 03:05:00,60.6288032706838,58.62070901157963,4.548164258743035
2012-06-05 03:10:00,59.59060859741507,61.374025011464916,3.928964215875037
2012-06-05 03:15:00,59.099867805683026,60.49601866219961,4.040298367587487
2012-06-05 03:20:00,58.9123678062903,59.75355882066933,4.138150693730988
2012-06-05 03:25:00,58.17030430519045,59.927575306813075,4.113420806640245
2012-06-05 03:30:00,58.24322097041374,59.579544811721185,4.165456893214235
2012-06-05 03:35:00,57.64947099044492,59.83175352775874,4.126791317759155
2012-06-05 03:40:00,57.691137652147795,59.417703162469024,4.194607082331211
2012-06-05 03:45:00,58.42377665173919,58.81675314106891,4.393598263333939
2012-06-05 03:50:00,57.77794331566873,59.805453084173855,4.130562391727997
2012-06-05 03:55:00,57.671462087912154,59.90002171371706,4.117212161742618
2012-06-05 04:00:00,58.01273189611437,59.42350326244202,4.386391478425723
2012-06-05 04:05:00,57.929398565465355,60.376291923917655,3.9407130185837222
2012-06-05 04:10:00,58.36689857129164,59.31961968934936,4.470031162839992
2012-06-05 04:15:00,58.784722690557146,59.83583853918813,4.140147834895928
2012-06-05 04:20:00,59.00231524193638,59.904041724113476,4.109133201173404
2012-06-05 04:25:00,59.28009289004538,59.01245024587692,4.794857911652844
2012-06-05 04:30:00,59.44907443992469,60.32646520608449,3.9555014416939134
2012-06-05 04:35:00,60.1053244210492,59.194046573893665,4.587137412074642
2012-06-05 04:40:00,60.304398537401546,60.08593196921465,4.035862999576346
2012-06-05 04:45:00,60.436342869550494,60.940211242901576,3.8036814248458377
2012-06-05 04:50:00,60.73958365464656,59.0905093880752,4.699334960614576
2012-06-05 04:55:00,60.99652798639065,60.21241512086169,3.9916033080323277
2012-06-05 05:00:00,60.98726876525558,61.35289091321402,3.3088650813845413
2012-06-05 05:05:00,60.96643543440414,61.417300334652374,3.2829058244117397
2012-06-05 05:10:00,61.122685432992675,61.441580675931874,3.2734523100174306
2012-06-05 05:15:00,61.21643543631066,62.044395505911474,3.0860785099781034
2012-06-05 05:20:00,61.225694664688994,61.63555405279556,3.203918458191304
2012-06-05 05:25:00,61.68402799774509,60.67432359040694,3.6826339719050636
2012-06-05 05:30:00,61.78587978515079,61.97278317742627,3.104344104459217
2012-06-05 05:35:00,61.89004645253639,61.78871340129657,3.155698759433074
2012-06-05 05:40:00,62.075231889294635,61.791521575937345,3.1548641763017304
2012-06-05 05:45:00,61.95023188969949,62.49086095703202,2.989894089769706
2012-06-05 05:50:00,62.67824111212831,60.834283135980876,3.5749074282251896
2012-06-05 05:55:00,62.86111135608826,62.07028103734225,3.0796930095722437
2012-06-05 06:00:00,63.27314825390054,62.66001155378094,3.0466661252402982
2012-06-05 06:05:00,63.61689824192231,62.701560869207356,3.030091339888655
2012-06-05 06:10:00,64.0150464719108,63.18215344438361,2.8651100263005698
2012-06-05 06:15:00,64.06712981352591,63.66235510071107,2.7398023908827938
2012-06-05 06:20:00,64.34027803214893,63.01602126383947,2.916997365246631
2012-06-05 06:25:00,64.7337964913127,63.075352453037404,2.8978940005989036
2012-06-05 06:30:00,64.79629648386701,63.609086652787816,2.752120760253663
2012-06-05 06:35:00,65.1668320112147,63.422417125975265,2.7982390583340773
2012-06-05 06:40:00,65.39715579065415,63.63276711435376,2.746601046951738
2012-06-05 06:45:00,65.46428556037104,63.55578421947937,2.764811042153928
2012-06-05 06:50:00,65.63095223615558,63.95444894746577,2.678198476753997
2012-06-05 06:55:00,65.82539687956238,63.91620004789908,2.6857277751449353
2012-06-05 07:00:00,66.15873020215842,64.85001164548608,2.5081224555036616
2012-06-05 07:05:00,66.48164687381528,64.70784469489973,2.5315217263964533
2012-06-05 07:10:00,66.61474862128182,65.36143493438217,2.4378563678379055
2012-06-05 07:15:00,66.86590571708619,64.9349952592138,2.4950155122015167
2012-06-05 07:20:00,67.13673904712795,64.85001164548608,2.5081224555036616
2012-06-05 07:25:00,67.23859081280385,65.23786785481711,2.4530633790576624
2012-06-05 07:30:00,67.43650747037903,64.90669658797468,2.499309897361566
2012-06-05 07:35:00,67.27430528051876,65.53634693397699,2.4179990520511456
2012-06-05 07:40:00,67.28472196043099,65.38296639979588,2.435309723846454
2012-06-05 07:45:00,67.53009219694526,64.86261810835875,2.5061380769663226
2012-06-05 07:50:00,67.47800885533015,65.54808078659296,2.416732277964246
2012-06-05 07:55:00,67.30208265419351,65.58148647903971,2.4131710268083104
2012-06-05 08:00:00,67.07291598585464,66.29823260293487,2.352382689491434
2012-06-05 08:05:00,66.93634219524667,66.1211808278603,2.3623412765432965
2012-06-05 08:10:00,66.58217555628569,66.26886123357022,2.353918970869919
2012-06-05 08:15:00,66.59143511061083,66.15411220253982,2.3603598242837953
2012-06-05 08:20:00,66.48726845635363,66.1211808278603,2.3623412765432965
2012-06-05 08:25:00,66.41319465829996,66.0485187705387,2.3669276520801033
2012-06-05 08:30:00,66.35069466574565,65.97225643536565,2.3720725410613195
2012-06-05 08:35:00,66.2777779932791,65.61083548121138,2.4015069412916907
2012-06-05 08:40:00,66.24999999668383,65.94233779409917,2.3741862118249215
2012-06-05 08:45:00,66.02314821692624,66.06174989232416,2.366070629323159
2012-06-05 08:50:00,65.93055533919537,65.94233779409917,2.3741862118249215
2012-06-05 08:55:00,65.97916666664207,65.62093392116549,2.4005620143074116
2012-06-05 09:00:00,65.75000001278974,65.64806468884366,2.383152167769134
2012-06-05 09:05:00,65.70949047667396,65.73853531978877,2.3768308716374253
2012-06-05 09:10:00,65.74537023562716,65.24134511310719,2.4198508064617124
2012-06-05 09:15:00,65.2824071362734,66.21016511247497,2.3531465928724207
2012-06-05 09:20:00,65.12615712591457,65.83591132902477,2.3707036369805645
2012-06-05 09:25:00,64.7743050387232,65.8498167695271,2.3698841198341296
2012-06-05 09:30:00,64.71180504616889,65.80462075599401,2.3725975906354013
2012-06-05 09:35:00,64.55555505029658,65.39760068629121,2.4040504996535406
2012-06-05 09:40:00,64.38888838899855,65.87761661180049,2.368286705324571
2012-06-05 09:45:00,64.38215416898812,65.40455239248571,2.4033983018587404
2012-06-05 09:50:00,64.28535304296862,65.68286317364917,2.380646752424848
2012-06-05 09:55:00,64.16098436608725,65.77332012931565,2.3745630932320325
2012-06-05 10:00:00,64.30997435356237,64.76932603854938,2.440967841398208
2012-06-05 10:05:00,64.24273967243901,65.41620767019576,2.379293479303437
2012-06-05 10:10:00,64.26715056627236,65.15111587111069,2.3994453206086446
2012-06-05 10:15:00,64.47001235814999,64.63422878689511,2.459772030353298
2012-06-05 10:20:00,64.49368636596952,65.16827143569405,2.3979415180168577
2012-06-05 10:25:00,64.71085802226027,64.60729044371455,2.463807657222534
2012-06-05 10:30:00,64.65624936081694,65.41620767019576,2.379293479303437
2012-06-05 10:35:00,64.83333268754069,64.73886923740463,2.4450048155141713
2012-06-05 10:40:00,64.74652733548002,65.17856877562198,2.397053349233419
2012-06-05 10:45:00,64.85511332116634,65.18605961229184,2.396413407037882
2012-06-05 10:50:00,65.21117397172824,65.19355291167076,2.3957793898306403
2012-06-05 10:55:00,65.21054263452793,65.20104873170486,2.3951491246331016
2012-06-05 11:00:00,65.1448859849451,65.00663067106952,2.3707028836813193
2012-06-05 11:05:00,65.16003732445333,65.01395220373395,2.370166114509361
2012-06-05 11:10:00,65.22474667126194,65.02127705381236,2.369634922649124
2012-06-05 11:15:00,65.05627659708377,65.0286006435632,2.3691095398849913
2012-06-05 11:20:00,64.82311181291863,65.03592598618343,2.368590632597065
2012-06-05 11:25:00,64.70316248195292,65.04325484902898,2.368075593211033
2012-06-05 11:30:00,64.59110446761169,65.05058474041772,2.3675671451933984
2012-06-05 11:35:00,64.47999346631416,65.05791803613961,2.367063999243531
2012-06-05 11:40:00,64.448743470037,64.72701713129365,2.395728759429431
2012-06-05 11:45:00,64.2728175876039,65.30080791899603,2.3534172735724455
2012-06-05 11:50:00,63.67906760174994,66.03747279602604,2.3423712990597694
2012-06-05 11:55:00,63.71841937487153,64.99748241670791,2.3713805053256536
2012-06-05 12:00:00,63.67675269868213,65.00242868095923,2.0518620969437564
2012-06-05 12:05:00,63.52860448689753,65.23045867868278,2.0411253083117673
2012-06-05 12:10:00,63.29943781855866,65.3739304304814,2.0376516861392124
2012-06-05 12:15:00,63.413194319887054,64.74361831109194,2.0728335133414957
2012-06-05 12:20:00,63.528935092914686,64.57531807692057,2.0921292590272933
2012-06-05 12:25:00,63.70023153137529,64.88900765855247,2.0598269471638075
2012-06-05 12:30:00,63.74189820756467,64.9173316087759,2.057664065678344
2012-06-05 12:35:00,63.8530092088622,64.92677709763593,2.056969190583984
2012-06-05 12:40:00,63.804398203740625,64.83241625554903,2.06450412423274
2012-06-05 12:45:00,63.813657439362224,64.97719428618537,2.053476634524625
2012-06-05 12:50:00,64.08449078253237,64.52210804590517,2.0992376659513585
2012-06-05 12:55:00,63.843750015342046,65.28138109924151,2.039617985494661
2012-06-05 13:00:00,63.812500019064906,65.18811116484075,1.843550329890493
2012-06-05 13:05:00,63.97106491076175,65.12817062236503,1.846604487518783
2012-06-05 13:10:00,64.02314823789034,65.0529693526388,1.8513388356544882
2012-06-05 13:15:00,64.1296297807288,65.34317939354868,1.8385236799177658
2012-06-05 13:20:00,64.16087977700596,65.18811116484075,1.843550329890493
2012-06-05 13:25:00,64.05902799684353,65.62755886932572,1.839451404154853
2012-06-05 13:30:00,64.06712977368797,65.32236149084524,1.838962483971505
2012-06-05 13:35:00,63.973379770369974,65.5092541499646,1.8375371331501753
2012-06-05 13:40:00,64.0949074479581,65.007690041593,1.8546824195447966
2012-06-05 13:45:00,63.89120388038996,65.29557254718621,1.8396335142474414
2012-06-05 13:50:00,63.80671341691058,65.53588718965288,1.8377834764899628
2012-06-05 13:55:00,63.81226920527879,64.93497568791993,1.8608420822855214
2012-06-05 14:00:00,63.718519204677015,65.14723046225156,1.984392639970012
2012-06-05 14:05:00,63.46643573459851,65.63968674090661,1.9837970120512407
2012-06-05 14:10:00,63.35810246813333,65.243794443874,1.9812224815011843
2012-06-05 14:15:00,63.091435746677945,65.72668967466747,1.9879475098121466
2012-06-05 14:20:00,62.968519213443955,65.3382048371161,1.9795037568400593
2012-06-05 14:25:00,62.815741224496776,65.45096255056416,1.9793241384295903
2012-06-05 14:30:00,62.680555981696024,65.42387753132859,1.979176897400152
2012-06-05 14:35:00,62.58263938608902,65.3382048371161,1.9795037568400593
2012-06-05 14:40:00,62.47222265145186,65.40004957521906,1.9791481344068471
2012-06-05 14:45:00,62.5842596748199,64.7130397869297,2.014149155303697
2012-06-05 14:50:00,62.49166679708902,65.39663611558045,1.9791516256591193
2012-06-05 14:55:00,62.524999941023815,64.95345482100736,1.994764433387793
2012-06-05 15:00:00,62.84791660996444,63.48884121002928,2.834511228248061
2012-06-05 15:05:00,62.8291667368728,63.54828448446219,2.8321190395749762
2012-06-05 15:10:00,62.937500003337966,63.60665954797037,2.8298381074058345
2012-06-05 15:15:00,62.80833340239972,63.6639845485467,2.8276667368173354
2012-06-05 15:20:00,62.79583327604529,63.720280535110476,2.8256077671681723
2012-06-05 15:25:00,62.74374994303155,63.775564630732994,2.823661183971822
2012-06-05 15:30:00,62.76666674024415,63.82985947785124,2.8218281316636755
2012-06-05 15:35:00,62.70833334269508,63.88318850841764,2.8201093780295032
2012-06-05 15:40:00,62.82916674275794,63.93556805598799,2.8185043436083466
2012-06-05 15:45:00,62.85601839857918,63.98702111791905,2.817018011764445
2012-06-05 15:50:00,62.845601733153465,64.0375712782718,2.8156466449746183
2012-06-05 15:55:00,62.924768457026936,63.93556805598799,2.8185043436083466
2012-06-05 16:00:00,62.93518510796613,63.52187173047873,4.817182847442902
2012-06-05 16:05:00,63.07523154879146,60.33076806223942,4.642219507607201
2012-06-05 16:10:00,63.10648154506861,61.89215969323132,4.701774129084835
2012-06-05 16:15:00,63.15509254656854,59.045052081109624,4.60934883146302
2012-06-05 16:20:00,63.39351876380008,60.72426873647883,4.654794592669006
2012-06-05 16:25:00,63.6018520999294,60.33076806223942,4.642219507607201
2012-06-05 16:30:00,63.66435209248371,61.33643084121311,4.677322310821332
2012-06-05 16:35:00,63.68518542605138,60.46404822166061,4.646329175100351
2012-06-05 16:40:00,63.67361163503855,62.4851629109986,4.733887869866049
2012-06-05 16:45:00,63.8321765267354,61.65217495780703,4.690663037646998
2012-06-05 16:50:00,63.925926530053395,61.33643084121311,4.677322310821332
2012-06-05 16:55:00,62.113426499707394,62.09863367450473,4.712121896602642
2012-06-05 17:00:00,58.58564857239397,61.97187701185305,7.944989108795384
2012-06-05 17:05:00,55.424768707669806,59.84563264986868,7.373111903987805
2012-06-05 17:10:00,52.45601861225767,60.1800830457557,7.449894566128131
2012-06-05 17:15:00,49.215278046730155,57.098930657196426,6.843242953117869
2012-06-05 17:20:00,45.48379629833443,61.31068397297876,7.7419254182334365
2012-06-05 17:25:00,41.53587960944515,60.66858476299782,7.569168520860722
2012-06-05 17:30:00,37.660879549562836,59.91980832440205,7.38983071436057
2012-06-05 17:35:00,33.587962768726804,58.30960134862499,7.058606397867407
2012-06-05 17:40:00,29.615740387141113,60.41610968233897,7.506383636326386
2012-06-05 17:45:00,25.865740399286576,61.32194003015636,7.745144642558889
2012-06-05 17:50:00,21.85532364541035,60.30622791262248,7.47983175014527
2012-06-05 17:55:00,19.407407168960734,41.40819180373671,6.3779487257894685
2012-06-05 18:00:00,18.86226837881667,37.6366616832287,11.645902321487121
2012-06-05 18:05:00,17.949073835521798,37.78463248579774,11.046966665728908
2012-06-05 18:10:00,16.886573991071515,38.02585281125531,10.2553949511331
2012-06-05 18:15:00,16.578703602651178,37.55647819369867,12.020116411861707
2012-06-05 18:20:00,16.873842538470182,37.437485538288165,12.662710336635584
2012-06-05 18:25:00,16.905092636153004,37.29258935556249,13.655634883314718
2012-06-05 18:30:00,16.755787103213212,37.29719317287413,13.619056700068791
2012-06-05 18:35:00,17.28703714133054,37.182896816744176,14.68831340696642
2012-06-05 18:40:00,17.229166607235264,37.2728539583613,13.817482848691336
2012-06-05 18:45:00,17.624999864439538,37.426970523851345,12.725688471399428
2012-06-05 18:50:00,17.74652766154148,37.253793285499654,13.982125322484206
2012-06-05 18:55:00,18.027777613549365,37.16530982899102,14.894498769601528
2012-06-05 19:00:00,18.35995360774697,37.1843687634698,14.68910715258675
2012-06-05 19:05:00,18.731481490958362,37.1200131341165,15.359557330158294
2012-06-05 19:10:00,19.481481517502313,37.13968583364202,15.13580560858014
2012-06-05 19:15:00,19.762731469510204,37.238411957937195,14.229488107935312
2012-06-05 19:20:00,22.078703700730014,37.48641719175249,12.712040195670278
2012-06-05 19:25:00,26.13078694247083,37.19204152190742,14.619212861558195
2012-06-05 19:30:00,30.364914247224135,37.13558185935278,15.180843052622043
2012-06-05 19:35:00,34.228340530580134,37.2768991753094,13.94074311816563
2012-06-05 19:40:00,38.4991739056128,37.14599952434866,15.06796324675011
2012-06-05 19:45:00,42.030423962986816,37.55172638205835,12.407912255847457
2012-06-05 19:50:00,46.01306292307908,37.190750019324135,14.630881119193715
2012-06-05 19:55:00,50.24222949154365,37.152513244978,14.999800153279802
2012-06-05 20:00:00,54.10334045172264,37.521989720505736,14.638654008484886
2012-06-05 20:05:00,58.15542386730174,37.43126745863961,15.178951692054994
2012-06-05 20:10:00,61.811673764919135,37.72776986609289,13.678675294036195
2012-06-05 20:15:00,65.6033404434496,37.576200031513444,14.356002803988263
2012-06-05 20:20:00,67.02000682545517,48.977035218026934,7.696658623544344
2012-06-05 20:25:00,67.2283401629426,64.9207108367584,3.036541392245241
2012-06-05 20:30:00,67.29050890664026,64.99037583508584,2.9978278229363116
2012-06-05 20:35:00,67.55208271132992,64.97493495342341,3.0063609794909625
2012-06-05 20:40:00,67.52430471473463,65.39891622201773,2.782001070177772
2012-06-05 20:45:00,67.61805468907957,65.5151584080448,2.72413110105693
2012-06-05 20:50:00,67.86805468826988,64.48352432655366,3.2917658983523936
2012-06-05 20:55:00,67.85185110560796,65.28138525687389,2.8421132489892336
2012-06-05 21:00:00,67.70023088689821,66.14951591822066,1.6178632521720517
2012-06-05 21:05:00,67.73032377207478,66.25693053806678,1.601045882733586
2012-06-05 21:10:00,67.71990715010863,66.47328002255558,1.5690699305249318
2012-06-05 21:15:00,67.81365715342663,66.21311865395116,1.607826937675929
2012-06-05 21:20:00,67.66435179432513,66.57269712507019,1.5551749203198504
2012-06-05 21:25:00,67.3912035757021,66.51600773521874,1.5630387270353427
2012-06-05 21:30:00,67.4282411266225,65.95143854714875,1.6506458140342997
2012-06-05 21:35:00,67.26157445083795,66.76857532591414,1.5291625122906718
2012-06-05 21:40:00,67.03935244824292,65.87119398243375,1.6646188631439058
2012-06-05 21:45:00,67.07060248797966,66.47328002255558,1.5690699305249318
2012-06-05 21:50:00,67.07870427931063,66.38728103387761,1.5814875325848659
2012-06-05 21:55:00,67.08002672510908,65.83085483681269,1.6718011585833839
2012-06-05 22:00:00,67.1946100592785,65.25226785076062,1.6576691995492963
2012-06-05 22:05:00,66.89831360673624,66.05071918660771,1.5634488043120873
2012-06-05 22:10:00,66.81498025435744,66.09395798383586,1.559024424329363
2012-06-05 22:15:00,66.60664691687,66.24829697541465,1.5437216644295517
2012-06-05 22:20:00,66.50595227678122,65.65924275148173,1.606475692667871
2012-06-05 22:25:00,66.5603505069776,65.11898150151937,1.6760969851525662
2012-06-05 22:30:00,66.29183205103062,65.80574728604256,1.5897199126859836
2012-06-05 22:35:00,66.1876653678004,65.77922532901992,1.5926929964829817
2012-06-05 22:40:00,66.3439153636727,64.70863106687936,1.7388711641457013
2012-06-05 22:45:00,66.14252666295609,66.24829697541465,1.5437216644295517
2012-06-05 22:50:00,65.98859152669199,66.08532271177388,1.5599030320069944
2012-06-05 22:55:00,65.71875032797284,65.56137732952057,1.6181375472598025
2012-06-05 23:00:00,65.52083365591113,65.15750778904665,1.7678719899574802
2012-06-05 23:05:00,65.59953721664085,64.3775836018706,1.8666862647509026
2012-06-05 23:10:00,65.43981520660013,65.23536410542309,1.7591868552800587
2012-06-05 23:15:00,65.44675984337094,64.92157717435025,1.7953977906573009
2012-06-05 23:20:00,65.50578782175684,64.73585068040894,1.8184339133676877
2012-06-05 23:25:00,65.3807878221617,64.8023893854621,1.8100350831063723
2012-06-05 23:30:00,65.63194493245258,64.23290796198556,1.8877581162191943
2012-06-05 23:35:00,65.25694494453204,64.84220264129068,1.8050889926933367
2012-06-05 23:40:00,65.01736161076745,64.8023893854621,1.8100350831063723
2012-06-05 23:45:00,64.69791696052225,64.94795764149343,1.7922265964020099
2012-06-05 23:50:00,64.47222262505531,64.96113214994328,1.7906518025996008
2012-06-05 23:55:00,64.5902782848534,63.978270507774994,1.9273568121415339
2012-06-06 00:00:00,64.47569495068397,63.43894444260953,2.2698963351950043
2012-06-06 00:05:00,63.89236162889762,63.73533853432323,2.224012834694789
2012-06-06 00:10:00,63.818287193436895,63.67908195834787,2.2324735731162093
2012-06-06 00:15:00,63.30092587837325,64.0148205002453,2.183579584614154
2012-06-06 00:20:00,63.29745386420484,64.02870616664244,2.1816366230487914
2012-06-06 00:25:00,63.30324075246799,63.3538719685439,2.2836894182175667
2012-06-06 00:30:00,62.73032409610736,64.2769271192859,2.1479087937689507
2012-06-06 00:35:00,63.04050920289233,62.374924648752064,2.467215264305444
2012-06-06 00:40:00,62.97800920128393,62.88467113132857,2.365433265728885
2012-06-06 00:45:00,63.35300920731265,62.71418355155441,2.3978032876053175
2012-06-06 00:50:00,63.46412020861016,63.11228594889732,2.324518976133931
2012-06-06 00:55:00,63.32754609929865,63.481427919722144,2.263116221876718
2012-06-06 01:00:00,63.28587943035251,61.57783564983697,3.1930139445850085
2012-06-06 01:05:00,63.48379609517096,60.259855292522865,3.4949498125766083
2012-06-06 01:10:00,63.48379609517096,61.92211874194013,3.1307288451269852
2012-06-06 01:15:00,63.96296276270012,60.69682177415854,3.379826362848185
2012-06-06 01:20:00,63.83101811184764,62.466949214489546,3.0405216661064602
2012-06-06 01:25:00,63.803240767145944,61.92211874194013,3.1307288451269852
2012-06-06 01:30:00,63.59490744414504,60.73116630200625,3.3715600915242843
2012-06-06 01:35:00,63.39930567515114,62.14677380421935,3.092419565728481
2012-06-06 01:40:00,63.94097235877521,61.29174754016815,3.2487040685008406
2012-06-06 01:45:00,63.385416685907565,62.65801796181436,3.010887047628561
2012-06-06 01:50:00,62.85416667676329,62.082596304786186,3.103193150131306
2012-06-06 01:55:00,62.18750000259814,61.53794659417722,3.200546922553032
2012-06-06 02:00:00,62.41666666369374,60.31980451966967,4.1144828137110965
2012-06-06 02:05:00,62.322916667619005,59.86279355635776,4.2077555440109995
2012-06-06 02:10:00,61.406250023236595,60.75352905124546,4.032984845970799
2012-06-06 02:15:00,61.01041668635643,61.13047396365538,3.965114206446017
2012-06-06 02:20:00,60.88541668676129,60.83335955851127,4.0184357402362805
2012-06-06 02:25:00,60.615740475063404,60.66694650192315,4.048895829821958
2012-06-06 02:30:00,60.91782379776067,59.1717432954569,4.3822070749555095
2012-06-06 02:35:00,59.99074047346601,60.35120488606544,4.1084071655660255
2012-06-06 02:40:00,59.5208330125854,61.902434766466534,3.830239105636533
2012-06-06 02:45:00,59.53009224820701,59.736232619320354,4.235784070551492
2012-06-06 02:50:00,59.75925892741077,59.35537173510739,4.329599437065554
2012-06-06 02:55:00,60.3518514938728,58.66736252877393,4.572057664967796
2012-06-06 03:00:00,59.6643514888562,60.42810173098753,4.598849361066397
2012-06-06 03:05:00,59.94560148432367,59.21106735585817,4.834606065042787
2012-06-06 03:10:00,60.86689790586863,58.186889872137534,5.286433967382866
2012-06-06 03:15:00,60.24537024800808,59.47912831289227,4.773868647857597
2012-06-06 03:20:00,59.26620356761179,59.923473664854185,4.687761531764841
2012-06-06 03:25:00,59.349536899618904,59.42920505686348,4.784495266474939
2012-06-06 03:30:00,59.40162023308536,59.529565710142585,4.763384750474222
2012-06-06 03:35:00,59.120370223131374,57.96668398805383,5.501716664247898
2012-06-06 03:40:00,58.48148122685797,59.893396526529166,4.693251924342291
2012-06-06 03:45:00,57.55555528890787,59.3444501563759,4.80318847417004
2012-06-06 03:50:00,57.52430528900908,59.529565710142585,4.763384750474222
2012-06-06 03:55:00,57.04745350100711,59.70422707838653,4.7287064458714285
2012-06-06 04:00:00,56.493286738109795,59.139753544834186,5.011167007712857
2012-06-06 04:05:00,56.06620341219574,60.216793267103235,4.605921768978444
2012-06-06 04:10:00,55.53495340305145,60.49487847860226,4.53772700796678
2012-06-06 04:15:00,55.98981439237074,58.568336374081206,5.451916456753561
2012-06-06 04:20:00,56.93888851353726,58.253599634065495,5.844213176811757
2012-06-06 04:25:00,56.75138852002968,59.97212553283819,4.673610457762401
2012-06-06 04:30:00,56.71435162552988,59.996223351159166,4.6665421350501095
2012-06-06 04:35:00,58.110184966414515,57.85081813294596,6.629661553625648
2012-06-06 04:40:00,58.823148079445104,58.844403482415125,5.2060323397751835
2012-06-06 04:45:00,60.01412044468727,57.967997568099605,6.35899971505444
2012-06-06 04:50:00,60.27337999095945,59.8057842026518,4.72531112336083
2012-06-06 04:55:00,60.56504666633915,59.01521102966541,5.086311736536133
2012-06-06 05:00:00,61.45254677718393,58.789221821003444,6.50993330150195
2012-06-06 05:05:00,62.025463448031104,60.276179504469724,4.832513892280727
2012-06-06 05:10:00,62.58796346793907,60.301767660158475,4.814635899234448
2012-06-06 05:15:00,63.129630142509065,60.506637429120964,4.680412865841048
2012-06-06 05:20:00,63.388889355591196,61.28170121548397,4.287553778923072
2012-06-06 05:25:00,63.67013935105865,60.609197969710955,4.618747152201077
2012-06-06 05:30:00,63.438657801381765,61.00629318423291,4.4096043946744095
2012-06-06 05:35:00,63.344907798063765,61.74534950388002,4.114369471147704
2012-06-06 05:40:00,63.45949113223319,61.51186943138598,4.197118524069462
2012-06-06 05:45:00,63.583334020727754,61.43412967629748,4.226604800542101
2012-06-06 05:50:00,63.55324113555119,61.53491340760316,4.188573068455976
2012-06-06 05:55:00,64.19212979863453,60.686187524764726,4.574675379845751
2012-06-06 06:00:00,64.57754646646733,62.30582885288652,4.137323658078623
2012-06-06 06:05:00,64.6296297791094,63.117534956147814,3.782832071898909
2012-06-06 06:10:00,64.80671310583314,63.117534956147814,3.782832071898909
2012-06-06 06:15:00,64.73611132194787,63.280265672347916,3.723739222858739
2012-06-06 06:20:00,64.73611132194787,63.36093921201015,3.6956960359560074
2012-06-06 06:25:00,64.9965279865639,62.70282072032027,3.950329607778149
2012-06-06 06:30:00,65.58796309968122,61.72861753250026,4.4676778559971915
2012-06-06 06:35:00,65.73611130422258,62.92538733219502,3.857249258516316
2012-06-06 06:40:00,65.66319463175601,63.22622553091543,3.7429818174881597
2012-06-06 06:45:00,65.83101840415462,63.1689630107169,3.763781597550127
2012-06-06 06:50:00,65.90740709078956,62.870040618572716,3.8796781930618187
2012-06-06 06:55:00,65.82060175321543,63.71377129443866,3.5820194857532908
2012-06-06 07:00:00,65.90393507662118,64.47773751796639,3.6090579742739224
2012-06-06 07:05:00,66.00115709410757,64.38982158552005,3.6355569556695677
2012-06-06 07:10:00,66.0324070758982,64.73755132588819,3.5339690475409054
2012-06-06 07:15:00,66.28240707508853,64.21874370524633,3.688853500206015
2012-06-06 07:20:00,66.43865707096083,64.5068983112189,3.6003946418150465
2012-06-06 07:25:00,66.60416662115826,64.53598880137066,3.5918133030817345
2012-06-06 07:30:00,66.88541663111222,64.47773751796639,3.6090579742739224
2012-06-06 07:35:00,66.97685174584895,64.45500562674549,3.615854355958606
2012-06-06 07:40:00,67.24768507589069,64.15234654801868,3.710192149985913
2012-06-06 07:45:00,67.24652795030357,64.76604469600923,3.526009484902096
2012-06-06 07:50:00,67.45949105046704,64.19222373287745,3.6973310140221702
2012-06-06 07:55:00,67.39699105791273,64.6516172368375,3.5582946881807955
2012-06-06 08:00:00,67.44907439952785,65.12096960309336,3.733707979450415
2012-06-06 08:05:00,67.49768572697455,65.06961349946711,3.743852747308097
2012-06-06 08:10:00,67.23726907684507,65.24351260130727,3.7098906854224922
2012-06-06 08:15:00,67.10995420315514,65.34146885377359,3.691211703493911
2012-06-06 08:20:00,66.82407444501165,65.36500826729907,3.6867669337287254
2012-06-06 08:25:00,66.63773156396277,65.42199955630969,3.6760708812020866
2012-06-06 08:30:00,66.4872684418671,65.69322155978902,3.626295518096325
2012-06-06 08:35:00,66.35879644259008,65.12096960309336,3.733707979450415
2012-06-06 08:40:00,66.30671310097496,65.33473638663258,3.692485764302359
2012-06-06 08:45:00,66.26041666210952,65.17896515589032,3.7223695075326435
2012-06-06 08:50:00,66.09606487490625,65.2061779172941,3.7170907196105483
2012-06-06 08:55:00,66.13773153660912,64.87298172413377,3.783704942913056
2012-06-06 09:00:00,65.95717619571698,65.4046984021606,3.6166905036345356
2012-06-06 09:05:00,65.69675953110097,65.34188738393706,3.6228656162530553
2012-06-06 09:10:00,65.65740774349284,64.57604744442847,3.714780915799173
2012-06-06 09:15:00,65.56365774017485,65.08888750088046,3.6495088834272535
2012-06-06 09:20:00,65.60069465368822,64.62622880685446,3.7075833008606165
2012-06-06 09:25:00,65.42361131247795,64.99335698787668,3.6604093118337944
2012-06-06 09:30:00,65.24074108300452,65.39075654253706,3.6180474853060787
2012-06-06 09:35:00,65.27777796754484,64.85481513055734,3.6771601808840617
2012-06-06 09:40:00,65.06365774179426,65.31041268718691,3.6260208101426414
2012-06-06 09:45:00,64.91319464867163,65.16647478802061,3.6410130151852527
2012-06-06 09:50:00,64.93402797952307,64.8334470586473,3.679851298978877
2012-06-06 09:55:00,64.88425952648923,65.12065575255197,3.6459933807139557
2012-06-06 10:00:00,64.72106486487309,64.86203519960802,3.4143988144204678
2012-06-06 10:05:00,64.67361130042052,64.55066795263069,3.442424313277456
2012-06-06 10:10:00,64.7442130843058,64.46085474911555,3.452231834857557
2012-06-06 10:15:00,64.76504641515724,64.80849578849752,3.4186034990242127
2012-06-06 10:20:00,64.67245416034689,64.74773985753471,3.4236719571050624
2012-06-06 10:25:00,64.58912082969788,64.45366375451844,3.453052713737243
2012-06-06 10:30:00,64.49537084086639,64.84062652197133,3.416050930044465
2012-06-06 10:35:00,64.17013929647288,64.9760211095297,3.4062231273308323
2012-06-06 10:40:00,64.12384287209397,64.66183862392036,3.431397200218963
2012-06-06 10:45:00,64.10300954124254,64.71196624134252,3.4268074203490273
2012-06-06 10:50:00,64.12384287209397,64.9048168890594,3.4112081285472002
2012-06-06 10:55:00,64.30902799014869,64.9760211095297,3.4062231273308323
2012-06-06 11:00:00,64.29629644338496,64.34895979508791,3.16335267090304
2012-06-06 11:05:00,64.21875000099908,64.39590505638806,3.1584390013306067
2012-06-06 11:10:00,64.18518511614064,64.67305044015923,3.1347069315230875
2012-06-06 11:15:00,64.08101844739693,64.86639987338226,3.123048234993378
2012-06-06 11:20:00,64.14120356585647,64.45362530728387,3.1527663248222826
2012-06-06 11:25:00,63.976851785896464,64.1861355104296,3.1825623231769966
2012-06-06 11:30:00,63.789351780618595,64.54367594492658,3.144699590879283
2012-06-06 11:35:00,63.82754611895633,63.957391203939785,3.215653614594427
2012-06-06 11:40:00,63.89004611151066,64.51127635605476,3.1474930272927644
2012-06-06 11:45:00,63.629629443273,64.64074072568201,3.1370311639123183
2012-06-06 11:50:00,63.35879612047452,64.96273154910664,3.118604001229578
2012-06-06 11:55:00,62.9540341739089,65.53509693528483,3.1083465137290336
2012-06-06 12:00:00,63.10218238569351,64.32262761152903,2.8996664557773624
2012-06-06 12:05:00,63.175099050916806,64.16408382669756,2.9182477261018938
2012-06-06 12:10:00,62.95866393477414,64.58648079832977,2.8762287086769565
2012-06-06 12:15:00,62.79199726261121,64.56091905157417,2.8781119712771175
2012-06-06 12:20:00,62.66699726301607,64.65940577157454,2.871289368984082
2012-06-06 12:25:00,63.05588595588216,63.66953775107037,3.0007599533300997
2012-06-06 12:30:00,63.31630261914007,63.96400790926791,2.946936026889214
2012-06-06 12:35:00,63.482969602763255,64.08640172525818,2.928669302459232
2012-06-06 12:40:00,63.42046961020893,64.72489930289768,2.8673902051704654
2012-06-06 12:45:00,63.628802936831455,63.83005944620623,2.9696310788796976
2012-06-06 12:50:00,63.73296959833191,64.1308109322159,2.9226026504455347
2012-06-06 12:55:00,63.95023153826154,64.30159869811773,2.9019293956837555
2012-06-06 13:00:00,63.731481542591645,64.98811170728449,2.596239750632912
2012-06-06 13:05:00,63.847222016834735,64.60122650068082,2.6117855002422172
2012-06-06 13:10:00,64.14930534496445,64.10388958172791,2.666427147500567
2012-06-06 13:15:00,64.3368053479788,64.23797731823089,2.647599490376676
2012-06-06 13:20:00,64.3368053479788,64.47009324003486,2.6222353977538795
2012-06-06 13:25:00,64.14236099430249,65.10095993253421,2.5957600293922733
2012-06-06 13:30:00,63.84027766436196,64.98811170728449,2.596239750632912
2012-06-06 13:35:00,63.92361100225424,64.81734467884169,2.600374639164261
2012-06-06 13:40:00,63.92361100225423,64.73125853923563,2.604073570243827
2012-06-06 13:45:00,63.95486101301791,64.69885306883508,2.605753413074667
2012-06-06 13:50:00,63.95486101301791,64.66637888885144,2.607597373735348
2012-06-06 13:55:00,63.864583038354844,65.17810125203451,2.5964255258160605
2012-06-06 14:00:00,63.86458303835483,64.4777990060173,2.7437629775579637
2012-06-06 14:05:00,63.59606489567894,65.15948767676157,2.734553039577367
2012-06-06 14:10:00,63.464120563529995,65.25035115326318,2.739934652846467
2012-06-06 14:15:00,63.09953723017026,65.02729914527838,2.729643035095494
2012-06-06 14:20:00,63.09027800179192,64.65589546228009,2.7333957691250137
2012-06-06 14:25:00,63.081018780656855,64.6869198888928,2.7321357747313235
2012-06-06 14:30:00,63.28786406602566,64.178766693751,2.772389855483731
2012-06-06 14:35:00,63.19758607687606,65.27108930765225,2.7413967777088466
2012-06-06 14:40:00,63.35383607274835,64.92862853334299,2.728169842528816
2012-06-06 14:45:00,63.44411406189795,64.99461995200778,2.7289499997896756
2012-06-06 14:50:00,63.73346584869637,64.86178017884038,2.728208507061241
2012-06-06 14:55:00,63.86541051403537,65.1027477724011,2.732026908503831
2012-06-06 15:00:00,64.0945771896175,63.254207838201246,4.006569176574396
2012-06-06 15:05:00,64.46494773537636,62.865791116285486,4.019917711636472
2012-06-06 15:10:00,64.5968920675253,63.861969865002145,3.9999550933071117
2012-06-06 15:15:00,64.9302254046079,61.76294655433488,4.075047496805877
2012-06-06 15:20:00,65.1165679741965,63.51028160228851,4.001080783137253
2012-06-06 15:25:00,65.34804951663013,63.5630465783151,4.000380736353842
2012-06-06 15:30:00,65.39566870551101,63.94221276376689,4.001055808369961
2012-06-06 15:35:00,65.53108537053188,64.10116750230979,4.005091246914385
2012-06-06 15:40:00,65.41650203636244,64.68029562884244,4.0478534954506316
2012-06-06 15:45:00,65.57390915782186,64.49962284570063,4.028868297378773
2012-06-06 15:50:00,65.5033073739366,65.08725725266437,4.1154825287289585
2012-06-06 15:55:00,65.39914069070635,64.79923284432579,4.063774561922459
2012-06-06 16:00:00,65.5762240174301,62.41281094496545,6.6567743290411
2012-06-06 16:05:00,65.45585315759045,62.97152454967571,6.714617831282683
2012-06-06 16:10:00,65.35168650333327,62.488257058676275,6.66361385159411
2012-06-06 16:15:00,65.21626983106914,61.663377781536155,6.600032555919042
2012-06-06 16:20:00,65.17460315487973,62.41281094496545,6.6567743290411
2012-06-06 16:25:00,65.05770494661554,62.791618864193424,6.6940115622076535
2012-06-06 16:30:00,65.0405089211708,61.964615732263354,6.620778967626773
2012-06-06 16:35:00,65.01967559031935,62.84497540466881,6.699904622204847
2012-06-06 16:40:00,65.2592589095974,62.01286812529532,6.62432636966581
2012-06-06 16:45:00,65.03703689251587,63.51603632684686,6.7922801731034115
2012-06-06 16:50:00,64.995370230813,63.10811691925067,6.731778046040236
2012-06-06 16:55:00,65.14120357574612,62.33590347417803,6.650062867359817
2012-06-06 17:00:00,65.0787035831918,61.988986547317374,11.097602050302072
2012-06-06 17:05:00,64.9027780049757,60.19340886300564,10.541970033453204
2012-06-06 17:10:00,63.788194674045066,59.59169172221621,10.365073409050137
2012-06-06 17:15:00,61.08101888310767,57.8460640976242,9.886320157941485
2012-06-06 17:20:00,57.88078730320799,60.15771898435432,10.531290828753917
2012-06-06 17:25:00,54.30324096632031,59.93826201711622,10.46613884620598
2012-06-06 17:30:00,50.61805591754746,59.79961247354203,10.42543666829472
2012-06-06 17:35:00,46.68055586511085,60.9486120958438,10.773254168024947
2012-06-06 17:40:00,42.70138917994439,62.059312236164295,11.118642712284297
2012-06-06 17:45:00,38.65509285543978,60.097676616101786,10.51337099862647
2012-06-06 17:50:00,35.35300943743159,61.126405325619686,10.828910523853445
2012-06-06 17:55:00,31.31134275971083,61.695498649687146,11.00755833721781
2012-06-06 18:00:00,27.436342815720717,61.3803935572053,13.175077886135872
2012-06-06 18:05:00,23.9733796536507,57.764823736496076,12.13877576132915
2012-06-06 18:10:00,21.254629731267155,43.79653366730565,8.155090758315419
2012-06-06 18:15:00,20.690972296041593,38.03569796882464,11.799266341030949
2012-06-06 18:20:00,20.307870491438656,37.70996129246938,12.926147658793262
2012-06-06 18:25:00,20.208333469478788,37.42198298749329,14.342241707210585
2012-06-06 18:30:00,20.958333496022743,37.35805697049427,14.74953334129137
2012-06-06 18:35:00,21.20833358213219,37.29638436126889,15.193936204753387
2012-06-06 18:40:00,21.80439841446598,37.34290765909942,14.853421825315651
2012-06-06 18:45:00,22.773148197652166,37.22298856150919,15.815663450697691
2012-06-06 18:50:00,24.289351833401998,37.7120408619556,12.917672752551416
2012-06-06 18:55:00,27.780423212380764,37.29205277471534,15.227491108396825
2012-06-06 19:00:00,31.85449691056013,37.278944672491285,15.788695337710415
2012-06-06 19:05:00,35.823246973760426,37.31741948939898,15.531626233535526
2012-06-06 19:10:00,40.01074690949516,37.21345758767131,16.284184406370947
2012-06-06 19:15:00,43.77810809814054,37.414018644301564,14.965253733991062
2012-06-06 19:20:00,47.61144149631997,37.34363198529696,15.367834234590774
2012-06-06 19:25:00,51.5281081889321,37.28818046891714,15.725006030512768
2012-06-06 19:30:00,54.71329321035129,37.82090766890871,13.280413458010672
2012-06-06 19:35:00,58.54662649263853,37.33293641082562,15.433631968430355
2012-06-06 19:40:00,61.867228352916875,37.638395893983926,13.934323675834156
2012-06-06 19:45:00,65.11722845828301,37.70330664693503,13.686780214456327
2012-06-06 19:50:00,66.97833980158921,40.97766077204147,9.423047032488642
2012-06-06 19:55:00,67.44560174795241,57.42135598942043,10.538166046101944
2012-06-06 20:00:00,67.29861130640522,66.3413923327153,2.121851448542476
2012-06-06 20:05:00,67.25694464470236,66.24691167258878,2.150464144161296
2012-06-06 20:10:00,67.09722260568859,66.10999912910474,2.1934797620014455
2012-06-06 20:15:00,66.84027796972748,66.1407029689424,2.183671660960387
2012-06-06 20:20:00,66.862268397193,65.87428666697248,2.2719185815059517
2012-06-06 20:25:00,66.72685173217214,65.72789475064887,2.323460373396208
2012-06-06 20:30:00,66.77314817103758,65.7168935394952,2.3274220031011024
2012-06-06 20:35:00,66.57523151346238,65.77713351842097,2.305881179392942
2012-06-06 20:40:00,66.64351840876637,65.47464536619024,2.417773685198039
2012-06-06 20:45:00,66.68518507046925,65.47464536619024,2.417773685198039
2012-06-06 20:50:00,66.82407372068546,65.53768643041413,2.393686289931048
2012-06-06 20:55:00,66.69907373557682,65.09791014259288,2.5701231700100022
2012-06-06 21:00:00,66.846064177124,65.92004045513724,1.7090156841236448
2012-06-06 21:05:00,66.846064177124,66.22169134422968,1.668098598629568
2012-06-06 21:10:00,66.80786952958952,65.6726862891679,1.7466677171737512
2012-06-06 21:15:00,66.99073975906295,65.3203581059885,1.8074657170021038
2012-06-06 21:20:00,66.94444398657761,66.15149489328455,1.677161527365109
2012-06-06 21:25:00,67.1423606441528,65.44426608243516,1.7850686600525556
2012-06-06 21:30:00,67.12384220188265,66.11824785724811,1.681548792873471
2012-06-06 21:35:00,67.3009255286064,65.2365223754456,1.8232741217771649
2012-06-06 21:40:00,67.20833328828257,66.01765731732043,1.6952014725058995
2012-06-06 21:45:00,67.16666662657968,65.92004045513724,1.7090156841236448
2012-06-06 21:50:00,67.06712974948506,66.31569002321781,1.6563724673308655
2012-06-06 21:55:00,67.21296306544514,64.97862031063003,1.875374383652258
2012-06-06 22:00:00,67.12847261645227,65.94668612707441,1.7128685345201902
2012-06-06 22:05:00,67.006944616539,65.73375665013303,1.731066447961405
2012-06-06 22:10:00,67.18402794326275,65.07759958693127,1.7981995568220535
2012-06-06 22:15:00,67.02662082180332,65.53987983500558,1.7490489250616816
2012-06-06 22:20:00,67.05092616682316,65.50785186893266,1.7521594207816173
2012-06-06 22:25:00,66.91550950180228,65.69844238712882,1.73423762048691
2012-06-06 22:30:00,66.80671307038253,65.57180236815715,1.7459896102308647
2012-06-06 22:35:00,66.7442130778282,65.44751407699718,1.7581305124400715
2012-06-06 22:40:00,66.72685176114517,65.21482005596843,1.7826078559587766
2012-06-06 22:45:00,66.58217557077221,65.30118191758486,1.773245577692311
2012-06-06 22:50:00,66.66550892315102,65.48376135906302,1.7545252077648013
2012-06-06 22:55:00,66.62384226144813,65.11520803727406,1.7938363461867126
2012-06-06 23:00:00,66.41203693876535,64.80186101847404,2.0444016674876804
2012-06-06 23:05:00,66.43981493536064,64.44654183166752,2.080499752843344
2012-06-06 23:10:00,66.07523160200091,64.83797967469373,2.040966057953973
2012-06-06 23:15:00,66.39351852546825,64.11036170430377,2.11894414805074
2012-06-06 23:20:00,66.14699052595982,64.72926262942521,2.0514320934533172
2012-06-06 23:25:00,65.81018486687022,64.35914367656025,2.090066450449283
2012-06-06 23:30:00,65.61342562461263,64.32149831455443,2.0942768717165126
2012-06-06 23:35:00,65.48032384817306,64.35914367656025,2.090066450449283
2012-06-06 23:40:00,65.53240718978816,64.28374240588433,2.0985550754293087
2012-06-06 23:45:00,65.60648159627586,63.90459128641745,2.1448276549898013
2012-06-06 23:50:00,65.32523158632188,64.90984216281235,2.0342506414516524
2012-06-06 23:55:00,65.13541671283438,64.0933257259756,2.121015764435312
2012-06-07 00:00:00,65.21180539946933,63.124684432367275,2.5309532172505187
2012-06-07 00:05:00,65.17476848595597,63.622461068024926,2.466256010148977
2012-06-07 00:10:00,65.14351848967881,62.60360349856246,2.608512139776761
2012-06-07 00:15:00,64.42476846665527,64.30504336172892,2.389222166169864
2012-06-07 00:20:00,64.59837979369715,62.92234543016599,2.559741590945293
2012-06-07 00:25:00,65.06018543789538,62.20580446080138,2.6762482429536103
2012-06-07 00:30:00,65.15277799692274,62.684591709970924,2.5956942460870116
2012-06-07 00:35:00,64.86574078000207,62.95617318024477,2.5548182733479083
2012-06-07 00:40:00,64.42824077055414,63.548652373359566,2.4753474193906055
2012-06-07 00:45:00,64.1863425626948,63.25865396607805,2.512726808816692
2012-06-07 00:50:00,64.17592588278255,62.98573799540703,2.550551977557799
2012-06-07 00:55:00,64.14699076784342,62.47975497775266,2.6287187401425043
2012-06-07 01:00:00,63.490740744617476,62.568928880780014,2.8071279894304424
2012-06-07 01:05:00,63.33333300023752,62.64620521558896,2.7972251899823153
2012-06-07 01:10:00,63.17708300074358,61.7983286704065,2.9202910792782375
2012-06-07 01:15:00,63.43749965811633,61.14446787698111,3.046303063977037
2012-06-07 01:20:00,62.9999996486684,62.69524318927419,2.7910488315227364
2012-06-07 01:25:00,63.03124968840515,62.976682994421715,2.7570678792098993
2012-06-07 01:30:00,62.58333303163965,62.25025206791246,2.8504323092064126
2012-06-07 01:35:00,62.40740714920654,61.297676505014955,3.0134927531781606
2012-06-07 01:40:00,62.5740738141262,61.34139104874373,3.0045390818062585
2012-06-07 01:45:00,61.980323783454566,61.700774871004626,2.936975020587852
2012-06-07 01:50:00,61.61574045009484,62.1860678612187,2.8596926747768823
2012-06-07 01:55:00,61.00578689470736,61.700774871004626,2.936975020587852
2012-06-07 02:00:00,61.07870356717391,59.490766655855815,4.024703827365516
2012-06-07 02:05:00,60.6435184499289,60.98594980029722,3.6579093579090376
2012-06-07 02:10:00,60.34143512723163,60.187420492545755,3.824581683437929
2012-06-07 02:15:00,60.41666668827947,60.79150751276138,3.694694785366606
2012-06-07 02:20:00,60.7604166944094,60.21718470022365,3.8174603690210223
2012-06-07 02:25:00,60.20833333811635,61.87434279709979,3.506888243883813
2012-06-07 02:30:00,60.57291667147607,59.776595754625056,3.9336365254719206
2012-06-07 02:35:00,60.0439815653996,59.683745161633105,3.9616158847501253
2012-06-07 02:40:00,59.25231492061234,60.69984916793385,3.71273085536224
2012-06-07 02:45:00,59.152778072490754,58.91671235828279,4.265589079524104
2012-06-07 02:50:00,59.49652807499907,59.9512537909685,3.884592630420021
2012-06-07 02:55:00,58.950231637753014,58.87591361320287,4.286703999428103
2012-06-07 03:00:00,58.45023163937241,58.833077831071044,4.853348845622848
2012-06-07 03:05:00,58.40393550472398,58.87023514208496,4.84042162213684
2012-06-07 03:10:00,58.09143551297936,58.55448027467944,4.964086007683276
2012-06-07 03:15:00,57.391203968442284,59.97728326412289,4.558678722691947
2012-06-07 03:20:00,57.20949086455598,60.16743532594186,4.520037136920529
2012-06-07 03:25:00,57.42824086927993,59.3028044711597,4.712125199530103
2012-06-07 03:30:00,56.93865752183853,59.805844408645335,4.594682602182356
2012-06-07 03:35:00,57.55092595132076,57.76253708214997,5.522863802181163
2012-06-07 03:40:00,58.11342593501241,57.92747313983724,5.359997347251643
2012-06-07 03:45:00,58.931712813400786,58.01323379622317,5.287967365943083
2012-06-07 03:50:00,58.69560180707567,59.91570107253677,4.571458965905946
2012-06-07 03:55:00,59.497685117288654,57.27191282001658,6.28168513672768
2012-06-07 04:00:00,60.36574078190091,57.80036406170657,6.045213001279444
2012-06-07 04:05:00,60.40625001379967,58.69788312857015,5.252707688161087
2012-06-07 04:10:00,61.08333332803914,57.90750395911252,5.903967161832006
2012-06-07 04:15:00,61.36458332350659,58.27405291096108,5.535272552974963
2012-06-07 04:20:00,61.15162053480339,59.541460058957405,4.919524764656693
2012-06-07 04:25:00,60.76620387059222,59.70071936942312,4.874392289017671
2012-06-07 04:30:00,61.03703721149884,58.56577853200674,5.32876712507968
2012-06-07 04:35:00,61.07060209635728,58.934908736152465,5.136709629035643
2012-06-07 04:40:00,60.88773187412713,59.03096673246633,5.0958192132321605
2012-06-07 04:45:00,60.47106519915227,59.725706131556564,4.867605729196227
2012-06-07 04:50:00,60.646991087017824,59.20083779837582,5.030414295976039
2012-06-07 04:55:00,61.00231520648574,58.65193726358432,5.278120527936978
2012-06-07 05:00:00,61.071759546080365,60.40575855666382,4.497576042291856
2012-06-07 05:05:00,61.16550954939837,59.549932314165375,4.964863499423728
2012-06-07 05:10:00,60.988426219053,60.09730356456944,4.637883473690793
2012-06-07 05:15:00,61.259259549094736,59.62435297754854,4.913314304919734
2012-06-07 05:20:00,61.53703721893354,59.85084531043057,4.770987075432398
2012-06-07 05:25:00,61.96412054484759,59.599536055421886,4.930224916869611
2012-06-07 05:30:00,61.974537210273304,59.94769200381118,4.716192117291073
2012-06-07 05:35:00,61.922453883144705,59.79831190873261,4.802164595630226
2012-06-07 05:40:00,62.45949076606562,59.387717636921444,5.0864338869060886
2012-06-07 05:45:00,62.85532411018904,59.549932314165375,4.964863499423728
2012-06-07 05:50:00,62.984953886946755,60.42805031831404,4.488409404531349
2012-06-07 05:55:00,63.129629780345965,60.249962459803214,4.565156487768852
2012-06-07 06:00:00,63.306713107069704,62.05724346434451,3.9112768654839534
2012-06-07 06:05:00,63.60879644787513,61.16131677633894,4.40178445315344
2012-06-07 06:10:00,64.06250002187683,61.043671117763346,4.483521680323312
2012-06-07 06:15:00,64.17708335604625,61.73053478591805,4.0654704703083615
2012-06-07 06:20:00,64.24189823718184,61.9975148861974,3.9375760487412657
2012-06-07 06:25:00,64.4710649055207,62.110715661831854,3.8884144941418355
2012-06-07 06:30:00,64.7002315774812,61.392851696180884,4.253694658276664
2012-06-07 06:35:00,65.31134291034935,61.043671117763346,4.483521680323312
2012-06-07 06:40:00,65.45717625528248,62.16392775989314,3.8662874587554725
2012-06-07 06:45:00,65.63194470791146,61.97653022096811,3.947009296488568
2012-06-07 06:50:00,65.88541669229711,62.23448502035247,3.8378845135169395
2012-06-07 06:55:00,66.11458334614946,62.08401314703821,3.8997522851929816
2012-06-07 07:00:00,66.2476851515621,63.90475807701096,3.6536718758150672
2012-06-07 07:05:00,66.6122684704353,63.335973821121165,3.8841443449363555
2012-06-07 07:10:00,66.84375002735545,63.641873922770344,3.7538195482190404
2012-06-07 07:15:00,67.2500000369046,63.39496144367299,3.857796689769902
2012-06-07 07:20:00,67.54166669779777,63.54031054756999,3.7953815158133217
2012-06-07 07:25:00,67.60416671932512,64.09352169242835,3.588009214324808
2012-06-07 07:30:00,67.91666671106974,63.36552939750277,3.870868256980558
2012-06-07 07:35:00,67.86111071787919,64.05794678788517,3.6000015934472067
2012-06-07 07:40:00,67.93402739034573,63.93203028386575,3.643871829281325
2012-06-07 07:45:00,67.94328691569783,63.81616206021121,3.68626009371525
2012-06-07 07:50:00,67.61574049585144,64.27748079423131,3.528732907945321
2012-06-07 07:55:00,67.5844905140608,64.06685675341433,3.596981529853035
2012-06-07 08:00:00,67.40972204694529,65.02867798711456,3.7774508787390038
2012-06-07 08:05:00,67.20138870945787,65.09190931734403,3.7599182733967655
2012-06-07 08:10:00,66.82870357028065,65.02867798711456,3.7774508787390038
2012-06-07 08:15:00,66.72453688705042,65.25987385529587,3.7147648937036837
2012-06-07 08:20:00,66.46064822275251,65.09190931734403,3.7599182733967655
2012-06-07 08:25:00,66.34606485961004,65.03502601088297,3.77567649685286
2012-06-07 08:30:00,65.95023152997315,64.97768782756985,3.791811891446543
2012-06-07 08:35:00,65.69155119114485,64.6640574378748,3.8848712062755992
2012-06-07 08:40:00,65.37905117042719,64.89082215362343,3.816752702326014
2012-06-07 08:45:00,65.20023151791571,64.58354714685096,3.9101773528025916
2012-06-07 08:50:00,65.20486129507827,64.11088816631393,4.072315729524857
2012-06-07 08:55:00,65.00115772026689,64.74371800734976,3.8604252550542966
2012-06-07 09:00:00,64.87500059508461,64.75190881837041,4.0440131179512075
2012-06-07 09:05:00,64.76388928957012,64.71918717958464,4.051578009731494
2012-06-07 09:10:00,64.89583395490911,64.11129265903568,4.2128714744308375
2012-06-07 09:15:00,64.5520839524008,65.22934795343188,3.9440180755635823
2012-06-07 09:20:00,64.15393572693937,64.54279281745347,4.094167535442672
2012-06-07 09:25:00,63.8622690660462,64.94589121128443,4.0011593580431635
2012-06-07 09:30:00,64.02662083876294,63.97145790842674,4.256354470993219
2012-06-07 09:35:00,64.17022194073392,64.05905125495774,4.22880740407624
2012-06-07 09:40:00,64.17137938502457,64.1459893760104,4.202486520006047
2012-06-07 09:45:00,63.95783772025673,64.2322639852931,4.17733332219893
2012-06-07 09:50:00,63.82357849228324,64.31786571002476,4.1532885317988795
2012-06-07 09:55:00,63.80506005001308,64.33301292087366,4.149126336169883
2012-06-07 10:00:00,63.54580050736254,64.28545188089991,4.072962538332746
2012-06-07 10:05:00,63.4254302776867,64.30099547201716,4.0697671877987665
2012-06-07 10:10:00,63.09556895115088,64.48602198436437,4.034147186706536
2012-06-07 10:15:00,62.80836644299194,64.07769304997933,4.118875417503534
2012-06-07 10:20:00,63.2120701344964,63.10638259260323,4.42525265092719
2012-06-07 10:25:00,63.245635019354836,63.93475250452749,4.15408101709162
2012-06-07 10:30:00,63.05119068740833,64.45538076252647,4.039744750588174
2012-06-07 10:35:00,63.00654791422494,64.47289878718236,4.036530321302152
2012-06-07 10:40:00,62.85955714310935,64.08164280073458,4.117944904610586
2012-06-07 10:45:00,63.09914047868475,63.424306367888185,4.306554231304651
2012-06-07 10:50:00,63.16792360262341,63.794460015978,4.191681094223577
2012-06-07 10:55:00,63.10889560975098,64.20743835676556,4.0894981810966735
2012-06-07 11:00:00,63.39014562332658,63.279004540762095,4.105506485415734
2012-06-07 11:05:00,63.43644205494876,63.790417783253844,3.958626807830685
2012-06-07 11:10:00,63.686442057760694,63.241550444331985,4.1182386188836935
2012-06-07 11:15:00,63.9944779112576,62.95741443269811,4.224515061516066
2012-06-07 11:20:00,63.979662890889436,64.41684769530598,3.839504686355625
2012-06-07 11:25:00,63.95056215876523,63.95275879022986,3.921748956350308
2012-06-07 11:30:00,64.10796960617144,63.69230088248016,3.9830974875483727
2012-06-07 11:35:00,64.13921961693514,64.23280382560813,3.868180340407536
2012-06-07 11:40:00,64.35796961622665,63.46574343267296,4.046194542187329
2012-06-07 11:45:00,64.37880294707809,64.16131898668236,3.880686802805386
2012-06-07 11:50:00,64.52761237451865,63.93428518375135,3.9257251594982967
2012-06-07 11:55:00,64.73743408644985,63.908271160474754,3.9314167264338535
2012-06-07 12:00:00,64.849702532038,64.14854303147946,3.6964036302183962
2012-06-07 12:05:00,64.93072098134898,63.82097743871865,3.756562701907887
2012-06-07 12:10:00,65.04530430103192,64.00013495318497,3.7214605795603823
2012-06-07 12:15:00,65.11822095901194,63.92537608017037,3.7354514470944493
2012-06-07 12:20:00,65.19229539447267,64.25067240241384,3.6812103522233453
2012-06-07 12:25:00,65.26074791420498,63.71537527134357,3.7798265817478325
2012-06-07 12:30:00,65.20585378132068,64.11980712797443,3.700976605720548
2012-06-07 12:35:00,65.11111163943686,64.2221570127764,3.6852859908717335
2012-06-07 12:40:00,65.03670692571656,64.1115863153627,3.702309105166614
2012-06-07 12:45:00,64.95138931069262,64.1115863153627,3.702309105166614
2012-06-07 12:50:00,64.79265913500076,64.33179532853556,3.6703065339702
2012-06-07 12:55:00,64.56944466064986,64.51746310859528,3.649134421269643
2012-06-07 13:00:00,64.32870387535137,64.38367681492596,3.7296780023255205
2012-06-07 13:05:00,64.18287054490479,63.924151317002945,3.790693068228755
2012-06-07 13:10:00,64.13078723226272,64.23835401855645,3.745574731437111
2012-06-07 13:15:00,64.10300925015396,64.0034814633531,3.777888560087137
2012-06-07 13:20:00,64.19560149047777,64.3496694247069,3.7331212897169226
2012-06-07 13:25:00,64.2476848320929,63.76406321801547,3.819515543200911
2012-06-07 13:30:00,64.26554206595036,63.72183923076315,3.8277941860162663
2012-06-07 13:35:00,64.4332008513277,63.67949946721142,3.836382768011554
2012-06-07 13:40:00,64.56547580941279,63.637048171911765,3.845284650060331
2012-06-07 13:45:00,64.86954341286335,63.59448871298105,3.854504902445981
2012-06-07 13:50:00,64.99586648117747,63.551825161132484,3.864048725830601
2012-06-07 13:55:00,65.14467590861803,63.50906131545697,3.8739170908112954
2012-06-07 14:00:00,65.48148155684275,62.64824370129325,4.948876113645253
2012-06-07 14:05:00,65.75000001278973,62.50379167539191,4.981218842910562
2012-06-07 14:10:00,65.69791667117461,63.375021217888026,4.81208893653947
2012-06-07 14:15:00,65.66087977214778,63.19593544793157,4.841299534461322
2012-06-07 14:20:00,65.5868059740941,64.14556867648999,4.723894616562371
2012-06-07 14:25:00,65.52579432701052,63.27785717547047,4.827546231433529
2012-06-07 14:30:00,65.58134966830751,63.06297818362248,4.86498665258502
2012-06-07 14:35:00,65.47949790263162,63.70589953824315,4.766653808442064
2012-06-07 14:40:00,65.20287765897531,63.49743764734217,4.793969293787163
2012-06-07 14:45:00,65.02347944367027,64.19873316911736,4.720085515468158
2012-06-07 14:50:00,65.16005323427827,63.369656191688854,4.812918869496625
2012-06-07 14:55:00,65.31630323015057,63.423151719496666,4.80478373018753
2012-06-07 15:00:00,65.2329699067448,62.64857505879883,8.079153819443356
2012-06-07 15:05:00,65.2144514355016,62.04497519322143,8.171187980918491
2012-06-07 15:10:00,64.88574786833833,60.98720578373459,8.310373344118274
2012-06-07 15:15:00,64.96908119174408,60.79369513813517,8.33211738478442
2012-06-07 15:20:00,62.680886580469924,62.106194857734884,8.162198658211144
2012-06-07 15:25:00,60.12268509534544,60.737050455054735,8.338255498820766
2012-06-07 15:30:00,57.27893498504193,61.31795214634303,8.270435156507142
2012-06-07 15:35:00,54.17708302627107,61.17363521270999,8.288287392513837
2012-06-07 15:40:00,51.601851513158145,59.06959512101444,8.476435265473965
2012-06-07 15:45:00,47.99999978779105,61.458217548714366,8.252465203006823
2012-06-07 15:50:00,44.02083307365155,62.32964524512834,8.128685099107065
2012-06-07 15:55:00,40.041666475404256,62.5231716964308,8.098848857188814
2012-06-07 16:00:00,35.906249881284644,59.873549155741095,13.57128031791651
2012-06-07 16:05:00,32.468749885174724,59.56320814045833,13.659501742179925
2012-06-07 16:10:00,29.56134238872909,53.34181995906051,13.377823394685757
2012-06-07 16:15:00,26.240740615369884,58.87206679463274,13.800752825749031
2012-06-07 16:20:00,24.792823903897098,39.767278550764324,11.50958934625635
2012-06-07 16:25:00,23.681712847892282,38.89707375237784,12.673392931181473
2012-06-07 16:30:00,22.785879650253502,38.60275255186282,13.284824546607672
2012-06-07 16:35:00,22.29166667051477,38.304209167023124,14.088701056701408
2012-06-07 16:40:00,21.450231413341907,38.63897801722359,13.201203115213582
2012-06-07 16:45:00,21.959490676317163,37.956838084014976,15.404952185719116
2012-06-07 16:50:00,21.99652773469576,37.82698783684925,16.080549251412183
2012-06-07 16:55:00,22.31944440635262,37.84144480829145,15.997773485340261
2012-06-07 17:00:00,22.747685060665116,37.18843692707182,16.588754185174285
2012-06-07 17:05:00,22.2685183641629,37.42841836500111,14.740781220927204
2012-06-07 17:10:00,21.96296280637775,37.47039590750797,14.517842830749752
2012-06-07 17:15:00,20.994212791407175,37.45663498456858,14.588911167625398
2012-06-07 17:20:00,21.008101543433913,37.306552742160626,15.516727539005018
2012-06-07 17:25:00,20.63425906137172,37.26553467110808,15.838866400217901
2012-06-07 17:30:00,20.21759256023515,37.265918853723264,15.83566968795067
2012-06-07 17:35:00,19.769675961415764,37.31054372156304,15.487426342362381
2012-06-07 17:40:00,19.384259326177638,37.29488332560319,15.604342789160226
2012-06-07 17:45:00,18.560185182876484,37.601781610320316,13.920058621861267
2012-06-07 17:50:00,18.283564892138973,37.24788765119968,15.991079552352959
2012-06-07 17:55:00,17.642361210095626,37.36727862807275,15.102232799593098
2012-06-07 18:00:00,16.995370567356506,36.98560658543769,15.889171028476213
2012-06-07 18:05:00,16.318287126359966,36.92377137946749,16.525514481733982
2012-06-07 18:10:00,15.651620307329571,36.98845602675275,15.864139937579479
2012-06-07 18:15:00,15.320601612557368,36.85985196832339,17.597637781991043
2012-06-07 18:20:00,14.431712906824147,36.98001698914422,15.939121200466493
2012-06-07 18:25:00,14.14004610106573,36.876686352184244,17.228194567522305
2012-06-07 18:30:00,14.098379149632377,36.87161676415452,17.328212657969534
2012-06-07 18:35:00,13.809027406293525,36.883670015650566,17.101656635084936
2012-06-07 18:40:00,13.673610625380467,36.88666664004898,17.05057854233983
2012-06-07 18:45:00,13.165508661830614,36.91076317631258,16.691576866658437
2012-06-07 18:50:00,13.082175454317053,36.88221614810684,17.127096477741475
2012-06-07 18:55:00,13.248842101128554,36.87595681083807,17.24214763971538
2012-06-07 19:00:00,13.519675431170297,36.88289747830131,18.24315867995618
2012-06-07 19:05:00,14.094907019571785,36.863274032957214,18.770114796482236
2012-06-07 19:10:00,14.282407142099968,36.88184946521259,18.264155215986456
2012-06-07 19:15:00,15.123842631057208,36.85985961720804,18.939151670396512
2012-06-07 19:20:00,16.25347210035913,36.86375788285717,18.750574793516098
2012-06-07 19:25:00,16.83680548009158,36.86902935508467,18.57210614947996
2012-06-07 19:30:00,18.222222227983107,36.88735724161878,18.15858380350173
2012-06-07 19:35:00,21.768518307836203,36.872893200752905,18.466388365157236
2012-06-07 19:40:00,24.070601844975382,36.88974867699261,18.11594648674804
2012-06-07 19:45:00,25.11226867727775,36.86902935508467,18.57210614947996
2012-06-07 19:50:00,25.296296206176578,36.89225206422355,18.073072054570314
2012-06-07 19:55:00,26.093749913065277,36.92285490401624,17.644292269782454
2012-06-07 20:00:00,30.17708316556977,37.282117105344376,18.432074425604863
2012-06-07 20:05:00,34.14930530088457,37.29263142442804,18.372335477596472
2012-06-07 20:10:00,38.164186424792874,37.25519488566497,18.59659347421367
2012-06-07 20:15:00,42.091269652452006,37.35574074915279,18.054377716926346
2012-06-07 20:20:00,45.44080680875104,37.5605161094387,17.30819552685055
2012-06-07 20:25:00,49.388723570072955,37.331474430828486,18.169387157711277
2012-06-07 20:30:00,52.266038463829254,38.098115880734255,16.202362433035965
2012-06-07 20:35:00,53.07159410691414,54.3429431249967,7.4601731315210245
2012-06-07 20:40:00,55.27992740895093,40.58977516955331,14.465808279747302
2012-06-07 20:45:00,58.71858450167492,37.56437613066459,17.29683218157115
2012-06-07 20:50:00,62.8678901085787,37.28105483751609,18.438222274585303
2012-06-07 20:55:00,66.18039003266084,37.7239746286021,16.883978997107267
2012-06-07 21:00:00,66.23247337427595,65.39870228503203,1.7245532705767024
2012-06-07 21:05:00,66.13293646820829,65.12462301751468,1.771171571031287
2012-06-07 21:10:00,66.46759220762974,64.80595679339072,1.8330588705416144
2012-06-07 21:15:00,66.58217551282611,65.574618403548,1.6977072789863328
2012-06-07 21:20:00,66.90856419865138,64.90920119207361,1.8120821955356812
2012-06-07 21:25:00,66.90856419865138,65.43437681340042,1.7189188964377042
2012-06-07 21:30:00,67.05671243216578,65.22460344299964,1.7534732688280963
2012-06-07 21:35:00,67.25462908974097,64.9879163420225,1.7966887137796268
2012-06-07 21:40:00,67.12962910463234,66.10181692307931,1.6304504407246183
2012-06-07 21:45:00,67.08333330317394,65.2574680637768,1.7478307677491616
2012-06-07 21:50:00,67.05208332138331,65.60909150653902,1.6927175986227283
2012-06-07 21:55:00,67.02546308778219,65.53991515315097,1.7028182550149793
2012-06-07 22:00:00,66.93171308446419,65.26737768637771,1.7179127059436363
2012-06-07 22:05:00,67.23379639629657,64.53990479852511,1.8033390133567877
2012-06-07 22:10:00,67.28009283516201,65.62020145354147,1.6878514738219028
2012-06-07 22:15:00,67.10300953741132,65.60362826170744,1.6891248537637242
2012-06-07 22:20:00,67.00115774276236,65.67298927481632,1.6838804858225365
2012-06-07 22:25:00,66.85532439782925,65.1410036399858,1.7303192692723195
2012-06-07 22:30:00,66.84027794075443,65.40514858537891,1.7054096333923914
2012-06-07 22:35:00,66.74950404891696,65.36066736591064,1.7093341486229223
2012-06-07 22:40:00,66.73164680057297,65.39149092238225,1.7066031925872422
2012-06-07 22:45:00,66.92261882137736,64.83646780310808,1.7642457957146727
2012-06-07 22:50:00,66.7397485774174,65.2044823131252,1.7239713179365408
2012-06-07 22:55:00,66.77678549093075,65.1551620007098,1.7288824813403305
2012-06-07 23:00:00,67.01636883918188,64.44238160620579,1.9115630387556635
2012-06-07 23:05:00,66.73974862087698,64.9282627920728,1.8710345832396218
2012-06-07 23:10:00,66.40641529828092,65.19057228039478,1.8529619782305842
2012-06-07 23:15:00,66.54034358885801,64.53547493539308,1.902990000800575
2012-06-07 23:20:00,66.19775103788363,64.82582333709324,1.878760521706673
2012-06-07 23:25:00,66.15608437618074,64.15719808488988,1.9405874268986485
2012-06-07 23:30:00,66.04150104201132,64.8091932132201,1.880052589264391
2012-06-07 23:35:00,65.80935827667847,64.54429149181578,1.902199282863755
2012-06-07 23:40:00,65.76471553246814,64.78776603629233,1.8817340545859134
2012-06-07 23:45:00,65.62929883847423,64.8689222524461,1.8754610565250573
2012-06-07 23:50:00,65.61425241037246,64.10696706990305,1.9461653760268574
2012-06-07 23:55:00,65.49388217345336,64.71885888597885,1.8872681240330742
2012-06-08 00:00:00,65.47304881362886,64.278858433686,2.2003028423497715
2012-06-08 00:05:00,65.43601192908854,63.239724081176284,2.3020021518476175
2012-06-08 00:10:00,65.3526786056828,63.35405026143743,2.2885626414151288
2012-06-08 00:15:00,65.01041696313176,64.06515678155846,2.2179944372923726
2012-06-08 00:20:00,65.17708395037657,62.920086245890936,2.3434560644597484
2012-06-08 00:25:00,65.07638960726152,63.1605386914167,2.311719016760833
2012-06-08 00:30:00,64.63888962316501,63.607625933118264,2.2610220499743536
2012-06-08 00:35:00,64.82638961531448,62.96413204390882,2.337377533496411
2012-06-08 00:40:00,64.60763961240133,63.79449810104947,2.2425078957152875
2012-06-08 00:45:00,64.59838008704925,63.607625933118264,2.2610220499743536
2012-06-08 00:50:00,64.7337967375836,63.192990435396375,2.307695037056854
2012-06-08 00:55:00,64.66666696786673,63.49554934705332,2.272828958130607
2012-06-08 01:00:00,64.36574078162147,63.76523800267528,2.3359449756294155
2012-06-08 01:05:00,64.16600513634208,62.640893532392596,2.4719655838338053
2012-06-08 01:10:00,64.1474866795854,62.61139813936935,2.4762125980605347
2012-06-08 01:15:00,64.04332001808494,62.544868262268075,2.4859599571066675
2012-06-08 01:20:00,63.54331970100082,62.962262449343996,2.428374257045317
2012-06-08 01:25:00,63.59193070250074,62.355169182961816,2.515117751648717
2012-06-08 01:30:00,63.84193069444779,61.730037317780166,2.628870776211371
2012-06-08 01:35:00,63.64054171124394,63.07046915972512,2.414687505108555
2012-06-08 01:40:00,63.82804170339342,62.64457594883485,2.4714389117690407
2012-06-08 01:45:00,63.24470867133753,63.106377750482615,2.4102433003178034
2012-06-08 01:50:00,63.11970868622891,63.135047211545526,2.406728898580326
2012-06-08 01:55:00,62.62202357642958,62.809598958260494,2.448498516008922
2012-06-08 02:00:00,62.79794977756621,61.493854392201484,3.1646138676782183
2012-06-08 02:05:00,63.062499681060665,60.6189887955722,3.34660537358182
2012-06-08 02:10:00,62.64583302057233,61.18734476100301,3.2230267772302224
2012-06-08 02:15:00,62.56845220623643,60.83496206141236,3.296844714297869
2012-06-08 02:20:00,62.30109120906662,59.97231968847546,3.524704553311109
2012-06-08 02:25:00,62.193452218315876,61.14517743145126,3.2314470547902463
2012-06-08 02:30:00,62.31845221791104,61.179678447257714,3.2245496730605763
2012-06-08 02:35:00,62.26984120916783,61.06469037228481,3.2478102644595848
2012-06-08 02:40:00,61.50049593648574,61.9020344847962,3.0929986790099484
2012-06-08 02:45:00,61.29679205745737,59.853629323360224,3.563611503228262
2012-06-08 02:50:00,60.91253283753682,61.386639648358745,3.1845255369028425
2012-06-08 02:55:00,61.023643838834346,59.82409000448013,3.573665092904195
2012-06-08 03:00:00,59.794477173734265,60.809729010263595,3.8615781216033693
2012-06-08 03:05:00,59.73082004110631,60.23473291479545,3.9851605423972902
2012-06-08 03:10:00,59.926421817343474,58.711893364586736,4.417906129008941
2012-06-08 03:15:00,59.3510249630551,59.37347763014847,4.197838880959451
2012-06-08 03:20:00,59.93435828484147,58.159985239098205,4.694093243707271
2012-06-08 03:25:00,59.271163947169875,59.56512047841747,4.145794537066808
2012-06-08 03:30:00,58.10449730359716,60.332028980149005,3.963614706351844
2012-06-08 03:35:00,57.239913993586605,59.671649884731075,4.1183222350999396
2012-06-08 03:40:00,57.27430569679956,58.36140631719587,4.5782271568150215
2012-06-08 03:45:00,57.451554662438156,58.22170107611106,4.656253487036545
2012-06-08 03:50:00,57.52331388337081,58.966533440858136,4.32370489944292
2012-06-08 03:55:00,57.33697132102545,59.018882407376424,4.306040032137008
2012-06-08 04:00:00,58.113757165760916,57.4067336832804,5.724683708769718
2012-06-08 04:05:00,57.746197720920684,59.612618994553834,4.32802799689344
2012-06-08 04:10:00,57.24504027100618,58.931835260744485,4.523775442372194
2012-06-08 04:15:00,57.772817940035274,57.74247397080396,5.261623303434569
2012-06-08 04:20:00,57.522817940844966,59.37859303905346,4.3879368138816774
2012-06-08 04:25:00,58.01008638521858,57.69979522259177,5.311104459725409
2012-06-08 04:30:00,58.583003027092694,57.26677717343764,5.9523482694400975
2012-06-08 04:35:00,59.43716967167753,57.423700879592815,5.697715682701585
2012-06-08 04:40:00,59.88045658025349,58.21874081288775,4.856724437487826
2012-06-08 04:45:00,60.045800498779336,58.40914607741559,4.74639657767511
2012-06-08 04:50:00,59.78885615979197,58.851508934088294,4.552420747156428
2012-06-08 04:55:00,60.33052283436197,58.277419130045054,4.820457250938082
2012-06-08 05:00:00,60.282903649102714,59.626055853952444,3.9256827574426922
2012-06-08 05:05:00,60.538194641111545,59.23960973388974,4.08981290082951
2012-06-08 05:10:00,61.1678244198715,58.3587044066407,4.762978345531299
2012-06-08 05:15:00,61.271991086804405,59.5057790406263,3.9709127563609523
2012-06-08 05:20:00,61.5740744131233,59.323879697988076,4.049085835070099
2012-06-08 05:25:00,61.666666972150644,59.343938028781174,4.039835581093347
2012-06-08 05:30:00,62.062500316274054,58.92189592628296,4.274557425744769
2012-06-08 05:35:00,62.32291697364682,59.85034858925406,3.853001838666915
2012-06-08 05:40:00,62.56250029292488,59.90400019849256,3.8376059086883134
2012-06-08 05:45:00,62.89583362276421,59.41301248395977,4.009210055404147
2012-06-08 05:50:00,63.590277945848065,58.83310014031793,4.336549607688503
2012-06-08 05:55:00,63.590277945848065,60.22903148978035,3.7579883207299107
2012-06-08 06:00:00,63.88657437666054,60.75286497450102,3.4606862861275816
2012-06-08 06:05:00,64.03604501975707,61.17651444737239,3.286962703011612
2012-06-08 06:10:00,64.18419291645976,61.15041814878842,3.296226023832967
2012-06-08 06:15:00,64.44460959012987,61.05207605771614,3.3327550398166035
2012-06-08 06:20:00,64.59044292057646,61.40235609992302,3.213964152711684
2012-06-08 06:25:00,65.00016526299751,60.833196824144466,3.4237331047226593
2012-06-08 06:30:00,65.09391526631552,61.19929725872496,3.2790193073335323
2012-06-08 06:35:00,64.88558194331462,61.85317716440249,3.103155934251276
2012-06-08 06:40:00,65.00826706881502,61.85317716440249,3.103155934251276
2012-06-08 06:45:00,65.2119706436264,61.58609140303907,3.163505532703772
2012-06-08 06:50:00,65.23974864022169,61.90834007051904,3.0924711522402712
2012-06-08 06:55:00,65.37516529075604,61.54517243067526,3.1740843313055502
2012-06-08 07:00:00,65.61011884735805,62.96691812297894,2.978423196536498
2012-06-08 07:05:00,65.87731487199312,62.97068575820916,2.977269388363368
2012-06-08 07:10:00,66.19444466987335,62.94048204659734,2.986609994790003
2012-06-08 07:15:00,66.34027798583342,63.158408560340256,2.923536451779419
2012-06-08 07:20:00,66.52777799246941,63.187095043068815,2.915971255782129
2012-06-08 07:25:00,66.7048612902201,63.35644083124146,2.8747149103836436
2012-06-08 07:30:00,66.92361127864672,62.833585380644735,3.0212563566074837
2012-06-08 07:35:00,67.3194446082836,62.64896269282835,3.0870418348478004
2012-06-08 07:40:00,67.26388925250008,63.56937234716108,2.830850903754824
2012-06-08 07:45:00,67.20138925994577,63.52131688574653,2.8399909007977855
2012-06-08 07:50:00,67.26620414108137,63.37497367673805,2.870547760363456
2012-06-08 07:55:00,67.28703750090585,63.30050907029531,2.887704252084354
2012-06-08 08:00:00,67.14120418494578,64.63666857828589,2.9548348040735255
2012-06-08 08:05:00,66.86805596632276,64.7275804977236,2.9366043973590883
2012-06-08 08:10:00,66.79166727968781,64.83225907676415,2.9171977863054934
2012-06-08 08:15:00,66.62500063287631,64.57945887595368,2.9669749022806524
2012-06-08 08:20:00,66.47916728794321,64.72136062174606,2.9378109509659236
2012-06-08 08:25:00,66.29166731028026,64.8596340437766,2.9123965321589207
2012-06-08 08:30:00,66.21180600104292,64.46318568876536,2.9932690297411066
2012-06-08 08:35:00,66.06597268508284,64.77709207571472,2.927216492431753
2012-06-08 08:40:00,65.95717625366309,64.44683596604983,2.997142972516525
2012-06-08 08:45:00,65.87384290128428,64.37430669220676,3.014861700718486
2012-06-08 08:50:00,65.64583337301904,64.57626361233885,2.9676678941268992
2012-06-08 08:55:00,65.57870360330217,64.37430669220676,3.014861700718486
2012-06-08 09:00:00,65.61921313941794,64.60173858481598,3.3835263369574746
2012-06-08 09:05:00,65.6921298118845,64.28831334602987,3.473730604186686
2012-06-08 09:10:00,65.2847220393412,65.05057468677012,3.2808427116167267
2012-06-08 09:15:00,65.22222203230037,64.46417207618119,3.421131658211101
2012-06-08 09:20:00,65.09722204719174,64.70306984968632,3.357732776845625
2012-06-08 09:25:00,64.87384228160255,64.73649470780424,3.3495696495722562
2012-06-08 09:30:00,64.65162026452101,64.6130756950005,3.3805612062621253
2012-06-08 09:35:00,64.47337979772364,64.76974312006045,3.341616576896177
2012-06-08 09:40:00,64.43171313602076,64.49882549293584,3.4113728113514754
2012-06-08 09:45:00,64.39004647431788,64.49882549293584,3.4113728113514754
2012-06-08 09:50:00,64.31250003917529,64.25263268986185,3.485043246632254
2012-06-08 09:55:00,64.0879631262692,64.55238406971752,3.396669670407785
2012-06-08 10:00:00,63.964120252261175,64.63552137596768,3.6954393347515944
2012-06-08 10:05:00,63.72916668117262,64.41883178411283,3.7461635941491966
2012-06-08 10:10:00,63.65046311682127,63.51121258961512,4.051192291544774
2012-06-08 10:15:00,63.27546311803582,64.11626473827268,3.8303167823779583
2012-06-08 10:20:00,63.16898156795409,64.15456200834282,3.8187634897965164
2012-06-08 10:25:00,63.06944466731887,63.827420407165015,3.9264255974178544
2012-06-08 10:30:00,63.02777799837273,63.687483062993444,3.9789896598437653
2012-06-08 10:35:00,62.861111009317085,64.03499836659078,3.855736503252727
2012-06-08 10:40:00,62.8194443476142,64.23076551374211,3.7965672522852394
2012-06-08 10:45:00,62.71064791619446,64.23076551374211,3.7965672522852394
2012-06-08 10:50:00,62.829861027526455,63.827420407165015,3.9264255974178544
2012-06-08 10:55:00,62.86259907954388,63.608322380000466,4.010565429071533
2012-06-08 11:00:00,62.7549600851715,63.84887641227544,4.047452160791091
2012-06-08 11:05:00,62.94824699455717,63.180155306364746,4.283389786965105
2012-06-08 11:10:00,63.25843210134213,62.83898139895109,4.445682300302209
2012-06-08 11:15:00,63.62301543470186,62.32304245048484,4.7579859706742385
2012-06-08 11:20:00,63.66699697774275,63.39646021944096,4.1960677875142425
2012-06-08 11:25:00,63.41699697312,63.0811123328177,4.327262021939529
2012-06-08 11:30:00,63.30125619465992,63.16213698236095,4.291182957389814
2012-06-08 11:35:00,63.32324697161281,63.0361500014025,4.348028077373738
2012-06-08 11:40:00,63.20056185335569,63.72863289622458,4.082760093184368
2012-06-08 11:45:00,63.17394161975458,63.4685000733156,4.169436153018778
2012-06-08 11:50:00,63.09060826737578,63.92863663454866,4.025606062563712
2012-06-08 11:55:00,63.10995354973023,63.37071740562252,4.205873049196608
2012-06-08 12:00:00,63.01736099251368,63.00428840219228,4.465626984314917
2012-06-08 12:05:00,59.892360959175335,63.525130354527704,4.2964912978207686
2012-06-08 12:10:00,55.675925756392964,63.64168979905093,4.26596843812681
2012-06-08 12:15:00,51.91550900170705,63.31439234822681,4.358234427444735
2012-06-08 12:20:00,48.228009020893346,63.14530715451189,4.414242718886104
2012-06-08 12:25:00,44.998842246378665,61.59469557977739,5.224189690949335
2012-06-08 12:30:00,41.47106457257942,62.25178395670526,4.818190225831934
2012-06-08 12:35:00,38.75231462846608,62.68011275744166,4.6009254537868705
2012-06-08 12:40:00,36.64583314280802,62.816314327681624,4.541080725180593
2012-06-08 12:45:00,36.229166467833174,62.933784742776986,4.492976541964349
2012-06-08 12:50:00,35.665509032607616,63.18760051772741,4.39967226001528
2012-06-08 12:55:00,35.12384237252414,63.01839058417639,4.46029055451402
2012-06-08 13:00:00,34.66782391537361,61.738709556735046,5.5375306543823575
2012-06-08 13:05:00,37.25694416240511,40.65047764524274,16.007086639804008
2012-06-08 13:10:00,40.69444424543417,39.40547413832108,18.050083563550682
2012-06-08 13:15:00,43.350694320128646,39.73062150288202,17.37966600963107
2012-06-08 13:20:00,45.965277617228054,39.762242919146765,17.32172733092713
2012-06-08 13:25:00,49.25694439878358,39.85048566757342,17.16547139558
2012-06-08 13:30:00,52.9733795162662,39.7020326375951,17.43301454630198
2012-06-08 13:35:00,55.900462805110216,41.03103526856328,15.55987657773076
2012-06-08 13:40:00,58.331018080768985,42.895840182935196,13.790562367394811
2012-06-08 13:45:00,58.768518086595286,59.213951014342825,6.425062088713556
2012-06-08 13:50:00,59.30092552554368,58.290405661360126,6.695496315020446
2012-06-08 13:55:00,59.74652730278196,58.05717126401493,6.761402697789658
2012-06-08 14:00:00,60.20486064489213,53.001926877661994,9.07182322946266
2012-06-08 14:05:00,60.73032375128674,55.24091340362179,8.793994994412012
2012-06-08 14:10:00,61.361110666498696,51.87949721076374,9.2219457444072
2012-06-08 14:15:00,62.267360675786556,46.84594568418782,10.140719627536578
2012-06-08 14:20:00,63.184027364986655,46.74526712414062,10.164938372116234
2012-06-08 14:25:00,63.481646553057836,57.19226278224452,8.539828120445478
2012-06-08 14:30:00,63.51289654933498,60.366752339652116,7.920689674277322
2012-06-08 14:35:00,63.21775754108336,61.32804464320066,7.617180193135014
2012-06-08 14:40:00,62.693452197682916,62.292334579771875,7.247340453532689
2012-06-08 14:45:00,62.62053553245963,60.366752339652116,7.920689674277322
2012-06-08 14:50:00,62.63095219788534,60.45490294473237,7.895806056194407
2012-06-08 14:55:00,62.68650785607505,59.46411903548117,8.14460289162448
2012-06-08 15:00:00,62.75942452310917,55.58416535943664,13.548345079358922
2012-06-08 15:05:00,62.64136886331108,58.60316010889793,12.917541649509658
2012-06-08 15:10:00,62.64599862598712,57.14369547934408,13.33858392109783
2012-06-08 15:15:00,62.323081967458656,55.059530505562414,13.580268162998415
2012-06-08 15:20:00,61.68766528821254,55.059530505562414,13.580268162998415
2012-06-08 15:25:00,60.40046273983282,57.297488126158584,13.30634256852713
2012-06-08 15:30:00,59.07754602795518,57.50948210684277,13.257762445053002
2012-06-08 15:35:00,58.707175806332295,54.28235428160115,13.599846120657304
2012-06-08 15:40:00,59.019675812563435,52.8828592979496,13.56621837877144
2012-06-08 15:45:00,58.946759145529334,55.92588481485578,13.518264797458192
2012-06-08 15:50:00,58.959490699536325,57.361615360975264,13.292162695315078
2012-06-08 15:55:00,59.00446407692606,56.44234419893823,13.457060102956438
2012-06-08 16:00:00,57.60863076501448,53.64752044003128,19.453645378044047
2012-06-08 16:05:00,55.904927173331494,53.971044618556554,19.4020817549622
2012-06-08 16:10:00,52.99289021118357,54.22770685421974,19.350389723332043
2012-06-08 16:15:00,50.254795013688835,46.41469276003104,17.57757330891178
2012-06-08 16:20:00,47.558035750555156,43.08785917379857,15.167325039716266
2012-06-08 16:25:00,45.89947084198672,40.07604791491498,12.6292016739766
2012-06-08 16:30:00,44.63210987702874,39.995443389052845,12.568727274120265
2012-06-08 16:35:00,41.32886898575685,45.26687412714836,16.83671926234518
2012-06-08 16:40:00,38.203868995878075,55.16721773281628,19.072555288049145
2012-06-08 16:45:00,34.4990077291652,51.29341376727052,19.428757529896142
2012-06-08 16:50:00,30.776785462661994,54.650222028644116,19.24332955975392
2012-06-08 16:55:00,26.907737958930753,54.117971782967096,19.373686951150123
2012-06-08 17:00:00,24.595238031609814,38.752146046976044,14.09037523530138
2012-06-08 17:05:00,22.49338606960015,38.05437422728672,13.35357787900984
2012-06-08 17:10:00,22.10333977309165,36.98668519406498,14.28106488478091
2012-06-08 17:15:00,21.685184984430453,36.90588770770381,14.926799024378615
2012-06-08 17:20:00,21.03611106365498,36.85848687419844,15.578899875360607
2012-06-08 17:25:00,20.100925977002415,36.977142746900135,14.341262244353205
2012-06-08 17:30:00,18.499074071319455,37.140861791710265,13.621034632102974
2012-06-08 17:35:00,18.311574180575658,36.82843336339397,16.51464599611275
2012-06-08 17:40:00,17.5615741540317,36.93656831115708,14.639257922695357
2012-06-08 17:45:00,17.49560206038985,36.828218499270726,16.531219158973713
2012-06-08 17:50:00,17.298842847105306,36.8359735411644,16.141519148333742
2012-06-08 17:55:00,20.83009286101974,36.82782643598652,16.564330369361574
2012-06-08 18:00:00,24.76874989417824,36.67145785342914,17.01423185374664
2012-06-08 18:05:00,28.496527901968435,36.66991590781981,17.18097939330789
2012-06-08 18:10:00,29.52546304988509,36.70981063585907,16.11234873602933
2012-06-08 18:15:00,29.30076060671308,36.67689284953901,16.753057210737932
2012-06-08 18:20:00,29.68826051998755,36.67533583794475,17.793012083585865
2012-06-08 18:25:00,29.734556900906895,36.669650862377594,17.296622996165297
2012-06-08 18:30:00,30.09335309973257,36.677982467924515,17.903133539405324
2012-06-08 18:35:00,30.53779756849137,36.67247156242915,17.640427844653274
2012-06-08 18:40:00,30.38154754364602,36.66987824285753,17.188218019595748
2012-06-08 18:45:00,30.537797568491374,36.66997408569999,17.404645876179114
2012-06-08 18:50:00,30.83988076443156,36.66971715271119,17.33987651170177
2012-06-08 18:55:00,28.100297496710045,49.767852126778784,17.96544332390016
2012-06-08 19:00:00,25.994973694370277,63.77827468633626,2.710300150260759
2012-06-08 19:05:00,25.387566116594154,61.15784084447123,4.149328263827237
2012-06-08 19:10:00,27.24867734400816,37.72523796938281,16.593229709829814
2012-06-08 19:15:00,31.379629770907016,36.87312544870488,18.204510372437657
2012-06-08 19:20:00,35.285879725660806,36.88389449882571,18.029632184389737
2012-06-08 19:25:00,39.44791669824678,36.874005997576724,18.1876387871833
2012-06-08 19:30:00,43.44494066073025,36.875421504805026,18.161841648900033
2012-06-08 19:35:00,47.229662847355144,36.90185848387816,17.822949933983107
2012-06-08 19:40:00,51.43799622983351,36.8642505405637,18.427868234402624
2012-06-08 19:45:00,55.53174622019634,36.879396027516236,18.09562096650718
2012-06-08 19:50:00,59.479662952545205,36.902411289632134,17.81757566538165
2012-06-08 19:55:00,62.854662898154714,37.0433701510401,17.094432958889794
2012-06-08 20:00:00,65.00049623661026,40.00029081175124,16.423096263998538
2012-06-08 20:05:00,65.97271858445275,56.748265106857424,4.930600001947751
2012-06-08 20:10:00,66.70767212494884,61.18324558899646,3.134789779953563
2012-06-08 20:15:00,66.91600543346323,65.34703120091552,1.6644828564137912
2012-06-08 20:20:00,67.18683873453192,64.87100964465526,1.769078282806884
2012-06-08 20:25:00,67.23892207614703,65.50999942367578,1.6324555132614211
2012-06-08 20:30:00,67.48495352107399,64.90328614153306,1.7614487086971558
2012-06-08 20:35:00,67.68287020762223,64.91613831033848,1.7584334111693642
2012-06-08 20:40:00,67.83796307790742,65.09279550147367,1.718250531682175
2012-06-08 20:45:00,67.70254641288655,65.46971878912497,1.6401987051784976
2012-06-08 20:50:00,67.6817130820351,65.58967565308313,1.61746994304678
2012-06-08 20:55:00,67.74421307458941,65.34703120091552,1.6644828564137912
2012-06-08 21:00:00,67.62962974041999,65.35501111712047,1.5330777923621846
2012-06-08 21:05:00,67.60648152098727,65.46477136595173,1.5190641664989915
2012-06-08 21:10:00,67.54398152843295,65.62430105290046,1.5000107658723716
2012-06-08 21:15:00,67.31481488906715,66.16349205295985,1.4458999990139931
2012-06-08 21:20:00,67.18634291876316,66.00927892030116,1.4598793570047797
2012-06-08 21:25:00,67.23842626037829,65.81949450473029,1.4786816554684945
2012-06-08 21:30:00,67.02546378313534,65.95708594467278,1.4648690446116461
2012-06-08 21:35:00,67.03588046304759,65.81949450473029,1.4786816554684945
2012-06-08 21:40:00,66.78703758944441,65.81593125443405,1.479052401832712
2012-06-08 21:45:00,66.84490783380919,65.18102161937085,1.5568932900611376
2012-06-08 21:50:00,66.68865783793687,65.65722202625581,1.4962643696970799
2012-06-08 21:55:00,66.7511578304912,65.72259298709979,1.4890071861720375
2012-06-08 22:00:00,67.02893579730375,64.87695326262104,1.597525201087976
2012-06-08 22:05:00,67.12268580062174,65.25421126140823,1.5589129577708214
2012-06-08 22:10:00,67.21643580393973,65.2848742782214,1.556108475382828
2012-06-08 22:15:00,67.1631953367375,65.31542293841453,1.5533609757367957
2012-06-08 22:20:00,67.26041732525084,65.45649214367542,1.5412476051663575
2012-06-08 22:25:00,67.06250063870262,65.78914735208532,1.5161000933198905
2012-06-08 22:30:00,67.0439815590254,65.15807469018843,1.568013602171469
2012-06-08 22:35:00,66.76273154907143,65.6733210162148,1.524346728160576
2012-06-08 22:40:00,66.9097219906186,64.90907300082317,1.5939207656041432
2012-06-08 22:45:00,66.82060176446318,65.24054590606734,1.5601777037443683
2012-06-08 22:50:00,66.97222198317291,65.0362837308924,1.5802482756502112
2012-06-08 22:55:00,66.69907376454988,65.73144767205353,1.520143926804945
2012-06-08 23:00:00,66.4398142400075,65.30318960493925,1.6716611463293967
2012-06-08 23:05:00,66.29398089507438,65.14147359730929,1.6829751070486436
2012-06-08 23:10:00,66.21064757166864,65.17022497242189,1.6808998110869882
2012-06-08 23:15:00,66.2199064885867,64.78602766790475,1.7111676355267873
2012-06-08 23:20:00,66.03240651092376,65.34081291845561,1.6691498204833384
2012-06-08 23:25:00,65.75115651545632,64.84894901549468,1.70581250362347
2012-06-08 23:30:00,65.71279718511757,64.73272134496462,1.7158372651167413
2012-06-08 23:35:00,65.78802871719235,64.48577251193542,1.7391884552365393
2012-06-08 23:40:00,65.48478826528635,64.97031133303352,1.695941835285466
2012-06-08 23:45:00,65.44427872917059,64.60833002564632,1.7272332919941709
2012-06-08 23:50:00,65.1259918346763,65.09978181597388,1.6860359067481652
2012-06-08 23:55:00,65.31580672989355,64.57104256770124,1.7307918486566507
2012-06-09 00:00:00,65.0785382919535,63.94499173900784,1.985493101518692
2012-06-09 00:05:00,64.9315478359198,64.10535320594553,1.9694387590265146
2012-06-09 00:10:00,64.92857172443931,64.3168613086164,1.9497770837457133
2012-06-09 00:15:00,64.97106490027967,64.18976086445402,1.961396246551561
2012-06-09 00:20:00,65.01273156198256,64.19648592898129,1.960767140275939
2012-06-09 00:25:00,65.01273156198256,63.382789815546495,2.0513739590327016
2012-06-09 00:30:00,64.9399801952408,63.99591952682369,1.9802802707401452
2012-06-09 00:35:00,64.98974864827466,64.08160843145652,1.9717501273824762
2012-06-09 00:40:00,65.25016531289067,63.44730276854989,2.0429432222023842
2012-06-09 00:45:00,65.3427581616485,63.862265140198225,1.9942022403663007
2012-06-09 00:50:00,65.57192482998737,63.5434659660007,2.0308310684999586
2012-06-09 00:55:00,65.22470250185042,64.49494643641746,1.9344107787085907
2012-06-09 01:00:00,65.41220250124314,63.394114126887104,2.1582252993680715
2012-06-09 01:05:00,65.3925262814923,63.867702736639124,2.0824035718209917
2012-06-09 01:10:00,65.49040949290486,64.54292713650356,1.991524218089137
2012-06-09 01:15:00,65.0127311925762,64.54739204253703,1.9909822482550805
2012-06-09 01:20:00,64.82060140877765,64.55185476110539,1.990441727073419
2012-06-09 01:25:00,64.75810140716926,63.56643457426622,2.129337519145945
2012-06-09 01:30:00,65.15228110009713,63.98619310080469,2.0650957973304727
2012-06-09 01:35:00,64.86177187625134,64.45762686184878,2.002018429877566
2012-06-09 01:40:00,65.05968856279958,64.45762686184878,2.002018429877566
2012-06-09 01:45:00,65.0041332359891,64.3623595834717,2.0140589187460063
2012-06-09 01:50:00,64.97288322522543,64.45762686184878,2.002018429877566
2012-06-09 01:55:00,65.1951055392807,63.657531515587806,2.11468305292273
2012-06-09 02:00:00,64.97635553908378,63.126074617151716,2.4913674867671154
2012-06-09 02:05:00,64.84093887949537,62.91162719877119,2.532585500823227
2012-06-09 02:10:00,64.49834665446775,64.01493989817571,2.3429822682074053
2012-06-09 02:15:00,64.73792998098908,62.065016442592004,2.721500333820895
2012-06-09 02:20:00,64.56547642418462,63.07474981166047,2.5010201763792277
2012-06-09 02:25:00,64.8675597595576,62.43702799733802,2.632831782995735
2012-06-09 02:30:00,64.40625029691283,64.3698088872774,2.2924776245129
2012-06-09 02:35:00,64.56365774431906,62.625061518205136,2.5915258502257648
2012-06-09 02:40:00,64.26967616587154,64.2356471173938,2.311040989493828
2012-06-09 02:45:00,64.50231484837882,63.325438043873895,2.4550818298993335
2012-06-09 02:50:00,64.23379641416163,63.509992954677166,2.4231219215159556
2012-06-09 02:55:00,63.702546433990385,63.509992954677166,2.4231219215159556
2012-06-09 03:00:00,63.4340279898137,61.26611697608595,3.2939285045939033
2012-06-09 03:05:00,63.53356489044893,61.34214726883457,3.2714049585604763
2012-06-09 03:10:00,63.302083340772036,61.80531577713848,3.143664948852175
2012-06-09 03:15:00,62.85416668400655,61.83462916871807,3.136080876914177
2012-06-09 03:20:00,63.0358797806496,61.38015287266393,3.2603215653564344
2012-06-09 03:25:00,62.68171311090478,62.42997811868694,2.9930324792915104
2012-06-09 03:30:00,62.42129644628875,61.7969335574877,3.145843837946605
2012-06-09 03:35:00,62.241898223740456,62.1053928529851,3.0685304330282848
2012-06-09 03:40:00,61.57754643815658,62.237542604043675,3.0371092494975986
2012-06-09 03:45:00,61.296296428202595,63.07440149767859,2.8583393871689466
2012-06-09 03:50:00,60.957672098301494,61.50253791978017,3.2253988586080626
2012-06-09 03:55:00,61.12433875778871,60.54746079404834,3.533940045519955
2012-06-09 04:00:00,61.64285719843948,59.65457157677994,4.072102140215722
2012-06-09 04:05:00,61.77344953228112,60.92974102441844,3.6190995256484526
2012-06-09 04:10:00,62.1087086426684,60.2458873571562,3.8332402788034723
2012-06-09 04:15:00,62.65326365487028,59.583508512999025,4.105717481637082
2012-06-09 04:20:00,62.69415214396608,61.246755898893355,3.5344411778429943
2012-06-09 04:25:00,62.98021630288377,60.418167379890235,3.7743114461874754
2012-06-09 04:30:00,63.35057700686042,60.14361662672112,3.8701761922718436
2012-06-09 04:35:00,63.55523361386623,60.69780284502008,3.6862252391386243
2012-06-09 04:40:00,64.20877010834482,59.273453571253384,4.269316549055854
2012-06-09 04:45:00,64.2382691619316,61.30240288194086,3.5203131953597318
2012-06-09 04:50:00,64.77170753435699,59.63826467622919,4.0797031903597905
2012-06-09 04:55:00,65.06354903491852,60.418167379890235,3.7743114461874754
2012-06-09 05:00:00,65.07510374717931,61.51741053222971,3.346111368628565
2012-06-09 05:05:00,65.0866584594401,61.520284122580215,3.345565212189087
2012-06-09 05:10:00,65.09821320067395,61.52315915796148,3.3450186066673653
2012-06-09 05:15:00,65.10976794190778,61.52603251290597,3.34447297174275
2012-06-09 05:20:00,65.12132265416858,61.528909078426324,3.343929002768387
2012-06-09 05:25:00,65.13287736642935,61.53178353253582,3.343384642657878
2012-06-09 05:30:00,65.14443207869014,61.53465942805443,3.342841369036666
2012-06-09 05:35:00,65.15598679095093,61.53753401616428,3.342299268823894
2012-06-09 05:40:00,65.16754150321174,61.54041235628383,3.3417570237458816
2012-06-09 05:45:00,65.17909621547251,61.54328740434081,3.341216154887645
2012-06-09 05:50:00,65.19065092773332,61.54616496943131,3.340675865490367
2012-06-09 05:55:00,65.20220563999409,61.54904160195184,3.340136952312864
2012-06-09 06:00:00,65.21376038122794,62.433383692224055,2.939294428964607
2012-06-09 06:05:00,65.22531512246177,62.4359380720193,2.938884387904172
2012-06-09 06:10:00,65.23686983472255,62.438494083359295,2.9384753319273664
2012-06-09 06:15:00,65.24842454698334,62.44104935950821,2.938067536278144
2012-06-09 06:20:00,65.25997925924413,62.44360629255329,2.9376611313352217
2012-06-09 06:25:00,65.27153397150492,62.446160493077805,2.937255276880208
2012-06-09 06:30:00,65.28308868376573,62.448716730769746,2.936850726212352
2012-06-09 06:35:00,65.2946433960265,62.451272396243986,2.9364473634394592
2012-06-09 06:40:00,65.30619810828729,62.45382902326125,2.9360445946140477
2012-06-09 06:45:00,65.31775282054808,62.45638367286801,2.9356435062254147
2012-06-09 06:50:00,65.32930756178193,62.458940741724255,2.935243055243836
2012-06-09 06:55:00,65.34086230301577,62.461496782037294,2.9348434879402183
2012-06-09 07:00:00,65.35241701527656,63.55686461719239,2.7401059415056643
2012-06-09 07:05:00,65.36397172753733,63.5593511348662,2.73963071108745
2012-06-09 07:10:00,65.37552643979814,63.56183956476113,2.739156002184098
2012-06-09 07:15:00,65.38708115205891,63.564325365352,2.738682872311857
2012-06-09 07:20:00,65.39863522691266,63.56681233935128,2.738211249038106
2012-06-09 07:25:00,65.41018993917345,63.569298081996045,2.7377409440380354
2012-06-09 07:30:00,65.42174401402717,63.571783766694715,2.737272116663408
2012-06-09 07:35:00,65.43329872628797,63.57426779268639,2.7368048972929384
2012-06-09 07:40:00,65.44485283011475,63.576754266900615,2.73633848916781
2012-06-09 07:45:00,65.45640757134859,63.579238741974514,2.7358728198554036
2012-06-09 07:50:00,65.46796164620233,63.581723680617195,2.7354091931428735
2012-06-09 07:55:00,65.47951635846312,63.58420706195856,2.7349467977848803
2012-06-09 08:00:00,65.49107043331686,64.49834762597025,2.809209471137825
2012-06-09 08:05:00,65.50262514557764,64.50099550179108,2.808571470136497
2012-06-09 08:10:00,65.51417922043139,64.50364481177778,2.807934512164893
2012-06-09 08:15:00,65.52573393269218,64.50629170251497,2.807300350092412
2012-06-09 08:20:00,65.53728864495294,64.50893695627497,2.806667288995751
2012-06-09 08:25:00,65.54884335721376,64.51158444095964,2.8060351695231467
2012-06-09 08:30:00,65.56039809844759,64.51422882552818,2.8054055272461382
2012-06-09 08:35:00,65.57195283968143,64.51687393442292,2.8047764644300877
2012-06-09 08:40:00,65.5835075519422,64.51951655163556,2.804150487243639
2012-06-09 08:45:00,65.59506226420301,64.52216028431052,2.803524814274193
2012-06-09 08:50:00,65.60661697646378,64.52480127903246,2.8029012273641967
2012-06-09 08:55:00,65.61817168872459,64.52744320089195,2.8022782778612534
2012-06-09 09:00:00,65.62972640098538,64.91066189725663,3.170832295003351
2012-06-09 09:05:00,65.64128111324617,64.91360712346808,3.1699791546348255
2012-06-09 09:10:00,65.65283582550695,64.91654827896629,3.169129230274617
2012-06-09 09:15:00,65.66439053776774,64.91949088311691,3.1682798853753673
2012-06-09 09:20:00,65.67594527900158,64.92243122736977,3.167432496156851
2012-06-09 09:25:00,65.68750002023542,64.92537138329783,3.166587004672971
2012-06-09 09:30:00,65.69905473249621,64.92830836667714,3.165743657194637
2012-06-09 09:35:00,65.710609444757,64.93124637859965,3.1649013672325506
2012-06-09 09:40:00,65.72216415701779,64.93418194229962,3.164060989491627
2012-06-09 09:45:00,65.73371886927858,64.93711689756559,3.163223074459774
2012-06-09 09:50:00,65.74527358153937,64.94005033174652,3.1623855650505917
2012-06-09 09:55:00,65.75682829380015,64.94298389630619,3.1615507501348645
2012-06-09 10:00:00,65.76838300606094,64.90117523769555,3.631938757987982
2012-06-09 10:05:00,65.77993771832173,64.90445895602562,3.6308606274159723
2012-06-09 10:10:00,65.79149245955557,64.90773860364246,3.6297842207403135
2012-06-09 10:15:00,65.80304720078941,64.91102111959107,3.6287097407723405
2012-06-09 10:20:00,65.8146019130502,64.91429970969166,3.627636955727669
2012-06-09 10:25:00,65.82615662531099,64.91757827081922,3.626566053931112
2012-06-09 10:30:00,65.83771133757178,64.92085499215823,3.625497687276246
2012-06-09 10:35:00,65.84926604983256,64.92413091673842,3.6244311169503494
2012-06-09 10:40:00,65.86082076209334,64.92740530574709,3.623365966303801
2012-06-09 10:45:00,65.87237483694709,64.93067933259265,3.6223029596627963
2012-06-09 10:50:00,65.88392954920789,64.93395044764688,3.6212415755124745
2012-06-09 10:55:00,65.89548362406161,64.93722354735489,3.620181205418829
2012-06-09 11:00:00,65.90703836529545,64.65568693601107,4.0538808165518025
2012-06-09 11:05:00,65.91859246912223,64.65928582315622,4.052578376642935
2012-06-09 11:10:00,65.93014718138302,64.66288184196965,4.051277791009133
2012-06-09 11:15:00,65.94170125623677,64.66647825191922,4.0499795521922115
2012-06-09 11:20:00,65.95325596849756,64.67007193840227,4.0486822260262985
2012-06-09 11:25:00,65.96481004335129,64.67366594358887,4.047387058352456
2012-06-09 11:30:00,65.97636475561208,64.67725831179824,4.046094280955064
2012-06-09 11:35:00,65.98791883046582,64.6808510276842,4.044801749828579
2012-06-09 11:40:00,65.9994735427266,64.68444070140012,4.043512985198322
2012-06-09 11:45:00,66.0110282549874,64.68802924516719,4.042224162621968
2012-06-09 11:50:00,66.02258299622123,64.6916187305583,4.040938237350406
2012-06-09 11:55:00,66.03413773745507,64.69520611540345,4.0396537027851425
2012-06-09 12:00:00,66.04569244971586,64.35175740362028,4.302913550537893
2012-06-09 12:05:00,66.05724716197665,64.35567519710371,4.301417425803799
2012-06-09 12:10:00,66.06880187423742,64.35959740897692,4.299921069285324
2012-06-09 12:15:00,66.08035658649823,64.36351575294826,4.298428290938263
2012-06-09 12:20:00,66.09191129875903,64.36743724049526,4.296935396699012
2012-06-09 12:25:00,66.1034660110198,64.37135322316321,4.295444211869587
2012-06-09 12:30:00,66.11502072328058,64.37527272605645,4.293955359370517
2012-06-09 12:35:00,66.1265754355414,64.37918895499527,4.292467622333793
2012-06-09 12:40:00,66.13813017677522,64.38310748729143,4.290979972216211
2012-06-09 12:45:00,66.14968491800907,64.38702238347004,4.289496494217527
2012-06-09 12:50:00,66.16123963026985,64.39093843857059,4.288012798920985
2012-06-09 12:55:00,66.17279434253064,64.39485249453082,4.2865297410314955
2012-06-09 13:00:00,66.18434905479141,64.05235967603058,4.405576112472815
2012-06-09 13:05:00,66.19590376705222,64.0567386624905,4.403588141277537
2012-06-09 13:10:00,66.207458479313,64.06111922798154,4.401599836892207
2012-06-09 13:15:00,66.2190131915738,64.06549576621892,4.39961564667968
2012-06-09 13:20:00,66.23056790383458,64.06987625927732,4.397629993328233
2012-06-09 13:25:00,66.24212261609539,64.07425349286785,4.395646875118478
2012-06-09 13:30:00,66.25367735732922,64.07863366722273,4.393664408802301
2012-06-09 13:35:00,66.26523209856305,64.08301072697498,4.39168475287177
2012-06-09 13:40:00,66.27678681082384,64.08739108965467,4.389704343641992
2012-06-09 13:45:00,66.28834152308463,64.09176728021548,4.387727324258821
2012-06-09 13:50:00,66.29989623534541,64.09614675921722,4.3857497833607875
2012-06-09 13:55:00,66.31145094760622,64.10052214577594,4.383775878580265
2012-06-09 14:00:00,66.28037578918662,63.70628258004458,4.5552992774115975
2012-06-09 14:05:00,66.37780253022947,63.71153180097128,4.552023396290974
2012-06-09 14:10:00,66.47558847912023,63.71678469423182,4.54874773246821
2012-06-09 14:15:00,66.36870829611568,63.72203179288277,4.545477718389788
2012-06-09 14:20:00,66.38586491821529,63.72728365035684,4.5422065164164005
2012-06-09 14:25:00,66.36039227806855,63.73253194414601,4.538940037049821
2012-06-09 14:30:00,66.30270641818059,63.737783070050625,4.535674890443446
2012-06-09 14:35:00,66.27530796851282,63.74303166081355,4.532412221032667
2012-06-09 14:40:00,66.14509454419164,63.748282214500456,4.529150797462948
2012-06-09 14:45:00,66.19910366635473,63.753528936501795,4.525893792283032
2012-06-09 14:50:00,66.20585314067485,63.758780402839704,4.522635990344299
2012-06-09 14:55:00,66.25793648228996,63.76402691478645,4.519382346037942
2012-06-09 15:00:00,66.32043647484427,63.024203073748986,5.020015217190395
2012-06-09 15:05:00,66.2106482090757,63.93550194311431,4.259639130947357
2012-06-09 15:10:00,66.10069465206884,63.94452942332574,4.2526397930621185
2012-06-09 15:15:00,66.27662085320546,62.490249201990444,5.511719290332572
2012-06-09 15:20:00,66.16203751903603,63.396897158354754,4.6962979043278095
2012-06-09 15:25:00,66.20833395790147,63.099333750644035,4.953383899789626
2012-06-09 15:30:00,66.42708397530113,62.87309219035648,5.156047921642284
2012-06-09 15:35:00,66.4895839968285,63.099333750644035,4.953383899789626
2012-06-09 15:40:00,66.41435243578064,62.35221968956366,5.643265358965056
2012-06-09 15:45:00,66.39583399351051,63.689358814330944,4.454553166703207
2012-06-09 15:50:00,66.54629711560618,63.36407526557998,4.724110074633095
2012-06-09 15:55:00,66.49074175982265,63.689358814330944,4.454553166703207
2012-06-09 16:00:00,66.45949177803202,63.34573772739929,4.256099493685158
2012-06-09 16:05:00,66.39814891106482,62.963810464806876,4.605442279522188
2012-06-09 16:10:00,66.35648224936195,62.974339705010216,4.595478375916035
2012-06-09 16:15:00,66.24537092936092,63.69242627420985,3.9606294683612506
2012-06-09 16:20:00,66.27662091115155,62.185104764511756,5.391669698134593
2012-06-09 16:25:00,66.33217626693506,63.29505440329674,4.301021827807744
2012-06-09 16:30:00,66.28009292531995,64.44885585830063,3.386006574723135
2012-06-09 16:35:00,66.23611137503578,63.4362397397769,4.176980488421578
2012-06-09 16:40:00,66.37615781721922,61.09327892067901,6.6172767055963675
2012-06-09 16:45:00,66.35300959778651,63.45622586249137,4.159698673781979
2012-06-09 16:50:00,66.23842623464402,64.44885585830063,3.386006574723135
2012-06-09 16:55:00,66.11805538929092,63.13091901578826,4.449524995645464
2012-06-09 17:00:00,65.96180537893207,63.70549299929988,3.1206220029890073
2012-06-09 17:05:00,66.20833333498092,63.039248596443,3.5916131717533504
2012-06-09 17:10:00,66.17708332421725,63.2365093766463,3.444742475813151
2012-06-09 17:15:00,66.15393510478452,63.35429375455362,3.360040755354983
2012-06-09 17:20:00,66.17476843563598,63.13858982216677,3.516861650649678
2012-06-09 17:25:00,66.11921307985244,64.37037237684278,2.7192008444145728
2012-06-09 17:30:00,66.04861129596718,64.62417832630832,2.582839542139903
2012-06-09 17:35:00,66.07771170938787,63.68536119285728,3.1338207763664783
2012-06-09 17:40:00,66.21891527715842,63.1822848905749,3.4844880216287817
2012-06-09 17:45:00,66.26058193886128,63.88377657799254,3.0064692227979246
2012-06-09 17:50:00,66.23396170526017,64.14160514542881,2.849918863338015
2012-06-09 17:55:00,66.4828045498903,62.638950277475125,3.908957297755434
2012-06-09 18:00:00,66.62748075474978,63.67948485030875,2.393991578936793
2012-06-09 18:05:00,66.526786114661,65.73975352056087,1.6595911266818826
2012-06-09 18:10:00,66.69113790186425,64.20988988948399,2.160837118230779
2012-06-09 18:15:00,66.52447124056623,64.3527956238188,2.1037275612386517
2012-06-09 18:20:00,66.5869712620936,64.49203457267068,2.0502961906237913
2012-06-09 18:25:00,66.63442482654615,64.91685323478198,1.900143761007292
2012-06-09 18:30:00,66.62516527222103,65.02794586716713,1.8639310293010805
2012-06-09 18:35:00,66.60135582988909,64.92486987432517,1.8974898877655557
2012-06-09 18:40:00,66.54927248827396,65.25580771980721,1.793418583809012
2012-06-09 18:45:00,66.4751986902203,65.13653753157082,1.8297053271660904
2012-06-09 18:50:00,66.56431894534877,64.91685323478198,1.900143761007292
2012-06-09 18:55:00,66.50181895279445,65.54124392956037,1.711947995598983
2012-06-09 19:00:00,66.47404095619918,65.42564013567076,1.4708928817038063
2012-06-09 19:05:00,66.45320762534773,65.79677679581634,1.4042141861264543
2012-06-09 19:10:00,66.34093917975959,65.83105353397522,1.398536989822657
2012-06-09 19:15:00,66.49718919011842,64.3423463057681,1.7283617777234337
2012-06-09 19:20:00,66.57010583361192,65.5710093903226,1.443613793750134
2012-06-09 19:25:00,66.65343918599072,65.79677679581634,1.4042141861264543
2012-06-09 19:30:00,66.86640230064073,65.63214472334766,1.4325953581194886
2012-06-09 19:35:00,66.96759287239044,65.49138345812639,1.4583650516831288
2012-06-09 19:40:00,67.03009286494476,65.61692526820383,1.4353135153112582
2012-06-09 19:45:00,67.23379642526962,65.42564013567076,1.4708928817038063
2012-06-09 19:50:00,67.22337974535738,65.97073766819463,1.3762003127049367
2012-06-09 19:55:00,67.41087978096641,65.79677679581634,1.4042141861264543
2012-06-09 20:00:00,67.64236133788656,65.6053434951163,1.341512207968691
2012-06-09 20:05:00,67.8402780244348,65.93872065393383,1.301415052486982
2012-06-09 20:10:00,68.03587982240174,65.63557501632708,1.3376244088331137
2012-06-09 20:15:00,68.34837981414636,65.47863111595751,1.3583845030627169
2012-06-09 20:20:00,68.5046298389917,66.08505531951481,1.2856453484606567
2012-06-09 20:25:00,68.5254631408701,66.29819603894843,1.264524576000982
2012-06-09 20:30:00,68.43287090054626,66.59666481818978,1.238384244722054
2012-06-09 20:35:00,68.50578754403978,66.12110451285211,1.281922181426521
2012-06-09 20:40:00,68.6319446547355,66.08505531951481,1.2856453484606567
2012-06-09 20:45:00,68.55439823407944,66.41717968374104,1.253639698877903
2012-06-09 20:50:00,68.56481491399168,66.12110451285211,1.281922181426521
2012-06-09 20:55:00,68.36689822744346,66.63699842995868,1.2351422403376906
2012-06-09 21:00:00,68.24768511611147,66.37778731937934,1.2780847446914592
2012-06-09 21:05:00,68.15277798720635,66.54605093161815,1.2668328225110326
2012-06-09 21:10:00,67.97800952009085,66.29537878668957,1.2839581826919595
2012-06-09 21:15:00,67.92592617847573,66.5161044182796,1.268764144154401
2012-06-09 21:20:00,67.79050951345486,66.54605093161815,1.2668328225110326
2012-06-09 21:25:00,67.62962976939303,66.33328231303874,1.2812264371407236
2012-06-09 21:30:00,67.52777733733701,66.2676759172075,1.2859876360485722
2012-06-09 21:35:00,67.48611067563415,66.33328231303874,1.2812264371407236
2012-06-09 21:40:00,67.35648157974306,66.45912990466373,1.2725230929026958
2012-06-09 21:45:00,67.21064823480995,66.1450861709808,1.2953073601509317
2012-06-09 21:50:00,67.08449109514116,66.1450861709808,1.2953073601509317
2012-06-09 21:55:00,67.10532442599259,65.9841861168124,1.308411688635503
2012-06-09 22:00:00,67.17824109845915,65.8847573961056,1.3855008276765373
2012-06-09 22:05:00,67.08564822072829,66.11906738888109,1.3684130165656914
2012-06-09 22:10:00,67.14930533886971,65.63953922463324,1.40544299827734
2012-06-09 22:15:00,67.02430535376108,66.20934856506595,1.3623132193851941
2012-06-09 22:20:00,67.06597201546397,66.00451537457643,1.3765363710875533
2012-06-09 22:25:00,67.10185177441716,65.7186816835791,1.3987662100911347
2012-06-09 22:30:00,67.083333332147,65.82753629287903,1.389959736289099
2012-06-09 22:35:00,67.08333333214699,66.06366162094388,1.3722875967481636
2012-06-09 22:40:00,66.93055532147002,65.93489311149462,1.3816878948967386
2012-06-09 22:45:00,66.99305531402435,65.57708422722231,1.4108796458509303
2012-06-09 22:50:00,66.96527731742906,65.63608279796462,1.4057398923424549
2012-06-09 22:55:00,66.93402730666539,65.91487893562653,1.3831996795632227
2012-06-09 23:00:00,66.92476775234026,65.83444882751276,1.5022131303788637
2012-06-09 23:05:00,66.83217487460938,65.60271155447182,1.5203474986827672
2012-06-09 23:10:00,66.82060109808306,65.57651235720283,1.522508895299526
2012-06-09 23:15:00,66.86226775978594,65.60271155447182,1.5203474986827672
2012-06-09 23:20:00,66.82804163754174,65.86289247988358,1.5001060437403975
2012-06-09 23:25:00,66.68220832158168,65.57323281099166,1.5227804089746788
2012-06-09 23:30:00,66.35581964299969,65.52385300242237,1.5269229898502452
2012-06-09 23:35:00,65.86623632724756,65.80588658845686,1.504354818079787
2012-06-09 23:40:00,65.94956967962636,65.24183248323247,1.552224862852672
2012-06-09 23:45:00,65.94378277687669,65.5139420180882,1.5277644975400373
2012-06-09 23:50:00,66.06646790237707,65.30980354334129,1.54586307688652
2012-06-09 23:55:00,66.16021790569506,65.57323281099166,1.5227804089746788
2012-06-10 00:00:00,65.92873701515502,65.43083086001377,1.685723751130068
2012-06-10 00:05:00,65.8650798970136,64.9571189337266,1.7314333264237272
2012-06-10 00:10:00,65.97850610559591,65.16461132849868,1.7104504656720667
2012-06-10 00:15:00,65.77017276810848,65.3410083851233,1.6938002562334724
2012-06-10 00:20:00,65.79398221044043,65.3906450397622,1.6893038782267114
2012-06-10 00:25:00,65.87731553384619,64.76884524530597,1.7518554572928144
2012-06-10 00:30:00,66.32523221234146,64.16103358043075,1.827901305851942
2012-06-10 00:35:00,66.7939822262152,63.96301656021763,1.8564892150282815
2012-06-10 00:40:00,66.95601909586414,65.1049072785265,1.7163301256346035
2012-06-10 00:45:00,67.05555600193182,65.11821328115424,1.7150087228658846
2012-06-10 00:50:00,67.10763931457389,65.28266744462226,1.6991900906049147
2012-06-10 00:55:00,66.9780095523027,65.45628620325093,1.6834830987407734
2012-06-10 01:00:00,67.26041665887074,64.54441814749468,1.98394055177381
2012-06-10 01:05:00,67.37499999304018,64.54832961036713,1.9833369272938175
2012-06-10 01:10:00,67.3344904569244,65.3502751247643,1.8734612932992825
2012-06-10 01:15:00,67.61574043790534,64.51306111029206,1.9888067055476835
2012-06-10 01:20:00,67.52314756017446,65.32190859864697,1.8769054933416929
2012-06-10 01:25:00,67.42939755685647,64.82578205049998,1.942268602489692
2012-06-10 01:30:00,67.23379575888953,65.35381090861112,1.8730344188980164
2012-06-10 01:35:00,67.29629572247079,65.22530827033593,1.8888654661100126
2012-06-10 01:40:00,67.15509218367329,65.43465304243911,1.863395187266655
2012-06-10 01:45:00,67.08217551120673,65.25765696804912,1.8848205823519721
2012-06-10 01:50:00,67.0196755186524,65.28985761348751,1.880834108258502
2012-06-10 01:55:00,67.0474535152477,64.91258698245146,1.9301081217433655
2012-06-10 02:00:00,66.94328686099051,64.77389263998099,2.2176376486939824
2012-06-10 02:05:00,67.06828684609913,64.22114506388905,2.3094672604509294
2012-06-10 02:10:00,66.97453684278115,64.53681564869822,2.255357616298158
2012-06-10 02:15:00,66.95370354090277,64.74048671574987,2.2228075703885852
2012-06-10 02:20:00,66.87962974284909,64.33161329811885,2.2900084979111113
2012-06-10 02:25:00,67.13888929636452,63.782447413668166,2.392692572334102
2012-06-10 02:30:00,66.98032441191093,64.01234618746794,2.3478576498970356
2012-06-10 02:35:00,66.43865776767207,64.74048671574987,2.2228075703885852
2012-06-10 02:40:00,66.4872690951188,64.292321846883,2.2968635934773682
2012-06-10 02:45:00,66.34143577915873,64.32769272322284,2.290689900538197
2012-06-10 02:50:00,66.00694501227204,64.39799425941271,2.278590292165512
2012-06-10 02:55:00,65.84838012781846,64.30019407026892,2.295484186666749
2012-06-10 03:00:00,65.92129680028502,63.563883482911926,2.778369385542387
2012-06-10 03:05:00,65.91088012037277,63.781887306706125,2.7324516099265037
2012-06-10 03:10:00,66.04629678539365,63.34141649146709,2.8276772974932953
2012-06-10 03:15:00,65.98032477867092,63.81776560976366,2.7251123167837066
2012-06-10 03:20:00,65.86574145898803,63.19080767115677,2.8625475630249646
2012-06-10 03:25:00,65.28356524105898,63.813786306499544,2.7259234607192977
2012-06-10 03:30:00,65.55324144551362,62.533788163616485,3.0304097536850993
2012-06-10 03:35:00,65.80324145783233,61.899768401314105,3.221347629752531
2012-06-10 03:40:00,65.76504678132481,63.58833212862667,2.773104461223713
2012-06-10 03:45:00,65.59722266124962,62.92327214396803,2.927663807318313
2012-06-10 03:50:00,65.6712967780068,62.29265057612963,3.0992820494219533
2012-06-10 03:55:00,65.71875034245936,62.845997008824355,2.9472696515358066
2012-06-10 04:00:00,65.15833379253421,63.16640018165656,3.101498777316943
2012-06-10 04:05:00,65.00208379666189,63.09634444556184,3.1158449703104805
2012-06-10 04:10:00,64.4291671221931,63.16640018165656,3.101498777316943
2012-06-10 04:15:00,64.04722245042053,62.943713893212184,3.1478439343624305
2012-06-10 04:20:00,64.09037747208066,62.169512742002375,3.328729089945367
2012-06-10 04:25:00,63.885516460221886,61.1778545015407,3.626801141241789
2012-06-10 04:30:00,63.68875692823383,62.880793842166106,3.1613447372777568
2012-06-10 04:35:00,63.847321812687426,62.241332713304985,3.3104354640404066
2012-06-10 04:40:00,63.57648848264568,62.81377076569814,3.1759348978211537
2012-06-10 04:45:00,64.05796969107955,61.73594512596414,3.4474454873441296
2012-06-10 04:50:00,63.97463635318727,61.99010579336058,3.3760415846276857
2012-06-10 04:55:00,63.760516112950164,62.404866153148625,3.270049541433519
2012-06-10 05:00:00,63.80125676344741,61.66945374476311,3.318523942255857
2012-06-10 05:05:00,63.430886549067786,62.757211158803955,3.069214892311924
2012-06-10 05:10:00,63.253803211479145,61.63549578980706,3.3294253412595016
2012-06-10 05:15:00,63.180886547613966,61.980040533884186,3.2297980103093273
2012-06-10 05:20:00,62.706018422877214,62.54920830238742,3.1057778212481293
2012-06-10 05:25:00,62.84837943493841,61.06883660738604,3.5588155366629306
2012-06-10 05:30:00,62.98379609995928,62.45445261107665,3.1237587410470806
2012-06-10 05:35:00,62.854166308715044,62.94704163246691,3.0388478641561076
2012-06-10 05:40:00,63.062499646202475,62.18574607206218,3.1801492159633256
2012-06-10 05:45:00,62.89583299939097,63.463865827060395,2.9672701231522502
2012-06-10 05:50:00,62.781249663410726,62.03848556368141,3.2150402551703396
2012-06-10 05:55:00,62.95833299013447,62.00922876710294,3.2223592237200336
2012-06-10 06:00:00,63.384258886244396,62.79996655340354,2.786179273415734
2012-06-10 06:05:00,63.81712912215139,62.730824067697675,2.806196563886486
2012-06-10 06:10:00,64.54745289997145,62.23156640860176,2.9962921065322603
2012-06-10 06:15:00,64.84953622493224,62.79708028191215,2.7869886934549757
2012-06-10 06:20:00,65.41666600751623,62.29689010897215,2.9662499821356185
2012-06-10 06:25:00,65.90624935495764,62.48751194160064,2.8880116850956425
2012-06-10 06:30:00,65.81018446305836,63.75471009523215,2.612520256737014
2012-06-10 06:35:00,66.08333268168138,63.50531477803807,2.643351520039366
2012-06-10 06:40:00,66.1469897998228,63.70044676354677,2.618576724724374
2012-06-10 06:45:00,65.94791601666053,63.86649929039168,2.6010661388985405
2012-06-10 06:50:00,66.34027733393982,62.74521018011878,2.8019221846160125
2012-06-10 06:55:00,66.63194399483301,63.45751013992083,2.6502038776525962
2012-06-10 07:00:00,66.57986065321788,64.91929233081963,2.4116052943266335
2012-06-10 07:05:00,66.50810110633846,64.86701953444427,2.41751347825483
2012-06-10 07:10:00,66.39699042374446,65.10482673345332,2.3934455383895057
2012-06-10 07:15:00,66.52199043782615,64.60531364162922,2.452992192278966
2012-06-10 07:20:00,66.62615709208332,64.76239093391135,2.430474180097689
2012-06-10 07:25:00,66.71643508123292,64.76239093391135,2.430474180097689
2012-06-10 07:30:00,66.98958329985594,64.54711443727855,2.4623421714865974
2012-06-10 07:35:00,66.88541664559875,65.23197047783579,2.3833268897345077
2012-06-10 07:40:00,66.95949108105948,64.89606350836765,2.4141853587288398
2012-06-10 07:45:00,67.2615744218649,64.3957557437857,2.489437157450638
2012-06-10 07:50:00,67.42824106867641,64.77983531632272,2.42820454741723
2012-06-10 07:55:00,67.45949105046705,65.23197047783579,2.3833268897345077
2012-06-10 08:00:00,67.63194460002823,65.5348223721964,2.5194308099381404
2012-06-10 08:05:00,67.90162080448285,65.42871446578366,2.5379872213875707
2012-06-10 08:10:00,68.12384283605091,65.57410333518891,2.512959143687819
2012-06-10 08:15:00,68.21643571378179,65.670489277432,2.4979508586036228
2012-06-10 08:20:00,68.39351904050555,65.77838470500807,2.482556522142655
2012-06-10 08:25:00,68.43865768740376,65.74248527335534,2.4875185767050847
2012-06-10 08:30:00,68.51157438884339,65.99232986111673,2.456110619370765
2012-06-10 08:35:00,68.47222261572178,65.72451007573338,2.490062497230033
2012-06-10 08:40:00,68.54282439960706,65.83806819860278,2.474650371317653
2012-06-10 08:45:00,68.58449106130992,65.91240223257272,2.4653829797830666
2012-06-10 08:50:00,68.65856488833664,65.95685375466688,2.460139075410645
2012-06-10 08:55:00,68.68981492807337,66.07187322012639,2.447565656299094
2012-06-10 09:00:00,68.68981492807337,66.30925710841906,2.7166531429068734
2012-06-10 09:05:00,68.56481494296473,66.46533619228178,2.695031469908544
2012-06-10 09:10:00,68.55671315163379,66.48749816916393,2.6921079445099814
2012-06-10 09:15:00,68.64120360062664,66.23224069172826,2.728021428090937
2012-06-10 09:20:00,68.60763873025475,66.57894325062911,2.6804096418237893
2012-06-10 09:25:00,68.72916675914105,66.17747067938119,2.736403620579494
2012-06-10 09:30:00,68.70833339931657,66.52225533840311,2.6875927992114423
2012-06-10 09:35:00,68.88425893407312,65.92073349044306,2.7792735764213163
2012-06-10 09:40:00,68.86342557424864,66.35082250931953,2.7107132624642714
2012-06-10 09:45:00,68.89467555603926,66.35082250931953,2.7107132624642714
2012-06-10 09:50:00,68.73032376883599,66.48749816916393,2.6921079445099814
2012-06-10 09:55:00,68.74074044874823,66.4938244052003,2.69127927188041
2012-06-10 10:00:00,68.74537022591079,66.27413618256347,3.047047903092505
2012-06-10 10:05:00,68.79513867894462,66.06721000806655,3.0813550774381953
2012-06-10 10:10:00,68.73263865741727,66.4446560998807,3.020215970673629
2012-06-10 10:15:00,68.70138867562663,66.4446560998807,3.020215970673629
2012-06-10 10:20:00,68.67245352447118,66.46890749708535,3.0164901236325625
2012-06-10 10:25:00,68.59837906003742,66.49658947699989,3.0122630428627897
2012-06-10 10:30:00,68.54166594125975,66.4446560998807,3.020215970673629
2012-06-10 10:35:00,68.5613421754971,66.38564341926407,3.029371200296525
2012-06-10 10:40:00,68.59259221523384,66.25666566646288,3.0498655030279362
2012-06-10 10:45:00,68.5613422334432,66.41343517805713,3.025043438185292
2012-06-10 10:50:00,68.71759222931553,65.97198611682873,3.0979078577599566
2012-06-10 10:55:00,68.09374964665736,66.50695864111357,3.0106861919739796
2012-06-10 11:00:00,66.82986063792167,66.06643173405381,3.346001140667822
2012-06-10 11:05:00,66.29050883744644,65.99154515508734,3.3571727712892496
2012-06-10 11:10:00,66.10185173419637,66.03273984583988,3.3510257625271964
2012-06-10 11:15:00,66.07638859720932,66.13377535383725,3.335959024318857
2012-06-10 11:20:00,65.90972195039781,66.16742418810199,3.3309367927359346
2012-06-10 11:25:00,65.91435172756037,66.05145826008666,3.348233963090921
2012-06-10 11:30:00,65.97106484633805,66.05145826008666,3.348233963090921
2012-06-10 11:35:00,65.90112425637895,66.23467448569814,3.3208820948409183
2012-06-10 11:40:00,65.75529091144584,66.13377535383725,3.335959024318857
2012-06-10 11:45:00,65.6927908899185,66.10010991801606,3.34098027081815
2012-06-10 11:50:00,65.671957530094,66.23467448569814,3.3208820948409183
2012-06-10 11:55:00,66.19047630393482,64.26651717560729,3.703398216523778
2012-06-10 12:00:00,67.14418020950716,61.71992775127028,5.294622388127052
2012-06-10 12:05:00,67.69626352052983,63.931101538328726,3.780709564355698
2012-06-10 12:10:00,67.88492062377988,65.1451757009376,3.570946580792589
2012-06-10 12:15:00,67.82705040838813,65.80768575678547,3.496830670413793
2012-06-10 12:20:00,67.95205039349675,65.36084907038055,3.547176411427078
2012-06-10 12:25:00,67.8062170775367,65.82359462560414,3.494925330351131
2012-06-10 12:30:00,67.62913375081295,66.00291145561762,3.4726234860802516
2012-06-10 12:35:00,67.50115768319687,65.76227009857628,3.502211573843219
2012-06-10 12:40:00,67.48263924092673,65.3962509189086,3.5433119283518004
2012-06-10 12:45:00,67.48263924092672,65.6449807396789,3.5157515048597374
2012-06-10 12:50:00,67.33564879937954,65.93110778278623,3.481744838966886
2012-06-10 12:55:00,67.32638924505441,65.71236822465684,3.5080309988391676
2012-06-10 13:00:00,67.6504630422984,64.51212499111433,3.605874792420062
2012-06-10 13:05:00,67.66087972221062,65.58416544294094,3.4866354170201412
2012-06-10 13:10:00,67.66087972221062,65.58416544294094,3.4866354170201412
2012-06-10 13:15:00,67.68171305306207,65.39255181399075,3.5105924915176683
2012-06-10 13:20:00,67.56712974786568,65.58416544294094,3.4866354170201412
2012-06-10 13:25:00,67.59292343835624,65.09060153190781,3.544150437331135
2012-06-10 13:30:00,67.60284418660756,65.16554256571781,3.536178662552635
2012-06-10 13:35:00,67.63855865432244,65.09060153190781,3.544150437331135
2012-06-10 13:40:00,67.67691859309521,65.09891030669299,3.5432742778760518
2012-06-10 13:45:00,67.62880383471649,65.43070010464858,3.506017458929115
2012-06-10 13:50:00,67.64930594568432,65.19896801778324,3.532562072875207
2012-06-10 13:55:00,67.6006946182376,65.4689369369408,3.5013391229382673
2012-06-10 14:00:00,67.50148832361953,65.51472573903396,3.395040718735584
2012-06-10 14:05:00,67.42113111169427,65.45653154702057,3.4101192489744196
2012-06-10 14:10:00,67.3561509393204,65.41302393785399,3.421254706745542
2012-06-10 14:15:00,67.32738113734932,65.28324618125411,3.4537681452090894
2012-06-10 14:20:00,67.38690501842315,64.94311350723596,3.5342821447830595
2012-06-10 14:25:00,67.44642892846998,64.96310514207279,3.529720772986592
2012-06-10 14:30:00,67.5059528095438,64.98312809677442,3.5251329777704377
2012-06-10 14:35:00,67.56547671959066,65.00318457329247,3.520518136214067
2012-06-10 14:40:00,67.62499999223047,65.02327532492616,3.5158739015005995
2012-06-10 14:45:00,67.68452323589723,65.04339762820904,3.5112023886625323
2012-06-10 14:50:00,67.74404714594408,65.06354939708163,3.5065020766148507
2012-06-10 14:55:00,67.80357105599094,65.08373822248248,3.5017711110824874
2012-06-10 15:00:00,67.86309493706476,64.90319974390422,3.5289118454891653
2012-06-10 15:05:00,67.92261884711161,64.92785073738554,3.517036140830669
2012-06-10 15:10:00,67.98214275715847,64.95251636225602,3.5051703304680295
2012-06-10 15:15:00,68.04166663823229,64.97719473526759,3.4933170364620856
2012-06-10 15:20:00,68.10119057725218,65.00188771069531,3.4814749984852504
2012-06-10 15:25:00,68.16071448729905,65.02659169588124,3.4696446221601964
2012-06-10 15:30:00,68.2202383973459,65.05130864650609,3.457827124354935
2012-06-10 15:35:00,68.2797616699857,65.07603641856433,3.446023243882187
2012-06-10 15:40:00,68.33928558003257,65.10077265075256,3.434234429394348
2012-06-10 15:45:00,68.36954375644741,65.12552215259674,3.422458174722775
2012-06-10 15:50:00,68.39484151527702,65.15028138938501,3.4106972902531147
2012-06-10 15:55:00,68.37466937835177,65.17505108544357,3.398950486684734
2012-06-10 16:00:00,68.47337979925499,65.23092074085075,3.115567379538531
2012-06-10 16:05:00,68.44328688510537,65.26073218183997,3.097473015770518
2012-06-10 16:10:00,68.30290983147233,65.29047232015833,3.079542639453632
2012-06-10 16:15:00,68.18882242896383,65.3201379397975,3.0617745991241403
2012-06-10 16:20:00,68.06977460887012,65.34973203946788,3.0441687933763766
2012-06-10 16:25:00,67.96428487140743,65.37925149008039,3.0267231940969874
2012-06-10 16:30:00,67.88739967365058,65.40869908753407,3.0094367582562493
2012-06-10 16:35:00,67.86458264512844,65.43806976154558,2.992310862073937
2012-06-10 16:40:00,67.78819395849348,65.46736904596706,2.9753411451063396
2012-06-10 16:45:00,67.79398086124316,65.32309979653841,3.0600073446077793
2012-06-10 16:50:00,67.66898087613453,65.32309979653841,3.0600073446077793
2012-06-10 16:55:00,67.6597219881895,65.0787730533174,3.2097873112069735
2012-06-10 17:00:00,67.53472194513479,66.2657313621245,2.0309304532975245
2012-06-10 17:05:00,67.55439817937216,65.56135432492054,2.335445596175775
2012-06-10 17:10:00,67.67939819345384,64.89312861104779,2.6955100612003142
2012-06-10 17:15:00,67.8182868726431,65.09868960450059,2.5767269388722327
2012-06-10 17:20:00,67.82870352358229,65.09868960450059,2.5767269388722327
2012-06-10 17:25:00,67.9305552892582,65.21752728307787,2.5113854725910163
2012-06-10 17:30:00,67.90972192943372,65.42747772226092,2.4016884429502743
2012-06-10 17:35:00,67.95486060530499,65.78056127625867,2.232965202279536
2012-06-10 17:40:00,68.06944393947441,65.49124848718273,2.369781424865841
2012-06-10 17:45:00,67.96759217379851,65.83417274333931,2.208998088620911
2012-06-10 17:50:00,68.11689753290003,65.0308785335623,2.6150951929097412
2012-06-10 17:55:00,68.1666659569608,65.5053321988488,2.362821446866178
2012-06-10 18:00:00,68.21874929857591,66.15884167596023,1.6139300740001972
2012-06-10 18:05:00,68.2638879744472,66.25974608091583,1.5884600414277463
2012-06-10 18:10:00,68.25347129453495,66.25974608091583,1.5884600414277463
2012-06-10 18:15:00,68.23958260045431,66.47251232370535,1.5379599899613339
2012-06-10 18:20:00,68.34953615746117,65.84508436982885,1.699838022118411
2012-06-10 18:25:00,68.20833261866368,66.3861680052694,1.5579432443440624
2012-06-10 18:30:00,68.21874929857591,65.95158315163081,1.6695007203097425
2012-06-10 18:35:00,68.09953621621698,66.55230676314812,1.520092079535724
2012-06-10 18:40:00,67.94328622034466,66.6466259130191,1.499691526344062
2012-06-10 18:45:00,67.97106421693995,65.88673628425035,1.6878245433738777
2012-06-10 18:50:00,67.83217553775069,66.47251232370535,1.5379599899613339
2012-06-10 18:55:00,67.73842556340573,66.35891975188196,1.56439260859076
2012-06-10 19:00:00,67.7280088834935,66.72566093990336,1.2756285183392488
2012-06-10 19:05:00,67.64467553111469,66.78001907140145,1.2687592621958295
2012-06-10 19:10:00,67.5509255277967,66.55973913220731,1.2976195904550687
2012-06-10 19:15:00,67.52777733733701,66.72566093990336,1.2756285183392488
2012-06-10 19:20:00,67.49074045279671,66.70743561795882,1.2779681209303915
2012-06-10 19:25:00,67.61342557829711,66.12570131868617,1.3631122018839283
2012-06-10 19:30:00,67.65509224,66.38947664042068,1.3218747976155083
2012-06-10 19:35:00,67.63657379772982,66.37028637111577,1.3247206317861207
2012-06-10 19:40:00,67.7824071136899,66.30268573142439,1.3349343192814993
2012-06-10 19:45:00,67.87152733984533,66.40861301985647,1.3190596893621962
2012-06-10 19:50:00,67.90856422438563,66.21476606145488,1.3486666675523968
2012-06-10 19:55:00,68.01273087864281,66.30268573142439,1.3349343192814993
2012-06-10 20:00:00,67.9999993680954,66.7560902890852,1.2092082551059213
2012-06-10 20:05:00,68.1706345981433,66.5456600562289,1.2284057676728066
2012-06-10 20:10:00,68.33845837054191,66.30292962654163,1.252837978426142
2012-06-10 20:15:00,68.38243992082606,66.71124838414359,1.2131523633600965
2012-06-10 20:20:00,68.35118993903542,66.64548848910457,1.219078387442539
2012-06-10 20:25:00,68.2180881336228,66.71124838414359,1.2131523633600965
2012-06-10 20:30:00,68.13475481021705,66.64548848910457,1.219078387442539
2012-06-10 20:35:00,68.26206971288,66.4103591385344,1.241708771590105
2012-06-10 20:40:00,68.15095839287896,66.93637794798778,1.194117447538038
2012-06-10 20:45:00,68.1613750727912,66.82881492819025,1.202974935634167
2012-06-10 20:50:00,68.1613750727912,66.47832202824371,1.2349291725434186
2012-06-10 20:55:00,67.97387509512826,66.79255324651962,1.2060578634990244
2012-06-10 21:00:00,67.90906018501961,66.62795724549558,1.2366718072123242
2012-06-10 21:05:00,67.75578627165476,67.01957234562884,1.2100969454042225
2012-06-10 21:10:00,67.59837917916839,66.80597651755876,1.224013714368279
2012-06-10 21:15:00,67.54629583755327,66.76929153965827,1.2265416127977375
2012-06-10 21:20:00,67.57754581934391,66.46441137259275,1.2491905614257466
2012-06-10 21:25:00,67.65046249181047,66.1822910122798,1.2729168366236852
2012-06-10 21:30:00,67.69212915351333,66.28926779142607,1.2635910209380044
2012-06-10 21:35:00,67.46296245620142,66.76929153965827,1.2265416127977375
2012-06-10 21:40:00,67.50462914687735,66.47594212414295,1.2482793518259634
2012-06-10 21:45:00,67.41435112875469,66.76929153965827,1.2265416127977375
2012-06-10 21:50:00,67.33564758251151,66.41422533101951,1.2532096446846304
2012-06-10 21:55:00,67.55439754196509,66.07394589402723,1.2827915467018716
2012-06-10 22:00:00,67.66319400235791,66.24534071047198,1.334214570825515
2012-06-10 22:05:00,67.64583268567485,66.35747767636873,1.3254615812699069
2012-06-10 22:10:00,67.70138801248531,66.12779514291198,1.3438211281021057
2012-06-10 22:15:00,67.59837845484219,66.42178625349224,1.320619772099533
2012-06-10 22:20:00,67.53587846228788,66.38970717896284,1.3230188128984468
2012-06-10 22:25:00,67.6238415628562,66.25990780846924,1.3330543089059657
2012-06-10 22:30:00,67.65624867023395,66.25990780846924,1.3330543089059657
2012-06-10 22:35:00,67.82291534601849,65.85696358022615,1.3677229872135932
2012-06-10 22:40:00,67.86458200772138,66.43244624906076,1.31982926421731
2012-06-10 22:45:00,67.91319336414115,66.30343416319779,1.3296304769162306
2012-06-10 22:50:00,67.69560079103212,65.99344830768489,1.3553617522183528
2012-06-10 22:55:00,67.51851749328142,66.61109104922814,1.307094421769372
2012-06-10 23:00:00,67.32638770948286,66.3269374183595,1.4351678533129304
2012-06-10 23:05:00,67.35416570607815,66.06029008530561,1.4570051582202719
2012-06-10 23:10:00,67.42824014153888,66.06029008530561,1.4570051582202719
2012-06-10 23:15:00,67.38541635424889,65.862417930332,1.4747152959135308
2012-06-10 23:20:00,67.38541635424889,65.95493941847285,1.4662699856401187
2012-06-10 23:25:00,67.30786993359281,66.27986513921734,1.4388588457773706
2012-06-10 23:30:00,67.44212947302657,66.11585030856118,1.452266319262142
2012-06-10 23:35:00,67.44212947302655,66.1434660560882,1.4499488593228584
2012-06-10 23:40:00,67.43865745885817,66.30680482964463,1.436738192509224
2012-06-10 23:45:00,67.38078721449337,66.2051931056706,1.444856570910109
2012-06-10 23:50:00,67.40046311554069,65.05444912208735,1.5619949295250979
2012-06-10 23:55:00,67.12962977101243,65.82653791062137,1.478069288371298
2012-06-11 00:00:00,66.87384286907245,65.41062311521263,1.6686964502297659
2012-06-11 00:05:00,66.60300953903071,65.80657127952487,1.6271104857085599
2012-06-11 00:10:00,66.44212976599583,65.94270847527403,1.6140875207857592
2012-06-11 00:15:00,66.3553244284217,65.3924572459624,1.6707426210350185
2012-06-11 00:20:00,66.33449109757025,65.61833689304372,1.646175048201884
2012-06-11 00:25:00,66.1678244217857,65.71308646651433,1.6364227564943465
2012-06-11 00:30:00,65.8020839918119,66.167558478179,1.5939347668295418
2012-06-11 00:35:00,65.36458399322886,65.80657127952487,1.6271104857085599
2012-06-11 00:40:00,65.15625065574143,65.95952365000413,1.6125226285224707
2012-06-11 00:45:00,65.016204213558,65.69563527543671,1.6381949002125402
2012-06-11 00:50:00,65.14467622732155,64.78322719104061,1.7470718187593661
2012-06-11 00:55:00,65.38425956108614,64.60761005989248,1.772098462293247
2012-06-11 01:00:00,65.5509262368707,62.981652690625516,2.4668792204093513
2012-06-11 01:05:00,65.74884289444587,63.475343796960544,2.3639632746840005
2012-06-11 01:10:00,65.16898189104492,64.13172993556557,2.2439450168373276
2012-06-11 01:15:00,65.00578722942876,63.68217396926325,2.3242215822837395
2012-06-11 01:20:00,65.10763902407773,64.25964195825925,2.222525662632498
2012-06-11 01:25:00,64.5659723495077,63.78478443765804,2.305184073373894
2012-06-11 01:30:00,64.64004611858834,63.603619561784136,2.3390960263731526
2012-06-11 01:35:00,65.0046294447048,62.755756749826396,2.5181885470497654
2012-06-11 01:40:00,65.01504612461706,63.95925963958269,2.273798555665175
2012-06-11 01:45:00,65.1921294513408,63.87225882085435,2.2892965721780603
2012-06-11 01:50:00,65.07407410300296,63.79939451717188,2.3025088180228055
2012-06-11 01:55:00,64.79282410753551,64.04575883344619,2.2586840698738935
2012-06-11 02:00:00,64.99074076511071,62.64550839205712,2.983093985048367
2012-06-11 02:05:00,64.88773123644063,63.272956554634504,2.83904653878794
2012-06-11 02:10:00,65.0405089103059,60.624299403144164,3.584971737928847
2012-06-11 02:15:00,64.62384223533105,61.91784615447159,3.1716282425753177
2012-06-11 02:20:00,64.41087912068106,63.65581780326398,2.758458092967386
2012-06-11 02:25:00,64.92129578448738,60.45014294096274,3.6515763132064047
2012-06-11 02:30:00,64.58796246460754,62.871411626821065,2.9294180384496418
2012-06-11 02:35:00,64.18171247497737,63.272956554634504,2.83904653878794
2012-06-11 02:40:00,64.20254580582882,62.961284558274464,2.90864449348255
2012-06-11 02:45:00,63.71296247649557,63.579095738253336,2.7741912112774725
2012-06-11 02:50:00,63.84027735018549,62.23623288465651,3.0860148996514343
2012-06-11 02:55:00,64.18402733820726,61.7819852948256,3.209784848497901
2012-06-11 03:00:00,63.408564232622346,62.59533456986682,3.366238582843057
2012-06-11 03:05:00,63.2928237728658,61.977139654996904,3.5060277153880732
2012-06-11 03:10:00,63.63657377899573,60.579611714493275,3.8732609237089335
2012-06-11 03:15:00,64.074073784822,59.74455159261839,4.160426534691377
2012-06-11 03:20:00,63.675925878064106,61.90343524112149,3.523438286252548
2012-06-11 03:25:00,63.61342588550978,61.76559214037952,3.556470269840924
2012-06-11 03:30:00,63.6874999923075,60.728990639785046,3.8292493863201966
2012-06-11 03:35:00,63.9583333169168,60.80498244636656,3.807429059618926
2012-06-11 03:40:00,63.76041664485509,62.180215142569075,3.4589146856540363
2012-06-11 03:45:00,63.86111098434851,60.76688301513238,3.818324026605937
2012-06-11 03:50:00,63.63888866304996,61.94027651548701,3.5147145015292254
2012-06-11 03:55:00,62.95138868700642,62.38801241348097,3.4119401181159237
2012-06-11 04:00:00,63.49768512425246,60.21973818909766,3.7518119043242364
2012-06-11 04:05:00,63.48726845882675,61.61346234823031,3.3875937472602593
2012-06-11 04:10:00,63.71296308402416,61.91358605891375,3.3384617306831648
2012-06-11 04:15:00,64.02546307576878,61.386287783367685,3.4287236832507486
2012-06-11 04:20:00,64.1087964064178,60.726039756586005,3.5786843547497083
2012-06-11 04:25:00,63.761574071037586,61.61346234823031,3.3875937472602593
2012-06-11 04:30:00,63.78273801333864,61.200466514965065,3.4656039250075774
2012-06-11 04:35:00,63.42625647130986,61.87986847251173,3.3437317542582696
2012-06-11 04:40:00,63.091765689936636,61.51534038260568,3.40488360192065
2012-06-11 04:45:00,62.84523801637499,61.312034169524644,3.443071469761921
2012-06-11 04:50:00,62.88227523410535,61.256003758972014,3.4542340318193556
2012-06-11 04:55:00,63.27232166099257,60.30252550817246,3.7177931711569343
2012-06-11 05:00:00,63.0686181006677,62.63584073514954,2.8245454124207456
2012-06-11 05:05:00,63.01653475905258,62.497757408002514,2.8482426566246875
2012-06-11 05:10:00,62.67394191110444,63.39360660600699,2.7324974742613324
2012-06-11 05:15:00,62.54084013466487,63.173219557076386,2.7537665018071222
2012-06-11 05:20:00,62.80935890931537,61.96906383664528,2.968922151857105
2012-06-11 05:25:00,63.19824790639847,61.658400858367706,3.0707205202057284
2012-06-11 05:30:00,63.38425986453746,62.23121344444567,2.902351156342067
2012-06-11 05:35:00,63.85648186632279,61.83388074780956,3.009721563317127
2012-06-11 05:40:00,64.32870418681163,61.61539054983859,3.0872451532114535
2012-06-11 05:45:00,64.7453708617865,61.6665031105512,3.0676813778595133
2012-06-11 05:50:00,64.82870418519225,62.31957772937585,2.8830668839832385
2012-06-11 05:55:00,65.13657441426082,62.31957772937585,2.8830668839832385
2012-06-11 06:00:00,65.36805597118095,63.401646085365996,2.419355903343973
2012-06-11 06:05:00,65.43055597822179,63.63956439782455,2.3693301261851936
2012-06-11 06:10:00,65.62500062162859,63.734934432737624,2.3520762270772497
2012-06-11 06:15:00,65.79976905977104,64.0535892632105,2.3041434628989186
2012-06-11 06:20:00,65.93865773896032,63.91625711031694,2.323098398622243
2012-06-11 06:25:00,66.0682875012315,63.89347219117511,2.326481972561918
2012-06-11 06:30:00,66.277777935333,63.97049306247204,2.31532214845751
2012-06-11 06:35:00,66.33912083127323,64.28442431553975,2.277370193658783
2012-06-11 06:40:00,66.47800951046251,64.0535892632105,2.3041434628989186
2012-06-11 06:45:00,66.72453746651136,63.97049306247204,2.31532214845751
2012-06-11 06:50:00,66.96990770302563,63.80266783417776,2.340690413199205
2012-06-11 06:55:00,67.01388925330978,64.35982744049075,2.2698767204415744
2012-06-11 07:00:00,67.30902789939833,65.16734807914393,2.0450601524338756
2012-06-11 07:05:00,67.57291656369621,64.99454179721107,2.0635057709481295
2012-06-11 07:10:00,67.62847191947972,65.42236933932006,2.023251414951766
2012-06-11 07:15:00,67.62037015712181,65.6984693030903,2.0057014982134054
2012-06-11 07:20:00,67.73263860270997,65.46885779706047,2.0198870211698017
2012-06-11 07:25:00,67.9270826087097,65.42236933932006,2.023251414951766
2012-06-11 07:30:00,67.99189751881835,65.70137309784324,2.005546506893653
2012-06-11 07:35:00,68.01388794628384,65.64617196654338,2.0085940659102834
2012-06-11 07:40:00,68.02893440335865,65.60838775120548,2.010804202436876
2012-06-11 07:45:00,67.93634155460082,65.7942486656025,2.0008899441483035
2012-06-11 07:50:00,67.93634155460082,65.62001425867895,2.010113093838743
2012-06-11 07:55:00,67.85300823119506,65.67813497504288,2.006803502576886
2012-06-11 08:00:00,67.73842492599867,66.69661093958601,1.9309377070239464
2012-06-11 08:05:00,67.73495294080332,66.42927164322907,1.9344827912191516
2012-06-11 08:10:00,67.7627309373986,66.33054215806034,1.9368477597137324
2012-06-11 08:15:00,67.68749937635077,66.45393237165449,1.9339866567468758
2012-06-11 08:20:00,67.68634225076366,66.53091271690064,1.9326680788503274
2012-06-11 08:25:00,67.56018514006793,66.69966959527999,1.930919004921525
2012-06-11 08:30:00,67.46759289974409,66.65067863398662,1.931273041080365
2012-06-11 08:35:00,67.54166736417787,66.47857971453175,1.9335268110170978
2012-06-11 08:40:00,67.59143581721172,66.42002170795585,1.9346785765903503
2012-06-11 08:45:00,67.67708405817179,66.33054215806034,1.9368477597137324
2012-06-11 08:50:00,67.71875071987465,66.39226390557495,1.9352972815417757
2012-06-11 08:55:00,67.73726916214481,66.23172679677762,1.9398591893396293
2012-06-11 09:00:00,67.76967626952256,66.53096113086369,1.9946677937865154
2012-06-11 09:05:00,67.66203757212394,66.56040296268084,1.9947563716372139
2012-06-11 09:10:00,67.70949113657649,66.54404675000258,1.9946993164626325
2012-06-11 09:15:00,67.39583370054125,66.38384932121885,1.9952365492033577
2012-06-11 09:20:00,67.34490748451323,66.67490812756704,1.99570231267817
2012-06-11 09:25:00,67.21180570807364,66.50152352911152,1.9946450064843406
2012-06-11 09:30:00,67.06134258597797,66.54404675000258,1.9946993164626325
2012-06-11 09:35:00,66.91319435246356,66.83180138304887,1.9984509422730703
2012-06-11 09:40:00,66.73842588534806,66.70107316561256,1.9960474613545653
2012-06-11 09:45:00,66.46759252633328,66.7076139760417,1.9961413774893402
2012-06-11 09:50:00,66.10648152584545,66.64873668647793,1.9954037454195388
2012-06-11 09:55:00,66.03240772779178,66.41325253196315,1.9949836000086483
2012-06-11 10:00:00,65.66203752065543,66.47915294628449,2.047127241779713
2012-06-11 10:05:00,65.42592620105923,66.10523562683957,2.0414202973989823
2012-06-11 10:10:00,65.0717595186387,66.53633079275052,2.0490897746389343
2012-06-11 10:15:00,65.22916695880164,65.35217243929269,2.0785742040797706
2012-06-11 10:20:00,65.06713006017965,66.38518503667324,2.044495685028123
2012-06-11 10:25:00,64.91898185563831,65.9731741276849,2.042721129303691
2012-06-11 10:30:00,64.72106519806312,65.96659324753053,2.0428372387931586
2012-06-11 10:35:00,64.71064851815089,66.26481187347629,2.042260066705901
2012-06-11 10:40:00,64.40856518458872,66.05560925763264,2.0416872260893046
2012-06-11 10:45:00,64.26967619393919,65.78982685697777,2.0478496195397944
2012-06-11 10:50:00,64.37152766988461,65.4798236610957,2.066620532949369
2012-06-11 10:55:00,64.26851814121454,66.05230580865695,2.041714880863527
2012-06-11 11:00:00,64.3240741199186,65.24043182469123,2.0446880805527172
2012-06-11 11:05:00,64.4953705583792,65.25271037060774,2.043758103661155
2012-06-11 11:10:00,64.28356490250637,65.33584919794293,2.038204028324418
2012-06-11 11:15:00,64.06134257758619,65.58834732575598,2.0286389676956857
2012-06-11 11:20:00,63.92129613540274,65.7149216483415,2.027564053131994
2012-06-11 11:25:00,63.847222018645546,65.36366987183779,2.036625127592469
2012-06-11 11:30:00,63.909722025686385,65.22509927325491,2.045888911982591
2012-06-11 11:35:00,63.55902769424592,66.020859070898,2.033707063613437
2012-06-11 11:40:00,63.56365746416523,65.03308881495414,2.0649031265619238
2012-06-11 11:45:00,63.744213116517635,65.21590708126614,2.0466299846018314
2012-06-11 11:50:00,63.55555597705126,65.56318739171522,2.029133566596422
2012-06-11 11:55:00,63.44560240555787,65.56004680024179,2.0292011172576063
2012-06-11 12:00:00,63.380787198475495,65.27293842551548,1.9572867239236509
2012-06-11 12:05:00,63.32407410867086,65.57757233616034,1.958529160650313
2012-06-11 12:10:00,63.515046433692255,64.70534920282435,2.012404079655506
2012-06-11 12:15:00,63.8113425566661,64.90779152291447,1.9828856141266462
2012-06-11 12:20:00,63.95138899884953,65.2239278204956,1.9588657115747437
2012-06-11 12:25:00,64.00462977026876,65.0665400675187,1.967695682518628
2012-06-11 12:30:00,63.86458332808533,65.27582683557996,1.95721016264457
2012-06-11 12:35:00,64.00347232235649,64.97566666774819,1.9755787997705474
2012-06-11 12:40:00,64.07754612041016,64.9530166688472,1.9778795929640252
2012-06-11 12:45:00,63.99421279700442,65.56568017481062,1.9581534091920705
2012-06-11 12:50:00,64.23842590068831,64.96717079950619,1.9764255515820104
2012-06-11 12:55:00,64.44212944652664,65.1579068348354,1.9618538613566512
2012-06-11 13:00:00,64.64054234722302,65.06034677431262,1.9324018599996788
2012-06-11 13:05:00,64.5557209535905,65.36697565314384,1.9300764904183183
2012-06-11 13:10:00,64.83697096354447,65.11830834172441,1.9299084250107004
2012-06-11 13:15:00,64.67030460646345,65.57065044323213,1.9421582586367567
2012-06-11 13:20:00,64.66567482930087,65.50336387138,1.9370773638750949
2012-06-11 13:25:00,64.93650817382915,65.14313934475233,1.92914359449218
2012-06-11 13:30:00,65.1911379356955,64.8831167860204,1.9463430967026885
2012-06-11 13:35:00,65.22817483472234,65.25906095849088,1.9279085531359954
2012-06-11 13:40:00,65.35780459699352,65.0824319581313,1.9313342176710104
2012-06-11 13:45:00,65.37169327658764,65.29222432036498,1.928242851405952
2012-06-11 13:50:00,65.3809521935057,65.50336387138,1.9370773638750949
2012-06-11 13:55:00,65.23511887754564,65.59316832503468,1.9440839088059982
2012-06-11 14:00:00,65.26934497081679,65.3472621161073,2.173620425344595
2012-06-11 14:05:00,65.46874969861874,64.92555528247613,2.156619692729219
2012-06-11 14:10:00,65.28356458056403,65.62597962091719,2.2118948718962588
2012-06-11 14:15:00,65.13657380944845,64.93310357269995,2.1564931312127205
2012-06-11 14:20:00,65.0023145887182,65.30012440133645,2.16923296426816
2012-06-11 14:25:00,64.8043979166565,65.62597962091719,2.2118948718962588
2012-06-11 14:30:00,64.75347172960154,65.30012440133645,2.16923296426816
2012-06-11 14:35:00,64.79050861414184,65.13885300685634,2.1589818580814155
2012-06-11 14:40:00,64.79976816846698,65.18892609700232,2.1613748579998417
2012-06-11 14:45:00,64.78124971171029,65.11363909602734,2.158045956201558
2012-06-11 14:50:00,64.75694436669046,65.33681032086099,2.1725931497149165
2012-06-11 14:55:00,64.8287039135699,65.01789396517124,2.1561126788774563
2012-06-11 15:00:00,64.81828723365767,64.78701054958175,3.072988269638074
2012-06-11 15:05:00,64.99537053140837,64.82478637722228,3.0767735693734353
2012-06-11 15:10:00,65.07638896623284,64.34796225304864,3.0512822705838247
2012-06-11 15:15:00,65.38078717751138,63.12622584559688,3.115729976283357
2012-06-11 15:20:00,65.4918981788089,64.01029566708388,3.0571794447538188
2012-06-11 15:25:00,65.49189817880891,64.29334517131328,3.0511311616524908
2012-06-11 15:30:00,65.67708390529762,64.38693100247696,3.0516957739234836
2012-06-11 15:35:00,65.7731487971969,64.50041228882334,3.054451516401645
2012-06-11 15:40:00,65.93055591865631,64.46312681553204,3.053280744508968
2012-06-11 15:45:00,66.03240771330526,64.22713743987282,3.0515745217180132
2012-06-11 15:50:00,66.14401493599419,64.55087077845253,3.0564659255031335
2012-06-11 15:55:00,66.13475538166905,64.46312681553204,3.053280744508968
2012-06-11 16:00:00,65.95882949923596,63.350567925620716,5.350142672036082
2012-06-11 16:05:00,65.58498695922766,64.38822783247942,5.259576618357718
2012-06-11 16:10:00,65.51322744132126,63.228949877474555,5.362443049144204
2012-06-11 16:15:00,65.38591256763135,63.24264232261521,5.361034017392105
2012-06-11 16:20:00,65.22850513471167,62.95898331962038,5.391359947279472
2012-06-11 16:25:00,65.27827357325899,62.62580185201164,5.429136600651868
2012-06-11 16:30:00,65.14864381098779,63.85644681979972,5.304244235929674
2012-06-11 16:35:00,65.04447715673061,63.526902099866476,5.333220398434425
2012-06-11 16:40:00,64.83614381924319,63.8078721070423,5.3083390692222965
2012-06-11 16:45:00,64.58267179864123,63.18758863515615,5.366736449220625
2012-06-11 16:50:00,64.17129612101193,63.68117815474198,5.319273236743119
2012-06-11 16:55:00,63.921296124537854,62.838894534131846,5.404786825463076
2012-06-11 17:00:00,63.865740471780605,60.88315590172533,9.36319514753953
2012-06-11 17:05:00,63.82870326853676,60.88315590172533,9.36319514753953
2012-06-11 17:10:00,63.71759257145626,61.58029800398882,9.081483133363701
2012-06-11 17:15:00,62.752314918330654,61.146637594295065,9.26747239836293
2012-06-11 17:20:00,59.9097224189128,60.4437626783407,9.495925112855392
2012-06-11 17:25:00,56.27662059586288,61.794089102253075,8.976460238621861
2012-06-11 17:30:00,52.332175993574616,62.0016498625533,8.866137217308145
2012-06-11 17:35:00,48.395833414401686,61.73245062689978,9.007639178499039
2012-06-11 17:40:00,44.32638888495089,61.320695903033446,9.197150783850871
2012-06-11 17:45:00,40.76504629732014,59.8085517769984,9.636635820108078
2012-06-11 17:50:00,36.95023151796538,58.913944859990444,9.756894163116188
2012-06-11 17:55:00,33.153935349286606,59.16400820150671,9.730786723489894
2012-06-11 18:00:00,30.000000229982174,60.68391377519524,10.85541280817655
2012-06-11 18:05:00,26.23148182883053,60.84802163287578,10.661445437787858
2012-06-11 18:10:00,22.30555588611027,60.92920828702719,10.56227057892677
2012-06-11 18:15:00,19.802083590308374,46.401630087546074,11.134924261418123
2012-06-11 18:20:00,20.311342853283627,38.01969001218215,12.0625313314997
2012-06-11 18:25:00,21.092592977510407,37.5827399437781,13.90639035472907
2012-06-11 18:30:00,21.990741237568756,37.470843830828535,14.748737625503786
2012-06-11 18:35:00,25.156250459346293,37.46194528068026,14.830369941267207
2012-06-11 18:40:00,29.387731887419083,37.41075175931232,15.368018445229337
2012-06-11 18:45:00,33.285879819057534,37.52060793790519,14.337716986319714
2012-06-11 18:50:00,37.41087970429186,37.41757595512299,15.288188021261044
2012-06-11 18:55:00,41.67013898409469,37.42713370005712,15.181279386723448
2012-06-11 19:00:00,45.024305656798866,37.6782797281572,14.035491822444811
2012-06-11 19:05:00,48.97800917600521,37.39146347418635,15.605417399506912
2012-06-11 19:10:00,53.07060178002348,37.34927431253761,15.995888672682037
2012-06-11 19:15:00,56.74768506643843,37.541811805066246,14.631822279681762
2012-06-11 19:20:00,59.29398109158422,38.656942349952615,12.210126121853072
2012-06-11 19:25:00,62.12731434813719,38.1083280688744,12.912255603839062
2012-06-11 19:30:00,65.21990712923257,37.92702238398768,13.290904946332596
2012-06-11 19:35:00,66.09143512671675,54.78675238865329,11.894286696607258
2012-06-11 19:40:00,66.16550956217746,64.86910815800796,3.018157587728686
2012-06-11 19:45:00,66.13773220298924,65.00625187744124,2.926742362989359
2012-06-11 19:50:00,66.36458401171986,64.2681140468722,3.460805003191361
2012-06-11 19:55:00,66.24421377480076,65.53764827291005,2.6036563148944647
2012-06-11 20:00:00,66.32754709820652,65.49194314497925,1.7323627818004266
2012-06-11 20:05:00,66.5590286261536,65.5102930220567,1.727378258639349
2012-06-11 20:10:00,66.79844668316643,65.46130455244544,1.740760489356136
2012-06-11 20:15:00,66.88409489515347,65.97849244933086,1.6107697373946077
2012-06-11 20:20:00,66.89335442050556,65.60774140596635,1.701460606963335
2012-06-11 20:25:00,67.06928062164219,65.21371647257384,1.8122101839747888
2012-06-11 20:30:00,67.29960438659512,65.70447748749332,1.6766220274833863
2012-06-11 20:35:00,67.43849306578439,65.80048344821317,1.6528127155301602
2012-06-11 20:40:00,67.40029838927686,66.22316404425453,1.5571264723939162
2012-06-11 20:45:00,67.48363174165566,65.80048344821317,1.6528127155301602
2012-06-11 20:50:00,67.29844659462789,66.58518505920391,1.4856534110121296
2012-06-11 20:55:00,67.418816831547,65.70447748749332,1.6766220274833863
2012-06-11 21:00:00,67.53340016571643,66.00829209828962,1.409612422681788
2012-06-11 21:05:00,67.40261327785814,66.65099394766693,1.3352215291053529
2012-06-11 21:10:00,67.35763922684504,66.64554420427568,1.3357878000833374
2012-06-11 21:15:00,67.33449100741232,66.41953374388308,1.360189806434235
2012-06-11 21:20:00,67.37152792092566,65.78051384737925,1.440155701131255
2012-06-11 21:25:00,67.40856483443902,66.18325436612254,1.3877411179027332
2012-06-11 21:30:00,67.21064820583689,66.79764934488817,1.320358674235101
2012-06-11 21:35:00,67.18287020924161,66.49725177190189,1.3515926266869822
2012-06-11 21:40:00,66.98032377450386,66.0985328860457,1.3981677790299785
2012-06-11 21:45:00,66.85879577459058,66.26251109476932,1.3782546611529591
2012-06-11 21:50:00,66.9143511303741,65.78051384737925,1.440155701131255
2012-06-11 21:55:00,66.89583268810394,66.34127922193629,1.3690742249783892
2012-06-11 22:00:00,66.80323981037307,66.23923003391197,1.4008637428670552
2012-06-11 22:05:00,66.55175176992904,65.8670805629309,1.436250844113725
2012-06-11 22:10:00,66.46841844652329,66.20300453957816,1.404133742458954
2012-06-11 22:15:00,66.41749223049528,66.07526466024856,1.4159580779035208
2012-06-11 22:20:00,66.3063815479013,65.72181256908151,1.4512059708982832
2012-06-11 22:25:00,66.12119642984659,66.09360086204744,1.414232870522928
2012-06-11 22:30:00,66.07952973917067,65.74063415635185,1.4492297989767622
2012-06-11 22:35:00,65.9036041754411,66.13018712877371,1.4108178970425886
2012-06-11 22:40:00,65.80175240252193,65.03291096389957,1.5325328817637658
2012-06-11 22:45:00,65.82258573337337,65.52770447659914,1.4722891508283042
2012-06-11 22:50:00,65.68369705418411,65.7969637299214,1.4433843924001073
2012-06-11 22:55:00,65.40591905839852,66.02008404186662,1.421211391273248
2012-06-11 23:00:00,65.3040672927226,65.4906058215207,1.5843854313225583
2012-06-11 23:05:00,65.27893511486174,64.47040623587132,1.7082776247013867
2012-06-11 23:10:00,64.85069466336057,65.4906058215207,1.5843854313225583
2012-06-11 23:15:00,64.57870420773172,65.4906058215207,1.5843854313225583
2012-06-11 23:20:00,64.23611132356727,64.89834055814838,1.651750324566424
2012-06-11 23:25:00,64.2731482081076,64.9734863589744,1.6425533520247635
2012-06-11 23:30:00,64.11574110113469,65.19719530184734,1.61633362010806
2012-06-11 23:35:00,63.7152780015785,65.04835866871478,1.6335885984620384
2012-06-11 23:40:00,63.73842621376796,64.25221648478546,1.7401549526549818
2012-06-11 23:45:00,63.59837977158452,65.2388165917572,1.6116384942359525
2012-06-11 23:50:00,63.32060210355653,64.86067268408432,1.6564376784184311
2012-06-11 23:55:00,62.978009545338885,64.5194089747087,1.7014205010217764
2012-06-12 00:00:00,62.7141208593112,64.53350898371421,1.8973903508594878
2012-06-12 00:05:00,62.723380080446276,63.799953218941106,2.0100119344419927
2012-06-12 00:10:00,63.03125032400138,63.16268976638514,2.1281113362991566
2012-06-12 00:15:00,63.062500334765055,63.82439049273456,2.0058968489888853
2012-06-12 00:20:00,63.45535757465123,62.89913582046639,2.1840443847351234
2012-06-12 00:25:00,62.85929268437135,64.57138604318412,1.892133901157325
2012-06-12 00:30:00,62.41253313870646,63.9950344581564,1.9779085515254033
2012-06-12 00:35:00,62.600033138099185,62.81174083790787,2.203682229684025
2012-06-12 00:40:00,62.93799625234433,63.780392616137895,2.0133267263659484
2012-06-12 00:45:00,63.17179269784575,64.11152161130346,1.9595228058146397
2012-06-12 00:50:00,63.28290370457571,63.133326125581014,2.134113088685553
2012-06-12 00:55:00,63.88591291292286,62.51321610446775,2.2754172219053697
2012-06-12 01:00:00,63.42757956900187,61.49680327354401,3.1002910792747156
2012-06-12 01:05:00,63.38244057442708,61.88764248541393,3.0170991588292506
2012-06-12 01:10:00,62.613922105612964,62.49404809008527,2.8987400860302643
2012-06-12 01:15:00,61.66021851874415,62.00068198891508,2.99412219908268
2012-06-12 01:20:00,60.788194589599016,62.58644239378909,2.8816872743612847
2012-06-12 01:25:00,61.458333277932574,60.30164093204695,3.4076989274718223
2012-06-12 01:30:00,61.63657405619022,60.33672551845721,3.3969642538723286
2012-06-12 01:35:00,61.39847876367937,61.6632335202036,3.0641137091734687
2012-06-12 01:40:00,60.53968230571565,63.21335916893816,2.7718858693154744
2012-06-12 01:45:00,59.44477486134581,63.11004812500184,2.78931176692229
2012-06-12 01:50:00,59.52810819923808,61.6632335202036,3.0641137091734687
2012-06-12 01:55:00,58.79894153251862,63.067674473848946,2.7965324588934997
2012-06-12 02:00:00,59.28968231700741,59.23576280848149,4.1819451650448425
2012-06-12 02:05:00,58.871858197741915,60.79446411270495,3.7673927982406457
2012-06-12 02:10:00,58.93667307887751,59.08523025247652,4.240621468575324
2012-06-12 02:15:00,59.35214131269894,58.5206496779987,4.587633227843392
2012-06-12 02:20:00,59.58817065305609,58.912896274684016,4.319298707291016
2012-06-12 02:25:00,58.91790926386468,61.89787874834607,3.5359197014504864
2012-06-12 02:30:00,58.774227421252455,60.15641714382539,3.9153078856385726
2012-06-12 02:35:00,58.737812964700225,59.9592669392594,3.9648781050786623
2012-06-12 02:40:00,58.98756788087832,59.28657807222256,4.163703965870063
2012-06-12 02:45:00,59.543994881945316,58.73247177607621,4.421899773931767
2012-06-12 02:50:00,59.32144575553133,61.05941120771308,3.709667737818886
2012-06-12 02:55:00,59.61274463210174,59.52990485415481,4.084330620705475
2012-06-12 03:00:00,59.57298436435614,60.30688156970822,4.160615381017602
2012-06-12 03:05:00,59.97647030891911,59.279285150442924,4.401064849562695
2012-06-12 03:10:00,60.517646802978184,59.087948880480305,4.469469867982984
2012-06-12 03:15:00,61.05882328255072,59.17884379273889,4.435125477757263
2012-06-12 03:20:00,61.59999974763675,59.274100742224384,4.402737173887604
2012-06-12 03:25:00,62.141176241695824,59.373764173592235,4.3719978710392935
2012-06-12 03:30:00,62.68235238807832,59.47784457508581,4.34262586426758
2012-06-12 03:35:00,63.22352854894734,59.58630784542775,4.31437259379451
2012-06-12 03:40:00,63.046690305235806,59.69908433341086,4.287011577304631
2012-06-12 03:45:00,63.10600407738786,59.81606068198523,4.260349390730153
2012-06-12 03:50:00,63.43966452380287,59.93709599521895,4.234214803357971
2012-06-12 03:55:00,62.97128232050873,60.0620156815253,4.208460226482074
2012-06-12 04:00:00,62.37030190275971,60.670452211746266,3.77429785782801
2012-06-12 04:05:00,62.05130674037966,60.78481383328824,3.750615375391975
2012-06-12 04:10:00,60.72888029593209,60.90149546801937,3.7280921915216467
2012-06-12 04:15:00,60.01760583353891,61.020337519716065,3.706611399968741
2012-06-12 04:20:00,59.69178904670619,61.14117914450292,3.686067162189271
2012-06-12 04:25:00,58.57781861163087,61.263847072688556,3.666364243774781
2012-06-12 04:30:00,58.3006945339148,61.38816781547299,3.6474174639644397
2012-06-12 04:35:00,57.940278120148996,61.51396930011389,3.629151550779799
2012-06-12 04:40:00,58.318750455427995,59.85942828614108,4.021341128506854
2012-06-12 04:45:00,58.1104171215622,60.48341311922119,3.817188862589132
2012-06-12 04:50:00,57.69375012788382,61.31320823710151,3.658726252994638
2012-06-12 04:55:00,58.172916798129215,59.56013746185488,4.180410636535755
2012-06-12 05:00:00,58.718750043258446,60.59773840493947,3.6466539662061237
2012-06-12 05:05:00,59.199073850861254,61.29839147291804,3.237278851277649
2012-06-12 05:10:00,60.57407381743486,59.34111499639926,5.330835366104171
2012-06-12 05:15:00,61.0416663680044,60.649323232670774,3.6071389879056976
2012-06-12 05:20:00,61.34722202719522,61.592009847047855,3.126878631277799
2012-06-12 05:25:00,62.295138682341324,60.02289261077896,4.233339904230472
2012-06-12 05:30:00,62.31365744693664,61.92225612126841,3.0300763318498416
2012-06-12 05:35:00,62.5428241139174,61.83016078772965,3.0546507495655426
2012-06-12 05:40:00,62.76851846024923,61.98981017320417,3.0130929830632076
2012-06-12 05:45:00,63.10185179733181,61.27508633364707,3.2472573138403718
2012-06-12 05:50:00,63.50925923668506,61.52754497934447,3.1488871524117172
2012-06-12 05:55:00,63.85300923647713,61.855185969935434,3.0478033608300277
2012-06-12 06:00:00,64.2547947745885,63.32707044152799,2.5744969413213035
2012-06-12 06:05:00,64.17146174091323,63.98312418140847,2.4371183663617426
2012-06-12 06:10:00,64.21660041678449,63.82309386916504,2.465526845452425
2012-06-12 06:15:00,64.5823411871916,63.19437598630395,2.610160112254909
2012-06-12 06:20:00,64.59160008962316,63.86673568148951,2.4574935608932282
2012-06-12 06:25:00,64.87285009957714,63.613810262787645,2.5072955936895838
2012-06-12 06:30:00,65.19113699407144,63.49488420373854,2.5336518828243126
2012-06-12 06:35:00,65.2848869829029,63.9278413171405,2.4466108639920043
2012-06-12 06:40:00,65.44113697877522,64.08493030729069,2.4204754798610058
2012-06-12 06:45:00,65.74322030509411,63.58768529084572,2.512912989622511
2012-06-12 06:50:00,65.96544230768913,64.05294201256362,2.4255906280085497
2012-06-12 06:55:00,65.99206254129024,64.24179098258014,2.3968209564161964
2012-06-12 07:00:00,65.94444365662638,65.54865077336433,2.205620932211346
2012-06-12 07:05:00,66.24536955314115,64.95716736217618,2.2758329416831935
2012-06-12 07:10:00,66.34457583327267,65.12980899027781,2.2525471147594622
2012-06-12 07:15:00,66.53439072848995,65.31387984836978,2.230396611204299
2012-06-12 07:20:00,66.82027048663345,65.08055453360028,2.2589279215315616
2012-06-12 07:25:00,66.94527047174209,65.53307906390411,2.2071537802836545
2012-06-12 07:30:00,67.01818714420864,65.50579836070303,2.209876768731162
2012-06-12 07:35:00,67.15013182403415,65.36887360507929,2.2242628576116608
2012-06-12 07:40:00,67.18485381999318,65.69593737740718,2.1918243724230355
2012-06-12 07:45:00,67.25314071529716,65.56032378257972,2.204480697911159
2012-06-12 07:50:00,67.16865026630431,65.83341982074346,2.180035963557868
2012-06-12 07:55:00,67.15939134938623,65.52095836315256,2.208358262317565
2012-06-12 08:00:00,67.31564134525854,65.99420543137266,2.145676840537288
2012-06-12 08:05:00,67.22635579889177,66.3445556390583,2.1258973753302413
2012-06-12 08:10:00,67.31233462232844,65.96061242817125,2.147954716049875
2012-06-12 08:15:00,67.32043638468635,66.40883927038756,2.1229854536373645
2012-06-12 08:20:00,67.18501974863852,66.431285704654,2.1220164790233267
2012-06-12 08:25:00,67.19543642855076,66.46010354393849,2.120808042168378
2012-06-12 08:30:00,67.28571438872731,66.28651975577866,2.1287060805399665
2012-06-12 08:35:00,67.23710306128059,66.30588383439792,2.1277492890925718
2012-06-12 08:40:00,67.25446437796364,66.38315127357573,2.1241245869617313
2012-06-12 08:45:00,67.33779770136938,66.331672396659,2.126505345767419
2012-06-12 08:50:00,67.41071437383594,66.19917328858882,2.133268191149156
2012-06-12 08:55:00,67.39335305715291,66.0724595476968,2.140644845037223
2012-06-12 09:00:00,67.48710306047091,66.4440306297226,2.1411388355039533
2012-06-12 09:05:00,67.58101838400023,66.09171245673127,2.152298934852316
2012-06-12 09:10:00,67.47123011823165,66.20404661319206,2.147913023833944
2012-06-12 09:15:00,67.41914680558956,66.4440306297226,2.1411388355039533
2012-06-12 09:20:00,67.38789679482586,66.04810645509401,2.154223092909591
2012-06-12 09:25:00,67.13673967004846,66.50465470434439,2.1399517952448806
2012-06-12 09:30:00,66.94229502664167,66.55509315911097,2.139116458814291
2012-06-12 09:35:00,66.70271167839057,66.1701667188703,2.1491509262786095
2012-06-12 09:40:00,66.5927581213837,66.4440306297226,2.1411388355039533
2012-06-12 09:45:00,66.25363791052449,66.5819568532336,2.1387277564036364
2012-06-12 09:50:00,65.97238791505703,66.41367942085094,2.1418098512933663
2012-06-12 09:55:00,65.83234147287358,66.01757523667574,2.155647494863602
2012-06-12 10:00:00,65.35317481983094,66.56012496628621,2.1073122805633866
2012-06-12 10:05:00,65.23545008294273,66.21029256491269,2.105903234324764
2012-06-12 10:10:00,65.09523866822455,65.7311064564684,2.11720608388014
2012-06-12 10:15:00,64.7723219965677,66.13629154715535,2.106587650148831
2012-06-12 10:20:00,64.86607199988568,65.80414020902151,2.1143750404504824
2012-06-12 10:25:00,64.8255624492834,65.62064436452475,2.1223272004755525
2012-06-12 10:30:00,64.81630292393133,65.83425146311045,2.113331561643764
2012-06-12 10:35:00,64.86838626554645,65.32601189206959,2.1414132682136824
2012-06-12 10:40:00,64.79083984489037,65.96831094364845,2.109524966718194
2012-06-12 10:45:00,64.70403418136944,65.44480679194164,2.1327131834435433
2012-06-12 10:50:00,64.84986751181602,65.44480679194164,2.1327131834435433
2012-06-12 10:55:00,64.79199728193775,65.4613497069406,2.1316122655693595
2012-06-12 11:00:00,64.91931217011418,65.06537484396468,2.0504382599641793
2012-06-12 11:05:00,64.6678237964801,65.72677295769367,2.0215969959704596
2012-06-12 11:10:00,64.61226814372286,65.2096563489926,2.0399790186445688
2012-06-12 11:15:00,64.69560148161513,65.09352541946949,2.048189792095213
2012-06-12 11:20:00,64.4872681441277,65.92650602256097,2.0212070622052694
2012-06-12 11:25:00,64.39351814080969,65.37715665179793,2.0309661843088502
2012-06-12 11:30:00,64.26736101562743,65.66789392974702,2.0223618554620275
2012-06-12 11:35:00,64.10532411700545,65.34861724350377,2.032277808673902
2012-06-12 11:40:00,64.084490786154,65.60687214209668,2.023486212531964
2012-06-12 11:45:00,64.24189821907369,65.08413758697476,2.048928010869234
2012-06-12 11:50:00,64.13773156481652,65.72262879778698,2.021640933597603
2012-06-12 11:55:00,64.20486133453339,65.17820533770912,2.0420372494810093
2012-06-12 12:00:00,64.16087978424922,65.4766258768257,1.8617453894864895
2012-06-12 12:05:00,64.3356482223917,65.12948611463199,1.8739958460330761
2012-06-12 12:10:00,64.45254643789914,65.14979028173656,1.872778862128996
2012-06-12 12:15:00,64.3900464308583,65.39158780825443,1.8631461784064605
2012-06-12 12:20:00,64.56134285483238,65.41794331511687,1.8626078012303433
2012-06-12 12:25:00,64.55539034214088,65.20786945074975,1.8696595368727122
2012-06-12 12:30:00,64.59705701833029,65.39158780825443,1.8631461784064605
2012-06-12 12:35:00,64.75909391695228,65.0107671531185,1.8824750982321055
2012-06-12 12:40:00,64.86673258537786,65.60335298877933,1.861400769568218
2012-06-12 12:45:00,64.8601191684907,65.57085823793169,1.861297697950306
2012-06-12 12:50:00,64.87053581942988,65.49720155036213,1.8615510093081145
2012-06-12 12:55:00,64.9075727184567,65.42966827300712,1.862398630311014
2012-06-12 13:00:00,64.84507271141587,65.53428258982744,1.7820080341913211
2012-06-12 13:05:00,64.74322094573996,65.72809004347826,1.786363856699447
2012-06-12 13:10:00,64.8994709560988,65.60920234293377,1.7829244516964649
2012-06-12 13:15:00,65.1066471679991,65.40878942549743,1.7827211478193359
2012-06-12 13:20:00,64.8103507444299,65.99266478955047,1.8022148301251384
2012-06-12 13:25:00,65.0153770547702,65.3691565703516,1.783546206061182
2012-06-12 13:30:00,65.14037703987883,65.65902430918709,1.7840739791017663
2012-06-12 13:35:00,65.29315502158273,65.58425709917795,1.7825099053270819
2012-06-12 13:40:00,65.15426634239346,66.01471823339516,1.8040140419133348
2012-06-12 13:45:00,65.2048613095648,65.71231514603309,1.7857700540826942
2012-06-12 13:50:00,65.27893510761848,65.68390417526028,1.784806359806636
2012-06-12 13:55:00,65.36226843102422,65.68390417526028,1.784806359806636
2012-06-12 14:00:00,65.2002315396455,65.32555435694037,1.9883230874321018
2012-06-12 14:05:00,65.27314821211206,65.44742501384793,1.9883908409046207
2012-06-12 14:10:00,65.06481487462464,66.00820404919703,2.0234676190784726
2012-06-12 14:15:00,65.02430533850888,65.92532831162333,2.0144269633735066
2012-06-12 14:20:00,65.15393510078006,65.19933101385713,1.9907394613569227
2012-06-12 14:25:00,65.01736131017208,65.87734068697878,2.0098277962360505
2012-06-12 14:30:00,64.86574107697581,65.98171316576828,2.0204260502394966
2012-06-12 14:35:00,64.7129630952719,65.97285320771982,2.019441227368256
2012-06-12 14:40:00,64.64004643729186,65.68033239240144,1.9957011102966817
2012-06-12 14:45:00,64.598379775589,65.84710534132569,2.0071656294593523
2012-06-12 14:50:00,64.58912085867091,65.87734068697878,2.0098277962360505
2012-06-12 14:55:00,64.63078754934685,65.90139303934434,2.0120758657256093
2012-06-12 15:00:00,65.01041731805161,63.20141747816307,2.8391300391119945
2012-06-12 15:05:00,65.19791729571455,64.83373761485818,2.7969967230130828
2012-06-12 15:10:00,65.2719910937682,64.48557489764056,2.794805766644202
2012-06-12 15:15:00,65.13657442874734,65.10126005709415,2.806937172936959
2012-06-12 15:20:00,65.1944446586256,64.71165831578942,2.7950338859368595
2012-06-12 15:25:00,65.25694465117992,64.58962083931532,2.79441102335306
2012-06-12 15:30:00,65.53356486948482,64.71165831578942,2.7950338859368595
2012-06-12 15:35:00,65.65856485459345,64.6898658466737,2.794830640005826
2012-06-12 15:40:00,65.83564819580371,64.53809041572471,2.7945078802521963
2012-06-12 15:45:00,65.82523154486452,64.97060280189544,2.801028554413044
2012-06-12 15:50:00,65.69560178259333,65.1528797430237,2.8098819790392047
2012-06-12 15:55:00,65.77893510599908,65.38576266832477,2.828009024405251
2012-06-12 16:00:00,65.70486067053835,63.62196604901499,4.798970070828114
2012-06-12 16:05:00,65.64814758073372,64.11496813281133,4.843939037071299
2012-06-12 16:10:00,65.79282377110667,62.92216868733052,4.762800479990228
2012-06-12 16:15:00,65.83912019548559,62.315295292881835,4.746804851379623
2012-06-12 16:20:00,65.88078685718847,63.14342281628731,4.771614631649958
2012-06-12 16:25:00,65.9918981771895,62.99168202623872,4.7653598141766595
2012-06-12 16:30:00,65.8541666525604,64.44326698995499,4.8865680530467674
2012-06-12 16:35:00,65.83333332170895,63.563689964681714,4.794903095121047
2012-06-12 16:40:00,65.7291666384787,63.69351187620658,4.804284147922553
2012-06-12 16:45:00,65.47916662842353,63.068342320711245,4.768397464410907
2012-06-12 16:50:00,65.66435174647823,62.47596230958269,4.750112414528128
2012-06-12 16:55:00,65.46643508890305,64.28239431531686,4.864259008973484
2012-06-12 17:00:00,65.26041664724018,61.55860867077495,8.087920542223669
2012-06-12 17:05:00,64.39004641275015,62.329953608898784,8.272488476411963
2012-06-12 17:10:00,63.087963075183524,62.43225628574083,8.29829474120532
2012-06-12 17:15:00,59.4895833494983,61.06423802152036,7.980427405417696
2012-06-12 17:20:00,56.145833269787225,61.91047017782852,8.169640008915175
2012-06-12 17:25:00,52.493055386338234,62.265724584521564,8.256408318934106
2012-06-12 17:30:00,48.266203648508856,62.2004602245749,8.240175734251233
2012-06-12 17:35:00,44.85995360521653,61.91047017782852,8.169640008915175
2012-06-12 17:40:00,41.378471942930254,61.40044724506748,8.05261781049249
2012-06-12 17:45:00,38.04513861194243,58.67124972671877,7.549973760733387
2012-06-12 17:50:00,34.22685178672999,62.329953608898784,8.272488476411963
2012-06-12 17:55:00,30.336805588476405,61.49018943020979,8.072544082133257
2012-06-12 18:00:00,26.795138901892994,59.46287471912803,10.079077613849792
2012-06-12 18:05:00,23.743055627940336,49.88189172375825,7.792725108961254
2012-06-12 18:10:00,21.409722224902723,44.76854152767453,7.17330046702592
2012-06-12 18:15:00,21.982638750884643,37.587222190180746,13.351641146649776
2012-06-12 18:20:00,21.59722211564652,37.850257714110114,12.080368704332821
2012-06-12 18:25:00,21.18055538272557,37.64693911867272,13.019229253896151
2012-06-12 18:30:00,21.711805420842907,37.36465645134542,15.007384891597901
2012-06-12 18:35:00,21.907407334702047,37.79597624529675,12.307111777214677
2012-06-12 18:40:00,21.722222274593435,37.68880610002879,12.803952496505937
2012-06-12 18:45:00,21.940972263020058,37.626312858194645,13.130456205331365
2012-06-12 18:50:00,21.993055604635174,37.55088013727522,13.570969726843003
2012-06-12 18:55:00,22.261573872257344,37.45941848322663,14.196419082305196
2012-06-12 19:00:00,22.57407392194806,37.37998388903878,14.402304747732801
2012-06-12 19:05:00,22.6782406051783,37.345937544556826,14.646009512047984
2012-06-12 19:10:00,22.94907393522004,37.510206497816135,13.614816320670032
2012-06-12 19:15:00,23.00231480804494,37.88560981591491,12.052241495591174
2012-06-12 19:20:00,26.325231535174783,37.41184508624796,14.19062082212074
2012-06-12 19:25:00,30.418981496564566,37.283239984788864,15.1556615336606
2012-06-12 19:30:00,33.9293980782219,37.45236597979849,13.940629138195186
2012-06-12 19:35:00,37.18865753510181,37.796268409511804,12.360868254400046
2012-06-12 19:40:00,40.95717605214565,37.41184508624796,14.19062082212074
2012-06-12 19:45:00,44.321759404762055,37.6144669378294,13.099757464750118
2012-06-12 19:50:00,47.90277777030465,37.42304328515431,14.119517427857135
2012-06-12 19:55:00,51.7430556893627,37.44237897018663,14.000434260644981
2012-06-12 20:00:00,55.44097230662906,37.80976567771529,14.470250195667269
2012-06-12 20:05:00,59.38888889411268,37.61491729488598,15.368319822873614
2012-06-12 20:10:00,62.80555564629031,37.98246022508891,13.8464895632751
2012-06-12 20:15:00,66.0543981914736,38.24171824303281,13.098709683445788
2012-06-12 20:20:00,66.768518393875,62.15548971098986,4.718535747135874
2012-06-12 20:25:00,66.68518507046925,65.37349182199573,2.6308906757054378
2012-06-12 20:30:00,66.92476838974731,64.02738845793733,3.3814652522758153
2012-06-12 20:35:00,67.08449042876106,65.23263174419458,2.6994427033707815
2012-06-12 20:40:00,67.14930530989665,65.17843455797757,2.726447452777131
2012-06-12 20:45:00,67.18518506884986,64.62666224365108,3.021235293201659
2012-06-12 20:50:00,67.43749995662144,64.14859282166229,3.3053564887431683
2012-06-12 20:55:00,67.27314816941816,65.8986363407556,2.395822284428059
2012-06-12 21:00:00,67.23263863330241,66.44232701450595,1.5985838690150567
2012-06-12 21:05:00,67.34722199644489,66.311533086197,1.6181411544042665
2012-06-12 21:10:00,67.27430532397834,66.04499283752817,1.660964108719129
2012-06-12 21:15:00,67.38888868712081,66.26757033942094,1.6249231871869763
2012-06-12 21:20:00,67.11111135771533,66.80628464592321,1.5486665090015277
2012-06-12 21:25:00,67.02777801982306,65.44421914609757,1.7744368697461639
2012-06-12 21:30:00,66.9456018220044,65.90922406305614,1.6844337768750608
2012-06-12 21:35:00,66.7164351246925,66.39891255368839,1.6049749539758997
2012-06-12 21:40:00,66.6516202435569,65.95466773820267,1.6764469216251279
2012-06-12 21:45:00,66.86574048379401,65.41780433140609,1.7800372150404007
2012-06-12 21:50:00,66.92824047634832,66.04499283752817,1.660964108719129
2012-06-12 21:55:00,66.96759227844296,65.5021122791702,1.7623558910432804
2012-06-12 22:00:00,66.92129650595761,65.93187101978712,1.5969517737671597
2012-06-12 22:05:00,66.6296298160914,66.402673805794,1.551541555247687
2012-06-12 22:10:00,66.57754647447626,65.43343462436917,1.6533107694668592
2012-06-12 22:15:00,66.46412023692092,66.3638406792029,1.555037899533059
2012-06-12 22:20:00,66.31944403206144,65.34479875514204,1.6643852607019332
2012-06-12 22:25:00,66.28819403578429,64.83683219713154,1.7352193359987627
2012-06-12 22:30:00,66.35995358266372,65.26977666923052,1.6740352630638526
2012-06-12 22:35:00,66.46643515447523,65.13768006922834,1.6916761117130534
2012-06-12 22:40:00,66.59375002816516,65.38217859365035,1.6596725047301772
2012-06-12 22:45:00,66.30208335278546,66.00796093635209,1.589142378435627
2012-06-12 22:50:00,66.11458334614947,65.96773730627302,1.5932468959695119
2012-06-12 22:55:00,66.03124999377067,65.39151011702648,1.6585057818209454
2012-06-12 23:00:00,65.90162020252644,65.10094895174905,1.8212085028135083
2012-06-12 23:05:00,65.787036868357,64.61551584855438,1.8771854743900944
2012-06-12 23:10:00,65.5057868801328,64.57329377352322,1.8824316096872042
2012-06-12 23:15:00,65.4629630928428,65.28192101198917,1.8021876606494682
2012-06-12 23:20:00,65.29282409505123,64.10381660586354,1.9455158002928918
2012-06-12 23:25:00,65.17939819792919,64.06075006789168,1.9517800919528536
2012-06-12 23:30:00,64.87731485712376,64.90846374108536,1.8424948417554197
2012-06-12 23:35:00,64.67361128231238,64.91768538417732,1.8414489292126774
2012-06-12 23:40:00,64.20486128383057,65.23690486313747,1.8068328804465645
2012-06-12 23:45:00,64.1736112875534,64.18978149326414,1.933267719536233
2012-06-12 23:50:00,64.09027796414765,64.57329377352322,1.8824316096872042
2012-06-12 23:55:00,64.19444464737789,64.40358087148225,1.9041968731109373
2012-06-13 00:00:00,64.26504643126316,63.70071707484043,2.26616052142546
2012-06-13 00:05:00,64.38078689101971,63.25895198284878,2.3342689862139463
2012-06-13 00:10:00,64.73495355171046,62.52051712964672,2.4661017866149946
2012-06-13 00:15:00,64.2870368976612,64.24278985737962,2.1912369293902962
2012-06-13 00:20:00,64.5196759024936,62.50610929468295,2.4689429561248946
2012-06-13 00:25:00,64.37152768346574,62.698621899363445,2.4319062309363466
2012-06-13 00:30:00,64.31944434909387,62.78064840068683,2.4167115042889002
2012-06-13 00:35:00,64.05208302597727,63.20103383517091,2.343734654801851
2012-06-13 00:40:00,63.63541636186731,62.43416368107907,2.483310516741259
2012-06-13 00:45:00,63.416666357143356,63.17205744812503,2.34852097334223
2012-06-13 00:50:00,63.22453658783133,63.3457390963758,2.3203289953519963
2012-06-13 00:55:00,63.21990681066876,63.9475955106065,2.230954414809034
2012-06-13 01:00:00,62.771990150281646,62.60285032879032,2.9981843073176986
2012-06-13 01:05:00,62.9062496897154,62.39208429151828,3.031492172268198
2012-06-13 01:10:00,62.50231458051784,62.60285032879032,2.9981843073176986
2012-06-13 01:15:00,62.648147908248205,61.27645196377341,3.233373545177877
2012-06-13 01:20:00,62.6099532462272,62.172486562122224,3.0675649351799947
2012-06-13 01:25:00,62.90277735865428,61.025992044609886,3.2868539526763105
2012-06-13 01:30:00,63.00694402015474,61.41859597313825,3.204647666347428
2012-06-13 01:35:00,63.14236068517562,61.02988108415408,3.2859926274217535
2012-06-13 01:40:00,63.493055020237705,59.95854148311298,3.5771304432715745
2012-06-13 01:45:00,63.326388360750485,61.17040274045838,3.2555438952708537
2012-06-13 01:50:00,63.081018124236216,61.4027650345752,3.207793864105641
2012-06-13 01:55:00,62.63657377861288,62.55125416897565,3.0062264431430292
2012-06-13 02:00:00,62.59722199462639,60.24056484166156,4.034134206781076
2012-06-13 02:05:00,61.87847200781917,61.867876731701806,3.6986999905355447
2012-06-13 02:10:00,61.85069401756173,60.371675626465645,4.003107172594049
2012-06-13 02:15:00,61.246527350437425,60.875297777348855,3.892494449774361
2012-06-13 02:20:00,60.95023122384194,61.11509276466081,3.843380642757873
2012-06-13 02:25:00,60.043981215912204,61.104133046533384,3.845586679598186
2012-06-13 02:30:00,60.03356455048648,60.875297777348855,3.892494449774361
2012-06-13 02:35:00,59.27314786576007,60.617499160800854,3.947634389997056
2012-06-13 02:40:00,59.33912019480795,60.26114823651528,4.029188188800661
2012-06-13 02:45:00,58.9849535123874,59.84891522014174,4.134831657255515
2012-06-13 02:50:00,58.84143508500862,59.81960788121294,4.142965405858312
2012-06-13 02:55:00,58.70254609435909,60.20635835590059,4.0424217153490885
2012-06-13 03:00:00,58.66898120950065,59.61319070522157,4.7629606719720785
2012-06-13 03:05:00,58.76273119833212,59.228792892726396,4.881004460063794
2012-06-13 03:10:00,58.72569430292691,59.75393622359132,4.7249179301277495
2012-06-13 03:15:00,59.43402763879495,58.78660609077928,5.059539075730004
2012-06-13 03:20:00,59.39351841413944,59.683184678021426,4.74377011293669
2012-06-13 03:25:00,59.62268508247831,58.32600525094011,5.339684893855391
2012-06-13 03:30:00,59.59837942599822,60.233980607876894,4.607737017348654
2012-06-13 03:35:00,60.26504611283909,58.306348573510064,5.354977911567843
2012-06-13 03:40:00,60.34837944710973,59.9006547965435,4.687336439206022
2012-06-13 03:45:00,60.82638867759152,58.59164779869275,5.162366392901823
2012-06-13 03:50:00,60.959490439544574,59.01928264106015,4.9580602221536445
2012-06-13 03:55:00,61.17245354242426,59.34106225096556,4.843904819901726
2012-06-13 04:00:00,61.37453681401825,59.6898052802245,4.733101889022561
2012-06-13 04:05:00,61.27037014527454,59.62158557341858,4.75731753348609
2012-06-13 04:10:00,60.79120345601558,59.80524833164432,4.694802996461729
2012-06-13 04:15:00,60.5412034595415,60.593449655037254,4.491487298329133
2012-06-13 04:20:00,59.85370348349796,59.735721129132685,4.717488458373358
2012-06-13 04:25:00,59.77499993725478,59.02130982727575,5.045721104859294
2012-06-13 04:30:00,59.886110945795544,60.25515279301007,4.569442557664153
2012-06-13 04:35:00,60.156944292134625,59.92286671571696,4.65877301225516
2012-06-13 04:40:00,59.97060173703253,60.213811303067054,4.579739202238937
2012-06-13 04:45:00,59.88842585067417,59.82600062488078,4.688241586195531
2012-06-13 04:50:00,60.22754609050643,59.50962196775394,4.8000000481945095
2012-06-13 04:55:00,60.498379417831934,59.99447071354549,4.638112534607507
2012-06-13 05:00:00,60.858796137172874,61.457447251343865,3.7486313010716388
2012-06-13 05:05:00,61.296296142999154,60.67069731648824,4.064847346967131
2012-06-13 05:10:00,61.692129501609095,60.00353179524921,4.511102486354575
2012-06-13 05:15:00,62.01620329613686,61.3001916734115,3.7994036991883315
2012-06-13 05:20:00,63.187334396660795,59.467606731311754,5.068739843740938
2012-06-13 05:25:00,63.95353794792058,60.06141441834871,4.463221366634129
2012-06-13 05:30:00,64.0183528435427,61.828257825267734,3.646196105130127
2012-06-13 05:35:00,64.0183528435427,61.869961889364646,3.635953582208824
2012-06-13 05:40:00,64.3609453945171,61.08342080853566,3.87832943973588
2012-06-13 05:45:00,64.81927873119483,60.9354036309818,3.939172811357247
2012-06-13 05:50:00,64.99057515516888,61.584861558723354,3.7109277466991
2012-06-13 05:55:00,65.02529718010096,61.94517390899708,3.6180450805431037
2012-06-13 06:00:00,64.77529719539719,63.826201822500025,3.2219271196836208
2012-06-13 06:05:00,64.8123340799375,63.16647693126046,3.4138107629537227
2012-06-13 06:10:00,65.27661959611666,62.27784994653856,3.780290063595123
2012-06-13 06:15:00,65.44328624292815,63.56877085220012,3.290315768331846
2012-06-13 06:20:00,65.37053489067294,63.681738236352594,3.259364020609794
2012-06-13 06:25:00,65.64136822071468,63.327494655841285,3.361749658152869
2012-06-13 06:30:00,65.6321093037966,63.475079483087804,3.317165135282296
2012-06-13 06:35:00,65.66335928558723,63.354167479145964,3.3534768389201424
2012-06-13 06:40:00,65.86706284591209,63.38079271421949,3.3453150009474037
2012-06-13 06:45:00,66.03372952169664,63.51321317132949,3.3061050074357197
2012-06-13 06:50:00,66.13095153918303,63.48682298010709,3.31373917377354
2012-06-13 06:55:00,66.18997951756897,63.52199957405259,3.3035829615619368
2012-06-13 07:00:00,66.4110444090634,64.38723268433826,3.30225346082633
2012-06-13 07:05:00,66.71775752703138,64.46209453480832,3.28053656790607
2012-06-13 07:10:00,66.8368053471251,64.7224460245531,3.2089652299457985
2012-06-13 07:15:00,66.79976846258478,65.23860856527327,3.082843089718875
2012-06-13 07:20:00,66.9930553429974,64.71882091679957,3.209922050366242
2012-06-13 07:25:00,67.00347202290963,65.2626817202872,3.077413815785976
2012-06-13 07:30:00,67.18865714096434,64.66793666823146,3.223466863341331
2012-06-13 07:35:00,67.38657382751258,64.64879526197184,3.228617358607316
2012-06-13 07:40:00,67.37037027382371,65.1416932274989,3.105085177078457
2012-06-13 07:45:00,67.31828693220858,65.18118718585309,3.095946150632601
2012-06-13 07:50:00,67.40856492135818,64.9696923673247,3.146140594389742
2012-06-13 07:55:00,67.57523156816968,64.90441846619116,3.162274496871459
2012-06-13 08:00:00,67.64004644930527,65.56156672633472,3.190625667273391
2012-06-13 08:05:00,67.66087975118367,65.88122013463331,3.135608109205035
2012-06-13 08:10:00,67.6238428376703,65.61488770963707,3.1811629829094206
2012-06-13 08:15:00,67.70138925832636,65.72083713347776,3.162713655845035
2012-06-13 08:20:00,67.69097260738718,65.82256961711546,3.1454117483967168
2012-06-13 08:25:00,67.73611128325847,65.88122013463331,3.135608109205035
2012-06-13 08:30:00,67.79398152762326,65.7471775164092,3.158196366540951
2012-06-13 08:35:00,67.85648149120452,65.76360876928153,3.155392268045842
2012-06-13 08:40:00,67.9085648038466,65.67459945195348,3.170709420307198
2012-06-13 08:45:00,67.89930524952148,65.61488770963707,3.1811629829094206
2012-06-13 08:50:00,67.8263885770549,65.79312810400184,3.1503791774595324
2012-06-13 08:55:00,67.77430526441285,65.93955275986958,3.125974585264109
2012-06-13 09:00:00,67.83217550877765,65.77814315670773,3.231427469009865
2012-06-13 09:05:00,67.68634219281758,65.97964885059177,3.212632754241439
2012-06-13 09:10:00,67.73379575727013,65.52903567225803,3.256899558668717
2012-06-13 09:15:00,67.31365678563967,65.97964885059177,3.212632754241439
2012-06-13 09:20:00,66.92824012142849,65.8261818608357,3.226814018159793
2012-06-13 09:25:00,66.74305500337378,66.05075065133774,3.206326437175495
2012-06-13 09:30:00,66.60763830937987,65.94907359314068,3.215393885706509
2012-06-13 09:35:00,66.53472166588635,65.97964885059177,3.212632754241439
2012-06-13 09:40:00,66.37847167001405,65.85699290095063,3.223899778623084
2012-06-13 09:45:00,66.24189787940605,65.61243731411075,3.2480637641422043
2012-06-13 09:50:00,66.057869901425,65.60896993563001,3.2484243916694417
2012-06-13 09:55:00,65.87036989478901,65.8261818608357,3.226814018159793
2012-06-13 10:00:00,65.57870320492277,65.84280271333351,3.141244250699954
2012-06-13 10:05:00,65.30786987488104,65.44011743170606,3.1560410470209894
2012-06-13 10:10:00,65.18634190394081,65.5647219781704,3.1504522474863417
2012-06-13 10:15:00,65.22106422584663,64.6074050466055,3.224465419437277
2012-06-13 10:20:00,65.32523089459033,64.55409907134198,3.2311279601271767
2012-06-13 10:25:00,65.0659716670217,65.39497994372977,3.1583138232771457
2012-06-13 10:30:00,64.88888834029795,65.44011743170606,3.1560410470209894
2012-06-13 10:35:00,64.69097168272278,65.65777935180525,3.146894849745778
2012-06-13 10:40:00,64.3784716964106,65.28357446037336,3.1645250363133504
2012-06-13 10:45:00,64.29282348442355,65.0946666388533,3.177177551845675
2012-06-13 10:50:00,64.26851813940372,64.9470126131035,3.189116635046457
2012-06-13 10:55:00,64.24768480855228,65.15775660958205,3.172639619244961
2012-06-13 11:00:00,64.07804204301702,64.94079796676111,2.939275784808282
2012-06-13 11:05:00,64.08845870844273,64.59906464773856,2.9638118132355125
2012-06-13 11:10:00,64.02248670172004,65.1667061957542,2.9303250831737895
2012-06-13 11:15:00,63.91369027030027,64.69259810649653,2.955674819651351
2012-06-13 11:20:00,63.88244027402312,64.8479342779515,2.9445631487525556
2012-06-13 11:25:00,64.05257927543633,64.58865731163426,2.9647873937044715
2012-06-13 11:30:00,63.85257914697294,64.87891725861918,2.9426899253134935
2012-06-13 11:35:00,63.63382913681654,65.03340425901317,2.934957598289381
2012-06-13 11:40:00,63.55049580435671,64.31700375460642,2.9955227272452194
2012-06-13 11:45:00,63.55281069293799,64.81002718791743,2.9470071412352907
2012-06-13 11:50:00,63.55281069293798,64.8479342779515,2.9445631487525556
2012-06-13 11:55:00,63.4579035785194,65.06421597999471,2.9337236361792294
2012-06-13 12:00:00,63.55462967158812,64.47266658268994,2.716898385270841
2012-06-13 12:05:00,63.60555588761613,64.66640325518472,2.700843028721986
2012-06-13 12:10:00,63.45972254268302,65.00172733038865,2.6861122619771205
2012-06-13 12:15:00,63.62638920398104,64.40577119044407,2.7238207562543266
2012-06-13 12:20:00,63.61448448281507,64.78887926771188,2.6936198595551812
2012-06-13 12:25:00,63.24990114221206,65.12252799090739,2.6845378230945482
2012-06-13 12:30:00,63.397817929060324,64.32011922644733,2.733762350613595
2012-06-13 12:35:00,63.49504025800699,64.41955902934497,2.722334525816093
2012-06-13 12:40:00,63.55754025689916,64.10753342780018,2.7638917708035664
2012-06-13 12:45:00,63.44295692272973,64.84988519261852,2.6908280746054305
2012-06-13 12:50:00,63.27629025418844,64.8803297526505,2.6896300390746783
2012-06-13 12:55:00,63.246197369011874,64.81601341075014,2.692313711096182
2012-06-13 13:00:00,63.1640214826535,64.88131219973182,2.5248560131578084
2012-06-13 13:05:00,63.2619047085526,64.93854083595082,2.5234653937776512
2012-06-13 13:10:00,63.242228814748536,64.69763924299322,2.5331304259081695
2012-06-13 13:15:00,63.111441926890244,65.01885886182879,2.5224469187112724
2012-06-13 13:20:00,63.0816799718668,64.87697263110356,2.5249841609486796
2012-06-13 13:25:00,63.081679971866805,64.16173530765094,2.592124708639377
2012-06-13 13:30:00,62.935846645041835,64.88131219973182,2.5248560131578084
2012-06-13 13:35:00,62.94510586617691,64.83058143588495,2.5265567020966135
2012-06-13 13:40:00,63.07010586305585,64.41669940400355,2.557395281093561
2012-06-13 13:45:00,63.219411207670824,64.63576995023215,2.5372507699694715
2012-06-13 13:50:00,63.39649454163784,64.51106344761224,2.5476446336064917
2012-06-13 13:55:00,63.417327886975784,64.85090019091912,2.5258222787918676
2012-06-13 14:00:00,63.42658711535413,64.55438176861362,2.732255216121299
2012-06-13 14:05:00,63.3506943458936,65.20548963356813,2.7296551748025646
2012-06-13 14:10:00,63.091435118324966,64.55438176861362,2.732255216121299
2012-06-13 14:15:00,63.383101779218144,64.55038724001282,2.732497807451384
2012-06-13 14:20:00,63.443286897677694,64.72746753180981,2.724297232513601
2012-06-13 14:25:00,63.64120356249614,63.98402874893703,2.792233785722361
2012-06-13 14:30:00,63.75115713036791,64.33060676719148,2.749859297972712
2012-06-13 14:35:00,63.79050891797602,64.8044894968393,2.722402424153851
2012-06-13 14:40:00,63.83217559416542,64.72746753180981,2.724297232513601
2012-06-13 14:45:00,63.67476846546273,65.04428378336564,2.7232195510238344
2012-06-13 14:50:00,63.56018513129331,65.00008229867485,2.7222905157563293
2012-06-13 14:55:00,63.65393513461131,64.86538268761653,2.721637970284954
2012-06-13 15:00:00,63.728009236881974,63.53527198967458,3.8338908396210662
2012-06-13 15:05:00,63.780092564010566,64.11694535500585,3.811153660818933
2012-06-13 15:10:00,64.20486103031638,61.69081407000448,4.014848007714562
2012-06-13 15:15:00,63.960647933875755,64.83787921065012,3.838968655996388
2012-06-13 15:20:00,64.00462948415992,64.0563664710955,3.811973569101515
2012-06-13 15:25:00,64.16087948003224,63.702670064702,3.8242708171204636
2012-06-13 15:30:00,64.40162056230444,63.732886997983165,3.8227695206973205
2012-06-13 15:35:00,64.51620389647388,64.06744995121869,3.8117927338230335
2012-06-13 15:40:00,64.54745389275102,63.96660092824417,3.8139279895073224
2012-06-13 15:45:00,64.4826390070884,63.432510738295235,3.840787583943682
2012-06-13 15:50:00,64.534722334217,63.59188494500404,3.8304022673557925
2012-06-13 15:55:00,64.68171277576417,64.40201243002059,3.813291074995291
2012-06-13 16:00:00,64.84722200725808,61.84748051179161,6.6364534155148585
2012-06-13 16:05:00,64.92013867972463,62.51597457403404,6.604171645542336
2012-06-13 16:10:00,64.2222219947958,62.444880697416686,6.60711846527141
2012-06-13 16:15:00,63.935185096578664,61.553812642641894,6.6527537391837255
2012-06-13 16:20:00,63.68518509738837,62.37282695096558,6.610248365690179
2012-06-13 16:25:00,62.67476842071493,62.65541508113693,6.59883452038829
2012-06-13 16:30:00,62.02662021779296,63.22256455090699,6.584469016858325
2012-06-13 16:35:00,61.7974535494541,62.8581713531741,6.5922484830313755
2012-06-13 16:40:00,59.432870121166275,62.15055505316045,6.620701551642778
2012-06-13 16:45:00,56.35995354261902,60.468274135812514,6.7141378347980885
2012-06-13 16:50:00,53.55787013747793,61.75750081646751,6.641365592975325
2012-06-13 16:55:00,50.0393518514088,63.49353908471931,6.582433109755293
2012-06-13 17:00:00,48.372685151509394,61.464584319855554,10.762691579843468
2012-06-13 17:05:00,44.66435185433078,61.464584319855554,10.762691579843468
2012-06-13 17:10:00,41.668981409425335,51.252465289479034,9.272761775934034
2012-06-13 17:15:00,38.48379637351962,55.94471329771153,10.06636945557897
2012-06-13 17:20:00,35.68171298286508,58.04635549485437,10.41014538896514
2012-06-13 17:25:00,33.10879628952245,47.48835360199416,8.757773266574427
2012-06-13 17:30:00,29.673610892263337,54.007633637722385,9.734025910245348
2012-06-13 17:35:00,25.72569427580667,59.18357269394159,10.574017179683814
2012-06-13 17:40:00,24.1979164868809,39.69791371321314,11.114759541593122
2012-06-13 17:45:00,23.666666448763568,38.306138772013405,14.286390710446277
2012-06-13 17:50:00,22.46874982340023,38.78891342422477,12.844445170307822
2012-06-13 17:55:00,21.681712970262055,38.2714827187114,14.413419388369013
2012-06-13 18:00:00,19.098379481114993,41.92699281852367,9.908715483751424
2012-06-13 18:05:00,18.622684914673368,37.676770580038074,15.96819455306043
2012-06-13 18:10:00,18.753472034316058,37.64159950183656,16.16385493453024
2012-06-13 18:15:00,19.623842094967788,37.69510623134901,15.870557120013219
2012-06-13 18:20:00,20.092592169503856,38.100292799661425,14.210029229503304
2012-06-13 18:25:00,20.67361071860112,37.71753021150332,15.754839404099277
2012-06-13 18:30:00,21.85416623009276,37.52764004430761,16.894460171024143
2012-06-13 18:35:00,22.497684510986904,37.47737111084431,17.28311100965348
2012-06-13 18:40:00,23.85879565310117,37.53782082566382,16.82172113231427
2012-06-13 18:45:00,24.703703040334613,37.573332626908666,16.580810586684866
2012-06-13 18:50:00,25.20370298076912,37.4836894372386,17.231245893035165
2012-06-13 18:55:00,26.296295391692443,37.470543090591306,17.340337299055605
2012-06-13 19:00:00,27.327545602028668,37.371167970023116,17.915366192013977
2012-06-13 19:05:00,27.901619659220376,37.3894105599042,17.76648424503451
2012-06-13 19:10:00,27.89120303725423,37.61196818628613,16.422052654813104
2012-06-13 19:15:00,26.945601328635515,38.43607674956819,13.856043078144245
2012-06-13 19:20:00,27.281249452893707,38.6498536881607,13.437166165237132
2012-06-13 19:25:00,30.335647615427646,38.10014190802795,14.66686802047805
2012-06-13 19:30:00,33.13657393844117,38.34579823890372,14.053328963493549
2012-06-13 19:35:00,36.86805559991773,37.66669016131979,16.169418802757168
2012-06-13 19:40:00,39.62731520328228,38.68803773155964,13.36865272967159
2012-06-13 19:45:00,42.88657442837782,38.068648089066166,14.75511569432286
2012-06-13 19:50:00,46.771991168172356,37.59461877752577,16.50674840682341
2012-06-13 19:55:00,50.12963011580235,38.018432581903205,14.90114078288699
2012-06-13 20:00:00,53.54398189247954,38.14530451563679,15.515070222718926
2012-06-13 20:05:00,57.42476902894983,37.791843877420575,16.614644037210834
2012-06-13 20:10:00,61.32060233276442,37.75993133997053,16.736495289419555
2012-06-13 20:15:00,65.21990767972048,37.700465086288986,16.97778943820319
2012-06-13 20:20:00,67.74884288072504,39.92765178800273,12.767365041884686
2012-06-13 20:25:00,67.93783123283175,65.13039650574318,2.5747113273892555
2012-06-13 20:30:00,68.05820144077781,64.77885711379292,2.729812310127862
2012-06-13 20:35:00,67.91931276158856,65.99806740827928,2.245273749787166
2012-06-13 20:40:00,68.04546990125733,65.65232272731514,2.3673555260515218
2012-06-13 20:45:00,68.08713656296021,65.99806740827928,2.245273749787166
2012-06-13 20:50:00,67.91005326520951,66.13771286347978,2.199398636984318
2012-06-13 20:55:00,67.84755324368216,66.22896689666709,2.1704727716907244
2012-06-13 21:00:00,67.84986813226344,66.12533052161912,1.7556929519739721
2012-06-13 21:05:00,67.58945145316089,66.39552673433751,1.7194978793404563
2012-06-13 21:10:00,67.50843298936338,66.28446009077634,1.7338618110825716
2012-06-13 21:15:00,67.55704434578315,65.95408829173117,1.7809365746635917
2012-06-13 21:20:00,67.37996099008636,66.09564644614846,1.759935489864801
2012-06-13 21:25:00,67.32638930300051,66.10110841616593,1.759150544807775
2012-06-13 21:30:00,67.49884288153473,65.59902834127074,1.8395879758594018
2012-06-13 21:35:00,67.52662024072296,65.52581724469141,1.8528160265017768
2012-06-13 21:40:00,67.34953691399922,66.24707503711939,1.7388555259430962
2012-06-13 21:45:00,67.19675893229531,66.20950261476166,1.7439567670276477
2012-06-13 21:50:00,67.24735387049361,65.49815884883787,1.8579186872656754
2012-06-13 21:55:00,67.1096223458645,66.0187685785727,1.7711812118129764
2012-06-13 22:00:00,66.91170565931627,65.76893757917084,1.727952098826098
2012-06-13 22:05:00,66.88392769169401,65.11520803727406,1.7938363461867126
2012-06-13 22:10:00,66.75429792942283,65.63533301894448,1.7400183592206473
2012-06-13 22:15:00,66.68138122798322,65.76893757917084,1.727952098826098
2012-06-13 22:20:00,66.72304791865916,65.11520803727406,1.7938363461867126
2012-06-13 22:25:00,66.44989970003614,65.55585354550541,1.7475135418476813
2012-06-13 22:30:00,66.043649690487,65.87368795342412,1.7189342304233068
2012-06-13 22:35:00,66.06101100717002,65.31345788490013,1.7719420295643618
2012-06-13 22:40:00,66.01008479114202,65.26426005604473,1.777207134964585
2012-06-13 22:45:00,66.00661277697364,65.31345788490013,1.7719420295643618
2012-06-13 22:50:00,65.8518511555451,65.36938886176317,1.7660863810152734
2012-06-13 22:55:00,65.86458269506558,65.18172450551295,1.7862871143388166
2012-06-13 23:00:00,65.83333268430191,64.42985742678914,1.9945236094136305
2012-06-13 23:05:00,65.81944399022126,64.3688558478397,2.0012036787975114
2012-06-13 23:10:00,65.54166630589594,64.5309164609014,1.9837564860004875
2012-06-13 23:15:00,64.8749996462173,64.86075758960119,1.951024894972761
2012-06-13 23:20:00,64.7916662938385,64.61120576000236,1.975458764433089
2012-06-13 23:25:00,64.65856451015564,63.93870238566145,2.0525747325164807
2012-06-13 23:30:00,64.7835645097508,63.795467133609606,2.0715233666018866
2012-06-13 23:35:00,64.6793978554936,64.71879007499008,1.9646803415312648
2012-06-13 23:40:00,64.55324073031134,64.43391491382302,1.9940838275195247
2012-06-13 23:45:00,64.54745382756167,64.64717135160998,1.9718129988964241
2012-06-13 23:50:00,64.63078715096742,64.17185812842483,2.023763267302528
2012-06-13 23:55:00,64.6620371617311,64.57513850196968,1.979159057245906
2012-06-14 00:00:00,64.71412050334624,63.36687838261307,2.4243971702193665
2012-06-14 00:05:00,64.57986128261601,63.36687838261307,2.4243971702193665
2012-06-14 00:10:00,64.64120383812293,62.58551625446827,2.5396638916696657
2012-06-14 00:15:00,64.02662049108638,61.520970709572055,2.7517975369312673
2012-06-14 00:20:00,63.85995382978834,63.36687838261307,2.4243971702193665
2012-06-14 00:25:00,63.90972228282218,62.50566953429228,2.553018409666134
2012-06-14 00:30:00,63.64930562182781,63.29301284282773,2.434248136884797
2012-06-14 00:35:00,63.38888894996851,63.403714621553426,2.419555788401449
2012-06-14 00:40:00,63.0798612766093,63.03266546363414,2.4705801071696505
2012-06-14 00:45:00,62.79398151846579,63.675744625392646,2.385187422978589
2012-06-14 00:50:00,62.599537193762536,63.51381993938519,2.4053575462770236
2012-06-14 00:55:00,62.13078718441583,63.73205732940506,2.37836128597371
2012-06-14 01:00:00,61.68287052040708,62.46395867465753,2.849343574498871
2012-06-14 01:05:00,61.608796418136414,61.88762237630786,2.93227339026649
2012-06-14 01:10:00,61.86226843149512,61.818931287066675,2.943317496017577
2012-06-14 01:15:00,62.46412023901119,58.833627681574136,4.06456575791457
2012-06-14 01:20:00,62.328703575348435,61.78635077056479,2.948657605395557
2012-06-14 01:25:00,61.83101844381932,61.71385760619348,2.9607840862701713
2012-06-14 01:30:00,61.63541665671727,61.42639774312574,3.012525372081757
2012-06-14 01:35:00,62.010416662745975,61.524827511168006,2.9941091756976483
2012-06-14 01:40:00,61.7777776615352,61.042199142064696,3.092573485045461
2012-06-14 01:45:00,61.90624967529874,61.68845609306851,2.965115571418059
2012-06-14 01:50:00,61.49652734736421,61.829786995573784,2.9415526028046206
2012-06-14 01:55:00,61.337962470153876,61.16314934334854,3.0658511069639656
2012-06-14 02:00:00,61.46296246793821,59.77003289570647,4.024315182900957
2012-06-14 02:05:00,61.05555501409844,60.30221803894484,3.906159095275573
2012-06-14 02:10:00,60.63888866688119,61.2042796505562,3.7471777522314382
2012-06-14 02:15:00,60.85995354524721,59.421786435515536,4.1206650826724465
2012-06-14 02:20:00,60.193286884210465,60.03353017034352,3.9623739645484846
2012-06-14 02:25:00,60.83912022752418,58.991649104081695,4.273365213796645
2012-06-14 02:30:00,61.00578690059251,59.54704674345956,4.083748552173121
2012-06-14 02:35:00,60.31828689557591,61.28755620670705,3.7338266240815745
2012-06-14 02:40:00,60.171296106352166,59.12530755417716,4.220904845909177
2012-06-14 02:45:00,59.94907409198684,60.70819489059837,3.830437368203327
2012-06-14 02:50:00,59.94907409198685,59.316646518633206,4.153966095497117
2012-06-14 02:55:00,59.993055642270996,59.421786435515536,4.1206650826724465
2012-06-14 03:00:00,59.833333308094325,59.25602014065411,4.756318079225659
2012-06-14 03:05:00,59.96990743189235,58.480415211999734,4.971846322671662
2012-06-14 03:10:00,59.75694432267482,59.13966963888746,4.780953224449763
2012-06-14 03:15:00,59.93402766252697,59.18096176600012,4.772018892587336
2012-06-14 03:20:00,60.138888667142474,57.81774623898409,5.37573061042697
2012-06-14 03:25:00,58.77430536599457,59.834172842447934,4.64999160013956
2012-06-14 03:30:00,58.56134226854733,59.16165664753333,4.776167543316437
2012-06-14 03:35:00,58.25925895671495,58.59243856008914,4.9304826031576505
2012-06-14 03:40:00,58.51190447042268,58.14919640038567,5.130673789858389
2012-06-14 03:45:00,58.407737806206,59.20587766005838,4.766733571242939
2012-06-14 03:50:00,58.05820092992107,58.59243856008914,4.9304826031576505
2012-06-14 03:55:00,58.54778426287596,58.7735091721517,4.872912751353502
2012-06-14 04:00:00,58.960482702290996,58.91400691301579,4.991892253000265
2012-06-14 04:05:00,58.79381604099297,58.8136812881516,5.032139380221176
2012-06-14 04:10:00,59.080853257913645,58.70570386684994,5.080408738783511
2012-06-14 04:15:00,58.293816375802415,59.5836519730457,4.79845934842622
2012-06-14 04:20:00,58.65145536212183,58.26065777275145,5.354440287690973
2012-06-14 04:25:00,59.75677944294435,57.225640225969556,6.930776238520558
2012-06-14 04:30:00,59.941964550134166,58.72433937472014,5.0716769285259184
2012-06-14 04:35:00,60.17228863379062,58.081182199408524,5.513981534885815
2012-06-14 04:40:00,60.697420824518616,58.71102147865622,5.077898948508991
2012-06-14 04:45:00,61.18121724748056,58.98668606443564,4.9651519840616904
2012-06-14 04:50:00,61.83283745732765,58.00002379578964,5.599178115002151
2012-06-14 04:55:00,61.42890233635978,59.90287839105085,4.732007808787682
2012-06-14 05:00:00,61.2476854538649,60.80001139567276,4.157203572842747
2012-06-14 05:05:00,61.67592621682633,59.326748116649526,4.891518634282227
2012-06-14 05:10:00,61.82407443585421,60.26090724594609,4.343751032582858
2012-06-14 05:15:00,62.75694463392549,58.73382309351689,5.504096481429528
2012-06-14 05:20:00,63.09027797100808,59.88333533142816,4.521934813612021
2012-06-14 05:25:00,63.4328705147392,60.130264738028735,4.400116764516196
2012-06-14 05:30:00,63.69213005014647,60.0433255232435,4.440592489085054
2012-06-14 05:35:00,64.2476857085276,59.353347880792306,4.870161383805576
2012-06-14 05:40:00,64.36689879088654,60.83162116115062,4.148137848208083
2012-06-14 05:45:00,64.32986190634624,61.05390134886907,4.088960774517662
2012-06-14 05:50:00,64.49305656071913,60.22549537274347,4.358527084201595
2012-06-14 05:55:00,64.95601966007288,59.91313351000472,4.506070215610554
2012-06-14 06:00:00,65.14120509683111,61.83862817908721,3.906134062562186
2012-06-14 06:05:00,65.32639054083262,61.789568082669085,3.929882082032575
2012-06-14 06:10:00,65.57361279251487,62.1041789298119,3.7877284880213167
2012-06-14 06:15:00,65.50069614902137,62.403732155297,3.6730684911671356
2012-06-14 06:20:00,65.80046461573204,62.16653335588842,3.762285632167799
2012-06-14 06:25:00,65.91951243582575,62.45577827378883,3.6550183112971744
2012-06-14 06:30:00,66.13247553598923,62.15172092408099,3.768251211703888
2012-06-14 06:35:00,66.2065493485294,62.15172092408099,3.768251211703888
2012-06-14 06:40:00,66.25400291298196,62.63621602937687,3.596393608765006
2012-06-14 06:45:00,66.41141003444139,62.4788364015291,3.647187302071906
2012-06-14 06:50:00,66.71696537492868,62.1041789298119,3.7877284880213167
2012-06-14 06:55:00,66.78178025606428,62.52482212256394,3.631873191980579
2012-06-14 07:00:00,66.80955761525252,63.649333512008035,3.7192166314868884
2012-06-14 07:05:00,67.06071474002994,63.59863025807015,3.739698490294227
2012-06-14 07:10:00,67.18849251610617,64.08271552783317,3.560254714871372
2012-06-14 07:15:00,67.35515916291767,63.54434788384905,3.7620879780350105
2012-06-14 07:20:00,67.3470573715867,64.27716704509557,3.4976838252688416
2012-06-14 07:25:00,67.33912090046708,64.11014213930349,3.5511153262624173
2012-06-14 07:30:00,67.44444468031138,64.04222961923796,3.573937323662284
2012-06-14 07:35:00,67.58449109352176,63.674546039373986,3.7091846991642616
2012-06-14 07:40:00,67.60300953579191,64.11352072987893,3.5499967348290133
2012-06-14 07:45:00,67.4826392988728,64.23078842417975,3.5121431580144375
2012-06-14 07:50:00,67.39930597546704,64.23078842417975,3.5121431580144375
2012-06-14 07:55:00,67.41782444671026,64.04222961923796,3.573937323662284
2012-06-14 08:00:00,67.50115777011601,64.59933645838744,3.7512435255570167
2012-06-14 08:05:00,67.45949110841313,65.17906081040798,3.578859337472513
2012-06-14 08:10:00,67.28819465546603,65.33744548250363,3.537018200075171
2012-06-14 08:15:00,67.35069467699338,64.89028156000917,3.6606845268158157
2012-06-14 08:20:00,67.39583335286464,65.17906081040798,3.578859337472513
2012-06-14 08:25:00,67.48842556421543,64.99757437716194,3.6294037032156914
2012-06-14 08:30:00,67.46643513674992,65.23538621185864,3.5637457353591926
2012-06-14 08:35:00,67.35416669116178,64.9490094355649,3.6434289327845693
2012-06-14 08:40:00,67.43750004354058,65.0745741343502,3.6076060044648313
2012-06-14 08:45:00,67.5763887517029,64.81451789445008,3.6834370178737657
2012-06-14 08:50:00,67.65972207510865,64.91970708000035,3.651997928999475
2012-06-14 08:55:00,67.72569408183136,64.99757437716194,3.6294037032156914
2012-06-14 09:00:00,67.76273160377873,65.01658517292162,3.880903564663266
2012-06-14 09:05:00,67.58564824808194,65.25839598358196,3.8301423791161118
2012-06-14 09:10:00,67.55787025148665,65.04497208157812,3.874692858655399
2012-06-14 09:15:00,67.47007244215662,65.25839598358196,3.8301423791161118
2012-06-14 09:20:00,67.24785041058855,65.51356768630932,3.7813095672047017
2012-06-14 09:25:00,66.9793319691281,65.45979347761863,3.791237877421507
2012-06-14 09:30:00,66.79414621366634,65.37846130814494,3.8066117154510835
2012-06-14 09:35:00,66.78141467414585,64.78616560858579,3.9340487829705206
2012-06-14 09:40:00,66.66104443722674,65.51356768630932,3.7813095672047017
2012-06-14 09:45:00,66.47585929019898,65.40566103167716,3.8014214981364254
2012-06-14 09:50:00,66.42030396338852,65.35117014567356,3.8118703526183637
2012-06-14 09:55:00,66.18766528088125,65.38186529359687,3.805959734954143
2012-06-14 10:00:00,66.159887313259,65.04032012554738,3.8945948363955
2012-06-14 10:05:00,66.36822065074644,64.60919810162103,3.9608663809739464
2012-06-14 10:10:00,66.30340576961085,64.86407806024253,3.9192071653443805
2012-06-14 10:15:00,66.22453690315633,64.89788172647526,3.9142333042649313
2012-06-14 10:20:00,66.03935179958815,64.74489125643805,3.937753421740522
2012-06-14 10:25:00,66.20601847537269,64.53308251493561,3.974811920174569
2012-06-14 10:30:00,66.0694446847647,64.71488366791449,3.942676174363472
2012-06-14 10:35:00,65.99884290087944,64.64327977873491,3.954854937103026
2012-06-14 10:40:00,65.8506946963381,65.06939615814827,3.8908391760881416
2012-06-14 10:45:00,65.77662092725747,64.74489125643805,3.937753421740522
2012-06-14 10:50:00,65.77662092725747,65.09838937129172,3.8871762874801665
2012-06-14 10:55:00,65.4895837103368,64.56359111989,3.9691361435501187
2012-06-14 11:00:00,65.33217595147032,64.83684422094642,3.7721431177690063
2012-06-14 11:05:00,64.99884262887427,65.16090600886203,3.749847908326096
2012-06-14 11:10:00,65.00810215422636,64.53328290702142,3.8053607606483393
2012-06-14 11:15:00,64.79861137244829,64.52173627824101,3.8068770071642
2012-06-14 11:20:00,64.97337982507727,63.99869452913546,3.8965985254692654
2012-06-14 11:25:00,64.66782448458999,64.95588424729026,3.762450416377742
2012-06-14 11:30:00,64.55439858746793,64.13438368567184,3.869215446003411
2012-06-14 11:35:00,64.53588013071125,64.28447895146483,3.842349984524851
2012-06-14 11:40:00,64.28588011703444,64.47156627324978,3.813686050070816
2012-06-14 11:45:00,64.1724538939656,64.37838199042184,3.8273093944922443
2012-06-14 11:50:00,63.76504612142228,64.98543187419182,3.7603200571385478
2012-06-14 11:55:00,63.9317127827203,63.44502055432338,4.041369819871955
2012-06-14 12:00:00,63.765046418396025,64.21695162807116,3.678367820980194
2012-06-14 12:05:00,63.70023153001717,63.95786218256325,3.721889322723238
2012-06-14 12:10:00,63.31134254017733,64.47083830369144,3.646579288175156
2012-06-14 12:15:00,63.478009534665404,63.69438548603347,3.7782704393450106
2012-06-14 12:20:00,63.3865744199287,64.49826597992129,3.6437659907373376
2012-06-14 12:25:00,63.31250030679312,63.82660848095713,3.7484022256684013
2012-06-14 12:30:00,63.280092866225324,63.627956979968,3.7945074858772596
2012-06-14 12:35:00,63.32638931957729,64.12036742326129,3.693252159365464
2012-06-14 12:40:00,63.58101908144363,63.494568768733586,3.8296755798548374
2012-06-14 12:45:00,63.64649518547844,63.884159587199285,3.736398503597749
2012-06-14 12:50:00,63.74041081322478,63.494568768733586,3.8296755798548374
2012-06-14 12:55:00,63.89550336480645,63.92514704822671,3.7282108361528064
2012-06-14 13:00:00,64.02513281561738,63.38244658995614,3.9266947860059123
2012-06-14 13:05:00,64.09920724383484,63.490132455476775,3.9009388184237164
2012-06-14 13:10:00,64.25661469124107,62.79682287992213,4.103053844478201
2012-06-14 13:15:00,64.0598551375232,64.08566626616697,3.79393944030009
2012-06-14 13:20:00,63.78207714535926,63.982596647395546,3.8082845902639035
2012-06-14 13:25:00,63.75777148525751,63.31028032667351,3.9450949458080085
2012-06-14 13:30:00,63.76240125517682,63.25596265603681,3.959553771525265
2012-06-14 13:35:00,63.669808377445925,64.08566626616697,3.79393944030009
2012-06-14 13:40:00,63.56564172318874,64.20468207104275,3.77948012204102
2012-06-14 13:45:00,63.38558229222775,63.907163071771215,3.8198698980632777
2012-06-14 13:50:00,63.35648155286028,63.60218894511135,3.8762700499775224
2012-06-14 13:55:00,63.252314898603096,64.2804661843304,3.7714365520498183
2012-06-14 14:00:00,63.206018778441184,63.10709887877999,4.850476544572977
2012-06-14 14:05:00,63.22800923487974,62.97248001560616,4.875828627867419
2012-06-14 14:10:00,63.34837945731232,62.50349697603519,4.976002013851405
2012-06-14 14:15:00,63.50810147459628,62.39286330570186,5.001933558103888
2012-06-14 14:20:00,63.785879466760235,61.77370805607132,5.157857172591579
2012-06-14 14:25:00,63.84837946655782,62.222648916418,5.043197958009692
2012-06-14 14:30:00,64.03356458461253,62.305277332811556,5.022974625708785
2012-06-14 14:35:00,63.9965276855857,62.92704097976892,4.88475476035729
2012-06-14 14:40:00,63.87384256732857,63.02887269971731,4.865008121613516
2012-06-14 14:45:00,64.03703722170145,62.222648916418,5.043197958009692
2012-06-14 14:50:00,64.20370387575622,62.60010628599105,4.954006950698236
2012-06-14 14:55:00,64.16203721405334,63.129298071542166,4.846457287475807
2012-06-14 15:00:00,64.1250000108095,60.67238412688442,8.103228191325314
2012-06-14 15:05:00,64.09375001453235,61.00833081704312,8.043765588247817
2012-06-14 15:10:00,64.09375001453235,61.05467915750224,8.035234879915715
2012-06-14 15:15:00,63.98263900599158,61.20041279350181,8.007908312379792
2012-06-14 15:20:00,63.834490786963705,61.271852561229935,7.994243435094197
2012-06-14 15:25:00,63.98148125748393,60.09975518782867,8.194833870395025
2012-06-14 15:30:00,63.99166650068954,61.271852561229935,7.994243435094197
2012-06-14 15:35:00,62.77870340376486,60.42959751347751,8.143564990129482
2012-06-14 15:40:00,59.81574037769743,59.819595801262786,8.235279491967114
2012-06-14 15:45:00,55.99166620065307,60.98033064425164,8.048880461151407
2012-06-14 15:50:00,51.91759227068932,61.548716689138594,7.9396761471632855
2012-06-14 15:55:00,47.86203666710353,60.75100837018897,8.0896871738195
2012-06-14 16:00:00,44.18611102779059,57.211920068108576,13.765759526169447
2012-06-14 16:05:00,40.07152759068413,57.81683637663104,13.733589939838401
2012-06-14 16:10:00,36.43032406322239,58.27353070074569,13.684301106639538
2012-06-14 16:15:00,32.66180556790835,57.086472478382895,13.768234983382206
2012-06-14 16:20:00,29.004398182540736,56.70151373319382,13.767804907459144
2012-06-14 16:25:00,24.951157728293662,58.70625700217232,13.614604411797677
2012-06-14 16:30:00,20.681713321177426,58.71677825667934,13.61260857441989
2012-06-14 16:35:00,18.22800965224765,43.05237565024848,10.927680165666574
2012-06-14 16:40:00,17.283565243054337,38.33161245518989,14.445623278788771
2012-06-14 16:45:00,17.098379951161345,37.861955871931066,16.428945342909014
2012-06-14 16:50:00,17.098379951161345,37.792530190979285,16.868138041112893
2012-06-14 16:55:00,17.200231803756395,37.76389670719859,17.07022319595499
2012-06-14 17:00:00,16.885416923430494,37.31812863371943,16.361736331906123
2012-06-14 17:05:00,17.083333667924823,37.22718038207966,17.336398007570644
2012-06-14 17:10:00,16.802083715916933,37.35621057609757,16.05131023093034
2012-06-14 17:15:00,16.496528389916165,37.28963109147949,16.623413831134226
2012-06-14 17:20:00,16.27430627142895,37.31265701567701,16.409741659082925
2012-06-14 17:25:00,15.975695205549362,37.25310279982206,17.010363256498565
2012-06-14 17:30:00,16.021991354684328,37.21421250940745,17.523422856221043
2012-06-14 17:35:00,15.392361825816911,37.32372750138823,16.31353421978797
2012-06-14 17:40:00,15.318287709059716,37.24688923996897,17.083777946685508
2012-06-14 17:45:00,15.08680626803176,37.25261443012662,17.016027139686848
2012-06-14 17:50:00,14.90277850734855,37.25457463065548,16.993337998198136
2012-06-14 17:55:00,14.587963858807036,37.25857059342214,16.947809518940392
2012-06-14 18:00:00,14.052084159419328,36.94717430096431,17.522666080209838
2012-06-14 18:05:00,13.894676835148571,36.96437583128817,17.24377499786995
2012-06-14 18:10:00,13.557871179680594,36.969503249521495,17.169988873208894
2012-06-14 18:15:00,13.593750475065027,36.936479190061725,17.731327769249138
2012-06-14 18:20:00,13.788194857714382,36.957294123027744,17.352049363939553
2012-06-14 18:25:00,14.056713357120936,36.92343297426798,18.054498708374386
2012-06-14 18:30:00,14.075232002202426,36.93458667057276,17.77245338825549
2012-06-14 18:35:00,14.288195029933272,36.91970889458285,18.17227495934177
2012-06-14 18:40:00,14.444445054778631,36.94157068171566,17.627642038614077
2012-06-14 18:45:00,14.620371024130877,36.928560276609126,17.914736202060393
2012-06-14 18:50:00,14.776621048976233,36.933782726439574,17.790375652118964
2012-06-14 18:55:00,15.359954428708685,36.92411557927656,18.034681954854687
2012-06-14 19:00:00,15.77546363041985,36.918330820532425,19.172734816319284
2012-06-14 19:05:00,15.608796751823965,36.955914774163226,18.25456652783716
2012-06-14 19:10:00,15.840278192851917,36.9392389308205,18.540305216210417
2012-06-14 19:15:00,15.813658220008234,36.9533836886985,18.293154571416053
2012-06-14 19:20:00,15.873843352954312,37.00964830469466,17.630618613663348
2012-06-14 19:25:00,16.244213704955914,36.96497673230166,18.126081954257344
2012-06-14 19:30:00,16.83217651417436,36.949027301215935,18.36302075858814
2012-06-14 19:35:00,18.054398513530586,36.95012132350472,18.34504982000419
2012-06-14 19:40:00,22.116898493129735,36.97817013117874,17.9601367363386
2012-06-14 19:45:00,26.431713447419614,36.960950753457375,18.181401585323126
2012-06-14 19:50:00,30.68171334673561,36.96636593200247,18.10754360750328
2012-06-14 19:55:00,34.65393525026602,37.0297558317231,17.4526804081882
2012-06-14 20:00:00,39.190972467908345,37.128915276922704,18.746847121173015
2012-06-14 20:05:00,43.755787131658046,37.11418178671133,18.891850156499345
2012-06-14 20:10:00,48.10763923124566,37.16493155687761,18.447837386154283
2012-06-14 20:15:00,52.55208316553445,37.136137330627164,18.68143548216978
2012-06-14 20:20:00,56.624999796072785,37.250077434160126,17.914560393605722
2012-06-14 20:25:00,60.61574046057689,37.27661014018352,17.778634266510544
2012-06-14 20:30:00,64.48148090818798,37.31814138186051,17.585481154660084
2012-06-14 20:35:00,67.67592551290534,37.773235184106206,16.258085253036352
2012-06-14 20:40:00,67.92013860934595,64.7071431270313,2.4115720332676416
2012-06-14 20:45:00,67.91087905502083,65.40714197453416,2.1715542051901946
2012-06-14 20:50:00,68.0254623602172,65.28103290115183,2.211808097617792
2012-06-14 20:55:00,67.91435167762323,65.44818471613698,2.15874329400499
2012-06-14 21:00:00,67.83101835421748,65.93211109046203,1.713582423177236
2012-06-14 21:05:00,67.71064814627141,65.75644471961898,1.7379929983070508
2012-06-14 21:10:00,67.73495352026428,65.87424243961486,1.7213610056723245
2012-06-14 21:15:00,67.72569463231928,65.75644471961898,1.7379929983070508
2012-06-14 21:20:00,67.63888932371816,65.88514210023564,1.7198766295091568
2012-06-14 21:25:00,67.58333396793465,65.84505484629305,1.7253816824488435
2012-06-14 21:30:00,67.5509268605569,65.75644471961898,1.7379929983070508
2012-06-14 21:35:00,67.61574171271944,65.66617361156825,1.7514808647564883
2012-06-14 21:40:00,67.4265880404014,65.93211109046203,1.713582423177236
2012-06-14 21:45:00,67.39765291821901,65.57412061761197,1.7659139768937318
2012-06-14 21:50:00,67.19047673529174,65.88514210023564,1.7198766295091568
2012-06-14 21:55:00,67.13492077107422,65.25273595380905,1.8218479234941836
2012-06-14 22:00:00,67.03306897642527,65.354866889288,1.7441810763645058
2012-06-14 22:05:00,67.06084697302055,65.07320524475597,1.7723013605477054
2012-06-14 22:10:00,66.8328374302688,65.61503822462092,1.7223281115247733
2012-06-14 22:15:00,66.79927253092383,65.40975979081776,1.7392596130421867
2012-06-14 22:20:00,66.72519809546311,65.29951341770227,1.7493218077133477
2012-06-14 22:25:00,66.57704986194874,65.354866889288,1.7441810763645058
2012-06-14 22:30:00,66.56663318203648,65.34107143047551,1.7454453442827618
2012-06-14 22:35:00,66.43700344873834,65.54506402592627,1.7278473612579317
2012-06-14 22:40:00,66.54861070040032,65.03191915852382,1.7768508244214853
2012-06-14 22:45:00,66.55902738031254,65.18383204847693,1.7606638578025358
2012-06-14 22:50:00,66.6932869197463,64.92746049940332,1.7888797240707646
2012-06-14 22:55:00,66.77662024315204,64.80825058959313,1.803546358974099
2012-06-14 23:00:00,66.66550892315101,64.49057559138402,1.9314280324001176
2012-06-14 23:05:00,66.45486069708231,64.60079196290839,1.9217924513727909
2012-06-14 23:10:00,66.38078689902864,64.37894691415309,1.9417979353265225
2012-06-14 23:15:00,66.19212979577858,64.74675294860403,1.9098904826463714
2012-06-14 23:20:00,66.05324111658932,64.51825826665169,1.9289529518369843
2012-06-14 23:25:00,66.21064823804873,64.35081509869683,1.94451249261709
2012-06-14 23:30:00,66.12731491464298,64.74675294860403,1.9098904826463714
2012-06-14 23:35:00,66.01620359464195,64.60079196290839,1.9217924513727909
2012-06-14 23:40:00,65.46412024740296,64.80714284856616,1.9052347456328862
2012-06-14 23:45:00,65.43634225080768,64.65538476160798,1.9172307029267008
2012-06-14 23:50:00,65.29282379445586,64.77699944888059,1.9075399861892173
2012-06-14 23:55:00,65.0706017773743,64.51825826665169,1.9289529518369843
2012-06-15 00:00:00,64.64351845146027,63.40074478998104,2.269211875911365
2012-06-15 00:05:00,64.59490744271706,63.208518645446794,2.292063440306616
2012-06-15 00:10:00,64.4594907776962,63.40074478998104,2.269211875911365
2012-06-15 00:15:00,64.53356454677682,63.428984790798175,2.266011933149293
2012-06-15 00:20:00,64.74652766142681,63.34408084570892,2.2757507306597713
2012-06-15 00:25:00,64.63144842456948,64.0616759595835,2.203192179551808
2012-06-15 00:30:00,64.49603175954861,63.74593247134255,2.232570966016732
2012-06-15 00:35:00,64.12566151619593,63.51333949381836,2.2566784540924423
2012-06-15 00:40:00,64.55274484935326,62.3421939122029,2.4239408012553367
2012-06-15 00:45:00,64.36755973129854,63.81795430398139,2.2255523031085436
2012-06-15 00:50:00,64.14649485429064,63.59714906894226,2.247726245859459
2012-06-15 00:55:00,64.45205019477793,63.08604470087093,2.307666556550766
2012-06-15 01:00:00,64.99024484069302,61.537029878792936,2.660054351776212
2012-06-15 01:05:00,65.16617072312613,62.5696756624478,2.4679637829979946
2012-06-15 01:10:00,65.301587388147,62.49188905024488,2.479786191734876
2012-06-15 01:15:00,65.36640229825564,63.180433719246935,2.3853721406454897
2012-06-15 01:20:00,65.22404096749092,63.51917010241079,2.345758306305621
2012-06-15 01:25:00,65.13541664402338,63.25369664860897,2.3764863241517733
2012-06-15 01:30:00,65.07291665146907,62.85588483463916,2.4271877672741535
2012-06-15 01:35:00,65.36921308228155,61.8479742976362,2.593012254502286
2012-06-15 01:40:00,65.03472230634078,63.21253006895614,2.381456491167616
2012-06-15 01:45:00,64.89583363439478,62.775602403961365,2.4382214717010435
2012-06-15 01:50:00,64.84375030002292,62.424980130301854,2.4902345681615237
2012-06-15 01:55:00,64.58449139840107,63.547023805580245,2.3426570457447036
2012-06-15 02:00:00,64.39004675499427,62.04392056884536,3.006493255941159
2012-06-15 02:05:00,64.30439854300724,61.89237151518453,3.0326138203581556
2012-06-15 02:10:00,64.23958366187163,61.67920521073878,3.070828097132589
2012-06-15 02:15:00,64.09143542835724,62.1646273096077,2.986241631458976
2012-06-15 02:20:00,63.64120386852397,61.85058360670863,3.0399631381755268
2012-06-15 02:25:00,62.9837964299804,61.740211447105686,3.0597021425211786
2012-06-15 02:30:00,62.75462975801991,61.403964381136355,3.1231605779866176
2012-06-15 02:35:00,62.671296434614156,61.55699996220917,3.0936100827533024
2012-06-15 02:40:00,63.02662054140637,60.88308424051297,3.2342392888222395
2012-06-15 02:45:00,62.9155092177837,61.066836548997344,3.1929527679943637
2012-06-15 02:50:00,62.86458332770249,60.99023956606694,3.2098527323491357
2012-06-15 02:55:00,61.494212819587915,61.49581835017252,3.105281426018422
2012-06-15 03:00:00,61.33796281285072,60.09518865520804,3.9848510522996
2012-06-15 03:05:00,61.37731458597231,60.29640470553221,3.9368181138081475
2012-06-15 03:10:00,60.7569443506726,60.154557660854294,3.9704695266741457
2012-06-15 03:15:00,59.80902766655345,60.363978132288366,3.9211056243081663
2012-06-15 03:20:00,59.438657415957515,59.1302130098905,4.258735620935055
2012-06-15 03:25:00,59.80671308218917,58.471255382905476,4.534119689664681
2012-06-15 03:30:00,60.2118059552863,59.38306683981264,4.177196743251119
2012-06-15 03:35:00,59.33217620993073,59.977155420549025,4.014031170575058
2012-06-15 03:40:00,58.71759287738069,60.73911818678737,3.8368940698744063
2012-06-15 03:45:00,58.93055598840905,59.43181722340277,4.16248701093903
2012-06-15 03:50:00,58.28240777100057,59.54426043441586,4.129614509492831
2012-06-15 03:55:00,59.822916954581565,56.78796183308734,6.280399457727024
2012-06-15 04:00:00,59.49107166961762,59.11962501234603,4.435289146504862
2012-06-15 04:05:00,59.31779127997214,59.83885218525219,4.2615269133429905
2012-06-15 04:10:00,59.67890228770321,58.064994783707334,4.90751656625014
2012-06-15 04:15:00,60.553902313842315,57.585866041897866,5.3840148740136184
2012-06-15 04:20:00,60.91501334330317,57.90144960615765,5.038730140184899
2012-06-15 04:25:00,60.540013330031194,59.037268920872954,4.459417900797733
2012-06-15 04:30:00,59.98445735294655,60.05661491707155,4.2167766211788456
2012-06-15 04:35:00,60.61987398737497,57.50002559373801,5.501588980025793
2012-06-15 04:40:00,61.092096003646816,58.46952574989182,4.671599902076283
2012-06-15 04:45:00,60.76917933198996,59.54718645149655,4.325867013142614
2012-06-15 04:50:00,61.69742010057525,57.6536592944117,5.298088404874533
2012-06-15 04:55:00,61.24024421543143,60.12208805861221,4.203716382429919
2012-06-15 05:00:00,61.62417283114561,58.90997935514039,4.313086538144231
2012-06-15 05:05:00,61.612268117222904,59.94705982639247,3.8501801825047774
2012-06-15 05:10:00,61.510416344303735,59.514180833381765,3.9944455930045724
2012-06-15 05:15:00,61.4479163372629,60.160051414305286,3.7964060897062843
2012-06-15 05:20:00,61.679397886939796,59.305946047716766,4.085566524009834
2012-06-15 05:25:00,62.12731456543506,58.73812651826788,4.44044782665688
2012-06-15 05:30:00,62.64583302057233,59.16949043817118,4.155010052359126
2012-06-15 05:35:00,62.92708303052632,59.41247675781755,4.036880967614387
2012-06-15 05:40:00,62.76736101324235,60.27847347451041,3.770354857792917
2012-06-15 05:45:00,63.099537224737816,59.30881188777696,4.084196330628448
2012-06-15 05:50:00,63.1412038864407,60.4067683253293,3.744802309980041
2012-06-15 05:55:00,63.46296310656365,59.467583842603915,4.01342253375778
2012-06-15 06:00:00,63.59490776465939,61.12496051758586,3.340473343885531
2012-06-15 06:05:00,63.93865775268116,61.18306822142966,3.319567986037009
2012-06-15 06:10:00,64.3750003142168,60.443626007946726,3.6606668387700716
2012-06-15 06:15:00,64.59375030264344,61.26970424232267,3.290041321135593
2012-06-15 06:20:00,64.89467620640148,61.157275811185634,3.3287360145038156
2012-06-15 06:25:00,65.10185242554505,61.095800664146616,3.3513053524394514
2012-06-15 06:30:00,65.09838041137665,61.78552475802318,3.1513655938484075
2012-06-15 06:35:00,65.28356552943136,61.412672400899986,3.245445455316767
2012-06-15 06:40:00,65.51273219052695,61.12496051758586,3.340473343885531
2012-06-15 06:45:00,65.67013929749984,61.43790290604216,3.238090183538052
2012-06-15 06:50:00,65.77430598073009,61.80387214522934,3.1475021827759018
2012-06-15 06:55:00,66.00347264906894,61.58191077330835,3.198938295473935
2012-06-15 07:00:00,66.2361113170897,62.77922193078152,3.1357551184500903
2012-06-15 07:05:00,66.34606487409654,63.406330666859475,2.9647144395698546
2012-06-15 07:10:00,66.59606487328686,62.96336908124647,3.076886796044637
2012-06-15 07:15:00,66.75347199474628,63.16088641507272,3.0218817398464513
2012-06-15 07:20:00,66.80555530738836,63.27109254824631,2.994718478895029
2012-06-15 07:25:00,67.05671243216578,62.96018409944201,3.0778419794878737
2012-06-15 07:30:00,67.25462908974096,63.07698308950366,3.0442413708613714
2012-06-15 07:35:00,67.35648085541686,63.21009694317718,3.0094468263903953
2012-06-15 07:40:00,67.50231420034999,63.048769082490224,3.0520921831648806
2012-06-15 07:45:00,67.64120287953924,63.16088641507272,3.0218817398464513
2012-06-15 07:50:00,67.75578618473561,63.37949777108676,2.9703812924955506
2012-06-15 07:55:00,67.6932861921813,63.486212224635686,2.9486649645497245
2012-06-15 08:00:00,67.67245286132987,64.56655274484656,2.9765898110383007
2012-06-15 08:05:00,67.6631939444118,64.86187335616243,2.9193735463107497
2012-06-15 08:10:00,67.64236058458731,64.79183195448316,2.9317304208622814
2012-06-15 08:15:00,67.60995347720957,64.73947736719357,2.9414534135751276
2012-06-15 08:20:00,67.59953682627038,64.56655274484656,2.9765898110383007
2012-06-15 08:25:00,67.4641201612495,64.79183195448316,2.9317304208622814
2012-06-15 08:30:00,67.44560171897935,64.7641786433995,2.93681339444013
2012-06-15 08:35:00,67.41898148537824,64.63954047371308,2.9611855657949504
2012-06-15 08:40:00,67.36243368681188,64.59523110787845,2.970436558584424
2012-06-15 08:45:00,67.39021168340716,64.68973987186142,2.951079563875362
2012-06-15 08:50:00,67.20155458015712,64.84672316108961,2.921983525384915
2012-06-15 08:55:00,67.24322124185998,64.47959347346891,2.9960551359734686
2012-06-15 09:00:00,67.21197126006935,64.93335389259057,3.304848837484352
2012-06-15 09:05:00,67.00826709131049,65.29843621426781,3.2361137001562668
2012-06-15 09:10:00,66.9041004370533,65.18615423826628,3.2553937279635767
2012-06-15 09:15:00,66.85201709543817,65.09262813866248,3.2726887832860663
2012-06-15 09:20:00,66.86127662079026,64.96555295899785,3.298064320262784
2012-06-15 09:25:00,66.73627660670859,64.83571301175066,3.3263230086958124
2012-06-15 09:30:00,66.72354506718811,65.16205248685405,3.259741220720431
2012-06-15 09:35:00,66.7131284162489,64.99757921566093,3.2914604789679345
2012-06-15 09:40:00,66.82175952745733,64.85443133907829,3.3220995495570276
2012-06-15 09:45:00,66.66550953158502,65.21699532343187,3.2499401021839156
2012-06-15 09:50:00,66.77083331142934,64.73279121346964,3.350465481726865
2012-06-15 09:55:00,66.61458331555703,65.02943319858117,3.2850322433164187
2012-06-15 10:00:00,66.44328686260991,64.75122043323877,3.6719376731075166
2012-06-15 10:05:00,66.37962974446847,64.57415224493256,3.709765782612987
2012-06-15 10:10:00,66.43865775182744,64.78696239637615,3.6648827794029266
2012-06-15 10:15:00,66.36574107936089,64.85795024612473,3.6514339686220616
2012-06-15 10:20:00,66.24189821983937,64.92438721232016,3.639508169563742
2012-06-15 10:25:00,66.42939822647536,64.3099448264049,3.7756143931246817
2012-06-15 10:30:00,66.19212976680554,65.06692874095631,3.616004074183639
2012-06-15 10:35:00,66.0775464326361,64.89319614722244,3.645028317461385
2012-06-15 10:40:00,65.95254644752748,65.13525595225646,3.6057058071181722
2012-06-15 10:45:00,65.90046310591235,64.64302167233767,3.694473199496251
2012-06-15 10:50:00,65.85995356979659,64.99793625053023,3.6270326358945266
2012-06-15 10:55:00,65.85648155562819,64.42233608874311,3.746178703593678
2012-06-15 11:00:00,65.90277799449363,63.78376035630691,4.058856184229742
2012-06-15 11:05:00,66.0486113104537,64.00086245917453,3.999782819564287
2012-06-15 11:10:00,65.86342619239899,64.68180537090906,3.8694443041087894
2012-06-15 11:15:00,65.68634286567526,64.27551715315299,3.937662026260915
2012-06-15 11:20:00,65.62499999870805,64.15850299475109,3.9624679676024024
2012-06-15 11:25:00,65.4583333229235,64.65689295361652,3.872866730905701
2012-06-15 11:30:00,65.5006612075256,63.89042418307625,4.028689504700169
2012-06-15 11:35:00,65.45899454582272,64.15850299475109,3.9624679676024024
2012-06-15 11:40:00,65.20899454663243,64.39138760048895,3.9154369315939284
2012-06-15 11:45:00,65.02149455448297,64.11925878406983,3.971332952474676
2012-06-15 11:50:00,64.78075410961779,64.54817355428787,3.8889299970966333
2012-06-15 11:55:00,64.41964278318319,64.06675885348547,3.9836292878426156
2012-06-15 12:00:00,64.40922613224399,63.544099646396255,4.215876660364911
2012-06-15 12:05:00,64.11755947135082,64.16864529265645,4.080375770693789
2012-06-15 12:10:00,64.10829991702569,63.58160528225695,4.205798530517405
2012-06-15 12:15:00,64.22056836261383,63.16278894112812,4.333996053625127
2012-06-15 12:20:00,64.27149454966879,63.506553299781636,4.226229411246957
2012-06-15 12:25:00,64.27843921541263,63.62842283760521,4.193587317964201
2012-06-15 12:30:00,64.17129644967493,63.64044786935259,4.190515972075243
2012-06-15 12:35:00,64.01504643931611,63.58628894204535,4.204559251852963
2012-06-15 12:40:00,63.869213107058705,62.99304527333188,4.396396639652088
2012-06-15 12:45:00,63.774305664882526,62.950638904364645,4.41299616798664
2012-06-15 12:50:00,63.97222232245772,63.20523202256866,4.319375601760148
2012-06-15 12:55:00,64.36111100808056,62.190493492474936,4.784975407824773
2012-06-15 13:00:00,64.27777765570174,62.83220417569433,4.837605760584283
2012-06-15 13:05:00,64.3194443174046,62.235909183278835,5.051193765931426
2012-06-15 13:10:00,64.18402765238373,62.881049681422354,4.822120854375572
2012-06-15 13:15:00,63.988425883389844,62.967641299308646,4.795424754848525
2012-06-15 13:20:00,63.844907441524526,63.07545178515156,4.763527862844334
2012-06-15 13:25:00,63.90046276833499,63.010823845364285,4.7824714845924525
2012-06-15 13:30:00,63.8587960921456,62.487082100178164,4.955820518631668
2012-06-15 13:35:00,63.879629422997034,62.18501500238773,5.07139710682928
2012-06-15 13:40:00,63.91087942380124,61.48777328263691,5.369154163148912
2012-06-15 13:45:00,63.85995353190919,61.70534932662209,5.273202816624364
2012-06-15 13:50:00,63.43287020237352,63.41185162600246,4.673234112356678
2012-06-15 13:55:00,63.266203845292495,63.139908135684266,4.7451580667964395
2012-06-15 14:00:00,62.98495384982504,60.79125132220695,7.022415410433644
2012-06-15 14:05:00,63.04745385686587,60.79125132220695,7.022415410433644
2012-06-15 14:10:00,62.90162052460848,60.46002676668613,7.1373563589333315
2012-06-15 14:15:00,63.08912053124447,60.10412292278652,7.253294820499241
2012-06-15 14:20:00,62.93171309108152,60.728580256480484,7.044664654136057
2012-06-15 14:25:00,62.85879644758801,62.01514369201817,6.554366657495095
2012-06-15 14:30:00,62.98379644718315,60.544981459879615,7.108508619463406
2012-06-15 14:35:00,63.02546312337255,60.544981459879615,7.108508619463406
2012-06-15 14:40:00,63.1087964585486,59.40980203122458,7.457163527197146
2012-06-15 14:45:00,63.37268514095465,58.966484302568894,7.573484925537176
2012-06-15 14:50:00,60.726851720821,58.73120549453112,7.631465788998864
2012-06-15 14:55:00,57.53587939102946,60.65597056613215,7.070155083734232
2012-06-15 15:00:00,54.39236090093442,53.121644206946634,12.781651767697403
2012-06-15 15:05:00,51.0173608828923,58.551059347237775,11.749331872432634
2012-06-15 15:10:00,49.57638856373021,54.78007010283125,12.663840227557673
2012-06-15 15:15:00,49.399305222519956,59.048014205851246,11.5175587307584
2012-06-15 15:20:00,49.65856444284534,55.15889820903035,12.61915271998833
2012-06-15 15:25:00,49.20023110616759,59.048014205851246,11.5175587307584
2012-06-15 15:30:00,48.63773111523269,58.927105215106394,11.577245788037994
2012-06-15 15:35:00,48.043981113534095,57.87698025920017,12.010698751614177
2012-06-15 15:40:00,47.562499571910166,56.669556055735136,12.3543268355369
2012-06-15 15:45:00,47.038194214023186,58.59385608818753,11.730749631510996
2012-06-15 15:50:00,49.517360961993916,38.44663197859549,13.860481864975037
2012-06-15 15:55:00,51.995370178754875,38.194073572356295,14.69706170288827
2012-06-15 16:00:00,52.6597219353657,37.34095452799424,14.999504628191202
2012-06-15 16:05:00,52.13888851921451,37.374516674899645,14.713252885085687
2012-06-15 16:10:00,49.80902747802187,39.1114065099213,12.137060151270674
2012-06-15 16:15:00,46.2164348868707,53.526542899055094,19.159208690960096
2012-06-15 16:20:00,42.32060155408306,56.471610671382955,18.04319336713689
2012-06-15 16:25:00,39.51851822137462,48.431008925479524,18.4647619920863
2012-06-15 16:30:00,36.3310182824011,46.72182989855508,17.67378016874578
2012-06-15 16:35:00,33.36226836082725,45.27153473163389,16.804179574300235
2012-06-15 16:40:00,29.656249778391626,45.6149276992729,17.025888290378617
2012-06-15 16:45:00,26.097221927233672,46.86615728240432,17.750531568967418
2012-06-15 16:50:00,22.69097188394134,47.93819517011618,18.263365468646736
2012-06-15 16:55:00,19.150462822730113,43.73747199326502,15.704242553679824
2012-06-15 17:00:00,17.56018507022309,37.07647093113072,13.976533871915672
2012-06-15 17:05:00,17.011077899653966,36.84724915605475,16.44497334890065
2012-06-15 17:10:00,16.729827715861692,36.84361002534605,16.74068653052907
2012-06-15 17:15:00,15.95783691417566,36.857673542797734,16.042432946999234
2012-06-15 17:20:00,15.239086753530145,36.848685292093165,16.370418743117042
2012-06-15 17:25:00,14.553901521202642,36.93950212198764,14.825400020522274
2012-06-15 17:30:00,14.022651251300928,36.85844897745178,16.02009959453876
2012-06-15 17:35:00,13.585151274447682,36.86879954086872,15.7685004279695
2012-06-15 17:40:00,13.460151347285153,36.84686161256601,17.433329193602194
2012-06-15 17:45:00,13.342095680243796,36.842985714109865,16.878708915586067
2012-06-15 17:50:00,13.023808901641694,36.849213992271274,16.345513279356016
2012-06-15 17:55:00,13.044642145573988,36.847238493973116,17.456553061662987
2012-06-15 18:00:00,13.093253357128518,36.6873185110961,18.19681026344281
2012-06-15 18:05:00,13.02777751385113,36.689694648700645,18.258718249709336
2012-06-15 18:10:00,12.722222187850363,36.68003190544091,17.97726015532532
2012-06-15 18:15:00,13.045139091291604,36.69410678032737,18.3651674296533
2012-06-15 18:20:00,13.638889324774583,36.70144495800782,18.523972529647047
2012-06-15 18:25:00,13.638889324774587,36.67002171739074,17.161671406509353
2012-06-15 18:30:00,13.930556130533004,36.67720703327045,17.872889617730042
2012-06-15 18:35:00,13.868055935167355,36.67041760511727,17.469222627834004
2012-06-15 18:40:00,14.29513929005445,36.68992144971963,18.264501385962788
2012-06-15 18:45:00,14.409722827035218,36.67479914120542,17.767688133120938
2012-06-15 18:50:00,14.684854830248097,36.67377106157365,17.71596985190938
2012-06-15 18:55:00,15.176752979351646,36.680640687123436,17.998028151953744
2012-06-15 19:00:00,15.853836188563804,36.74832694217137,18.718046636744216
2012-06-15 19:05:00,16.926752654980234,36.75444013938651,18.958538347993148
2012-06-15 19:10:00,18.139715563580097,36.76020206736891,19.11592156668805
2012-06-15 19:15:00,18.320270962418338,36.74568680215433,18.402965204377615
2012-06-15 19:20:00,18.79943765892055,36.75014587011866,18.084569487115406
2012-06-15 19:25:00,19.07837278029325,36.754970809731894,17.9392676817191
2012-06-15 19:30:00,19.870039526486178,36.7516865409139,18.03148715480862
2012-06-15 19:35:00,21.30290995472245,36.746314821940665,18.296988516898843
2012-06-15 19:40:00,22.188326762179468,36.74884185117869,18.137676156782426
2012-06-15 19:45:00,23.006613713000462,36.74693751068617,18.2439180055956
2012-06-15 19:50:00,26.820601865041752,36.75542244160259,17.92806531069385
2012-06-15 19:55:00,30.931713201060674,36.76157330378002,17.798666811291017
2012-06-15 20:00:00,34.994213267578964,37.212130158508636,18.300076348452055
2012-06-15 20:05:00,38.72222279899495,37.31317227236091,17.99551433442556
2012-06-15 20:10:00,42.3668987752208,37.3346699262277,17.94660829313558
2012-06-15 20:15:00,46.737269403997715,37.132533431144715,18.70793260929036
2012-06-15 20:20:00,50.51851928672374,37.27960247657086,18.08117048502772
2012-06-15 20:25:00,54.47685272795789,37.23384302417523,18.221240221541667
2012-06-15 20:30:00,57.684028930141835,37.474967043221575,17.70608587045587
2012-06-15 20:35:00,60.6284734777228,37.98257009088656,17.311291702641558
2012-06-15 20:40:00,63.93055669291965,37.49807780050336,17.675938950544964
2012-06-15 20:45:00,67.37268640824605,37.4086804181717,17.805553241208575
2012-06-15 20:50:00,67.68171441479531,64.06132624040879,2.0171253681898684
2012-06-15 20:55:00,67.62037151885507,65.68709842481844,1.6213462905851745
2012-06-15 21:00:00,67.54745487536155,66.0671666064408,1.4599364049360994
2012-06-15 21:05:00,67.47569532848212,65.81233511972843,1.4849265858891956
2012-06-15 21:10:00,67.39236197610332,65.6867102149496,1.4985072240380155
2012-06-15 21:15:00,67.16435243335157,66.06373921076617,1.4602507842356232
2012-06-15 21:20:00,67.03935244824294,65.75160477196692,1.4913828819376045
2012-06-15 21:25:00,67.02430599116813,65.94267976298356,1.4717321729554342
2012-06-15 21:30:00,67.2858797958578,64.99641770065706,1.590505792123804
2012-06-15 21:35:00,67.15856492216788,65.72644136116043,1.4941170757113875
2012-06-15 21:40:00,67.01388873179492,65.42072661096358,1.5302853482755943
2012-06-15 21:45:00,67.09027738945683,65.45455790299746,1.5260033925530945
2012-06-15 21:50:00,67.15773774165025,65.61021047462204,1.5072134510943098
2012-06-15 21:55:00,67.12648775985964,65.62119041955856,1.5059433523501635
2012-06-15 22:00:00,67.01190439671716,65.66920000577339,1.5274099398663357
2012-06-15 22:05:00,67.00033059121782,65.43244196428844,1.5458964393511794
2012-06-15 22:10:00,67.02116392206923,65.28088364649558,1.5590525064560419
2012-06-15 22:15:00,67.04199725292068,65.21946317521956,1.5647035908004174
2012-06-15 22:20:00,67.0940805945358,65.21946317521956,1.5647035908004174
2012-06-15 22:25:00,67.03852526772533,65.71443490113674,1.524141910441694
2012-06-15 22:30:00,67.0072752279886,65.66920000577339,1.5274099398663357
2012-06-15 22:35:00,66.79894187601465,65.1885792244296,1.5676179969321522
2012-06-15 22:40:00,66.98528472809048,64.84441095251525,1.60367089157635
2012-06-15 22:45:00,66.64847939132602,65.53193645381401,1.537835050935518
2012-06-15 22:50:00,66.61805592367288,65.64416503248825,1.529253371768893
2012-06-15 22:55:00,66.63888925452433,65.37215596167611,1.5509991073583398
2012-06-15 23:00:00,66.73263925784234,64.97352269117648,1.6935358699281038
2012-06-15 23:05:00,66.57754638755713,65.02874755140257,1.6892062245687571
2012-06-15 23:10:00,66.53240771168585,64.97352269117648,1.6935358699281038
2012-06-15 23:15:00,66.54282439159812,64.91469346789917,1.698277830732145
2012-06-15 23:20:00,66.56365772244955,65.00279904343056,1.6912264282798273
2012-06-15 23:25:00,66.46759283055027,65.18292104893175,1.6777084443470953
2012-06-15 23:30:00,66.29282439240781,65.2051876764629,1.67611665060883
2012-06-15 23:35:00,66.46990773361809,64.2113474945509,1.7672123026297972
2012-06-15 23:40:00,66.45949108267888,65.03198484042339,1.688955868461835
2012-06-15 23:45:00,66.69444465376743,64.1795990169846,1.770947536938384
2012-06-15 23:50:00,66.45254644590808,65.18292104893175,1.6777084443470953
2012-06-15 23:55:00,66.51504643846239,65.0610800097224,1.686724118041508
2012-06-16 00:00:00,66.41087978420522,64.62680050303568,1.918951977216041
2012-06-16 00:05:00,66.26967623092118,63.96785859392912,1.9791121209083047
2012-06-16 00:10:00,66.4189815900227,64.23217889869467,1.953131539772247
2012-06-16 00:15:00,66.39814825917126,64.33222052974331,1.943983314383682
2012-06-16 00:20:00,66.50231491342845,64.45106267016997,1.9335576238535417
2012-06-16 00:25:00,66.38541669067773,64.30230365583276,1.9466825594184336
2012-06-16 00:30:00,66.37268515115724,64.0973818947358,1.966036830660993
2012-06-16 00:35:00,66.20717591966333,64.12108532468547,1.9637173063920461
2012-06-16 00:40:00,65.94675924056078,64.39180768795376,1.938697964066237
2012-06-16 00:45:00,66.04513902104135,64.25894409894096,1.9506499692463841
2012-06-16 00:50:00,66.05555567198054,63.87496578720637,1.9889289718098304
2012-06-16 00:55:00,65.83680568355392,64.62680050303568,1.918951977216041
2012-06-16 01:00:00,65.42245389444413,64.59958726357664,1.9734648392764662
2012-06-16 01:05:00,65.84490745768214,63.773612568008964,2.0873358565767015
2012-06-16 01:10:00,65.79745389322959,64.93256765098965,1.9351779850170387
2012-06-16 01:15:00,65.81828722408102,64.53749379185741,1.9810522431149735
2012-06-16 01:20:00,65.68402768464728,65.02080319961391,1.9256847775471033
2012-06-16 01:25:00,66.01273125905381,64.21306978289692,2.0231469236545068
2012-06-16 01:30:00,66.0810181543578,64.31657606895982,2.0092572589767626
2012-06-16 01:35:00,66.19444404423659,63.86285881967951,2.0735793810001635
2012-06-16 01:40:00,66.25694405127742,63.85915155884867,2.0741429502414315
2012-06-16 01:45:00,66.1006940264321,64.8131824252666,1.9484504223688
2012-06-16 01:50:00,66.1631940189864,64.15549448415979,2.0310664455411156
2012-06-16 01:55:00,66.15277733907415,64.25246153882465,2.017808407794161
2012-06-16 02:00:00,66.56944401676522,62.364178456328865,2.6403943424456657
2012-06-16 02:05:00,66.68402732196161,64.25538050096814,2.2945327262601682
2012-06-16 02:10:00,66.88773085331341,63.98167140759731,2.334470334410342
2012-06-16 02:15:00,67.15856415438209,63.76945678266682,2.367453788143482
2012-06-16 02:20:00,67.41782367892448,63.806404879301844,2.361579357816091
2012-06-16 02:25:00,67.4872683082496,64.39040476951475,2.275854570063452
2012-06-16 02:30:00,67.78356471733228,63.68765609727879,2.380662875926005
2012-06-16 02:35:00,68.17939803248265,63.361377407629895,2.436270759845367
2012-06-16 02:40:00,68.62731467476162,63.186781634366405,2.4680688537562117
2012-06-16 02:45:00,68.9814813282091,63.499186203377754,2.4121987058072407
2012-06-16 02:50:00,69.3356479816566,63.499186203377754,2.4121987058072407
2012-06-16 02:55:00,69.73148129680696,63.361377407629895,2.436270759845367
2012-06-16 03:00:00,69.99999970929437,62.76522059673391,2.906153159039544
2012-06-16 03:05:00,69.99999970929437,63.6482738082945,2.7366568739912065
2012-06-16 03:10:00,69.99999970929437,63.6482738082945,2.7366568739912065
2012-06-16 03:15:00,69.99999970929437,63.6482738082945,2.7366568739912065
2012-06-16 03:20:00,69.99999970929437,63.6482738082945,2.7366568739912065
2012-06-16 03:25:00,69.99999970929437,63.6482738082945,2.7366568739912065
2012-06-16 03:30:00,69.99999970929437,63.6482738082945,2.7366568739912065
2012-06-16 03:35:00,69.99999970929437,63.6482738082945,2.7366568739912065
2012-06-16 03:40:00,69.99999970929437,63.6482738082945,2.7366568739912065
2012-06-16 03:45:00,69.99999970929437,63.6482738082945,2.7366568739912065
2012-06-16 03:50:00,69.99999970929437,63.6482738082945,2.7366568739912065
2012-06-16 03:55:00,69.99999970929437,63.6482738082945,2.7366568739912065
2012-06-16 04:00:00,69.99999970929437,62.799968628598116,3.196862941566183
2012-06-16 04:05:00,69.99999970929437,62.799968628598116,3.196862941566183
2012-06-16 04:10:00,69.99999970929437,62.799968628598116,3.196862941566183
2012-06-16 04:15:00,69.99999970929437,62.799968628598116,3.196862941566183
2012-06-16 04:20:00,69.99999970929437,62.799968628598116,3.196862941566183
2012-06-16 04:25:00,69.99999970929437,62.799968628598116,3.196862941566183
2012-06-16 04:30:00,69.99999970929437,62.799968628598116,3.196862941566183
2012-06-16 04:35:00,69.99999970929437,62.799968628598116,3.196862941566183
2012-06-16 04:40:00,69.99999970929437,62.799968628598116,3.196862941566183
2012-06-16 04:45:00,69.99999970929437,62.799968628598116,3.196862941566183
2012-06-16 04:50:00,69.99999970929437,62.799968628598116,3.196862941566183
2012-06-16 04:55:00,69.99999970929437,62.799968628598116,3.196862941566183
2012-06-16 05:00:00,69.99999970929437,62.78048298269147,3.153025778466245
2012-06-16 05:05:00,69.99999970929437,62.78048298269147,3.153025778466245
2012-06-16 05:10:00,69.99999970929437,62.78048298269147,3.153025778466245
2012-06-16 05:15:00,69.99999970929437,62.78048298269147,3.153025778466245
2012-06-16 05:20:00,69.99999970929437,62.78048298269147,3.153025778466245
2012-06-16 05:25:00,69.99999970929437,62.78048298269147,3.153025778466245
2012-06-16 05:30:00,69.99999970929437,62.78048298269147,3.153025778466245
2012-06-16 05:35:00,69.99999970929437,62.78048298269147,3.153025778466245
2012-06-16 05:40:00,69.99999970929437,62.78048298269147,3.153025778466245
2012-06-16 05:45:00,69.99999970929437,62.78048298269147,3.153025778466245
2012-06-16 05:50:00,69.99999970929437,62.78048298269147,3.153025778466245
2012-06-16 05:55:00,69.99999970929437,62.78048298269147,3.153025778466245
2012-06-16 06:00:00,69.99999970929437,63.52281078317754,2.828980780431887
2012-06-16 06:05:00,69.99999970929437,63.52281078317754,2.828980780431887
2012-06-16 06:10:00,69.99999970929437,63.52281078317754,2.828980780431887
2012-06-16 06:15:00,69.99999970929437,63.52281078317754,2.828980780431887
2012-06-16 06:20:00,69.99999970929437,63.52281078317754,2.828980780431887
2012-06-16 06:25:00,69.99999970929437,63.52281078317754,2.828980780431887
2012-06-16 06:30:00,69.99999970929437,63.52281078317754,2.828980780431887
2012-06-16 06:35:00,69.99999970929437,63.52281078317754,2.828980780431887
2012-06-16 06:40:00,69.99999970929437,63.52281078317754,2.828980780431887
2012-06-16 06:45:00,69.99999970929437,63.52281078317754,2.828980780431887
2012-06-16 06:50:00,69.99999970929437,63.52281078317754,2.828980780431887
2012-06-16 06:55:00,69.99999970929437,63.52281078317754,2.828980780431887
2012-06-16 07:00:00,69.99999970929437,64.57203095425736,2.6183670033171342
2012-06-16 07:05:00,69.99999970929437,64.57203095425736,2.6183670033171342
2012-06-16 07:10:00,69.99999970929437,64.57203095425736,2.6183670033171342
2012-06-16 07:15:00,69.99999970929437,64.57203095425736,2.6183670033171342
2012-06-16 07:20:00,69.99999970929437,64.57203095425736,2.6183670033171342
2012-06-16 07:25:00,69.99999970929437,64.57203095425736,2.6183670033171342
2012-06-16 07:30:00,69.99999970929437,64.57203095425736,2.6183670033171342
2012-06-16 07:35:00,69.99999970929437,64.57203095425736,2.6183670033171342
2012-06-16 07:40:00,69.99999970929437,64.57203095425736,2.6183670033171342
2012-06-16 07:45:00,69.99999970929437,64.57203095425736,2.6183670033171342
2012-06-16 07:50:00,69.99999970929437,64.57203095425736,2.6183670033171342
2012-06-16 07:55:00,69.99999970929437,64.57203095425736,2.6183670033171342
2012-06-16 08:00:00,69.99999970929437,65.52477544632147,2.634228631581191
2012-06-16 08:05:00,69.99999970929437,65.52477544632147,2.634228631581191
2012-06-16 08:10:00,69.83333306248288,65.52477544632147,2.634228631581191
2012-06-16 08:15:00,69.70833307737425,65.52477544632147,2.634228631581191
2012-06-16 08:20:00,69.4953699916973,65.52477544632147,2.634228631581191
2012-06-16 08:25:00,69.23346496712404,65.52477544632147,2.634228631581191
2012-06-16 08:30:00,68.9556870003115,65.52477544632147,2.634228631581191
2012-06-16 08:35:00,68.695270350182,65.52477544632147,2.634228631581191
2012-06-16 08:40:00,68.55638167099274,65.52477544632147,2.634228631581191
2012-06-16 08:45:00,68.46114332220402,65.52477544632147,2.634228631581191
2012-06-16 08:50:00,68.33614333709538,65.52477544632147,2.634228631581191
2012-06-16 08:55:00,68.1879951615271,65.52477544632147,2.634228631581191
2012-06-16 09:00:00,67.95882852216126,65.9345895898448,2.9779520658045615
2012-06-16 09:05:00,67.69841187203177,65.9345895898448,2.9779520658045615
2012-06-16 09:10:00,67.61507854862602,65.47564300963519,3.057583691204673
2012-06-16 09:15:00,67.52132854530802,65.5926647444891,3.0350536117489444
2012-06-16 09:20:00,67.4947083117069,65.34369604093888,3.085030757646819
2012-06-16 09:25:00,67.57953000955644,65.2018902104216,3.1171113387747096
2012-06-16 09:30:00,67.59689132623949,65.15536473961248,3.1282515915852596
2012-06-16 09:35:00,67.763557973051,65.20623918080388,3.1160861274746936
2012-06-16 09:40:00,67.68022467861827,65.55383532644814,3.042348011154017
2012-06-16 09:45:00,67.64004636238613,65.67528932919707,3.0201102118055245
2012-06-16 09:50:00,67.5798612584131,65.5926647444891,3.0350536117489444
2012-06-16 09:55:00,67.48842611470333,65.5278494867039,3.047329187928062
2012-06-16 10:00:00,67.44675945300047,65.28565123396048,3.5482747941595716
2012-06-16 10:05:00,67.33217611883104,65.18427697308705,3.574043393990653
2012-06-16 10:10:00,67.43634280206128,65.21819076587484,3.565302529655592
2012-06-16 10:15:00,67.41435234562273,65.31920153088929,3.539978666109807
2012-06-16 10:20:00,67.32060234230472,65.25198084374809,3.556714614040406
2012-06-16 10:25:00,67.33101902221698,65.4522289335149,3.508143921293366
2012-06-16 10:30:00,67.3506952274813,65.18427697308705,3.574043393990653
2012-06-16 10:35:00,67.1840285806698,65.71288388696341,3.450139517230259
2012-06-16 10:40:00,67.2673618751025,65.30803175454292,3.542728338734433
2012-06-16 10:45:00,67.22569521339962,65.583433033263,3.4782774459996304
2012-06-16 10:50:00,67.0983803397097,65.42650770461715,3.514171648017207
2012-06-16 10:55:00,67.032408332987,65.25198084374809,3.556714614040406
2012-06-16 11:00:00,66.76157498845873,64.90582972886796,3.973315389817806
2012-06-16 11:05:00,66.7013898844857,64.52355397483376,4.086676524934536
2012-06-16 11:10:00,66.54513985964034,65.35005078645439,3.8568422596259118
2012-06-16 11:15:00,66.55671366513971,65.01421456916923,3.943638745933925
2012-06-16 11:20:00,66.52893569751747,64.67777466945796,4.039140836377704
2012-06-16 11:25:00,66.4336973197557,65.27709766589358,3.875130873193583
2012-06-16 11:30:00,66.39318778363993,65.01421456916923,3.943638745933925
2012-06-16 11:35:00,66.1999008887408,64.94345152129931,3.962907112089455
2012-06-16 11:40:00,65.9325396018405,65.37427526769751,3.850826716068713
2012-06-16 11:45:00,65.85036340402186,65.24046026173774,3.8844220226274486
2012-06-16 11:50:00,65.99619671998194,64.75423465876379,4.0165165510567205
2012-06-16 11:55:00,65.98693719462985,64.77962474021056,4.009132132391816
2012-06-16 12:00:00,66.19527051763075,63.500789296604694,4.601747390182805
2012-06-16 12:05:00,66.2033723089617,63.93428200395933,4.425415566375544
2012-06-16 12:10:00,66.2033723089617,64.47368137817925,4.238373739519079
2012-06-16 12:15:00,66.17327942378515,64.76481642710299,4.147072741021105
2012-06-16 12:20:00,66.13855739885307,64.23544844920433,4.317525600218979
2012-06-16 12:25:00,66.03587911903965,64.63458021547963,4.187298268834806
2012-06-16 12:30:00,66.06712912980333,64.55724986132827,4.211636512750533
2012-06-16 12:35:00,66.34490647369533,63.85879294494827,4.454133376212153
2012-06-16 12:40:00,66.51967491183781,64.05212724699705,4.382003901457096
2012-06-16 12:45:00,66.46643447360862,64.64513261963477,4.184004105720958
2012-06-16 12:50:00,66.4307200058937,65.01109803981205,4.073078807173977
2012-06-16 12:55:00,66.46428487626561,64.42247055990168,4.255002255388057
2012-06-16 13:00:00,66.62053487213792,64.00110234152463,4.409687808079319
2012-06-16 13:05:00,66.79761819886167,63.57764613699092,4.597598304857985
2012-06-16 13:10:00,66.92377530955741,64.14263197921952,4.349944760384653
2012-06-16 13:15:00,66.93303486388255,64.3363128568673,4.270034486696344
2012-06-16 13:20:00,67.07886820881565,63.71838691826732,4.533371562108278
2012-06-16 13:25:00,67.24900686979555,63.85961654729446,4.470784360679779
2012-06-16 13:30:00,67.29067353149843,64.37811461989254,4.253027408983478
2012-06-16 13:35:00,67.25363664695811,64.71096764178701,4.120003338258363
2012-06-16 13:40:00,67.15178485230915,64.46160613613984,4.219282166901848
2012-06-16 13:45:00,67.29761816826922,64.09546221301441,4.369717445898491
2012-06-16 13:50:00,67.35185110722735,64.59245580859296,4.16693220081341
2012-06-16 13:55:00,67.33548223332714,64.23691599202665,4.310801824992338
2012-06-16 14:00:00,67.31256545060107,64.44473269661042,4.112008616825924
2012-06-16 14:05:00,67.34034344719633,64.05184127577098,4.34420598186754
2012-06-16 14:10:00,67.27182514415875,64.45091873206799,4.108438499917331
2012-06-16 14:15:00,67.2551587170566,64.05184127577098,4.34420598186754
2012-06-16 14:20:00,67.18224204459005,64.05184127577098,4.34420598186754
2012-06-16 14:25:00,67.2007604868602,64.35171343702008,4.166009539616444
2012-06-16 14:30:00,67.2007604868602,64.27704059222799,4.209793030145143
2012-06-16 14:35:00,67.20539026402277,64.25210120102787,4.224502487213276
2012-06-16 14:40:00,67.29798314175365,63.59807085370452,4.626414347813505
2012-06-16 14:45:00,67.33964980345651,64.50035894944214,4.079998454690959
2012-06-16 14:50:00,67.22853845448243,64.59888087169573,4.023822394815714
2012-06-16 14:55:00,67.35949066255208,63.79287585663784,4.503327148840852
2012-06-16 15:00:00,67.43449078689328,64.07938180926566,4.121176877077114
2012-06-16 15:05:00,67.31411991256711,63.929507028367205,4.238905525326798
2012-06-16 15:10:00,67.3710644390784,63.77777304698488,4.361405092941902
2012-06-16 15:15:00,67.53356421111367,63.62428148808419,4.488717141759641
2012-06-16 15:20:00,67.58564755272879,63.228517342464066,4.832666855487127
2012-06-16 15:25:00,67.51157378364816,64.23955333614457,3.9989331849345575
2012-06-16 15:30:00,67.51157378364816,64.02340328763101,4.16476947867971
2012-06-16 15:35:00,67.54282376543878,64.02340328763101,4.16476947867971
2012-06-16 15:40:00,67.40856422600503,63.80318891444427,4.340652452028871
2012-06-16 15:45:00,67.1631940039773,64.57046733680818,3.7579789479489136
2012-06-16 15:50:00,67.09837976024875,63.675632543156844,4.445745070410489
2012-06-16 15:55:00,67.09837976024876,64.300533598174,3.9533590441533164
2012-06-16 16:00:00,67.015046436843,64.60527749775198,3.2744032923687207
2012-06-16 16:05:00,67.23726907684507,62.795780176144454,4.763849782379574
2012-06-16 16:10:00,67.23726907684507,64.12772513601928,3.614129489011326
2012-06-16 16:15:00,67.06018572114829,64.75699476168568,3.1740313396009374
2012-06-16 16:20:00,67.19560235719611,63.438074758630655,4.171441058960555
2012-06-16 16:25:00,67.26851900068961,63.61615588452948,4.019769442063834
2012-06-16 16:30:00,67.2175927846616,63.9609897796247,3.741500251710638
2012-06-16 16:35:00,67.15509279210728,64.2096726205978,3.553213800662395
2012-06-16 16:40:00,67.37533115497769,62.49074088004579,5.069389013852234
2012-06-16 16:45:00,67.48528471198456,62.534911017709554,5.024230868092771
2012-06-16 16:50:00,67.51769184833535,62.96585208684362,4.600130781029011
2012-06-16 16:55:00,67.42394184501735,64.29067523613809,3.4940793173523903
2012-06-16 17:00:00,67.25727516923281,64.53519456320852,2.627904901713459
2012-06-16 17:05:00,67.1380620579008,65.1529209644276,2.325673653498497
2012-06-16 17:10:00,67.08597871628568,64.68861397921995,2.5481604987243887
2012-06-16 17:15:00,67.01537693240041,63.96062812355424,2.9558939428126343
2012-06-16 17:20:00,66.92162695805547,65.05268166475965,2.3713755364479385
2012-06-16 17:25:00,66.79315495877844,64.76361687048721,2.5103254067143737
2012-06-16 17:30:00,66.84408117480645,64.14026217222595,2.848230169241041
2012-06-16 17:35:00,66.83366452386726,64.29627921030658,2.7585462724386764
2012-06-16 17:40:00,66.76967615686917,64.92061544299817,2.4335232601993346
2012-06-16 17:45:00,66.85300948027492,64.13094929300614,2.853695398726387
2012-06-16 17:50:00,66.85300948027492,63.87355359739204,3.009812596633635
2012-06-16 17:55:00,66.87268568553925,64.13094929300614,2.853695398726387
2012-06-16 18:00:00,67.16435234643244,64.33225576096957,2.1165737181366286
2012-06-16 18:05:00,67.19097258003355,65.17807337996244,1.8215882235793133
2012-06-16 18:10:00,67.32638927402746,65.17807337996244,1.8215882235793133
2012-06-16 18:15:00,67.44907439952785,64.48719397312506,2.056924209927116
2012-06-16 18:20:00,67.5219910719944,65.2374405313336,1.8035672775146843
2012-06-16 18:25:00,67.66087975118367,64.78386497474408,1.949916052969976
2012-06-16 18:30:00,67.71296309279879,65.35394777728942,1.7691599143693482
2012-06-16 18:35:00,67.74421307458944,65.11794594684126,1.8401812569612925
2012-06-16 18:40:00,67.7499999773391,65.29606206131702,1.7860976016324892
2012-06-16 18:45:00,67.7499999773391,65.52334293191406,1.7213491846687807
2012-06-16 18:50:00,67.91071445913569,64.8695589641468,1.9207080771089595
2012-06-16 18:55:00,67.97437157727713,65.17143319197898,1.8236245797645882
2012-06-16 19:00:00,67.77992693387033,66.39923041699691,1.317851419102273
2012-06-16 19:05:00,67.69659361046457,65.88534699763038,1.3920517931589658
2012-06-16 19:10:00,67.4257602514498,66.32004044225249,1.3282542788706664
2012-06-16 19:15:00,67.41534357153755,65.81738940998885,1.4031030769826707
2012-06-16 19:20:00,67.29381557162426,66.11649956559161,1.3566814166041974
2012-06-16 19:25:00,67.08548223413685,66.07480430749045,1.3628137432742269
2012-06-16 19:30:00,66.89798222750085,66.11649956559161,1.3566814166041974
2012-06-16 19:35:00,66.90376913025052,65.86117568193015,1.3959477916670997
2012-06-16 19:40:00,66.95006556911598,65.88534699763038,1.3920517931589658
2012-06-16 19:45:00,67.0530751267591,66.03277200592305,1.36910473359783
2012-06-16 19:50:00,66.96180530326066,66.21637577502328,1.3424233741089022
2012-06-16 19:55:00,67.03472200470027,66.03277200592305,1.36910473359783
2012-06-16 20:00:00,67.13541664478906,65.8756299009328,1.308575328410054
2012-06-16 20:05:00,67.1817130836545,65.80881906652722,1.3163478193218217
2012-06-16 20:10:00,67.43171308284481,65.5170363106311,1.3531557660808726
2012-06-16 20:15:00,67.47337977352072,66.01125299891997,1.2935073009010838
2012-06-16 20:20:00,67.56365776267033,65.8756299009328,1.308575328410054
2012-06-16 20:25:00,67.79282445998223,65.5170363106311,1.3531557660808726
2012-06-16 20:30:00,67.8657411324488,65.63442606113948,1.337771084888118
2012-06-16 20:35:00,67.901620891402,66.10406673819499,1.2837251234946347
2012-06-16 20:40:00,67.89236133707686,66.26219688206483,1.2680090558232384
2012-06-16 20:45:00,67.90393514257622,66.56623544003487,1.2409651058830777
2012-06-16 20:50:00,67.90393514257622,66.07194214700736,1.287063115586698
2012-06-16 20:55:00,67.88310178275172,66.46918155314546,1.2491612117282216
2012-06-16 21:00:00,67.89351846266398,66.2162855529521,1.2894063470520905
2012-06-16 21:05:00,67.93518512436685,65.99308507258333,1.3075562593961936
2012-06-16 21:10:00,67.7581017976431,66.37127261366636,1.2779263780116266
2012-06-16 21:15:00,67.8541666895424,66.15325268810078,1.2943341264988522
2012-06-16 21:20:00,67.8125000278395,66.1848437406113,1.291845124386202
2012-06-16 21:25:00,67.93055534720429,66.30972348757113,1.282379158824557
2012-06-16 21:30:00,68.15980531305587,65.92798952953272,1.3132270743861902
2012-06-16 21:35:00,68.2814992416145,66.2162855529521,1.2894063470520905
2012-06-16 21:40:00,68.38823067699111,66.21977025731547,1.2891385491703313
2012-06-16 21:45:00,68.36772986981045,66.55234445708345,1.2656149983885638
2012-06-16 21:50:00,68.49314564712952,66.07896793728533,1.3003391600829235
2012-06-16 21:55:00,68.50753343093332,66.37127261366636,1.2779263780116266
2012-06-16 22:00:00,68.54978245089903,66.09581170841368,1.3693473104413905
2012-06-16 22:05:00,68.61989212756568,65.97769870371054,1.3778673204755563
2012-06-16 22:10:00,68.76994643995546,65.7048787207472,1.3994038706591498
2012-06-16 22:15:00,68.7059631142677,66.27557973570215,1.3572609355083352
2012-06-16 22:20:00,68.75548932364804,65.91790638734791,1.3823613589086994
2012-06-16 22:25:00,68.58982082730981,66.4749807694405,1.3450479411126859
2012-06-16 22:30:00,68.42415233097158,66.43831300153046,1.3472020727376834
2012-06-16 22:35:00,68.2584838636064,66.4014159409193,1.3494110213693116
2012-06-16 22:40:00,68.09281472986112,66.36429378869903,1.3516753954415766
2012-06-16 22:45:00,67.92714620454984,66.32694295221165,1.3539973099869753
2012-06-16 22:50:00,67.7614770997776,66.28936882044411,1.3563766056537434
2012-06-16 22:55:00,67.59580860343938,66.25156858301071,1.3588152091495675
2012-06-16 23:00:00,67.43013949866716,65.95849962659906,1.4904914681728003
2012-06-16 23:05:00,67.26447103130197,65.92140760634861,1.4931602987505166
2012-06-16 23:10:00,67.0988018975567,65.88410724091067,1.4958883719679308
2012-06-16 23:15:00,66.93313343019152,65.84659983407244,1.4986760355016173
2012-06-16 23:20:00,66.76746429644624,65.80888695037847,1.5015247742202815
2012-06-16 23:25:00,66.60179582908104,65.77096830009829,1.5044352110444537
2012-06-16 23:30:00,66.43612669533576,65.73284727307853,1.507408758410218
2012-06-16 23:35:00,66.27045819899753,65.69452447775319,1.5104462130763927
2012-06-16 23:40:00,66.10478973163235,65.65600052255625,1.5135496466159024
2012-06-16 23:45:00,65.93912126426717,65.6172804777711,1.5167188200011024
2012-06-16 23:50:00,65.77345276792896,65.578362662961,1.5199557613453447
2012-06-16 23:55:00,65.60778428607725,65.53925284376244,1.523261173245042
2012-06-17 00:00:00,65.44211580422555,65.1114887816014,1.715267640508462
2012-06-17 00:05:00,65.27644730788732,65.071726735635,1.7192488994533095
2012-06-17 00:10:00,65.1107788115491,65.03177077305897,1.7233068500559539
2012-06-17 00:15:00,64.94511032969739,64.99162926708419,1.7274418399929703
2012-06-17 00:20:00,64.77944184784569,64.95129551045004,1.731657186678343
2012-06-17 00:25:00,64.61377303280393,64.91077891939712,1.7359523106511139
2012-06-17 00:30:00,64.44810455095224,64.87007801629997,1.7403292255381126
2012-06-17 00:35:00,64.282435750397,64.82919766863063,1.7447899159931202
2012-06-17 00:40:00,64.1167672468155,64.78813732590119,1.749335323640194
2012-06-17 00:45:00,63.951098431773744,64.746904434185,1.7539664625360094
2012-06-17 00:50:00,63.78542994992205,64.70549593682546,1.758685954741403
2012-06-17 00:55:00,63.61976114212356,64.66391897567887,1.763494915718718
2012-06-17 01:00:00,63.45409266027185,64.37703450466675,2.0107474732090833
2012-06-17 01:05:00,63.28842385247336,64.32945463221188,2.0185206956903103
2012-06-17 01:10:00,63.122755370621654,64.28166758797795,2.0264405507669694
2012-06-17 01:15:00,62.95708656282316,64.23368023857738,2.034508458118409
2012-06-17 01:20:00,62.791418082329564,64.18549294617323,2.0427280538621395
2012-06-17 01:25:00,62.625749276341885,64.13711375078631,2.0511015834093738
2012-06-17 01:30:00,62.46008046492177,64.08854786756521,2.0596301767089806
2012-06-17 01:35:00,62.294411660744906,64.03979813586865,2.0683179044741897
2012-06-17 01:40:00,62.128742860189675,63.99087026338708,2.077167606063695
2012-06-17 01:45:00,61.963074059634444,63.9417706097045,2.086180628724225
2012-06-17 01:50:00,61.797405251835954,63.892502796451886,2.0953612749533925
2012-06-17 01:55:00,61.631736444037465,63.84307211121048,2.104711341080167
2012-06-17 02:00:00,61.46606763623896,63.11064662849561,2.53899843870545
2012-06-17 02:05:00,61.30039882844048,63.059333723683785,2.551860139643628
2012-06-17 02:10:00,61.13473002788524,63.00789369238101,2.564948221491588
2012-06-17 02:15:00,60.96906122008675,62.95632990270415,2.578266233447699
2012-06-17 02:20:00,60.80339241817341,62.90465298414011,2.591817043843705
2012-06-17 02:25:00,60.63772392726762,62.85286421512465,2.60560643280266
2012-06-17 02:30:00,60.47205544179429,62.80097725644983,2.6196347769741863
2012-06-17 02:35:00,60.3063869490777,62.748993676281906,2.6339083635096814
2012-06-17 02:40:00,60.14071845998273,62.6969242091351,2.648430249065697
2012-06-17 02:45:00,59.9750499636445,62.64477476370038,2.663203997327126
2012-06-17 02:50:00,59.80938147454953,62.592551911427165,2.6782339397646293
2012-06-17 02:55:00,59.643712978211305,62.54026352030878,2.6935241181183884
2012-06-17 03:00:00,59.47804450360286,61.538595425666024,3.356201391912236
2012-06-17 03:05:00,59.312376021751156,61.48650569368303,3.3758499568888607
2012-06-17 03:10:00,59.1467072067094,61.43449099465082,3.395789193968564
2012-06-17 03:15:00,58.981038391667646,61.38256122286531,3.4160212471568894
2012-06-17 03:20:00,58.815369591112415,61.33072703497561,3.436549781544397
2012-06-17 03:25:00,58.64970079055718,61.27899405718552,3.4573804034158564
2012-06-17 03:30:00,58.48403197551543,61.227376010044,3.4785142861797063
2012-06-17 03:35:00,58.31836318944673,61.17588039757047,3.499955717847038
2012-06-17 03:40:00,58.1526943888915,61.12451515838004,3.521711536057154
2012-06-17 03:45:00,57.98702558833627,61.07329139820416,3.543781248268243
2012-06-17 03:50:00,57.82135677329452,61.022216894495365,3.5661714458487004
2012-06-17 03:55:00,57.65568798722581,60.971300062113244,3.588886967297526
2012-06-17 04:00:00,57.49001917218405,60.561770872137664,3.962405863874224
2012-06-17 04:05:00,57.32435035714229,60.5194319705341,3.984116817319665
2012-06-17 04:10:00,57.15868186080407,60.47732917754117,4.006174172525823
2012-06-17 04:15:00,56.99301339343889,60.43546791836204,4.028586824218404
2012-06-17 04:20:00,56.827344897100666,60.39385048911081,4.051360364195654
2012-06-17 04:25:00,56.66167640076244,60.35248088082482,4.074504237671189
2012-06-17 04:30:00,56.496007904424204,60.311362142917346,4.098028150616056
2012-06-17 04:35:00,56.33033937911293,60.270497404477574,4.121939027588702
2012-06-17 04:40:00,56.16467091174775,60.229891185300964,4.146246777371513
2012-06-17 04:45:00,55.999002444382576,60.18954594085333,4.170959222687419
2012-06-17 04:50:00,55.83333397701739,60.14946527103586,4.196087257402435
2012-06-17 04:55:00,55.66766548067917,60.10964995812089,4.221638240670723
2012-06-17 05:00:00,55.501996694610455,60.63413372117194,3.8724505765321595
2012-06-17 05:05:00,55.33632790854176,60.60054563614539,3.89742412695576
2012-06-17 05:10:00,55.17065912247305,60.56708935675703,3.923013702323855
2012-06-17 05:15:00,55.00499030743129,60.53376392689623,3.949232601265432
2012-06-17 05:20:00,54.83932149238955,60.50057637252715,3.9760949336548173
2012-06-17 05:25:00,54.673652677347796,60.467525737539184,4.003615157042917
2012-06-17 05:30:00,54.50798386230603,60.43461843946246,4.031808018711111
2012-06-17 05:35:00,54.34231510521038,60.40185709311453,4.060685571447329
2012-06-17 05:40:00,54.17664629016861,60.36924836953969,4.090263084047813
2012-06-17 05:45:00,54.01097747512687,60.33679247879254,4.120556028120144
2012-06-17 05:50:00,53.84530866008512,60.30449801862503,4.151576398506153
2012-06-17 05:55:00,53.67963984504335,60.272370327321255,4.183337088212156
2012-06-17 06:00:00,53.513971319732086,61.27393729606735,3.7479115381291304
2012-06-17 06:05:00,53.34830279442081,61.240335303977815,3.783433393021594
2012-06-17 06:10:00,53.18263432705563,61.2067797837517,3.8198342177547864
2012-06-17 06:15:00,53.01696585969044,61.17326799019273,3.8571284698796116
2012-06-17 06:20:00,52.85129739232526,61.13980310399831,3.8953266810989837
2012-06-17 06:25:00,52.68562892496009,61.106377139472094,3.9344424397723667
2012-06-17 06:30:00,52.51996045759491,61.07298943566648,3.974483858353174
2012-06-17 06:35:00,52.35429193228362,61.03963114674775,4.015462815791045
2012-06-17 06:40:00,52.18862340697235,61.006294531479654,4.057389655464082
2012-06-17 06:45:00,52.02295493960718,60.97296659726103,4.10027393847809
2012-06-17 06:50:00,51.85728612456543,60.93963465389692,4.1441236034481985
2012-06-17 06:55:00,51.69161730952367,60.906282221155486,4.188946125420763
2012-06-17 07:00:00,51.525948494481916,61.71633126345566,4.22896601702698
2012-06-17 07:05:00,51.36027973738626,61.677755022772146,4.278141304851116
2012-06-17 07:10:00,51.19461086439841,61.63894786327523,4.3282790193804646
2012-06-17 07:15:00,51.02894204935665,61.59987142283867,4.379379334453312
2012-06-17 07:20:00,50.8632731763688,61.560477926717276,4.4314441622908225
2012-06-17 07:25:00,50.697604361327045,61.520723703473806,4.484474082353949
2012-06-17 07:30:00,50.531935604231386,61.48055711408279,4.538465386092566
2012-06-17 07:35:00,50.36626678918963,61.43992266972507,4.593418652967627
2012-06-17 07:40:00,50.20059803209397,61.39876092857126,4.649331391297014
2012-06-17 07:45:00,50.03492915910613,61.35701590382788,4.706195749384746
2012-06-17 07:50:00,49.86926069174095,61.31462055729455,4.764010075767093
2012-06-17 07:55:00,49.703592166429665,61.27151370694819,4.8227658523679695
2012-06-17 08:00:00,49.537923699064486,61.663710296152836,5.136463531966763
2012-06-17 08:05:00,49.37225523169931,61.61613872990862,5.198231636358021
2012-06-17 08:10:00,49.20658676433413,61.56760631599033,5.260848766945002
2012-06-17 08:15:00,49.04091829696895,61.51803155321414,5.324306289759433
2012-06-17 08:20:00,48.87524982960377,61.46734456945348,5.388587081730002
2012-06-17 08:25:00,48.70958136223859,61.41546038856964,5.453685724896751
2012-06-17 08:30:00,48.543912778981216,61.362303834557395,5.5195794754170775
2012-06-17 08:35:00,48.37824431161604,61.307798418570286,5.586259960080137
2012-06-17 08:40:00,48.21257549657428,61.251869665388675,5.653709795057189
2012-06-17 08:45:00,48.046906681532526,61.19444723569552,5.721907598238883
2012-06-17 08:50:00,47.88123786649077,61.13545631745949,5.790841114025953
2012-06-17 08:55:00,47.71556916734121,61.0748285849904,5.860494146484625
2012-06-17 09:00:00,47.54990035229945,61.07046139418261,6.375781281048961
2012-06-17 09:05:00,47.384231537257705,61.00359296860106,6.447355748098405
2012-06-17 09:10:00,47.21856272221595,60.934692746467675,6.519471055033036
2012-06-17 09:15:00,47.052893907174195,60.863708393403805,6.5921062833122726
2012-06-17 09:20:00,46.88722509213244,60.790589706360755,6.665242687374118
2012-06-17 09:25:00,46.721556277090684,60.715293263793775,6.7388711696815315
2012-06-17 09:30:00,46.55588757794112,60.637783001501475,6.8129607001002155
2012-06-17 09:35:00,46.390218762899366,60.55802681915762,6.887497400540216
2012-06-17 09:40:00,46.224550295534186,60.4759984436402,6.962471304273063
2012-06-17 09:45:00,46.05888182816901,60.39168265957202,7.037856335555638
2012-06-17 09:50:00,45.89321336080383,60.305065888553116,7.1136390219206715
2012-06-17 09:55:00,45.727544777546456,60.21614380545065,7.1897975466630895
2012-06-17 10:00:00,45.561876310181276,59.68340269658527,7.5821034511774705
2012-06-17 10:05:00,45.396207842816096,59.577888418951,7.654692757175783
2012-06-17 10:10:00,45.23053937545092,59.47013437984867,7.727544501041991
2012-06-17 10:15:00,45.06487090808574,59.36018944232356,7.8006597258058195
2012-06-17 10:20:00,44.89920244072056,59.24810940846592,7.874020815854148
2012-06-17 10:25:00,44.73353397335538,59.13394691506053,7.9476263804806715
2012-06-17 10:30:00,44.56786515831362,59.01776990390471,8.021459557371514
2012-06-17 10:35:00,44.40219634327187,58.89964516511714,8.095520694203254
2012-06-17 10:40:00,44.23652752823011,58.77963836973256,8.169796868996519
2012-06-17 10:45:00,44.07085871318836,58.6578276797909,8.244287212559879
2012-06-17 10:50:00,43.9051898981466,58.534292209821096,8.31897155965199
2012-06-17 10:55:00,43.73952108310485,58.40910350152171,8.393856979696542
2012-06-17 11:00:00,43.57385226806309,56.936748444252686,8.502210384240826
2012-06-17 11:05:00,43.40818345302134,56.789069805898684,8.573901931376843
2012-06-17 11:10:00,43.24251463797958,56.64084776354476,8.645840734503654
2012-06-17 11:15:00,43.07684582293783,56.49218670708249,8.718014277264569
2012-06-17 11:20:00,42.91117700789607,56.34317378743999,8.79041189757796
2012-06-17 11:25:00,42.00931393952791,56.19390713633049,8.863023744607538
2012-06-17 11:30:00,41.03792343686372,56.04447584587626,8.935850803436933
2012-06-17 11:35:00,39.50742218143516,55.89496628473314,9.008871923741177
2012-06-17 11:40:00,37.822902405310664,55.74546605291144,9.082084671784244
2012-06-17 11:45:00,36.21584589719476,55.59605497115813,9.155473749796846
2012-06-17 11:50:00,34.76842821749904,55.44681144054085,9.229023744117494
2012-06-17 11:55:00,33.59754784973165,55.297816904297235,9.302736161344681
2012-06-17 12:00:00,31.89649164857092,52.528335986282435,9.277345920546152
2012-06-17 12:05:00,30.521741154426266,52.37857372221552,9.351415691346165
2012-06-17 12:10:00,31.216352072535575,52.23026717996739,9.425563979105991
2012-06-17 12:15:00,31.78587967905048,52.08344249322726,9.499772646697647
2012-06-17 12:20:00,33.15624994089415,51.93811756733873,9.574026975812796
2012-06-17 12:25:00,36.08333322973817,46.20518836092046,13.24464565091457
2012-06-17 12:30:00,39.1203701625082,45.78372711008657,13.576699668580504
2012-06-17 12:35:00,42.620370064253294,43.61038542719257,15.451334558644637
2012-06-17 12:40:00,46.392360798276854,43.15266573966941,15.893243538035428
2012-06-17 12:45:00,50.208332734908005,43.31885827152505,15.730095262268966
2012-06-17 12:50:00,53.85416618439754,43.7343097589248,15.335395083022048
2012-06-17 12:55:00,57.15393471382445,44.62696252714926,14.536756726150726
2012-06-17 13:00:00,61.07060143540963,41.56610360671755,15.46203442112707
2012-06-17 13:05:00,64.5983793916961,42.20662282947725,14.685293430291393
2012-06-17 13:10:00,66.09490708293903,57.614527759913734,6.059248994335616
2012-06-17 13:15:00,67.78009219613556,55.63619689724211,6.648085225056115
2012-06-17 13:20:00,68.68055531580214,62.84752059140649,4.086632529361296
2012-06-17 13:25:00,68.65972195597766,65.47713651230843,3.469581576807961
2012-06-17 13:30:00,68.7060183948431,65.57262944726908,3.464318593683496
2012-06-17 13:35:00,68.86226839071541,65.18171650895174,3.4841725051371273
2012-06-17 13:40:00,68.82060172901254,65.55182361184009,3.465501534256292
2012-06-17 13:45:00,68.71296303161391,65.9429067378408,3.4387207320237017
2012-06-17 13:50:00,68.67129631196492,65.8538616967447,3.4457825502867405
2012-06-17 13:55:00,68.7129629736678,65.55182361184009,3.465501534256292
2012-06-17 14:00:00,68.68171293393108,65.68414621610246,3.3698200571864274
2012-06-17 14:05:00,68.62268498451822,65.36901770253301,3.430270380439955
2012-06-17 14:10:00,68.55208320063294,65.46860073369295,3.4118396250992746
2012-06-17 14:15:00,68.5023147475991,65.67450757841858,3.371765307622575
2012-06-17 14:20:00,68.43518494890917,65.68414621610246,3.3698200571864274
2012-06-17 14:25:00,68.46643498864591,65.21389743823104,3.457908958728734
2012-06-17 14:30:00,68.48726834847038,65.59758859808788,3.387062077344732
2012-06-17 14:35:00,68.45023146393008,65.59758859808788,3.387062077344732
2012-06-17 14:40:00,68.57523150698479,65.21389743823104,3.457908958728734
2012-06-17 14:45:00,68.57523150698478,65.38320380495037,3.4276796249830723
2012-06-17 14:50:00,68.52083333473449,65.55447670280954,3.3954616391755064
2012-06-17 14:55:00,68.35416668792298,65.55447670280954,3.3954616391755064
2012-06-17 15:00:00,68.32291670613235,65.44876759591467,3.3357485351258482
2012-06-17 15:05:00,68.30416682715556,64.9288171913444,3.5594532913933516
2012-06-17 15:10:00,68.24861147137204,64.99213926515988,3.5320219138566444
2012-06-17 15:15:00,68.1340281372026,65.34450196972585,3.3803250179756277
2012-06-17 15:20:00,68.17106502174293,65.26926273082032,3.4125834211850172
2012-06-17 15:25:00,68.06689833851267,65.18831464255615,3.4473704181770155
2012-06-17 15:30:00,68.00902809414788,65.60528740329556,3.269128459267664
2012-06-17 15:35:00,68.05648165860043,65.31555734438373,3.3927261343713053
2012-06-17 15:40:00,67.89560185659252,65.65747316463502,3.24700248139755
2012-06-17 15:45:00,67.74976854063245,65.24034406532914,3.425001124650619
2012-06-17 15:50:00,67.71041673853782,65.1767579601281,3.452343801201175
2012-06-17 15:55:00,67.78564829958566,64.61922742636935,3.6944555114505064
2012-06-17 16:00:00,67.72777805522087,65.38260943735919,3.0391727968883298
2012-06-17 16:05:00,67.76388922190766,64.82462560577947,3.388421695563634
2012-06-17 16:10:00,67.82638921446195,64.67413236620051,3.4897399949950434
2012-06-17 16:15:00,67.87962965269115,64.74668229782672,3.440514830068944
2012-06-17 16:20:00,67.79861121786668,65.57395416745179,2.9288640737737537
2012-06-17 16:25:00,67.87731476410987,64.61582842428167,3.5298119511683397
2012-06-17 16:30:00,67.82870343666315,65.41013739655106,3.0230082409219325
2012-06-17 16:35:00,67.73495343334515,65.68858065697606,2.865060830065232
2012-06-17 16:40:00,67.78356476079188,64.8476339143639,3.3731996473320156
2012-06-17 16:45:00,67.90277787212388,64.41737635202452,3.669660550894175
2012-06-17 16:50:00,67.93055586871917,65.00479057831072,3.2711250354581707
2012-06-17 16:55:00,67.95833386531444,65.01898651707783,3.2620683649009763
2012-06-17 17:00:00,67.98611125347571,65.51541455876131,2.3409299188996875
2012-06-17 17:05:00,68.013888641637,65.52934443802953,2.334188339735111
2012-06-17 17:10:00,68.04166602979826,65.54324564846688,2.327491408037352
2012-06-17 17:15:00,68.0694440553666,65.55711119308224,2.3208409925679985
2012-06-17 17:20:00,68.09722208093491,65.57094924227515,2.3142338193726397
2012-06-17 17:25:00,68.12500010650326,65.58475834739319,2.3076700188299903
2012-06-17 17:30:00,68.1527781320716,65.59853662518829,2.3011499386166254
2012-06-17 17:35:00,68.18055609969385,65.61228384387601,2.2946741871665504
2012-06-17 17:40:00,68.20833406731609,65.62600179978536,2.288240316257218
2012-06-17 17:45:00,68.23611139753126,65.6396896237249,2.2818497310814507
2012-06-17 17:50:00,68.26388872774645,65.65334806899385,2.27550104093295
2012-06-17 17:55:00,68.29166605796162,65.66697545515548,2.269195346787537
2012-06-17 18:00:00,68.31944402558386,66.25657480698466,1.5896314072679043
2012-06-17 18:05:00,68.34722199320609,66.26764213463365,1.5869064703829256
2012-06-17 18:10:00,68.37499996082833,66.27868842784986,1.584198142297657
2012-06-17 18:15:00,68.40277792845056,66.28971475863604,1.5815062998766447
2012-06-17 18:20:00,68.43055589607279,66.30071956244765,1.5788314284184406
2012-06-17 18:25:00,68.45833386369503,66.31170307106906,1.5761734192741157
2012-06-17 18:30:00,68.48611119391022,66.32266655931434,1.5735314756848526
2012-06-17 18:35:00,68.5138885820715,66.33360930285734,1.5709064740853507
2012-06-17 18:40:00,68.54166597023278,66.34453214191645,1.5682967412820925
2012-06-17 18:45:00,68.56944399580112,66.35542939777424,1.56570499349832
2012-06-17 18:50:00,68.59722202136946,66.36631086332092,1.5631275366704251
2012-06-17 18:55:00,68.62500004693779,66.37717097573132,1.5605664930741663
2012-06-17 19:00:00,68.65277807250611,66.70889872790484,1.2811128772794713
2012-06-17 19:05:00,68.68055609807443,66.71798571875665,1.2799462485326456
2012-06-17 19:10:00,68.70833406569668,66.7270611783354,1.2787858996939523
2012-06-17 19:15:00,68.73611139591186,66.73612148501012,1.277631483086817
2012-06-17 19:20:00,68.76388872612704,66.74516907251679,1.2764834622800059
2012-06-17 19:25:00,68.79166605634221,66.75420570821137,1.2753413012721333
2012-06-17 19:30:00,68.81944402396446,66.76322536569987,1.274205825795064
2012-06-17 19:35:00,68.84722199158671,66.77223444802587,1.27307583346731
2012-06-17 19:40:00,68.87268507062767,66.78123023172292,1.271951845803734
2012-06-17 19:45:00,68.73958326521502,66.79021378879371,1.2708338410745494
2012-06-17 19:50:00,68.54166657866679,66.79918566972621,1.269721493332968
2012-06-17 19:55:00,68.33796298936888,66.80814277440429,1.2686154254995194
2012-06-17 20:00:00,68.16666653642176,66.88083389169294,1.1986380325263213
2012-06-17 20:05:00,68.04513850753544,66.88880040786326,1.1979825390473222
2012-06-17 20:10:00,67.89004566622329,66.8967551609761,1.1973306020099532
2012-06-17 20:15:00,67.76967545827723,66.90469812205845,1.196681859251115
2012-06-17 20:20:00,67.66203681882469,66.91263294171436,1.196036057256639
2012-06-17 20:25:00,67.55555527598621,66.92055877972543,1.195393311918717
2012-06-17 20:30:00,67.4432868593711,66.92847323132865,1.1947537318862782
2012-06-17 20:35:00,67.25810177028946,66.93637794798778,1.194117447538038
2012-06-17 20:40:00,67.11226845432938,66.93637794798778,1.194117447538038
2012-06-17 20:45:00,67.15393514500532,66.38043090718907,1.2447578372052264
2012-06-17 20:50:00,67.22685181747187,66.14561107568964,1.2700895162306827
2012-06-17 20:55:00,67.43055540676978,66.13236390283565,1.271596158181164
2012-06-17 21:00:00,67.51388873017554,66.21553770063964,1.2687146292155362
2012-06-17 21:05:00,67.52893518725034,66.39209791898352,1.2536736480467823
2012-06-17 21:10:00,67.57060184895322,66.28662976644154,1.262524899694351
2012-06-17 21:15:00,67.57261156442094,66.4114701100562,1.2520899377888817
2012-06-17 21:20:00,67.55695539852607,66.4616108088095,1.2480508558836836
2012-06-17 21:25:00,67.53520718574103,66.47313304228359,1.2471343152430865
2012-06-17 21:30:00,67.51431153386356,66.4616108088095,1.2480508558836836
2012-06-17 21:35:00,67.56139760417655,66.22346756590436,1.2680151836228697
2012-06-17 21:40:00,67.56651247708012,66.35710009960847,1.2565673674223148
2012-06-17 21:45:00,67.5377572775252,66.4616108088095,1.2480508558836836
2012-06-17 21:50:00,67.53763266444616,66.35710009960847,1.2565673674223148
2012-06-17 21:55:00,67.40757308700934,66.77361084163951,1.2247786680222525
2012-06-17 22:00:00,67.36054232624484,66.3251005850686,1.3279483452146066
2012-06-17 22:05:00,67.32709505747435,66.2744459913647,1.3319043686347312
2012-06-17 22:10:00,67.29565814157866,66.25990780846924,1.3330543089059657
2012-06-17 22:15:00,67.26422122568296,66.25166712034662,1.3337097878984407
2012-06-17 22:20:00,67.23278430978725,66.24342078247967,1.334367352950365
2012-06-17 22:25:00,67.20134739389157,66.23516166749862,1.3350281122808205
2012-06-17 22:30:00,67.16991047799587,66.226896786881,1.3356919789706634
2012-06-17 22:35:00,67.13847356210017,66.21862066472083,1.336358569127009
2012-06-17 22:40:00,67.10703664620446,66.21033654599943,1.3370280928044547
2012-06-17 22:45:00,67.07559973030878,66.202042141846,1.3377005427597384
2012-06-17 22:50:00,67.04416217700602,66.1937409869724,1.3383761073176716
2012-06-17 22:55:00,67.0127252611103,66.18542838774492,1.3390544170718937
2012-06-17 23:00:00,66.98128770780757,65.93778720027652,1.4680061086165084
2012-06-17 23:05:00,66.94985079191187,65.92974787483685,1.4687313040054981
2012-06-17 23:10:00,66.91841323860912,65.92170272581453,1.469459498104946
2012-06-17 23:15:00,66.88697632271342,65.91364781287507,1.4701903070219664
2012-06-17 23:20:00,66.85553876941067,65.90558606229631,1.4709241943253266
2012-06-17 23:25:00,66.82410185351497,65.89751318606717,1.4716614714752916
2012-06-17 23:30:00,66.79266430021222,65.88943428344403,1.472401703876142
2012-06-17 23:35:00,66.76122738431654,65.88134503744283,1.4731448046087354
2012-06-17 23:40:00,66.72978983101378,65.87324886688316,1.4738907881595944
2012-06-17 23:45:00,66.69835291511808,65.86514342494816,1.4746399732322473
2012-06-17 23:50:00,66.66691599922238,65.85702853779955,1.475392287394073
2012-06-17 23:55:00,66.63547908332669,65.84890811679878,1.476147325022402
2012-06-18 00:00:00,66.60404216743099,65.49754504033154,1.6606911319050572
2012-06-18 00:05:00,66.57260525153528,65.48938573750048,1.661576236788681
2012-06-18 00:10:00,66.5411683356396,65.48121669972535,1.662464905357196
2012-06-18 00:15:00,66.5097314197439,65.47304169350234,1.663356558149645
2012-06-18 00:20:00,66.4782945038482,65.4648541998957,1.6642518108432964
2012-06-18 00:25:00,66.44685695054545,65.45666117243688,1.6651505692757436
2012-06-18 00:30:00,66.41542003464976,65.44845748289644,1.666053072474632
2012-06-18 00:35:00,66.383982481347,65.44024817258473,1.6669582846534992
2012-06-18 00:40:00,66.35254556545131,65.4320276786765,1.6678674806264533
2012-06-18 00:45:00,66.32110801214856,65.42379979664106,1.668780051959488
2012-06-18 00:50:00,66.2896710672798,65.41556165814669,1.6696963318426536
2012-06-18 00:55:00,66.25823351397705,65.4073181886115,1.6706154583277757
2012-06-18 01:00:00,66.22679656910832,64.07479912779247,2.2511967244563165
2012-06-18 01:05:00,66.19535898683252,64.06399538244678,2.2530609372774815
2012-06-18 01:10:00,66.16392204196377,64.0531809460464,2.254931350330898
2012-06-18 01:15:00,66.13248445968797,64.04236035287336,2.2568075579938944
2012-06-18 01:20:00,66.10104751481923,64.03152935837612,2.258690052808286
2012-06-18 01:25:00,66.06961056995048,64.02068922288227,2.260578327745733
2012-06-18 01:30:00,66.03817362508174,64.0098447848908,2.262471991670091
2012-06-18 01:35:00,66.006736680213,63.9989902353056,2.2643721020976066
2012-06-18 01:40:00,65.97529973534425,63.988128036835775,2.26627803610775
2012-06-18 01:45:00,65.94386279047548,63.97725579920484,2.268190604945864
2012-06-18 01:50:00,65.91242523717274,63.966379288049346,2.270108881474414
2012-06-18 01:55:00,65.880988292304,63.95549178162218,2.2720327932607813
2012-06-18 02:00:00,65.84955073900124,62.98337337096739,2.883672333765249
2012-06-18 02:05:00,65.81811382310555,62.97221858817331,2.8862861807413096
2012-06-18 02:10:00,65.78667626980281,62.96106260661938,2.888904243295839
2012-06-18 02:15:00,65.7552393539071,62.94989821201667,2.891531084683883
2012-06-18 02:20:00,65.72380180060435,62.93873268746509,2.894163228139693
2012-06-18 02:25:00,65.69236488470865,62.927557761159456,2.8968031508588648
2012-06-18 02:30:00,65.66092733140592,62.91638201998686,2.8994489551067613
2012-06-18 02:35:00,65.6294904155102,62.90519845971297,2.90210114791172
2012-06-18 02:40:00,65.59805286220747,62.89401502257451,2.9047593091645463
2012-06-18 02:45:00,65.56661594631176,62.88282183962707,2.9074264230891735
2012-06-18 02:50:00,65.53517903041606,62.871624785156115,2.9100994909751456
2012-06-18 02:55:00,65.50374211452036,62.8604264739792,2.9127785273089857
2012-06-18 03:00:00,65.47230519862467,61.95322289559012,3.5189278780473408
2012-06-18 03:05:00,65.44086828272897,61.94282843574211,3.52148966045632
2012-06-18 03:10:00,65.40943136683329,61.93243197856459,3.524055513578531
2012-06-18 03:15:00,65.37799445093758,61.92204061249483,3.526623742490669
2012-06-18 03:20:00,65.34655753504188,61.91165078426014,3.5291962883869448
2012-06-18 03:25:00,65.31511998173913,61.90126496788718,3.531771137640528
2012-06-18 03:30:00,65.28368306584343,61.89087802428156,3.5343501590130093
2012-06-18 03:35:00,65.25224551254068,61.88049754483456,3.536932700610812
2012-06-18 03:40:00,65.22080859664499,61.87011587568179,3.5395183133516905
2012-06-18 03:45:00,65.18937104334223,61.85974037371388,3.542107127614363
2012-06-18 03:50:00,65.15793412744654,61.84936516871971,3.544700447185985
2012-06-18 03:55:00,65.12649657414379,61.83899443813744,3.547295085031285
2012-06-18 04:00:00,65.09505965824809,61.825568273528326,3.329491530187434
2012-06-18 04:05:00,65.06362210494534,61.81714128236985,3.330785582398933
2012-06-18 04:10:00,65.03218518904963,61.808717838598945,3.332083386620137
2012-06-18 04:15:00,65.00074763574689,61.800303764892796,3.333383218954692
2012-06-18 04:20:00,64.96931071985118,61.79189271343771,3.3346855864309397
2012-06-18 04:25:00,64.9378738039555,61.78348730810535,3.3359917783495106
2012-06-18 04:30:00,64.9064368880598,61.7750903212542,3.337300085300578
2012-06-18 04:35:00,64.8749999721641,61.766698482551504,3.3386112026372916
2012-06-18 04:40:00,64.84356305626841,61.758313045986995,3.3399262023624243
2012-06-18 04:45:00,64.81212614037271,61.74993307899067,3.341242694199524
2012-06-18 04:50:00,64.780689224477,61.741561786705994,3.342563126371138
2012-06-18 04:55:00,64.74925230858132,61.733193341023245,3.3438870353085015
2012-06-18 05:00:00,64.71781475527855,62.717087767321964,2.6161465378989646
2012-06-18 05:05:00,64.68637783938287,62.710003833569296,2.617004270495583
2012-06-18 05:10:00,64.6549402860801,62.702926348130596,2.6178666098068173
2012-06-18 05:15:00,64.62350337018441,62.69585199359191,2.6187351928098743
2012-06-18 05:20:00,64.59206581688166,62.68878286778294,2.6196083680410234
2012-06-18 05:25:00,64.56062890098598,62.68171730113182,2.620487193016514
2012-06-18 05:30:00,64.52919134768321,62.67465928558132,2.6213707985449086
2012-06-18 05:35:00,64.49775443178751,62.66760325830624,2.6222593729510186
2012-06-18 05:40:00,64.46631687848476,62.660554591996124,2.623153799912804
2012-06-18 05:45:00,64.43487996258908,62.65350881212592,2.624052732183539
2012-06-18 05:50:00,64.40344240928631,62.64646967613775,2.6249575314964733
2012-06-18 05:55:00,64.37200549339062,62.63943433742967,2.6258676328771746
2012-06-18 06:00:00,64.34056857749492,63.90943657235356,2.205007630733354
2012-06-18 06:05:00,64.30913166159922,63.90291721646639,2.2059241641306886
2012-06-18 06:10:00,64.27769474570353,63.8964018661031,2.2068448261873503
2012-06-18 06:15:00,64.24625782980783,63.889891180400525,2.2077713263131638
2012-06-18 06:20:00,64.21482091391213,63.88338013253483,2.208702954668456
2012-06-18 06:25:00,64.18338399801644,63.87687553117232,2.2096407397964275
2012-06-18 06:30:00,64.15194708212074,63.87037338527559,2.210583725586497
2012-06-18 06:35:00,64.12050984752152,63.863873760034046,2.2115323321478595
2012-06-18 06:40:00,64.0890729171393,63.85737781436959,2.2124861683443684
2012-06-18 06:45:00,64.05763566805355,63.85088527303825,2.2134462916922724
2012-06-18 06:50:00,64.02619873767132,63.84439576663368,2.214410818943457
2012-06-18 06:55:00,63.99476148858557,63.837910432348025,2.215381894103468
2012-06-18 07:00:00,63.96332455820336,65.04076242809667,1.9849401943590523
2012-06-18 07:05:00,63.931887309117606,65.03421336034887,1.9857119784090684
2012-06-18 07:10:00,63.9004503787354,65.02766553844215,1.9864888327424672
2012-06-18 07:15:00,63.86901281094612,65.02112164238342,1.987270076492624
2012-06-18 07:20:00,63.83757556186037,65.01457839821825,1.9880564774453064
2012-06-18 07:25:00,63.80613799407109,65.00803797892526,1.9888479197083244
2012-06-18 07:30:00,63.774700744985346,65.00149937044776,1.9896438238207192
2012-06-18 07:35:00,63.743263495899605,64.9949623699744,1.9904444650264457
2012-06-18 07:40:00,63.71182626130038,64.98842812194063,1.9912508863552285
2012-06-18 07:45:00,63.68038902670114,64.9818966263464,1.9920613494241943
2012-06-18 07:50:00,63.64895179210192,64.97536653594497,1.9928770711013541
2012-06-18 07:55:00,63.61751455750269,64.96883776381723,1.9936982107384713
2012-06-18 08:00:00,63.58607732290346,65.5934558680486,1.9696838130656704
2012-06-18 08:05:00,63.55464008830425,65.58655444457874,1.9703489618128824
2012-06-18 08:10:00,63.52320285370504,65.57965520857401,1.9710196588987685
2012-06-18 08:15:00,63.49176593780934,65.57275717495075,1.9716960636750913
2012-06-18 08:20:00,63.460329021913644,65.565861864794,1.9723788425219517
2012-06-18 08:25:00,63.42889210601794,65.55896664155641,1.9730673145727256
2012-06-18 08:30:00,63.39745519012223,65.55207422870447,1.973761798530939
2012-06-18 08:35:00,63.366018274226526,65.54518359769496,1.9744612513668678
2012-06-18 08:40:00,63.33458135833083,65.5382937924173,1.9751678605456278
2012-06-18 08:45:00,63.30314444243513,65.5314069134175,1.9758795255212471
2012-06-18 08:50:00,63.27170720783591,65.52452170036794,1.9765972748369263
2012-06-18 08:55:00,63.240269973236686,65.51763673358931,1.9773212678444276
2012-06-18 09:00:00,63.208832738637476,65.58285990291593,2.0343189309255574
2012-06-18 09:05:00,63.17739550403825,65.57565387130697,2.0350416201459036
2012-06-18 09:10:00,63.14595826943903,65.56844928835038,2.0357722769544226
2012-06-18 09:15:00,63.114521034839804,65.56124893545879,2.0365093802661005
2012-06-18 09:20:00,63.08308380024058,65.55404872743246,2.037254538085094
2012-06-18 09:25:00,63.051646565641356,65.54685075033082,2.0380078952766447
2012-06-18 09:30:00,63.02020933104212,65.53965598923746,2.0387680756209763
2012-06-18 09:35:00,62.988772089199635,65.53246137300937,2.03953622355348
2012-06-18 09:40:00,62.95733484735715,65.52526855311024,2.040312179722395
2012-06-18 09:45:00,62.92589760551467,65.51807860154285,2.0410955385050475
2012-06-18 09:50:00,62.894460682375716,65.51088949019386,2.0418867200106345
2012-06-18 09:55:00,62.86302375923676,65.50370287052698,2.0426855069412952
2012-06-18 10:00:00,62.83158683609779,65.31337605052632,2.090929658951954
2012-06-18 10:05:00,62.80014991295883,65.30617340876397,2.0917438450575756
2012-06-18 10:10:00,62.76871298981987,65.2989736643064,2.0925661725896565
2012-06-18 10:15:00,62.73727606668091,65.2917753685012,2.093398017767974
2012-06-18 10:20:00,62.70583882483842,65.28457940502638,2.094238163724515
2012-06-18 10:25:00,62.674401582995934,65.27738668653292,2.0950874217046214
2012-06-18 10:30:00,62.64296434115345,65.27019440263517,2.095945603383482
2012-06-18 10:35:00,62.61152710655423,65.26300472631173,2.0968124769767127
2012-06-18 10:40:00,62.58008987195501,65.25581852675407,2.097688187349554
2012-06-18 10:45:00,62.54865263735579,65.24863334125307,2.098573878937397
2012-06-18 10:50:00,62.51721540275656,65.24145129932775,2.0994672049233625
2012-06-18 10:55:00,62.485778166346535,65.23426873588758,2.1003710481257163
2012-06-18 11:00:00,62.454340929936485,65.0314906326588,2.0815105645385525
2012-06-18 11:05:00,62.42290369352645,65.02458202387308,2.082360184681758
2012-06-18 11:10:00,62.34200286573586,65.01767849985724,2.083219047227244
2012-06-18 11:15:00,62.40955511319399,65.01077572914066,2.0840886587735015
2012-06-18 11:20:00,62.65218100088117,65.00387485615873,2.0849675706681357
2012-06-18 11:25:00,62.79788972549199,64.99697412804203,2.0858575357805447
2012-06-18 11:30:00,62.852468189776125,64.9900784702087,2.0867562797264676
2012-06-18 11:35:00,62.964064612761454,64.98318326145763,2.087665671267495
2012-06-18 11:40:00,62.89888256162224,64.97629064579432,2.0885856669440543
2012-06-18 11:45:00,63.13840358160405,64.96939952224301,2.0895149774555146
2012-06-18 11:50:00,63.34929436278654,64.96250989080367,2.090455297725177
2012-06-18 11:55:00,63.42507332792573,64.95562386650876,2.091404498234022
2012-06-18 12:00:00,63.662036927753086,64.8477501107725,2.0165581628310894
2012-06-18 12:05:00,63.92824050417286,64.84127315694093,2.0174442020955077
2012-06-18 12:10:00,64.1618716457603,64.71270092540469,2.037454698386526
2012-06-18 12:15:00,64.11210319996972,65.0739626436877,1.992548531224668
2012-06-18 12:20:00,63.89798295973262,65.51003416236021,1.9796634635233579
2012-06-18 12:25:00,63.72900140442087,65.25669552642755,1.9822451938758183
2012-06-18 12:30:00,63.93733474190827,65.02207450798282,1.99690613557524
2012-06-18 12:35:00,64.06696451866598,65.15783902341678,1.986871334920871
2012-06-18 12:40:00,64.3690478467957,64.71270092540469,2.037454698386526
2012-06-18 12:45:00,64.29613118881566,65.4684172473806,1.9792373279348137
2012-06-18 12:50:00,64.19543683845735,65.38859240072402,1.9793247975664299
2012-06-18 12:55:00,64.49983504611427,65.0422381847781,1.995134086019452
2012-06-18 13:00:00,64.30191836680929,65.39780572855123,1.9410769844890503
2012-06-18 13:05:00,64.24404812244451,65.46226455990114,1.944035306518142
2012-06-18 13:10:00,64.3750003015411,65.25789884953953,1.938260239258532
2012-06-18 13:15:00,64.69560207737342,64.92673846207656,1.9532380881559066
2012-06-18 13:20:00,64.93518539665148,64.94631757865739,1.9514527544576554
2012-06-18 13:25:00,65.2395836169841,64.81441137503947,1.9657488965109422
2012-06-18 13:30:00,64.90046338439511,65.49881090176743,1.9461529103729973
2012-06-18 13:35:00,64.87268538779982,65.43981814012123,1.9428915954522068
2012-06-18 13:40:00,64.92592585500205,65.42300203825363,1.9421134663047004
2012-06-18 13:45:00,64.99884251298208,65.24715959819846,1.9382564437892569
2012-06-18 13:50:00,65.19328683768535,65.10524582859121,1.9412168953373694
2012-06-18 13:55:00,64.75132269723298,65.75503518083853,1.9691336511023192
2012-06-18 14:00:00,65.05340603079513,64.6605183148842,2.166295162400244
2012-06-18 14:05:00,65.0834989159717,65.1412395023255,2.1565049667027885
2012-06-18 14:10:00,65.06498047370155,65.41708552457415,2.1794707066365593
2012-06-18 14:15:00,64.96081381944437,65.55193589688726,2.198442410511358
2012-06-18 14:20:00,65.0649805026746,65.36270893724453,2.1732298831453987
2012-06-18 14:25:00,65.02331384097172,65.38993498279075,2.176251185337368
2012-06-18 14:30:00,65.36243407356072,64.31944529162335,2.201638818561585
2012-06-18 14:35:00,65.24785073939127,65.1973324385263,2.1594107171364625
2012-06-18 14:40:00,65.28488826133865,65.39295426411263,2.1765992602916016
2012-06-18 14:45:00,65.23627694837845,65.2528953997349,2.1631795891536636
2012-06-18 14:50:00,65.37516562756771,65.41708552457415,2.1794707066365593
2012-06-18 14:55:00,65.85135586129121,64.32443206019563,2.2010220113447967
2012-06-18 15:00:00,65.88492076063618,64.91411876576424,3.0948336725123045
2012-06-18 15:05:00,65.8444112100339,64.5305750859645,3.0548152730180553
2012-06-18 15:10:00,65.86292965230406,64.7390637334752,3.072083629676903
2012-06-18 15:15:00,65.90575343959405,64.61503420060605,3.060588688813935
2012-06-18 15:20:00,65.84093855845845,65.088540802146,3.125382897679853
2012-06-18 15:25:00,65.87218854024907,64.61503420060605,3.060588688813935
2012-06-18 15:30:00,65.82010519863397,64.6926547488052,3.0673477676994447
2012-06-18 15:35:00,66.077545766256,63.985893349272715,3.049143972729506
2012-06-18 15:40:00,66.15161956430968,64.90219992023744,3.093034199966676
2012-06-18 15:45:00,66.2210642081213,64.38142403731611,3.0483115191171826
2012-06-18 15:50:00,66.03587911903965,65.26719859672535,3.164642637914785
2012-06-18 15:55:00,66.0016530257685,65.16591350040684,3.1414293595030007
2012-06-18 16:00:00,65.81183813055124,63.862302287267255,5.313839399555175
2012-06-18 16:05:00,65.89517146844352,62.83139761312196,5.326087958367125
2012-06-18 16:10:00,65.73892148705774,63.527249740224995,5.310545743469665
2012-06-18 16:15:00,65.69262568559934,63.476674634078,5.310698315539917
2012-06-18 16:20:00,65.6428572325655,63.626162479921724,5.310750510485714
2012-06-18 16:25:00,65.62202390171406,63.41231929445519,5.311144094854939
2012-06-18 16:30:00,65.56250000615373,63.0386496112723,5.318801990118992
2012-06-18 16:35:00,65.38839277642397,63.83602171919321,5.313326591093833
2012-06-18 16:40:00,65.28654098177502,64.04201651160577,5.318228063013099
2012-06-18 16:45:00,65.14070765132843,63.29299065671631,5.312690965882433
2012-06-18 16:50:00,65.23908740283595,63.265816530871895,5.3131671958707996
2012-06-18 16:55:00,65.1245040686665,63.90223339096818,5.314683688657567
2012-06-18 17:00:00,65.09325407238934,61.412949100750716,9.168386052163184
2012-06-18 17:05:00,65.03191120542215,62.12940444570469,8.928887392131093
2012-06-18 17:10:00,65.2506612083353,61.14330806776544,9.230724519975444
2012-06-18 17:15:00,65.38954988752457,61.95411708216614,8.998565833952775
2012-06-18 17:20:00,65.27496655335513,62.12940444570469,8.928887392131093
2012-06-18 17:25:00,65.2147814493821,62.05499181328826,8.959412033667498
2012-06-18 17:30:00,63.77430537877367,61.26123086984154,9.205085893237248
2012-06-18 17:35:00,60.08680531104083,61.498770310806776,9.145656232515217
2012-06-18 17:40:00,56.10532382421224,62.34717334153999,8.83129211486858
2012-06-18 17:45:00,52.68865717344028,60.85273393523824,9.284163104879228
2012-06-18 17:50:00,48.709490517246884,62.696464530000355,8.647860329780718
2012-06-18 17:55:00,44.73263863374259,62.05499181328826,8.959412033667498
2012-06-18 18:00:00,40.90972195893497,61.30125599651536,10.267819839914582
2012-06-18 18:05:00,37.20023142027705,61.8363893031079,9.532909295421568
2012-06-18 18:10:00,33.10648140094118,63.13947350374942,7.626935128633174
2012-06-18 18:15:00,29.032407239193038,63.3159155048146,7.372116129304456
2012-06-18 18:20:00,25.53935168448827,61.38945468236861,10.151229455797827
2012-06-18 18:25:00,21.62037007432181,61.75893591309782,9.6427991406961
2012-06-18 18:30:00,19.339120012899315,41.82109227221477,9.628694278705064
2012-06-18 18:35:00,18.96527753083712,37.465317743456076,13.915176663289765
2012-06-18 18:40:00,19.082175666668693,37.39878299322397,14.458549777948582
2012-06-18 18:45:00,19.0613424227364,37.55831276709184,13.313106819101693
2012-06-18 18:50:00,19.14467586203434,37.41733605828636,14.2943784059146
2012-06-18 18:55:00,19.673611069516483,37.386912387821894,14.569933067950275
2012-06-18 19:00:00,20.1527777660187,37.38603311376416,15.577882689594864
2012-06-18 19:05:00,21.788194484127477,37.44967635381564,15.106399471557998
2012-06-18 19:10:00,24.756944492620473,37.37011439410921,15.715975884780926
2012-06-18 19:15:00,28.877315093234042,37.38239664857587,15.608605014237101
2012-06-18 19:20:00,32.52662064381112,37.52315455292359,14.67254998284823
2012-06-18 19:25:00,36.51967605203125,37.3732053547516,15.68840026492524
2012-06-18 19:30:00,40.53009274796138,37.42544399190347,15.272983081614214
2012-06-18 19:35:00,44.78935196981812,37.33181712403907,16.096742229938574
2012-06-18 19:40:00,48.76851865498457,37.42544399190347,15.272983081614214
2012-06-18 19:45:00,52.458333451946935,37.53014887847155,14.635797323907836
2012-06-18 19:50:00,56.49999998480245,37.43329800572877,15.217457626016134
2012-06-18 19:55:00,60.17708335813652,37.60504919066272,14.280043237165787
2012-06-18 20:00:00,63.854166673524496,37.97552790186347,15.683033992885003
2012-06-18 20:05:00,66.18750001861603,40.795076216820355,13.759298420595087
2012-06-18 20:10:00,67.34375001124954,56.00449028733181,8.758666360776008
2012-06-18 20:15:00,67.47453689910786,66.31883359891519,1.5301294587913568
2012-06-18 20:20:00,67.56828690242583,65.71376972341649,1.6660773953483456
2012-06-18 20:25:00,67.80902798469806,65.51323885670216,1.7180154009119253
2012-06-18 20:30:00,67.72800954987359,66.39849131454493,1.514282309807989
2012-06-18 20:35:00,67.67592620825847,66.08774340992612,1.5786629211718421
2012-06-18 20:40:00,67.58217623391353,66.24428991597064,1.545361198507498
2012-06-18 20:45:00,67.46180599699441,65.99390031620521,1.5995198650573201
2012-06-18 20:50:00,67.44097269511603,66.65007289447412,1.4669856778693964
2012-06-18 20:55:00,67.46643577415698,66.60031110524129,1.4760204737754243
2012-06-18 21:00:00,67.32060242922387,66.53389595575094,1.3373732269943261
2012-06-18 21:05:00,67.3761577850074,66.49052327406844,1.3420627900412365
2012-06-18 21:10:00,67.55324114070417,66.18210147060044,1.377465152840889
2012-06-18 21:15:00,67.42245425284587,66.87401789525485,1.3028653998053896
2012-06-18 21:20:00,67.380787591143,66.22664987856677,1.3721195748001171
2012-06-18 21:25:00,67.15856495114092,66.68187029303182,1.3218768836749573
2012-06-18 21:30:00,67.12500005179596,66.05757160216706,1.3928498919797392
2012-06-18 21:35:00,67.07291671018085,65.91177099677807,1.4117307074032686
2012-06-18 21:40:00,67.14583335367435,65.86625190478786,1.417826484573369
2012-06-18 21:45:00,67.3263886945665,65.52904353844055,1.466250928617861
2012-06-18 21:50:00,67.28819401805896,66.53389595575094,1.3373732269943261
2012-06-18 21:55:00,66.95023091830033,66.68187029303182,1.3218768836749573
2012-06-18 22:00:00,67.07523090340898,65.69524593561898,1.4440926675291221
2012-06-18 22:05:00,66.90509221345603,66.44125301259328,1.3720877768800446
2012-06-18 22:10:00,66.73842553767147,66.62273618637144,1.3570154251436752
2012-06-18 22:15:00,66.5150457720823,66.0855600010362,1.4042872561532633
2012-06-18 22:20:00,66.5254624230215,65.82043853355007,1.4307770820657721
2012-06-18 22:25:00,66.60763862084012,65.53151454829046,1.462349787393725
2012-06-18 22:30:00,66.58564816440158,65.69524593561898,1.4440926675291221
2012-06-18 22:35:00,66.60648149525302,65.48446854770275,1.4677807707364499
2012-06-18 22:40:00,66.62384284090909,65.94454330942462,1.4180970204081553
2012-06-18 22:45:00,66.5196761866519,66.06745706124602,1.4060256897302235
2012-06-18 22:50:00,66.40162086728712,66.1216778894701,1.4008488072608614
2012-06-18 22:55:00,66.349537525672,65.05692822990413,1.521339180923098
2012-06-18 23:00:00,66.08217622428518,65.80983271758113,1.5498506374692864
2012-06-18 23:05:00,65.71759289635789,65.40702415563486,1.5907310358414568
2012-06-18 23:10:00,65.61342621312767,65.61019833491497,1.5695311452312237
2012-06-18 23:15:00,65.58680596504003,64.82292939317658,1.6590319106410618
2012-06-18 23:20:00,65.39930597289056,65.4886939190627,1.5820627200183426
2012-06-18 23:25:00,65.04513931219981,65.4886939190627,1.5820627200183426
2012-06-18 23:30:00,65.22106490490243,65.23760024526017,1.6093691295561865
2012-06-18 23:35:00,65.01273158190152,65.20071135504855,1.6135484844728027
2012-06-18 23:40:00,64.77662024781881,65.6370303325232,1.566820948384365
2012-06-18 23:45:00,64.76620356790657,65.28358493413019,1.604220771052484
2012-06-18 23:50:00,64.69328689544002,65.28358493413019,1.604220771052484
2012-06-18 23:55:00,64.22222201924183,64.48229374704685,1.7047175107375818
2012-06-19 00:00:00,64.14583333260687,64.20034382068818,1.9425536103619052
2012-06-19 00:05:00,64.37499999551328,63.35386203803173,2.0879209238195124
2012-06-19 00:10:00,63.8750000116192,64.65653132651913,1.8768754048314464
2012-06-19 00:15:00,63.37870344962712,64.16184307290261,1.9484597661767487
2012-06-19 00:20:00,63.18078678299786,64.18591524283293,1.944759719634839
2012-06-19 00:25:00,63.36828679687711,63.48584691796122,2.06289493217921
2012-06-19 00:30:00,62.83935166318569,65.38415880006879,1.786579423419101
2012-06-19 00:35:00,62.482870121156914,63.793441164262,2.008160151058378
2012-06-19 00:40:00,62.420370114116075,64.14256852100135,1.9514389198272823
2012-06-19 00:45:00,61.70162012730884,64.69865057620329,1.8711878216899764
2012-06-19 00:50:00,61.07662011484657,64.4441639411936,1.9064948414322445
2012-06-19 00:55:00,61.734027872093655,61.969652911222774,2.4294881693314845
2012-06-19 01:00:00,61.61944454516748,61.948606891942916,2.995507096285877
2012-06-19 01:05:00,61.54537076160033,62.37405832632581,2.911212099474158
2012-06-19 01:10:00,61.57662075787749,60.73341772874773,3.2798239178468207
2012-06-19 01:15:00,61.27662089791975,60.324120163803606,3.3986810083661965
2012-06-19 01:20:00,61.2743060129601,61.447185218696426,3.1036008154018124
2012-06-19 01:25:00,60.826389327221584,62.33136740943349,2.919402113735981
2012-06-19 01:30:00,60.53125034658489,61.324409942652075,3.131790519007786
2012-06-19 01:35:00,61.148148553229674,60.50216672123465,3.344893877696147
2012-06-19 01:40:00,60.75231522359278,61.948606891942916,2.995507096285877
2012-06-19 01:45:00,61.23148187663543,60.02585629644354,3.498105006466195
2012-06-19 01:50:00,61.79398188205687,60.12508174948953,3.46353280116482
2012-06-19 01:55:00,61.47222234141958,62.75357539802289,2.8407921069779456
2012-06-19 02:00:00,61.37847234172321,60.520887996569904,3.8332234744356892
2012-06-19 02:05:00,60.85069436123384,61.03801372815942,3.724098575571869
2012-06-19 02:10:00,60.64236102374641,59.97277741192946,3.9575972940330555
2012-06-19 02:15:00,61.277777679904624,58.85183538790554,4.320131885229537
2012-06-19 02:20:00,61.42592590436495,60.47701265423609,3.8427722956710717
2012-06-19 02:25:00,61.58217591110215,59.75318332996852,4.011941257710736
2012-06-19 02:30:00,62.096064893293864,59.48209935408939,4.085366117437495
2012-06-19 02:35:00,61.75231489802883,61.82771872138873,3.5657829172763322
2012-06-19 02:40:00,61.770833354785516,59.63387654877266,4.043200713688033
2012-06-19 02:45:00,61.4166666868515,60.777579006091294,3.778350202145884
2012-06-19 02:50:00,60.49999999900951,61.19646010198219,3.6916596268144772
2012-06-19 02:55:00,60.572916666043625,60.48496650194121,3.8410367231825924
2012-06-19 03:00:00,60.68303584747883,59.91375511226093,4.232692008933285
2012-06-19 03:05:00,61.2640542806839,59.217521406495386,4.411670230935925
2012-06-19 03:10:00,61.4689152852994,59.234560731210564,4.405972420308545
2012-06-19 03:15:00,61.750165273523606,60.23606048882338,4.168980885030567
2012-06-19 03:20:00,61.59391526678641,60.58024557234875,4.105984062650829
2012-06-19 03:25:00,61.66451704886086,59.94205274771361,4.226828037876188
2012-06-19 03:30:00,61.31035038092685,60.710033060271094,4.083021676347353
2012-06-19 03:35:00,60.64831350565404,60.20579701034075,4.174721633714938
2012-06-19 03:40:00,60.47354505302505,59.48540993043488,4.3321040411644995
2012-06-19 03:45:00,59.464285878588335,59.44214118956173,4.343722030561907
2012-06-19 03:50:00,59.97172645988721,58.61401050085075,4.736945569449445
2012-06-19 03:55:00,59.95089312903576,60.35889462270913,4.146062045218089
2012-06-19 04:00:00,59.55327387537478,60.703146579650685,3.77826229791855
2012-06-19 04:05:00,59.30327387618447,61.18026273494445,3.689286502406912
2012-06-19 04:10:00,59.30674620905639,60.2533242387676,3.8913553454230425
2012-06-19 04:15:00,58.598412902161414,61.46756493664501,3.6446980247153
2012-06-19 04:20:00,58.598412902161414,60.60986008353141,3.79876125082415
2012-06-19 04:25:00,58.15396856921378,60.63003151786027,3.794220536810837
2012-06-19 04:30:00,58.3275795739305,60.2374748878326,3.8961298429598776
2012-06-19 04:35:00,58.66669977030318,59.309634751310426,4.383752178627081
2012-06-19 04:40:00,59.0451720965281,59.691933423025525,4.116538393513655
2012-06-19 04:45:00,60.37734794262167,58.37369678552161,6.0288026959207395
2012-06-19 04:50:00,60.44282404665648,60.137193809029554,3.9279714254156226
2012-06-19 04:55:00,60.53657404997449,60.767520208510014,3.7648176157970106
2012-06-19 05:00:00,61.043981558539166,61.06740679380993,3.325732668358283
2012-06-19 05:05:00,61.13773156185717,61.81495385256415,3.040251130271674
2012-06-19 05:10:00,61.29398156316193,61.54608353796396,3.12318181523073
2012-06-19 05:15:00,62.002314870056914,61.01362110907604,3.3542344841227814
2012-06-19 05:20:00,62.12152797776727,61.88984846430815,3.0201004334018577
2012-06-19 05:25:00,62.53703719532307,60.90519767486416,3.416018364338623
2012-06-19 05:30:00,62.71759285854038,61.93173228534291,3.009322300230512
2012-06-19 05:35:00,63.0543985321165,61.217348818436335,3.253072653636568
2012-06-19 05:40:00,63.0821762036704,61.79839985175274,3.0448637698764043
2012-06-19 05:45:00,63.38425954447583,62.04151987296109,2.9826225356129044
2012-06-19 05:50:00,63.71296310439585,61.57014425629709,3.115008648796263
2012-06-19 05:55:00,63.67129642820644,62.27329461630162,2.9327927176636113
2012-06-19 06:00:00,63.909722332166915,63.82380533857259,2.4132211356946573
2012-06-19 06:05:00,63.98263899014694,63.6129221881666,2.454466094685318
2012-06-19 06:10:00,64.38773185419,63.48335334535026,2.4828443259139905
2012-06-19 06:15:00,64.4432872099735,64.26396040553557,2.3435028124725377
2012-06-19 06:20:00,64.58449076325753,63.75439644388044,2.4261655981441668
2012-06-19 06:25:00,65.06365744391512,63.40579889191665,2.501059999833569
2012-06-19 06:30:00,65.31365744310541,63.951190290822126,2.3909476415511497
2012-06-19 06:35:00,65.74884222353874,63.56969147441884,2.4636606190044303
2012-06-19 06:40:00,66.22800888835168,63.4316342221095,2.4948848002959068
2012-06-19 06:45:00,66.25115710778441,64.3680132391741,2.329749292146886
2012-06-19 06:50:00,66.54745354584016,63.939605004752536,2.392897035133147
2012-06-19 06:55:00,66.79745355951698,63.742834557168656,2.428379703978322
2012-06-19 07:00:00,66.81828689036841,65.5875272436351,2.2018559280960397
2012-06-19 07:05:00,67.20370354009306,64.92627069221818,2.2802826223799983
2012-06-19 07:10:00,67.25925889587657,65.66589232673269,2.1945372782498724
2012-06-19 07:15:00,67.27662021255962,65.5693949541474,2.2035999607145067
2012-06-19 07:20:00,67.5150464352236,65.25877563191514,2.2367588462526933
2012-06-19 07:25:00,67.56712977683873,65.77678408897674,2.1847707100729807
2012-06-19 07:30:00,67.57754645675097,65.74988136815857,2.1870781380944284
2012-06-19 07:35:00,67.50347268767034,65.83341982074346,2.180035963557868
2012-06-19 07:40:00,67.45023222046811,65.8036389752928,2.182504307887363
2012-06-19 07:45:00,67.54166730623177,65.59356731287734,2.201279248550596
2012-06-19 07:50:00,67.56250066605627,65.85720165176075,2.178097072705735
2012-06-19 07:55:00,67.67824109683976,65.53307906390411,2.2071537802836545
2012-06-19 08:00:00,67.77199110015776,66.19522330604919,2.157309953865701
2012-06-19 08:05:00,67.71990778751568,66.51470058718958,2.142413084637212
2012-06-19 08:10:00,67.64467622646785,66.3766185756,2.1482225718777306
2012-06-19 08:15:00,67.83101910751672,66.1659269189325,2.158943483279469
2012-06-19 08:20:00,67.90509287659735,66.4538294304153,2.1448615824288946
2012-06-19 08:25:00,67.90277798801606,66.48589546707312,2.1435499725503666
2012-06-19 08:30:00,67.98611131142181,66.341117552329,2.14986706759013
2012-06-19 08:35:00,68.15277795823332,66.19522330604919,2.157309953865701
2012-06-19 08:40:00,68.22685175628699,66.22123475796779,2.1558995893533983
2012-06-19 08:45:00,68.28356487506467,66.39917235500893,2.147210775098893
2012-06-19 08:50:00,68.25231483532794,66.48589546707312,2.1435499725503666
2012-06-19 08:55:00,68.24966936427009,66.40239155036134,2.1470686188393615
2012-06-19 09:00:00,68.17443780322225,66.52796021845417,2.123457598425977
2012-06-19 09:05:00,68.08812836833599,66.43735497872854,2.1251784381195984
2012-06-19 09:10:00,68.03373016711264,66.22521527809992,2.1310477547040345
2012-06-19 09:15:00,67.69113729019146,66.76492889399736,2.1210084704705023
2012-06-19 09:20:00,67.41335932337893,66.73833601095346,2.121141471246897
2012-06-19 09:25:00,67.3427575105206,66.55141172775235,2.1230848746512403
2012-06-19 09:30:00,67.24900750720262,66.64837432056781,2.121852317733913
2012-06-19 09:35:00,66.95734084630944,66.73833601095346,2.121141471246897
2012-06-19 09:40:00,66.84275751214,66.4977839778188,2.123980808211517
2012-06-19 09:45:00,66.69460930759865,66.6316809485311,2.1220294589487865
2012-06-19 09:50:00,66.7050259875109,66.46758145862896,2.1245540689373086
2012-06-19 09:55:00,66.62318100957587,66.46326366324622,2.124640205808721
2012-06-19 10:00:00,66.35466256811542,66.12956556997707,2.1066684125198583
2012-06-19 10:05:00,66.12847201125706,66.00667276566931,2.108680170587465
2012-06-19 10:10:00,66.01736069125602,65.8878316103263,2.111647619126646
2012-06-19 10:15:00,66.07986068381034,65.59403514068183,2.1237181385592367
2012-06-19 10:20:00,65.93055532470883,65.75400350854883,2.1162724129249715
2012-06-19 10:25:00,65.58680533668705,66.16656000900223,2.1062640356902884
2012-06-19 10:30:00,65.4097220099633,66.19683565616494,2.1060005547926672
2012-06-19 10:35:00,65.22222201781385,65.71394253316069,2.1179343504122077
2012-06-19 10:40:00,65.27199047084768,65.98509051050266,2.1091425804319823
2012-06-19 10:45:00,65.13425891724552,66.02202390331587,2.1083710281663497
2012-06-19 10:50:00,64.86342558720379,66.3179722591741,2.1055393328431133
2012-06-19 10:55:00,64.57175892631061,66.04553738596348,2.107929812106372
2012-06-19 11:00:00,64.63128282187095,65.29519653497054,2.0052929782379856
2012-06-19 11:05:00,64.73313458754686,65.29519653497054,2.0052929782379856
2012-06-19 11:10:00,64.6947752572081,65.49504034931344,1.9965387138682702
2012-06-19 11:15:00,64.391534492031,65.6905074515807,1.9920340133534984
2012-06-19 11:20:00,64.50611782620044,65.26725133491583,2.006883294350808
2012-06-19 11:25:00,64.44957034271597,65.12810457830236,2.0162422262302413
2012-06-19 11:30:00,64.3245703286343,65.60516357248882,1.9935387430828184
2012-06-19 11:35:00,64.47040365908089,65.12810457830236,2.0162422262302413
2012-06-19 11:40:00,64.3373018826413,66.02858206860067,1.992414835095124
2012-06-19 11:45:00,64.25281141916192,65.54845592961719,1.9949303040870323
2012-06-19 11:50:00,64.23197808831047,65.46368467384407,1.997621769858422
2012-06-19 11:55:00,64.18220964251991,65.15585807818563,2.0141777227289293
2012-06-19 12:00:00,64.13194528679817,65.46861960963368,1.859697270243766
2012-06-19 12:05:00,64.03009352112225,65.5760804849508,1.8591580963088319
2012-06-19 12:10:00,63.79646237953483,65.40841225435985,1.860661174574421
2012-06-19 12:15:00,63.870536490859585,64.92472295199924,1.8881729088594847
2012-06-19 12:20:00,63.71081416935862,65.58197458797774,1.8591704678002856
2012-06-19 12:25:00,63.861111656161064,65.02032055209544,1.8796920051967254
2012-06-19 12:30:00,63.892361666924735,65.29219772310701,1.8639481089128187
2012-06-19 12:35:00,63.74652833647815,65.52899744232134,1.859212753963699
2012-06-19 12:40:00,63.50000065929487,65.66171021213329,1.8597543036885609
2012-06-19 12:45:00,63.550265015016606,65.34169939231575,1.8623120588438826
2012-06-19 12:50:00,63.416005787043126,65.42344802037998,1.860374370373238
2012-06-19 12:55:00,63.351190901380484,65.0632281439265,1.876404578316513
2012-06-19 13:00:00,63.175264688473554,65.48682021756834,1.785084392417567
2012-06-19 13:05:00,62.86044979366113,65.46435389330452,1.7851834295385582
2012-06-19 13:10:00,63.05836646753365,64.97593995602254,1.81061166848941
2012-06-19 13:15:00,60.714616543935556,65.26083416696858,1.7902669391177932
2012-06-19 13:20:00,60.63475553891519,65.3289656943032,1.7877127548906255
2012-06-19 13:25:00,60.749338858598115,65.54007925649428,1.785206875977573
2012-06-19 13:30:00,60.784060869043664,65.51486812707788,1.7850863118819902
2012-06-19 13:35:00,60.7354498639221,65.31196257141139,1.7882684217330782
2012-06-19 13:40:00,60.85697754151022,65.19237008699015,1.7937183679356554
2012-06-19 13:45:00,60.769675968058124,65.60837974015774,1.786086099332472
2012-06-19 13:50:00,60.8518518544165,65.23805126869688,1.791316147344734
2012-06-19 13:55:00,60.924768524166836,65.05432107570213,1.8034304450527052
2012-06-19 14:00:00,61.049768521045756,64.88261196687701,1.9996414810276777
2012-06-19 14:05:00,61.145833409323394,64.32552928400621,2.0538798669188023
2012-06-19 14:10:00,61.13541672941116,65.40587483828415,1.9796851788227607
2012-06-19 14:15:00,63.53472231300977,44.37230021406361,7.739762696099738
2012-06-19 14:20:00,63.74305565774046,64.9869995695975,1.9926861314724171
2012-06-19 14:25:00,63.782407459835106,65.81438436892002,1.9946177863058363
2012-06-19 14:30:00,63.768518780241,65.5657560117635,1.9820135326280548
2012-06-19 14:35:00,63.990741112404436,65.06588135803139,1.988325651546841
2012-06-19 14:40:00,64.06365777038445,65.43630146399948,1.9797946317544726
2012-06-19 14:45:00,64.16435212074278,65.32363926744709,1.980148848994862
2012-06-19 14:50:00,64.35185212737878,65.37522839405436,1.9797297538569578
2012-06-19 14:55:00,64.56597236761588,65.12111241848973,1.9857644703286048
2012-06-19 15:00:00,64.52430570591301,64.25970628204723,2.79357832346983
2012-06-19 15:05:00,64.6689815956906,63.07998016026809,2.8431938422703147
2012-06-19 15:10:00,64.62731493398772,64.42679007555917,2.7905163938214392
2012-06-19 15:15:00,64.59259260483863,64.3352047283258,2.791996235702612
2012-06-19 15:20:00,64.33449081160114,64.82879001784664,2.791297941788599
2012-06-19 15:25:00,63.89930568711287,65.29469571410775,2.8134469387452707
2012-06-19 15:30:00,63.982639010518604,64.68472275402145,2.7894570377844707
2012-06-19 15:35:00,64.06944434809276,64.99556813845996,2.796097935607588
2012-06-19 15:40:00,64.03819435181562,64.87523692823638,2.7923265284486956
2012-06-19 15:45:00,63.93402766858537,64.82879001784664,2.791297941788599
2012-06-19 15:50:00,63.905092546402976,65.26334667346634,2.811034483425179
2012-06-19 15:55:00,63.774305629571614,65.03460622763517,2.7976863974453448
2012-06-19 16:00:00,63.95138897078189,61.52769033803122,4.746526391416237
2012-06-19 16:05:00,63.997685409647325,61.62325723212907,4.747015195707394
2012-06-19 16:10:00,64.06018541668816,61.84317331873357,4.748503207988073
2012-06-19 16:15:00,63.95601875066067,61.740231986280406,4.74773766762988
2012-06-19 16:20:00,64.16898185354036,60.35774481824905,4.745964763369178
2012-06-19 16:25:00,64.18981518801344,59.50277560031836,4.749820960152756
2012-06-19 16:30:00,64.00000031452596,63.292267656035705,4.782529865283975
2012-06-19 16:35:00,62.73958366763525,63.75775903046855,4.811579242680776
2012-06-19 16:40:00,62.635416998891536,62.758629072606055,4.763046895762635
2012-06-19 16:45:00,61.98958365557781,62.042542690363014,4.750368507298535
2012-06-19 16:50:00,58.185185466499924,63.44658266517407,4.790651532125797
2012-06-19 16:55:00,54.44560210061153,62.23344695407326,4.752714628825455
2012-06-19 17:00:00,50.84143551563621,61.44078436800762,8.001081537967858
2012-06-19 17:05:00,46.80671309803662,60.208285317552956,7.7313381739881955
2012-06-19 17:10:00,43.05555570935102,60.63228560831133,7.818375498756896
2012-06-19 17:15:00,39.39814821986152,58.36740208664787,7.40127312708769
2012-06-19 17:20:00,35.46412016710678,60.81350531386759,7.857266107875031
2012-06-19 17:25:00,31.785879468995876,57.4007962800334,7.250061457326414
2012-06-19 17:30:00,28.090277689607962,59.762983220772135,7.645126639030802
2012-06-19 17:35:00,25.143518456257045,45.795644072365285,6.232481889912317
2012-06-19 17:40:00,21.174768422029796,59.9198832704337,7.6749518422178005
2012-06-19 17:45:00,18.18518516960451,50.10371447775318,6.412213121429932
2012-06-19 17:50:00,17.91435183956277,37.92918806137228,12.938207110521553
2012-06-19 17:55:00,17.872685119913797,37.86797183559745,13.268796772400421
2012-06-19 18:00:00,17.351851703762613,37.59577793122623,13.068115014052607
2012-06-19 18:05:00,17.653935131487177,37.33785777274226,14.95405246394163
2012-06-19 18:10:00,17.540509125716195,37.46667599994172,13.876932993358233
2012-06-19 18:15:00,17.355324065607583,37.4281118301543,14.1623788801094
2012-06-19 18:20:00,17.51157409045294,37.39381678102915,14.439588250856858
2012-06-19 18:25:00,17.76273147598779,37.393358195626966,14.443462990391092
2012-06-19 18:30:00,17.54695783082605,37.45720830324046,13.944708021824937
2012-06-19 18:35:00,17.847883727340832,37.35564467452594,14.780672124524154
2012-06-19 18:40:00,18.016865204787518,37.35166737040213,14.818543490790146
2012-06-19 18:45:00,17.452050238352175,37.50440748433244,13.619797482957551
2012-06-19 18:50:00,17.597883641231384,37.38567859955003,14.509156247419938
2012-06-19 18:55:00,17.639550360880353,37.4426378733427,14.051879673691388
2012-06-19 19:00:00,18.129133679348715,37.191044964951786,15.413394120632447
2012-06-19 19:05:00,18.25413360651125,37.287753985652024,14.529712335176
2012-06-19 19:10:00,18.84788360820985,37.250061093361104,14.841672790822585
2012-06-19 19:15:00,20.690476045677126,37.19757792368494,15.343688675930123
2012-06-19 19:20:00,24.190476085044192,37.292241794879864,14.494672968450253
2012-06-19 19:25:00,28.034226076216722,37.33556739535951,14.176099820242683
2012-06-19 19:30:00,32.30208305003841,37.207806220839714,15.23816900930895
2012-06-19 19:35:00,36.26041637538037,37.31083739237658,14.353795463360795
2012-06-19 19:40:00,40.49768493798722,37.250930284798166,14.83404569390845
2012-06-19 19:45:00,45.006944506710845,37.140712638459675,16.030562457489356
2012-06-19 19:50:00,49.05902774845165,37.2789527849447,14.599566411614063
2012-06-19 19:55:00,53.19791647263185,37.292241794879864,14.494672968450253
2012-06-19 20:00:00,57.07291647456807,37.55878155100689,14.62976965513009
2012-06-19 20:05:00,61.087962976633804,37.50290575331358,14.937340694019506
2012-06-19 20:10:00,64.629629684947,37.77143248106574,13.676482324040483
2012-06-19 20:15:00,67.15046315256672,39.772831988694016,9.978631069970183
2012-06-19 20:20:00,67.73379648159633,62.12465271826729,4.888049807149101
2012-06-19 20:25:00,67.81712980500207,65.06691468902808,2.925770693881866
2012-06-19 20:30:00,67.83796313585351,65.65631301136439,2.6286526236471928
2012-06-19 20:35:00,67.88425957471895,65.4245352340025,2.740651054915419
2012-06-19 20:40:00,67.84408125848681,66.15968318365002,2.4067641442930996
2012-06-19 20:45:00,67.9088961396224,65.57962622103956,2.6650152619032497
2012-06-19 20:50:00,68.10681279719759,65.54106720845468,2.683557317207445
2012-06-19 20:55:00,68.00959077971119,66.17786003368542,2.3992862730621867
2012-06-19 21:00:00,67.95403545290073,66.29086351101232,1.6380657673380405
2012-06-19 21:05:00,67.97023903556264,66.48499643339672,1.6087798322483815
2012-06-19 21:10:00,67.9482485791241,66.06811938512105,1.6742886685840663
2012-06-19 21:15:00,67.72949856172443,66.37867143193607,1.6245676154565976
2012-06-19 21:20:00,67.67394323491396,66.29086351101232,1.6380657673380405
2012-06-19 21:25:00,67.39269322495997,66.02301512923067,1.6819890093632954
2012-06-19 21:30:00,67.32093367808052,66.20232054386328,1.6521144940487673
2012-06-19 21:35:00,67.31630390091796,66.13294275535968,1.6634426008586525
2012-06-19 21:40:00,67.16898221051413,66.34113143041894,1.6302864967330646
2012-06-19 21:45:00,67.1967595407293,66.3299807183381,1.6320002380299494
2012-06-19 21:50:00,64.95717625690187,66.84848513603367,1.5590402943163513
2012-06-19 21:55:00,60.89699113691096,66.11303789480132,1.6667456804279936
2012-06-19 22:00:00,58.333498883509066,65.75628461455628,1.6132885310437628
2012-06-19 22:05:00,57.382109866518014,66.21123021966194,1.566666978364551
2012-06-19 22:10:00,56.9561836689073,65.68343689794371,1.6214229315401374
2012-06-19 22:15:00,56.92493365814363,65.18692061884286,1.6826678768486898
2012-06-19 22:20:00,56.90757231248753,65.75628461455628,1.6132885310437628
2012-06-19 22:25:00,57.205025876130385,64.5833688612007,1.7737916399693843
2012-06-19 22:30:00,57.02910031240081,65.61020856240089,1.6298047835953817
2012-06-19 22:35:00,56.89368364737994,65.81066531605869,1.6073440004269732
2012-06-19 22:40:00,56.70502652964336,65.43946942051669,1.650184592084746
2012-06-19 22:45:00,56.4909063183793,66.11454373999298,1.5760108007995033
2012-06-19 22:50:00,58.43882294131356,49.06679760281606,9.980305306516254
2012-06-19 22:55:00,62.55109140291959,39.27729552012711,17.46609516115126
2012-06-19 23:00:00,64.9664354228071,46.87206141010582,11.250853712366135
2012-06-19 23:05:00,65.77199109486503,61.76219295449405,2.4827306501605464
2012-06-19 23:10:00,66.13657442550856,63.36235773243544,2.052110555316041
2012-06-19 23:15:00,66.16782443627223,64.46866286963298,1.877301859123517
2012-06-19 23:20:00,66.00115778946072,65.08731394567586,1.803080581012763
2012-06-19 23:25:00,65.73495423658154,65.19047888577485,1.7919207641516175
2012-06-19 23:30:00,65.70138935172311,64.30992920268883,1.898645477781131
2012-06-19 23:35:00,65.58217624039109,64.67712506475094,1.8507872033089565
2012-06-19 23:40:00,65.58333336597822,64.0843245822647,1.9308719237186844
2012-06-19 23:45:00,65.48958336266023,64.67712506475094,1.8507872033089565
2012-06-19 23:50:00,65.31250003593648,64.75992755845955,1.8407006060882
2012-06-19 23:55:00,64.88541669553591,65.40772495571751,1.7694183032538013
2012-06-20 00:00:00,64.98495360160359,63.720932772743225,2.234665282784335
2012-06-20 00:05:00,64.60995359557488,64.20560770197714,2.16637698228752
2012-06-20 00:10:00,64.3703702618103,63.99723968375135,2.1948302392237347
2012-06-20 00:15:00,64.17245358974859,63.74446691317399,2.2311733641320304
2012-06-20 00:20:00,63.995370248538315,63.57461378158118,2.2568098034051065
2012-06-20 00:25:00,63.85995357627419,63.27556484602864,2.304559284082409
2012-06-20 00:30:00,63.67245357325982,63.318389727051176,2.297504969838777
2012-06-20 00:35:00,63.52430567655711,63.34216839276299,2.2936196261690096
2012-06-20 00:40:00,63.274305670123546,63.23271546829408,2.3116946938871195
2012-06-20 00:45:00,63.063657453108924,63.446679348234916,2.2768128825958622
2012-06-20 00:50:00,62.92824078084477,63.18984627661641,2.3189112282259545
2012-06-20 00:55:00,62.77199077772921,62.84665064440666,2.3796831378246717
2012-06-20 01:00:00,62.44097232198465,62.75914121106566,2.9281023288848353
2012-06-20 01:05:00,62.62152767012006,61.54935163529418,3.1379766124114603
2012-06-20 01:10:00,62.53819433947104,61.83389410438463,3.083512772748085
2012-06-20 01:15:00,62.37152767455138,61.76261967837129,3.096801492952767
2012-06-20 01:20:00,62.37152767455138,61.69142439993425,3.110304222575779
2012-06-20 01:25:00,62.444444339774684,61.584822984731716,3.1309742613292397
2012-06-20 01:30:00,62.285879451699465,61.44315062942446,3.1593416421514733
2012-06-20 01:35:00,62.428240460139016,61.59665564268428,3.1286520570533622
2012-06-20 01:40:00,62.34374968519936,61.16195581131592,3.2190785185869353
2012-06-20 01:45:00,62.471064564321715,61.47065039874616,3.153751002828283
2012-06-20 01:50:00,61.73148125390631,61.51391272571082,3.1450397199751294
2012-06-20 01:55:00,61.460647916621305,61.16195581131592,3.2190785185869353
2012-06-20 02:00:00,61.354166362917944,60.51639635565647,4.005966841395035
2012-06-20 02:05:00,61.090277680511896,61.006008913362614,3.9063689180884804
2012-06-20 02:10:00,61.24652768362747,60.44589171840081,4.021039692916481
2012-06-20 02:15:00,61.48495389542657,60.13460371270951,4.090630375376068
2012-06-20 02:20:00,61.599537229595995,60.57311140114185,3.993997698657054
2012-06-20 02:25:00,61.67245390206255,60.70166522754939,3.9673336288344623
2012-06-20 02:30:00,61.28935214091919,59.88698393632351,4.15058482491475
2012-06-20 02:35:00,60.61226880132832,60.929418496449195,3.921459095492572
2012-06-20 02:40:00,60.66550957999081,59.86070987269874,4.157249031554905
2012-06-20 02:45:00,60.71412090743754,60.76639982436925,3.9541289884147908
2012-06-20 02:50:00,61.03703755012134,58.50134369034047,4.688567561957478
2012-06-20 02:55:00,60.95486167100625,59.35462517209558,4.301781370745022
2012-06-20 03:00:00,60.60069499220733,59.71649898947508,4.7364538388804505
2012-06-20 03:05:00,60.6215283266804,59.71649898947508,4.7364538388804505
2012-06-20 03:10:00,60.62731521494354,60.3525073839204,4.589972540704055
2012-06-20 03:15:00,60.46990745064463,60.29214781149616,4.603005284030522
2012-06-20 03:20:00,59.92824077607463,60.3525073839204,4.589972540704055
2012-06-20 03:25:00,59.31365742903805,60.3525073839204,4.589972540704055
2012-06-20 03:30:00,59.69907407876271,58.59925643977537,5.136711280499373
2012-06-20 03:35:00,60.00231486385879,58.705628174762296,5.081431516347504
2012-06-20 03:40:00,59.56481486527576,59.55939466533929,4.777347036096532
2012-06-20 03:45:00,58.611110974189934,60.342954180511505,4.592027222342129
2012-06-20 03:50:00,58.50694431993275,58.90450552065982,4.992012549095155
2012-06-20 03:55:00,58.80324043928496,58.81739279353395,5.029194791416791
2012-06-20 04:00:00,59.682407383659864,59.15270104945372,5.191912411799238
2012-06-20 04:05:00,59.599074053010845,59.99296184791356,4.811828671650166
2012-06-20 04:10:00,59.00995382847481,60.54079361042752,4.645331864845464
2012-06-20 04:15:00,58.48217617212143,60.08670308688457,4.780413021971628
2012-06-20 04:20:00,59.08634285373227,59.26369578191,5.127574919573924
2012-06-20 04:25:00,58.771527973406386,59.108792772007725,5.2190205515270245
2012-06-20 04:30:00,58.60486131210834,59.7021334714586,4.9201265638346685
2012-06-20 04:35:00,58.67662053304101,59.63372852547093,4.9484728088184555
2012-06-20 04:40:00,59.1997687481381,58.85102433088909,5.4004620620623
2012-06-20 04:45:00,59.92331383594085,58.42523709978642,5.811751049616046
2012-06-20 04:50:00,60.69414716436319,58.957262355259935,5.320710155053824
2012-06-20 04:55:00,60.8550269301548,59.73922596976437,4.905261651878015
2012-06-20 05:00:00,60.556878447958006,62.38619211655715,3.647180551351745
2012-06-20 05:05:00,60.37979509950447,60.957950771941114,4.080328428733518
2012-06-20 05:10:00,60.95965642160896,60.292796952634404,4.444815716439457
2012-06-20 05:15:00,61.22933229287354,60.00213136849234,4.662083009139688
2012-06-20 05:20:00,60.92724894844648,61.838555695764605,3.7775155465819217
2012-06-20 05:25:00,61.96428585872106,59.48603595832415,5.172118518014336
2012-06-20 05:30:00,62.50595251880454,60.46445134585857,4.335048369211456
2012-06-20 05:35:00,62.93303585196185,60.957950771941114,4.080328428733518
2012-06-20 05:40:00,63.164517397111695,61.16270852295174,3.99581480130233
2012-06-20 05:45:00,63.45023154169175,61.12149661587089,4.011994568118875
2012-06-20 05:50:00,63.51421990868985,61.88953015372818,3.7639563919481205
2012-06-20 05:55:00,63.85334014127884,61.28229060514338,3.951028495639644
2012-06-20 06:00:00,64.05357168743531,63.22976578747653,3.3750082174146847
2012-06-20 06:05:00,64.61259969317487,61.97738353155329,3.923345530641478
2012-06-20 06:10:00,64.76074791220275,63.25360418293739,3.367322160348071
2012-06-20 06:15:00,65.36491457932706,62.093803552337555,3.8579223313921296
2012-06-20 06:20:00,65.84408125047786,62.63392237622889,3.5967554531602555
2012-06-20 06:25:00,65.83482233355979,63.53677498464265,3.281990334044129
2012-06-20 06:30:00,66.04315567104722,63.34266382463884,3.3393203034981713
2012-06-20 06:35:00,66.05357232198641,63.5805411022075,3.2697289836315306
2012-06-20 06:40:00,66.30935923841292,63.30116684359101,3.35222901320657
2012-06-20 06:45:00,66.4389890006841,63.39585185062438,3.3231187344630797
2012-06-20 06:50:00,66.61458398193713,63.636622072539545,3.2543568984713516
2012-06-20 06:55:00,66.62384350728921,63.69950511776016,3.237565742397976
2012-06-20 07:00:00,66.707176859668,64.88268504414708,3.2452027046349197
2012-06-20 07:05:00,66.76273218647846,64.587147772379,3.3240595038149845
2012-06-20 07:10:00,66.76388931206559,64.76606813520499,3.2755223328843677
2012-06-20 07:15:00,67.00115777173541,64.82611325589707,3.259786447648206
2012-06-20 07:20:00,67.01157442267461,65.02275482412061,3.210068697448199
2012-06-20 07:25:00,67.13194465959373,64.63855988090684,3.3098517150712756
2012-06-20 07:30:00,67.09027799789085,65.02275482412061,3.210068697448199
2012-06-20 07:35:00,67.17361135026964,64.74068428296351,3.282255799595532
2012-06-20 07:40:00,67.30671312670923,65.10585042366831,3.18985602722892
2012-06-20 07:45:00,67.41666668371609,64.86700071644967,3.2492225701660966
2012-06-20 07:50:00,67.39583332389161,65.24273302350737,3.157538808732289
2012-06-20 07:55:00,67.4016202266413,64.86700071644967,3.2492225701660966
2012-06-20 08:00:00,67.44212976275705,65.63445523699872,3.3023285589664924
2012-06-20 08:05:00,67.65046310024448,65.23749443568923,3.375750144738838
2012-06-20 08:10:00,67.79629641620454,65.26843918642022,3.3697743232303137
2012-06-20 08:15:00,67.6666666249603,66.01225905903532,3.2377710454154105
2012-06-20 08:20:00,67.69494052424348,65.57416542443057,3.3130647391644747
2012-06-20 08:25:00,67.79679231889243,65.48318139107666,3.3295299049893807
2012-06-20 08:30:00,67.81762564974387,65.42216838225981,3.3407576419180707
2012-06-20 08:35:00,67.86970899135899,65.48318139107666,3.3295299049893807
2012-06-20 08:40:00,67.7886905565345,66.01225905903532,3.2377710454154105
2012-06-20 08:45:00,67.86160725797411,65.69444352705735,3.291774604753289
2012-06-20 08:50:00,67.81531081910869,65.72432337341269,3.286563816574619
2012-06-20 08:55:00,67.89864417148748,65.39155774871723,3.346450121504637
2012-06-20 09:00:00,67.79679173943147,65.88161547187194,3.2532057268455823
2012-06-20 09:05:00,67.77595843755309,65.97721806981889,3.244541032653455
2012-06-20 09:10:00,67.73429177585021,65.82329026373593,3.2586432291240848
2012-06-20 09:15:00,67.79331975423612,65.77165751096179,3.2635594048651613
2012-06-20 09:20:00,67.72337919325007,65.78347353114161,3.262425805392944
2012-06-20 09:25:00,67.55671251746553,65.90898903369155,3.2506942561342833
2012-06-20 09:30:00,67.60879585908063,65.60541262480861,3.280102696513735
2012-06-20 09:35:00,67.54745296314039,65.76131222063958,3.264556381929997
2012-06-20 09:40:00,67.52661960331591,65.91582487666749,3.250071103820005
2012-06-20 09:45:00,67.44560113951839,66.03836334059939,3.239149525088497
2012-06-20 09:50:00,67.30439757174786,65.71641248549436,3.268931428055405
2012-06-20 09:55:00,67.15046243548379,65.76131222063958,3.264556381929997
2012-06-20 10:00:00,67.09722199725458,65.5059528739675,3.152966180906711
2012-06-20 10:05:00,66.85763864900348,65.84280271333351,3.141244250699954
2012-06-20 10:10:00,66.74305531483405,65.62679855860269,3.1480229153658463
2012-06-20 10:15:00,66.40972200672451,65.87349029929132,3.1404761317404977
2012-06-20 10:20:00,66.40972200672451,65.5024926518296,3.153120476873314
2012-06-20 10:25:00,66.18287021248041,65.33932906380731,3.1613076517764416
2012-06-20 10:30:00,65.93287019880357,65.6887196696599,3.145822209566346
2012-06-20 10:35:00,65.67361129718172,65.5059528739675,3.152966180906711
2012-06-20 10:40:00,65.48611129054574,65.78129675707969,3.1429231229336896
2012-06-20 10:45:00,65.18171307564556,65.72648215521188,3.1445844085273484
2012-06-20 10:50:00,64.99421308349609,65.22072795016614,3.168426735268659
2012-06-20 10:55:00,64.78356487191392,65.22771700261939,3.167978667082853
2012-06-20 11:00:00,64.57523151993995,65.25840238662555,2.9650420957685792
2012-06-20 11:05:00,64.38657406901334,65.04071511510945,2.971155959363833
2012-06-20 11:10:00,64.07407408270116,65.19635214269381,2.9663295276386332
2012-06-20 11:15:00,63.917824079585586,64.79025014195987,2.984135508174352
2012-06-20 11:20:00,63.646990749543846,65.41299512415786,2.963318518121931
2012-06-20 11:25:00,63.62615741869241,64.5697085326836,3.001485742666571
2012-06-20 11:30:00,63.72222229610517,64.85302827577407,2.980243138540468
2012-06-20 11:35:00,63.73032407294961,64.63985670004442,2.9953248992741446
2012-06-20 11:40:00,63.42708330777251,65.13418399294365,2.967977340765017
2012-06-20 11:45:00,63.54166662745541,64.72736747338888,2.988487578672775
2012-06-20 11:50:00,63.479166627657854,64.5697085326836,3.001485742666571
2012-06-20 11:55:00,63.523148177942005,64.50646775724056,3.007576978311414
2012-06-20 12:00:00,63.481481516239135,64.73398455536663,2.693737446670092
2012-06-20 12:05:00,63.618055625550646,64.57728169626908,2.7047208393993
2012-06-20 12:10:00,63.74537050829463,64.36443021477267,2.7257975003935435
2012-06-20 12:15:00,63.78703717724077,64.42641960081727,2.7188994812568192
2012-06-20 12:20:00,63.83912051885588,64.70340693661214,2.6955909539500564
2012-06-20 12:25:00,63.76620385363258,64.6114351396226,2.702008006005082
2012-06-20 12:30:00,63.5555556420504,65.22466002736218,2.6817151383892104
2012-06-20 12:35:00,63.56597232196265,64.76452374137308,2.69202324180444
2012-06-20 12:40:00,63.77546309830827,64.3299250386176,2.729914715365672
2012-06-20 12:45:00,63.723379785666204,65.15802401632764,2.681503997302624
2012-06-20 12:50:00,63.82754646165318,64.48825070710119,2.7126479232514105
2012-06-20 12:55:00,64.05439825589728,64.740774707846,2.693344586627063
2012-06-20 13:00:00,63.99189825609971,64.84092043905578,2.504120408396944
2012-06-20 13:05:00,64.04976850046451,65.18895525113179,2.500841818296342
2012-06-20 13:10:00,64.33912028726292,64.96479932656236,2.500397212389761
2012-06-20 13:15:00,64.21412028404613,64.78168882360268,2.506916017789018
2012-06-20 13:20:00,64.1516202770053,65.07431559335723,2.499471030967474
2012-06-20 13:25:00,64.240740510404,64.63204821736389,2.5169443864267533
2012-06-20 13:30:00,64.38657384085057,64.84092043905578,2.504120408396944
2012-06-20 13:35:00,64.4328702652295,65.01648988056706,2.4996855908737134
2012-06-20 13:40:00,64.30787026563435,65.1604198700913,2.5002780752167872
2012-06-20 13:45:00,64.17245358612696,65.21740947866512,2.501548948989965
2012-06-20 13:50:00,64.01620357938977,65.01648988056706,2.4996855908737134
2012-06-20 13:55:00,63.98379644303896,65.5804702783576,2.522970316821624
2012-06-20 14:00:00,64.28587977660112,64.5437971319427,2.7469880399525657
2012-06-20 14:05:00,64.165509539682,65.3194067614741,2.753735761403298
2012-06-20 14:10:00,63.88425952972802,65.73970616411407,2.809105037786662
2012-06-20 14:15:00,64.20370419083811,64.24884179108498,2.771943627086467
2012-06-20 14:20:00,64.31828753949407,64.82130393999992,2.736447413341398
2012-06-20 14:25:00,64.34375063302154,64.80629439458814,2.7366698973762382
2012-06-20 14:30:00,64.33333398208235,65.20999998382725,2.745657206456755
2012-06-20 14:35:00,64.2500006586766,65.09803802962632,2.7399543690055648
2012-06-20 14:40:00,64.44791731625179,64.71909227112296,2.738766401608958
2012-06-20 14:45:00,64.51967686313124,64.75340090860759,2.7377793622995537
2012-06-20 14:50:00,64.70717686614559,64.43542085317709,2.7546110806399926
2012-06-20 14:55:00,64.71875067164494,65.47894172151756,2.770112226242052
2012-06-20 15:00:00,64.86574111319212,64.75961024563892,3.8500067932996074
2012-06-20 15:05:00,65.01157442915219,63.97463939897893,3.8270779577856024
2012-06-20 15:10:00,65.0636577707673,63.92314717273038,3.8282389802476593
2012-06-20 15:15:00,65.09143512995554,64.4850056822766,3.832142490018461
2012-06-20 15:20:00,65.20601846412495,64.31696320320425,3.8268122459632923
2012-06-20 15:25:00,65.40740715035507,63.87094374507496,3.8296791145666806
2012-06-20 15:30:00,65.52893512129529,64.31696320320425,3.8268122459632923
2012-06-20 15:35:00,65.701388685343,63.788265922391474,3.8324774184522092
2012-06-20 15:40:00,65.52430535861926,64.54439721446758,3.834998146052312
2012-06-20 15:45:00,65.663194023322,64.01983542699853,3.826280257344237
2012-06-20 15:50:00,65.84027736453228,64.12507540954505,3.825278050644256
2012-06-20 15:55:00,66.01736066228298,64.80130645985066,3.8538073038851177
2012-06-20 16:00:00,65.9988422200128,63.94489383907898,6.601650208102559
2012-06-20 16:05:00,66.12384223409448,62.915819004855116,6.596361496911556
2012-06-20 16:10:00,66.1759255757096,62.21457207812455,6.617650457914304
2012-06-20 16:15:00,66.38078689902864,62.871809140659906,6.597196152475521
2012-06-20 16:20:00,66.3692130935293,63.17289629391605,6.593120919449802
2012-06-20 16:25:00,66.38657441021233,63.130843935756246,6.593452226252565
2012-06-20 16:30:00,66.29927253254324,63.21464580404941,6.592871345615175
2012-06-20 16:35:00,64.89302251174637,62.849671754652185,6.597646770289543
2012-06-20 16:40:00,64.46593918583231,61.4899466867712,6.651001333354415
2012-06-20 16:45:00,61.543981460946554,62.93041203373027,6.596103202189511
2012-06-20 16:50:00,57.65046310365934,63.29725546763771,6.592617396850314
2012-06-20 16:55:00,53.64004643670226,64.15639190258877,6.608452876938639
2012-06-20 17:00:00,49.843750241766664,62.5314733221164,10.643984685604416
2012-06-20 17:05:00,45.66550954165354,62.300733026140314,10.6776210904316
2012-06-20 17:10:00,42.071759578644354,61.002460473726295,10.732310905382088
2012-06-20 17:15:00,37.95419994313825,62.77907271596322,10.597293691772645
2012-06-20 17:20:00,33.77827384187592,61.63530400271645,10.730078068472466
2012-06-20 17:25:00,29.87202385814908,61.79477099380035,10.722831735353862
2012-06-20 17:30:00,26.03571452232744,61.1101382394692,10.734579379140632
2012-06-20 17:35:00,23.306547977977743,44.248068420347046,8.753911477992604
2012-06-20 17:40:00,19.775297891630686,53.68748603614572,9.732544257548682
2012-06-20 17:45:00,18.299107193955575,38.87669179263966,12.76496166961511
2012-06-20 17:50:00,18.27132922633334,37.99216167634065,15.774309871750447
2012-06-20 17:55:00,17.889384721155803,38.0155421147523,15.656938200423966
2012-06-20 18:00:00,17.317625494599284,37.73772685962711,15.906102703831912
2012-06-20 18:05:00,17.41947734719433,37.546663747560125,17.040862952240722
2012-06-20 18:10:00,17.06531057785465,37.73239686184286,15.93292067848496
2012-06-20 18:15:00,16.829860988186024,37.598120807771785,16.693033747399145
2012-06-20 18:20:00,16.725694304955788,37.51551528732934,17.273292970856993
2012-06-20 18:25:00,16.445932408688154,37.62645679629662,16.517098043102802
2012-06-20 18:30:00,16.154265602929733,37.61720442728737,16.57346870045428
2012-06-20 18:35:00,16.091765407564083,37.51551528732934,17.273292970856993
2012-06-20 18:40:00,16.268848908126117,37.51222024053752,17.299007709792026
2012-06-20 18:45:00,16.824404552020713,37.447076312496904,17.86679646986404
2012-06-20 18:50:00,16.454034200019112,37.624378038055745,16.529659945427813
2012-06-20 18:55:00,16.45403420001911,37.506826270263495,17.34167330424047
2012-06-20 19:00:00,16.797784347392646,37.29671975327142,17.56799105277912
2012-06-20 19:05:00,16.728339891905826,37.37748583284866,16.925917947514325
2012-06-20 19:10:00,16.676256550290706,37.36004475336474,17.05162331044718
2012-06-20 19:15:00,17.03968241038675,37.31126746829964,17.43940936154274
2012-06-20 19:20:00,18.654265768671042,37.28605361541673,17.667026956902472
2012-06-20 19:25:00,20.410879411674724,37.31734381179786,17.387666974755334
2012-06-20 19:30:00,24.556712772625726,37.30801495394215,17.467561892728252
2012-06-20 19:35:00,28.77661998957649,37.29671975327142,17.56799105277912
2012-06-20 19:40:00,32.859953242080984,37.36738930511573,16.99799327164286
2012-06-20 19:45:00,36.80439781539621,37.42168630348276,16.631005696822108
2012-06-20 19:50:00,40.92476803936015,37.29131106468904,17.617683422589163
2012-06-20 19:55:00,45.24421256800127,37.30608975285515,17.48439986924704
2012-06-20 20:00:00,49.26851784211983,37.54160482161203,16.992218711411585
2012-06-20 20:05:00,53.3101844618945,37.47076328575536,17.384929369405157
2012-06-20 20:10:00,57.42939761821743,37.45816673166507,17.46104573836288
2012-06-20 20:15:00,61.46064764499899,37.57962510934424,16.801947722474235
2012-06-20 20:20:00,64.36689751607243,38.953536428129446,13.267998159308048
2012-06-20 20:25:00,66.9317124180841,39.625070487423024,12.435994440472664
2012-06-20 20:30:00,67.10433128785661,64.83673373222825,2.807540073090754
2012-06-20 20:35:00,67.2617390467231,65.01734843889555,2.7239901326923626
2012-06-20 20:40:00,67.20618369093957,65.50028535466168,2.5165443990139407
2012-06-20 20:45:00,67.27910033443308,65.50028535466168,2.5165443990139407
2012-06-20 20:50:00,67.58465632681394,64.31152585665586,3.068288899214449
2012-06-20 20:55:00,67.54298966511107,65.70353032958435,2.4363401647816167
2012-06-20 21:00:00,67.54993433085492,65.94868794738659,1.78536393887025
2012-06-20 21:05:00,67.7478509884301,65.40841431144624,1.8788226254348508
2012-06-20 21:10:00,67.75363789117978,65.59319710975778,1.8444423810623507
2012-06-20 21:15:00,67.70155454956468,66.24197433203621,1.7429907838808054
2012-06-20 21:20:00,67.52447122284092,66.35368939240944,1.7282222507679992
2012-06-20 21:25:00,67.44113789943516,66.05201770066861,1.7698149877391527
2012-06-20 21:30:00,67.42476902553497,65.91889751185708,1.7899768247458876
2012-06-20 21:35:00,67.25578746116913,65.9832924141768,1.7800792549329063
2012-06-20 21:40:00,67.19229499685893,65.51988773659996,1.8577685634179704
2012-06-20 21:45:00,67.20271167677117,66.01343904435723,1.7755388741096443
2012-06-20 21:50:00,67.1205354499795,66.08614351822095,1.7648314279319177
2012-06-20 21:55:00,67.13905389224963,65.73753182378816,1.8193734223920088
2012-06-20 22:00:00,67.13905389224965,65.60773335145903,1.7515192540449585
2012-06-20 22:05:00,66.86822059118096,65.78522335836966,1.7354267612919558
2012-06-20 22:10:00,66.90873012729672,65.27969941662214,1.784540358253847
2012-06-20 22:15:00,66.9295634871212,65.67913380638278,1.7449050693720072
2012-06-20 22:20:00,66.80456350201258,65.35355433778544,1.7767076396187529
2012-06-20 22:25:00,66.73974862087698,65.39027537264404,1.7729025730214605
2012-06-20 22:30:00,66.73230805244522,65.49961535292896,1.761910379728952
2012-06-20 22:35:00,66.90939137916898,65.01681507405671,1.8144840612067654
2012-06-20 22:40:00,67.04927253011412,64.96230977396179,1.8211212504797512
2012-06-20 22:45:00,66.78885587998464,65.67913380638278,1.7449050693720072
2012-06-20 22:50:00,66.70436543099177,65.42685946639173,1.7691687873652684
2012-06-20 22:55:00,66.41501364419337,65.45521841605704,1.766313457278206
2012-06-20 23:00:00,66.40459699325416,64.97278199520686,1.9382892702525298
2012-06-20 23:05:00,66.33862497204493,64.21688031815701,2.0161533803788494
2012-06-20 23:10:00,66.07936544750254,64.79300369697293,1.9550897701338543
2012-06-20 23:15:00,65.9196434084888,65.11147787324887,1.9259652076777478
2012-06-20 23:20:00,65.79464339440712,64.29076056176417,2.007638346465661
2012-06-20 23:25:00,65.69279159975817,64.53827662912522,1.980637204203776
2012-06-20 23:30:00,65.37731551101957,64.84241502821834,1.9503754351309874
2012-06-20 23:35:00,65.12731554080231,65.00762370779982,1.9351425944390261
2012-06-20 23:40:00,64.55092653708323,64.8323256423417,1.9513318789018077
2012-06-20 23:45:00,64.72800986380697,64.14262681477372,2.024936603309943
2012-06-20 23:50:00,64.51504676364351,64.50607375276212,1.9840235885290973
2012-06-20 23:55:00,64.64004676323866,63.8040390271293,2.068091002049545
2012-06-21 00:00:00,64.4108800948998,63.93531072099816,2.3729869304531097
2012-06-21 00:05:00,64.73726879521156,62.96603798516222,2.498131940153011
2012-06-21 00:10:00,64.65393545731929,62.8655263641954,2.5130614909795335
2012-06-21 00:15:00,64.46990747933823,63.56094369639022,2.417695240670844
2012-06-21 00:20:00,64.58449081350766,62.827757752654605,2.5187840301032973
2012-06-21 00:25:00,64.53240748637906,63.166042063919605,2.4696486526526455
2012-06-21 00:30:00,64.52777772370301,62.71423322946668,2.5363717421826455
2012-06-21 00:35:00,64.51736104379079,63.128654830040794,2.4748548341166985
2012-06-21 00:40:00,64.75000004500158,61.749843055430155,2.7147465135435795
2012-06-21 00:45:00,64.30208337193876,63.75528899845901,2.3939790191205277
2012-06-21 00:50:00,64.14120359709308,62.73107321961229,2.533725039770265
2012-06-21 00:55:00,63.88078693609868,63.240644594746065,2.4594169221916857
2012-06-21 01:00:00,63.4120369195087,62.2852146144125,2.822780910343937
2012-06-21 01:05:00,62.79745356522887,63.131805011593094,2.71485064267774
2012-06-21 01:10:00,62.67245356201209,61.802862603821204,2.8983013761389302
2012-06-21 01:15:00,62.44328689005159,62.093089623842566,2.8513148137589863
2012-06-21 01:20:00,61.77662021588643,62.38081598100493,2.809243818686113
2012-06-21 01:25:00,61.569444322689655,62.15726412818692,2.8415751760301196
2012-06-21 01:30:00,61.386574089594596,61.91778819932171,2.879085668497963
2012-06-21 01:35:00,61.37615742416889,62.25327892025391,2.827396925308747
2012-06-21 01:40:00,61.0844907632757,61.835219744461604,2.8928055800880483
2012-06-21 01:45:00,60.87615742759908,61.44543236740651,2.9640336743498223
2012-06-21 01:50:00,61.04282409070793,61.44543236740651,2.9640336743498223
2012-06-21 01:55:00,61.0324074243768,61.57570575235573,2.9389432756240326
2012-06-21 02:00:00,61.39699075773654,59.914455006935846,3.84033670537223
2012-06-21 02:05:00,61.44907408848676,60.29554248211318,3.733847687487399
2012-06-21 02:10:00,61.719907422150136,60.44418722674947,3.6970619992723996
2012-06-21 02:15:00,61.865740756218365,60.414373721430565,3.7042587015599455
2012-06-21 02:20:00,62.46527766066663,59.45817619254442,3.999403924530347
2012-06-21 02:25:00,62.21412023167222,60.53719128273292,3.675154087047321
2012-06-21 02:30:00,62.42476844687602,60.38460351633174,3.711532761885392
2012-06-21 02:35:00,62.48726845391687,61.200344931380364,3.5376349928054345
2012-06-21 02:40:00,62.64351844616754,60.001651951468695,3.81420043756327
2012-06-21 02:45:00,62.27199078025401,59.885497039505175,3.849280656286561
2012-06-21 02:50:00,61.84490745433996,60.95647791256449,3.5849923957120016
2012-06-21 02:55:00,61.60416667356852,60.563830667518694,3.669022665785038
2012-06-21 03:00:00,61.23958334020878,60.00756963855661,4.465476425871494
2012-06-21 03:05:00,60.818286891693,59.5508401991079,4.586777074277885
2012-06-21 03:10:00,60.70370355752357,60.25734143877838,4.406216286452736
2012-06-21 03:15:00,60.221064557122475,59.89826143446198,4.492718565945829
2012-06-21 03:20:00,59.48611101662638,60.18900021900956,4.422074713195
2012-06-21 03:25:00,59.67245355724194,59.01679826014864,4.766902397193064
2012-06-21 03:30:00,59.62847200695777,60.04118505241058,4.45727661871948
2012-06-21 03:35:00,58.92013867108975,60.3982237678803,4.374217641104313
2012-06-21 03:40:00,58.449900602381156,59.5508401991079,4.586777074277885
2012-06-21 03:45:00,58.77397471832867,58.23882781251175,5.190834440578993
2012-06-21 03:50:00,58.87814138707237,58.943380324980325,4.796696251542232
2012-06-21 03:55:00,58.12929879033254,59.06340145115873,4.7487544332864315
2012-06-21 04:00:00,58.28902112632003,58.885562869508796,5.277803070251116
2012-06-21 04:05:00,58.22073425998909,58.388981241698396,5.607527625892676
2012-06-21 04:10:00,57.66865091999336,59.67286730323087,4.946603004199045
2012-06-21 04:15:00,58.13045658954301,58.54266397925568,5.490595939271633
2012-06-21 04:20:00,58.47420657756479,58.25073425757409,5.7273020320816785
2012-06-21 04:25:00,58.41865092480754,59.232450855916234,5.1116888525439625
2012-06-21 04:30:00,58.12929913800912,59.64801528025669,4.954934320015487
2012-06-21 04:35:00,58.400132468050856,58.46296500600573,5.549284092778707
2012-06-21 04:40:00,59.16203720127425,58.28954100420504,5.69213506805297
2012-06-21 04:45:00,59.64351874289817,58.75960242786223,5.3493037719206
2012-06-21 04:50:00,59.726852073547185,58.977426365245265,5.229781778924919
2012-06-21 04:55:00,60.79976878623452,57.44582614762326,6.903545455880999
2012-06-21 05:00:00,61.05671312522188,59.932295639236855,4.61448020451739
2012-06-21 05:05:00,61.2858797645877,58.85604438949343,5.472852033491044
2012-06-21 05:10:00,61.79629644288055,59.068767694225926,5.24638463915998
2012-06-21 05:15:00,62.056713093010046,60.27070942924211,4.4523662665610315
2012-06-21 05:20:00,62.046296427584316,59.652879376944156,4.778993951058431
2012-06-21 05:25:00,62.38888929001897,59.78970150278899,4.69452691228827
2012-06-21 05:30:00,62.95949107228486,59.65834553356705,4.775464251551662
2012-06-21 05:35:00,63.38425950961763,59.7267248239208,4.732424093539938
2012-06-21 05:40:00,63.290509506299635,60.694726421604486,4.292915009652973
2012-06-21 05:45:00,63.3877315092995,60.5612346969132,4.338732726847926
2012-06-21 05:50:00,64.08564817249855,59.84999569753063,4.659736481990096
2012-06-21 05:55:00,64.31712971493216,60.29554326438548,4.441820598639528
2012-06-21 06:00:00,64.35879637663506,62.10005252065045,3.774926080425671
2012-06-21 06:05:00,65.06712971250309,60.752984770810826,4.58060175884803
2012-06-21 06:10:00,65.2812499527402,61.80045136989616,3.909792663159072
2012-06-21 06:15:00,65.31249996350387,62.46924763370392,3.6362916107586982
2012-06-21 06:20:00,65.88541663435105,61.05368857442691,4.351562861650414
2012-06-21 06:25:00,66.04282377029699,62.165431221146214,3.7482716876010786
2012-06-21 06:30:00,66.0324071193578,62.59828761517955,3.594231321227024
2012-06-21 06:35:00,66.2430553454265,62.306685864778565,3.69384732371547
2012-06-21 06:40:00,66.53472200631968,62.01923916181243,3.809206324323337
2012-06-21 06:45:00,66.65046246607623,62.36500952647816,3.6725907545802783
2012-06-21 06:50:00,66.46147408499645,63.10260731211002,3.457058396961472
2012-06-21 06:55:00,66.53554788305011,62.42303456116218,3.6521209485608677
2012-06-21 07:00:00,66.84804787479473,63.60741096758934,3.6553008999198866
2012-06-21 07:05:00,66.92327943584257,64.08022882907783,3.4804825701889364
2012-06-21 07:10:00,67.11540919066809,63.765597898633054,3.5928947945273
2012-06-21 07:15:00,67.31332587721631,63.97190740353515,3.5174878016744144
2012-06-21 07:20:00,67.37582586977062,63.99914830501169,3.508017497398846
2012-06-21 07:25:00,67.51587231195406,63.98705492584431,3.5122087964544595
2012-06-21 07:30:00,67.533729531325,63.99914830501169,3.508017497398846
2012-06-21 07:35:00,67.55456286217644,64.2658059017678,3.4210220821439363
2012-06-21 07:40:00,67.5603497649261,64.18687735083462,3.4457162744396634
2012-06-21 07:45:00,67.63210931180555,64.08321325582308,3.479486650640349
2012-06-21 07:50:00,67.66253280843172,64.07639032034,3.481763425177116
2012-06-21 07:55:00,67.77364412843276,64.03530247494483,3.495620089553299
2012-06-21 08:00:00,67.73197746672989,65.26337406023988,3.556332995539964
2012-06-21 08:05:00,67.75975546332516,65.10005062791232,3.600509302652119
2012-06-21 08:10:00,67.73296993848578,65.0936904934099,3.602276035653618
2012-06-21 08:15:00,67.64269192036312,65.31900486184013,3.5417859903514173
2012-06-21 08:20:00,67.62185858951169,64.97818906129855,3.6349758287612715
2012-06-21 08:25:00,67.6739419311268,65.17906081040798,3.578859337472513
2012-06-21 08:30:00,67.80886266448674,64.8522669220213,3.672030241995564
2012-06-21 08:35:00,67.82969602431122,65.15072246057974,3.5865635461536365
2012-06-21 08:40:00,67.78224245985867,65.02333487902611,3.622052053067963
2012-06-21 08:45:00,67.750992449095,65.0936904934099,3.602276035653618
2012-06-21 08:50:00,67.81580733023058,64.97171470055477,3.6368448366218646
2012-06-21 08:55:00,67.7741406685277,65.15072246057974,3.5865635461536365
2012-06-21 09:00:00,67.71164067597338,65.30672708370936,3.859671115590453
2012-06-21 09:05:00,67.66534423710794,65.33413086441796,3.854413434533754
2012-06-21 09:10:00,67.67592620825847,65.16438481721018,3.8878366556744752
2012-06-21 09:15:00,67.64120421229944,65.22398191317603,3.875864094116842
2012-06-21 09:20:00,67.65972265456959,65.05606339891078,3.9103007055540346
2012-06-21 09:25:00,67.48263929887281,65.4899703846341,3.8254470359461448
2012-06-21 09:30:00,67.3194446662297,65.38866880265135,3.844099840725947
2012-06-21 09:35:00,67.19675954072932,65.368258304461,3.8479368138922414
2012-06-21 09:40:00,67.19675954072932,65.0242169055234,3.9170854111004147
2012-06-21 09:45:00,67.134259548175,65.1509176809765,3.8905790560640767
2012-06-21 09:50:00,66.8321762218561,65.30672708370936,3.859671115590453
2012-06-21 09:55:00,66.65162088096395,65.18230832691471,3.884207491694258
2012-06-21 10:00:00,66.54745419773373,65.01555397868721,3.9437709644380265
2012-06-21 10:05:00,66.50115775886827,65.0954796080909,3.934115725197698
2012-06-21 10:10:00,66.52628961802561,65.0954796080909,3.934115725197698
2012-06-21 10:15:00,66.27628961883532,65.01555397868721,3.9437709644380265
2012-06-21 10:20:00,66.1559193819162,65.00825729041135,3.9446825579306926
2012-06-21 10:25:00,66.094576514949,64.85012191690639,3.9657425883954414
2012-06-21 10:30:00,66.16749318741556,64.78321720982562,3.975433754215168
2012-06-21 10:35:00,66.04712295049644,64.89080363984583,3.960081747377185
2012-06-21 10:40:00,65.81944465660136,64.9166095569626,3.956579499833303
2012-06-21 10:45:00,65.85995419271713,64.85012191690639,3.9657425883954414
2012-06-21 10:50:00,65.79745418567629,64.233175723651,4.075040470841761
2012-06-21 10:55:00,65.52893541645822,64.49997919970329,4.022052141588897
2012-06-21 11:00:00,65.18518542979457,64.55098365744716,3.8388899796848097
2012-06-21 11:05:00,65.12963007401105,64.82610791036974,3.8108564987531253
2012-06-21 11:10:00,64.92857201371709,65.05652249134131,3.7945781511410925
2012-06-21 11:15:00,64.91815534829136,64.05388281088857,3.915989447617422
2012-06-21 11:20:00,64.53042380274216,64.48893707136273,3.8465897265165574
2012-06-21 11:25:00,64.38343334670846,64.52000002488589,3.8426693544318753
2012-06-21 11:30:00,64.10218333675448,64.8938311495133,3.805418315607996
2012-06-21 11:35:00,63.97023867141547,64.36387973410578,3.863725806725208
2012-06-21 11:40:00,63.85648185862683,64.02284728759851,3.9220245190089056
2012-06-21 11:45:00,63.46180566182031,64.85626114640506,3.8083660769611285
2012-06-21 11:50:00,63.53472233428687,63.87195563239458,3.9535499620524672
2012-06-21 11:55:00,63.62962977646305,63.42363907513542,4.0699336524454885
2012-06-21 12:00:00,63.64004644324688,63.248382144162065,3.9064392356757396
2012-06-21 12:05:00,63.39798261095921,64.57741221984988,3.642366925713718
2012-06-21 12:10:00,63.28687191387871,64.32169029721308,3.670492497478159
2012-06-21 12:15:00,63.141038576188855,63.932269463619434,3.7329980673441945
2012-06-21 12:20:00,63.276455241209725,63.01787010872224,3.985616317413838
2012-06-21 12:25:00,63.349371899189755,63.932269463619434,3.7329980673441945
2012-06-21 12:30:00,63.56812191658943,63.85731626112931,3.7478966170094616
2012-06-21 12:35:00,63.54728858573799,63.819717864434146,3.755730726350855
2012-06-21 12:40:00,63.68617725768399,63.52488524616408,3.825847153737673
2012-06-21 12:45:00,63.93270524994915,63.40175138609778,3.8598861100924107
2012-06-21 12:50:00,63.93270524994915,64.04404501247342,3.7125367794008675
2012-06-21 12:55:00,64.0056219224157,63.66857807680472,3.7897192116561462
2012-06-21 13:00:00,64.10747370710519,63.03695121482591,4.006661615083728
2012-06-21 13:05:00,64.09953722874229,63.50778828319172,3.8776483123527488
2012-06-21 13:10:00,63.96527768206528,63.72885722729123,3.8302099152907707
2012-06-21 13:15:00,64.13194435060656,63.16146031682721,3.9687014753989676
2012-06-21 13:20:00,64.31018482464721,63.28535434999457,3.9337110441511256
2012-06-21 13:25:00,64.33101815549863,64.01190040815293,3.780977115966549
2012-06-21 13:30:00,64.06712915076744,64.47450474149778,3.7269052381817183
2012-06-21 13:35:00,64.10879582695684,63.53105860591321,3.872271943205319
2012-06-21 13:40:00,63.97652088335828,63.83569083612128,3.8101388508431135
2012-06-21 13:45:00,63.8966595596344,64.1164296456181,3.765948940884968
2012-06-21 13:50:00,63.99040956295239,63.85341913267232,3.806984120522294
2012-06-21 13:55:00,63.969576217614424,63.73332236510908,3.8293340600526906
2012-06-21 14:00:00,64.10846490404695,62.60010628599105,4.954006950698236
2012-06-21 14:05:00,64.17328011112934,62.64783960695089,4.943380013377368
2012-06-21 14:10:00,64.28786343805551,62.279988367301975,5.029127863676138
2012-06-21 14:15:00,64.29828010348125,63.07925592098968,4.8555833629692495
2012-06-21 14:20:00,64.1200396294406,63.28290128894784,4.8199369239708085
2012-06-21 14:25:00,63.984622964419714,63.422867041192866,4.797789897181393
2012-06-21 14:30:00,64.04943817150209,62.64783960695089,4.943380013377368
2012-06-21 14:35:00,64.17443815661073,62.92704097976892,4.88475476035729
2012-06-21 14:40:00,64.37384286992616,62.44054126641041,4.990666490262671
2012-06-21 14:45:00,64.42592619705475,63.07925592098968,4.8555833629692495
2012-06-21 14:50:00,64.39467618629108,63.56563614587702,4.777242443393606
2012-06-21 14:55:00,64.65509286539363,62.875568853572354,4.89508060976436
2012-06-21 15:00:00,64.74768571415146,61.287994594273215,8.133352599177998
2012-06-21 15:05:00,64.67592616727201,60.76406799334552,8.211204163974575
2012-06-21 15:10:00,64.70486128945441,60.59417961468181,8.234406823764305
2012-06-21 15:15:00,64.63194461698787,61.032567716858914,8.172484293027727
2012-06-21 15:20:00,64.84027794723202,59.70577950318515,8.339832530791128
2012-06-21 15:25:00,64.92708329929268,60.40831744538965,8.258642227846503
2012-06-21 15:30:00,65.00115708285983,60.76406799334552,8.211204163974575
2012-06-21 15:35:00,65.04282374456271,61.66578608646713,8.071601241208427
2012-06-21 15:40:00,64.88310142306175,61.51449877351022,8.09685646760373
2012-06-21 15:45:00,64.84143476135887,61.3587399341784,8.122127947878909
2012-06-21 15:50:00,64.60763833034397,61.51449877351022,8.09685646760373
2012-06-21 15:55:00,64.26504576488306,62.495337774609794,7.922858248966697
2012-06-21 16:00:00,64.19212912138953,59.47967064670024,13.852457026059303
2012-06-21 16:05:00,64.4108791243027,56.66433997997524,13.939498320135565
2012-06-21 16:10:00,64.26273090527481,57.76624332168086,13.999240223394837
2012-06-21 16:15:00,64.07523090950372,57.102652781200824,13.974259951224125
2012-06-21 16:20:00,60.9618049134491,58.80377853759549,13.953914903148982
2012-06-21 16:25:00,57.145832904385344,58.231213275413886,13.993284813398562
2012-06-21 16:30:00,53.34374963286178,58.56358551855144,13.975125839733728
2012-06-21 16:35:00,49.57291634312886,59.47967064670024,13.852457026059303
2012-06-21 16:40:00,46.045138611383514,56.763113489690255,13.948475734920224
2012-06-21 16:45:00,42.57638857553687,58.059775788912845,13.997983546415133
2012-06-21 16:50:00,38.75231460130385,55.673309459383546,13.817518717324639
2012-06-21 16:55:00,34.89699060906389,56.22781319331449,13.892566560275727
2012-06-21 17:00:00,31.146990621209355,57.069175916461916,19.206056486927107
2012-06-21 17:05:00,26.87962931829118,57.905942442209316,19.07030419811934
2012-06-21 17:10:00,23.321759012829528,53.50986184056374,18.55945941407069
2012-06-21 17:15:00,20.280092292032034,51.96482938474426,17.915551619520546
2012-06-21 17:20:00,19.261573766081526,37.603755949696556,14.07848191502976
2012-06-21 17:25:00,19.219907046432557,37.25078704204934,16.204215896856358
2012-06-21 17:30:00,19.115740363202317,37.263053303393555,16.092503183300014
2012-06-21 17:35:00,18.92824024067414,37.300395505912654,15.780471396009498
2012-06-21 17:40:00,18.631944005429734,37.30778745757002,15.723014133469498
2012-06-21 17:45:00,18.194444028576488,37.36970019541641,15.28571598286794
2012-06-21 17:50:00,18.15856450140767,37.20206839843319,16.70950631583779
2012-06-21 17:55:00,18.387731111800445,37.20334228540335,16.694685211129567
2012-06-21 18:00:00,18.09027734534625,37.02319807206094,16.639816864257906
2012-06-21 18:05:00,18.076388825103898,36.944916025718626,17.71261315047164
2012-06-21 18:10:00,17.550925979466722,37.01570587365783,16.71721627566892
2012-06-21 18:15:00,16.57175934253,37.154147208987496,15.621080403041079
2012-06-21 18:20:00,16.797453822862185,36.95485494007097,17.525033525900014
2012-06-21 18:25:00,16.368055637339896,36.99118783749335,16.996535579656804
2012-06-21 18:30:00,16.536210339891653,36.98720103020983,17.046546884778156
2012-06-21 18:35:00,16.1924604243025,36.99323426181277,16.971435417013872
2012-06-21 18:40:00,15.877645775760987,36.977029056660164,17.18144203493679
2012-06-21 18:45:00,15.718419639435126,36.979634892588486,17.145829986946207
2012-06-21 18:50:00,15.905919530178922,36.959996728936055,17.437682104319006
2012-06-21 18:55:00,16.18022499028125,37.008571434450225,16.79410193699454
2012-06-21 19:00:00,16.346891637092757,36.95121001475268,17.95089410227345
2012-06-21 19:05:00,16.721891418580345,36.927672542421405,18.296260134474583
2012-06-21 19:10:00,17.111937715088843,36.91850037080875,18.467745810397545
2012-06-21 19:15:00,17.87003953296376,36.91608054184797,18.51884824050289
2012-06-21 19:20:00,17.73462298383508,36.97927307716628,17.63281187338953
2012-06-21 19:25:00,19.68485446637757,36.91679849397497,18.503344878462666
2012-06-21 19:30:00,20.787532974736568,37.01420553334527,17.31313705400854
2012-06-21 19:35:00,25.047949640883953,36.92648696530125,18.316773979526804
2012-06-21 19:40:00,29.42757904171371,36.92028093844063,18.431977192056102
2012-06-21 19:45:00,33.655092089361446,36.940608312956535,18.0940517862328
2012-06-21 19:50:00,37.811342159197736,36.97927307716628,17.63281187338953
2012-06-21 19:55:00,41.505786646403514,37.079835860914066,16.84052904430602
2012-06-21 20:00:00,45.71990707649678,37.31433814780849,18.25574909176033
2012-06-21 20:05:00,49.84027732943378,37.32761765458394,18.188417930387484
2012-06-21 20:10:00,53.92245348532422,37.30208764780233,18.32047812575499
2012-06-21 20:15:00,57.75810171413883,37.44576464467229,17.685778545289093
2012-06-21 20:20:00,61.997684991488676,37.2667303308489,18.52389488187867
2012-06-21 20:25:00,64.6678237602638,38.910575192700215,15.363703836881852
2012-06-21 20:30:00,67.54398094897199,38.36455017496692,15.861190886925714
2012-06-21 20:35:00,67.83564760986519,64.7345222371896,2.3312075201343228
2012-06-21 20:40:00,67.9629624835551,65.04004215812583,2.226357768326746
2012-06-21 20:45:00,68.12384222761692,65.12917439360962,2.197218777292784
2012-06-21 20:50:00,67.99884221353524,65.78260713560367,2.0040196417557365
2012-06-21 20:55:00,68.09259221685323,65.34290974139186,2.1300423899418317
2012-06-21 21:00:00,67.87384222842662,66.11494379983843,1.6465146340530827
2012-06-21 21:05:00,67.82638866397406,65.94134196146975,1.6668947684892357
2012-06-21 21:10:00,67.92129582185221,65.58438663767514,1.7153978308992102
2012-06-21 21:15:00,67.81712913862198,65.89074496618504,1.6732158400798234
2012-06-21 21:20:00,67.76504579700686,65.72484497519407,1.6952051086234114
2012-06-21 21:25:00,67.57060176203407,65.9986099430878,1.6599518773445734
2012-06-21 21:30:00,67.56944463644696,65.79552014780968,1.6855963711249666
2012-06-21 21:35:00,67.27777797555378,66.08344809762853,1.6500657881018237
2012-06-21 21:40:00,66.92361130761977,65.7584414261882,1.6905920344229626
2012-06-21 21:45:00,66.66319465749027,65.92332365195246,1.6691260408542725
2012-06-21 21:50:00,66.65624999174642,65.48328550572428,1.730861615755999
2012-06-21 21:55:00,66.67708329362482,65.85797184229314,1.677404632966794
2012-06-21 22:00:00,66.85416662034855,65.15888006848748,1.7198997789744304
2012-06-21 22:05:00,66.77199042252992,65.49950118463369,1.6887945030715443
2012-06-21 22:10:00,66.60532374674536,65.58968799560155,1.6815493868209532
2012-06-21 22:15:00,66.59606419242023,65.28463084667293,1.7076896384239992
2012-06-21 22:20:00,66.56481418165656,65.28463084667293,1.7076896384239992
2012-06-21 22:25:00,66.65740642198038,65.11645406665869,1.7242236007511487
2012-06-21 22:30:00,66.37615644099945,65.49950118463369,1.6887945030715443
2012-06-21 22:35:00,66.32407312835737,64.90024185647086,1.7479612623569125
2012-06-21 22:40:00,66.51157312050684,64.34942319001605,1.8227988623859026
2012-06-21 22:45:00,66.50925823192556,64.83397887342805,1.755832935254911
2012-06-21 22:50:00,66.48495288690573,65.20104751483684,1.715705828884933
2012-06-21 22:55:00,66.28703622933054,65.61950676677192,1.6792378663564895
2012-06-21 23:00:00,66.1238415677144,65.11704093023046,1.8528803032085477
2012-06-21 23:05:00,65.96643444625496,64.70607810676347,1.8836590094020051
2012-06-21 23:10:00,65.93634156107841,64.55009275071069,1.8971159181497592
2012-06-21 23:15:00,65.8310177812341,64.70607810676347,1.8836590094020051
2012-06-21 23:20:00,65.84374934972763,64.64196966096836,1.8890598462883883
2012-06-21 23:25:00,65.52893478810525,64.8396043818144,1.8729583356742259
2012-06-21 23:30:00,65.43518478478725,64.10866864976308,1.9416434365485846
2012-06-21 23:35:00,65.65393477321386,64.20509400983782,1.9310252925477542
2012-06-21 23:40:00,65.45254579001003,64.4261452695132,1.9086058901350114
2012-06-21 23:45:00,65.23611068292142,64.29346002409679,1.9217524830532102
2012-06-21 23:50:00,65.05902735619767,64.58082072509727,1.8943790805853549
2012-06-21 23:55:00,64.85069403319677,64.48832878946529,1.9027493506647006
2012-06-22 00:00:00,64.6469904728719,63.94831209375698,2.176096251963711
2012-06-22 00:05:00,64.70949046542624,63.53956589677933,2.218842000349177
2012-06-22 00:10:00,64.4375000025541,63.759177224947045,2.1950330360725254
2012-06-22 00:15:00,64.8020833069408,63.694364429870895,2.2018452370413635
2012-06-22 00:20:00,64.61226841172352,63.97509971914237,2.1735213302775076
2012-06-22 00:25:00,64.64004608961528,63.2032679179216,2.259721304988789
2012-06-22 00:30:00,64.67129608589244,63.128596387781556,2.269621554808701
2012-06-22 00:35:00,64.41666630953956,64.14777819371768,2.157513402608069
2012-06-22 00:40:00,64.0451386508693,63.11789420745527,2.2710674402777316
2012-06-22 00:45:00,63.805555324347985,62.93472643926643,2.2968971152937914
2012-06-22 00:50:00,63.33234116951031,63.35141794414333,2.2409979653238703
2012-06-22 00:55:00,63.179563501077475,63.16064794878034,2.265333152583043
2012-06-22 01:00:00,62.91104505237376,62.80187197133128,2.4132222946165736
2012-06-22 01:05:00,62.385581960465665,63.19810898787705,2.3600519711633114
2012-06-22 01:10:00,62.6147486360478,62.37821914120798,2.478694878426071
2012-06-22 01:15:00,62.22933200080968,64.24324077941064,2.24525498973865
2012-06-22 01:20:00,61.708498671577644,62.874604060131276,2.4029412665146084
2012-06-22 01:25:00,61.614748668259644,62.74347508025315,2.4216642005568567
2012-06-22 01:30:00,61.44113766897538,62.67756264754936,2.4314018970915137
2012-06-22 01:35:00,61.44576744613795,62.8600812782216,2.404973667878845
2012-06-22 01:40:00,61.393684104522826,61.35249840809083,2.6931723128842378
2012-06-22 01:45:00,61.608961770942415,61.5951600919787,2.633275881873978
2012-06-22 01:50:00,62.01967591873927,61.267946827777706,2.715707013541106
2012-06-22 01:55:00,62.29745358676724,62.11991526548841,2.5241494764116674
2012-06-22 02:00:00,62.21412025611823,60.61476995039129,3.2915631449631753
2012-06-22 02:05:00,62.76041667887775,60.19133769932495,3.4120225464372047
2012-06-22 02:10:00,62.3437500039029,61.817871451163604,3.034443888442368
2012-06-22 02:15:00,62.043981548962535,61.817871451163604,3.034443888442368
2012-06-22 02:20:00,62.60648153989745,59.87124631270448,3.519860027917495
2012-06-22 02:25:00,62.7835648666212,61.130338284682864,3.169492986891028
2012-06-22 02:30:00,62.769675870134364,60.79768547198186,3.2456356488897207
2012-06-22 02:35:00,62.75578719054025,61.57786749755447,3.0788074338765914
2012-06-22 02:40:00,63.43865741839428,59.87124631270448,3.519860027917495
2012-06-22 02:45:00,63.36458330888035,60.98110259489667,3.2025833801439743
2012-06-22 02:50:00,63.01339273794031,61.30259132988767,3.133194234205595
2012-06-22 02:55:00,62.73958330909377,61.71514912235789,3.053118118791094
2012-06-22 03:00:00,63.49999997209039,59.092487392542004,4.270620828753263
2012-06-22 03:05:00,62.98958332277059,60.654193207265344,3.8497023300257283
2012-06-22 03:10:00,63.09722231895378,59.18330811931142,4.239235745640262
2012-06-22 03:15:00,62.81365742313475,59.532821990996304,4.129878975474083
2012-06-22 03:20:00,62.15740742888183,60.38177086489791,3.9116208624816946
2012-06-22 03:25:00,61.844907433515594,60.38177086489791,3.9116208624816946
2012-06-22 03:30:00,61.594907437946915,59.46246271152197,4.150635817479059
2012-06-22 03:35:00,61.51504611422303,60.20200014311602,3.9541143280525524
2012-06-22 03:40:00,60.440972290435106,60.77607777123589,3.8227850647375186
2012-06-22 03:45:00,61.011078137418416,59.4484555176754,4.154835953314282
2012-06-22 03:50:00,60.69560204867981,58.92287970612446,4.333397919537712
2012-06-22 03:55:00,60.39533736238855,59.516691970903,4.134588341599232
2012-06-22 04:00:00,58.607142981279395,60.76493637398993,4.074703253537227
2012-06-22 04:05:00,58.94163374816608,58.63726550045152,4.501275089263612
2012-06-22 04:10:00,58.82655418355116,59.000039553888904,4.393802697159937
2012-06-22 04:15:00,59.05456341484264,58.356420403328485,4.6150961715157885
2012-06-22 04:20:00,59.54414674779753,58.14008495628141,4.731720743829068
2012-06-22 04:25:00,59.81960984413694,58.91319227782791,4.416573948266403
2012-06-22 04:30:00,59.18419315176243,58.37896334681748,4.604599265233904
2012-06-22 04:35:00,59.097387491863124,59.370838272403745,4.310602128259673
2012-06-22 04:40:00,59.819609530865854,57.59935963052427,5.204355205924322
2012-06-22 04:45:00,59.472883460336625,60.55048645668401,4.108999606449528
2012-06-22 04:50:00,59.96246678966988,57.8832970934825,4.9191470140581455
2012-06-22 04:55:00,60.465112606784906,58.30936442152577,4.637920356380771
2012-06-22 05:00:00,61.58548287668153,56.120893099936445,6.692769082021421
2012-06-22 05:05:00,61.38640877119408,60.144399985503775,3.751118492368795
2012-06-22 05:10:00,61.48759933932217,59.3787786259118,3.9945466220226074
2012-06-22 05:15:00,61.54315500384973,59.55072006236478,3.9247839265776254
2012-06-22 05:20:00,61.72023834506001,59.952296704800794,3.7978058066234825
2012-06-22 05:25:00,61.68435858610681,60.28966927589706,3.7205855065945954
2012-06-22 05:30:00,62.815145499699376,57.42326619695515,5.703632297786721
2012-06-22 05:35:00,62.87070116332152,59.80945802134209,3.8379377659789835
2012-06-22 05:40:00,63.143849372890465,59.78576069021901,3.845095006975288
2012-06-22 05:45:00,63.374173152329924,60.1957332149087,3.73989572431782
2012-06-22 05:50:00,63.65542315141902,59.60620360844907,3.904454871624924
2012-06-22 05:55:00,63.800925247495464,60.19962231058816,3.739065588549329
2012-06-22 06:00:00,64.17708269781481,60.71283105269635,3.545970306902486
2012-06-22 06:05:00,64.39583270434959,60.80513347562202,3.5017644472814697
2012-06-22 06:10:00,64.72453628237777,60.80513347562202,3.5017644472814697
2012-06-22 06:15:00,65.08680472987244,60.870756831551176,3.4719807045260187
2012-06-22 06:20:00,65.2893511646102,61.63635358578221,3.212562943682519
2012-06-22 06:25:00,65.25810115384651,61.4127281848821,3.273004270804672
2012-06-22 06:30:00,65.57523095172672,61.484624057195184,3.252311777939086
2012-06-22 06:35:00,65.73148096208557,61.15594061362449,3.3573662533031396
2012-06-22 06:40:00,65.72106431114638,61.71916413580896,3.193013176799239
2012-06-22 06:45:00,65.65625006741783,62.021526122186344,3.133424714801656
2012-06-22 06:50:00,65.6863429525944,61.55298598726079,3.233757640873915
2012-06-22 06:55:00,65.7372691686224,61.80448349102659,3.1743764955205958
2012-06-22 07:00:00,65.94709085158057,63.18946647074227,2.9300680342928014
2012-06-22 07:05:00,66.27000750875091,62.838372570187374,3.03369416736833
2012-06-22 07:10:00,66.38922059110986,63.14825421055238,2.9408886564388954
2012-06-22 07:15:00,66.5558872668944,63.30217713920381,2.902244955634982
2012-06-22 07:20:00,66.50959082802895,63.614061875600505,2.8382852864408363
2012-06-22 07:25:00,66.74917416179353,62.74739430428079,3.06489563379025
2012-06-22 07:30:00,66.59871103969785,63.76042855639941,2.8145510001951526
2012-06-22 07:35:00,66.75496103557016,63.016429868923204,2.9778691884010384
2012-06-22 07:40:00,66.85912768982736,63.13232903171857,2.945163006736321
2012-06-22 07:45:00,67.04778479307741,63.299074793964415,2.9029766409867013
2012-06-22 07:50:00,67.20519191453683,63.071436379885306,2.9619958550256276
2012-06-22 07:55:00,67.22602524538827,63.38539613315171,2.8833358987330104
2012-06-22 08:00:00,67.15162022745098,64.7957713618603,2.9310156412840116
2012-06-22 08:05:00,67.12037024566035,64.7641786433995,2.93681339444013
2012-06-22 08:10:00,67.17708336443803,64.50873650624304,2.989395376696167
2012-06-22 08:15:00,67.09375001205923,64.79183195448316,2.9317304208622814
2012-06-22 08:20:00,67.0474535731938,64.537721273743,2.9829083692169824
2012-06-22 08:25:00,67.06944402963235,64.45029330536947,3.0028913411124942
2012-06-22 08:30:00,67.25115713351866,64.40768965529743,3.0130814952497142
2012-06-22 08:35:00,67.31828690323555,64.47959347346891,2.9960551359734686
2012-06-22 08:40:00,67.28703692144491,64.45029330536947,3.0028913411124942
2012-06-22 08:45:00,67.21875005511396,64.84672316108961,2.921983525384915
2012-06-22 08:50:00,67.2500000369046,64.537721273743,2.9829083692169824
2012-06-22 08:55:00,67.22453692889059,64.47959347346891,2.9960551359734686
2012-06-22 09:00:00,67.10995359472115,64.97167532618268,3.320972497993635
2012-06-22 09:05:00,67.01157381424059,65.06619495505862,3.303279135695112
2012-06-22 09:10:00,66.98908678873404,65.04880472327378,3.3064433546891205
2012-06-22 09:15:00,66.98792966314694,64.93983029593421,3.3272129448351735
2012-06-22 09:20:00,67.02232104765635,64.76344464020397,3.3644102241686706
2012-06-22 09:25:00,67.0038026053862,64.87921256640992,3.339486840577513
2012-06-22 09:30:00,66.87880259130453,65.31098363006886,3.26292967566901
2012-06-22 09:35:00,66.77000615988477,65.04880472327378,3.3064433546891205
2012-06-22 09:40:00,66.80472815584379,64.71210664473266,3.3761008345106447
2012-06-22 09:45:00,66.789681698769,65.04880472327378,3.3064433546891205
2012-06-22 09:50:00,66.789681698769,65.00335053091084,3.3149065847926593
2012-06-22 09:55:00,66.69014479270133,64.76344464020397,3.3644102241686706
2012-06-22 10:00:00,66.82093168055964,64.50032504373284,3.7235434809471126
2012-06-22 10:05:00,66.76008535368736,64.66560290370948,3.689201915593562
2012-06-22 10:10:00,66.70849794373318,64.90361721655144,3.6473495366536337
2012-06-22 10:15:00,66.47007175004224,64.85483170314073,3.6552252078322423
2012-06-22 10:20:00,66.41947681184395,64.78329388699689,3.667419514611995
2012-06-22 10:25:00,66.34540301379029,64.72919642601076,3.677161745428649
2012-06-22 10:30:00,66.27248637029676,64.85872355125974,3.6545825856297736
2012-06-22 10:35:00,66.18915301791797,64.60953859287999,3.700351236968105
2012-06-22 10:40:00,65.97619055516158,64.72919642601076,3.677161745428649
2012-06-22 10:45:00,65.71577390503207,64.92843887577142,3.6434787229673886
2012-06-22 10:50:00,65.44494058947686,64.92843887577142,3.6434787229673886
2012-06-22 10:55:00,65.43336681295054,64.31520867872081,3.767450077956348
2012-06-22 11:00:00,65.24007993253792,64.67309082134474,3.846007759389872
2012-06-22 11:05:00,65.13425958362562,64.14406447914041,3.938061680483677
2012-06-22 11:10:00,64.92245424645633,64.43856231384198,3.8809589031847587
2012-06-22 11:15:00,64.83912090856406,63.67854805750766,4.061017443224523
2012-06-22 11:20:00,64.67013934419822,64.31065685354363,3.903895894611748
2012-06-22 11:25:00,64.43865780176459,64.16392856013387,3.933726124622559
2012-06-22 11:30:00,64.27199112598004,64.31065685354363,3.903895894611748
2012-06-22 11:35:00,64.13078757269602,63.99791445155048,3.9721828188887884
2012-06-22 11:40:00,64.04861136039086,63.63380069886461,4.07510628312007
2012-06-22 11:45:00,63.888889028025,63.67854805750766,4.061017443224523
2012-06-22 11:50:00,64.03472235847158,63.63827726654987,4.073678360940739
2012-06-22 11:55:00,62.400462794922966,63.9539065213062,3.9832405564589135
2012-06-22 12:00:00,57.36921274240714,63.580656480127516,4.188526248010565
2012-06-22 12:05:00,53.8969906923921,63.350250725070644,4.255148221603387
2012-06-22 12:10:00,52.15740733451266,63.24179947130034,4.290160426096729
2012-06-22 12:15:00,51.13657399241348,62.94466022901091,4.398985468401285
2012-06-22 12:20:00,49.399305595547936,63.27481722912219,4.2792459457619545
2012-06-22 12:25:00,49.408564816683025,62.859901507702624,4.433690848317342
2012-06-22 12:30:00,49.439814812960186,63.284250245085104,4.276167153799686
2012-06-22 12:35:00,49.36226837057432,63.04837070987214,4.358779917504113
2012-06-22 12:40:00,49.388888604175435,62.90226797353963,4.416132543881615
2012-06-22 12:45:00,49.43402760237186,62.63445255403244,4.534444419585568
2012-06-22 12:50:00,49.16666659433715,63.832650723177956,4.1269919561158765
2012-06-22 12:55:00,50.979166610196636,50.84979949222631,10.957989740268403
2012-06-22 13:00:00,55.90624997948222,39.14811455036792,19.5438259018605
2012-06-22 13:05:00,59.48032382414621,40.28603807614669,17.035949123316527
2012-06-22 13:10:00,61.24652740114025,45.575297553107056,12.161531540828037
2012-06-22 13:15:00,62.44444408444969,51.74889366435256,8.808649330256513
2012-06-22 13:20:00,64.14236069370712,45.644292810459206,12.113175929502098
2012-06-22 13:25:00,64.28124969159991,62.12389192677273,5.123430209179337
2012-06-22 13:30:00,64.3645830294922,62.731199382749374,4.901096515484657
2012-06-22 13:35:00,64.52083303260775,61.920846925015034,5.2064512321017515
2012-06-22 13:40:00,64.6296294640275,62.26025953249613,5.069825261034496
2012-06-22 13:45:00,64.56712946060831,62.02597024730122,5.163032570192237
2012-06-22 13:50:00,64.78009223844663,61.938482850000305,5.1991072598117185
2012-06-22 13:55:00,64.51967557383061,63.739385377383655,4.631666379125863
2012-06-22 14:00:00,64.71527737179754,60.720162054115,7.35216998215283
2012-06-22 14:05:00,64.42824046814795,61.78155318694122,6.973129909135288
2012-06-22 14:10:00,64.40162024903336,61.08014008484168,7.23037696577039
2012-06-22 14:15:00,64.20370357697165,61.62110702635206,7.033850927575364
2012-06-22 14:20:00,64.15162024984306,60.63745805790436,7.378991346652483
2012-06-22 14:25:00,63.94097202920681,61.279770087597875,7.159544585396866
2012-06-22 14:30:00,63.85317421987677,61.75885071785047,6.981775611494515
2012-06-22 14:35:00,63.79067421283593,61.11392937070951,7.218541678513716
2012-06-22 14:40:00,63.71428522198397,61.263407360510854,7.165431619000091
2012-06-22 14:45:00,63.787201890828904,59.40516769442858,7.726464154031817
2012-06-22 14:50:00,63.695766790578716,61.535546064887974,7.065837607055005
2012-06-22 14:55:00,63.706183456004425,60.88142413647643,7.298603799946082
2012-06-22 15:00:00,63.59507213600339,59.940215465340465,11.769087174117729
2012-06-22 15:05:00,63.753637025889425,55.50287162271101,13.174511810725962
2012-06-22 15:10:00,63.95155369795114,57.91315764378795,12.70939602839959
2012-06-22 15:15:00,63.77562780827477,56.551463419084655,13.032952048304503
2012-06-22 15:20:00,61.36937787763585,56.712402847625164,13.003918330840094
2012-06-22 15:25:00,58.21312777015526,55.5415770071339,13.170599580067742
2012-06-22 15:30:00,54.80439763396251,58.39773802672329,12.543404395658113
2012-06-22 15:35:00,51.7314808987797,57.48145557944258,12.832661570968606
2012-06-22 15:40:00,48.495369791711234,57.57934229659394,12.806577512591966
2012-06-22 15:45:00,44.81828646183673,56.551463419084655,13.032952048304503
2012-06-22 15:50:00,41.037036506678085,57.91315764378795,12.70939602839959
2012-06-22 15:55:00,37.61805483694613,58.05203393699923,12.66498982015233
2012-06-22 16:00:00,33.82523109077466,56.43969939426048,17.605912310633595
2012-06-22 16:05:00,30.179397684744696,55.36733306807761,18.20190586926954
2012-06-22 16:10:00,26.480323478322443,58.41600733699779,15.854341542509466
2012-06-22 16:15:00,23.010416135807134,50.34605020760889,18.7699149983439
2012-06-22 16:20:00,22.1099530451136,37.89322034024565,12.932720020871566
2012-06-22 16:25:00,21.28703666480661,37.42871377419751,14.832578846439263
2012-06-22 16:30:00,20.84606455789278,37.41004713478734,14.981041379577299
2012-06-22 16:35:00,20.16898134868062,37.50728775297049,14.312968150855644
2012-06-22 16:40:00,20.159722257924262,37.446441107394705,14.701861030327153
2012-06-22 16:45:00,20.201388977573234,37.3179991821414,15.980133245125065
2012-06-22 16:50:00,20.211805599539378,37.31628988820737,16.005821097071646
2012-06-22 16:55:00,19.572916979915604,37.399071912457636,15.074282616174132
2012-06-22 17:00:00,19.510417016334337,36.79588318710569,15.939593229362915
2012-06-22 17:05:00,19.35416699148898,36.80297497798678,15.73357695343536
2012-06-22 17:10:00,18.949074411743965,36.8198829533893,15.375669473881034
2012-06-22 17:15:00,18.928240936027283,36.79512270254435,15.965307736513564
2012-06-22 17:20:00,18.03009290775332,36.83724847116428,15.102433351030678
2012-06-22 17:25:00,18.175926078848146,36.78417506255625,16.923981736669127
2012-06-22 17:30:00,17.931713185218857,36.79054357026951,16.14481048657542
2012-06-22 17:35:00,17.327546329769728,36.79234418725054,16.06798462562067
2012-06-22 17:40:00,16.19791639689904,36.86085547881053,14.81038427487824
2012-06-22 17:45:00,15.947916310789594,36.79588318710569,15.939593229362915
2012-06-22 17:50:00,15.572916297517615,36.792999441701895,16.04233907432403
2012-06-22 17:55:00,15.464119721232622,36.78386968663137,16.71497642728171
2012-06-22 18:00:00,15.402777057076756,36.579217519745136,16.737467740799342
2012-06-22 18:05:00,15.17361044668399,36.57896475887525,16.760346945482294
2012-06-22 18:10:00,15.059027141487606,36.577768635565654,16.98877149817219
2012-06-22 18:15:00,15.106646315881969,36.58012530328201,16.668852957512243
2012-06-22 18:20:00,15.541831462100028,36.590989616784334,17.809217288738466
2012-06-22 18:25:00,15.83349803607406,36.57844046260041,17.170654557957494
2012-06-22 18:30:00,16.189318123419227,36.57995366694624,17.316267186211693
2012-06-22 18:35:00,16.33515175808282,36.59797455506477,18.01088615882831
2012-06-22 18:40:00,16.807374194463858,36.59907645802257,18.039397608131235
2012-06-22 18:45:00,16.619874303720064,36.57828203797448,17.147979671208354
2012-06-22 18:50:00,17.644179790366344,36.58318821801402,17.50792702717327
2012-06-22 18:55:00,18.114087396112197,36.583655843007165,17.53019513232987
2012-06-22 19:00:00,20.85482820953002,36.72872076476382,17.86949293348619
2012-06-22 19:05:00,24.313161565464423,36.72099365288833,18.176462028332395
2012-06-22 19:10:00,28.119874751772524,36.72123702649071,18.158503258428563
2012-06-22 19:15:00,31.436838944481096,36.74079394971682,17.630563101303565
2012-06-22 19:20:00,34.94609818325345,36.72872076476382,17.86949293348619
2012-06-22 19:25:00,38.67526492717569,36.74242466874494,17.605463054552825
2012-06-22 19:30:00,42.646991101856486,36.742095766705155,17.610472958103866
2012-06-22 19:35:00,47.157407593355885,36.720893290250395,18.534002535261987
2012-06-22 19:40:00,51.4386575903547,36.72455351333797,17.996879776227093
2012-06-22 19:45:00,55.82109807218411,36.71995444760618,18.40937972129095
2012-06-22 19:50:00,59.302579473712946,36.87500707432783,16.724501606510003
2012-06-22 19:55:00,63.24933873279812,36.74374468080736,17.58598076589811
2012-06-22 20:00:00,64.5548940555601,47.893606808316754,9.149337721819945
2012-06-22 20:05:00,65.50281073967923,59.52125420464765,3.788591363333937
2012-06-22 20:10:00,66.07688451438372,63.071335546208985,2.356485852535329
2012-06-22 20:15:00,66.78174582159684,61.67358738745341,2.926043257830005
2012-06-22 20:20:00,67.52132912476898,62.13117623631388,2.7350153625027414
2012-06-22 20:25:00,67.76091244404705,64.42636366834829,1.9078189097213707
2012-06-22 20:30:00,67.77595890112185,65.45566176163602,1.663552481142821
2012-06-22 20:35:00,67.93915359171108,65.45566176163602,1.663552481142821
2012-06-22 20:40:00,67.91980863530341,65.76923704459395,1.604534991000244
2012-06-22 20:45:00,67.99917340444581,65.23752590041924,1.7086872528958885
2012-06-22 20:50:00,67.94130318905407,65.79034147625461,1.6008034000524312
2012-06-22 20:55:00,67.83713650582384,65.41510439101818,1.6716861717995222
2012-06-22 21:00:00,67.93898827149972,65.37514338713181,1.5287569692959246
2012-06-22 21:05:00,67.89616448420973,65.94804116755175,1.464108835294267
2012-06-22 21:10:00,67.74454426549998,65.90238532277542,1.4686039022706103
2012-06-22 21:15:00,67.67509963617488,65.7455597483335,1.4848648443241164
2012-06-22 21:20:00,67.56051633097849,66.01075854488447,1.4581030846272602
2012-06-22 21:25:00,67.42741455453891,65.62553640571691,1.4982093014297002
2012-06-22 21:30:00,67.4123680974641,65.67307008064692,1.4928280141073893
2012-06-22 21:35:00,67.29084006857778,66.12425620100292,1.4477160224132348
2012-06-22 21:40:00,67.20601837072824,65.82543994799808,1.4764203525393074
2012-06-22 21:45:00,67.21527792505337,65.70215618138194,1.4895975844556626
2012-06-22 21:50:00,67.12896849016711,65.72389097964579,1.487214848239456
2012-06-22 21:55:00,67.09771850837647,65.25218364059688,1.5451917858531525
2012-06-22 22:00:00,67.15327447259402,65.53817692962859,1.5334089325699196
2012-06-22 22:05:00,67.10234825656599,65.64300741435932,1.525327031236344
2012-06-22 22:10:00,67.09193160562681,65.2870253821629,1.5547392598418082
2012-06-22 22:15:00,67.16484824912031,65.37833530435962,1.546647044103179
2012-06-22 22:20:00,66.99818157333577,65.49851097277555,1.5365884058736488
2012-06-22 22:25:00,66.88128336507157,65.0769003513932,1.5749513433568672
2012-06-22 22:30:00,66.80241449861704,65.46863225636908,1.539028378345986
2012-06-22 22:35:00,66.72949785512353,65.58748682623327,1.5295503672396753
2012-06-22 22:40:00,66.68783119342066,65.40854561729934,1.5440568029178972
2012-06-22 22:45:00,64.94593293247341,65.56451424141694,1.5313348752060616
2012-06-22 22:50:00,62.10515899159651,65.30885821073433,1.5527674628505208
2012-06-22 22:55:00,62.25677921030624,65.03842625881171,1.5789073305606822
2012-06-22 23:00:00,61.71974202316832,65.32906465174831,1.6612895991825234
2012-06-22 23:05:00,60.17807536632364,65.13928817479255,1.6749763728490707
2012-06-22 23:10:00,56.68849205757166,64.90617682598183,1.6935578894445094
2012-06-22 23:15:00,52.365575514762156,65.22519492777256,1.6686295514621603
2012-06-22 23:20:00,48.8239087774759,64.66720408471527,1.7149010010737846
2012-06-22 23:25:00,45.61557549316442,64.39123402160527,1.7428887045897843
2012-06-22 23:30:00,42.4608133019913,64.8893025317475,1.6949848120536881
2012-06-22 23:35:00,40.56795604523353,65.02346354833186,1.6839511800594174
2012-06-22 23:40:00,39.31216914653234,64.93563552011287,1.6910939490182948
2012-06-22 23:45:00,40.24966917971229,57.96618214589112,4.409602221695816
2012-06-22 23:50:00,42.83300255296715,44.08786322678648,12.547240630011684
2012-06-22 23:55:00,42.285548997377255,65.1264911416973,1.6759437539454742
2012-06-23 00:00:00,41.35730824327849,63.079455404046136,2.097033396466966
2012-06-23 00:05:00,42.792493357284705,59.224963438066034,3.7754045123656783
2012-06-23 00:10:00,46.000826656082715,42.29625292332967,14.400047979085613
2012-06-23 00:15:00,49.91228488560327,40.669218803332114,16.620313251439935
2012-06-23 00:20:00,53.22478496179392,41.89260517153743,14.896468357397914
2012-06-23 00:25:00,56.605571810153116,42.64903037707634,13.986969268416862
2012-06-23 00:30:00,59.23503621514296,43.56272441571705,12.993269171191486
2012-06-23 00:35:00,61.002893457819034,56.0647657292682,5.436963408785189
2012-06-23 00:40:00,62.08622679247252,60.10024664677533,3.154673548133058
2012-06-23 00:45:00,62.77372679748911,62.04120099197424,2.303709084478246
2012-06-23 00:50:00,62.86747680080711,63.531439775331414,2.035146024524019
2012-06-23 00:55:00,62.97974524820608,62.807868373663304,2.1412432398820687
2012-06-23 01:00:00,63.92766189248727,60.093770801162854,3.3350369280963243
2012-06-23 01:05:00,63.9184029755692,64.39998466434402,2.014884505745977
2012-06-23 01:10:00,64.2725696290167,63.579470243870524,2.1320744870890658
2012-06-23 01:15:00,64.40740772400075,63.52796628353756,2.140442685595486
2012-06-23 01:20:00,64.7060190433945,63.4762828858757,2.148975204743083
2012-06-23 01:25:00,64.7418988023477,64.45636284020142,2.007830611611539
2012-06-23 01:30:00,65.12731546655887,62.73724430135551,2.287862551172146
2012-06-23 01:35:00,64.82638958453062,64.2142823484112,2.0389634408829798
2012-06-23 01:40:00,64.93634315602401,63.96602310788497,2.0732872457581664
2012-06-23 01:45:00,64.94675983593626,64.43878351581944,2.010017598672858
2012-06-23 01:50:00,65.13425984257223,64.01761379179355,2.06594593898854
2012-06-23 01:55:00,64.8657413920577,63.32989977011537,2.1739041076998666
2012-06-23 02:00:00,65.00115805345695,62.36930425229787,2.654379111153148
2012-06-23 02:05:00,64.9293985065775,63.513199945133145,2.4302495085977323
2012-06-23 02:10:00,64.54398184960958,63.85424537880912,2.3752521882033357
2012-06-23 02:15:00,64.79530428011181,63.07768154367485,2.5077278860508065
2012-06-23 02:20:00,64.70271140238093,63.574042114373015,2.4200911378940604
2012-06-23 02:25:00,64.69229475144174,63.72079360070762,2.3962169987461532
2012-06-23 02:30:00,64.4723873096704,63.13298919438532,2.4974020945898325
2012-06-23 02:35:00,64.77331319169865,62.299127150595346,2.6705369163993846
2012-06-23 02:40:00,64.68187807696195,63.448160877796134,2.441281967183562
2012-06-23 02:45:00,64.54646141194108,63.6194315302441,2.4126132956361954
2012-06-23 02:50:00,64.54646141194108,63.754339950058664,2.3908814671097414
2012-06-23 02:55:00,65.19229475525479,61.430931940014084,2.9018116926766537
2012-06-23 03:00:00,65.12053553432214,61.777324017848485,3.1543605957561436
2012-06-23 03:05:00,65.32886887180958,62.22694589511854,3.043590245069344
2012-06-23 03:10:00,65.1737763202279,61.47404894179212,3.2362896245031276
2012-06-23 03:15:00,64.88657413077247,62.90142662882324,2.8972219997258617
2012-06-23 03:20:00,64.47916669141922,62.21869931098069,3.04551851729942
2012-06-23 03:25:00,63.614583359678875,62.66638561164368,2.945814175987921
2012-06-23 03:30:00,63.290509252785455,61.27961268246107,3.292346358880589
2012-06-23 03:35:00,62.99884259460851,62.30099886788863,3.026436143624897
2012-06-23 03:40:00,62.86111104100635,62.08630712205865,3.076983377699819
2012-06-23 03:45:00,62.663194361701386,62.115339418032896,3.070000525478837
2012-06-23 03:50:00,62.237268465591455,62.73837787909795,2.930671426988411
2012-06-23 03:55:00,61.633101783980614,62.66638561164368,2.945814175987921
2012-06-23 04:00:00,61.87569459893363,60.75400247084818,3.658124801493237
2012-06-23 04:05:00,61.70902792314907,62.14293446160098,3.3269729176198286
2012-06-23 04:10:00,61.52384279785111,60.19722159659574,3.8318749818671805
2012-06-23 04:15:00,61.242592795140375,61.10587523755249,3.563367810922358
2012-06-23 04:20:00,61.08981513213999,60.04662713243065,3.8855473792675386
2012-06-23 04:25:00,61.25300947505263,59.054417995493594,4.363547620861215
2012-06-23 04:30:00,61.52615769005401,59.49695264785384,4.116798948133439
2012-06-23 04:35:00,61.43240769126305,60.50411505005713,3.7318978882827314
2012-06-23 04:40:00,61.1511576957956,60.82088707425533,3.639358378906088
2012-06-23 04:45:00,60.989120797173605,60.64427519696705,3.689775103886733
2012-06-23 04:50:00,60.99838002102492,60.47312537661538,3.741488372760999
2012-06-23 04:55:00,61.64421336433863,59.82500668998597,3.971295722108122
2012-06-23 05:00:00,61.265046443695745,61.754757156882086,3.2649900360244715
2012-06-23 05:05:00,60.88773157081553,61.74213785306404,3.2670286086479123
2012-06-23 05:10:00,60.91550924870729,60.03100440143308,3.7545725142744444
2012-06-23 05:15:00,60.946759244984435,60.513977935510134,3.5551746096252654
2012-06-23 05:20:00,61.11805567620177,59.993387758961,3.7734948698054027
2012-06-23 05:25:00,61.31944465940561,59.95594677283506,3.7929112737491884
2012-06-23 05:30:00,61.60185179856834,60.69275577991349,3.497773641717339
2012-06-23 05:35:00,62.07060180791506,60.54361190209446,3.5451427787083065
2012-06-23 05:40:00,62.47685180297768,60.27942531156662,3.642836448441495
2012-06-23 05:45:00,62.57870358766715,60.46801491847995,3.571169499423148
2012-06-23 05:50:00,62.66203692284321,60.813185842554894,3.4629836025553113
2012-06-23 05:55:00,62.29861102653084,62.12210622185731,3.210248446237383
2012-06-23 06:00:00,62.80902767947228,61.573059699120705,3.1562029049530946
2012-06-23 06:05:00,63.18634255235249,61.56687935686703,3.158471958172596
2012-06-23 06:10:00,63.61226876716594,61.06975630246723,3.3860863375240093
2012-06-23 06:15:00,63.79232819812693,61.54524353868348,3.1665124715072444
2012-06-23 06:20:00,64.29232818926427,61.41829550452335,3.216851766017371
2012-06-23 06:25:00,64.81316152573957,61.46168690822725,3.1990233313695278
2012-06-23 06:30:00,64.75760616995605,62.37815733083192,2.9484197511588044
2012-06-23 06:35:00,64.60135615959722,62.734953480775665,2.8976903200721513
2012-06-23 06:40:00,64.66385616663807,62.319835820381165,2.958631142540137
2012-06-23 06:45:00,65.10830081195137,61.69030924542864,3.115427077554065
2012-06-23 06:50:00,65.34788414571595,61.96089243756672,3.03638893606718
2012-06-23 06:55:00,65.57589337700745,61.93633380925672,3.0427667875883935
2012-06-23 07:00:00,65.62797671862256,63.954971222870505,2.7174171911530998
2012-06-23 07:05:00,65.39881006477023,63.61296498497999,2.768528544957199
2012-06-23 07:10:00,65.6673285207172,63.26114632906427,2.8457737473207576
2012-06-23 07:15:00,65.96759287562924,63.080285976221155,2.8970025578610517
2012-06-23 07:20:00,65.79629645165517,63.78318630606555,2.740461165559468
2012-06-23 07:25:00,65.52777799570818,63.87651315077566,2.7273243075853646
2012-06-23 07:30:00,64.66550955254912,63.28528112604845,2.8395632006646543
2012-06-23 07:35:00,64.46759288591986,63.3723961547208,2.8183103255930697
2012-06-23 07:40:00,64.6446762126436,63.53318268524426,2.783655778889557
2012-06-23 07:45:00,64.22800923888421,63.899787171182396,2.72428025430753
2012-06-23 07:50:00,59.73842604926319,63.63947813419606,2.7637887571317497
2012-06-23 07:55:00,58.658565061968154,63.58641239620246,2.773416790680098
2012-06-23 08:00:00,58.353009721480866,65.00778237869666,2.7548153261411787
2012-06-23 08:05:00,58.540509713630335,63.867035965401236,3.042328425373635
2012-06-23 08:10:00,58.460648375419936,64.86393355716612,2.777658763596492
2012-06-23 08:15:00,58.36574124651482,64.76686724083918,2.7949830961838864
2012-06-23 08:20:00,58.56365790409001,64.22628199976862,2.9232683931402295
2012-06-23 08:25:00,58.693287680847725,64.05546000221071,2.976255360659843
2012-06-23 08:30:00,59.80787101177836,61.43454439741057,4.936994933080702
2012-06-23 08:35:00,60.13078767800277,63.68071027261302,3.1159377999559585
2012-06-23 08:40:00,60.015047218246224,64.90008656093408,2.771607496271231
2012-06-23 08:45:00,60.526621349883804,63.64569526859892,3.130723702410983
2012-06-23 08:50:00,64.97106586363353,43.229496815772784,19.325327863058437
2012-06-23 08:55:00,65.98842685837424,61.09507854533314,5.395559706465074
2012-06-23 09:00:00,66.22106552639498,64.55115058566265,3.3101200779274684
2012-06-23 09:05:00,66.17245421343479,64.78934109809545,3.2345391888410746
2012-06-23 09:10:00,66.2349542059891,65.07197717866104,3.1570960426142487
2012-06-23 09:15:00,66.32870420930709,64.91622334623408,3.198204944171961
2012-06-23 09:20:00,66.38541732808477,65.1944150191976,3.127334927809209
2012-06-23 09:25:00,66.6076393306798,64.81063318818737,3.228257180162321
2012-06-23 09:30:00,66.56597266897693,65.28504167000567,3.1066756960026147
2012-06-23 09:35:00,66.53472265821324,65.01004508681868,3.172995147515767
2012-06-23 09:40:00,66.39583334161692,65.00659093453432,3.1738989472585484
2012-06-23 09:45:00,66.260416647623,65.52199232431305,3.0577733487762395
2012-06-23 09:50:00,66.4201386576637,64.81063318818737,3.228257180162321
2012-06-23 09:55:00,66.73263864940832,64.69278776406809,3.2639854535345623
2012-06-23 10:00:00,66.75925888300944,65.24412410645628,3.5631752850190477
2012-06-23 10:05:00,66.92989409857081,64.55767874935638,3.76184690778994
2012-06-23 10:10:00,66.78058876844234,65.24412410645628,3.5631752850190477
2012-06-23 10:15:00,66.73892210673948,65.17656124761938,3.580172468436056
2012-06-23 10:20:00,66.44262566868373,65.35936162307429,3.5352514091275764
2012-06-23 10:25:00,66.22387568025711,65.47686836675011,3.5080622028117587
2012-06-23 10:30:00,66.09656077759415,65.14259570896802,3.5889024533916296
2012-06-23 10:35:00,66.0578702273718,64.86634863454705,3.664916663382449
2012-06-23 10:40:00,66.03125000825719,64.49313698265684,3.7839157073500194
2012-06-23 10:45:00,66.05324046469575,65.10850764329709,3.597792398544671
2012-06-23 10:50:00,65.82870355903292,65.27772467162322,3.554897207178126
2012-06-23 10:55:00,65.66203688324836,65.63972502878943,3.472293671389457
2012-06-23 11:00:00,65.49537023643687,65.1062007947366,3.91948380000575
2012-06-23 11:05:00,65.44626300630226,64.88861416110238,3.9758620627823054
2012-06-23 11:10:00,65.41848500970697,64.46687491387388,4.097647589631861
2012-06-23 11:15:00,65.2298278919704,64.78622904507418,4.003750504636192
2012-06-23 11:20:00,65.50066122201213,64.04799635674631,4.240712241134401
2012-06-23 11:25:00,65.44857788039702,64.47978983830106,4.09362224819463
2012-06-23 11:30:00,65.57589278305996,64.4323751701653,4.108503182246772
2012-06-23 11:35:00,65.69791668566114,64.45209910852606,4.102278641608533
2012-06-23 11:40:00,65.80787025715453,64.0876801537536,4.226020950167302
2012-06-23 11:45:00,65.67129646654655,64.94098637849163,3.9619513202122127
2012-06-23 11:50:00,65.7604167071885,64.22376466201513,4.177545462855669
2012-06-23 11:55:00,65.79166671795218,64.86175024968189,3.9830868834128403
2012-06-23 12:00:00,65.74272477905583,64.15774482803359,4.298551165634415
2012-06-23 12:05:00,65.74156765346872,64.38469332706832,4.230277511013316
2012-06-23 12:10:00,65.82490097687447,64.00880046586569,4.3464132066028185
2012-06-23 12:15:00,65.99156763817251,63.7102281804107,4.451383384884001
2012-06-23 12:20:00,65.81448431144877,64.75554040160013,4.127928321564501
2012-06-23 12:25:00,65.99007926372873,63.924861852029686,4.374622626367889
2012-06-23 12:30:00,65.8859125804985,64.59147142031743,4.1720452773880305
2012-06-23 12:35:00,65.70304233653854,64.59147142031743,4.1720452773880305
2012-06-23 12:40:00,65.88475544042485,64.15774482803359,4.298551165634415
2012-06-23 12:45:00,65.91600545118852,64.09263718873548,4.319144932839276
2012-06-23 12:50:00,66.01207034308781,64.2181090361455,4.279880875620206
2012-06-23 12:55:00,66.10730869187654,64.67366527720877,4.149744186416394
2012-06-23 13:00:00,66.27397533868803,63.57322061981605,4.520354927796443
2012-06-23 13:05:00,66.40013247835684,64.03973976966365,4.337679397204921
2012-06-23 13:10:00,66.50198427300579,63.998278555843456,4.35313178116736
2012-06-23 13:15:00,66.5165341610126,64.03973976966365,4.337679397204921
2012-06-23 13:20:00,66.66352460255978,63.672454815479256,4.479667439220467
2012-06-23 13:25:00,66.61292966436149,64.31792913926989,4.236895259371159
2012-06-23 13:30:00,66.719411236173,63.8118710214382,4.424316386884234
2012-06-23 13:35:00,66.95436479277502,63.46197114907935,4.567406954778122
2012-06-23 13:40:00,66.87103144039622,64.60302891399081,4.137547272062332
2012-06-23 13:45:00,67.07936477788365,63.85843334596424,4.4062539224419615
2012-06-23 13:50:00,67.10829987109301,64.28837255969651,4.247394092360728
2012-06-23 13:55:00,67.01306152230428,64.79407823488701,4.072406762841364
2012-06-23 14:00:00,66.98329991495743,63.96146124354667,4.369423441894905
2012-06-23 14:05:00,66.89417965982894,64.30568940275101,4.185620627955607
2012-06-23 14:10:00,66.75066120347711,64.12549899188375,4.281034756225954
2012-06-23 14:15:00,66.87268510607828,63.70389509949177,4.511458188463669
2012-06-23 14:20:00,66.94146854147722,63.97574582535386,4.361665951778688
2012-06-23 14:25:00,66.8998018508013,63.687781999658455,4.520486943489209
2012-06-23 14:30:00,66.94609828966674,63.925735331477846,4.3888800314561305
2012-06-23 14:35:00,66.95651496957898,64.19395901563547,4.2445846483382805
2012-06-23 14:40:00,67.05257986147826,63.85690827715529,4.426577487002086
2012-06-23 14:45:00,66.98660785475555,64.52784510052592,4.070221992218211
2012-06-23 14:50:00,67.07142955260507,64.08187118802793,4.304395435018942
2012-06-23 14:55:00,67.1339295451594,64.02571726356128,4.334619061074166
2012-06-23 15:00:00,67.26818908459315,63.38431870517612,4.707971550950238
2012-06-23 15:05:00,67.30522599810651,63.41711502923613,4.680661454592049
2012-06-23 15:10:00,67.35730933972162,62.784093629272455,5.230076000226366
2012-06-23 15:15:00,67.25314268546444,64.10573804045428,4.137720009373924
2012-06-23 15:20:00,67.22486878618126,64.08564752060498,4.152730293598426
2012-06-23 15:25:00,67.39153546196583,62.9358448043479,5.094227115276892
2012-06-23 15:30:00,67.26190567072159,63.86933235469143,4.3175190088505815
2012-06-23 15:35:00,67.27232235063381,63.96441772578723,4.24437114594829
2012-06-23 15:40:00,67.06167412456512,64.12134085248145,4.126096225366936
2012-06-23 15:45:00,67.08151498366065,63.86933235469143,4.3175190088505815
2012-06-23 15:50:00,66.90294328249313,64.32448353805849,3.9775010101560313
2012-06-23 15:55:00,66.76752661747226,64.10573804045428,4.137720009373924
2012-06-23 16:00:00,66.65641529747124,64.36047984834013,3.4505116615440374
2012-06-23 16:05:00,66.66683194841043,63.61385835804716,4.027826064413115
2012-06-23 16:10:00,66.77546308859189,62.97366282580024,4.597779386407373
2012-06-23 16:15:00,66.76157439451124,63.253651287680846,4.33990312209098
2012-06-23 16:20:00,66.69328749920726,63.874166674328904,3.8160363726896827
2012-06-23 16:25:00,66.6122690643828,64.12599621284531,3.6219272082045535
2012-06-23 16:30:00,66.64120418656519,62.70681957337481,4.855786623386807
2012-06-23 16:35:00,66.53356548916656,64.042995818733,3.6847467734772272
2012-06-23 16:40:00,66.48148216203798,62.286685186729166,5.284892514315329
2012-06-23 16:45:00,66.37830795056361,64.00713565280343,3.712237980357853
2012-06-23 16:50:00,66.57622460813879,62.87844864053347,4.688489725864289
2012-06-23 16:55:00,66.74289128392336,62.97366282580024,4.597779386407373
2012-06-23 17:00:00,66.64682639202407,64.0665706228365,2.891993465555353
2012-06-23 17:05:00,66.59937282757151,64.29772161900988,2.7578271034436503
2012-06-23 17:10:00,66.60532502155947,64.49212079646125,2.6509049674657312
2012-06-23 17:15:00,66.60879703572787,63.7564711784893,3.084421266124627
2012-06-23 17:20:00,66.66666728009265,63.913554982463914,2.9851324997257116
2012-06-23 17:25:00,66.6331023807477,64.0665706228365,2.891993465555353
2012-06-23 17:30:00,66.67824105661897,63.60542954792452,3.183465239241818
2012-06-23 17:35:00,66.7337964124025,63.7564711784893,3.084421266124627
2012-06-23 17:40:00,67.01504640786996,62.401669042502,4.101607278142546
2012-06-23 17:45:00,67.15393508705922,63.7564711784893,3.084421266124627
2012-06-23 17:50:00,67.03009222753771,65.05480363630147,2.3702929585130765
2012-06-23 17:55:00,67.10300887103122,64.91229022600831,2.4374433860131086
2012-06-23 18:00:00,67.38425885201215,64.39529253718236,2.0948636338826256
2012-06-23 18:05:00,67.47337910714063,64.89082342843754,1.916311605414627
2012-06-23 18:10:00,67.48726777224822,65.34711200674612,1.7737033663356883
2012-06-23 18:15:00,67.58564755272876,64.79841235658225,1.9476729306283473
2012-06-23 18:20:00,67.64814754528308,65.23057975704998,1.808240021707288
2012-06-23 18:25:00,67.79398089021619,64.79841235658225,1.9476729306283473
2012-06-23 18:30:00,67.91435176454237,64.94683161847324,1.897720860903431
2012-06-23 18:35:00,68.00694464227325,65.111051534849,1.8449896529641736
2012-06-23 18:40:00,68.0347226098955,65.5716257919167,1.7106567537731296
2012-06-23 18:45:00,68.00347262810486,65.5716257919167,1.7106567537731296
2012-06-23 18:50:00,68.01273218242999,65.05693634235755,1.8620759864495764
2012-06-23 18:55:00,68.00231550251773,65.9894472456618,1.605042106257675
2012-06-23 19:00:00,67.9710655207271,66.3732083029967,1.3299231047000417
2012-06-23 19:05:00,67.95023216090262,65.92272133125964,1.3953280943887838
2012-06-23 19:10:00,67.83217684153784,65.93696280117153,1.3930673347042444
2012-06-23 19:15:00,67.76736196040225,65.89889746034983,1.399139310515494
2012-06-23 19:20:00,67.72569529869936,66.04952845228505,1.3756538158321454
2012-06-23 19:25:00,67.6795641510722,66.0911222177994,1.3694213655518281
2012-06-23 19:30:00,67.5406748344759,66.08651767616156,1.3701061218092085
2012-06-23 19:35:00,67.30224861181189,66.08651767616156,1.3701061218092085
2012-06-23 19:40:00,67.14947065908102,66.15970811495775,1.3593778005504686
2012-06-23 19:45:00,67.0973873174659,65.92272133125964,1.3953280943887838
2012-06-23 19:50:00,67.17030396095943,65.70434408109428,1.4316687203716978
2012-06-23 19:55:00,66.94923911292456,66.33385360359726,1.3351507044897561
2012-06-23 20:00:00,66.83465577875512,66.40621891896224,1.2696218260481846
2012-06-23 20:05:00,66.82423912781593,66.05715554919918,1.3035709442246395
2012-06-23 20:10:00,67.06382244709398,65.7256057494859,1.3413022402905446
2012-06-23 20:15:00,67.1841926840131,65.88323454373479,1.3226563238528815
2012-06-23 20:20:00,67.19460936392534,66.09296585975655,1.299826778974037
2012-06-23 20:25:00,67.10532384653163,66.11333730227835,1.2977245018615222
2012-06-23 20:30:00,67.17013872766724,65.78411212609043,1.3342269640467552
2012-06-23 20:35:00,67.28472206183666,65.41662299883744,1.3818748217585413
2012-06-23 20:40:00,67.45138870864817,65.80073573102779,1.3322502995834204
2012-06-23 20:45:00,67.44097202873593,65.94849749305621,1.3153164802221744
2012-06-23 20:50:00,67.35763870533017,66.19918441423921,1.2890806320475752
2012-06-23 20:55:00,67.55787025148663,65.7172053329502,1.3423334707412622
2012-06-23 21:00:00,67.52777736631008,66.03764611279858,1.3104244535165241
2012-06-23 21:05:00,67.64980126891125,66.03764611279858,1.3104244535165241
2012-06-23 21:10:00,67.60813460720837,66.50513774299901,1.2765048299028339
2012-06-23 21:15:00,67.5155423379115,66.28418728055729,1.291570228107707
2012-06-23 21:20:00,67.53637563978988,66.13378758046346,1.3028052155416348
2012-06-23 21:25:00,67.46693098149173,65.84147192329729,1.32708310135532
2012-06-23 21:30:00,67.53174586262732,66.03047227024584,1.3110068914552382
2012-06-23 21:35:00,67.6926256356622,65.87452533245458,1.3241684054931067
2012-06-23 21:40:00,67.68220895574994,66.35299644402276,1.2866990257802362
2012-06-23 21:45:00,67.68220895574994,65.94020294403755,1.3185078686918528
2012-06-23 21:50:00,67.74818096247265,65.94020294403755,1.3185078686918528
2012-06-23 21:55:00,67.6648476390669,66.3837229407839,1.284576583426382
2012-06-23 22:00:00,67.65558875112187,65.82320366329576,1.39153398684686
2012-06-23 22:05:00,67.65856486260239,66.25496781688277,1.360784369593496
2012-06-23 22:10:00,67.5231481975815,66.23446834246232,1.3621079163677596
2012-06-23 22:15:00,67.52579369761241,65.87716182186757,1.3873501555943424
2012-06-23 22:20:00,67.51537704667321,66.05972560341334,1.3739301367798298
2012-06-23 22:25:00,67.74107167187063,65.51989125682529,1.4170181365369006
2012-06-23 22:30:00,67.70403478733033,66.0891625967315,1.3718696750186996
2012-06-23 22:35:00,67.74107167187064,66.21848014543849,1.3631492366824094
2012-06-23 22:40:00,67.81398837331024,66.17672476826294,1.3659071086795906
2012-06-23 22:45:00,67.98181214570884,65.81982033562699,1.3917997276422176
2012-06-23 22:50:00,67.93667346983757,66.01038684965293,1.3774468708476626
2012-06-23 22:55:00,68.04084009512171,66.00047934208452,1.3781630701052787
2012-06-23 23:00:00,68.21560850429114,65.59118526477104,1.516699936817132
2012-06-23 23:05:00,68.06977515935803,66.03587759795464,1.4817655177141464
2012-06-23 23:10:00,68.04199716276275,65.64268960899686,1.5123006402506292
2012-06-23 23:15:00,68.01967545746753,65.67561620312351,1.5095385888912876
2012-06-23 23:20:00,68.02199034604881,65.81393179542528,1.4983528411522693
2012-06-23 23:25:00,67.92824037170386,65.95351730538964,1.4877295689219603
2012-06-23 23:30:00,67.85416593624315,65.76992330020654,1.5018398706027407
2012-06-23 23:35:00,67.5729159552622,66.09019858600534,1.477952635637182
2012-06-23 23:40:00,67.36689750635605,66.1440443870974,1.4742669235107215
2012-06-23 23:45:00,67.27199040642401,66.06611213236239,1.479631471654607
2012-06-23 23:50:00,67.40046243467408,65.67150791185013,1.5098810358309664
2012-06-23 23:55:00,67.3796291327957,66.06309618294102,1.4798429386879828
2012-06-24 00:00:00,67.22337916589642,65.67654722304478,1.6597099958541628
2012-06-24 00:05:00,67.20254583504499,65.25074670779966,1.6974770446611789
2012-06-24 00:10:00,67.20651438930834,65.17234016427052,1.7051115441890505
2012-06-24 00:15:00,67.16335935316168,65.22143760151495,1.7003055022463114
2012-06-24 00:20:00,67.01521111964729,65.4305645687305,1.6807833104613739
2012-06-24 00:25:00,66.90062778547784,65.309028572256,1.6919433808366886
2012-06-24 00:30:00,67.00132242556664,65.17234016427052,1.7051115441890505
2012-06-24 00:35:00,67.0742390980332,64.92233426906496,1.7309660491071621
2012-06-24 00:40:00,66.82192419577508,65.19856465501033,1.7025335368732453
2012-06-24 00:45:00,66.77794264549092,65.42421912356338,1.6813532175568697
2012-06-24 00:50:00,66.6598872971531,65.63054549802261,1.6635004890083607
2012-06-24 00:55:00,66.57655397374734,65.62130677531891,1.6642697958627817
2012-06-24 01:00:00,66.54530396298365,65.04569994248753,1.9154267830182201
2012-06-24 01:05:00,66.47354441610422,64.9787288436675,1.9243544365931065
2012-06-24 01:10:00,66.37830603834244,64.96911503588566,1.9256512122711085
2012-06-24 01:15:00,66.58812772130061,64.8723194437183,1.938913929165299
2012-06-24 01:20:00,66.56729439044916,64.77436779796658,1.9527317261977222
2012-06-24 01:25:00,66.6922943755578,64.73981594623136,1.9577028927837166
2012-06-24 01:30:00,66.51521104883405,65.27543619197509,1.886141999607215
2012-06-24 01:35:00,66.39021103475237,64.91117922551346,1.933542977977827
2012-06-24 01:40:00,66.64252593701049,64.13257487656152,2.053926759796832
2012-06-24 01:45:00,66.56845213895681,65.10473745300621,1.907705161535307
2012-06-24 01:50:00,66.45386880478738,65.11208367070746,1.9067537590748218
2012-06-24 01:55:00,66.26289678398298,65.2105449089122,1.894207082086484
2012-06-24 02:00:00,66.46081344155817,64.20457305995002,2.322308013875474
2012-06-24 02:05:00,66.53257298843762,63.98999481377169,2.361366869482777
2012-06-24 02:10:00,66.55902793080045,63.895934465651074,2.3791906684429556
2012-06-24 02:15:00,66.38194463304977,64.82779366370234,2.220540327984579
2012-06-24 02:20:00,66.41319464381345,63.94895427412049,2.3690898961585134
2012-06-24 02:25:00,66.0381946595145,64.41791183913911,2.2855832270071637
2012-06-24 02:30:00,66.16087978501491,63.94895427412049,2.3690898961585134
2012-06-24 02:35:00,66.08796312703488,63.72442599518268,2.4128406181700353
2012-06-24 02:40:00,66.07523155854135,64.24847108093707,2.314582712815477
2012-06-24 02:45:00,66.14120356526405,64.12015429027765,2.3374135469949535
2012-06-24 02:50:00,66.19328690687918,63.98590070480525,2.362133626708982
2012-06-24 02:55:00,66.0717589069659,63.82481135522838,2.3929620216795917
2012-06-24 03:00:00,65.72916605901776,64.01182300665546,2.694108403088906
2012-06-24 03:05:00,65.69444403408569,63.356528934658506,2.8289219651446462
2012-06-24 03:10:00,65.63078691594426,63.09502046419186,2.8884943471006443
2012-06-24 03:15:00,65.45370357473399,63.356528934658506,2.8289219651446462
2012-06-24 03:20:00,65.29745357886168,63.1672509027756,2.8716834893546945
2012-06-24 03:25:00,65.359953571416,62.146470800689116,3.1382321836670037
2012-06-24 03:30:00,65.19560178421273,63.4975734910989,2.7982256727859465
2012-06-24 03:35:00,64.83101845085298,62.54475062875102,3.026329624214286
2012-06-24 03:40:00,64.86226846161667,63.31890480265352,2.837276140695882
2012-06-24 03:45:00,64.39351847037811,63.4686785617772,2.804435437169756
2012-06-24 03:50:00,63.87037023807827,63.281162525802465,2.8457286362851733
2012-06-24 03:55:00,64.06828692462649,62.46550822546561,3.0477181366096233
2012-06-24 04:00:00,64.25810179087073,62.22144866603355,3.287244538335079
2012-06-24 04:05:00,63.751157141232795,62.637701117190524,3.1921509968397683
2012-06-24 04:10:00,63.45949046404228,62.28962209767587,3.2709929328462604
2012-06-24 04:15:00,63.564814258373104,62.14525481431801,3.305751304466931
2012-06-24 04:20:00,63.14814758339825,62.037030457539906,3.3326949786883016
2012-06-24 04:25:00,62.994212473391,61.85701756023642,3.379355797090683
2012-06-24 04:30:00,62.837962477518694,62.32570436736899,3.2625056985725345
2012-06-24 04:35:00,63.37962915208869,60.77553638810605,3.727504820921528
2012-06-24 04:40:00,62.93518480827617,62.82852815867401,3.1515526293591396
2012-06-24 04:45:00,63.299768145257524,61.25362451581889,3.55634442540736
2012-06-24 04:50:00,64.01273127277464,60.902307846931144,3.678722668384374
2012-06-24 04:55:00,63.80439792080069,62.61376992286805,3.1973657398394764
2012-06-24 05:00:00,63.87384257909886,63.096271056831505,2.933979323326966
2012-06-24 05:05:00,63.64004614808396,61.4442056087204,3.2721414968977194
2012-06-24 05:10:00,63.702546149692346,61.75635861381088,3.177533949307918
2012-06-24 05:15:00,63.628472351638685,62.780178485012094,2.97640095022555
2012-06-24 05:20:00,63.70138902410523,61.22401184985723,3.3542400179749308
2012-06-24 05:25:00,63.42824080819844,61.79169025521142,3.1681448854586667
2012-06-24 05:30:00,63.4155092614347,62.168048476077026,3.08115600362606
2012-06-24 05:35:00,63.47800925398902,62.86933803302597,2.9637987608774328
2012-06-24 05:40:00,63.19328693108208,61.76598354905392,3.174952682524225
2012-06-24 05:45:00,62.99537025902037,62.77675347418147,2.976895983722006
2012-06-24 05:50:00,62.532407137936815,63.495255248887325,2.887891606298613
2012-06-24 05:55:00,62.23032381161792,62.25806660595999,3.0633312630418246
2012-06-24 06:00:00,62.03240715404274,64.13148346184705,2.5630201810458946
2012-06-24 06:05:00,62.912036913884826,61.903043204999506,3.154555004907566
2012-06-24 06:10:00,63.172453571257584,62.91895551158152,2.7362288841275966
2012-06-24 06:15:00,63.214120232960454,63.47749322770853,2.6302628442439233
2012-06-24 06:20:00,63.63888867029322,62.45246404412308,2.881534122830074
2012-06-24 06:25:00,64.36574044843141,62.1193081307426,3.031227720773471
2012-06-24 06:30:00,64.48263866393886,63.09741022456137,2.6958120327920736
2012-06-24 06:35:00,64.26388866102572,63.912421238126456,2.58060117137813
2012-06-24 06:40:00,64.85763866272431,62.06810553809442,3.0583973123358597
2012-06-24 06:45:00,65.34722202465225,63.15630281370525,2.683960578574671
2012-06-24 06:50:00,65.68055535449156,63.09741022456137,2.6958120327920736
2012-06-24 06:55:00,66.17013867295994,62.45246404412308,2.881534122830074
2012-06-24 07:00:00,66.40972199223798,64.5751261884243,2.5006183202048256
2012-06-24 07:05:00,66.47222201376535,65.0675854730331,2.4380888330877473
2012-06-24 07:10:00,66.78472203448301,64.54915551607064,2.504929683570946
2012-06-24 07:15:00,66.95138871026755,64.54915551607064,2.504929683570946
2012-06-24 07:20:00,67.10879646913403,64.49143171597646,2.514927630508384
2012-06-24 07:25:00,67.13194468856675,64.90661536203487,2.4548285909741456
2012-06-24 07:30:00,67.23611135731046,64.36728046733307,2.5384605250981
2012-06-24 07:35:00,67.38078756216994,64.31528976703864,2.549182595421755
2012-06-24 07:40:00,67.50578754727856,64.5231814104108,2.5093568522095313
2012-06-24 07:45:00,67.09953752324292,65.3507494425315,2.4159366925553782
2012-06-24 07:50:00,67.13310242258787,64.90661536203487,2.4548285909741456
2012-06-24 07:55:00,67.21643577496667,64.65302386382663,2.488353608918671
2012-06-24 08:00:00,67.20601909505443,65.87974928888352,2.5534523824641355
2012-06-24 08:05:00,66.84143574720817,65.93222226004683,2.5472180344491813
2012-06-24 08:10:00,66.64467618624705,66.03668704696692,2.5356461121979375
2012-06-24 08:15:00,66.56134286284131,65.66835106649681,2.5816217759635296
2012-06-24 08:20:00,66.55208333748924,65.58552908841348,2.5940732620029854
2012-06-24 08:25:00,66.64004643805755,65.66835106649681,2.5816217759635296
2012-06-24 08:30:00,66.92129644801152,65.32012643749748,2.639899193057019
2012-06-24 08:35:00,67.01620357691662,65.37106971865069,2.6303644961824877
2012-06-24 08:40:00,67.17476849034327,65.5350831875736,2.602071851337318
2012-06-24 08:45:00,67.53935179472997,65.02101464491751,2.7037162858824377
2012-06-24 08:50:00,67.5706017765206,65.69490289473183,2.577804620361999
2012-06-24 08:55:00,67.62268511813572,65.56180508759981,2.5977951976825846
2012-06-24 09:00:00,67.49768513302709,66.19786724153549,2.8101012905252998
2012-06-24 09:05:00,67.81828693058918,65.26357545189585,2.9768717043078645
2012-06-24 09:10:00,67.71296315074487,65.85597026825188,2.8609828735730107
2012-06-24 09:15:00,67.84837981576577,65.76550163644708,2.8761609407179134
2012-06-24 09:20:00,67.90393514257623,65.88174417015072,2.8568001939991485
2012-06-24 09:25:00,67.92906700173356,66.23897646179674,2.804594991744553
2012-06-24 09:30:00,67.87698366011844,66.3961497128135,2.7845981127860484
2012-06-24 09:35:00,67.94874320699788,65.93961140131854,2.847630007040273
2012-06-24 09:40:00,67.91517827867987,66.28943615380742,2.797996104840894
2012-06-24 09:45:00,67.7959651963209,66.31146323217851,2.795170551803814
2012-06-24 09:50:00,67.82721517811154,66.11218153842448,2.8219729679301384
2012-06-24 09:55:00,67.73346517479355,66.02609171924131,2.8344679425144945
2012-06-24 10:00:00,67.8086967358414,65.78814288548762,3.1885511970436
2012-06-24 10:05:00,67.82589276128616,66.12269035262905,3.1466121162578253
2012-06-24 10:10:00,67.96825409205088,65.47442544627016,3.23498201290521
2012-06-24 10:15:00,67.88492073967207,66.09866987061618,3.149435872965935
2012-06-24 10:20:00,68.00529161399824,65.98516882465114,3.1631263334528286
2012-06-24 10:25:00,67.93386331597546,66.27907530495848,3.128751376661571
2012-06-24 10:30:00,67.81927998180603,66.22199860340268,3.1351742378127003
2012-06-24 10:35:00,67.81927998180602,66.09523752055036,3.14984177088052
2012-06-24 10:40:00,67.74636333831252,66.16039946982679,3.142226683294743
2012-06-24 10:45:00,67.8030764570902,65.92998774270042,3.170014950835508
2012-06-24 10:50:00,67.78224315521182,66.16039946982679,3.142226683294743
2012-06-24 10:55:00,67.77182647529958,65.69437816386127,3.2015625292876684
2012-06-24 11:00:00,67.73478959075926,65.79471889816993,3.410668911152694
2012-06-24 11:05:00,67.68865841415905,65.96492205315447,3.398688483412555
2012-06-24 11:10:00,67.74421374096953,65.67838935840346,3.4193228128844777
2012-06-24 11:15:00,67.82754709334833,65.62382856043529,3.4235780989163835
2012-06-24 11:20:00,67.69328755391457,66.14325736322417,3.386454179340174
2012-06-24 11:25:00,67.6377322271041,65.85285479641095,3.406507584715135
2012-06-24 11:30:00,67.65856555795553,65.65656810456464,3.421008001242656
2012-06-24 11:35:00,67.61805602183976,65.88191571956735,3.4044591757419327
2012-06-24 11:40:00,67.57638936013689,65.72202314519365,3.4160167418479404
2012-06-24 11:45:00,67.44560244330553,65.8855471434453,3.404203937676439
2012-06-24 11:50:00,67.27893576752099,65.8855471434453,3.404203937676439
2012-06-24 11:55:00,67.43518579236634,65.42719007784136,3.4403563040373464
2012-06-24 12:00:00,67.49074111917682,65.45034504799422,3.507379018342227
2012-06-24 12:05:00,67.48263935681892,65.59981717595944,3.5016072684966013
2012-06-24 12:10:00,67.50347271664339,65.63439088785933,3.5002941954791535
2012-06-24 12:15:00,67.5034727166434,65.6689969047076,3.4989741399571623
2012-06-24 12:20:00,67.48032449721067,65.49627680310573,3.505573417996968
2012-06-24 12:25:00,67.48379648240602,65.45034504799422,3.507379018342227
2012-06-24 12:30:00,67.48379648240602,65.49627680310573,3.505573417996968
2012-06-24 12:35:00,67.52546314410888,65.53075855455154,3.5042420195267225
2012-06-24 12:40:00,67.671296489042,65.35862617122636,3.5111507152315986
2012-06-24 12:45:00,67.8125000857856,65.23661617568817,3.5166945341093783
2012-06-24 12:50:00,68.02083342327303,65.11867719759725,3.5228953892809582
2012-06-24 12:55:00,67.94791672183344,65.70363456012419,3.497643147109588
2012-06-24 13:00:00,67.95833340174566,65.44573960819189,3.482901240227804
2012-06-24 13:05:00,68.00810182580646,65.37928154961759,3.487035810055625
2012-06-24 13:10:00,68.11689822825316,65.52083154812189,3.4779867304369816
2012-06-24 13:15:00,68.16898156986828,65.48324211858504,3.4804822949449807
2012-06-24 13:20:00,68.22337977109164,65.21432697815271,3.496684501387127
2012-06-24 13:25:00,68.32754645432188,65.25952044205756,3.494104248660109
2012-06-24 13:30:00,68.43171313755211,65.2965915727405,3.4919580121906653
2012-06-24 13:35:00,68.430556011965,65.48324211858504,3.4804822949449807
2012-06-24 13:40:00,68.336806008647,65.67204266739527,3.4671090313865203
2012-06-24 13:45:00,68.32638932873475,65.52083154812189,3.4779867304369816
2012-06-24 13:50:00,68.31597264882252,65.63411234097678,3.4699750018254236
2012-06-24 13:55:00,68.38657446168084,65.25952044205756,3.494104248660109
2012-06-24 14:00:00,68.40740776355922,65.30547279700612,3.4523852326596747
2012-06-24 14:05:00,68.32407444015348,65.39122965792279,3.4346446732661184
2012-06-24 14:10:00,68.28968302667101,65.80272177551537,3.3425151325172884
2012-06-24 14:15:00,68.30009964863716,65.52081894484607,3.406909513322157
2012-06-24 14:20:00,68.36607168433292,65.22024318761517,3.4695618751353887
2012-06-24 14:25:00,68.27232168101493,65.47749934178732,3.4163085438998873
2012-06-24 14:30:00,68.25148832119044,65.52081894484607,3.406909513322157
2012-06-24 14:35:00,68.33482164459619,65.30072396958973,3.4533540768949966
2012-06-24 14:40:00,68.41815496800194,65.13555750373902,3.4862109618683763
2012-06-24 14:45:00,68.47916658611247,65.30547279700612,3.4523852326596747
2012-06-24 14:50:00,68.52083324781536,65.43430243958646,3.4255523803465278
2012-06-24 14:55:00,68.53935166111246,65.33876025044438,3.445554836616754
2012-06-24 15:00:00,68.63310166443046,65.2721548204619,3.3591548030097087
2012-06-24 15:05:00,68.74999991615421,64.85657514181172,3.556200414872763
2012-06-24 15:10:00,68.71726158889285,65.59269664381486,3.210911393032955
2012-06-24 15:15:00,68.65360449972447,65.4808320535414,3.2622307733209914
2012-06-24 15:20:00,68.5251324714744,65.39384454792857,3.3024524477193213
2012-06-24 15:25:00,68.25727523842663,64.90833113144511,3.5313971680247316
2012-06-24 15:30:00,68.22486813104888,65.3242928342184,3.334800609431112
2012-06-24 15:35:00,68.17394191502088,65.57943944628629,3.216968657779132
2012-06-24 15:40:00,68.14037704464897,65.37645489560468,3.3105252515158554
2012-06-24 15:45:00,68.15228207003194,65.47337271057462,3.26566925118644
2012-06-24 15:50:00,68.14186539011972,65.53303386594939,3.238224183884599
2012-06-24 15:55:00,68.13260647320163,65.30111610530655,3.3456165379434446
2012-06-24 16:00:00,68.07010650962037,65.89122910581547,2.6740624727603044
2012-06-24 16:05:00,67.91269872178084,65.55009202314572,2.855924367734115
2012-06-24 16:10:00,67.79811535863837,65.53675633763038,2.8633654576807164
2012-06-24 16:15:00,67.82589268885354,65.22561791978539,3.0442570307937626
2012-06-24 16:20:00,67.96130938284746,64.7293633831993,3.3625430995561914
2012-06-24 16:25:00,68.19791660513154,63.20344976001349,4.581053970179686
2012-06-24 16:30:00,68.25115707233377,65.22561791978539,3.0442570307937626
2012-06-24 16:35:00,68.25115707233377,65.41599877452039,2.931904940016319
2012-06-24 16:40:00,68.1770832742801,65.28032384375051,3.0114293071930973
2012-06-24 16:45:00,68.07291662002291,65.65621871858,2.7976080253507702
2012-06-24 16:50:00,67.86458331150853,65.59664871241394,2.8301459605263184
2012-06-24 16:55:00,67.7071755816151,65.33478427908078,2.9791850573176073
2012-06-24 17:00:00,67.65509224,65.96926534481939,2.1240349733245703
2012-06-24 17:05:00,67.75694467205601,65.04307527407808,2.570180985727091
2012-06-24 17:10:00,67.79861133375887,65.29830269197655,2.4336203923424264
2012-06-24 17:15:00,67.74074111836713,65.82624389213126,2.184385716212458
2012-06-24 17:20:00,67.6875006511649,65.96926534481939,2.1240349733245703
2012-06-24 17:25:00,67.83449109271207,65.16830016247104,2.501803926298028
2012-06-24 17:30:00,67.84490771467821,65.96926534481939,2.1240349733245703
2012-06-24 17:35:00,67.84027793751564,65.85249332866533,2.1730910225700657
2012-06-24 17:40:00,68.02083324943474,65.27681909003799,2.4446952095242893
2012-06-24 17:45:00,68.17129634255737,65.48848864501831,2.338849277410694
2012-06-24 17:50:00,68.29745345325311,64.76203221860526,2.7336784156938223
2012-06-24 17:55:00,68.51041653893006,64.80070657289384,2.7103336431041343
2012-06-24 18:00:00,68.57407362809845,66.24835457383388,1.5920077549270488
2012-06-24 18:05:00,68.71064741870643,66.24281489810194,1.5933791217168751
2012-06-24 18:10:00,68.76273076032153,66.14778868996996,1.6173757516680507
2012-06-24 18:15:00,68.85648073466649,66.0968420479432,1.6306123855758672
2012-06-24 18:20:00,68.90277653612488,66.24281489810194,1.5933791217168751
2012-06-24 18:25:00,68.82870276704425,66.54525550556104,1.522710192793088
2012-06-24 18:30:00,68.80208256241619,66.53999226167915,1.523868730816287
2012-06-24 18:35:00,68.70254568532155,66.37436844178079,1.561600946776463
2012-06-24 18:40:00,68.60879568200356,66.77227304012567,1.474965492668689
2012-06-24 18:45:00,68.49999927955685,66.79247342577264,1.4709230064303622
2012-06-24 18:50:00,68.60185171161287,66.15341913826097,1.6159293157111094
2012-06-24 18:55:00,68.54976836999774,66.58720282917896,1.5135596205876427
2012-06-24 19:00:00,68.57754639556607,66.84384116207764,1.26424932480265
2012-06-24 19:05:00,68.42129637072073,67.11360666146588,1.2333551827430889
2012-06-24 19:10:00,68.42592614788327,66.71798571875665,1.2799462485326456
2012-06-24 19:15:00,68.43634282779553,66.83939130754256,1.2647899908495515
2012-06-24 19:20:00,68.48495415524225,66.77223444802587,1.27307583346731
2012-06-24 19:25:00,68.54050951102577,66.55241123995887,1.301934198802554
2012-06-24 19:30:00,68.50462975207257,66.73612148501012,1.277631483086817
2012-06-24 19:35:00,68.40972262316747,66.29593014379115,1.3392223158844863
2012-06-24 19:40:00,68.35995419910668,66.676991173819,1.285245404507416
2012-06-24 19:45:00,68.11293028242383,66.6357316124122,1.290674381466574
2012-06-24 19:50:00,67.6870040820969,66.9146276491433,1.255788702273422
2012-06-24 19:55:00,67.63723565803612,66.676991173819,1.285245404507416
2012-06-24 20:00:00,67.4624671909206,66.9992955870276,1.1894971228323516
2012-06-24 20:05:00,67.46097884544986,66.60833385809758,1.222869018218715
2012-06-24 20:10:00,67.45171929112473,66.80877461863294,1.205038975566713
2012-06-24 20:15:00,67.2329693026981,66.93643305472489,1.1944793933389548
2012-06-24 20:20:00,67.03505261614988,67.00710834323269,1.188887986229996
2012-06-24 20:25:00,66.8961639369606,66.84092855951813,1.202322723352843
2012-06-24 20:30:00,66.89616393696062,66.68265827301563,1.2160743966466911
2012-06-24 20:35:00,67.08134902604228,66.06156965099315,1.2801543474492023
2012-06-24 20:40:00,67.13111745010308,66.57921417760005,1.2255914851513598
2012-06-24 20:45:00,67.34804845263629,65.79272271311558,1.3136518844577931
2012-06-24 20:50:00,67.65013179344172,65.35834146757115,1.376719430047461
2012-06-24 20:55:00,67.5957335632453,66.57921417760005,1.2255914851513598
2012-06-24 21:00:00,67.65939068138674,66.3215964397901,1.259418728201814
2012-06-24 21:05:00,67.67129570676973,66.52518712112033,1.242909711668909
2012-06-24 21:10:00,67.65806823558829,66.68443930421624,1.2309601981708813
2012-06-24 21:15:00,67.73098490805485,66.107458062425,1.278371693757882
2012-06-24 21:20:00,67.85251287899509,66.25082968337006,1.265496462406334
2012-06-24 21:25:00,67.83167954814364,66.28629118740373,1.262428694688792
2012-06-24 21:30:00,67.82126286823141,66.5982761832219,1.237322983707186
2012-06-24 21:35:00,67.78422534628406,66.65459526854812,1.2331369070434566
2012-06-24 21:40:00,67.76339204440566,66.6658019565575,1.2323165134623224
2012-06-24 21:45:00,67.73561471419048,66.5338881909741,1.2422357261420862
2012-06-24 21:50:00,67.60019802019656,66.46123328999532,1.247943575930564
2012-06-24 21:55:00,67.62681825379768,66.3215964397901,1.259418728201814
2012-06-24 22:00:00,67.46941113233824,66.36235418800722,1.3259798076912077
2012-06-24 22:05:00,67.48792960358145,66.39103353612275,1.3238177012347754
2012-06-24 22:10:00,67.48495355004702,66.46423481083885,1.3184122721202998
2012-06-24 22:15:00,67.57523151022359,66.1951878140655,1.3390930671177952
2012-06-24 22:20:00,67.45370353928335,66.4763602341972,1.31753264314273
2012-06-24 22:25:00,67.58912017533116,66.06174372106496,1.350204332393919
2012-06-24 22:30:00,67.44097197078982,66.39103353612275,1.3238177012347754
2012-06-24 22:35:00,67.34837975943906,66.36235418800722,1.3259798076912077
2012-06-24 22:40:00,67.11921309110018,66.42315737401115,1.321425360453189
2012-06-24 22:45:00,67.07291665223475,66.27561369211428,1.3326743563557775
2012-06-24 22:50:00,67.27662021255962,65.85748051734681,1.3683738667347136
2012-06-24 22:55:00,67.21874999716788,66.24646825457718,1.3349766633910083
2012-06-24 23:00:00,67.4270833346553,65.63124412512667,1.497042774088542
2012-06-24 23:05:00,67.29398152924266,66.19882251189786,1.445174702219336
2012-06-24 23:10:00,67.17939816610017,66.20564517213701,1.4446167827224092
2012-06-24 23:15:00,67.0370368643085,66.22607218496468,1.442955598534418
2012-06-24 23:20:00,66.99189818843723,65.85972665288543,1.4748287616123772
2012-06-24 23:25:00,66.87731488324084,66.23625965909496,1.4421320831073725
2012-06-24 23:30:00,66.73842618956506,65.68985854222683,1.491164555535138
2012-06-24 23:35:00,66.51736129807063,65.83465019019567,1.4771759334122843
2012-06-24 23:40:00,66.62152795232781,65.46435282130174,1.5144858527127634
2012-06-24 23:45:00,66.35069460779955,65.89185150483051,1.4718530557545437
2012-06-24 23:50:00,66.06365772406893,66.25320553124412,1.4407692706099395
2012-06-24 23:55:00,66.00115770254158,65.8274705240603,1.4778518818631026
2012-06-25 00:00:00,65.76157438326352,65.92754380816378,1.61599967675794
2012-06-25 00:05:00,65.63541727256778,65.45534909898959,1.6641189114725694
2012-06-25 00:10:00,65.49107230207845,65.52011744941025,1.6570468295073113
2012-06-25 00:15:00,65.37562939552386,65.45534909898959,1.6641189114725694
2012-06-25 00:20:00,65.2925605670724,65.37911115912287,1.6726437962220446
2012-06-25 00:25:00,65.16200508694769,65.55229772679597,1.6535903231628044
2012-06-25 00:30:00,65.24322191471765,64.89955228344424,1.731538368208896
2012-06-25 00:35:00,65.3683872055511,64.77987102560427,1.7477540036587451
2012-06-25 00:40:00,65.29328790646694,65.45534909898959,1.6641189114725694
2012-06-25 00:45:00,65.46584064525761,64.6746233000107,1.7625544216107676
2012-06-25 00:50:00,65.54229544838786,65.02171858857587,1.7156348159445252
2012-06-25 00:55:00,65.5434856611957,65.29110471487489,1.6827597069240152
2012-06-25 01:00:00,65.58399519731145,63.72585427228184,2.3315129684918308
2012-06-25 01:05:00,65.68931897715576,63.54210778919093,2.365859053640854
2012-06-25 01:10:00,65.80704371404397,63.55350879943261,2.363688016242406
2012-06-25 01:15:00,66.01855151249785,63.58824316688308,2.3571063538157246
2012-06-25 01:20:00,65.33310158240472,63.62291630704009,2.3505857955470693
2012-06-25 01:25:00,65.32824039750855,63.657526872656895,2.3441257619754814
2012-06-25 01:30:00,65.20072714535966,63.6920759067632,2.3377248479081376
2012-06-25 01:35:00,65.08366363137065,63.726559635619545,2.331384038428667
2012-06-25 01:40:00,65.00251293458251,63.76097492289349,2.3251022180747243
2012-06-25 01:45:00,64.42371021521576,63.79532228285661,2.3188789522505924
2012-06-25 01:50:00,64.13429231192201,63.82959702187518,2.312714356848462
2012-06-25 01:55:00,64.26851879310813,63.86380164611782,2.306607229486845
2012-06-25 02:00:00,63.75925925488891,62.848872971343155,2.950712837521541
2012-06-25 02:05:00,63.663194362989636,62.9443664567917,2.9289553823342174
2012-06-25 02:10:00,63.58911995650197,63.00948506963172,2.914311346408246
2012-06-25 02:15:00,63.024305069742496,63.444566401797516,2.8203265744831008
2012-06-25 02:20:00,63.56134228585346,59.78978095412959,3.9184749295047507
2012-06-25 02:25:00,63.23842561057497,62.580853969093255,3.0136354019795064
2012-06-25 02:30:00,62.863425597303,62.07697654528632,3.1398951641839647
2012-06-25 02:35:00,62.70601815351842,62.158449455414534,3.1187306713950065
2012-06-25 02:40:00,62.747684815221305,62.35202073526536,3.0696299167365972
2012-06-25 02:45:00,63.03935146887121,60.3017768735877,3.6994242008409053
2012-06-25 02:50:00,62.72106455989039,61.510876475236955,3.2959125934007627
2012-06-25 02:55:00,62.346064546618415,63.390796097225035,2.8315890500962264
2012-06-25 03:00:00,62.64814787293731,60.10601166763059,3.9615615602853094
2012-06-25 03:05:00,61.740740464176504,61.69359018506236,3.556207035214209
2012-06-25 03:10:00,61.009259227579285,61.84057488270278,3.52343011585304
2012-06-25 03:15:00,60.90509256607883,60.379641903608295,3.8817883870596717
2012-06-25 03:20:00,60.45254611766426,61.15229696493113,3.682140531926242
2012-06-25 03:25:00,60.431712786812824,60.5232877254787,3.842250635943595
2012-06-25 03:30:00,60.538194344137814,59.976677075528166,4.001871240316642
2012-06-25 03:35:00,60.288194348569135,60.77155171034155,3.776839605374365
2012-06-25 03:40:00,60.28819434856913,61.70275325370551,3.5541476309693274
2012-06-25 03:45:00,59.9548610042433,60.78422949399327,3.7735856713375284
2012-06-25 03:50:00,59.55092589776197,59.7633651108949,4.073369073654384
2012-06-25 03:55:00,59.530092566910525,61.01621711227623,3.715312006253743
2012-06-25 04:00:00,59.63078722148584,61.40005341804898,3.309683526528204
2012-06-25 04:05:00,59.59259286368186,59.636247514688144,3.9552219966468978
2012-06-25 04:10:00,60.55555562822618,59.98956715556675,3.6947391720759915
2012-06-25 04:15:00,60.93055562701162,60.50539772310407,3.494727821083582
2012-06-25 04:20:00,60.68865739017923,60.196183035963905,3.5991155107232173
2012-06-25 04:25:00,60.55324072877999,60.82766583670527,3.414490687955365
2012-06-25 04:30:00,60.45717585136723,60.72258217099546,3.438358409573162
2012-06-25 04:35:00,60.79976840958489,60.42204879046875,3.519538629897116
2012-06-25 04:40:00,60.65393507913831,61.824520766562536,3.2491996379986823
2012-06-25 04:45:00,60.79861097978079,60.24096664713313,3.5816328259425134
2012-06-25 04:50:00,61.641203536379045,59.571345497111,4.026132314519281
2012-06-25 04:55:00,61.79745353225135,61.212162427374814,3.3403750962800953
2012-06-25 05:00:00,61.94675887686634,62.728972061583754,2.5754849077682413
2012-06-25 05:05:00,62.60300887111925,60.70844320048377,3.3882898537091553
2012-06-25 05:10:00,62.32523154171377,63.56587369951839,2.5108997539294617
2012-06-25 05:15:00,62.28356486552436,62.598118244173975,2.5913421466155406
2012-06-25 05:20:00,63.04282443190692,60.9069292219098,3.2004892227281343
2012-06-25 05:25:00,63.36574108907726,61.645939331356324,2.7963626044001733
2012-06-25 05:30:00,63.574074415699805,61.645939331356324,2.7963626044001733
2012-06-25 05:35:00,63.731482174566274,62.420620575703,2.6163063097716215
2012-06-25 05:40:00,63.81481551245855,62.43273013541222,2.6144642178725293
2012-06-25 05:45:00,64.36805629674491,61.73759005627226,2.7666164252013274
2012-06-25 05:50:00,64.58564886985396,62.51805653560754,2.6020757771853087
2012-06-25 05:55:00,64.74537087989465,62.71017109950187,2.577642632051179
2012-06-25 06:00:00,64.77662089065832,64.34652097429422,2.15555941679798
2012-06-25 06:05:00,65.05787090061231,63.34423243269554,2.310129743677735
2012-06-25 06:10:00,65.16319468045661,64.0273545377415,2.189420493125122
2012-06-25 06:15:00,65.29861135996401,63.74563363246159,2.229873980879716
2012-06-25 06:20:00,65.25231492109856,63.86562768694838,2.211275659916495
2012-06-25 06:25:00,65.50826712876335,63.69458552319944,2.2384619399544747
2012-06-25 06:30:00,65.88326712392717,63.41824462137365,2.292946553293196
2012-06-25 06:35:00,65.95965581056213,64.0738837026142,2.183757696426132
2012-06-25 06:40:00,66.08465579567074,63.90012617757264,2.2063176470942483
2012-06-25 06:45:00,65.99090579235275,64.37306156098664,2.153233735756354
2012-06-25 06:50:00,66.01405401178548,64.32000321836352,2.1579533583404626
2012-06-25 06:55:00,66.18766535331388,64.35536505511244,2.1547766519628087
2012-06-25 07:00:00,66.19808200425307,65.5722412663733,1.975176219269948
2012-06-25 07:05:00,66.43766532353114,65.1784881001701,2.00713482386617
2012-06-25 07:10:00,66.58234154287713,65.44068541933713,1.9843839408123796
2012-06-25 07:15:00,66.80109153130375,65.23077804858981,2.0020872118932855
2012-06-25 07:20:00,67.13210997980504,64.89856789516872,2.039188518005608
2012-06-25 07:25:00,67.20949110922284,65.4820150520603,1.981343871328632
2012-06-25 07:30:00,67.31481488906714,65.49328988467835,1.980538290218238
2012-06-25 07:35:00,67.31481488906714,65.4143969850806,1.9863902519469807
2012-06-25 07:40:00,67.29629644679697,65.36185391362788,1.99057581433911
2012-06-25 07:45:00,67.45254644266929,65.28315330814907,1.9972978656694007
2012-06-25 07:50:00,67.23148155117487,65.5254502141206,1.9782960370680465
2012-06-25 07:55:00,67.00231485386296,65.94012263074877,1.9560394197249416
2012-06-25 08:00:00,66.91782440487007,66.2738941417213,1.955273097094455
2012-06-25 08:05:00,66.70949106738266,66.4678088391089,1.9510472766522657
2012-06-25 08:10:00,66.48726842738058,66.49238661769816,1.9506820858699836
2012-06-25 08:15:00,66.19560176648741,66.4678088391089,1.9510472766522657
2012-06-25 08:20:00,66.1018517631694,66.41246359586877,1.9520050097237174
2012-06-25 08:25:00,65.90277798000713,66.35706457865174,1.9531581515167453
2012-06-25 08:30:00,65.78703754922363,66.44321810956724,1.9514494370436701
2012-06-25 08:35:00,65.73495420760851,66.07973207245068,1.962172014395664
2012-06-25 08:40:00,65.90972264575096,65.97503790591036,1.9671573632886068
2012-06-25 08:45:00,65.82638932234522,66.35706457865174,1.9531581515167453
2012-06-25 08:50:00,66.07523218146189,65.6102472848794,1.9928775491566444
2012-06-25 08:55:00,66.07523218146189,66.024289711554,1.9646942196212096
2012-06-25 09:00:00,66.01835377144592,66.17866865696584,2.0090418443656106
2012-06-25 09:05:00,66.04150199087864,66.03589399669976,2.014092672346812
2012-06-25 09:10:00,65.94196508481097,66.0229438845059,2.01465679207599
2012-06-25 09:15:00,65.83779841606724,65.803619737189,2.027124227778316
2012-06-25 09:20:00,65.68154842019494,66.29911558554275,2.006346539665374
2012-06-25 09:25:00,65.37020553592927,65.94535258459862,2.018424954253518
2012-06-25 09:30:00,65.19890908298217,66.26978808137262,2.006878006769566
2012-06-25 09:35:00,65.14682574136704,66.06505206648576,2.0128885235029528
2012-06-25 09:40:00,64.90724242208898,66.5929570503306,2.005093085937247
2012-06-25 09:45:00,64.69890908460155,66.26978808137262,2.006878006769566
2012-06-25 09:50:00,64.50446444119477,66.41329013897932,2.0050085787997785
2012-06-25 09:55:00,64.42113111778902,66.15266838864373,2.0098067618032744
2012-06-25 10:00:00,64.3333333229455,65.83844858574871,2.0665154621911523
2012-06-25 10:05:00,64.21643511468132,65.92088623635159,2.0639133782725403
2012-06-25 10:10:00,64.18634254820827,65.56273248589011,2.081648027164324
2012-06-25 10:15:00,64.07027116554184,65.33167189286947,2.102941638341259
2012-06-25 10:20:00,63.90360449700055,65.67923203950168,2.073985583131751
2012-06-25 10:25:00,63.88277116252749,64.90367856698039,2.167324922468781
2012-06-25 10:30:00,63.8364750423656,65.60795680609097,2.078442260819624
2012-06-25 10:35:00,63.71147504277044,65.73774050216566,2.070851539567133
2012-06-25 10:40:00,63.64897505021611,65.73774050216566,2.070851539567133
2012-06-25 10:45:00,63.528604813297,65.50473423859968,2.08620458943484
2012-06-25 10:50:00,63.46378993216141,65.68572516029398,2.073613829954119
2012-06-25 10:55:00,63.44295660130998,65.73774050216566,2.070851539567133
2012-06-25 11:00:00,63.19295659849805,65.42567071672282,2.042343668435622
2012-06-25 11:05:00,63.0471232608082,65.42567071672282,2.042343668435622
2012-06-25 11:10:00,62.85267892886167,65.31697198242061,2.0483857947642705
2012-06-25 11:15:00,62.83333364469641,64.8699586473426,2.0972319777372874
2012-06-25 11:20:00,62.863426203926196,65.06517453879802,2.0707974903462714
2012-06-25 11:25:00,62.84259287307476,64.71089157304974,2.1253245926597404
2012-06-25 11:30:00,62.638888997668,65.31697198242061,2.0483857947642705
2012-06-25 11:35:00,62.59722233596512,65.23057400589997,2.0546963998413035
2012-06-25 11:40:00,62.50347233264713,65.3976408284491,2.0437066765011287
2012-06-25 11:45:00,62.51273155740384,65.0225232280622,2.0758578504602325
2012-06-25 11:50:00,62.49189821206587,65.34174663287035,2.046827117219757
2012-06-25 11:55:00,62.387731543322154,65.51010343691776,2.039022401035461
2012-06-25 12:00:00,62.42939821000477,64.72945335899954,2.0021648886347108
2012-06-25 12:05:00,62.368055654497844,64.98162356985645,1.9692058591809534
2012-06-25 12:10:00,62.41435177284894,64.76569903306124,1.9962833888836322
2012-06-25 12:15:00,62.51703038766322,64.77965429271943,1.9941252155184526
2012-06-25 12:20:00,62.50777116652814,65.08059574776092,1.9610502214404664
2012-06-25 12:25:00,62.69527116592087,64.62936390793533,2.0205377123661115
2012-06-25 12:30:00,62.772817604685095,64.74338846790293,1.9998564030970156
2012-06-25 12:35:00,62.86656760800309,65.05792196198762,1.9626963541300722
2012-06-25 12:40:00,62.658234270515656,65.08343396201995,1.9608533061203997
2012-06-25 12:45:00,62.71726194106294,64.9900848153062,1.968408941011882
2012-06-25 12:50:00,62.696428610211505,65.21166613689296,1.954004019650247
2012-06-25 12:55:00,62.70105838737407,65.16023098030551,1.9562788095332329
2012-06-25 13:00:00,62.94295660836182,64.8094704128559,1.9411487652152275
2012-06-25 13:05:00,63.25429917030232,64.81222283792007,1.9408050289749177
2012-06-25 13:10:00,63.34920661247852,64.85614936838627,1.9356438426542566
2012-06-25 13:15:00,63.43518543591515,65.00266615854635,1.9229214151573444
2012-06-25 13:20:00,63.497685428469474,65.03062118046431,1.921271211754508
2012-06-25 13:25:00,63.58912054320617,65.0550673055239,1.9200298035710475
2012-06-25 13:30:00,63.77662054259891,64.90811064655058,1.930343151107947
2012-06-25 13:35:00,63.79398185928195,65.25059713443987,1.9166445926541649
2012-06-25 13:40:00,64.04398185847226,64.55692191539907,1.9827604071001375
2012-06-25 13:45:00,64.10532473992598,65.10393481266019,1.918104008536566
2012-06-25 13:50:00,64.03240807470269,65.1283649880569,1.9174156089184125
2012-06-25 13:55:00,64.0601857381079,65.13922286954259,1.9171670998432937
2012-06-25 14:00:00,64.02662085324947,65.18094645604133,2.1550717062393816
2012-06-25 14:05:00,64.00231550822963,65.36467687357718,2.1726404916751876
2012-06-25 14:10:00,64.07523218069618,64.82972598491587,2.149200158730257
2012-06-25 14:15:00,64.27199142295377,64.98086846703875,2.1474540183225552
2012-06-25 14:20:00,64.30324143371746,64.94864278888697,2.1473106379517497
2012-06-25 14:25:00,64.21990810306845,65.05703456823319,2.1489670995329324
2012-06-25 14:30:00,64.20486166048016,65.14719698389472,2.152953754707952
2012-06-25 14:35:00,64.29166701254083,65.08209373401336,2.1498331401510367
2012-06-25 14:40:00,64.40625034671028,64.91936145326866,2.147427464524153
2012-06-25 14:45:00,64.58746689601512,65.03181768766677,2.1482807425146557
2012-06-25 14:50:00,64.8964948808346,64.672814259116,2.1569498043937534
2012-06-25 14:55:00,65.19146858336143,64.98086846703875,2.1474540183225552
2012-06-25 15:00:00,65.34540370513896,64.27796759938215,3.0462714833548237
2012-06-25 15:05:00,65.51554236611885,64.601880147128,3.059583642755259
2012-06-25 15:10:00,65.734292369032,64.18514736652274,3.0459332519936146
2012-06-25 15:15:00,65.80720901252552,64.87823738432037,3.089528750901001
2012-06-25 15:20:00,66.09308878515554,64.18514736652274,3.0459332519936146
2012-06-25 15:25:00,66.42873700357613,63.80958700001782,3.055436513111172
2012-06-25 15:30:00,66.55836676584732,64.30304662618663,3.046596546465761
2012-06-25 15:35:00,66.65211676916533,64.61503420060605,3.060588688813935
2012-06-25 15:40:00,66.726190567219,64.49415066268378,3.0528074842580115
2012-06-25 15:45:00,66.7116406792122,64.88852682909275,3.091015966422864
2012-06-25 15:50:00,66.71511269338059,64.90219992023744,3.093034199966676
2012-06-25 15:55:00,66.50347202452903,65.20412964594287,3.1499016436840104
2012-06-25 16:00:00,66.38310178760993,63.620796903234634,5.3104239987223805
2012-06-25 16:05:00,66.1539351337576,64.09824250652906,5.3186930369723555
2012-06-25 16:10:00,66.03935179958815,63.84607362843237,5.312830500081129
2012-06-25 16:15:00,65.84375003059425,63.99897874387048,5.31608933056306
2012-06-25 16:20:00,65.7617391240139,64.16878651815682,5.320676314533874
2012-06-25 16:25:00,65.59275755964806,64.04885464345246,5.317360392661051
2012-06-25 16:30:00,65.4573409091137,63.52162785346965,5.310417016217836
2012-06-25 16:35:00,65.36011889162732,63.741003138216094,5.311310950637807
2012-06-25 16:40:00,65.1089617668499,63.470922817689335,5.310672746825143
2012-06-25 16:45:00,64.9538688965647,63.571571622416336,5.310338542717592
2012-06-25 16:50:00,64.83002603704318,63.687393279139634,5.310798446393467
2012-06-25 16:55:00,64.86309500472721,62.97193782123097,5.3216466074215925
2012-06-25 17:00:00,64.80869678901733,61.613638986038474,9.108209031670517
2012-06-25 17:05:00,64.9336967886125,61.51136710030309,9.136884294586281
2012-06-25 17:10:00,64.7878634436794,61.99116262964779,8.982054036007272
2012-06-25 17:15:00,64.56564111332676,61.613638986038474,9.108209031670517
2012-06-25 17:20:00,64.51802222866289,62.67634220498769,8.65983857005574
2012-06-25 17:25:00,64.1661704565534,61.897574790289724,9.016465209108409
2012-06-25 17:30:00,61.38492052712902,61.33799365103858,9.180657644548214
2012-06-25 17:35:00,57.67195739484175,61.96582159413868,8.991583271462273
2012-06-25 17:40:00,54.296957304367,60.0876476824896,9.358258574772732
2012-06-25 17:45:00,50.377975694200536,61.248239494595026,9.201067476358467
2012-06-25 17:50:00,46.56431847231239,61.68641921355757,9.086434916980648
2012-06-25 17:55:00,42.70717566077406,61.93669170064175,9.002342412800719
2012-06-25 18:00:00,39.03935147960201,61.30475369529072,10.347138889587402
2012-06-25 18:05:00,34.935184838299996,62.67917363231024,8.382834038756947
2012-06-25 18:10:00,31.351851584176103,60.94836494669111,10.781680051869737
2012-06-25 18:15:00,27.805555368511847,59.73502594257806,11.857636486364248
2012-06-25 18:20:00,24.222221969522717,62.593412305922556,8.511085582112486
2012-06-25 18:25:00,21.416666485023896,58.602130667532926,12.359395786159565
2012-06-25 18:30:00,20.447916470053322,38.05985558027322,11.071209284100036
2012-06-25 18:35:00,20.174768309376393,37.42962352790165,13.574996864609203
2012-06-25 18:40:00,19.91203677066562,37.49314032957208,13.165071058959251
2012-06-25 18:45:00,21.331018446875152,37.32113986053399,14.483912204621122
2012-06-25 18:50:00,25.292823873304656,37.373975226580455,13.999095531993616
2012-06-25 18:55:00,29.313657249147024,37.37015275442463,14.031098870975798
2012-06-25 19:00:00,33.31481476740164,37.40534133234707,15.033559896371907
2012-06-25 19:05:00,37.53819452003567,37.31744765120153,15.759176785262412
2012-06-25 19:10:00,41.44907422297898,37.42254773014299,14.917995911450133
2012-06-25 19:15:00,45.35069454543545,37.387814376749176,15.158535717958586
2012-06-25 19:20:00,49.01736129680338,37.51572563165711,14.386534891597977
2012-06-25 19:25:00,52.270833445310934,37.75724600199876,13.450407601427637
2012-06-25 19:30:00,56.333333395937046,37.382347278502245,15.199150368292136
2012-06-25 19:35:00,60.50462980695594,37.33189094736512,15.61976821370159
2012-06-25 19:40:00,64.33796320513538,37.37781230115241,15.233505565464727
2012-06-25 19:45:00,66.98379645505237,38.44469750613316,12.175358927939316
2012-06-25 19:50:00,66.90046313164662,64.97108536249478,2.9839621624287536
2012-06-25 19:55:00,66.83796313909231,65.3218048171894,2.7603816425906547
2012-06-25 20:00:00,66.82754645918007,66.5472951212142,1.490949959412589
2012-06-25 20:05:00,66.87384289804551,66.31593038362321,1.5360938431892215
2012-06-25 20:10:00,66.85879644097069,66.31593038362321,1.5360938431892215
2012-06-25 20:15:00,66.98495355166644,65.81926850047012,1.6461843847665705
2012-06-25 20:20:00,66.98495355166644,66.08496724144919,1.5849073518074668
2012-06-25 20:25:00,67.07870355498443,65.81926850047012,1.6461843847665705
2012-06-25 20:30:00,67.05787019515994,66.5472951212142,1.490949959412589
2012-06-25 20:35:00,67.12268504732249,66.31593038362321,1.5360938431892215
2012-06-25 20:40:00,67.34226157885966,65.31390912563468,1.7802004202192334
2012-06-25 20:45:00,67.38392826953559,65.65699981746492,1.686565454387934
2012-06-25 20:50:00,67.54133602840206,65.51102554762682,1.724972793067063
2012-06-25 20:55:00,67.68716937333517,65.87288873189772,1.633348803031077
2012-06-25 21:00:00,67.67675269342293,66.4879963607226,1.3396980678175632
2012-06-25 21:05:00,67.57374313577982,66.52649928148676,1.335528114654991
2012-06-25 21:10:00,67.62582647739492,66.26884106832888,1.3644952375687973
2012-06-25 21:15:00,67.61425270086862,66.44934941493733,1.3439381067830103
2012-06-25 21:20:00,67.54017890281496,66.13538260469657,1.3805300956862607
2012-06-25 21:25:00,67.49851224111208,66.31301016115212,1.3593474367962672
2012-06-25 21:30:00,67.37351225600345,66.44451065518025,1.3444729202742352
2012-06-25 21:35:00,67.31795629178593,66.60306751409956,1.327395293189727
2012-06-25 21:40:00,67.14467619911419,66.43828266674929,1.345162507787353
2012-06-25 21:45:00,67.19675951175627,65.95537305808081,1.4033670576653685
2012-06-25 21:50:00,67.17129640374225,66.3325886692989,1.3570910810150094
2012-06-25 21:55:00,67.0775463714512,66.57442391872517,1.330412828885469
2012-06-25 22:00:00,67.0284391413166,66.19114688512852,1.396164596984551
2012-06-25 22:05:00,66.89996714203957,65.8626934350445,1.4280302632863657
2012-06-25 22:10:00,66.74520552061104,66.23154754053024,1.3924683676417022
2012-06-25 22:15:00,66.59937217567793,66.1505917744084,1.399923227029319
2012-06-25 22:20:00,66.69196441600177,65.60631003599433,1.4553289370204194
2012-06-25 22:25:00,66.4211310714735,65.90422757402628,1.4238156409271907
2012-06-25 22:30:00,66.2752977410269,65.69534905069648,1.4455914795134077
2012-06-25 22:35:00,66.18849240345277,66.12346966967152,1.4024631420303948
2012-06-25 22:40:00,66.17923287810068,65.49320736943793,1.468113345110056
2012-06-25 22:45:00,66.03786401909186,65.94563229040307,1.4196687792837963
2012-06-25 22:50:00,65.79828068532727,65.98690454200486,1.415589424842014
2012-06-25 22:55:00,65.94411400128733,65.94563229040307,1.4196687792837963
2012-06-25 23:00:00,65.6332676897113,65.65417678508301,1.5535873131870066
2012-06-25 23:05:00,65.60548969311601,65.0389759354765,1.6254898420578456
2012-06-25 23:10:00,65.56233465696937,65.29723728057256,1.5936261893828603
2012-06-25 23:15:00,65.47900133356362,65.25195569514251,1.5990285473542583
2012-06-25 23:20:00,65.37714953891467,65.6346142410856,1.555669722031922
2012-06-25 23:25:00,65.20353853963039,64.52468386575586,1.697346709405191
2012-06-25 23:30:00,64.68270519591182,64.81010441557662,1.6559876545518917
2012-06-25 23:35:00,64.3528441953228,65.44902135635472,1.5760602722787962
2012-06-25 23:40:00,64.03687217628136,65.14579288480401,1.611997658624271
2012-06-25 23:45:00,63.58449104807813,65.069559001164,1.621579922000195
2012-06-25 23:50:00,63.571759494071124,64.72881144663675,1.667373359781007
2012-06-25 23:55:00,63.25925953129956,66.13207582382036,1.5064338370780979
2012-06-26 00:00:00,63.04629642389282,63.88004731213183,1.9841072626914384
2012-06-26 00:05:00,62.931713089723395,64.3718438672429,1.9051535486661406
2012-06-26 00:10:00,62.87962974810827,64.58127251631973,1.8746210699202797
2012-06-26 00:15:00,62.504629749322824,64.3718438672429,1.9051535486661406
2012-06-26 00:20:00,62.32870386688972,64.7056587943277,1.8572770501468356
2012-06-26 00:25:00,62.36689820477475,63.229600684563074,2.1074322434682258
2012-06-26 00:30:00,62.554398211410735,62.11968548296173,2.3917679119968303
2012-06-26 00:35:00,62.471064878950905,63.57418619009696,2.0390858520103663
2012-06-26 00:40:00,62.51273154653893,63.30132242161498,2.0925922917923407
2012-06-26 00:45:00,62.74189820763454,62.660378356189,2.2387396031590447
2012-06-26 00:50:00,62.82523153104028,64.10813232967335,1.9461473403045382
2012-06-26 00:55:00,62.637731524404295,64.41392542299174,1.8988799856308507
2012-06-26 01:00:00,62.439814845099335,61.06561905444329,3.1898436847105134
2012-06-26 01:05:00,62.366898179876046,61.92870133150436,2.9936758692797483
2012-06-26 01:10:00,62.03356485003672,62.39592993622727,2.9004480037445215
2012-06-26 01:15:00,62.15856485234809,60.908769781858986,3.2299322714133045
2012-06-26 01:20:00,62.15740740805745,62.017951149576014,2.9752719284949016
2012-06-26 01:25:00,62.084490742834156,61.4286213050384,3.102860220837863
2012-06-26 01:30:00,61.77314819538018,60.94769088329923,3.219825849384522
2012-06-26 01:35:00,61.99884253627957,61.27920529786695,3.1377673400864623
2012-06-26 01:40:00,62.009259201705284,61.51089260145432,3.0841249008176366
2012-06-26 01:45:00,61.84490742174527,61.63520284965756,3.056424436098537
2012-06-26 01:50:00,61.46180564611539,62.47174532954174,2.8860039687682186
2012-06-26 01:55:00,61.42013897716925,61.67685803712806,3.0472987227681934
2012-06-26 02:00:00,61.09027798744512,59.48062227913429,4.0544463414738035
2012-06-26 02:05:00,60.82986133007236,60.52940181361507,3.839480291049291
2012-06-26 02:10:00,60.663194661531065,60.048646553869425,3.9325349122445874
2012-06-26 02:15:00,60.60069466263891,60.317743072824896,3.879875412598888
2012-06-26 02:20:00,60.569444666361754,60.86024890464618,3.7774000020668876
2012-06-26 02:25:00,60.36342622107725,60.11440996913377,3.9194887543969408
2012-06-26 02:30:00,60.88310210601865,59.13625203610302,4.146782054431505
2012-06-26 02:35:00,60.16666696433313,61.01161660875693,3.749280268371598
2012-06-26 02:40:00,59.739583631175826,60.45798428632285,3.853034809995428
2012-06-26 02:45:00,59.98032440923105,59.991082416998985,3.9440715163504385
2012-06-26 02:50:00,59.78240775165586,59.952002976041165,3.951973915165737
2012-06-26 02:55:00,59.306713424241885,60.42259376625653,3.859777649487588
2012-06-26 03:00:00,59.48032441809371,58.76854846483601,4.490771026638898
2012-06-26 03:05:00,59.3344910731606,59.536357093976505,4.225660858641452
2012-06-26 03:10:00,59.042824412267414,59.41874280234689,4.250540768174232
2012-06-26 03:15:00,58.39236132438581,59.870401226843285,4.165382432481127
2012-06-26 03:20:00,57.454861334665445,60.394070198976316,4.085280531053993
2012-06-26 03:25:00,57.21296309783304,59.37841398561742,4.259726701984641
2012-06-26 03:30:00,57.05439821337945,60.30239314480311,4.098693082065409
2012-06-26 03:35:00,57.00000004112914,58.90919951658305,4.412831789399368
2012-06-26 03:40:00,57.010416721041395,59.14186068217548,4.323317500819421
2012-06-26 03:45:00,56.49652773884967,60.43532430620686,4.079289947777562
2012-06-26 03:50:00,56.32986106306513,59.28577298365396,4.282407412316412
2012-06-26 03:55:00,56.53356460890347,59.034020926310944,4.360268422326607
2012-06-26 04:00:00,56.24884226607755,59.68032860187839,3.9929246528549514
2012-06-26 04:05:00,55.70370327312215,59.85413646034743,3.90844518464724
2012-06-26 04:10:00,55.662036611419275,59.500793952490774,4.105287521606216
2012-06-26 04:15:00,55.749999711987584,59.232501471830915,4.343851279328599
2012-06-26 04:20:00,56.60879614097826,59.08961536673607,4.52030974432824
2012-06-26 04:25:00,56.640046151741934,59.55324144185847,4.069296042580308
2012-06-26 04:30:00,56.75694436724939,60.446889861630815,3.7236345432366686
2012-06-26 04:35:00,57.41319434701577,59.44949401311789,4.143411301065524
2012-06-26 04:40:00,57.60069433916524,59.7948450952263,3.935048266203998
2012-06-26 04:45:00,58.07754611086986,59.7948450952263,3.935048266203998
2012-06-26 04:50:00,58.7114747330176,59.606878651492146,4.0353134098306915
2012-06-26 04:55:00,58.674437833990766,60.05960934676159,3.8302954871877497
2012-06-26 05:00:00,59.21957685591922,60.28265412959257,3.9314888113770343
2012-06-26 05:05:00,60.1917991892752,59.955522002601406,4.323091771803216
2012-06-26 05:10:00,60.587632518912095,60.563498531362434,3.6738982213129563
2012-06-26 05:15:00,60.96263250321102,60.478416539650546,3.7452914909208204
2012-06-26 05:20:00,60.70337296418211,61.9672405274299,3.018672656087766
2012-06-26 05:25:00,61.26587296960355,60.77953659542421,3.5150820536149108
2012-06-26 05:30:00,61.18601196639401,61.98133935578371,3.015175985855605
2012-06-26 05:35:00,61.31101196598917,62.0578248196419,2.996820516979899
2012-06-26 05:40:00,61.757771511654056,61.41603696852024,3.1897986895671213
2012-06-26 05:45:00,62.114253060926096,62.103415100221646,2.986352598232441
2012-06-26 05:50:00,62.34490777051869,62.23469154114332,2.9580353987291748
2012-06-26 05:55:00,62.8414354505139,61.21329685801134,3.274693819606559
2012-06-26 06:00:00,63.08101877703522,62.98770584119891,2.6244164163673296
2012-06-26 06:05:00,63.29976877994836,63.63251785197938,2.4566841263674637
2012-06-26 06:10:00,63.56134288161176,62.962103517689734,2.6327439801740677
2012-06-26 06:15:00,64.11342622160747,62.80867494257355,2.6858973543943065
2012-06-26 06:20:00,64.65972264436701,62.899560811619544,2.653724378216657
2012-06-26 06:25:00,64.87847264728015,63.63251785197938,2.4566841263674637
2012-06-26 06:30:00,65.27083364947757,63.35618884902223,2.5196281598539247
2012-06-26 06:35:00,65.35879675004588,63.94503747296397,2.398130668560087
2012-06-26 06:40:00,65.47453720980242,64.07257415706535,2.377460789158389
2012-06-26 06:45:00,65.46990743263986,64.569542125983,2.311471673850893
2012-06-26 06:50:00,65.41782409102474,64.38805835825737,2.33311258495303
2012-06-26 06:55:00,65.61574076308645,63.97112261058663,2.3937626194257464
2012-06-26 07:00:00,66.13657408507524,64.71867482020555,2.301098352104835
2012-06-26 07:05:00,66.28240740103531,65.35547630837758,2.2143059365100517
2012-06-26 07:10:00,66.76041663151709,64.74960718495855,2.2959880424562904
2012-06-26 07:15:00,67.02083331061964,65.35547630837758,2.2143059365100517
2012-06-26 07:20:00,67.0937499830862,65.43768818650472,2.2054769651363197
2012-06-26 07:25:00,67.35648155077001,65.35547630837758,2.2143059365100517
2012-06-26 07:30:00,67.39814821247289,65.51960794387637,2.1971217175823123
2012-06-26 07:35:00,67.54976843118264,65.34022279541595,2.21599471752617
2012-06-26 07:40:00,67.73032377207478,65.5468454917226,2.1944367852332243
2012-06-26 07:45:00,67.57870355336503,65.75135418407562,2.1756759109847477
2012-06-26 07:50:00,67.57870355336503,65.43768818650472,2.2054769651363197
2012-06-26 07:55:00,67.52662021174991,65.65540944340601,2.184179688868826
2012-06-26 08:00:00,67.26620356162042,66.49098325017694,2.2784976073852734
2012-06-26 08:05:00,67.18287023821468,66.10952076959734,2.297858542428851
2012-06-26 08:10:00,66.89120357732149,66.40378524088456,2.2822716076319534
2012-06-26 08:15:00,66.76388867465853,66.43291196183274,2.2809703845910985
2012-06-26 08:20:00,66.67013867134052,65.99048366953134,2.3055254917703722
2012-06-26 08:25:00,66.5011571069747,66.43937608060408,2.280687144074807
2012-06-26 08:30:00,66.52083331223903,65.99048366953134,2.3055254917703722
2012-06-26 08:35:00,66.39434495268664,66.10952076959734,2.297858542428851
2012-06-26 08:40:00,66.25545627349736,66.41349932438517,2.281833694499437
2012-06-26 08:45:00,66.1825396010308,65.69038246185205,2.328818286712124
2012-06-26 08:50:00,66.2658729534096,65.7807321013491,2.3211703147169778
2012-06-26 08:55:00,66.16170629915241,65.87082634342892,2.314101108326724
2012-06-26 09:00:00,66.21378964076753,65.72053167063375,2.344397311866944
2012-06-26 09:05:00,66.06795631032095,65.8455340894784,2.336453626458385
2012-06-26 09:10:00,65.9637896270907,65.53299417287376,2.358552818745713
2012-06-26 09:15:00,65.7265211819074,66.05698909903897,2.3255087968559343
2012-06-26 09:20:00,65.57027118603507,65.68927154827634,2.346566306665515
2012-06-26 09:25:00,65.34110451769622,65.9392046776721,2.331231756088893
2012-06-26 09:30:00,65.03422580427296,66.02929744212646,2.326772354934517
2012-06-26 09:35:00,64.93154750997302,65.71606408459333,2.344703513523697
2012-06-26 09:40:00,64.73363083791132,66.00159008182194,2.3280863261164493
2012-06-26 09:45:00,64.6294641691676,65.43929423498255,2.3667038063120116
2012-06-26 09:50:00,64.42113083168017,66.00159008182194,2.3280863261164493
2012-06-26 09:55:00,64.11904748725313,65.53299417287376,2.358552818745713
2012-06-26 10:00:00,63.781084373007985,65.79725183790976,2.2245684653209317
2012-06-26 10:05:00,63.72900104587938,65.33632297970875,2.2496499982940628
2012-06-26 10:10:00,63.81233439825818,65.15368873571049,2.264921286220591
2012-06-26 10:15:00,63.56233439544625,65.27531472247178,2.2543803264193714
2012-06-26 10:20:00,63.665343953089376,65.15368873571049,2.264921286220591
2012-06-26 10:25:00,63.41534394665581,65.18404458026981,2.26214779775059
2012-06-26 10:30:00,63.37962979764442,65.04555819185067,2.275610385215733
2012-06-26 10:35:00,63.358796466792974,65.33632297970875,2.2496499982940628
2012-06-26 10:40:00,63.24421313262355,65.33632297970875,2.2496499982940628
2012-06-26 10:45:00,63.20254647092068,65.06282947478736,2.273815852574773
2012-06-26 10:50:00,63.040509572298696,65.30580280002172,2.251971840406842
2012-06-26 10:55:00,63.00925957239991,64.5837508128912,2.3373532685687928
2012-06-26 11:00:00,62.66666702866877,64.78193615202609,2.1328034779473306
2012-06-26 11:05:00,62.489583688816616,65.13867394617704,2.1002630366031374
2012-06-26 11:10:00,62.42592655618867,65.34192361473345,2.088682625248859
2012-06-26 11:15:00,62.69229541841427,64.53971893642283,2.1653752101832566
2012-06-26 11:20:00,62.49553586469642,65.39709238313883,2.0863042422330995
2012-06-26 11:25:00,62.59738764666966,64.45526744169287,2.179011273772714
2012-06-26 11:30:00,62.43072097812836,64.90869365670699,2.119292954574433
2012-06-26 11:35:00,62.17030430989072,65.22554797884776,2.0947514937007203
2012-06-26 11:40:00,62.28835965822855,64.96596328978877,2.113918323809877
2012-06-26 11:45:00,62.434192988675136,64.90869365670699,2.119292954574433
2012-06-26 11:50:00,62.40641500113393,64.80723349074653,2.129923542499337
2012-06-26 11:55:00,62.666831672993204,64.483394027514,2.1743310835068
2012-06-26 12:00:00,63.15757243575221,63.98619738157251,2.1043988667585425
2012-06-26 12:05:00,63.37632243730724,64.74592262451075,1.9542216362130398
2012-06-26 12:10:00,63.460812900786635,65.22790111185228,1.916703292049215
2012-06-26 12:15:00,63.4131940450958,65.32800487560215,1.913317081562181
2012-06-26 12:20:00,63.62152737533997,64.93389121225044,1.9350882554876858
2012-06-26 12:25:00,63.84374939785396,64.82045179195829,1.9458944635424489
2012-06-26 12:30:00,64.21874938939614,64.55828877687996,1.9797850778919266
2012-06-26 12:35:00,64.51041605391096,64.61188456954169,1.9717882993730873
2012-06-26 12:40:00,64.59374939180323,65.34876870011168,1.9127820218000489
2012-06-26 12:45:00,64.62499940256691,65.36695172140627,1.9123601307630222
2012-06-26 12:50:00,64.91898094298732,64.82045179195829,1.9458944635424489
2012-06-26 12:55:00,64.94444403651478,65.25806241688147,1.915539068065365
2012-06-26 13:00:00,64.94675892509606,65.3933127910939,1.8181038813790342
2012-06-26 13:05:00,64.99884226671118,65.45177440433942,1.8175861982023818
2012-06-26 13:10:00,65.00925891765037,65.58295644111155,1.8184463210754516
2012-06-26 13:15:00,65.10185179538125,65.34645173995746,1.8189330682802067
2012-06-26 13:20:00,65.13310180614492,65.60915030733973,1.8189439911192657
2012-06-26 13:25:00,65.10069466979412,65.53344486312041,1.8177992949697013
2012-06-26 13:30:00,65.00347266679428,65.66151212340476,1.8202539640205877
2012-06-26 13:35:00,65.05555600840938,65.5042975568217,1.8175993736959153
2012-06-26 13:40:00,64.79166732238171,65.6964075230555,1.8213552657876562
2012-06-26 13:45:00,64.67708397372576,65.58295644111155,1.8184463210754516
2012-06-26 13:50:00,64.53125065776568,65.71385488969081,1.8219739852256058
2012-06-26 13:55:00,64.47453755347452,65.46345375865229,1.8175501340010056
2012-06-26 14:00:00,64.59953753858315,65.40852191734615,1.981130361695379
2012-06-26 14:05:00,64.56134287656215,65.61915186142163,1.9849621486861002
2012-06-26 14:10:00,64.36342621898696,65.64855814330902,1.9860989496801107
2012-06-26 14:15:00,64.3078702257964,65.61587428537771,1.9848451700051948
2012-06-26 14:20:00,64.29745354588415,65.73583507518387,1.99036088502651
2012-06-26 14:25:00,64.42245353099278,65.46959646491673,1.9814746556668619
2012-06-26 14:30:00,64.66550887892576,65.42896450318706,1.9811771024649072
2012-06-26 14:35:00,64.54050886484409,65.67780521829819,1.9873788992605441
2012-06-26 14:40:00,64.79050885679113,64.95638248955176,1.9966560619555354
2012-06-26 14:45:00,64.88541600018276,65.28400708592464,1.9823086665805099
2012-06-26 14:50:00,64.94791599273708,65.3466719930676,1.9814048451079416
2012-06-26 14:55:00,65.04166599605507,65.31544585609541,1.981776750394075
2012-06-26 15:00:00,65.1365731249602,65.1288399359879,2.7904717028950508
2012-06-26 15:05:00,65.32060110294125,64.73742283042074,2.7796169939581
2012-06-26 15:10:00,65.38310109549558,63.94704036890054,2.7962318635215158
2012-06-26 15:15:00,65.53356421759123,64.65040293294037,2.779365145739211
2012-06-26 15:20:00,65.57523087929412,65.04281889882046,2.7865461736078423
2012-06-26 15:25:00,65.48148090494918,65.21261906768173,2.7952472000020383
2012-06-26 15:30:00,65.31249934058334,65.6030023207373,2.831655152105015
2012-06-26 15:35:00,65.49999934721933,64.41465023810947,2.781750554719087
2012-06-26 15:40:00,65.43749935466501,65.04281889882046,2.7865461736078423
2012-06-26 15:45:00,65.51967555248366,64.82193687796114,2.780538293421815
2012-06-26 15:50:00,65.61342555580164,64.76939977495628,2.7798840530271374
2012-06-26 15:55:00,65.81134221337682,64.86331039036533,2.781251856132071
2012-06-26 16:00:00,65.79282377110667,64.00902272898104,4.840874760606028
2012-06-26 16:05:00,65.80324045101892,64.0024899585727,4.8400568369772285
2012-06-26 16:10:00,65.88078688616152,61.97610292826846,4.707646154649249
2012-06-26 16:15:00,65.87037020624928,63.69413014656229,4.805866771691158
2012-06-26 16:20:00,65.98148155522335,63.56217888261164,4.793552487520043
2012-06-26 16:25:00,65.92046990813976,62.89409470932114,4.746662970364047
2012-06-26 16:30:00,65.94824790473506,63.11449921813473,4.759761105859629
2012-06-26 16:35:00,66.06283123890448,63.628819942199755,4.7996150108744144
2012-06-26 16:40:00,66.14616456231023,62.81132242001496,4.742214752806161
2012-06-26 16:45:00,66.06283123890448,63.49416051675886,4.787672552313551
2012-06-26 16:50:00,65.96213658432916,63.49416051675886,4.787672552313551
2012-06-26 16:55:00,65.93088660253854,64.2301228154854,4.871112250264675
2012-06-26 17:00:00,65.97718304140398,62.395148355665434,8.100585414760923
2012-06-26 17:05:00,65.81051636561942,62.58795165780041,8.172309701441069
2012-06-26 17:10:00,63.21213652080323,60.83692746622494,7.623996363411415
2012-06-26 17:15:00,59.28505314827885,62.05495541046438,7.981860238528644
2012-06-26 17:20:00,55.58134930955928,62.769737549226306,8.242931534675492
2012-06-26 17:25:00,51.725694177111585,60.45057422741596,7.5268743898594295
2012-06-26 17:30:00,47.74421251644471,61.65612919757388,7.854310885962065
2012-06-26 17:35:00,43.67129594385245,62.85689317094958,8.277805146594192
2012-06-26 17:40:00,40.03587929016735,61.797429480999966,7.898169474630926
2012-06-26 17:45:00,36.046295925088664,61.11619259785652,7.6983941380867265
2012-06-26 17:50:00,32.09259230447665,60.93599522259283,7.649954707733208
2012-06-26 17:55:00,27.707175624247594,62.58795165780041,8.172309701441069
2012-06-26 18:00:00,23.586805284391456,62.40215274210427,11.168184074568677
2012-06-26 18:05:00,19.44394797697487,61.11041810643624,10.501053078337842
2012-06-26 18:10:00,18.097883118097126,38.66724829487577,8.863779361696826
2012-06-26 18:15:00,18.139549837746095,37.37772538200871,13.120374569745062
2012-06-26 18:20:00,17.732142427365893,37.58683198117159,11.942168656546094
2012-06-26 18:25:00,17.461309097324154,37.330517624894554,13.454175951929974
2012-06-26 18:30:00,17.261077753979023,37.32668275227424,13.482823110989273
2012-06-26 18:35:00,17.531911084020766,37.361395013289176,13.232091223635917
2012-06-26 18:40:00,17.042327765552404,37.53953579831524,12.175633128864659
2012-06-26 18:45:00,17.00066104590343,37.297355074265816,13.71077372256159
2012-06-26 18:50:00,17.09325380774212,37.30549395109809,13.64587977397827
2012-06-26 18:55:00,17.437003723331276,37.21450815038824,14.462134149596743
2012-06-26 19:00:00,17.611772393258118,37.22440812496419,14.653339287544549
2012-06-26 19:05:00,17.72685194881897,37.155202755068665,15.332649539056748
2012-06-26 19:10:00,18.104166792726133,37.207156065644796,14.80752845949263
2012-06-26 19:15:00,18.572916867262197,37.28535629209983,14.166062339581385
2012-06-26 19:20:00,20.082176011106473,37.2316241522747,14.591249814105959
2012-06-26 19:25:00,24.446759447403235,37.14014268066134,15.507277921485652
2012-06-26 19:30:00,28.915509335145853,37.15733644620836,15.308867592147264
2012-06-26 19:35:00,32.666666361668355,37.39052845598446,13.473475884221195
2012-06-26 19:40:00,37.010416322248446,37.179551009172435,15.073597809213922
2012-06-26 19:45:00,41.1817128201865,37.18634727496493,15.005634919504617
2012-06-26 19:50:00,45.17476834429882,37.24279291456438,14.497664435646145
2012-06-26 19:55:00,49.153935116384396,37.248540935483774,14.45067542504365
2012-06-26 20:00:00,53.14351833659786,37.611399966870664,15.69415952738722
2012-06-26 20:05:00,57.21296275015647,37.48980390926786,16.47037680140902
2012-06-26 20:10:00,60.827546188882316,37.704222542925315,15.2158671215785
2012-06-26 20:15:00,64.24305564163454,37.92399423691315,14.314411761940413
2012-06-26 20:20:00,66.91898154494372,39.47076837853422,11.258152254917057
2012-06-26 20:25:00,66.87731488324086,65.5847331843011,2.5003541149810062
2012-06-26 20:30:00,66.68287023983406,66.48193209898535,2.1443011422768
2012-06-26 20:35:00,66.71296312501063,65.53231497219832,2.52394815718832
2012-06-26 20:40:00,66.47800958289514,66.21070183818736,2.2427435914599716
2012-06-26 20:45:00,66.5254631473477,65.37335532996705,2.5974668461307098
2012-06-26 20:50:00,66.49272476214023,65.22532110539616,2.668619567008367
2012-06-26 20:55:00,66.57374319696468,65.22532110539616,2.668619567008367
2012-06-26 21:00:00,66.4186503266795,66.26146412471033,1.5970417640539438
2012-06-26 21:05:00,66.58531700246405,65.44644192935958,1.7423752080185537
2012-06-26 21:10:00,66.81448364182987,65.30458018085982,1.7725077065948645
2012-06-26 21:15:00,66.83647409826843,65.67380621336149,1.6973222706392859
2012-06-26 21:20:00,66.71378897276803,66.42500110288745,1.5727256338170277
2012-06-26 21:25:00,66.67212228209212,65.81611323414792,1.671013975358407
2012-06-26 21:30:00,66.61656692630861,65.87654875217397,1.6602545442894827
2012-06-26 21:35:00,66.67906691886292,66.085505444787,1.6248435620080792
2012-06-26 21:40:00,66.80869668113411,65.46730472580073,1.738078454311838
2012-06-26 21:45:00,66.66286336517403,66.04106264358025,1.6321501590663192
2012-06-26 21:50:00,66.54976840544839,65.57987825758327,1.7154690683807392
2012-06-26 21:55:00,66.60416660667173,66.07564484458315,1.6264546083366758
2012-06-26 22:00:00,66.65972257088926,65.31735467292381,1.6533831948433522
2012-06-26 22:05:00,66.73263921438274,65.8424677559267,1.5907906551307776
2012-06-26 22:10:00,66.65972257088924,65.9619276886538,1.57802783920509
2012-06-26 22:15:00,66.79513923591011,65.47772146365907,1.633057602169875
2012-06-26 22:20:00,66.74305589429501,65.60032336407936,1.6182642246684926
2012-06-26 22:25:00,66.76388925411949,65.35414992224463,1.6486176934378907
2012-06-26 22:30:00,66.86805593734972,65.35414992224463,1.6486176934378907
2012-06-26 22:35:00,66.59722260730798,66.00149925131679,1.573908429524583
2012-06-26 22:40:00,66.49421307863791,65.71743477051653,1.604698529369128
2012-06-26 22:45:00,66.36921306455623,65.14614202451777,1.6763987901493003
2012-06-26 22:50:00,66.49421304966486,64.85084638796917,1.7196488796228602
2012-06-26 22:55:00,66.27546306123823,65.9619276886538,1.57802783920509
2012-06-26 23:00:00,66.33333330560303,65.05197247697963,1.7747738335365273
2012-06-26 23:05:00,66.26041666210953,65.60674245873426,1.7140627890681912
2012-06-26 23:10:00,66.07523154405482,65.18952651271728,1.7588209981176746
2012-06-26 23:15:00,65.87731488647964,65.49429197548614,1.7256168928949744
2012-06-26 23:20:00,65.83912023894516,64.91760365120919,1.790982906591026
2012-06-26 23:25:00,65.45370355843666,64.95672094545411,1.7861983047037349
2012-06-26 23:30:00,65.29745356256434,65.26635309799822,1.7501798372837065
2012-06-26 23:35:00,65.29976845114564,64.48215700874728,1.8482089207491958
2012-06-26 23:40:00,64.99768511577265,64.83911321621984,1.8007512638536258
2012-06-26 23:45:00,65.22106488136184,64.20102183346866,1.8894987010449606
2012-06-26 23:50:00,65.25231489212551,64.87839761251853,1.7958343492998274
2012-06-26 23:55:00,65.16898156871976,64.64150982972508,1.8263829080872742
2012-06-27 00:00:00,65.17939821965895,64.43839682703562,2.0947293727786476
2012-06-27 00:05:00,64.63773155233223,64.51789275716588,2.0844046678069694
2012-06-27 00:10:00,64.48958333330434,63.63370472564344,2.210763343996966
2012-06-27 00:15:00,64.35416666828347,63.91267504926935,2.167987536074302
2012-06-27 00:20:00,63.95486131723492,63.92632354229636,2.1659681146355254
2012-06-27 00:25:00,64.37152797953406,62.58546988084158,2.402995547519853
2012-06-27 00:30:00,64.25694464536464,63.830634503260974,2.180264792690198
2012-06-27 00:35:00,64.25694464536464,63.63370472564344,2.210763343996966
2012-06-27 00:40:00,64.31944464697304,62.79295956663367,2.3602460471246838
2012-06-27 00:45:00,63.99537054913369,64.2155077489857,2.1246958485472174
2012-06-27 00:50:00,63.28703721326565,64.15709614322087,2.132807302389653
2012-06-27 00:55:00,63.26620388241421,63.45878817003683,2.239148760541518
2012-06-27 01:00:00,62.62384288645895,63.04340870601255,2.8461227131962143
2012-06-27 01:05:00,62.90162087500127,61.25106393941305,3.1677495916796157
2012-06-27 01:10:00,62.99537087831927,61.812269085565156,3.0520984703162752
2012-06-27 01:15:00,62.88078753690656,62.095148751032674,2.9999046979290775
2012-06-27 01:20:00,62.547454207067254,61.216346207924495,3.175544457027625
2012-06-27 01:25:00,62.49537086545214,62.83480279733373,2.8776037260708187
2012-06-27 01:30:00,62.359954193188,62.095148751032674,2.9999046979290775
2012-06-27 01:35:00,61.67013929959014,62.31521574104096,2.9615644318558423
2012-06-27 01:40:00,61.784722633759564,61.812269085565156,3.0520984703162752
2012-06-27 01:45:00,61.719907749002324,61.718170996767554,3.070275798406955
2012-06-27 01:50:00,62.14699108940291,60.40392011536877,3.388411975106063
2012-06-27 01:55:00,62.0266208524838,62.095148751032674,2.9999046979290775
2012-06-27 02:00:00,61.637731869887226,59.90540881013547,4.108204325257663
2012-06-27 02:05:00,61.53703721531192,61.07649835244383,3.83344511825214
2012-06-27 02:10:00,60.96412052997823,61.02199293645671,3.844702624987549
2012-06-27 02:15:00,60.89120386475492,60.63437529844534,3.9280258078265358
2012-06-27 02:20:00,61.00347231034308,59.27689691659088,4.311595816883572
2012-06-27 02:25:00,59.680555612951956,61.51645491056913,3.745779049370917
2012-06-27 02:30:00,59.78819460732433,60.57074936616835,3.942345707779102
2012-06-27 02:35:00,60.256944613049406,59.19750282672399,4.342761052509091
2012-06-27 02:40:00,59.36111125605887,61.08741495143273,3.8312023435870857
2012-06-27 02:45:00,59.305555596058355,60.44797501816695,3.970594342564508
2012-06-27 02:50:00,59.25347226168649,60.7303836675498,3.906793691943774
2012-06-27 02:55:00,58.613425821122455,60.61666966243941,3.9319901030518363
2012-06-27 03:00:00,58.738425806231085,58.56632502163627,5.19868491969245
2012-06-27 03:05:00,58.467592476189346,60.176849408017965,4.612194810498872
2012-06-27 03:10:00,58.63194427787914,58.966077883139455,4.990801591585037
2012-06-27 03:15:00,58.53819427456114,59.87321171389544,4.6890939732648125
2012-06-27 03:20:00,57.621527601205685,59.149956157382,4.915796078256932
2012-06-27 03:25:00,58.57986097791277,57.82367218339066,5.916157166114144
2012-06-27 03:30:00,58.2430553224448,60.299310861588566,4.582868783954178
2012-06-27 03:35:00,57.75347198586828,59.95493356362015,4.667708068443785
2012-06-27 03:40:00,58.55555533954083,58.33933819850241,5.357308851217664
2012-06-27 03:45:00,58.48495355565556,59.75967278567026,4.719832986382643
2012-06-27 03:50:00,58.109953549626844,60.009878051661694,4.653637278757081
2012-06-27 03:55:00,58.11111102289053,58.54515190936556,5.2119770297437364
2012-06-27 04:00:00,58.65277769746054,59.07329293663165,5.376421878376866
2012-06-27 04:05:00,58.6354166849945,59.700770028797365,5.026033715998479
2012-06-27 04:10:00,58.33118408003613,59.575720673615116,5.084557737189189
2012-06-27 04:15:00,58.65410075169299,59.84666441269915,4.963032518688507
2012-06-27 04:20:00,59.691137966184556,57.62074579610272,7.448495109968364
2012-06-27 04:25:00,59.784887964070094,60.044823574685275,4.885087197108919
2012-06-27 04:30:00,59.792328518015324,59.65266696104348,5.0480151618191345
2012-06-27 04:35:00,60.38607851971392,59.02863611152005,5.407964748708742
2012-06-27 04:40:00,60.0319118517799,60.37524343277366,4.770312640823332
2012-06-27 04:45:00,60.21362495566621,59.797769707114156,4.983564529841764
2012-06-27 04:50:00,60.74487496481049,59.32329350079639,5.218213159601137
2012-06-27 04:55:00,61.57820796708362,58.78968499863373,5.597138615241178
2012-06-27 05:00:00,61.70320796667877,61.299785692199386,4.350182382837023
2012-06-27 05:05:00,61.678902302955414,60.610013890577825,4.6960483449797055
2012-06-27 05:10:00,62.17757955856383,59.76672520217924,5.332474429370089
2012-06-27 05:15:00,62.323412903496944,61.611389904303046,4.227200138730394
2012-06-27 05:20:00,62.50859802155165,60.610013890577825,4.6960483449797055
2012-06-27 05:25:00,62.56068135592351,61.247908401468514,4.372367045615662
2012-06-27 05:30:00,62.640046458255966,60.6198384374452,4.690225196947101
2012-06-27 05:35:00,62.95254645000059,61.37763665037278,4.3178576748075095
2012-06-27 05:40:00,63.43402800611103,60.47252995150794,4.780805780608989
2012-06-27 05:45:00,63.36689823639416,61.20757576753997,4.389985005557022
2012-06-27 05:50:00,63.33680566992112,61.559426670458016,4.246572213910889
2012-06-27 05:55:00,63.47569495754439,61.69223609616856,4.197882746153975
2012-06-27 06:00:00,63.40277828507783,63.06026672101558,3.759435872149195
2012-06-27 06:05:00,63.95486161058704,61.89595594296798,4.31594076001221
2012-06-27 06:10:00,64.36689851564259,62.40148328904863,4.042450543531751
2012-06-27 06:15:00,64.16088005224992,63.43873570628593,3.62601614548193
2012-06-27 06:20:00,64.35763928002099,62.47742647161251,4.00599204794671
2012-06-27 06:25:00,64.53472260674472,62.81177507454371,3.8578354122484235
2012-06-27 06:30:00,64.92708361799622,62.19725150411106,4.146198189570181
2012-06-27 06:35:00,64.82291696373902,63.62417443991546,3.567062888586552
2012-06-27 06:40:00,64.85069496033431,63.121005000148955,3.736750670994999
2012-06-27 06:45:00,65.43402831109371,62.44582569502278,4.0210290018618045
2012-06-27 06:50:00,65.73032443044593,62.92578002383221,3.811540856631096
2012-06-27 06:55:00,65.71527800234418,63.50378290056287,3.6048864058639296
2012-06-27 07:00:00,66.12615777456935,63.95917128627312,3.7538087847317443
2012-06-27 07:05:00,66.37615777375966,64.52462561544304,3.5747612591985245
2012-06-27 07:10:00,66.48032442801684,64.64045936841383,3.5412038059268713
2012-06-27 07:15:00,66.83217620736959,63.99625916337774,3.7411922392383907
2012-06-27 07:20:00,67.07324790109142,64.11029949916991,3.703226681593673
2012-06-27 07:25:00,67.29084079290398,64.40763094141585,3.6096450986031345
2012-06-27 07:30:00,67.45750743971547,64.37820511720766,3.6185832259348376
2012-06-27 07:35:00,67.56167409397266,64.49548398786172,3.5833547376389068
2012-06-27 07:40:00,67.72949786637128,64.31585555271805,3.6377465792782453
2012-06-27 07:45:00,67.64616451399247,65.14643507241078,3.40483685390786
2012-06-27 07:50:00,67.59060918718201,64.85596402779883,3.481184717518319
2012-06-27 07:55:00,67.65310917973632,64.61161271543321,3.5494724095811283
2012-06-27 08:00:00,67.62764610069537,65.59465313579358,3.5757347391215095
2012-06-27 08:05:00,67.46097945388387,65.70043677585419,3.5566166851384966
2012-06-27 08:10:00,67.26884969905835,65.40048460553331,3.6115918846108195
2012-06-27 08:15:00,67.30009968084899,65.46106933475605,3.6002890350554435
2012-06-27 08:20:00,67.37152797887178,65.25219512841038,3.6397538754964747
2012-06-27 08:25:00,67.29745354341105,65.48790257820532,3.595317202089347
2012-06-27 08:30:00,67.32175888843088,65.30908283877473,3.6288631820340296
2012-06-27 08:35:00,67.29050890664026,65.2478084930658,3.6405987006002527
2012-06-27 08:40:00,67.3634255791068,65.2478084930658,3.6405987006002527
2012-06-27 08:45:00,67.34259224825537,65.40048460553331,3.6115918846108195
2012-06-27 08:50:00,67.4027773522284,65.16227016136294,3.6572100499383478
2012-06-27 08:55:00,67.27199046437009,65.2478084930658,3.6405987006002527
2012-06-27 09:00:00,67.04282376705818,65.68888087569843,3.493306606164841
2012-06-27 09:05:00,66.84837910916487,65.37426754638024,3.523927684491186
2012-06-27 09:10:00,66.82324722103448,64.9764070595008,3.569097651254193
2012-06-27 09:15:00,66.40310824940401,65.72005031241589,3.490463625839446
2012-06-27 09:20:00,66.0906082576594,65.62637552313026,3.4991009405013056
2012-06-27 09:25:00,65.95171957847013,65.43056413413477,3.51816374288197
2012-06-27 09:30:00,65.6253309071314,65.542698956026,3.5070693544062492
2012-06-27 09:35:00,65.41699756964397,65.31075801694485,3.530598917095457
2012-06-27 09:40:00,65.0315809054328,65.62637552313026,3.4991009405013056
2012-06-27 09:45:00,64.65658090664736,65.5007233836864,3.511164158725825
2012-06-27 09:50:00,64.34408090041622,65.5007233836864,3.511164158725825
2012-06-27 09:55:00,64.32903447231446,65.00502286972225,3.5655545372262445
2012-06-27 10:00:00,64.10218269980014,64.96981302558268,3.3441543841080175
2012-06-27 10:05:00,63.93204401709045,64.7552286516047,3.3616008960384156
2012-06-27 10:10:00,63.49156761005318,64.87797845943453,3.3511414808805173
2012-06-27 10:15:00,63.57837327357411,64.40995683975534,3.3987495730840567
2012-06-27 10:20:00,63.35962326885015,64.64756510981749,3.371903132411445
2012-06-27 10:25:00,63.07258605736194,64.98408074507596,3.343130476595158
2012-06-27 10:30:00,62.94527117823958,64.51808067635457,3.3857970851002785
2012-06-27 10:35:00,62.75777117431982,64.64756510981749,3.371903132411445
2012-06-27 10:40:00,62.66402117643426,64.4207783455794,3.397394605039343
2012-06-27 10:45:00,62.74735451432654,64.32332745550111,3.4100720373928635
2012-06-27 10:50:00,62.842261657718176,64.51808067635457,3.3857970851002785
2012-06-27 10:55:00,62.77976165067733,64.93769424349111,3.3465189759529754
2012-06-27 11:00:00,63.10036342650965,64.26811931272364,3.111830841442788
2012-06-27 11:05:00,63.19411342258439,64.22857172525781,3.116804514197426
2012-06-27 11:10:00,63.560184811684366,63.507462513862755,3.249803494263057
2012-06-27 11:15:00,63.34374969463627,64.67966871003193,3.07201447101156
2012-06-27 11:20:00,63.62499969191455,63.969001385100796,3.1550159371266404
2012-06-27 11:25:00,63.761573795793616,64.09533385516896,3.13517625143953
2012-06-27 11:30:00,63.86210283137305,64.12417031687998,3.130983489244997
2012-06-27 11:35:00,63.99751949367771,64.06648392823392,3.1394948001215295
2012-06-27 11:40:00,64.23594571090925,64.13137646438116,3.129954830152281
2012-06-27 11:45:00,64.36689789000583,64.58336725319654,3.079490487967407
2012-06-27 11:50:00,64.50115742943959,64.81129080394213,3.0634563252030937
2012-06-27 11:55:00,64.58796278150027,64.74375173197753,3.06761500060677
2012-06-27 12:00:00,64.53587943988515,65.31865769229366,2.757844646624155
2012-06-27 12:05:00,64.7233794320346,64.59528336077034,2.7769125482612496
2012-06-27 12:10:00,64.76736098231878,64.72237782199834,2.768916073959413
2012-06-27 12:15:00,64.98379609936686,64.08868489559526,2.8320206326177764
2012-06-27 12:20:00,65.03935145515037,64.91199578740901,2.7608767774927774
2012-06-27 12:25:00,65.27893478891495,64.59528336077034,2.7769125482612496
2012-06-27 12:30:00,65.42030398111383,64.5132904319662,2.7832427101456165
2012-06-27 12:35:00,65.44113731196528,64.56342377156531,2.779261074551146
2012-06-27 12:40:00,65.42261823228806,64.93998443254905,2.760066213018144
2012-06-27 12:45:00,65.43749936915152,65.05564728799682,2.7576966667819947
2012-06-27 12:50:00,65.3363087974018,65.28757810099772,2.7574464700268364
2012-06-27 12:55:00,65.29001299594341,65.07951931211223,2.75739870795737
2012-06-27 13:00:00,64.95667967606359,65.32429529692749,2.554698281470022
2012-06-27 13:05:00,64.94626302512438,65.32429529692749,2.554698281470022
2012-06-27 13:10:00,64.97404102171967,65.02676221675468,2.549326345198921
2012-06-27 13:15:00,65.06316126236163,64.92730269769794,2.550519281473243
2012-06-27 13:20:00,64.79927257633395,65.24375464214945,2.5519588797908783
2012-06-27 13:25:00,64.74718923471882,65.4741854770009,2.562219829570647
2012-06-27 13:30:00,64.80820085282937,65.11192337731994,2.549517726666838
2012-06-27 13:35:00,64.75611752570077,64.80280132425717,2.554215996114643
2012-06-27 13:40:00,64.72371038934999,65.05406853213009,2.549267370559916
2012-06-27 13:45:00,64.54084017436308,65.2639309367071,2.552557912042778
2012-06-27 13:50:00,64.60036405543688,65.1511649369673,2.549974704064874
2012-06-27 13:55:00,64.507771177706,65.10852714215834,2.549489130268559
2012-06-27 14:00:00,61.93369700838346,64.29315467714495,2.753580002297776
2012-06-27 14:05:00,58.975363737748815,65.35472916590483,2.7399658713055817
2012-06-27 14:10:00,58.73991361932206,65.16049102789694,2.7273719682491637
2012-06-27 14:15:00,58.59871003706499,65.24608553833968,2.732040844539872
2012-06-27 14:20:00,58.8799600397757,64.44153077643783,2.740126121233528
2012-06-27 14:25:00,58.93204338139083,65.38587710462075,2.7426535271211723
2012-06-27 14:30:00,58.85019843242885,65.35026494073797,2.7395952915363897
2012-06-27 14:35:00,59.06084664401104,64.6572728699504,2.726913629117876
2012-06-27 14:40:00,59.08167997486249,65.00008229867485,2.7222905157563293
2012-06-27 14:45:00,59.29464307502596,64.74295468342974,2.7238332726110204
2012-06-27 14:50:00,59.155754410323205,65.38587710462075,2.7426535271211723
2012-06-27 14:55:00,59.10367106870809,64.86538268761653,2.721637970284954
2012-06-27 15:00:00,61.906911903653274,41.147222058122765,10.789376220530071
2012-06-27 15:05:00,64.79232850182137,40.977169736825616,11.018214044775243
2012-06-27 15:10:00,65.00000062365284,63.19886786443421,3.8744721274899567
2012-06-27 15:15:00,65.13541730316024,63.87532407878161,3.8400462215939632
2012-06-27 15:20:00,65.08101907296383,64.67797975517753,3.8569821994472786
2012-06-27 15:25:00,64.94560240794296,64.92554709034684,3.8816639912785043
2012-06-27 15:30:00,65.08935227202836,64.3212859891945,3.8390698153931386
2012-06-27 15:35:00,65.22453752931564,64.64470771540077,3.8544771317795665
2012-06-27 15:40:00,65.51203725748648,64.2742765815663,3.838067478314441
2012-06-27 15:45:00,65.75277770235168,64.7576254469924,3.8637356430749707
2012-06-27 15:50:00,65.86041638526378,64.11321466946579,3.8367325451323526
2012-06-27 15:55:00,66.0791663736904,63.713797982237416,3.8453470435189883
2012-06-27 16:00:00,66.26666638032638,62.16083033735567,6.6465378035407126
2012-06-27 16:05:00,66.30833304202928,62.32057833259871,6.661597153621835
2012-06-27 16:10:00,66.32685148429943,62.17889438445067,6.6481917879263
2012-06-27 16:15:00,66.40671279353678,62.548694698978075,6.685016589755968
2012-06-27 16:20:00,66.2736110170972,62.45737272399342,6.675345125608815
2012-06-27 16:25:00,66.45069434382093,62.32057833259871,6.661597153621835
2012-06-27 16:30:00,66.29652779982327,63.2098236023892,6.770398249702301
2012-06-27 16:35:00,66.12430565799569,63.58474944828018,6.834915577635943
2012-06-27 16:40:00,65.88888927143995,63.92504067005971,6.906807038802484
2012-06-27 16:45:00,65.72222262462846,64.23750796571977,6.985430068945551
2012-06-27 16:50:00,65.83680595879788,62.69355604161365,6.70126641340234
2012-06-27 16:55:00,65.67939885182498,62.90082369245314,6.726710717908254
2012-06-27 17:00:00,62.08564891778886,61.799625469625106,11.03999592424195
2012-06-27 17:05:00,58.127315679366035,60.78685503521579,10.676791823854545
2012-06-27 17:10:00,55.08564905635259,60.387169322372756,10.540714370530173
2012-06-27 17:15:00,51.77662108849273,61.38067948859342,10.88733531235509
2012-06-27 17:20:00,48.65162105515438,59.098577498237965,10.132536682698445
2012-06-27 17:25:00,44.776621140137316,61.873401799585146,11.06694161209015
2012-06-27 17:30:00,40.575232336483666,60.17400802845347,10.470083903327476
2012-06-27 17:35:00,36.849537751595065,60.65746716167828,10.632221454317873
2012-06-27 17:40:00,32.484954199406104,60.69016547172803,10.643437008079923
2012-06-27 17:45:00,28.35995422725264,61.799625469625106,11.03999592424195
2012-06-27 17:50:00,24.378472595558815,61.799625469625106,11.03999592424195
2012-06-27 17:55:00,20.608796387953436,59.58692500032111,10.282154023579762
2012-06-27 18:00:00,19.94212956892304,37.60301620983752,14.151409162658801
2012-06-27 18:05:00,20.01504615447045,37.34554177272248,15.745134765812276
2012-06-27 18:10:00,19.369212811156732,37.93789886617014,12.780621602006198
2012-06-27 18:15:00,18.590939030194843,37.78442098254806,13.345055978484298
2012-06-27 18:20:00,17.768022418103477,37.74782871840085,13.493881312128167
2012-06-27 18:25:00,17.24718900195229,37.44229842511347,15.05732822594888
2012-06-27 18:30:00,17.458994498473356,37.24791720370854,16.636218295816274
2012-06-27 18:35:00,16.95320759734307,37.44229842511347,15.05732822594888
2012-06-27 18:40:00,17.25529125685202,37.221112266927044,16.94007232444423
2012-06-27 18:45:00,17.036541036641015,37.32988624423467,15.871465483011043
2012-06-27 18:50:00,16.647652503126682,37.3873956582609,15.42999625654131
2012-06-27 18:55:00,16.51223572221362,37.37496726374062,15.520430236580815
2012-06-27 19:00:00,16.428902282915683,37.23794213099242,17.15563956561271
2012-06-27 19:05:00,16.11640246500935,37.3200210373162,16.48568337850789
2012-06-27 19:10:00,15.866402378899904,37.38677667806552,16.038975419354788
2012-06-27 19:15:00,16.300926244272645,37.2731358081713,16.84737919996761
2012-06-27 19:20:00,17.761574408346767,37.246754225565745,17.074861201463158
2012-06-27 19:25:00,20.719907794873617,37.20631225459769,17.470534759227395
2012-06-27 19:30:00,25.0636577554537,37.26230475572796,16.93836036498979
2012-06-27 19:35:00,29.498842801797448,37.20982772833795,17.43332513737549
2012-06-27 19:40:00,33.74884270111344,37.25595166167618,16.99323520182418
2012-06-27 19:45:00,38.103009544417105,37.21624039097621,17.367026923106447
2012-06-27 19:50:00,42.47337970962526,37.20982772833795,17.43332513737549
2012-06-27 19:55:00,46.74421314260403,37.272176220824775,16.855334503568375
2012-06-27 20:00:00,51.025463342414184,37.50253837506617,18.217422153289128
2012-06-27 20:05:00,55.20949114808832,37.50953455488919,18.173407110161595
2012-06-27 20:10:00,59.21990787299149,37.59489147185262,17.692085630140806
2012-06-27 20:15:00,62.891204198710646,37.819849689091505,16.726492750254028
2012-06-27 20:20:00,65.59722269746591,39.061999930255766,13.96219227115023
2012-06-27 20:25:00,66.91319467116709,47.69532233789845,9.967010096348842
2012-06-27 20:30:00,66.7152780135919,66.38934765241142,2.1008178270108915
2012-06-27 20:35:00,66.7615744234843,65.94228690294052,2.2411551441087387
2012-06-27 20:40:00,66.50115774438176,65.8838738485233,2.260960134570987
2012-06-27 20:45:00,66.40740774106376,65.68823951382355,2.3298051811562894
2012-06-27 20:50:00,66.28703750414466,65.63820155349812,2.3480375725245075
2012-06-27 20:55:00,66.06828751571803,66.21055768278752,2.154584198492119
2012-06-27 21:00:00,66.16203749006297,65.62596261373808,1.763675258455385
2012-06-27 21:05:00,66.28009283840082,65.32570712457871,1.816343667313314
2012-06-27 21:10:00,66.32622395705492,65.50464426279943,1.7841709953526668
2012-06-27 21:15:00,66.45701087388628,65.72335948356856,1.7479577566181164
2012-06-27 21:20:00,66.50099242417043,65.62596261373808,1.763675258455385
2012-06-27 21:25:00,66.59127041332003,65.43635515105724,1.7961702845469905
2012-06-27 21:30:00,66.61210374417148,65.7453209669592,1.7445009098402966
2012-06-27 21:35:00,66.43849246058916,66.26674060927513,1.6711971791835543
2012-06-27 21:40:00,66.8134924448881,65.04100574375295,1.872602503186416
2012-06-27 21:45:00,66.82390912480034,65.54530880472144,1.7771855572871604
2012-06-27 21:50:00,66.90724244820608,65.39966682676975,1.802758103746351
2012-06-27 21:55:00,66.98247400925392,65.50464426279943,1.7841709953526668
2012-06-27 22:00:00,66.92344603086802,65.5594808552106,1.7310888658572188
2012-06-27 22:05:00,67.11094600853096,65.37969079391921,1.7489343004409188
2012-06-27 22:10:00,67.26273157642508,65.28596827153714,1.7587695057682906
2012-06-27 22:15:00,67.13194465959371,65.77098119310462,1.7116831167517998
2012-06-27 22:20:00,67.30671306876313,65.38775132762994,1.7481057726765863
2012-06-27 22:25:00,67.39004639216888,65.37969079391921,1.7489343004409188
2012-06-27 22:30:00,67.28009283516201,65.41590795850175,1.745233884492648
2012-06-27 22:35:00,67.1203708106348,65.23352537439756,1.764440154163262
2012-06-27 22:40:00,66.89814880803978,66.011886291801,1.6914654414384953
2012-06-27 22:45:00,67.12847257299269,65.19665601202021,1.7685016394777504
2012-06-27 22:50:00,67.03009282148518,65.32309817404773,1.754827498060088
2012-06-27 22:55:00,66.75694458837565,65.38775132762994,1.7481057726765863
2012-06-27 23:00:00,66.7326392433558,64.78734174049234,1.9202583574594232
2012-06-27 23:05:00,66.4456023596252,65.41935111551443,1.8635781665506805
2012-06-27 23:10:00,66.28935233477985,65.22020374081046,1.8802671926302015
2012-06-27 23:15:00,66.36210371600812,64.75636307680878,1.923334715685668
2012-06-27 23:20:00,65.88177963316134,65.38643358995178,1.8662681257235791
2012-06-27 23:25:00,65.87136298222215,65.0852900044416,1.8921604259826792
2012-06-27 23:30:00,65.64798321663297,64.4741930566917,1.9528317556456039
2012-06-27 23:35:00,65.70353855792997,64.12155731012233,1.9938660950645402
2012-06-27 23:40:00,65.2903439079884,64.69417642776753,1.9296036430332937
2012-06-27 23:45:00,65.13293681550202,65.39009491401517,1.865967617270739
2012-06-27 23:50:00,65.24752014967146,64.42262146602168,1.9585278568631574
2012-06-27 23:55:00,65.38177970359173,63.8765607100338,2.0255351864796007
